filename	decision	color_mad	color_p95_diff	width	height
000000.png	keep	1.3230	3.3333	512	256
000001.png	keep	4.8844	11.6667	512	256
000002.png	reject	16.5297	31.3333	512	256
000003.png	keep	5.8549	14.3333	512	256
000004.png	keep	5.1416	10.0000	512	256
000005.png	keep	3.1993	6.3333	512	256
000006.png	keep	4.4287	11.6667	512	256
000007.png	keep	4.7446	10.0000	512	256
000008.png	keep	6.8654	18.6667	512	256
000009.png	keep	6.7380	12.3333	512	256
000010.png	keep	5.2635	12.3333	512	256
000011.png	keep	9.1125	18.0000	512	256
000012.png	keep	5.3468	14.0000	512	256
000013.png	reject	12.0266	26.3333	512	256
000014.png	reject	10.1062	28.6667	512	256
000015.png	reject	9.6383	23.3333	512	256
000016.png	keep	1.9257	3.6667	512	256
000017.png	keep	5.2005	15.0000	512	256
000018.png	reject	11.4209	30.0000	512	256
000019.png	keep	7.2608	15.3333	512	256
000020.png	keep	7.0965	16.6667	512	256
000021.png	keep	9.0914	19.6667	512	256
000022.png	reject	12.3433	22.3333	512	256
000023.png	reject	10.7697	23.3333	512	256
000024.png	keep	9.0872	15.0000	512	256
000025.png	reject	11.7387	30.3333	512	256
000026.png	keep	4.6856	11.3333	512	256
000027.png	keep	2.6410	6.0000	512	256
000028.png	keep	5.9363	11.6667	512	256
000029.png	reject	22.3885	38.6667	512	256
000030.png	reject	20.2113	36.0000	512	256
000031.png	keep	2.6257	7.6667	512	256
000032.png	keep	4.5499	7.6667	512	256
000033.png	keep	3.5969	7.6667	512	256
000034.png	keep	8.0158	15.0000	512	256
000035.png	keep	4.4135	14.3333	512	256
000036.png	keep	5.4424	13.6667	512	256
000037.png	reject	8.4572	24.3333	512	256
000038.png	keep	8.2593	16.3333	512	256
000039.png	keep	5.5674	11.6667	512	256
000040.png	keep	3.4045	6.3333	512	256
000041.png	keep	6.7918	14.6667	512	256
000042.png	keep	7.9252	16.6667	512	256
000043.png	keep	3.1417	6.6667	512	256
000044.png	keep	2.6837	8.6667	512	256
000045.png	reject	11.9996	23.6667	512	256
000046.png	reject	10.6272	33.0000	512	256
000047.png	keep	3.8649	10.0000	512	256
000048.png	keep	5.0295	10.3333	512	256
000049.png	keep	7.9713	15.0000	512	256
000050.png	keep	5.6864	14.3333	512	256
000051.png	keep	3.7691	10.6667	512	256
000052.png	keep	6.1858	16.6667	512	256
000053.png	reject	10.1941	25.6667	512	256
000054.png	keep	7.8033	15.6667	512	256
000055.png	keep	4.4883	12.0000	512	256
000056.png	reject	19.5019	31.6667	512	256
000057.png	keep	5.4384	9.3333	512	256
000058.png	reject	21.8467	37.3333	512	256
000059.png	reject	13.4316	18.3333	512	256
000060.png	reject	7.6966	26.6667	512	256
000061.png	reject	14.2655	30.6667	512	256
000062.png	reject	13.7784	24.6667	512	256
000063.png	keep	3.4992	10.0000	512	256
000064.png	keep	1.4597	4.0000	512	256
000065.png	keep	4.5764	9.3333	512	256
000066.png	keep	7.3905	18.6667	512	256
000067.png	keep	7.0456	14.0000	512	256
000068.png	reject	8.4804	23.0000	512	256
000069.png	keep	6.4389	14.6667	512	256
000070.png	keep	7.2730	14.0000	512	256
000071.png	reject	10.9334	21.6667	512	256
000072.png	keep	4.9782	10.0000	512	256
000073.png	keep	7.5887	17.0000	512	256
000074.png	reject	12.2014	23.6667	512	256
000075.png	reject	8.8757	26.6667	512	256
000076.png	keep	3.6365	12.3333	512	256
000077.png	keep	5.5560	14.0000	512	256
000078.png	reject	10.0395	27.6667	512	256
000079.png	keep	4.4881	11.6667	512	256
000080.png	keep	1.8624	3.6667	512	256
000081.png	keep	4.7478	9.3333	512	256
000082.png	keep	8.6407	19.0000	512	256
000083.png	keep	5.6079	12.3333	512	256
000084.png	keep	5.3874	18.0000	512	256
000085.png	keep	6.9928	15.6667	512	256
000086.png	keep	4.2340	8.0000	512	256
000087.png	keep	7.3704	17.3333	512	256
000088.png	reject	22.2997	30.3333	512	256
000089.png	keep	4.8637	8.6667	512	256
000090.png	keep	6.4892	13.0000	512	256
000091.png	reject	7.8764	24.3333	512	256
000092.png	keep	4.6390	9.6667	512	256
000093.png	reject	15.4739	26.0000	512	256
000094.png	keep	7.1679	19.7500	512	256
000095.png	keep	4.0896	12.3333	512	256
000096.png	keep	1.4442	3.6667	512	256
000097.png	keep	6.6540	16.3333	512	256
000098.png	keep	5.7019	13.3333	512	256
000099.png	keep	4.6377	8.6667	512	256
000100.png	keep	6.3826	15.6667	512	256
000101.png	keep	3.8416	9.0000	512	256
000102.png	keep	5.8620	14.0000	512	256
000103.png	keep	3.8990	10.0000	512	256
000104.png	reject	16.4680	29.0000	512	256
000105.png	keep	9.9736	19.0000	512	256
000106.png	reject	16.3268	34.6667	512	256
000107.png	keep	2.3498	5.6667	512	256
000108.png	keep	6.6665	16.6667	512	256
000109.png	reject	14.9318	27.6667	512	256
000110.png	keep	5.8948	16.3333	512	256
000111.png	keep	2.0444	6.0000	512	256
000112.png	keep	1.2206	2.6667	512	256
000113.png	keep	5.5401	16.3333	512	256
000114.png	keep	8.9506	19.3333	512	256
000115.png	keep	5.1339	11.6667	512	256
000116.png	keep	5.7850	14.3333	512	256
000117.png	keep	5.5945	17.0000	512	256
000118.png	reject	22.9870	39.0000	512	256
000119.png	keep	4.9959	13.6667	512	256
000120.png	keep	7.8191	13.6667	512	256
000121.png	reject	10.3603	22.0000	512	256
000122.png	reject	12.6764	27.0000	512	256
000123.png	reject	8.9462	26.3333	512	256
000124.png	keep	2.9243	7.0000	512	256
000125.png	keep	6.4120	16.3333	512	256
000126.png	reject	15.5855	55.3333	512	256
000127.png	keep	7.7481	17.0000	512	256
000128.png	keep	4.3183	6.3333	512	256
000129.png	keep	5.6848	12.6667	512	256
000130.png	keep	3.8464	8.3333	512	256
000131.png	keep	3.2287	5.6667	512	256
000132.png	keep	9.0552	19.6667	512	256
000133.png	reject	18.2376	33.6667	512	256
000134.png	keep	5.3899	11.6667	512	256
000135.png	keep	4.3307	10.0000	512	256
000136.png	reject	10.0851	31.3333	512	256
000137.png	reject	26.1370	47.3333	512	256
000138.png	keep	9.2638	20.6667	512	256
000139.png	keep	2.8934	8.3333	512	256
000140.png	keep	2.9845	6.3333	512	256
000141.png	keep	4.6251	10.6667	512	256
000142.png	reject	17.7840	47.3333	512	256
000143.png	keep	6.8916	16.0000	512	256
000144.png	keep	1.5783	3.3333	512	256
000145.png	keep	7.6818	16.6667	512	256
000146.png	keep	5.6619	10.3333	512	256
000147.png	keep	5.4478	12.3333	512	256
000148.png	keep	6.1567	12.0000	512	256
000149.png	reject	12.0569	42.0000	512	256
000150.png	keep	4.1675	11.6667	512	256
000151.png	keep	5.2870	12.0000	512	256
000152.png	reject	8.4198	26.6667	512	256
000153.png	keep	8.6891	18.0000	512	256
000154.png	reject	12.8454	23.0000	512	256
000155.png	keep	1.2958	3.0000	512	256
000156.png	keep	3.6207	8.0000	512	256
000157.png	keep	6.7771	15.3333	512	256
000158.png	reject	12.3353	26.0000	512	256
000159.png	keep	4.7303	9.3333	512	256
000160.png	keep	2.1947	6.6667	512	256
000161.png	keep	1.2144	2.6667	512	256
000162.png	keep	3.4426	8.6667	512	256
000163.png	keep	5.7234	13.6667	512	256
000164.png	keep	7.0477	12.3333	512	256
000165.png	reject	19.2297	48.3333	512	256
000166.png	keep	5.4500	11.3333	512	256
000167.png	keep	4.4494	9.6667	512	256
000168.png	reject	10.6160	30.0000	512	256
000169.png	reject	11.9297	22.6667	512	256
000170.png	keep	7.4015	18.6667	512	256
000171.png	keep	2.1086	4.3333	512	256
000172.png	keep	5.3950	9.0000	512	256
000173.png	keep	7.9915	14.3333	512	256
000174.png	reject	13.5805	36.3333	512	256
000175.png	keep	3.8970	8.3333	512	256
000176.png	keep	0.9122	1.6667	512	256
000177.png	keep	1.6550	5.0000	512	256
000178.png	keep	4.6233	8.3333	512	256
000179.png	keep	6.9657	11.3333	512	256
000180.png	keep	8.6945	16.0000	512	256
000181.png	keep	6.2256	15.0000	512	256
000182.png	keep	4.7094	10.3333	512	256
000183.png	keep	5.9750	14.0000	512	256
000184.png	reject	6.3687	23.6667	512	256
000185.png	keep	7.9192	19.0000	512	256
000186.png	reject	16.3765	41.0000	512	256
000187.png	keep	1.2345	3.0000	512	256
000188.png	keep	1.3532	2.6667	512	256
000189.png	keep	7.2314	12.3333	512	256
000190.png	keep	7.5538	14.3333	512	256
000191.png	keep	2.3458	5.3333	512	256
000192.png	keep	1.7728	4.0000	512	256
000193.png	keep	1.5904	3.3333	512	256
000194.png	reject	22.8034	37.0000	512	256
000195.png	keep	5.9119	12.3333	512	256
000196.png	keep	6.1890	13.3333	512	256
000197.png	keep	4.9413	10.3333	512	256
000198.png	reject	14.7747	29.6667	512	256
000199.png	keep	4.8058	12.3333	512	256
000200.png	reject	20.1997	53.6667	512	256
000201.png	reject	9.5199	25.6667	512	256
000202.png	reject	13.3673	29.0000	512	256
000203.png	keep	4.9940	9.6667	512	256
000204.png	keep	2.3788	5.3333	512	256
000205.png	reject	14.8782	26.0000	512	256
000206.png	keep	9.6905	16.6667	512	256
000207.png	keep	2.2629	6.3333	512	256
000208.png	keep	1.1236	2.6667	512	256
000209.png	keep	0.9473	2.0000	512	256
000210.png	reject	12.3885	31.0000	512	256
000211.png	keep	6.7445	15.6667	512	256
000212.png	keep	6.6087	18.3333	512	256
000213.png	keep	5.8447	13.0000	512	256
000214.png	keep	3.8477	7.3333	512	256
000215.png	keep	2.9684	7.6667	512	256
000216.png	reject	10.1111	22.6667	512	256
000217.png	reject	20.0136	44.0000	512	256
000218.png	reject	10.7312	24.3333	512	256
000219.png	keep	1.2563	2.6667	512	256
000220.png	keep	8.3665	21.6667	512	256
000221.png	keep	8.8640	15.3333	512	256
000222.png	keep	5.7282	15.0000	512	256
000223.png	keep	2.9536	7.3333	512	256
000224.png	keep	1.6853	4.3333	512	256
000225.png	keep	0.8551	2.0000	512	256
000226.png	reject	6.4945	26.3333	512	256
000227.png	keep	8.8117	16.6667	512	256
000228.png	keep	4.3770	9.6667	512	256
000229.png	reject	13.6951	29.6667	512	256
000230.png	keep	3.0434	7.0000	512	256
000231.png	keep	3.9317	10.3333	512	256
000232.png	keep	4.9997	15.3333	512	256
000233.png	reject	16.8672	41.0000	512	256
000234.png	reject	15.1919	36.3333	512	256
000235.png	keep	1.4952	3.6667	512	256
000236.png	keep	3.8718	9.6667	512	256
000237.png	keep	9.0378	19.6667	512	256
000238.png	keep	7.3605	17.3333	512	256
000239.png	keep	3.6030	9.0000	512	256
000240.png	keep	1.4475	3.0000	512	256
000241.png	keep	1.3875	3.3333	512	256
000242.png	keep	8.3752	21.0000	512	256
000243.png	keep	4.9744	9.6667	512	256
000244.png	keep	2.5261	6.0000	512	256
000245.png	reject	16.4291	38.0000	512	256
000246.png	keep	3.7049	8.3333	512	256
000247.png	keep	5.0352	11.3333	512	256
000248.png	reject	13.0271	27.3333	512	256
000249.png	reject	14.0634	26.0000	512	256
000250.png	reject	13.9380	38.3333	512	256
000251.png	keep	1.3784	3.3333	512	256
000252.png	keep	1.7832	3.3333	512	256
000253.png	reject	13.9254	35.4167	512	256
000254.png	keep	2.4819	6.6667	512	256
000255.png	keep	8.1348	14.0000	512	256
000256.png	keep	1.7294	2.3333	512	256
000257.png	keep	1.0884	2.3333	512	256
000258.png	keep	7.1070	16.0000	512	256
000259.png	keep	6.2761	14.3333	512	256
000260.png	reject	13.9434	27.3333	512	256
000261.png	keep	4.3062	19.3333	512	256
000262.png	keep	4.0917	11.3333	512	256
000263.png	reject	10.5948	17.3333	512	256
000264.png	keep	3.1455	7.0000	512	256
000265.png	reject	13.7767	23.6667	512	256
000266.png	reject	12.9766	30.0000	512	256
000267.png	keep	1.3239	3.0000	512	256
000268.png	keep	1.8963	4.3333	512	256
000269.png	reject	20.8712	43.0000	512	256
000270.png	reject	15.8376	55.3333	512	256
000271.png	keep	1.5113	4.0000	512	256
000272.png	keep	1.7748	3.3333	512	256
000273.png	keep	1.2192	2.6667	512	256
000274.png	keep	5.5210	12.0000	512	256
000275.png	keep	5.6922	13.3333	512	256
000276.png	keep	6.9059	18.3333	512	256
000277.png	keep	8.7763	14.6667	512	256
000278.png	keep	3.8483	7.3333	512	256
000279.png	keep	9.4204	16.6667	512	256
000280.png	keep	8.7985	13.3333	512	256
000281.png	reject	15.1186	37.3333	512	256
000282.png	reject	9.1533	23.3333	512	256
000283.png	keep	2.2271	6.3333	512	256
000284.png	keep	3.3156	6.3333	512	256
000285.png	reject	24.2207	42.3333	512	256
000286.png	reject	15.3950	26.6667	512	256
000287.png	keep	3.3120	9.3333	512	256
000288.png	keep	1.7212	4.3333	512	256
000289.png	keep	0.9617	2.3333	512	256
000290.png	keep	7.7403	16.3333	512	256
000291.png	keep	3.9701	9.0000	512	256
000292.png	keep	5.3495	12.0000	512	256
000293.png	keep	3.5369	8.3333	512	256
000294.png	keep	5.1952	12.0000	512	256
000295.png	reject	9.7973	23.0000	512	256
000296.png	keep	3.7626	7.6667	512	256
000297.png	keep	9.9322	22.0000	512	256
000298.png	reject	10.9794	29.3333	512	256
000299.png	keep	1.9079	5.0000	512	256
000300.png	keep	2.6817	7.6667	512	256
000301.png	reject	11.0334	33.0000	512	256
000302.png	reject	10.4088	28.3333	512	256
000303.png	keep	1.9606	5.3333	512	256
000304.png	keep	1.0795	2.3333	512	256
000305.png	keep	1.7166	4.6667	512	256
000306.png	keep	5.4744	15.0000	512	256
000307.png	keep	9.7749	18.0000	512	256
000308.png	keep	5.3683	10.6667	512	256
000309.png	keep	1.7738	4.6667	512	256
000310.png	keep	3.3541	8.0000	512	256
000311.png	keep	6.3722	14.0000	512	256
000312.png	keep	3.9824	7.0000	512	256
000313.png	keep	9.2064	15.3333	512	256
000314.png	keep	6.6907	14.6667	512	256
000315.png	reject	19.5979	42.3333	512	256
000316.png	keep	2.6347	5.6667	512	256
000317.png	keep	8.5519	18.6667	512	256
000318.png	keep	4.5046	11.6667	512	256
000319.png	keep	2.2517	4.6667	512	256
000320.png	keep	1.3586	3.0000	512	256
000321.png	keep	1.7746	4.6667	512	256
000322.png	reject	13.5387	27.3333	512	256
000323.png	keep	7.4023	12.0000	512	256
000324.png	keep	5.3478	10.6667	512	256
000325.png	reject	10.0209	27.3333	512	256
000326.png	keep	2.9429	6.6667	512	256
000327.png	keep	6.3839	16.6667	512	256
000328.png	keep	3.3477	6.6667	512	256
000329.png	reject	14.3472	27.3333	512	256
000330.png	keep	9.6138	21.0000	512	256
000331.png	keep	2.2132	4.0000	512	256
000332.png	keep	1.9712	4.6667	512	256
000333.png	keep	5.3193	15.3333	512	256
000334.png	keep	6.9992	15.0000	512	256
000335.png	keep	6.1112	13.0000	512	256
000336.png	keep	0.7868	1.6667	512	256
000337.png	keep	2.3620	6.0000	512	256
000338.png	keep	3.8165	9.3333	512	256
000339.png	keep	6.2800	16.0000	512	256
000340.png	keep	2.2790	5.0000	512	256
000341.png	keep	5.4091	11.0000	512	256
000342.png	keep	3.0512	8.3333	512	256
000343.png	keep	4.0747	8.0000	512	256
000344.png	keep	5.6240	16.6667	512	256
000345.png	reject	18.0599	44.3333	512	256
000346.png	reject	28.7762	52.6667	512	256
000347.png	keep	1.7377	4.0000	512	256
000348.png	keep	6.3707	10.3333	512	256
000349.png	reject	10.8684	19.3333	512	256
000350.png	keep	4.2271	13.6667	512	256
000351.png	keep	3.6645	7.3333	512	256
000352.png	keep	1.5706	3.6667	512	256
000353.png	keep	8.2076	13.0000	512	256
000354.png	keep	6.9083	12.6667	512	256
000355.png	keep	5.9453	16.3333	512	256
000356.png	keep	2.6912	6.0000	512	256
000357.png	keep	8.2119	20.3333	512	256
000358.png	keep	2.0486	5.6667	512	256
000359.png	keep	5.0575	10.0000	512	256
000360.png	keep	4.4935	9.6667	512	256
000361.png	reject	11.8391	26.0000	512	256
000362.png	reject	13.3570	28.6667	512	256
000363.png	keep	1.7525	3.6667	512	256
000364.png	keep	5.5427	12.0000	512	256
000365.png	keep	7.3856	13.3333	512	256
000366.png	reject	13.1329	28.0000	512	256
000367.png	keep	5.5425	12.0000	512	256
000368.png	keep	0.7441	1.3333	512	256
000369.png	keep	3.9908	11.3333	512	256
000370.png	keep	5.0225	11.3333	512	256
000371.png	keep	4.0147	8.0000	512	256
000372.png	keep	5.3285	11.3333	512	256
000373.png	keep	8.1505	20.3333	512	256
000374.png	keep	2.5362	5.6667	512	256
000375.png	keep	4.5427	8.3333	512	256
000376.png	keep	6.3502	10.3333	512	256
000377.png	reject	13.2600	33.6667	512	256
000378.png	reject	21.0862	48.0000	512	256
000379.png	keep	1.9148	4.0000	512	256
000380.png	keep	4.4270	14.3333	512	256
000381.png	keep	7.0830	14.6667	512	256
000382.png	keep	6.1184	14.3333	512	256
000383.png	reject	12.3499	20.6667	512	256
000384.png	keep	1.6999	3.0000	512	256
000385.png	keep	1.1362	2.6667	512	256
000386.png	keep	7.1694	12.6667	512	256
000387.png	keep	7.1596	15.0000	512	256
000388.png	keep	2.0070	4.3333	512	256
000389.png	reject	12.7040	40.3333	512	256
000390.png	keep	3.5188	6.6667	512	256
000391.png	keep	3.3960	7.0000	512	256
000392.png	keep	5.2023	10.3333	512	256
000393.png	reject	9.7684	26.0000	512	256
000394.png	reject	17.6788	57.0000	512	256
000395.png	keep	2.3226	5.0000	512	256
000396.png	keep	6.4603	17.3333	512	256
000397.png	keep	8.2808	20.6667	512	256
000398.png	keep	7.2258	15.3333	512	256
000399.png	keep	1.7901	3.0000	512	256
000400.png	keep	0.9314	2.0000	512	256
000401.png	keep	3.3235	5.3333	512	256
000402.png	keep	5.1377	10.3333	512	256
000403.png	keep	8.8239	18.3333	512	256
000404.png	keep	5.2384	15.6667	512	256
000405.png	keep	5.1926	12.0000	512	256
000406.png	keep	2.0410	4.6667	512	256
000407.png	keep	3.9368	10.0000	512	256
000408.png	keep	4.4094	7.6667	512	256
000409.png	reject	10.5544	34.6667	512	256
000410.png	reject	25.7101	46.3333	512	256
000411.png	keep	0.8869	2.3333	512	256
000412.png	reject	12.5417	23.3333	512	256
000413.png	keep	7.5854	16.6667	512	256
000414.png	keep	7.2803	19.6667	512	256
000415.png	keep	2.5292	5.3333	512	256
000416.png	keep	1.8705	5.3333	512	256
000417.png	keep	1.8404	4.0000	512	256
000418.png	keep	7.7602	16.3333	512	256
000419.png	keep	9.5281	19.3333	512	256
000420.png	keep	2.1838	6.3333	512	256
000421.png	keep	3.9160	8.3333	512	256
000422.png	keep	2.1316	4.6667	512	256
000423.png	keep	5.1394	10.6667	512	256
000424.png	keep	3.1824	8.3333	512	256
000425.png	keep	7.2782	15.6667	512	256
000426.png	reject	22.0170	42.3333	512	256
000427.png	keep	2.7734	6.6667	512	256
000428.png	keep	2.8265	6.0000	512	256
000429.png	reject	13.1554	25.3333	512	256
000430.png	reject	14.0315	38.6667	512	256
000431.png	keep	2.2734	6.6667	512	256
000432.png	keep	4.7372	7.3333	512	256
000433.png	keep	1.2107	2.6667	512	256
000434.png	reject	11.4442	27.3333	512	256
000435.png	keep	4.3552	9.6667	512	256
000436.png	keep	3.2417	7.3333	512	256
000437.png	keep	5.9888	12.3333	512	256
000438.png	keep	7.0845	11.6667	512	256
000439.png	keep	6.0116	11.0000	512	256
000440.png	keep	8.1761	16.0000	512	256
000441.png	keep	3.1751	8.0000	512	256
000442.png	keep	9.9870	16.0000	512	256
000443.png	keep	3.1990	10.6667	512	256
000444.png	keep	2.5541	8.6667	512	256
000445.png	reject	12.6923	21.6667	512	256
000446.png	reject	13.5640	26.0000	512	256
000447.png	keep	4.6312	11.3333	512	256
000448.png	keep	5.4159	11.0000	512	256
000449.png	keep	0.9420	2.0000	512	256
000450.png	keep	7.0414	14.3333	512	256
000451.png	keep	6.2557	14.0000	512	256
000452.png	keep	2.0968	5.3333	512	256
000453.png	reject	10.1257	26.6667	512	256
000454.png	keep	9.3314	15.0000	512	256
000455.png	keep	5.0366	10.6667	512	256
000456.png	keep	3.7964	9.0000	512	256
000457.png	reject	21.1322	41.3333	512	256
000458.png	reject	12.6706	39.6667	512	256
000459.png	keep	2.6880	7.0000	512	256
000460.png	keep	4.1902	11.0000	512	256
000461.png	reject	16.9959	38.0000	512	256
000462.png	reject	12.4210	23.6667	512	256
000463.png	keep	2.9807	9.0000	512	256
000464.png	keep	2.6381	8.0000	512	256
000465.png	keep	0.8205	1.6667	512	256
000466.png	keep	7.3394	15.3333	512	256
000467.png	keep	5.8301	15.6667	512	256
000468.png	keep	1.7751	4.0000	512	256
000469.png	keep	5.8919	15.3333	512	256
000470.png	keep	2.9554	10.3333	512	256
000471.png	reject	14.2576	24.6667	512	256
000472.png	keep	3.1215	7.3333	512	256
000473.png	reject	15.9381	34.3333	512	256
000474.png	reject	14.2120	41.6667	512	256
000475.png	keep	1.3099	3.3333	512	256
000476.png	reject	10.5866	22.0000	512	256
000477.png	reject	10.6064	24.3333	512	256
000478.png	keep	6.4342	18.6667	512	256
000479.png	keep	5.0614	16.6667	512	256
000480.png	keep	1.7361	3.6667	512	256
000481.png	keep	0.9760	2.3333	512	256
000482.png	keep	6.0975	13.6667	512	256
000483.png	keep	5.2741	9.0000	512	256
000484.png	keep	2.8046	6.6667	512	256
000485.png	reject	15.4184	31.0000	512	256
000486.png	keep	3.7084	7.3333	512	256
000487.png	keep	2.4053	5.0000	512	256
000488.png	keep	3.0505	6.6667	512	256
000489.png	keep	8.6000	20.0000	512	256
000490.png	reject	17.0900	35.0000	512	256
000491.png	keep	1.5573	3.6667	512	256
000492.png	reject	8.0134	23.3333	512	256
000493.png	reject	12.3439	23.6667	512	256
000494.png	keep	2.6133	6.3333	512	256
000495.png	keep	2.3366	5.6667	512	256
000496.png	keep	1.0865	2.3333	512	256
000497.png	keep	1.3581	3.6667	512	256
000498.png	keep	6.1527	12.6667	512	256
000499.png	keep	4.1245	10.0000	512	256
000500.png	reject	10.8791	32.0000	512	256
000501.png	keep	9.3336	14.0000	512	256
000502.png	keep	4.7566	10.6667	512	256
000503.png	reject	10.8914	20.0000	512	256
000504.png	reject	9.2262	29.0000	512	256
000505.png	reject	9.3873	23.0000	512	256
000506.png	reject	10.2338	28.3333	512	256
000507.png	keep	1.5992	4.0000	512	256
000508.png	keep	2.2042	5.3333	512	256
000509.png	keep	5.6521	13.6667	512	256
000510.png	keep	3.3161	10.0000	512	256
000511.png	keep	1.5714	4.0000	512	256
000512.png	keep	1.3478	3.3333	512	256
000513.png	keep	2.2923	5.3333	512	256
000514.png	keep	4.0356	9.0000	512	256
000515.png	keep	4.1061	8.6667	512	256
000516.png	keep	2.9153	6.0000	512	256
000517.png	keep	5.5069	12.3333	512	256
000518.png	keep	7.3396	13.6667	512	256
000519.png	keep	3.2791	7.6667	512	256
000520.png	keep	3.0762	5.6667	512	256
000521.png	reject	22.6406	48.6667	512	256
000522.png	reject	11.0061	29.3333	512	256
000523.png	keep	1.5772	4.0000	512	256
000524.png	keep	1.7899	4.0000	512	256
000525.png	keep	8.3082	17.6667	512	256
000526.png	keep	4.0389	9.0000	512	256
000527.png	keep	6.6810	17.6667	512	256
000528.png	keep	1.2544	3.0000	512	256
000529.png	keep	0.8787	2.0000	512	256
000530.png	keep	4.1771	9.3333	512	256
000531.png	keep	7.5081	15.6667	512	256
000532.png	keep	1.9153	4.6667	512	256
000533.png	keep	4.9415	9.6667	512	256
000534.png	keep	3.2019	8.0000	512	256
000535.png	keep	2.2491	5.0000	512	256
000536.png	keep	6.4041	22.0000	512	256
000537.png	keep	9.2508	16.3333	512	256
000538.png	reject	10.3184	23.0000	512	256
000539.png	keep	2.0903	5.0000	512	256
000540.png	keep	1.9787	5.3333	512	256
000541.png	reject	16.0916	25.0000	512	256
000542.png	keep	8.4202	20.0000	512	256
000543.png	keep	1.7356	3.3333	512	256
000544.png	keep	0.8264	2.3333	512	256
000545.png	keep	1.9825	4.0000	512	256
000546.png	keep	3.8279	9.6667	512	256
000547.png	keep	9.5529	21.3333	512	256
000548.png	keep	1.4860	3.3333	512	256
000549.png	keep	5.8135	12.3333	512	256
000550.png	keep	5.3483	10.6667	512	256
000551.png	keep	5.2296	11.6667	512	256
000552.png	reject	11.8655	21.6667	512	256
000553.png	reject	15.8654	43.3333	512	256
000554.png	reject	24.5580	53.0000	512	256
000555.png	keep	2.2956	6.0000	512	256
000556.png	keep	2.8252	6.6667	512	256
000557.png	reject	14.2177	28.6667	512	256
000558.png	keep	3.6620	8.0000	512	256
000559.png	keep	1.4455	3.0000	512	256
000560.png	keep	1.1698	2.3333	512	256
000561.png	keep	1.0765	2.6667	512	256
000562.png	keep	9.3347	18.0000	512	256
000563.png	keep	7.2171	15.0000	512	256
000564.png	keep	1.3241	3.3333	512	256
000565.png	keep	5.5376	13.3333	512	256
000566.png	keep	4.4136	9.3333	512	256
000567.png	keep	6.6497	11.3333	512	256
000568.png	keep	3.6250	6.6667	512	256
000569.png	keep	5.2758	12.3333	512	256
000570.png	reject	12.9590	48.0000	512	256
000571.png	keep	1.8538	4.0000	512	256
000572.png	keep	5.5027	18.6667	512	256
000573.png	keep	8.3764	15.6667	512	256
000574.png	keep	3.0616	7.3333	512	256
000575.png	keep	1.2540	2.6667	512	256
000576.png	keep	1.1062	2.0000	512	256
000577.png	keep	0.9866	2.3333	512	256
000578.png	keep	3.4665	8.0000	512	256
000579.png	keep	4.0423	8.3333	512	256
000580.png	keep	5.1730	11.6667	512	256
000581.png	keep	4.5291	9.6667	512	256
000582.png	keep	3.5471	7.0000	512	256
000583.png	keep	6.9743	12.0000	512	256
000584.png	keep	6.5555	13.0000	512	256
000585.png	keep	3.4123	9.3333	512	256
000586.png	reject	8.0686	23.3333	512	256
000587.png	keep	1.6213	3.6667	512	256
000588.png	reject	10.6128	15.3333	512	256
000589.png	reject	21.9324	67.6667	512	256
000590.png	keep	5.1058	11.6667	512	256
000591.png	keep	5.5584	10.0000	512	256
000592.png	keep	1.5256	3.3333	512	256
000593.png	keep	1.6380	3.0000	512	256
000594.png	keep	5.6273	11.6667	512	256
000595.png	keep	5.1444	11.0000	512	256
000596.png	reject	11.6245	19.6667	512	256
000597.png	keep	7.2930	14.6667	512	256
000598.png	reject	11.8424	22.0000	512	256
000599.png	keep	3.9656	7.6667	512	256
000600.png	keep	5.1158	11.3333	512	256
000601.png	keep	4.7194	10.0000	512	256
000602.png	reject	12.2526	33.6667	512	256
000603.png	keep	1.9236	5.3333	512	256
000604.png	keep	1.1447	3.0000	512	256
000605.png	keep	5.8705	13.0000	512	256
000606.png	keep	4.7585	9.6667	512	256
000607.png	keep	2.4246	5.3333	512	256
000608.png	keep	1.5893	3.3333	512	256
000609.png	keep	1.2255	3.0000	512	256
000610.png	keep	4.6767	9.6667	512	256
000611.png	keep	5.7333	12.3333	512	256
000612.png	keep	5.9105	17.3333	512	256
000613.png	keep	3.2881	8.3333	512	256
000614.png	keep	7.7283	13.6667	512	256
000615.png	keep	8.7833	17.6667	512	256
000616.png	keep	2.8643	7.0000	512	256
000617.png	keep	4.6659	12.0000	512	256
000618.png	reject	16.7152	33.0000	512	256
000619.png	keep	1.6750	4.6667	512	256
000620.png	keep	1.3894	3.0000	512	256
000621.png	keep	4.5582	11.0000	512	256
000622.png	reject	13.9965	27.3333	512	256
000623.png	keep	1.9395	5.0000	512	256
000624.png	keep	1.5158	4.0000	512	256
000625.png	keep	1.4645	3.3333	512	256
000626.png	keep	3.6038	7.3333	512	256
000627.png	keep	4.3212	9.0000	512	256
000628.png	keep	1.3341	4.0000	512	256
000629.png	keep	3.5472	7.6667	512	256
000630.png	keep	5.7701	11.0000	512	256
000631.png	keep	4.7529	8.6667	512	256
000632.png	keep	2.5106	5.6667	512	256
000633.png	keep	4.5181	8.3333	512	256
000634.png	reject	18.2611	38.3333	512	256
000635.png	keep	1.6691	5.6667	512	256
000636.png	keep	1.6247	3.6667	512	256
000637.png	keep	5.2650	13.0000	512	256
000638.png	keep	8.9431	21.6667	512	256
000639.png	keep	0.9874	2.0000	512	256
000640.png	keep	2.5525	4.6667	512	256
000641.png	keep	0.9772	2.0000	512	256
000642.png	keep	6.5973	17.6667	512	256
000643.png	keep	5.2121	11.3333	512	256
000644.png	keep	1.1349	2.3333	512	256
000645.png	keep	4.3211	8.3333	512	256
000646.png	keep	4.9790	11.6667	512	256
000647.png	keep	4.9112	9.6667	512	256
000648.png	keep	7.3226	15.3333	512	256
000649.png	keep	1.6160	3.6667	512	256
000650.png	reject	22.8403	56.3333	512	256
000651.png	keep	3.0991	5.6667	512	256
000652.png	keep	1.7880	4.0000	512	256
000653.png	keep	7.6289	17.6667	512	256
000654.png	reject	9.0845	26.3333	512	256
000655.png	keep	1.3399	2.6667	512	256
000656.png	keep	1.0858	2.3333	512	256
000657.png	keep	1.4795	3.0000	512	256
000658.png	keep	5.1381	11.3333	512	256
000659.png	keep	5.8882	14.0000	512	256
000660.png	keep	3.0131	6.0000	512	256
000661.png	keep	7.0895	15.6667	512	256
000662.png	reject	11.1307	32.0000	512	256
000663.png	keep	6.1704	17.3333	512	256
000664.png	keep	5.7230	12.6667	512	256
000665.png	keep	5.5882	10.6667	512	256
000666.png	reject	14.0229	39.6667	512	256
000667.png	keep	1.9341	3.3333	512	256
000668.png	keep	3.3779	12.3333	512	256
000669.png	keep	8.2366	18.3333	512	256
000670.png	keep	2.8182	7.3333	512	256
000671.png	keep	4.1155	10.6667	512	256
000672.png	keep	3.7922	7.0000	512	256
000673.png	keep	5.7803	16.3333	512	256
000674.png	keep	8.0670	13.0000	512	256
000675.png	keep	5.8283	10.6667	512	256
000676.png	reject	13.0813	16.6667	512	256
000677.png	keep	6.1426	12.0000	512	256
000678.png	keep	5.5020	13.6667	512	256
000679.png	reject	10.0024	17.0000	512	256
000680.png	keep	5.5872	9.6667	512	256
000681.png	keep	6.6390	11.6667	512	256
000682.png	reject	23.5731	46.6667	512	256
000683.png	keep	2.5862	5.0000	512	256
000684.png	keep	2.0609	5.6667	512	256
000685.png	keep	6.1128	12.6667	512	256
000686.png	keep	3.7358	11.6667	512	256
000687.png	keep	3.1887	8.3333	512	256
000688.png	keep	1.0338	2.6667	512	256
000689.png	keep	2.8071	10.3333	512	256
000690.png	reject	10.1132	18.6667	512	256
000691.png	keep	4.3044	10.0000	512	256
000692.png	reject	7.5404	23.6667	512	256
000693.png	keep	9.5070	19.6667	512	256
000694.png	reject	16.8945	33.6667	512	256
000695.png	keep	4.5565	12.3333	512	256
000696.png	reject	28.6348	61.0000	512	256
000697.png	keep	2.7672	7.6667	512	256
000698.png	keep	6.8824	16.6667	512	256
000699.png	keep	2.0165	4.0000	512	256
000700.png	keep	3.0829	5.3333	512	256
000701.png	keep	4.7662	10.6667	512	256
000702.png	reject	15.4423	41.3333	512	256
000703.png	keep	5.6933	8.0000	512	256
000704.png	keep	1.0263	2.3333	512	256
000705.png	keep	1.7109	4.3333	512	256
000706.png	keep	3.3451	8.6667	512	256
000707.png	reject	8.9680	24.0000	512	256
000708.png	keep	1.7978	4.0000	512	256
000709.png	keep	7.7912	13.3333	512	256
000710.png	keep	5.3937	14.3333	512	256
000711.png	keep	3.3722	8.3333	512	256
000712.png	keep	5.1972	16.3333	512	256
000713.png	keep	6.1537	12.0000	512	256
000714.png	reject	15.0848	35.3333	512	256
000715.png	keep	1.7172	3.6667	512	256
000716.png	keep	2.2274	5.0000	512	256
000717.png	keep	6.6118	16.3333	512	256
000718.png	keep	5.9529	15.0000	512	256
000719.png	keep	1.5915	3.3333	512	256
000720.png	keep	0.8613	2.0000	512	256
000721.png	keep	1.4383	2.6667	512	256
000722.png	keep	5.6726	11.0000	512	256
000723.png	keep	4.5645	10.3333	512	256
000724.png	keep	0.7991	1.6667	512	256
000725.png	keep	2.6890	5.3333	512	256
000726.png	keep	5.3624	12.6667	512	256
000727.png	keep	4.2195	9.6667	512	256
000728.png	keep	9.2955	16.6667	512	256
000729.png	keep	2.7637	6.3333	512	256
000730.png	keep	5.6270	10.6667	512	256
000731.png	keep	1.7998	3.6667	512	256
000732.png	keep	2.4613	4.6667	512	256
000733.png	reject	15.5816	32.0000	512	256
000734.png	reject	11.6475	26.6667	512	256
000735.png	keep	4.7469	7.6667	512	256
000736.png	keep	1.0823	2.6667	512	256
000737.png	keep	1.0123	2.0000	512	256
000738.png	keep	5.9148	15.0000	512	256
000739.png	keep	7.4620	18.3333	512	256
000740.png	keep	2.7732	5.3333	512	256
000741.png	reject	11.3913	20.6667	512	256
000742.png	keep	6.7996	12.6667	512	256
000743.png	keep	5.9685	14.3333	512	256
000744.png	keep	5.3881	13.6667	512	256
000745.png	keep	4.0798	9.0000	512	256
000746.png	reject	12.7632	20.6667	512	256
000747.png	keep	1.8125	4.3333	512	256
000748.png	keep	2.0029	5.0000	512	256
000749.png	keep	6.3599	13.0000	512	256
000750.png	reject	10.3836	29.3333	512	256
000751.png	keep	2.6356	7.6667	512	256
000752.png	keep	1.0292	2.0000	512	256
000753.png	keep	2.4653	6.3333	512	256
000754.png	keep	4.0622	8.3333	512	256
000755.png	keep	6.4510	13.0000	512	256
000756.png	keep	2.0903	4.3333	512	256
000757.png	keep	5.9743	12.0000	512	256
000758.png	reject	17.5173	29.6667	512	256
000759.png	keep	3.6580	6.6667	512	256
000760.png	keep	7.3680	13.6667	512	256
000761.png	keep	3.6109	6.6667	512	256
000762.png	reject	14.4247	35.3333	512	256
000763.png	keep	3.6503	8.6667	512	256
000764.png	keep	2.1675	6.0000	512	256
000765.png	reject	13.4677	43.6667	512	256
000766.png	keep	4.4781	14.3333	512	256
000767.png	keep	4.9056	8.6667	512	256
000768.png	keep	1.9215	4.0000	512	256
000769.png	keep	1.2841	3.3333	512	256
000770.png	keep	4.0141	9.0000	512	256
000771.png	keep	4.2448	9.0000	512	256
000772.png	keep	8.6796	19.3333	512	256
000773.png	keep	3.0992	5.6667	512	256
000774.png	reject	5.4339	22.6667	512	256
000775.png	keep	2.9139	6.3333	512	256
000776.png	keep	4.6143	10.3333	512	256
000777.png	keep	6.8638	12.0000	512	256
000778.png	reject	9.9389	29.3333	512	256
000779.png	keep	1.9588	4.6667	512	256
000780.png	keep	6.8840	15.0000	512	256
000781.png	keep	6.7893	16.3333	512	256
000782.png	keep	3.0961	9.6667	512	256
000783.png	keep	2.6892	6.3333	512	256
000784.png	keep	1.1060	2.3333	512	256
000785.png	keep	3.2769	6.0000	512	256
000786.png	keep	4.6386	10.0000	512	256
000787.png	keep	4.1391	8.3333	512	256
000788.png	keep	2.3280	4.6667	512	256
000789.png	keep	4.0494	7.6667	512	256
000790.png	reject	11.3157	19.6667	512	256
000791.png	keep	3.2239	7.6667	512	256
000792.png	keep	5.5750	12.6667	512	256
000793.png	keep	6.3300	11.6667	512	256
000794.png	reject	11.1783	26.0000	512	256
000795.png	keep	2.3395	5.3333	512	256
000796.png	keep	1.8816	4.3333	512	256
000797.png	keep	7.7820	18.0000	512	256
000798.png	keep	3.3330	7.3333	512	256
000799.png	keep	2.3692	5.0000	512	256
000800.png	keep	2.2952	4.0000	512	256
000801.png	keep	1.4101	3.3333	512	256
000802.png	keep	5.0719	13.0000	512	256
000803.png	reject	11.3321	30.0000	512	256
000804.png	keep	1.0107	2.3333	512	256
000805.png	keep	5.1213	9.6667	512	256
000806.png	keep	5.3745	10.3333	512	256
000807.png	keep	7.6021	21.0000	512	256
000808.png	keep	9.5967	15.0000	512	256
000809.png	keep	3.5222	7.3333	512	256
000810.png	keep	7.8225	19.3333	512	256
000811.png	keep	2.5810	6.0000	512	256
000812.png	keep	2.2144	4.6667	512	256
000813.png	reject	19.2133	36.0000	512	256
000814.png	keep	3.9379	9.6667	512	256
000815.png	keep	4.2289	14.6667	512	256
000816.png	keep	1.6539	2.6667	512	256
000817.png	keep	1.2510	2.6667	512	256
000818.png	keep	3.6941	8.3333	512	256
000819.png	keep	8.4320	17.3333	512	256
000820.png	keep	1.8889	5.0000	512	256
000821.png	keep	3.3347	7.3333	512	256
000822.png	keep	5.6841	10.0000	512	256
000823.png	keep	3.3375	7.3333	512	256
000824.png	keep	2.7004	6.6667	512	256
000825.png	keep	2.9067	6.3333	512	256
000826.png	keep	5.7987	12.6667	512	256
000827.png	keep	2.2788	4.6667	512	256
000828.png	keep	3.4311	5.6667	512	256
000829.png	reject	10.4494	25.3333	512	256
000830.png	keep	5.5394	17.0000	512	256
000831.png	keep	3.3172	9.0000	512	256
000832.png	keep	2.1702	4.0000	512	256
000833.png	keep	1.6261	4.0000	512	256
000834.png	keep	4.0068	8.0000	512	256
000835.png	keep	6.8808	13.0000	512	256
000836.png	keep	3.9020	18.0000	512	256
000837.png	keep	3.0512	6.3333	512	256
000838.png	reject	7.6109	23.3333	512	256
000839.png	keep	6.4849	10.3333	512	256
000840.png	reject	11.4653	16.6667	512	256
000841.png	keep	5.2910	13.6667	512	256
000842.png	reject	10.9036	23.3333	512	256
000843.png	keep	2.4864	5.3333	512	256
000844.png	keep	5.4133	12.3333	512	256
000845.png	reject	10.2874	29.6667	512	256
000846.png	reject	13.3920	22.6667	512	256
000847.png	keep	3.7208	11.6667	512	256
000848.png	keep	1.3266	3.0000	512	256
000849.png	keep	2.1572	5.0000	512	256
000850.png	keep	7.7613	13.3333	512	256
000851.png	keep	6.4532	13.0000	512	256
000852.png	keep	9.0681	15.3333	512	256
000853.png	reject	12.9199	25.3333	512	256
000854.png	keep	6.5730	17.0000	512	256
000855.png	keep	6.5714	13.3333	512	256
000856.png	keep	9.3030	14.3333	512	256
000857.png	keep	6.5497	14.3333	512	256
000858.png	reject	9.7346	24.0000	512	256
000859.png	keep	2.6272	9.6667	512	256
000860.png	keep	3.0206	7.3333	512	256
000861.png	reject	14.7198	29.0000	512	256
000862.png	keep	5.4522	15.0000	512	256
000863.png	keep	3.7859	8.6667	512	256
000864.png	keep	1.6771	4.3333	512	256
000865.png	keep	2.0685	4.3333	512	256
000866.png	keep	4.1711	9.6667	512	256
000867.png	keep	9.5557	19.0000	512	256
000868.png	keep	3.2837	7.3333	512	256
000869.png	reject	25.6063	51.3333	512	256
000870.png	keep	7.2238	19.3333	512	256
000871.png	keep	3.2145	7.3333	512	256
000872.png	keep	8.5046	15.6667	512	256
000873.png	reject	16.5471	34.6667	512	256
000874.png	keep	6.7890	21.0000	512	256
000875.png	keep	6.6719	12.3333	512	256
000876.png	keep	3.0102	5.3333	512	256
000877.png	reject	25.0480	47.6667	512	256
000878.png	keep	6.3111	16.0000	512	256
000879.png	keep	6.5130	11.0000	512	256
000880.png	keep	2.4087	5.6667	512	256
000881.png	keep	2.0557	4.3333	512	256
000882.png	keep	7.4350	15.3333	512	256
000883.png	keep	6.6291	14.3333	512	256
000884.png	keep	1.7723	4.3333	512	256
000885.png	keep	7.8418	18.6667	512	256
000886.png	keep	4.5715	7.3333	512	256
000887.png	reject	11.1250	17.3333	512	256
000888.png	keep	8.5839	16.0000	512	256
000889.png	keep	3.7801	9.0000	512	256
000890.png	keep	7.4871	19.6667	512	256
000891.png	keep	6.3342	13.6667	512	256
000892.png	keep	4.9162	8.3333	512	256
000893.png	keep	7.7011	19.6667	512	256
000894.png	keep	6.9831	15.0000	512	256
000895.png	keep	3.9839	11.6667	512	256
000896.png	reject	5.8612	36.3333	512	256
000897.png	keep	3.6466	10.6667	512	256
000898.png	keep	6.8616	14.6667	512	256
000899.png	keep	5.9000	16.0000	512	256
000900.png	reject	12.9744	32.6667	512	256
000901.png	keep	4.6038	9.6667	512	256
000902.png	keep	1.4689	3.6667	512	256
000903.png	keep	4.9270	9.6667	512	256
000904.png	reject	12.2440	23.3333	512	256
000905.png	keep	3.3147	6.3333	512	256
000906.png	reject	9.3624	28.4167	512	256
000907.png	keep	1.7907	5.3333	512	256
000908.png	keep	5.9311	12.6667	512	256
000909.png	keep	8.4045	20.3333	512	256
000910.png	reject	16.5730	33.3333	512	256
000911.png	keep	2.7286	6.6667	512	256
000912.png	keep	1.4771	3.3333	512	256
000913.png	reject	17.0936	43.6667	512	256
000914.png	keep	5.9909	13.6667	512	256
000915.png	keep	5.5168	13.0000	512	256
000916.png	keep	4.0966	7.0000	512	256
000917.png	keep	9.6131	16.3333	512	256
000918.png	keep	6.0473	16.6667	512	256
000919.png	keep	3.6825	8.3333	512	256
000920.png	keep	3.9473	9.6667	512	256
000921.png	reject	15.4172	21.0000	512	256
000922.png	reject	11.6800	29.3333	512	256
000923.png	reject	12.8662	28.6667	512	256
000924.png	keep	2.5774	6.3333	512	256
000925.png	reject	9.5637	38.6667	512	256
000926.png	reject	9.2028	27.3333	512	256
000927.png	keep	2.2187	4.0000	512	256
000928.png	keep	0.9770	2.0000	512	256
000929.png	keep	2.8131	6.6667	512	256
000930.png	keep	6.1539	10.6667	512	256
000931.png	keep	8.4376	17.6667	512	256
000932.png	reject	14.3919	24.6667	512	256
000933.png	reject	11.0857	28.0000	512	256
000934.png	keep	4.4032	10.0000	512	256
000935.png	keep	3.7074	8.6667	512	256
000936.png	keep	8.0225	16.0000	512	256
000937.png	keep	3.3218	7.0000	512	256
000938.png	keep	2.1919	5.3333	512	256
000939.png	reject	14.2551	36.0000	512	256
000940.png	keep	7.3866	15.3333	512	256
000941.png	keep	6.6448	15.6667	512	256
000942.png	keep	7.0797	15.0000	512	256
000943.png	keep	4.7235	10.3333	512	256
000944.png	keep	1.2649	3.6667	512	256
000945.png	reject	10.5525	15.3333	512	256
000946.png	keep	4.3386	9.6667	512	256
000947.png	keep	5.8125	10.6667	512	256
000948.png	reject	10.4162	31.0000	512	256
000949.png	reject	11.8493	43.0000	512	256
000950.png	keep	7.2903	16.0000	512	256
000951.png	keep	6.3752	20.3333	512	256
000952.png	keep	5.6455	10.3333	512	256
000953.png	keep	7.0813	20.0000	512	256
000954.png	reject	8.5922	25.6667	512	256
000955.png	keep	6.1455	18.6667	512	256
000956.png	reject	18.4612	53.6667	512	256
000957.png	reject	14.2458	31.0000	512	256
000958.png	keep	8.1730	20.3333	512	256
000959.png	keep	1.9504	3.3333	512	256
000960.png	keep	3.3092	6.0000	512	256
000961.png	keep	2.5199	5.0000	512	256
000962.png	keep	4.0595	9.0000	512	256
000963.png	keep	7.7252	19.6667	512	256
000964.png	keep	6.3087	18.6667	512	256
000965.png	keep	5.6943	14.6667	512	256
000966.png	keep	6.7659	11.3333	512	256
000967.png	keep	3.1858	7.0000	512	256
000968.png	keep	7.6861	14.3333	512	256
000969.png	keep	5.6383	10.6667	512	256
000970.png	reject	7.3161	24.6667	512	256
000971.png	keep	2.5924	9.0000	512	256
000972.png	reject	10.6114	20.3333	512	256
000973.png	reject	13.5844	44.6667	512	256
000974.png	reject	12.0901	45.6667	512	256
000975.png	keep	1.2527	2.6667	512	256
000976.png	keep	2.0122	4.0000	512	256
000977.png	keep	2.9021	6.6667	512	256
000978.png	keep	3.0680	6.6667	512	256
000979.png	keep	3.7242	8.0000	512	256
000980.png	keep	7.0654	16.6667	512	256
000981.png	keep	9.7597	21.6667	512	256
000982.png	keep	5.5484	18.3333	512	256
000983.png	keep	4.4061	8.6667	512	256
000984.png	keep	3.0410	5.3333	512	256
000985.png	keep	6.3657	10.6667	512	256
000986.png	keep	2.0253	4.6667	512	256
000987.png	keep	3.5080	8.0000	512	256
000988.png	keep	4.3970	11.3333	512	256
000989.png	keep	8.1013	19.3333	512	256
000990.png	keep	4.2322	15.0000	512	256
000991.png	keep	1.8775	4.6667	512	256
000992.png	keep	5.3653	14.3333	512	256
000993.png	keep	3.1561	11.6667	512	256
000994.png	keep	3.2530	6.0000	512	256
000995.png	keep	4.1286	10.3333	512	256
000996.png	keep	4.8952	9.6667	512	256
000997.png	keep	4.5462	9.6667	512	256
000998.png	reject	8.1715	22.3333	512	256
000999.png	keep	6.6165	12.3333	512	256
001000.png	keep	4.0421	13.0000	512	256
001001.png	keep	4.3377	10.0000	512	256
001002.png	keep	1.3034	3.0000	512	256
001003.png	keep	4.4794	15.3333	512	256
001004.png	keep	6.8314	19.0000	512	256
001005.png	keep	7.4120	20.0000	512	256
001006.png	keep	1.7640	4.3333	512	256
001007.png	reject	10.5893	25.0000	512	256
001008.png	keep	3.2407	8.0000	512	256
001009.png	keep	2.1090	6.3333	512	256
001010.png	keep	4.9193	12.0000	512	256
001011.png	keep	8.2182	17.6667	512	256
001012.png	keep	8.4823	15.6667	512	256
001013.png	reject	23.6715	46.6667	512	256
001014.png	reject	12.0665	30.0000	512	256
001015.png	keep	7.0507	13.3333	512	256
001016.png	keep	4.2582	10.6667	512	256
001017.png	reject	12.0720	23.0000	512	256
001018.png	keep	6.5762	12.0000	512	256
001019.png	reject	9.5662	31.0000	512	256
001020.png	keep	9.8294	22.0000	512	256
001021.png	keep	6.7538	16.0000	512	256
001022.png	keep	5.0474	13.6667	512	256
001023.png	keep	2.6757	7.0000	512	256
001024.png	keep	2.4554	5.3333	512	256
001025.png	keep	2.0927	3.6667	512	256
001026.png	keep	4.5438	12.6667	512	256
001027.png	keep	7.0803	16.3333	512	256
001028.png	reject	11.0974	17.6667	512	256
001029.png	keep	8.4131	17.3333	512	256
001030.png	reject	9.8850	29.6667	512	256
001031.png	keep	4.3193	9.3333	512	256
001032.png	keep	4.1152	7.3333	512	256
001033.png	keep	2.2467	5.3333	512	256
001034.png	keep	9.5666	18.6667	512	256
001035.png	reject	11.6093	34.6667	512	256
001036.png	reject	24.5924	57.0000	512	256
001037.png	reject	14.5391	35.6667	512	256
001038.png	keep	6.4242	13.0000	512	256
001039.png	keep	3.2864	8.6667	512	256
001040.png	keep	0.9977	2.6667	512	256
001041.png	keep	2.1898	6.6667	512	256
001042.png	keep	3.2883	10.0000	512	256
001043.png	keep	4.9423	9.6667	512	256
001044.png	keep	6.1081	11.6667	512	256
001045.png	reject	17.0695	40.0000	512	256
001046.png	keep	3.5752	8.3333	512	256
001047.png	keep	4.4904	9.6667	512	256
001048.png	keep	4.3660	12.0000	512	256
001049.png	reject	22.0069	35.3333	512	256
001050.png	keep	6.5333	12.0000	512	256
001051.png	keep	1.0612	2.3333	512	256
001052.png	keep	1.5692	3.3333	512	256
001053.png	reject	11.8031	24.6667	512	256
001054.png	keep	3.4439	9.6667	512	256
001055.png	keep	1.5725	3.3333	512	256
001056.png	keep	1.3583	3.0000	512	256
001057.png	keep	8.0637	13.0000	512	256
001058.png	keep	3.9777	8.3333	512	256
001059.png	reject	11.8111	20.3333	512	256
001060.png	keep	7.0570	12.3333	512	256
001061.png	reject	12.6157	29.0000	512	256
001062.png	keep	8.2184	19.0000	512	256
001063.png	keep	3.2870	8.3333	512	256
001064.png	keep	8.0989	16.0000	512	256
001065.png	keep	4.2206	9.0000	512	256
001066.png	reject	13.4634	21.3333	512	256
001067.png	keep	1.9494	4.6667	512	256
001068.png	reject	9.5283	22.3333	512	256
001069.png	keep	6.2947	16.0000	512	256
001070.png	reject	12.5600	31.0000	512	256
001071.png	keep	1.8274	4.0000	512	256
001072.png	keep	1.6695	3.6667	512	256
001073.png	keep	2.4337	5.0000	512	256
001074.png	keep	6.0337	11.0000	512	256
001075.png	keep	6.9109	11.3333	512	256
001076.png	keep	5.7406	13.0000	512	256
001077.png	keep	6.3928	13.6667	512	256
001078.png	keep	6.9810	17.3333	512	256
001079.png	reject	10.1171	20.6667	512	256
001080.png	reject	12.0254	34.0000	512	256
001081.png	keep	3.9638	9.6667	512	256
001082.png	keep	8.2710	17.0000	512	256
001083.png	keep	2.8102	7.0000	512	256
001084.png	reject	9.8250	24.6667	512	256
001085.png	reject	11.4867	29.0000	512	256
001086.png	keep	7.7508	18.3333	512	256
001087.png	keep	1.1515	3.0000	512	256
001088.png	keep	1.1445	2.3333	512	256
001089.png	keep	2.1172	4.6667	512	256
001090.png	keep	5.2553	11.6667	512	256
001091.png	keep	5.3556	10.3333	512	256
001092.png	keep	8.3843	18.0833	512	256
001093.png	keep	8.7238	19.6667	512	256
001094.png	keep	6.3459	16.3333	512	256
001095.png	reject	8.2632	23.0000	512	256
001096.png	keep	3.7180	8.3333	512	256
001097.png	keep	3.8036	9.6667	512	256
001098.png	keep	6.5813	13.0000	512	256
001099.png	keep	1.5962	3.6667	512	256
001100.png	keep	8.7161	17.3333	512	256
001101.png	reject	11.0892	25.6667	512	256
001102.png	keep	4.9802	12.0000	512	256
001103.png	keep	3.2212	6.6667	512	256
001104.png	keep	1.3559	3.3333	512	256
001105.png	keep	4.7356	12.0000	512	256
001106.png	keep	4.5728	10.0000	512	256
001107.png	keep	4.1147	10.0000	512	256
001108.png	keep	3.7582	7.3333	512	256
001109.png	keep	4.9251	9.0000	512	256
001110.png	reject	16.7046	31.6667	512	256
001111.png	reject	14.5402	32.6667	512	256
001112.png	keep	4.7513	11.0000	512	256
001113.png	keep	4.0675	8.0000	512	256
001114.png	keep	6.9976	20.0000	512	256
001115.png	keep	1.9224	4.0000	512	256
001116.png	reject	10.7341	24.6667	512	256
001117.png	reject	12.0912	33.0000	512	256
001118.png	keep	3.9610	9.3333	512	256
001119.png	keep	2.1219	5.0000	512	256
001120.png	keep	1.9709	5.0000	512	256
001121.png	keep	1.6592	3.6667	512	256
001122.png	keep	4.4168	9.3333	512	256
001123.png	keep	4.4555	10.0000	512	256
001124.png	keep	7.5367	14.3333	512	256
001125.png	reject	19.3356	43.6667	512	256
001126.png	keep	6.9844	16.3333	512	256
001127.png	reject	8.1752	22.6667	512	256
001128.png	keep	3.2406	7.0000	512	256
001129.png	keep	5.0435	10.6667	512	256
001130.png	keep	8.1705	13.6667	512	256
001131.png	keep	2.4623	5.3333	512	256
001132.png	reject	21.2959	50.6667	512	256
001133.png	keep	8.0496	20.0000	512	256
001134.png	reject	11.7143	36.0000	512	256
001135.png	keep	1.7911	4.3333	512	256
001136.png	keep	1.5156	3.0000	512	256
001137.png	keep	2.3579	5.6667	512	256
001138.png	keep	2.7929	6.3333	512	256
001139.png	keep	6.3081	13.3333	512	256
001140.png	keep	4.3257	9.6667	512	256
001141.png	keep	8.4261	17.6667	512	256
001142.png	keep	8.1402	12.6667	512	256
001143.png	reject	10.7304	27.3333	512	256
001144.png	keep	2.0124	4.0000	512	256
001145.png	keep	5.3575	9.3333	512	256
001146.png	keep	8.5115	21.6667	512	256
001147.png	keep	1.5237	3.3333	512	256
001148.png	reject	20.3536	39.3333	512	256
001149.png	reject	15.5670	33.6667	512	256
001150.png	reject	7.4036	25.0000	512	256
001151.png	keep	3.4775	8.0000	512	256
001152.png	keep	0.9912	2.6667	512	256
001153.png	keep	2.0269	6.3333	512	256
001154.png	keep	4.2663	8.3333	512	256
001155.png	keep	6.9042	14.6667	512	256
001156.png	keep	3.9815	8.0000	512	256
001157.png	keep	4.4537	8.3333	512	256
001158.png	keep	4.9164	11.6667	512	256
001159.png	keep	6.4127	13.3333	512	256
001160.png	keep	4.2822	11.3333	512	256
001161.png	keep	7.6303	18.3333	512	256
001162.png	keep	6.9729	13.6667	512	256
001163.png	keep	2.9846	7.3333	512	256
001164.png	keep	8.3491	18.0000	512	256
001165.png	reject	13.7104	30.0000	512	256
001166.png	keep	4.7323	10.3333	512	256
001167.png	keep	2.2423	6.6667	512	256
001168.png	keep	1.8679	4.3333	512	256
001169.png	keep	7.5483	20.3333	512	256
001170.png	keep	3.5822	7.6667	512	256
001171.png	reject	16.9705	35.6667	512	256
001172.png	keep	6.0166	11.6667	512	256
001173.png	reject	14.3909	46.3333	512	256
001174.png	keep	5.5204	15.6667	512	256
001175.png	reject	13.4743	30.6667	512	256
001176.png	keep	4.7061	10.0000	512	256
001177.png	keep	2.4887	7.0000	512	256
001178.png	reject	13.8587	22.3333	512	256
001179.png	keep	1.6572	4.3333	512	256
001180.png	reject	15.6313	32.0000	512	256
001181.png	reject	20.0511	35.0000	512	256
001182.png	reject	10.2691	23.3333	512	256
001183.png	keep	2.0746	4.3333	512	256
001184.png	keep	1.8807	4.0000	512	256
001185.png	keep	3.0051	6.0000	512	256
001186.png	keep	3.1346	6.3333	512	256
001187.png	keep	3.1638	7.0000	512	256
001188.png	keep	5.2259	13.6667	512	256
001189.png	keep	7.6687	15.3333	512	256
001190.png	reject	10.4442	25.6667	512	256
001191.png	reject	13.0938	24.3333	512	256
001192.png	keep	6.1736	11.3333	512	256
001193.png	keep	3.2027	6.6667	512	256
001194.png	keep	7.0384	11.6667	512	256
001195.png	keep	5.9559	9.6667	512	256
001196.png	keep	3.9911	8.6667	512	256
001197.png	reject	12.5097	30.3333	512	256
001198.png	keep	4.8777	11.6667	512	256
001199.png	keep	2.0875	5.0000	512	256
001200.png	keep	3.2036	7.3333	512	256
001201.png	keep	1.8129	5.0000	512	256
001202.png	keep	7.3751	19.3333	512	256
001203.png	reject	11.8151	19.6667	512	256
001204.png	keep	4.4703	10.6667	512	256
001205.png	keep	6.9379	12.6667	512	256
001206.png	keep	7.7097	14.3333	512	256
001207.png	keep	7.4732	20.0000	512	256
001208.png	keep	3.1730	7.3333	512	256
001209.png	reject	25.1649	110.3333	512	256
001210.png	keep	9.0100	15.0000	512	256
001211.png	keep	4.2266	9.0000	512	256
001212.png	reject	8.7039	27.3333	512	256
001213.png	reject	12.1461	23.6667	512	256
001214.png	reject	9.4933	26.0000	512	256
001215.png	keep	2.2022	5.3333	512	256
001216.png	keep	1.0469	2.0000	512	256
001217.png	reject	28.4984	45.6667	512	256
001218.png	keep	4.7000	10.0000	512	256
001219.png	keep	3.0230	5.6667	512	256
001220.png	keep	5.4881	15.0000	512	256
001221.png	keep	8.3129	15.3333	512	256
001222.png	keep	4.5504	10.3333	512	256
001223.png	reject	8.0587	25.0000	512	256
001224.png	keep	5.8350	11.3333	512	256
001225.png	keep	4.3413	8.0000	512	256
001226.png	keep	7.1119	16.0000	512	256
001227.png	keep	3.6117	10.3333	512	256
001228.png	reject	18.0486	42.3333	512	256
001229.png	reject	11.9209	25.0000	512	256
001230.png	keep	1.8974	4.6667	512	256
001231.png	keep	1.3436	3.3333	512	256
001232.png	keep	0.7844	1.6667	512	256
001233.png	keep	7.3238	19.0000	512	256
001234.png	keep	6.4244	14.3333	512	256
001235.png	keep	4.8415	11.3333	512	256
001236.png	keep	3.8627	6.6667	512	256
001237.png	keep	2.3352	5.0000	512	256
001238.png	keep	4.3840	13.0000	512	256
001239.png	keep	4.1868	10.0000	512	256
001240.png	keep	4.4662	8.3333	512	256
001241.png	keep	3.8682	8.3333	512	256
001242.png	keep	4.1749	7.6667	512	256
001243.png	keep	4.5405	7.6667	512	256
001244.png	reject	9.5305	25.3333	512	256
001245.png	keep	7.1111	18.6667	512	256
001246.png	keep	1.9031	5.0000	512	256
001247.png	keep	5.2723	8.0000	512	256
001248.png	keep	1.0294	2.0000	512	256
001249.png	keep	6.5389	12.0833	512	256
001250.png	keep	8.6936	21.6667	512	256
001251.png	keep	3.9091	9.0000	512	256
001252.png	keep	4.3185	7.3333	512	256
001253.png	keep	7.5619	18.0000	512	256
001254.png	keep	8.7442	15.6667	512	256
001255.png	keep	5.5343	12.3333	512	256
001256.png	keep	4.0218	7.0000	512	256
001257.png	keep	2.6464	5.3333	512	256
001258.png	keep	5.1484	11.6667	512	256
001259.png	keep	7.2480	17.3333	512	256
001260.png	keep	6.0479	19.3333	512	256
001261.png	reject	8.9760	23.0000	512	256
001262.png	keep	3.3311	11.3333	512	256
001263.png	keep	5.4588	10.3333	512	256
001264.png	keep	2.8647	7.3333	512	256
001265.png	reject	10.9185	27.0000	512	256
001266.png	keep	4.7064	11.6667	512	256
001267.png	keep	6.1682	15.0000	512	256
001268.png	keep	2.7537	6.3333	512	256
001269.png	reject	14.9771	22.0000	512	256
001270.png	keep	6.2809	12.0000	512	256
001271.png	keep	5.5024	15.0000	512	256
001272.png	keep	5.4983	12.0000	512	256
001273.png	keep	2.6892	5.3333	512	256
001274.png	keep	6.2876	15.6667	512	256
001275.png	keep	3.7927	8.3333	512	256
001276.png	reject	22.5919	45.3333	512	256
001277.png	keep	5.0517	11.0000	512	256
001278.png	keep	3.3952	7.3333	512	256
001279.png	keep	0.9651	2.3333	512	256
001280.png	keep	2.4349	5.6667	512	256
001281.png	keep	8.9118	19.6667	512	256
001282.png	keep	6.0758	12.3333	512	256
001283.png	keep	6.1578	17.6667	512	256
001284.png	reject	9.0898	25.3333	512	256
001285.png	keep	5.7969	14.6667	512	256
001286.png	reject	19.0607	58.0000	512	256
001287.png	keep	7.0783	17.0000	512	256
001288.png	keep	3.9775	8.0000	512	256
001289.png	keep	9.2214	17.3333	512	256
001290.png	reject	9.2324	24.6667	512	256
001291.png	reject	15.5873	20.6667	512	256
001292.png	keep	9.9423	21.0000	512	256
001293.png	keep	3.4833	7.6667	512	256
001294.png	keep	1.9769	5.6667	512	256
001295.png	keep	4.2562	11.3333	512	256
001296.png	keep	4.1258	8.6667	512	256
001297.png	keep	6.5213	15.3333	512	256
001298.png	keep	4.2781	9.3333	512	256
001299.png	keep	4.1124	12.3333	512	256
001300.png	keep	7.8363	20.0000	512	256
001301.png	keep	4.9892	13.0000	512	256
001302.png	keep	7.9952	13.0000	512	256
001303.png	keep	5.5584	12.0000	512	256
001304.png	keep	5.7829	12.3333	512	256
001305.png	keep	4.5901	7.6667	512	256
001306.png	keep	6.8808	17.0000	512	256
001307.png	keep	6.0055	14.6667	512	256
001308.png	keep	5.1449	11.0000	512	256
001309.png	keep	7.2826	18.0000	512	256
001310.png	keep	2.7672	7.6667	512	256
001311.png	keep	1.8397	6.6667	512	256
001312.png	keep	1.1107	2.6667	512	256
001313.png	keep	5.2460	14.3333	512	256
001314.png	keep	8.4678	17.0000	512	256
001315.png	keep	4.0935	6.0000	512	256
001316.png	reject	8.7907	24.3333	512	256
001317.png	keep	7.6926	13.6667	512	256
001318.png	reject	12.2920	24.6667	512	256
001319.png	keep	7.3410	13.6667	512	256
001320.png	reject	16.8922	32.3333	512	256
001321.png	keep	5.6845	12.6667	512	256
001322.png	reject	11.7528	21.0000	512	256
001323.png	keep	8.7910	20.0000	512	256
001324.png	keep	7.2326	14.6667	512	256
001325.png	keep	6.0649	13.6667	512	256
001326.png	keep	3.6953	7.3333	512	256
001327.png	keep	1.0572	2.0000	512	256
001328.png	keep	3.5691	16.6667	512	256
001329.png	reject	10.0152	21.6667	512	256
001330.png	keep	4.6171	9.0000	512	256
001331.png	keep	6.5142	15.0000	512	256
001332.png	keep	3.5483	7.6667	512	256
001333.png	reject	11.0685	19.0000	512	256
001334.png	keep	8.2014	14.3333	512	256
001335.png	keep	6.6337	13.6667	512	256
001336.png	keep	4.8071	12.0000	512	256
001337.png	keep	4.2184	10.0000	512	256
001338.png	keep	9.7690	19.3333	512	256
001339.png	keep	4.3851	10.0000	512	256
001340.png	reject	13.9827	26.6667	512	256
001341.png	reject	10.1681	23.6667	512	256
001342.png	keep	2.5895	7.3333	512	256
001343.png	keep	1.9940	4.3333	512	256
001344.png	keep	2.4585	9.0000	512	256
001345.png	keep	8.5048	17.6667	512	256
001346.png	keep	5.5739	11.6667	512	256
001347.png	keep	6.0980	13.0000	512	256
001348.png	keep	5.8420	14.0000	512	256
001349.png	reject	10.7279	18.6667	512	256
001350.png	keep	8.9081	20.3333	512	256
001351.png	keep	3.8386	9.6667	512	256
001352.png	keep	2.7553	6.3333	512	256
001353.png	keep	8.6275	19.3333	512	256
001354.png	keep	6.7831	13.3333	512	256
001355.png	reject	36.1068	86.0000	512	256
001356.png	keep	6.8669	17.0000	512	256
001357.png	reject	12.3314	38.3333	512	256
001358.png	keep	2.8453	9.0000	512	256
001359.png	keep	1.7254	4.0000	512	256
001360.png	keep	1.0588	2.0000	512	256
001361.png	keep	5.5346	12.0000	512	256
001362.png	keep	8.8748	14.0000	512	256
001363.png	keep	6.6740	14.6667	512	256
001364.png	keep	5.1093	12.3333	512	256
001365.png	keep	7.6495	21.0000	512	256
001366.png	reject	45.9075	86.0000	512	256
001367.png	reject	14.2040	30.3333	512	256
001368.png	keep	6.7000	14.0000	512	256
001369.png	keep	4.0108	8.3333	512	256
001370.png	keep	6.3179	12.0000	512	256
001371.png	reject	12.3753	23.3333	512	256
001372.png	reject	17.3230	35.3333	512	256
001373.png	reject	18.6334	42.6667	512	256
001374.png	keep	4.3889	12.6667	512	256
001375.png	keep	1.4778	3.6667	512	256
001376.png	keep	0.7811	1.6667	512	256
001377.png	keep	9.1360	15.6667	512	256
001378.png	keep	4.5664	10.6667	512	256
001379.png	keep	6.9716	20.3333	512	256
001380.png	keep	5.1103	14.0000	512	256
001381.png	reject	10.0160	23.3333	512	256
001382.png	keep	9.2155	18.0000	512	256
001383.png	keep	5.5987	14.3333	512	256
001384.png	keep	4.9250	8.3333	512	256
001385.png	reject	10.9910	25.0000	512	256
001386.png	keep	6.5814	14.6667	512	256
001387.png	keep	8.6604	15.0000	512	256
001388.png	reject	18.8707	41.0000	512	256
001389.png	reject	12.0051	40.0000	512	256
001390.png	keep	9.0082	18.3333	512	256
001391.png	keep	0.8309	1.6667	512	256
001392.png	keep	0.7756	1.6667	512	256
001393.png	keep	5.8624	12.6667	512	256
001394.png	keep	3.0343	6.3333	512	256
001395.png	keep	6.4866	12.0000	512	256
001396.png	keep	8.8409	21.3333	512	256
001397.png	keep	7.4419	11.6667	512	256
001398.png	reject	12.1295	26.0000	512	256
001399.png	keep	4.5076	11.6667	512	256
001400.png	reject	17.3428	54.0000	512	256
001401.png	reject	10.7168	22.3333	512	256
001402.png	keep	8.7793	20.3333	512	256
001403.png	keep	8.9118	22.0000	512	256
001404.png	reject	23.7161	47.6667	512	256
001405.png	reject	17.4735	55.6667	512	256
001406.png	keep	1.6900	4.0000	512	256
001407.png	keep	1.1949	3.0000	512	256
001408.png	keep	1.5386	3.3333	512	256
001409.png	reject	12.3218	26.0000	512	256
001410.png	keep	8.8609	16.6667	512	256
001411.png	keep	9.8947	17.6667	512	256
001412.png	keep	5.0235	12.0000	512	256
001413.png	keep	4.7352	9.3333	512	256
001414.png	keep	3.9968	8.3333	512	256
001415.png	reject	10.8320	21.3333	512	256
001416.png	keep	8.2342	16.6667	512	256
001417.png	keep	3.0587	5.6667	512	256
001418.png	reject	35.9206	116.3333	512	256
001419.png	reject	10.9634	19.3333	512	256
001420.png	keep	9.4681	18.3333	512	256
001421.png	reject	21.4864	45.3333	512	256
001422.png	keep	2.5448	4.6667	512	256
001423.png	keep	1.8000	4.3333	512	256
001424.png	keep	1.0208	2.3333	512	256
001425.png	keep	9.7616	16.0000	512	256
001426.png	keep	6.4954	16.3333	512	256
001427.png	keep	3.7439	7.3333	512	256
001428.png	keep	5.3471	12.0000	512	256
001429.png	keep	8.8032	13.0000	512	256
001430.png	keep	3.0647	11.3333	512	256
001431.png	keep	4.0738	9.3333	512	256
001432.png	keep	6.9289	17.6667	512	256
001433.png	keep	1.9239	4.0000	512	256
001434.png	keep	5.4615	11.3333	512	256
001435.png	keep	9.3213	17.0000	512	256
001436.png	keep	3.8432	10.3333	512	256
001437.png	reject	37.8983	79.6667	512	256
001438.png	keep	4.0334	8.3333	512	256
001439.png	keep	1.9200	4.3333	512	256
001440.png	keep	1.1483	3.0000	512	256
001441.png	keep	9.5308	19.0000	512	256
001442.png	keep	5.4968	13.3333	512	256
001443.png	keep	3.8256	8.3333	512	256
001444.png	keep	8.5058	22.0000	512	256
001445.png	reject	14.5423	29.0000	512	256
001446.png	keep	9.1432	14.6667	512	256
001447.png	reject	8.1694	22.3333	512	256
001448.png	keep	9.0162	14.6667	512	256
001449.png	keep	5.5496	10.3333	512	256
001450.png	keep	5.6708	10.6667	512	256
001451.png	reject	11.1975	18.3333	512	256
001452.png	reject	11.2934	29.6667	512	256
001453.png	reject	11.3165	22.0000	512	256
001454.png	keep	3.4909	7.0000	512	256
001455.png	keep	1.5437	3.6667	512	256
001456.png	keep	0.6836	1.3333	512	256
001457.png	reject	11.0292	20.6667	512	256
001458.png	reject	16.2092	29.3333	512	256
001459.png	reject	10.5064	25.3333	512	256
001460.png	keep	4.7973	10.3333	512	256
001461.png	keep	8.0323	13.0000	512	256
001462.png	keep	9.1771	16.0000	512	256
001463.png	keep	5.1627	13.6667	512	256
001464.png	keep	5.5151	17.6667	512	256
001465.png	keep	8.1436	16.3333	512	256
001466.png	keep	6.9183	13.0000	512	256
001467.png	keep	4.8913	9.6667	512	256
001468.png	reject	10.7753	26.0000	512	256
001469.png	reject	10.4984	31.6667	512	256
001470.png	keep	2.0232	6.3333	512	256
001471.png	keep	1.2021	2.3333	512	256
001472.png	keep	2.8670	7.0000	512	256
001473.png	reject	14.8003	30.0000	512	256
001474.png	keep	4.5519	9.6667	512	256
001475.png	keep	4.1144	11.3333	512	256
001476.png	keep	5.4225	9.0000	512	256
001477.png	reject	10.8087	19.0000	512	256
001478.png	reject	12.3579	19.3333	512	256
001479.png	keep	5.0187	11.6667	512	256
001480.png	keep	4.8337	9.0000	512	256
001481.png	keep	4.8775	9.3333	512	256
001482.png	keep	7.5389	14.0000	512	256
001483.png	keep	6.6894	11.3333	512	256
001484.png	keep	4.6559	11.6667	512	256
001485.png	reject	10.1223	28.0000	512	256
001486.png	reject	13.6508	22.6667	512	256
001487.png	keep	4.9528	7.3333	512	256
001488.png	keep	1.1515	2.0000	512	256
001489.png	reject	11.9828	25.6667	512	256
001490.png	keep	7.7596	19.6667	512	256
001491.png	keep	4.8277	14.0000	512	256
001492.png	reject	12.4032	37.0000	512	256
001493.png	keep	8.6962	15.3333	512	256
001494.png	reject	14.6546	33.3333	512	256
001495.png	keep	4.2958	10.6667	512	256
001496.png	reject	12.4683	20.6667	512	256
001497.png	keep	5.6469	12.3333	512	256
001498.png	keep	7.2170	13.6667	512	256
001499.png	keep	8.0518	13.3333	512	256
001500.png	reject	12.2315	29.3333	512	256
001501.png	reject	12.6840	43.3333	512	256
001502.png	keep	5.7579	12.6667	512	256
001503.png	keep	4.0292	10.3333	512	256
001504.png	keep	1.9331	3.6667	512	256
001505.png	keep	5.4277	12.6667	512	256
001506.png	keep	5.9489	13.0000	512	256
001507.png	keep	3.3296	6.6667	512	256
001508.png	keep	6.7501	15.0000	512	256
001509.png	keep	9.8910	17.3333	512	256
001510.png	keep	7.3175	13.6667	512	256
001511.png	reject	9.2065	23.6667	512	256
001512.png	reject	30.7287	67.0000	512	256
001513.png	keep	9.5170	16.0000	512	256
001514.png	keep	7.4114	16.6667	512	256
001515.png	keep	9.5620	17.3333	512	256
001516.png	keep	4.3628	9.3333	512	256
001517.png	reject	12.7785	27.3333	512	256
001518.png	keep	1.6663	3.3333	512	256
001519.png	keep	2.0234	4.6667	512	256
001520.png	keep	1.1586	2.6667	512	256
001521.png	reject	22.3111	52.6667	512	256
001522.png	keep	8.1433	16.0000	512	256
001523.png	keep	3.7555	8.3333	512	256
001524.png	keep	5.7224	14.0000	512	256
001525.png	reject	14.3497	28.6667	512	256
001526.png	reject	12.4364	27.3333	512	256
001527.png	keep	4.2801	9.0000	512	256
001528.png	reject	22.4870	43.0000	512	256
001529.png	keep	4.9670	9.3333	512	256
001530.png	keep	6.2182	13.0000	512	256
001531.png	keep	5.9871	13.3333	512	256
001532.png	reject	10.3106	26.0000	512	256
001533.png	reject	13.9423	35.3333	512	256
001534.png	keep	2.1235	4.3333	512	256
001535.png	keep	1.9541	4.3333	512	256
001536.png	keep	1.8094	5.0000	512	256
001537.png	keep	6.5452	10.6667	512	256
001538.png	keep	3.3190	6.3333	512	256
001539.png	keep	4.2772	10.3333	512	256
001540.png	keep	7.3222	20.6667	512	256
001541.png	keep	9.6192	17.6667	512	256
001542.png	keep	5.5776	14.0000	512	256
001543.png	reject	10.6671	25.3333	512	256
001544.png	keep	4.2369	8.0000	512	256
001545.png	keep	7.2119	14.3333	512	256
001546.png	keep	7.1328	11.0000	512	256
001547.png	keep	5.4973	10.3333	512	256
001548.png	keep	7.1381	14.3333	512	256
001549.png	keep	6.6535	16.7500	512	256
001550.png	keep	1.6868	3.6667	512	256
001551.png	keep	1.6515	4.0000	512	256
001552.png	keep	1.7529	3.6667	512	256
001553.png	reject	36.8169	66.3333	512	256
001554.png	keep	5.2092	11.3333	512	256
001555.png	keep	7.4964	17.3333	512	256
001556.png	keep	8.2577	19.0000	512	256
001557.png	keep	5.5645	11.3333	512	256
001558.png	keep	7.7403	12.3333	512	256
001559.png	keep	6.6705	16.0000	512	256
001560.png	keep	7.9829	15.3333	512	256
001561.png	keep	5.6111	11.6667	512	256
001562.png	reject	12.3180	32.0000	512	256
001563.png	keep	6.2252	12.6667	512	256
001564.png	reject	9.2341	24.0000	512	256
001565.png	keep	9.2220	17.0000	512	256
001566.png	keep	3.8330	10.0000	512	256
001567.png	keep	1.6621	3.3333	512	256
001568.png	keep	4.6064	11.0000	512	256
001569.png	keep	3.0494	7.0000	512	256
001570.png	keep	8.6015	15.6667	512	256
001571.png	reject	10.1378	18.0000	512	256
001572.png	keep	7.3107	13.3333	512	256
001573.png	keep	7.0211	17.3333	512	256
001574.png	reject	26.5683	75.0000	512	256
001575.png	keep	9.1687	21.6667	512	256
001576.png	keep	4.9302	9.0000	512	256
001577.png	keep	9.7503	17.0000	512	256
001578.png	reject	10.2223	28.6667	512	256
001579.png	keep	6.9776	11.3333	512	256
001580.png	reject	11.4077	27.3333	512	256
001581.png	reject	12.8960	24.0000	512	256
001582.png	keep	2.5829	6.6667	512	256
001583.png	keep	4.9025	7.0000	512	256
001584.png	keep	1.5020	3.0000	512	256
001585.png	reject	10.4433	17.0000	512	256
001586.png	keep	5.8651	12.6667	512	256
001587.png	keep	7.7368	17.0000	512	256
001588.png	keep	6.7395	11.3333	512	256
001589.png	keep	7.1896	13.6667	512	256
001590.png	reject	14.3494	22.0000	512	256
001591.png	keep	3.0917	5.6667	512	256
001592.png	keep	8.3107	18.6667	512	256
001593.png	reject	12.8216	21.0000	512	256
001594.png	reject	31.8290	58.6667	512	256
001595.png	reject	10.2354	19.3333	512	256
001596.png	reject	22.1232	66.0000	512	256
001597.png	reject	11.0029	18.6667	512	256
001598.png	keep	2.7520	5.3333	512	256
001599.png	keep	1.7513	4.0000	512	256
001600.png	keep	1.8481	4.0000	512	256
001601.png	keep	4.0633	9.0000	512	256
001602.png	reject	8.5486	24.6667	512	256
001603.png	keep	8.9865	16.6667	512	256
001604.png	keep	6.6565	15.0000	512	256
001605.png	reject	13.8402	19.6667	512	256
001606.png	reject	13.3745	27.3333	512	256
001607.png	keep	7.2523	17.0000	512	256
001608.png	keep	7.1039	14.3333	512	256
001609.png	keep	7.4429	14.3333	512	256
001610.png	reject	26.8254	54.6667	512	256
001611.png	keep	8.7223	13.6667	512	256
001612.png	reject	9.2915	28.0000	512	256
001613.png	reject	20.6119	49.0000	512	256
001614.png	keep	1.9959	5.6667	512	256
001615.png	keep	2.1063	4.3333	512	256
001616.png	keep	1.2549	2.3333	512	256
001617.png	keep	7.1515	12.0000	512	256
001618.png	keep	5.5648	12.0000	512	256
001619.png	keep	5.8710	14.3333	512	256
001620.png	keep	6.2055	14.6667	512	256
001621.png	reject	12.1381	25.6667	512	256
001622.png	reject	17.9921	36.3333	512	256
001623.png	keep	5.2347	15.3333	512	256
001624.png	reject	8.1784	28.0000	512	256
001625.png	keep	7.3142	15.0000	512	256
001626.png	reject	48.5143	87.3333	512	256
001627.png	keep	7.5480	14.6667	512	256
001628.png	reject	20.1923	74.6667	512	256
001629.png	reject	10.3575	21.3333	512	256
001630.png	keep	1.5750	4.0000	512	256
001631.png	keep	1.9029	4.6667	512	256
001632.png	keep	1.3715	4.0000	512	256
001633.png	keep	8.5641	15.0000	512	256
001634.png	keep	6.0603	15.6667	512	256
001635.png	keep	2.6999	7.0000	512	256
001636.png	reject	7.7491	26.3333	512	256
001637.png	reject	11.0893	18.6667	512	256
001638.png	keep	5.0354	8.6667	512	256
001639.png	keep	8.2887	16.6667	512	256
001640.png	keep	9.1199	20.3333	512	256
001641.png	reject	14.4720	27.0000	512	256
001642.png	keep	7.4525	19.3333	512	256
001643.png	keep	6.9095	11.6667	512	256
001644.png	reject	20.6231	36.6667	512	256
001645.png	reject	16.2379	28.6667	512	256
001646.png	keep	3.7237	7.0000	512	256
001647.png	keep	1.3820	3.6667	512	256
001648.png	keep	0.9719	2.3333	512	256
001649.png	keep	9.0178	17.3333	512	256
001650.png	keep	4.9354	11.3333	512	256
001651.png	keep	3.4635	9.3333	512	256
001652.png	keep	4.3268	10.0000	512	256
001653.png	reject	12.8103	24.3333	512	256
001654.png	reject	10.5742	43.3333	512	256
001655.png	reject	10.6571	27.0000	512	256
001656.png	keep	2.5235	6.0000	512	256
001657.png	keep	7.0350	15.3333	512	256
001658.png	keep	4.0421	8.6667	512	256
001659.png	keep	6.9735	12.0000	512	256
001660.png	reject	11.2501	22.6667	512	256
001661.png	reject	14.3194	21.0000	512	256
001662.png	reject	16.1786	26.0000	512	256
001663.png	keep	1.4476	3.6667	512	256
001664.png	keep	1.1534	2.6667	512	256
001665.png	keep	5.2316	9.0000	512	256
001666.png	reject	8.0353	25.0000	512	256
001667.png	reject	17.7385	42.6667	512	256
001668.png	keep	8.1665	14.6667	512	256
001669.png	reject	11.2048	18.6667	512	256
001670.png	reject	12.1420	20.0000	512	256
001671.png	reject	12.2461	33.0000	512	256
001672.png	keep	4.9638	10.3333	512	256
001673.png	keep	4.6560	9.3333	512	256
001674.png	keep	3.3949	7.0000	512	256
001675.png	reject	14.5293	47.0000	512	256
001676.png	keep	5.2160	11.6667	512	256
001677.png	keep	7.0666	17.0000	512	256
001678.png	keep	7.0770	19.3333	512	256
001679.png	keep	1.5432	4.3333	512	256
001680.png	keep	1.2359	2.3333	512	256
001681.png	keep	5.3599	9.0000	512	256
001682.png	keep	6.8750	14.0000	512	256
001683.png	reject	16.9328	35.3333	512	256
001684.png	keep	5.7397	13.3333	512	256
001685.png	keep	9.6698	16.0000	512	256
001686.png	reject	52.7391	105.6667	512	256
001687.png	keep	4.0466	8.0000	512	256
001688.png	keep	5.2513	8.3333	512	256
001689.png	keep	5.8366	14.6667	512	256
001690.png	keep	3.8234	8.3333	512	256
001691.png	keep	5.9427	11.0000	512	256
001692.png	reject	15.1810	31.3333	512	256
001693.png	reject	11.3364	25.6667	512	256
001694.png	keep	4.1851	7.3333	512	256
001695.png	keep	1.9089	5.0000	512	256
001696.png	keep	1.3799	2.6667	512	256
001697.png	keep	7.5278	16.3333	512	256
001698.png	keep	4.8565	11.3333	512	256
001699.png	keep	3.7172	10.6667	512	256
001700.png	reject	11.7627	25.6667	512	256
001701.png	keep	7.2783	15.0000	512	256
001702.png	reject	32.8081	98.3333	512	256
001703.png	keep	4.6006	11.0000	512	256
001704.png	keep	5.6624	12.6667	512	256
001705.png	keep	1.8999	4.6667	512	256
001706.png	keep	3.1348	7.3333	512	256
001707.png	keep	7.7242	14.3333	512	256
001708.png	reject	23.7275	43.0000	512	256
001709.png	reject	20.6975	28.6667	512	256
001710.png	reject	20.5447	36.7500	512	256
001711.png	keep	2.0093	4.3333	512	256
001712.png	keep	4.1061	7.3333	512	256
001713.png	reject	9.1466	24.3333	512	256
001714.png	reject	11.2554	22.3333	512	256
001715.png	keep	3.7632	13.3333	512	256
001716.png	reject	10.8456	22.3333	512	256
001717.png	keep	4.2976	12.0000	512	256
001718.png	keep	6.0627	14.6667	512	256
001719.png	keep	4.0592	11.3333	512	256
001720.png	reject	10.6318	20.0000	512	256
001721.png	reject	14.1804	21.3333	512	256
001722.png	keep	4.6924	7.6667	512	256
001723.png	reject	10.8474	20.3333	512	256
001724.png	reject	11.3017	21.3333	512	256
001725.png	reject	12.8521	19.3333	512	256
001726.png	reject	19.9016	47.3333	512	256
001727.png	keep	1.8153	4.6667	512	256
001728.png	keep	2.9466	5.0000	512	256
001729.png	keep	5.9943	18.3333	512	256
001730.png	keep	6.3078	13.3333	512	256
001731.png	keep	3.2666	9.6667	512	256
001732.png	reject	10.3195	21.0000	512	256
001733.png	reject	11.6570	22.0000	512	256
001734.png	reject	11.1315	24.0000	512	256
001735.png	keep	5.8928	11.6667	512	256
001736.png	keep	7.5649	15.6667	512	256
001737.png	keep	7.4841	16.3333	512	256
001738.png	keep	5.6744	15.0000	512	256
001739.png	keep	6.6864	12.0000	512	256
001740.png	reject	14.7970	32.3333	512	256
001741.png	keep	3.7146	6.0000	512	256
001742.png	keep	3.9014	11.0000	512	256
001743.png	keep	1.7495	3.0000	512	256
001744.png	keep	1.0338	1.6667	512	256
001745.png	keep	4.9491	8.3333	512	256
001746.png	keep	6.1893	15.6667	512	256
001747.png	keep	4.7771	11.3333	512	256
001748.png	keep	7.2002	14.0000	512	256
001749.png	keep	8.3562	22.0000	512	256
001750.png	reject	15.5575	26.3333	512	256
001751.png	keep	4.9687	12.0000	512	256
001752.png	keep	7.2324	18.3333	512	256
001753.png	reject	10.9668	20.6667	512	256
001754.png	keep	3.4363	8.6667	512	256
001755.png	reject	10.1939	16.6667	512	256
001756.png	keep	5.8821	13.6667	512	256
001757.png	keep	4.0732	8.6667	512	256
001758.png	keep	4.9604	11.6667	512	256
001759.png	reject	11.5722	44.6667	512	256
001760.png	keep	3.9843	7.3333	512	256
001761.png	keep	7.0832	16.3333	512	256
001762.png	keep	7.3945	20.3333	512	256
001763.png	reject	13.9902	38.0000	512	256
001764.png	keep	3.9548	8.0000	512	256
001765.png	reject	14.5256	22.3333	512	256
001766.png	keep	8.8993	18.3333	512	256
001767.png	keep	4.4309	8.6667	512	256
001768.png	keep	9.5205	19.6667	512	256
001769.png	keep	4.8193	10.6667	512	256
001770.png	keep	3.2125	7.0000	512	256
001771.png	keep	5.1365	10.0000	512	256
001772.png	reject	19.3198	31.3333	512	256
001773.png	keep	7.8408	21.6667	512	256
001774.png	keep	5.1579	10.0000	512	256
001775.png	keep	1.7186	4.0000	512	256
001776.png	keep	1.6298	3.0000	512	256
001777.png	keep	6.9062	12.0000	512	256
001778.png	keep	4.0447	9.6667	512	256
001779.png	keep	6.8912	13.0000	512	256
001780.png	reject	10.4154	42.3333	512	256
001781.png	reject	10.0399	21.6667	512	256
001782.png	keep	4.5478	9.3333	512	256
001783.png	keep	5.2966	11.6667	512	256
001784.png	reject	11.2313	21.6667	512	256
001785.png	keep	5.1963	9.6667	512	256
001786.png	keep	5.9501	9.0000	512	256
001787.png	keep	6.1322	11.3333	512	256
001788.png	reject	15.4510	31.3333	512	256
001789.png	keep	4.9778	8.6667	512	256
001790.png	keep	6.1083	13.0000	512	256
001791.png	keep	2.3121	6.3333	512	256
001792.png	keep	1.5418	3.3333	512	256
001793.png	reject	7.3793	39.0000	512	256
001794.png	reject	13.0889	30.6667	512	256
001795.png	keep	3.0415	6.6667	512	256
001796.png	reject	10.8904	37.3333	512	256
001797.png	keep	8.7890	17.6667	512	256
001798.png	keep	6.3822	10.0000	512	256
001799.png	keep	3.8084	9.0000	512	256
001800.png	keep	7.5845	16.3333	512	256
001801.png	keep	8.8846	19.0000	512	256
001802.png	keep	4.2061	8.6667	512	256
001803.png	reject	10.4407	15.0000	512	256
001804.png	keep	6.6331	15.6667	512	256
001805.png	keep	7.1320	12.6667	512	256
001806.png	keep	6.6119	12.6667	512	256
001807.png	keep	2.0587	3.6667	512	256
001808.png	keep	2.1653	4.0000	512	256
001809.png	reject	12.1104	23.3333	512	256
001810.png	keep	5.2963	14.0000	512	256
001811.png	keep	4.5373	7.6667	512	256
001812.png	keep	8.5890	13.3333	512	256
001813.png	reject	11.4275	32.6667	512	256
001814.png	keep	5.0959	11.0000	512	256
001815.png	keep	3.3639	7.6667	512	256
001816.png	keep	8.6027	21.6667	512	256
001817.png	keep	7.2000	13.3333	512	256
001818.png	keep	4.8591	12.6667	512	256
001819.png	keep	5.3643	11.6667	512	256
001820.png	keep	5.8859	16.6667	512	256
001821.png	keep	8.3867	21.3333	512	256
001822.png	keep	8.1071	16.6667	512	256
001823.png	keep	1.0831	2.3333	512	256
001824.png	keep	1.7527	3.6667	512	256
001825.png	keep	8.4764	15.3333	512	256
001826.png	reject	10.6323	26.6667	512	256
001827.png	keep	4.3675	9.6667	512	256
001828.png	keep	8.4961	15.0000	512	256
001829.png	reject	18.1750	53.6667	512	256
001830.png	keep	4.6502	10.0000	512	256
001831.png	keep	3.6747	9.3333	512	256
001832.png	reject	13.0315	33.6667	512	256
001833.png	keep	8.6328	14.3333	512	256
001834.png	keep	2.5936	5.3333	512	256
001835.png	keep	6.0232	12.0000	512	256
001836.png	keep	8.6118	19.3333	512	256
001837.png	reject	10.1417	27.0000	512	256
001838.png	reject	49.8680	90.6667	512	256
001839.png	keep	1.6517	3.6667	512	256
001840.png	reject	6.3255	27.3333	512	256
001841.png	reject	33.7233	87.3333	512	256
001842.png	keep	4.7258	9.6667	512	256
001843.png	keep	4.9503	11.3333	512	256
001844.png	keep	2.9415	7.6667	512	256
001845.png	reject	12.9893	32.6667	512	256
001846.png	reject	17.0114	31.3333	512	256
001847.png	keep	4.2167	10.6667	512	256
001848.png	reject	7.8056	22.3333	512	256
001849.png	keep	9.7143	20.6667	512	256
001850.png	keep	4.3913	8.3333	512	256
001851.png	reject	19.7461	57.3333	512	256
001852.png	keep	4.9833	10.3333	512	256
001853.png	reject	9.7459	25.3333	512	256
001854.png	reject	10.3730	22.0000	512	256
001855.png	keep	1.0227	2.0000	512	256
001856.png	keep	2.7709	6.0000	512	256
001857.png	reject	60.0411	124.0000	512	256
001858.png	keep	4.5490	10.6667	512	256
001859.png	keep	6.6541	20.0000	512	256
001860.png	keep	2.9476	7.3333	512	256
001861.png	keep	7.1935	14.0000	512	256
001862.png	reject	8.3284	23.0000	512	256
001863.png	keep	4.7441	10.3333	512	256
001864.png	keep	5.3803	10.6667	512	256
001865.png	keep	4.4374	7.6667	512	256
001866.png	keep	3.4521	9.0000	512	256
001867.png	reject	26.7901	54.3333	512	256
001868.png	keep	6.9914	17.0000	512	256
001869.png	keep	7.9725	19.3333	512	256
001870.png	keep	5.7994	14.6667	512	256
001871.png	keep	1.4920	3.0000	512	256
001872.png	keep	1.4127	5.0000	512	256
001873.png	reject	47.5727	106.6667	512	256
001874.png	keep	4.3118	9.3333	512	256
001875.png	keep	2.6909	5.6667	512	256
001876.png	keep	4.1857	9.0000	512	256
001877.png	keep	7.2314	17.0000	512	256
001878.png	keep	6.8364	17.0000	512	256
001879.png	keep	4.4208	7.6667	512	256
001880.png	reject	9.7942	27.0000	512	256
001881.png	keep	5.0279	9.6667	512	256
001882.png	keep	4.4453	6.6667	512	256
001883.png	reject	11.1009	20.3333	512	256
001884.png	keep	8.2963	15.3333	512	256
001885.png	reject	11.7678	28.0000	512	256
001886.png	reject	11.3432	20.6667	512	256
001887.png	keep	1.1782	2.3333	512	256
001888.png	keep	1.3794	3.6667	512	256
001889.png	reject	36.9795	107.0000	512	256
001890.png	keep	4.8865	10.0000	512	256
001891.png	keep	3.9048	8.0000	512	256
001892.png	keep	7.2391	17.3333	512	256
001893.png	keep	7.8200	17.0000	512	256
001894.png	reject	11.2930	16.3333	512	256
001895.png	keep	4.9248	11.6667	512	256
001896.png	reject	9.4959	28.0000	512	256
001897.png	keep	3.3953	9.0000	512	256
001898.png	keep	3.6986	8.3333	512	256
001899.png	keep	4.2566	10.0000	512	256
001900.png	keep	8.3102	13.3333	512	256
001901.png	keep	5.3555	11.0000	512	256
001902.png	keep	7.0487	18.0000	512	256
001903.png	keep	1.5654	4.0000	512	256
001904.png	keep	1.7663	3.3333	512	256
001905.png	reject	33.8947	71.0000	512	256
001906.png	keep	6.8380	13.0000	512	256
001907.png	keep	3.4201	5.6667	512	256
001908.png	keep	5.6472	11.0000	512	256
001909.png	reject	19.1974	54.3333	512	256
001910.png	keep	8.5299	13.6667	512	256
001911.png	keep	3.6600	9.3333	512	256
001912.png	reject	10.6026	26.3333	512	256
001913.png	keep	5.2605	10.0000	512	256
001914.png	keep	3.1902	5.3333	512	256
001915.png	keep	4.8028	10.0000	512	256
001916.png	reject	16.8589	30.0000	512	256
001917.png	keep	2.6432	5.3333	512	256
001918.png	reject	21.2515	42.3333	512	256
001919.png	keep	8.0416	12.6667	512	256
001920.png	keep	4.0201	12.3333	512	256
001921.png	reject	31.2283	66.6667	512	256
001922.png	keep	8.2069	18.6667	512	256
001923.png	keep	2.5190	6.3333	512	256
001924.png	reject	6.3921	24.3333	512	256
001925.png	keep	6.7044	17.3333	512	256
001926.png	keep	4.6876	8.6667	512	256
001927.png	keep	8.4566	16.6667	512	256
001928.png	keep	8.2708	14.6667	512	256
001929.png	reject	9.7502	24.0000	512	256
001930.png	keep	4.9757	13.6667	512	256
001931.png	keep	5.9089	16.0000	512	256
001932.png	reject	10.1129	16.6667	512	256
001933.png	keep	1.2776	2.6667	512	256
001934.png	reject	10.4555	22.3333	512	256
001935.png	keep	2.5879	5.3333	512	256
001936.png	keep	1.0487	2.6667	512	256
001937.png	keep	1.9474	4.6667	512	256
001938.png	reject	12.9823	35.6667	512	256
001939.png	keep	3.9712	10.0000	512	256
001940.png	keep	9.7256	22.0000	512	256
001941.png	keep	8.4317	13.3333	512	256
001942.png	keep	7.5706	16.0000	512	256
001943.png	keep	9.4209	18.0000	512	256
001944.png	keep	5.6712	10.6667	512	256
001945.png	keep	6.4535	12.3333	512	256
001946.png	keep	3.6564	6.6667	512	256
001947.png	reject	15.8445	26.0000	512	256
001948.png	reject	13.9755	37.0000	512	256
001949.png	keep	1.4186	4.0000	512	256
001950.png	keep	7.1303	14.3333	512	256
001951.png	keep	1.4934	4.3333	512	256
001952.png	keep	0.7057	1.6667	512	256
001953.png	keep	2.9540	7.3333	512	256
001954.png	keep	7.0765	12.0000	512	256
001955.png	reject	14.3488	27.0000	512	256
001956.png	keep	7.7745	21.3333	512	256
001957.png	reject	13.8085	22.6667	512	256
001958.png	reject	18.7363	30.3333	512	256
001959.png	keep	6.4030	14.3333	512	256
001960.png	keep	7.3914	16.0000	512	256
001961.png	reject	16.4746	34.6667	512	256
001962.png	keep	1.9205	4.0000	512	256
001963.png	reject	11.3693	21.0000	512	256
001964.png	reject	16.2791	34.3333	512	256
001965.png	keep	1.4262	3.0000	512	256
001966.png	keep	5.4628	13.0000	512	256
001967.png	keep	1.4483	3.3333	512	256
001968.png	keep	1.6272	2.6667	512	256
001969.png	keep	2.6790	7.0000	512	256
001970.png	keep	7.5644	20.0000	512	256
001971.png	keep	2.5847	6.0000	512	256
001972.png	keep	6.0951	19.0000	512	256
001973.png	keep	7.0115	13.0000	512	256
001974.png	reject	18.6132	86.0000	512	256
001975.png	keep	6.1020	13.0000	512	256
001976.png	keep	6.9743	18.0000	512	256
001977.png	keep	9.4064	18.0000	512	256
001978.png	keep	2.8668	6.6667	512	256
001979.png	keep	1.6714	3.3333	512	256
001980.png	reject	16.1156	48.3333	512	256
001981.png	keep	2.5887	4.6667	512	256
001982.png	keep	4.6065	9.6667	512	256
001983.png	keep	1.8561	3.3333	512	256
001984.png	keep	1.4562	2.6667	512	256
001985.png	keep	4.5208	12.6667	512	256
001986.png	keep	9.4580	18.6667	512	256
001987.png	keep	2.5594	10.6667	512	256
001988.png	reject	12.8563	37.6667	512	256
001989.png	keep	9.3501	18.6667	512	256
001990.png	reject	12.3381	25.6667	512	256
001991.png	keep	4.0898	9.0000	512	256
001992.png	keep	6.4423	16.6667	512	256
001993.png	keep	7.8288	16.0000	512	256
001994.png	keep	2.4324	4.3333	512	256
001995.png	keep	6.5617	14.0000	512	256
001996.png	keep	7.1039	17.0000	512	256
001997.png	reject	11.6939	23.3333	512	256
001998.png	keep	6.3462	13.0000	512	256
001999.png	keep	1.3406	3.0000	512	256
002000.png	reject	8.5108	24.6667	512	256
002001.png	reject	20.4736	40.0000	512	256
002002.png	keep	8.0654	16.0000	512	256
002003.png	keep	1.9364	3.6667	512	256
002004.png	reject	8.3381	25.3333	512	256
002005.png	reject	11.9806	21.6667	512	256
002006.png	keep	8.3425	18.0000	512	256
002007.png	keep	5.6648	9.6667	512	256
002008.png	reject	15.7475	32.6667	512	256
002009.png	keep	4.2413	10.0000	512	256
002010.png	keep	3.1798	6.0000	512	256
002011.png	reject	7.7957	31.0833	512	256
002012.png	keep	6.5590	20.6667	512	256
002013.png	keep	2.3734	5.6667	512	256
002014.png	keep	6.3269	14.3333	512	256
002015.png	keep	2.2130	5.0000	512	256
002016.png	keep	3.1974	7.6667	512	256
002017.png	reject	18.5633	42.6667	512	256
002018.png	keep	8.3346	18.0000	512	256
002019.png	keep	8.1076	21.6667	512	256
002020.png	keep	2.8044	5.0000	512	256
002021.png	keep	7.6630	12.0000	512	256
002022.png	reject	14.7175	21.3333	512	256
002023.png	reject	63.3179	112.0000	512	256
002024.png	keep	5.4485	11.6667	512	256
002025.png	reject	9.4082	35.3333	512	256
002026.png	keep	4.8331	9.6667	512	256
002027.png	keep	3.3540	7.3333	512	256
002028.png	reject	13.1868	28.3333	512	256
002029.png	keep	1.2874	2.6667	512	256
002030.png	keep	4.2170	10.3333	512	256
002031.png	keep	2.2188	4.3333	512	256
002032.png	keep	0.9179	2.3333	512	256
002033.png	reject	30.8664	59.3333	512	256
002034.png	reject	12.2105	23.3333	512	256
002035.png	keep	1.4370	3.3333	512	256
002036.png	keep	6.9504	18.0000	512	256
002037.png	keep	8.8122	16.6667	512	256
002038.png	keep	6.6238	14.3333	512	256
002039.png	reject	62.7312	107.0000	512	256
002040.png	keep	4.3753	9.6667	512	256
002041.png	keep	4.8017	10.6667	512	256
002042.png	keep	5.6740	13.6667	512	256
002043.png	keep	2.4114	5.3333	512	256
002044.png	keep	5.9327	17.6667	512	256
002045.png	keep	9.1726	14.6667	512	256
002046.png	keep	5.2481	11.0000	512	256
002047.png	keep	1.5418	4.0000	512	256
002048.png	keep	1.4626	3.0000	512	256
002049.png	keep	6.0021	15.3333	512	256
002050.png	keep	2.4785	5.6667	512	256
002051.png	keep	2.3724	5.0000	512	256
002052.png	keep	6.3290	13.3333	512	256
002053.png	reject	26.5082	54.6667	512	256
002054.png	reject	23.0486	99.3333	512	256
002055.png	reject	36.8837	95.0000	512	256
002056.png	reject	13.5896	28.6667	512	256
002057.png	keep	6.5027	16.6667	512	256
002058.png	keep	4.3086	12.6667	512	256
002059.png	reject	8.0477	31.3333	512	256
002060.png	reject	12.1808	24.0000	512	256
002061.png	keep	1.7262	4.0000	512	256
002062.png	keep	3.8690	7.6667	512	256
002063.png	keep	3.5891	6.3333	512	256
002064.png	keep	1.3303	2.3333	512	256
002065.png	keep	3.2237	9.6667	512	256
002066.png	keep	2.4576	7.6667	512	256
002067.png	keep	3.3263	10.3333	512	256
002068.png	reject	16.8230	38.6667	512	256
002069.png	keep	9.2932	22.0000	512	256
002070.png	reject	25.2778	64.6667	512	256
002071.png	keep	8.0854	13.0000	512	256
002072.png	keep	5.2737	11.0000	512	256
002073.png	reject	15.7301	32.3333	512	256
002074.png	reject	8.0274	31.3333	512	256
002075.png	keep	3.6604	8.6667	512	256
002076.png	keep	7.5884	14.6667	512	256
002077.png	keep	2.5323	7.3333	512	256
002078.png	keep	4.0502	9.3333	512	256
002079.png	keep	1.1902	3.0000	512	256
002080.png	keep	1.5551	2.6667	512	256
002081.png	keep	3.5150	7.6667	512	256
002082.png	keep	7.6303	13.6667	512	256
002083.png	keep	2.3000	6.6667	512	256
002084.png	reject	10.8486	40.0000	512	256
002085.png	keep	4.6825	9.6667	512	256
002086.png	reject	10.0559	20.3333	512	256
002087.png	keep	4.0025	8.6667	512	256
002088.png	reject	9.7257	30.3333	512	256
002089.png	keep	8.9755	16.6667	512	256
002090.png	keep	9.7517	15.6667	512	256
002091.png	keep	2.2080	4.3333	512	256
002092.png	keep	7.6275	15.6667	512	256
002093.png	keep	1.6594	3.6667	512	256
002094.png	keep	5.3870	12.0000	512	256
002095.png	keep	2.6173	7.0000	512	256
002096.png	keep	1.5569	3.0000	512	256
002097.png	keep	4.5659	12.0000	512	256
002098.png	keep	6.7405	10.6667	512	256
002099.png	keep	3.7556	7.3333	512	256
002100.png	reject	18.7105	31.0000	512	256
002101.png	keep	6.2211	14.3333	512	256
002102.png	reject	15.4792	24.0000	512	256
002103.png	keep	5.7522	9.0000	512	256
002104.png	keep	7.2373	13.6667	512	256
002105.png	reject	14.7107	26.0000	512	256
002106.png	keep	8.6466	18.3333	512	256
002107.png	reject	7.6090	24.6667	512	256
002108.png	reject	10.2662	22.3333	512	256
002109.png	keep	1.8046	3.6667	512	256
002110.png	keep	5.0579	10.6667	512	256
002111.png	keep	1.0952	2.6667	512	256
002112.png	keep	2.2112	4.0000	512	256
002113.png	reject	12.0014	39.3333	512	256
002114.png	keep	2.7239	6.0000	512	256
002115.png	keep	5.0158	8.0000	512	256
002116.png	keep	6.8680	14.6667	512	256
002117.png	reject	12.7948	27.0000	512	256
002118.png	keep	7.7129	21.0000	512	256
002119.png	keep	8.6749	20.6667	512	256
002120.png	reject	46.1972	88.3333	512	256
002121.png	keep	6.6622	13.0000	512	256
002122.png	keep	3.7535	8.0000	512	256
002123.png	keep	2.6026	6.0000	512	256
002124.png	keep	9.3946	19.3333	512	256
002125.png	keep	4.3235	5.6667	512	256
002126.png	keep	5.8970	12.3333	512	256
002127.png	keep	1.1715	3.0000	512	256
002128.png	keep	8.3022	16.0000	512	256
002129.png	keep	3.0807	8.3333	512	256
002130.png	keep	4.7266	13.6667	512	256
002131.png	keep	5.9788	16.3333	512	256
002132.png	keep	5.3902	12.6667	512	256
002133.png	reject	37.8240	55.6667	512	256
002134.png	keep	4.7540	11.0000	512	256
002135.png	reject	11.8426	22.6667	512	256
002136.png	reject	17.0197	39.3333	512	256
002137.png	keep	7.8989	13.6667	512	256
002138.png	keep	2.6898	5.6667	512	256
002139.png	keep	2.4751	6.3333	512	256
002140.png	reject	15.1825	29.0000	512	256
002141.png	keep	4.1266	20.3333	512	256
002142.png	keep	1.9460	5.0000	512	256
002143.png	keep	1.2497	3.0000	512	256
002144.png	keep	0.8602	1.6667	512	256
002145.png	keep	8.0857	20.6667	512	256
002146.png	keep	1.9447	4.3333	512	256
002147.png	reject	15.5165	38.3333	512	256
002148.png	reject	9.0973	26.3333	512	256
002149.png	reject	27.7118	63.3333	512	256
002150.png	keep	1.6039	3.6667	512	256
002151.png	keep	3.4924	9.3333	512	256
002152.png	reject	16.5332	34.0000	512	256
002153.png	keep	6.4360	14.0000	512	256
002154.png	reject	10.8572	24.0000	512	256
002155.png	keep	2.9679	6.0000	512	256
002156.png	reject	13.0730	27.6667	512	256
002157.png	keep	2.0597	5.0000	512	256
002158.png	reject	13.1047	19.6667	512	256
002159.png	keep	1.9067	5.0000	512	256
002160.png	keep	1.5214	3.3333	512	256
002161.png	keep	7.8367	18.0000	512	256
002162.png	keep	2.3926	5.6667	512	256
002163.png	keep	9.8457	17.3333	512	256
002164.png	keep	4.8880	10.6667	512	256
002165.png	reject	37.3151	60.6667	512	256
002166.png	keep	2.3570	5.3333	512	256
002167.png	keep	8.0580	16.0000	512	256
002168.png	keep	1.3409	2.6667	512	256
002169.png	keep	6.6305	15.6667	512	256
002170.png	keep	3.6250	8.0000	512	256
002171.png	keep	3.6018	8.0000	512	256
002172.png	keep	5.1572	11.3333	512	256
002173.png	keep	1.4316	3.3333	512	256
002174.png	keep	2.5323	7.0000	512	256
002175.png	keep	1.2126	2.6667	512	256
002176.png	keep	0.9957	2.0000	512	256
002177.png	reject	7.7410	30.0000	512	256
002178.png	keep	2.2850	6.3333	512	256
002179.png	keep	2.3282	5.6667	512	256
002180.png	keep	6.4891	14.3333	512	256
002181.png	reject	13.8252	31.0000	512	256
002182.png	keep	3.1931	7.3333	512	256
002183.png	reject	12.3806	18.3333	512	256
002184.png	keep	1.0367	2.3333	512	256
002185.png	keep	9.2688	18.6667	512	256
002186.png	keep	2.7071	4.6667	512	256
002187.png	keep	4.5585	9.0000	512	256
002188.png	reject	11.8361	24.6667	512	256
002189.png	keep	3.0681	6.3333	512	256
002190.png	keep	3.3894	10.6667	512	256
002191.png	keep	2.1361	3.6667	512	256
002192.png	keep	2.6406	6.0000	512	256
002193.png	keep	4.7870	11.0000	512	256
002194.png	reject	10.6831	31.6667	512	256
002195.png	keep	2.4344	6.0000	512	256
002196.png	keep	6.5572	15.0000	512	256
002197.png	keep	5.6490	9.6667	512	256
002198.png	keep	1.7670	4.3333	512	256
002199.png	keep	5.5464	12.3333	512	256
002200.png	keep	2.7672	5.3333	512	256
002201.png	keep	9.4283	18.0000	512	256
002202.png	keep	3.5186	7.3333	512	256
002203.png	keep	2.9656	6.0000	512	256
002204.png	reject	13.4923	29.0000	512	256
002205.png	keep	1.2781	2.6667	512	256
002206.png	keep	3.1475	8.0000	512	256
002207.png	keep	2.0224	3.3333	512	256
002208.png	keep	1.5657	3.3333	512	256
002209.png	keep	1.7705	4.0000	512	256
002210.png	keep	1.6613	4.0000	512	256
002211.png	reject	10.5974	21.0000	512	256
002212.png	keep	6.6276	15.3333	512	256
002213.png	keep	8.9803	15.3333	512	256
002214.png	keep	1.9289	3.6667	512	256
002215.png	reject	9.7835	32.6667	512	256
002216.png	keep	2.1626	5.3333	512	256
002217.png	keep	9.0087	13.6667	512	256
002218.png	keep	5.5868	10.6667	512	256
002219.png	keep	4.0140	7.6667	512	256
002220.png	keep	5.9365	15.0000	512	256
002221.png	keep	2.3030	5.0000	512	256
002222.png	keep	3.0910	6.6667	512	256
002223.png	keep	1.7409	3.3333	512	256
002224.png	keep	1.0981	2.3333	512	256
002225.png	reject	7.0434	32.0000	512	256
002226.png	keep	2.1390	5.0000	512	256
002227.png	keep	5.8589	13.3333	512	256
002228.png	reject	12.3629	28.0000	512	256
002229.png	reject	10.5888	23.3333	512	256
002230.png	keep	1.7500	3.6667	512	256
002231.png	keep	6.1815	14.3333	512	256
002232.png	keep	2.0415	4.6667	512	256
002233.png	reject	10.0003	19.6667	512	256
002234.png	keep	6.4875	11.6667	512	256
002235.png	keep	5.5198	10.3333	512	256
002236.png	keep	8.2590	17.6667	512	256
002237.png	keep	2.1060	4.0000	512	256
002238.png	keep	3.7464	10.0000	512	256
002239.png	keep	1.5944	3.0000	512	256
002240.png	keep	3.3742	6.0000	512	256
002241.png	keep	7.8733	13.0000	512	256
002242.png	reject	13.1158	26.6667	512	256
002243.png	keep	6.1423	14.6667	512	256
002244.png	keep	8.2650	16.3333	512	256
002245.png	reject	15.4268	32.3333	512	256
002246.png	keep	1.8925	4.0000	512	256
002247.png	keep	7.7328	14.3333	512	256
002248.png	keep	2.7134	5.6667	512	256
002249.png	reject	10.8619	21.0000	512	256
002250.png	keep	3.1564	7.0000	512	256
002251.png	keep	3.2379	10.0000	512	256
002252.png	reject	16.9076	28.3333	512	256
002253.png	keep	3.2909	7.3333	512	256
002254.png	keep	5.8321	20.6667	512	256
002255.png	keep	1.8530	5.0000	512	256
002256.png	keep	2.1237	4.0000	512	256
002257.png	keep	4.7310	12.0000	512	256
002258.png	keep	6.3604	16.6667	512	256
002259.png	keep	3.8239	8.0000	512	256
002260.png	reject	11.9326	18.6667	512	256
002261.png	keep	2.8765	5.6667	512	256
002262.png	keep	1.8112	5.0000	512	256
002263.png	keep	8.1039	20.3333	512	256
002264.png	keep	1.3140	3.0000	512	256
002265.png	reject	11.6879	19.0000	512	256
002266.png	keep	5.3615	15.3333	512	256
002267.png	reject	10.6199	30.6667	512	256
002268.png	reject	17.6078	31.6667	512	256
002269.png	keep	1.8786	4.3333	512	256
002270.png	keep	2.6995	11.6667	512	256
002271.png	keep	1.2645	2.6667	512	256
002272.png	keep	2.0181	4.3333	512	256
002273.png	keep	5.6369	14.6667	512	256
002274.png	keep	3.9450	10.6667	512	256
002275.png	reject	9.5426	23.0000	512	256
002276.png	reject	10.2662	22.6667	512	256
002277.png	keep	8.6104	19.3333	512	256
002278.png	keep	2.6639	5.0000	512	256
002279.png	reject	14.9849	53.0000	512	256
002280.png	keep	1.2290	2.6667	512	256
002281.png	reject	12.0782	25.6667	512	256
002282.png	keep	3.0261	5.6667	512	256
002283.png	keep	5.7222	8.6667	512	256
002284.png	keep	7.7613	16.3333	512	256
002285.png	keep	1.4622	3.0000	512	256
002286.png	keep	2.3874	6.0000	512	256
002287.png	keep	1.6644	3.6667	512	256
002288.png	keep	2.4473	4.3333	512	256
002289.png	keep	3.3748	6.0000	512	256
002290.png	keep	7.0980	16.3333	512	256
002291.png	keep	4.9135	11.3333	512	256
002292.png	reject	10.4677	17.6667	512	256
002293.png	reject	11.8756	17.6667	512	256
002294.png	keep	1.7031	4.0000	512	256
002295.png	reject	17.5698	52.6667	512	256
002296.png	keep	1.8507	3.0000	512	256
002297.png	keep	6.8331	13.0000	512	256
002298.png	keep	3.0708	7.0000	512	256
002299.png	keep	3.5674	8.0000	512	256
002300.png	keep	6.6736	14.3333	512	256
002301.png	keep	1.3070	2.3333	512	256
002302.png	keep	2.9287	8.3333	512	256
002303.png	keep	0.9290	2.3333	512	256
002304.png	keep	0.9244	2.3333	512	256
002305.png	keep	3.4362	10.3333	512	256
002306.png	keep	5.8407	13.6667	512	256
002307.png	keep	2.7547	10.3333	512	256
002308.png	keep	6.6611	14.0000	512	256
002309.png	reject	12.2029	27.3333	512	256
002310.png	keep	1.3069	3.0000	512	256
002311.png	keep	3.6811	7.3333	512	256
002312.png	keep	1.3651	2.6667	512	256
002313.png	reject	11.2465	23.6667	512	256
002314.png	keep	2.4981	5.0000	512	256
002315.png	keep	2.4359	4.0000	512	256
002316.png	keep	8.3382	21.0000	512	256
002317.png	keep	2.8163	5.6667	512	256
002318.png	keep	2.0377	5.0000	512	256
002319.png	keep	3.5191	5.3333	512	256
002320.png	keep	1.5819	2.6667	512	256
002321.png	keep	7.6942	19.6667	512	256
002322.png	keep	9.8005	22.0000	512	256
002323.png	keep	5.1033	12.3333	512	256
002324.png	reject	14.6820	26.3333	512	256
002325.png	keep	9.6694	18.0000	512	256
002326.png	keep	2.3505	5.0000	512	256
002327.png	reject	11.3424	23.0000	512	256
002328.png	keep	1.3336	2.3333	512	256
002329.png	keep	8.7226	14.0000	512	256
002330.png	keep	2.1038	4.3333	512	256
002331.png	keep	3.2589	7.6667	512	256
002332.png	keep	7.2143	18.3333	512	256
002333.png	keep	1.0046	2.6667	512	256
002334.png	keep	3.8069	8.6667	512	256
002335.png	keep	4.6629	7.6667	512	256
002336.png	keep	1.8218	3.3333	512	256
002337.png	keep	3.0287	9.0000	512	256
002338.png	keep	3.2512	7.6667	512	256
002339.png	keep	5.0997	12.6667	512	256
002340.png	reject	15.2185	31.3333	512	256
002341.png	keep	6.6467	16.3333	512	256
002342.png	keep	2.9182	7.0000	512	256
002343.png	keep	3.4650	8.3333	512	256
002344.png	keep	1.8538	4.6667	512	256
002345.png	reject	13.2082	23.6667	512	256
002346.png	keep	5.9365	20.3333	512	256
002347.png	keep	2.5716	4.3333	512	256
002348.png	reject	17.7721	35.0000	512	256
002349.png	keep	1.1654	2.3333	512	256
002350.png	keep	2.0104	5.6667	512	256
002351.png	keep	2.2467	4.3333	512	256
002352.png	keep	1.2841	3.6667	512	256
002353.png	keep	2.4188	5.3333	512	256
002354.png	keep	4.9598	13.6667	512	256
002355.png	keep	7.7785	15.0000	512	256
002356.png	keep	6.8942	14.0000	512	256
002357.png	keep	9.7472	16.6667	512	256
002358.png	keep	1.9319	4.0000	512	256
002359.png	reject	23.7763	71.0000	512	256
002360.png	keep	1.9594	4.3333	512	256
002361.png	reject	11.4045	18.6667	512	256
002362.png	keep	2.2720	5.3333	512	256
002363.png	keep	4.2647	9.6667	512	256
002364.png	keep	6.6263	15.6667	512	256
002365.png	keep	1.0228	2.0000	512	256
002366.png	keep	2.1458	4.0000	512	256
002367.png	keep	1.9328	3.3333	512	256
002368.png	keep	1.6249	4.6667	512	256
002369.png	keep	3.1981	7.0000	512	256
002370.png	keep	6.9723	15.3333	512	256
002371.png	keep	6.0874	17.3333	512	256
002372.png	keep	5.5910	16.3333	512	256
002373.png	keep	9.1561	21.6667	512	256
002374.png	keep	3.8852	6.3333	512	256
002375.png	keep	2.9901	5.6667	512	256
002376.png	keep	1.2791	2.6667	512	256
002377.png	keep	8.6874	18.0000	512	256
002378.png	keep	1.8257	3.3333	512	256
002379.png	keep	4.1113	10.0000	512	256
002380.png	reject	11.2621	30.6667	512	256
002381.png	keep	1.1855	2.0000	512	256
002382.png	keep	1.2778	2.6667	512	256
002383.png	keep	4.6734	14.3333	512	256
002384.png	keep	1.5704	3.6667	512	256
002385.png	keep	2.4976	5.0000	512	256
002386.png	keep	5.2594	11.0000	512	256
002387.png	keep	7.1430	16.0000	512	256
002388.png	reject	11.0835	23.3333	512	256
002389.png	reject	17.0124	27.0000	512	256
002390.png	keep	2.2009	4.3333	512	256
002391.png	keep	2.3682	4.3333	512	256
002392.png	keep	4.0399	7.6667	512	256
002393.png	keep	8.3950	16.0000	512	256
002394.png	keep	1.9324	4.6667	512	256
002395.png	keep	3.4496	6.0000	512	256
002396.png	keep	7.7463	19.0000	512	256
002397.png	keep	2.3477	4.3333	512	256
002398.png	keep	3.5000	7.0000	512	256
002399.png	keep	1.8172	3.3333	512	256
002400.png	keep	1.8494	3.3333	512	256
002401.png	reject	11.5468	43.0000	512	256
002402.png	keep	3.7059	7.6667	512	256
002403.png	keep	3.7096	9.3333	512	256
002404.png	reject	12.5229	21.0000	512	256
002405.png	keep	7.3900	15.3333	512	256
002406.png	keep	6.4681	11.6667	512	256
002407.png	keep	3.7559	7.0000	512	256
002408.png	keep	1.8863	4.6667	512	256
002409.png	reject	41.5208	89.6667	512	256
002410.png	keep	1.7549	4.0000	512	256
002411.png	keep	2.9201	6.3333	512	256
002412.png	keep	5.2674	14.6667	512	256
002413.png	keep	1.3223	2.6667	512	256
002414.png	keep	7.1620	15.3333	512	256
002415.png	keep	1.6445	4.0000	512	256
002416.png	keep	1.7727	3.3333	512	256
002417.png	keep	1.6285	4.3333	512	256
002418.png	keep	6.4353	13.3333	512	256
002419.png	reject	9.1644	22.3333	512	256
002420.png	reject	9.2595	24.3333	512	256
002421.png	keep	7.5655	11.6667	512	256
002422.png	reject	13.0756	21.0000	512	256
002423.png	keep	3.0527	6.3333	512	256
002424.png	keep	2.9262	6.0000	512	256
002425.png	keep	9.1636	17.6667	512	256
002426.png	keep	1.3681	3.3333	512	256
002427.png	keep	3.3749	7.3333	512	256
002428.png	reject	17.5053	34.3333	512	256
002429.png	keep	1.6326	3.6667	512	256
002430.png	keep	2.3100	5.3333	512	256
002431.png	keep	1.3970	3.3333	512	256
002432.png	keep	1.1746	2.3333	512	256
002433.png	keep	1.6941	4.0000	512	256
002434.png	keep	6.6447	17.0000	512	256
002435.png	keep	5.9922	13.3333	512	256
002436.png	reject	8.0550	23.0000	512	256
002437.png	keep	8.4724	14.3333	512	256
002438.png	reject	17.0348	38.3333	512	256
002439.png	keep	8.8854	18.6667	512	256
002440.png	keep	1.8941	4.3333	512	256
002441.png	keep	7.3941	13.3333	512	256
002442.png	keep	1.8309	4.0000	512	256
002443.png	keep	4.2129	6.6667	512	256
002444.png	keep	8.9144	15.0000	512	256
002445.png	keep	1.2640	2.3333	512	256
002446.png	keep	1.9369	4.3333	512	256
002447.png	keep	1.5262	3.6667	512	256
002448.png	keep	1.0596	2.0000	512	256
002449.png	keep	2.4524	6.3333	512	256
002450.png	reject	10.8080	23.3333	512	256
002451.png	keep	6.2000	16.0000	512	256
002452.png	keep	7.0827	17.0000	512	256
002453.png	reject	10.9310	33.6667	512	256
002454.png	reject	35.8609	76.0000	512	256
002455.png	keep	7.4501	13.3333	512	256
002456.png	keep	1.4867	3.3333	512	256
002457.png	keep	6.3025	17.3333	512	256
002458.png	keep	1.7292	4.0000	512	256
002459.png	keep	3.1862	7.3333	512	256
002460.png	keep	6.6541	11.6667	512	256
002461.png	keep	1.7641	4.0000	512	256
002462.png	keep	1.4633	3.3333	512	256
002463.png	keep	3.1378	9.0000	512	256
002464.png	keep	0.8386	2.6667	512	256
002465.png	keep	7.3065	14.6667	512	256
002466.png	keep	7.2631	18.3333	512	256
002467.png	keep	8.6098	17.6667	512	256
002468.png	reject	13.2987	22.6667	512	256
002469.png	reject	15.0584	39.0000	512	256
002470.png	reject	16.6287	37.0000	512	256
002471.png	keep	3.7152	9.0000	512	256
002472.png	keep	2.1298	4.0000	512	256
002473.png	reject	7.9768	23.3333	512	256
002474.png	keep	2.0821	4.0000	512	256
002475.png	keep	4.0825	10.0000	512	256
002476.png	reject	29.9891	57.3333	512	256
002477.png	keep	1.4861	3.0000	512	256
002478.png	keep	5.4706	10.0000	512	256
002479.png	keep	8.0095	12.3333	512	256
002480.png	keep	1.8458	6.6667	512	256
002481.png	keep	2.0122	4.6667	512	256
002482.png	keep	9.3319	21.6667	512	256
002483.png	keep	7.0456	12.6667	512	256
002484.png	reject	11.3319	22.6667	512	256
002485.png	keep	5.5245	12.0000	512	256
002486.png	reject	36.6971	75.0000	512	256
002487.png	keep	6.3155	13.3333	512	256
002488.png	keep	1.1933	2.3333	512	256
002489.png	keep	5.5931	10.3333	512	256
002490.png	keep	2.5361	6.0000	512	256
002491.png	keep	4.1601	12.0000	512	256
002492.png	keep	4.2036	9.6667	512	256
002493.png	keep	1.3401	2.6667	512	256
002494.png	keep	2.0484	4.6667	512	256
002495.png	keep	1.3434	3.3333	512	256
002496.png	keep	3.1823	9.0000	512	256
002497.png	keep	3.8089	7.0000	512	256
002498.png	keep	7.1588	18.0000	512	256
002499.png	reject	14.9420	31.0000	512	256
002500.png	keep	9.6683	17.3333	512	256
002501.png	keep	9.0830	16.0000	512	256
002502.png	reject	13.8349	30.3333	512	256
002503.png	keep	8.0675	15.0000	512	256
002504.png	keep	1.7228	4.3333	512	256
002505.png	reject	8.6175	24.6667	512	256
002506.png	keep	2.3740	6.0000	512	256
002507.png	keep	3.3059	7.3333	512	256
002508.png	keep	5.3936	14.0000	512	256
002509.png	keep	1.6503	3.6667	512	256
002510.png	keep	2.3241	5.6667	512	256
002511.png	keep	2.5218	5.6667	512	256
002512.png	keep	1.9362	7.0000	512	256
002513.png	reject	10.0312	35.0000	512	256
002514.png	reject	11.1379	26.6667	512	256
002515.png	keep	6.1521	13.0000	512	256
002516.png	keep	9.3348	18.0000	512	256
002517.png	reject	27.8467	54.6667	512	256
002518.png	reject	42.5242	99.0000	512	256
002519.png	reject	27.9087	85.6667	512	256
002520.png	keep	2.5356	5.6667	512	256
002521.png	keep	6.6064	12.0000	512	256
002522.png	keep	1.6371	3.6667	512	256
002523.png	keep	2.2209	4.6667	512	256
002524.png	reject	10.9177	18.6667	512	256
002525.png	keep	2.2059	4.3333	512	256
002526.png	keep	1.4486	3.3333	512	256
002527.png	keep	3.2727	8.0000	512	256
002528.png	keep	1.3450	2.3333	512	256
002529.png	keep	7.1578	13.3333	512	256
002530.png	keep	7.4600	21.0000	512	256
002531.png	keep	5.4943	15.6667	512	256
002532.png	reject	13.2900	19.0000	512	256
002533.png	reject	14.2388	28.3333	512	256
002534.png	reject	7.9679	25.3333	512	256
002535.png	keep	5.3416	12.3333	512	256
002536.png	keep	3.8614	9.6667	512	256
002537.png	keep	8.4029	13.3333	512	256
002538.png	keep	2.5236	5.0000	512	256
002539.png	keep	3.6184	10.0000	512	256
002540.png	reject	7.2834	22.6667	512	256
002541.png	keep	1.7545	5.6667	512	256
002542.png	keep	2.3752	5.3333	512	256
002543.png	keep	3.0877	7.0000	512	256
002544.png	keep	1.6095	2.6667	512	256
002545.png	reject	14.0827	23.0000	512	256
002546.png	reject	21.1516	33.3333	512	256
002547.png	keep	6.6780	14.0000	512	256
002548.png	keep	7.0440	17.0000	512	256
002549.png	keep	8.3182	19.0000	512	256
002550.png	reject	12.0067	26.3333	512	256
002551.png	keep	4.1082	6.3333	512	256
002552.png	keep	1.7310	3.6667	512	256
002553.png	reject	10.0548	17.3333	512	256
002554.png	keep	2.1169	5.0000	512	256
002555.png	keep	3.9221	6.3333	512	256
002556.png	keep	6.2582	12.6667	512	256
002557.png	keep	4.4896	8.0000	512	256
002558.png	keep	3.5569	7.6667	512	256
002559.png	keep	2.3362	6.0000	512	256
002560.png	keep	1.2437	3.0000	512	256
002561.png	keep	1.5131	3.6667	512	256
002562.png	reject	14.0706	24.6667	512	256
002563.png	keep	2.1537	5.3333	512	256
002564.png	reject	12.3035	22.3333	512	256
002565.png	keep	8.5860	15.3333	512	256
002566.png	reject	15.1536	27.6667	512	256
002567.png	keep	7.3160	17.3333	512	256
002568.png	keep	2.1855	5.0000	512	256
002569.png	reject	13.3372	26.0000	512	256
002570.png	reject	10.6189	42.6667	512	256
002571.png	keep	3.4326	7.6667	512	256
002572.png	keep	6.5308	17.6667	512	256
002573.png	keep	5.7478	15.6667	512	256
002574.png	keep	4.0101	9.0000	512	256
002575.png	keep	2.5576	5.3333	512	256
002576.png	keep	1.0605	2.0000	512	256
002577.png	keep	3.4264	9.0000	512	256
002578.png	reject	15.1515	29.0000	512	256
002579.png	keep	4.8121	8.6667	512	256
002580.png	keep	6.9476	14.0000	512	256
002581.png	keep	9.2777	14.0000	512	256
002582.png	reject	12.3056	24.3333	512	256
002583.png	keep	5.2583	10.3333	512	256
002584.png	keep	1.7044	3.3333	512	256
002585.png	reject	10.8109	21.0000	512	256
002586.png	keep	1.6793	3.0000	512	256
002587.png	reject	10.7408	26.3333	512	256
002588.png	reject	22.4345	68.3333	512	256
002589.png	keep	7.5845	17.0000	512	256
002590.png	keep	1.7612	5.6667	512	256
002591.png	keep	5.2632	12.6667	512	256
002592.png	keep	1.0339	2.3333	512	256
002593.png	keep	4.1697	11.0000	512	256
002594.png	keep	6.9043	20.6667	512	256
002595.png	keep	5.5276	13.3333	512	256
002596.png	keep	6.9311	16.0000	512	256
002597.png	keep	8.3143	19.3333	512	256
002598.png	reject	17.8188	50.6667	512	256
002599.png	reject	13.4144	21.6667	512	256
002600.png	keep	1.6563	3.6667	512	256
002601.png	reject	13.2101	60.3333	512	256
002602.png	keep	2.3155	6.0000	512	256
002603.png	keep	2.7258	5.6667	512	256
002604.png	reject	8.3518	27.0000	512	256
002605.png	keep	2.4481	5.3333	512	256
002606.png	keep	1.9074	4.0000	512	256
002607.png	keep	6.6911	14.3333	512	256
002608.png	keep	5.1497	12.6667	512	256
002609.png	keep	6.3493	14.0000	512	256
002610.png	keep	3.7407	10.0000	512	256
002611.png	keep	2.5813	6.6667	512	256
002612.png	reject	13.4111	22.3333	512	256
002613.png	reject	11.6916	19.0000	512	256
002614.png	reject	12.9966	35.3333	512	256
002615.png	keep	6.1894	11.6667	512	256
002616.png	keep	4.2188	7.6667	512	256
002617.png	reject	10.4657	16.6667	512	256
002618.png	keep	4.2711	9.6667	512	256
002619.png	keep	2.7113	5.6667	512	256
002620.png	reject	10.0284	31.3333	512	256
002621.png	reject	12.7841	31.0000	512	256
002622.png	keep	3.8076	7.0000	512	256
002623.png	keep	7.5676	19.0000	512	256
002624.png	keep	1.8089	8.0000	512	256
002625.png	keep	8.2866	18.0000	512	256
002626.png	reject	11.0614	19.3333	512	256
002627.png	keep	1.2537	3.0000	512	256
002628.png	reject	12.3370	21.6667	512	256
002629.png	keep	5.9351	13.0000	512	256
002630.png	reject	21.8496	52.0000	512	256
002631.png	keep	9.6060	17.3333	512	256
002632.png	keep	6.1107	8.0000	512	256
002633.png	keep	5.5559	11.0000	512	256
002634.png	keep	5.1636	9.6667	512	256
002635.png	keep	2.3766	5.3333	512	256
002636.png	keep	4.3604	9.6667	512	256
002637.png	reject	28.2081	75.6667	512	256
002638.png	keep	4.2117	8.6667	512	256
002639.png	reject	10.1680	21.0000	512	256
002640.png	keep	3.6759	11.3333	512	256
002641.png	keep	4.7220	10.3333	512	256
002642.png	keep	5.3138	12.6667	512	256
002643.png	keep	1.8900	4.0000	512	256
002644.png	reject	12.8326	24.3333	512	256
002645.png	keep	9.8230	17.6667	512	256
002646.png	reject	19.2952	40.6667	512	256
002647.png	reject	22.1505	49.0000	512	256
002648.png	keep	1.8648	4.0000	512	256
002649.png	keep	6.3357	12.0000	512	256
002650.png	keep	1.4998	3.3333	512	256
002651.png	keep	3.2659	7.0000	512	256
002652.png	reject	17.0304	53.6667	512	256
002653.png	keep	1.7285	3.3333	512	256
002654.png	keep	1.1903	2.6667	512	256
002655.png	keep	4.7752	11.6667	512	256
002656.png	keep	1.4767	5.0000	512	256
002657.png	keep	8.5287	17.0000	512	256
002658.png	keep	5.2589	10.3333	512	256
002659.png	keep	1.1976	2.6667	512	256
002660.png	reject	10.8035	19.3333	512	256
002661.png	reject	10.7289	20.3333	512	256
002662.png	reject	16.6782	37.6667	512	256
002663.png	reject	11.7137	45.3333	512	256
002664.png	keep	1.6702	4.0000	512	256
002665.png	keep	8.2722	17.0000	512	256
002666.png	keep	1.7698	4.3333	512	256
002667.png	keep	5.9112	17.3333	512	256
002668.png	keep	3.3770	11.0000	512	256
002669.png	reject	18.2662	48.3333	512	256
002670.png	reject	22.8169	53.0000	512	256
002671.png	keep	3.0436	7.3333	512	256
002672.png	keep	1.2799	2.6667	512	256
002673.png	reject	21.6410	40.6667	512	256
002674.png	keep	8.0403	18.6667	512	256
002675.png	keep	2.6897	5.6667	512	256
002676.png	keep	6.3272	16.3333	512	256
002677.png	keep	6.5129	11.3333	512	256
002678.png	reject	26.7062	67.3333	512	256
002679.png	reject	13.3807	47.3333	512	256
002680.png	keep	3.0166	6.6667	512	256
002681.png	keep	9.8349	17.3333	512	256
002682.png	reject	16.8925	36.3333	512	256
002683.png	keep	2.9714	7.3333	512	256
002684.png	keep	3.2500	7.0000	512	256
002685.png	keep	3.0121	10.3333	512	256
002686.png	keep	2.8395	6.0000	512	256
002687.png	reject	16.3481	34.0000	512	256
002688.png	keep	0.8073	2.0000	512	256
002689.png	keep	6.5453	16.0000	512	256
002690.png	reject	18.0584	46.0000	512	256
002691.png	keep	3.6444	9.0000	512	256
002692.png	keep	9.4362	17.6667	512	256
002693.png	reject	10.1571	27.0000	512	256
002694.png	reject	33.7860	56.6667	512	256
002695.png	reject	12.2338	19.6667	512	256
002696.png	keep	4.2134	10.3333	512	256
002697.png	reject	11.2929	26.6667	512	256
002698.png	keep	2.1718	4.3333	512	256
002699.png	keep	3.6973	7.6667	512	256
002700.png	keep	3.7571	7.6667	512	256
002701.png	keep	2.3656	4.6667	512	256
002702.png	keep	3.0191	6.6667	512	256
002703.png	keep	8.1245	19.0000	512	256
002704.png	keep	0.9329	2.0000	512	256
002705.png	keep	8.3414	18.6667	512	256
002706.png	keep	2.8426	6.6667	512	256
002707.png	keep	1.8897	4.6667	512	256
002708.png	keep	5.1972	10.0000	512	256
002709.png	reject	8.5037	25.0000	512	256
002710.png	reject	10.3478	19.6667	512	256
002711.png	reject	17.2354	71.6667	512	256
002712.png	keep	1.0550	2.6667	512	256
002713.png	keep	6.4368	13.0000	512	256
002714.png	reject	11.9687	28.6667	512	256
002715.png	keep	2.1460	3.6667	512	256
002716.png	keep	1.4641	3.3333	512	256
002717.png	keep	2.0645	4.3333	512	256
002718.png	keep	1.7196	4.0000	512	256
002719.png	keep	5.6122	10.3333	512	256
002720.png	keep	5.9764	12.0000	512	256
002721.png	keep	5.4543	9.6667	512	256
002722.png	keep	6.9246	17.6667	512	256
002723.png	keep	1.8913	3.6667	512	256
002724.png	keep	7.0634	22.0000	512	256
002725.png	keep	7.1667	14.6667	512	256
002726.png	reject	9.3126	24.6667	512	256
002727.png	reject	19.6197	60.6667	512	256
002728.png	keep	2.5629	6.3333	512	256
002729.png	keep	8.6975	16.6667	512	256
002730.png	keep	4.4839	10.0000	512	256
002731.png	keep	5.4423	8.6667	512	256
002732.png	keep	4.0231	9.6667	512	256
002733.png	keep	2.3736	6.6667	512	256
002734.png	keep	2.0414	4.0000	512	256
002735.png	keep	7.2964	13.6667	512	256
002736.png	keep	1.3672	3.6667	512	256
002737.png	reject	10.0839	17.6667	512	256
002738.png	keep	4.8182	10.6667	512	256
002739.png	keep	2.0200	4.3333	512	256
002740.png	keep	6.2576	11.0000	512	256
002741.png	reject	15.6809	31.3333	512	256
002742.png	reject	20.3971	46.0000	512	256
002743.png	keep	4.1966	9.0000	512	256
002744.png	reject	19.6167	41.6667	512	256
002745.png	keep	5.1033	9.6667	512	256
002746.png	keep	2.0840	4.0000	512	256
002747.png	keep	6.7581	15.3333	512	256
002748.png	keep	3.8486	8.6667	512	256
002749.png	keep	2.5556	6.6667	512	256
002750.png	keep	7.2746	21.0000	512	256
002751.png	keep	7.1198	10.3333	512	256
002752.png	keep	3.5765	12.3333	512	256
002753.png	keep	7.2832	13.3333	512	256
002754.png	keep	3.1985	8.0000	512	256
002755.png	keep	1.8234	3.0000	512	256
002756.png	keep	2.6268	7.0000	512	256
002757.png	keep	3.8393	10.3333	512	256
002758.png	reject	19.8715	56.0000	512	256
002759.png	reject	16.1999	37.3333	512	256
002760.png	keep	1.4913	3.0000	512	256
002761.png	keep	9.5277	18.0000	512	256
002762.png	keep	4.2420	10.3333	512	256
002763.png	keep	2.6027	4.3333	512	256
002764.png	keep	3.6093	6.6667	512	256
002765.png	keep	2.3262	4.6667	512	256
002766.png	keep	3.3958	7.6667	512	256
002767.png	keep	4.6160	8.3333	512	256
002768.png	keep	2.8360	8.0000	512	256
002769.png	keep	9.1974	20.0000	512	256
002770.png	keep	2.2727	6.0000	512	256
002771.png	keep	1.0093	2.0000	512	256
002772.png	keep	7.3070	17.0000	512	256
002773.png	keep	9.7010	18.6667	512	256
002774.png	reject	32.0660	47.0000	512	256
002775.png	keep	6.1875	15.3333	512	256
002776.png	keep	1.4989	3.3333	512	256
002777.png	keep	8.5166	16.0000	512	256
002778.png	keep	4.0160	10.0000	512	256
002779.png	keep	4.7313	8.0000	512	256
002780.png	keep	3.3092	6.6667	512	256
002781.png	keep	2.6209	4.6667	512	256
002782.png	keep	3.2546	10.6667	512	256
002783.png	reject	11.6340	24.3333	512	256
002784.png	keep	2.3888	5.0000	512	256
002785.png	reject	15.7564	25.3333	512	256
002786.png	keep	5.4534	16.0000	512	256
002787.png	reject	14.7439	49.6667	512	256
002788.png	reject	16.9548	33.6667	512	256
002789.png	reject	10.3423	20.3333	512	256
002790.png	reject	21.6423	72.6667	512	256
002791.png	reject	12.6097	52.0000	512	256
002792.png	reject	8.8822	22.6667	512	256
002793.png	keep	8.7926	16.0000	512	256
002794.png	keep	5.0889	16.6667	512	256
002795.png	keep	2.6927	6.0000	512	256
002796.png	keep	4.5789	7.6667	512	256
002797.png	reject	9.1113	35.3333	512	256
002798.png	keep	3.4915	7.3333	512	256
002799.png	keep	8.6918	16.3333	512	256
002800.png	keep	1.6390	3.0000	512	256
002801.png	reject	10.0706	17.3333	512	256
002802.png	keep	6.9126	16.6667	512	256
002803.png	keep	3.3090	10.3333	512	256
002804.png	keep	7.3828	21.0000	512	256
002805.png	reject	14.5568	30.0000	512	256
002806.png	reject	13.3107	32.0000	512	256
002807.png	reject	32.0829	64.6667	512	256
002808.png	keep	1.5809	4.6667	512	256
002809.png	keep	6.1650	12.3333	512	256
002810.png	keep	1.4871	3.3333	512	256
002811.png	keep	3.1436	6.6667	512	256
002812.png	keep	2.5661	4.6667	512	256
002813.png	reject	7.1177	22.6667	512	256
002814.png	keep	1.2823	3.0000	512	256
002815.png	reject	13.8201	40.3333	512	256
002816.png	keep	1.1034	2.6667	512	256
002817.png	reject	14.0679	26.0000	512	256
002818.png	keep	7.0990	13.3333	512	256
002819.png	keep	3.7900	5.3333	512	256
002820.png	keep	6.4584	15.3333	512	256
002821.png	reject	10.2128	27.6667	512	256
002822.png	reject	12.7933	35.6667	512	256
002823.png	reject	12.6091	27.6667	512	256
002824.png	keep	2.1864	5.3333	512	256
002825.png	keep	7.2218	12.6667	512	256
002826.png	keep	1.5923	2.6667	512	256
002827.png	keep	4.4889	8.0000	512	256
002828.png	keep	2.4641	5.3333	512	256
002829.png	keep	1.9348	4.0000	512	256
002830.png	keep	2.3434	5.6667	512	256
002831.png	reject	14.5358	26.0000	512	256
002832.png	reject	10.0076	16.3333	512	256
002833.png	reject	12.8106	37.6667	512	256
002834.png	reject	17.5600	36.3333	512	256
002835.png	reject	10.1450	26.0833	512	256
002836.png	reject	12.1677	21.6667	512	256
002837.png	reject	11.5778	26.6667	512	256
002838.png	reject	19.5974	44.0000	512	256
002839.png	reject	15.7524	40.3333	512	256
002840.png	keep	2.2646	5.0000	512	256
002841.png	reject	11.3797	18.6667	512	256
002842.png	keep	1.6379	3.3333	512	256
002843.png	keep	4.3188	7.3333	512	256
002844.png	keep	3.3317	7.6667	512	256
002845.png	reject	24.1312	74.3333	512	256
002846.png	keep	3.4487	7.6667	512	256
002847.png	keep	9.8098	16.3333	512	256
002848.png	keep	1.9742	4.0000	512	256
002849.png	keep	4.6089	11.0000	512	256
002850.png	keep	5.7713	14.0000	512	256
002851.png	keep	5.9121	17.3333	512	256
002852.png	keep	7.5091	12.6667	512	256
002853.png	keep	4.8513	11.6667	512	256
002854.png	reject	13.3842	49.6667	512	256
002855.png	keep	5.2656	9.6667	512	256
002856.png	keep	1.5201	4.0000	512	256
002857.png	reject	12.5622	20.0000	512	256
002858.png	reject	7.4198	30.6667	512	256
002859.png	keep	2.8419	5.6667	512	256
002860.png	keep	2.2296	4.3333	512	256
002861.png	keep	2.6450	5.6667	512	256
002862.png	keep	2.6324	6.3333	512	256
002863.png	keep	4.7560	8.6667	512	256
002864.png	keep	4.4295	7.3333	512	256
002865.png	reject	9.3910	22.3333	512	256
002866.png	keep	8.5216	21.3333	512	256
002867.png	keep	4.9936	11.3333	512	256
002868.png	keep	7.4242	13.3333	512	256
002869.png	keep	8.2638	16.6667	512	256
002870.png	reject	30.2486	54.3333	512	256
002871.png	reject	12.2325	24.0000	512	256
002872.png	keep	2.2710	5.6667	512	256
002873.png	keep	8.5405	16.3333	512	256
002874.png	reject	13.7395	22.3333	512	256
002875.png	keep	3.0606	6.3333	512	256
002876.png	keep	3.4545	9.6667	512	256
002877.png	keep	2.2389	4.6667	512	256
002878.png	keep	3.0122	9.0000	512	256
002879.png	reject	11.4742	21.0000	512	256
002880.png	keep	1.8100	4.3333	512	256
002881.png	reject	15.9396	28.0000	512	256
002882.png	keep	7.7708	18.0000	512	256
002883.png	keep	3.5030	8.0000	512	256
002884.png	reject	8.2800	27.3333	512	256
002885.png	reject	10.4879	29.6667	512	256
002886.png	keep	3.4987	7.3333	512	256
002887.png	reject	11.0168	19.0000	512	256
002888.png	keep	5.4676	12.6667	512	256
002889.png	keep	2.7589	6.3333	512	256
002890.png	keep	1.9964	3.6667	512	256
002891.png	keep	1.6435	3.3333	512	256
002892.png	keep	2.0868	4.0000	512	256
002893.png	keep	6.5219	15.6667	512	256
002894.png	keep	4.3569	10.3333	512	256
002895.png	reject	17.0366	29.0000	512	256
002896.png	keep	3.2074	6.3333	512	256
002897.png	reject	14.8666	59.3333	512	256
002898.png	keep	5.9094	9.6667	512	256
002899.png	keep	2.9238	7.0000	512	256
002900.png	reject	17.8389	28.3333	512	256
002901.png	reject	10.1362	24.0000	512	256
002902.png	reject	11.4702	26.0000	512	256
002903.png	reject	8.5860	23.3333	512	256
002904.png	keep	2.1807	4.3333	512	256
002905.png	keep	3.5421	5.3333	512	256
002906.png	keep	2.4745	5.6667	512	256
002907.png	keep	7.5650	15.6667	512	256
002908.png	keep	3.3408	6.6667	512	256
002909.png	keep	1.5765	3.3333	512	256
002910.png	keep	3.2475	9.6667	512	256
002911.png	reject	16.8806	48.3333	512	256
002912.png	keep	1.9365	3.6667	512	256
002913.png	keep	5.1825	14.6667	512	256
002914.png	reject	7.6200	22.6667	512	256
002915.png	keep	6.7740	14.3333	512	256
002916.png	keep	6.3944	16.0000	512	256
002917.png	reject	13.3997	25.3333	512	256
002918.png	keep	6.2863	14.3333	512	256
002919.png	keep	8.7147	20.0000	512	256
002920.png	keep	1.5461	3.0000	512	256
002921.png	keep	4.3074	10.3333	512	256
002922.png	reject	13.9828	46.6667	512	256
002923.png	keep	4.1324	11.0000	512	256
002924.png	keep	2.4462	5.0000	512	256
002925.png	keep	2.0315	4.3333	512	256
002926.png	keep	1.7060	4.6667	512	256
002927.png	reject	9.1001	22.3333	512	256
002928.png	keep	0.8322	2.0000	512	256
002929.png	reject	11.7324	27.0000	512	256
002930.png	keep	5.8229	11.3333	512	256
002931.png	reject	11.2867	27.6667	512	256
002932.png	reject	15.0008	28.6667	512	256
002933.png	reject	16.4165	33.3333	512	256
002934.png	reject	10.4581	22.3333	512	256
002935.png	keep	9.2392	21.3333	512	256
002936.png	keep	1.5638	4.7500	512	256
002937.png	keep	6.7451	15.3333	512	256
002938.png	keep	1.7897	3.3333	512	256
002939.png	reject	8.0316	23.0000	512	256
002940.png	keep	2.2089	3.6667	512	256
002941.png	keep	1.1987	2.6667	512	256
002942.png	keep	4.7709	12.6667	512	256
002943.png	reject	22.9967	36.3333	512	256
002944.png	keep	1.1962	2.3333	512	256
002945.png	reject	12.7506	35.6667	512	256
002946.png	keep	2.8932	5.6667	512	256
002947.png	keep	5.3428	10.0000	512	256
002948.png	reject	21.1701	36.3333	512	256
002949.png	reject	8.8898	41.0000	512	256
002950.png	keep	7.5176	17.3333	512	256
002951.png	keep	9.0331	17.6667	512	256
002952.png	keep	1.4757	2.6667	512	256
002953.png	keep	6.8182	11.6667	512	256
002954.png	keep	2.1511	5.3333	512	256
002955.png	keep	3.6117	6.6667	512	256
002956.png	keep	1.8407	3.3333	512	256
002957.png	keep	3.9444	16.6667	512	256
002958.png	keep	2.4747	4.3333	512	256
002959.png	reject	18.9544	31.3333	512	256
002960.png	keep	1.9039	3.6667	512	256
002961.png	reject	13.9543	38.6667	512	256
002962.png	keep	5.8734	12.3333	512	256
002963.png	keep	3.4794	8.6667	512	256
002964.png	keep	6.5969	10.3333	512	256
002965.png	reject	14.4092	26.3333	512	256
002966.png	keep	6.9283	14.0000	512	256
002967.png	keep	6.4413	14.3333	512	256
002968.png	keep	1.2727	2.6667	512	256
002969.png	reject	11.6128	25.6667	512	256
002970.png	keep	1.8009	4.0000	512	256
002971.png	keep	3.0905	7.6667	512	256
002972.png	keep	2.4049	4.6667	512	256
002973.png	keep	7.2001	12.0000	512	256
002974.png	keep	2.0200	4.3333	512	256
002975.png	keep	6.1285	11.6667	512	256
002976.png	keep	1.0103	3.3333	512	256
002977.png	reject	11.6639	28.3333	512	256
002978.png	keep	3.3413	7.6667	512	256
002979.png	keep	1.8032	3.6667	512	256
002980.png	keep	2.4484	5.0000	512	256
002981.png	reject	15.3734	27.6667	512	256
002982.png	reject	21.1198	60.0000	512	256
002983.png	keep	6.4077	12.3333	512	256
002984.png	keep	1.2417	2.6667	512	256
002985.png	keep	8.0540	14.6667	512	256
002986.png	keep	2.0833	5.0000	512	256
002987.png	keep	4.7668	9.6667	512	256
002988.png	keep	3.0867	6.6667	512	256
002989.png	keep	1.6319	4.0000	512	256
002990.png	keep	1.4247	3.3333	512	256
002991.png	reject	38.7600	71.0000	512	256
002992.png	keep	2.8145	7.6667	512	256
002993.png	reject	16.7281	28.0000	512	256
002994.png	keep	2.4744	5.3333	512	256
002995.png	keep	5.3418	11.3333	512	256
002996.png	keep	3.1613	6.0000	512	256
002997.png	reject	10.5856	20.3333	512	256
002998.png	keep	2.5865	7.3333	512	256
002999.png	keep	9.7992	21.3333	512	256
003000.png	keep	1.4780	3.0000	512	256
003001.png	reject	15.1904	41.0000	512	256
003002.png	keep	2.1785	5.6667	512	256
003003.png	keep	3.6406	6.6667	512	256
003004.png	keep	7.6536	12.6667	512	256
003005.png	keep	1.2902	2.6667	512	256
003006.png	keep	2.3645	4.6667	512	256
003007.png	keep	4.0842	8.6667	512	256
003008.png	keep	0.7034	1.6667	512	256
003009.png	keep	4.0165	10.3333	512	256
003010.png	keep	5.7065	11.0000	512	256
003011.png	keep	6.3073	10.6667	512	256
003012.png	keep	7.0420	17.0000	512	256
003013.png	keep	7.4584	16.6667	512	256
003014.png	keep	5.4149	11.0000	512	256
003015.png	keep	8.3297	13.6667	512	256
003016.png	keep	2.3286	4.6667	512	256
003017.png	keep	2.0128	4.6667	512	256
003018.png	keep	4.7088	8.6667	512	256
003019.png	keep	4.1460	9.3333	512	256
003020.png	keep	3.7727	6.3333	512	256
003021.png	keep	2.8987	7.3333	512	256
003022.png	keep	1.3799	3.3333	512	256
003023.png	keep	5.8339	13.3333	512	256
003024.png	keep	1.9267	4.3333	512	256
003025.png	keep	3.5076	9.3333	512	256
003026.png	keep	3.9661	10.6667	512	256
003027.png	keep	5.9839	14.0000	512	256
003028.png	keep	8.4361	18.3333	512	256
003029.png	reject	9.0988	23.3333	512	256
003030.png	reject	13.9616	32.3333	512	256
003031.png	reject	12.5369	33.6667	512	256
003032.png	keep	1.7896	4.0000	512	256
003033.png	keep	4.3875	11.0000	512	256
003034.png	keep	2.8318	7.0000	512	256
003035.png	keep	3.5456	6.6667	512	256
003036.png	keep	4.0805	6.3333	512	256
003037.png	keep	2.9572	6.3333	512	256
003038.png	keep	2.6686	7.0000	512	256
003039.png	keep	5.5575	13.0000	512	256
003040.png	keep	1.6006	3.3333	512	256
003041.png	reject	9.4297	40.6667	512	256
003042.png	keep	3.8444	11.3333	512	256
003043.png	keep	3.0320	6.3333	512	256
003044.png	reject	10.5499	19.0000	512	256
003045.png	reject	10.9104	47.0000	512	256
003046.png	keep	1.9778	6.3333	512	256
003047.png	reject	10.9747	23.0000	512	256
003048.png	keep	3.2856	6.0000	512	256
003049.png	keep	2.3262	5.3333	512	256
003050.png	keep	2.2883	6.0000	512	256
003051.png	keep	2.1284	4.3333	512	256
003052.png	keep	4.2622	8.3333	512	256
003053.png	keep	2.3868	6.6667	512	256
003054.png	keep	2.7773	6.6667	512	256
003055.png	reject	14.1861	27.3333	512	256
003056.png	keep	1.4001	3.0000	512	256
003057.png	keep	7.7046	21.0000	512	256
003058.png	keep	6.4626	14.6667	512	256
003059.png	keep	4.1224	7.6667	512	256
003060.png	keep	7.4539	14.0000	512	256
003061.png	keep	7.6224	20.0000	512	256
003062.png	keep	5.8798	12.6667	512	256
003063.png	keep	7.5507	12.0000	512	256
003064.png	keep	1.7722	3.6667	512	256
003065.png	keep	3.9391	10.3333	512	256
003066.png	keep	2.6616	8.0000	512	256
003067.png	keep	3.0534	5.3333	512	256
003068.png	keep	2.6833	5.3333	512	256
003069.png	keep	1.1894	3.0000	512	256
003070.png	keep	1.7744	4.6667	512	256
003071.png	keep	7.1649	13.0000	512	256
003072.png	keep	0.9993	3.0000	512	256
003073.png	reject	17.7808	33.0000	512	256
003074.png	keep	5.2358	11.0000	512	256
003075.png	keep	5.5853	12.6667	512	256
003076.png	keep	6.3856	13.3333	512	256
003077.png	reject	14.7675	31.3333	512	256
003078.png	reject	28.3174	91.3333	512	256
003079.png	keep	5.4321	12.0000	512	256
003080.png	keep	2.2544	5.0000	512	256
003081.png	keep	3.2842	7.6667	512	256
003082.png	keep	2.4267	5.3333	512	256
003083.png	keep	2.3081	4.0000	512	256
003084.png	keep	6.2288	11.3333	512	256
003085.png	keep	3.8892	9.0000	512	256
003086.png	keep	1.5820	3.6667	512	256
003087.png	reject	20.8802	44.6667	512	256
003088.png	keep	1.4762	3.3333	512	256
003089.png	keep	6.2776	17.6667	512	256
003090.png	keep	5.5362	12.0000	512	256
003091.png	keep	7.3826	11.6667	512	256
003092.png	keep	8.6133	14.6667	512	256
003093.png	reject	14.0168	22.0000	512	256
003094.png	reject	16.2902	29.0000	512	256
003095.png	keep	5.6696	13.3333	512	256
003096.png	keep	1.6979	3.6667	512	256
003097.png	keep	5.1488	9.6667	512	256
003098.png	keep	1.5423	3.0000	512	256
003099.png	keep	2.6952	4.3333	512	256
003100.png	keep	2.2210	6.3333	512	256
003101.png	keep	3.2709	6.0000	512	256
003102.png	keep	1.7090	4.0000	512	256
003103.png	reject	18.1003	39.0000	512	256
003104.png	keep	1.3083	3.6667	512	256
003105.png	keep	4.6746	12.3333	512	256
003106.png	keep	4.4702	8.3333	512	256
003107.png	keep	7.6085	12.0000	512	256
003108.png	keep	8.7080	19.0000	512	256
003109.png	reject	11.4359	23.6667	512	256
003110.png	keep	3.1112	9.6667	512	256
003111.png	reject	11.5672	30.0000	512	256
003112.png	keep	2.9839	5.6667	512	256
003113.png	keep	4.0833	7.6667	512	256
003114.png	keep	1.3702	3.0000	512	256
003115.png	keep	4.3072	8.0000	512	256
003116.png	keep	2.3319	4.6667	512	256
003117.png	keep	1.9006	4.6667	512	256
003118.png	keep	1.7309	4.0000	512	256
003119.png	reject	19.8655	43.0000	512	256
003120.png	keep	1.4935	4.3333	512	256
003121.png	reject	13.6401	44.6667	512	256
003122.png	keep	8.5007	15.0000	512	256
003123.png	keep	3.7191	7.0000	512	256
003124.png	keep	9.4105	22.0000	512	256
003125.png	reject	10.7559	25.0000	512	256
003126.png	reject	13.5860	39.0000	512	256
003127.png	reject	31.8726	47.6667	512	256
003128.png	keep	1.5505	3.3333	512	256
003129.png	keep	4.4973	8.6667	512	256
003130.png	keep	2.0049	4.3333	512	256
003131.png	keep	1.9053	4.0000	512	256
003132.png	keep	1.8164	3.6667	512	256
003133.png	keep	2.4870	5.6667	512	256
003134.png	keep	1.3654	2.6667	512	256
003135.png	reject	20.6957	36.6667	512	256
003136.png	keep	0.8373	1.6667	512	256
003137.png	keep	5.1467	12.6667	512	256
003138.png	keep	4.7375	12.0000	512	256
003139.png	keep	2.4821	4.6667	512	256
003140.png	reject	11.5523	21.6667	512	256
003141.png	keep	6.4889	16.6667	512	256
003142.png	keep	4.5363	17.0000	512	256
003143.png	keep	6.3914	13.3333	512	256
003144.png	keep	2.1138	3.6667	512	256
003145.png	keep	4.3393	10.0000	512	256
003146.png	keep	3.2802	6.0833	512	256
003147.png	keep	2.4196	4.6667	512	256
003148.png	keep	3.0625	4.6667	512	256
003149.png	keep	3.6149	8.0000	512	256
003150.png	keep	1.3358	3.3333	512	256
003151.png	reject	35.9968	55.3333	512	256
003152.png	keep	1.6870	3.3333	512	256
003153.png	keep	7.2047	16.3333	512	256
003154.png	keep	8.8655	17.3333	512	256
003155.png	reject	12.5654	23.3333	512	256
003156.png	keep	9.3512	16.0000	512	256
003157.png	keep	7.6303	17.3333	512	256
003158.png	keep	5.6840	12.6667	512	256
003159.png	reject	9.1846	22.3333	512	256
003160.png	keep	1.2991	2.6667	512	256
003161.png	keep	2.3029	5.0000	512	256
003162.png	keep	2.3774	5.6667	512	256
003163.png	reject	12.1895	24.3333	512	256
003164.png	keep	2.0397	4.6667	512	256
003165.png	reject	10.0233	42.6667	512	256
003166.png	keep	2.6733	6.6667	512	256
003167.png	reject	32.1850	64.3333	512	256
003168.png	keep	3.8557	15.0000	512	256
003169.png	keep	5.3162	9.3333	512	256
003170.png	keep	4.8068	10.0000	512	256
003171.png	keep	4.1442	7.6667	512	256
003172.png	keep	5.6780	11.3333	512	256
003173.png	reject	13.4568	32.3333	512	256
003174.png	keep	1.8799	4.3333	512	256
003175.png	reject	11.2451	24.6667	512	256
003176.png	keep	1.9546	4.3333	512	256
003177.png	keep	5.9645	9.0000	512	256
003178.png	keep	1.3856	3.6667	512	256
003179.png	keep	2.5290	6.3333	512	256
003180.png	reject	20.2399	38.3333	512	256
003181.png	keep	3.1799	5.3333	512	256
003182.png	reject	10.2701	20.3333	512	256
003183.png	keep	6.3520	9.6667	512	256
003184.png	keep	4.4535	9.3333	512	256
003185.png	reject	11.8235	20.0000	512	256
003186.png	keep	6.2973	10.6667	512	256
003187.png	keep	2.6141	5.6667	512	256
003188.png	keep	9.3180	22.0000	512	256
003189.png	keep	2.1394	5.3333	512	256
003190.png	keep	4.7835	11.6667	512	256
003191.png	keep	8.8804	16.3333	512	256
003192.png	keep	2.0511	5.6667	512	256
003193.png	keep	4.6029	9.6667	512	256
003194.png	keep	3.1863	8.6667	512	256
003195.png	keep	4.4748	6.6667	512	256
003196.png	keep	3.9724	10.3333	512	256
003197.png	keep	1.2952	3.0000	512	256
003198.png	reject	10.8335	22.0000	512	256
003199.png	keep	4.0847	7.0000	512	256
003200.png	keep	2.3237	6.3333	512	256
003201.png	keep	9.2330	19.6667	512	256
003202.png	reject	31.5361	97.3333	512	256
003203.png	keep	6.6274	12.0000	512	256
003204.png	reject	14.5849	30.0000	512	256
003205.png	reject	13.5068	27.0000	512	256
003206.png	reject	7.1948	27.0000	512	256
003207.png	reject	12.6923	24.6667	512	256
003208.png	keep	1.9658	4.3333	512	256
003209.png	keep	2.9878	5.6667	512	256
003210.png	keep	1.7811	4.3333	512	256
003211.png	keep	5.6857	10.3333	512	256
003212.png	keep	3.7568	6.3333	512	256
003213.png	reject	8.2665	25.4167	512	256
003214.png	keep	3.3226	9.6667	512	256
003215.png	keep	4.2979	8.0000	512	256
003216.png	keep	2.9145	6.3333	512	256
003217.png	reject	25.7899	39.6667	512	256
003218.png	keep	3.9311	11.3333	512	256
003219.png	reject	13.2327	18.3333	512	256
003220.png	reject	13.2615	30.0000	512	256
003221.png	keep	9.7945	20.6667	512	256
003222.png	reject	21.6242	46.6667	512	256
003223.png	reject	20.6977	42.3333	512	256
003224.png	keep	1.6126	4.0000	512	256
003225.png	keep	5.9657	10.6667	512	256
003226.png	keep	1.8617	4.3333	512	256
003227.png	keep	3.9629	7.0000	512	256
003228.png	keep	3.2108	5.3333	512	256
003229.png	keep	6.1281	17.3333	512	256
003230.png	keep	1.9923	4.0000	512	256
003231.png	reject	37.2898	61.3333	512	256
003232.png	keep	7.9339	13.6667	512	256
003233.png	reject	11.1837	19.3333	512	256
003234.png	keep	6.4577	14.3333	512	256
003235.png	keep	8.4214	15.0000	512	256
003236.png	keep	7.9127	16.0000	512	256
003237.png	keep	8.1565	13.6667	512	256
003238.png	reject	19.0664	48.3333	512	256
003239.png	keep	7.0632	14.0000	512	256
003240.png	keep	2.9842	5.6667	512	256
003241.png	keep	5.4511	16.0000	512	256
003242.png	keep	3.0591	7.3333	512	256
003243.png	keep	4.5979	13.3333	512	256
003244.png	keep	5.8755	13.6667	512	256
003245.png	keep	1.5833	3.3333	512	256
003246.png	keep	3.5143	7.3333	512	256
003247.png	keep	8.3784	12.6667	512	256
003248.png	keep	5.5127	9.6667	512	256
003249.png	reject	18.2801	36.3333	512	256
003250.png	keep	5.5529	8.6667	512	256
003251.png	reject	10.9042	19.0000	512	256
003252.png	reject	30.6427	48.6667	512	256
003253.png	reject	10.9731	19.3333	512	256
003254.png	keep	4.4475	8.6667	512	256
003255.png	keep	8.2827	20.0000	512	256
003256.png	keep	2.5434	6.3333	512	256
003257.png	keep	2.3368	5.3333	512	256
003258.png	keep	1.4744	3.3333	512	256
003259.png	keep	1.5774	3.0000	512	256
003260.png	reject	15.7922	48.0000	512	256
003261.png	reject	15.2775	33.6667	512	256
003262.png	keep	1.4169	3.0000	512	256
003263.png	reject	19.8652	62.0000	512	256
003264.png	reject	37.1332	57.0000	512	256
003265.png	keep	6.1597	14.3333	512	256
003266.png	keep	4.7377	10.0000	512	256
003267.png	reject	23.9225	35.0000	512	256
003268.png	reject	10.4461	28.0000	512	256
003269.png	keep	6.2046	13.0000	512	256
003270.png	keep	3.8981	10.6667	512	256
003271.png	reject	12.1309	27.0000	512	256
003272.png	keep	2.1558	5.3333	512	256
003273.png	keep	3.0478	6.3333	512	256
003274.png	keep	1.8831	4.3333	512	256
003275.png	keep	3.0738	6.3333	512	256
003276.png	keep	6.3639	18.3333	512	256
003277.png	reject	20.8169	45.3333	512	256
003278.png	keep	1.1898	3.0000	512	256
003279.png	reject	27.6700	51.6667	512	256
003280.png	reject	14.9361	49.0000	512	256
003281.png	keep	9.4766	20.6667	512	256
003282.png	keep	3.7707	7.3333	512	256
003283.png	reject	23.1585	80.6667	512	256
003284.png	reject	10.1681	31.3333	512	256
003285.png	keep	3.8452	15.3333	512	256
003286.png	keep	4.0676	8.3333	512	256
003287.png	reject	15.2722	34.3333	512	256
003288.png	keep	1.2769	2.6667	512	256
003289.png	keep	2.8943	7.3333	512	256
003290.png	keep	1.3672	3.3333	512	256
003291.png	keep	5.3654	10.0000	512	256
003292.png	keep	7.1131	15.3333	512	256
003293.png	keep	3.0829	6.6667	512	256
003294.png	keep	1.3847	3.6667	512	256
003295.png	reject	46.5832	106.0000	512	256
003296.png	keep	7.5462	14.3333	512	256
003297.png	reject	10.4702	32.6667	512	256
003298.png	keep	3.9896	8.6667	512	256
003299.png	reject	30.5047	50.3333	512	256
003300.png	reject	10.1221	15.6667	512	256
003301.png	keep	5.5509	16.0000	512	256
003302.png	keep	5.4601	15.0833	512	256
003303.png	keep	8.9813	17.0000	512	256
003304.png	keep	1.3557	2.6667	512	256
003305.png	keep	2.1445	4.6667	512	256
003306.png	keep	1.0998	2.3333	512	256
003307.png	keep	3.1967	5.6667	512	256
003308.png	keep	1.2734	2.6667	512	256
003309.png	keep	2.1423	5.6667	512	256
003310.png	keep	1.1904	3.0000	512	256
003311.png	reject	26.3310	48.3333	512	256
003312.png	keep	4.5018	9.3333	512	256
003313.png	keep	8.3256	19.0000	512	256
003314.png	keep	7.1228	12.0000	512	256
003315.png	keep	7.7591	18.3333	512	256
003316.png	keep	7.7008	18.6667	512	256
003317.png	keep	5.3469	18.6667	512	256
003318.png	keep	3.1157	7.0000	512	256
003319.png	reject	11.0041	28.0000	512	256
003320.png	keep	2.7794	5.3333	512	256
003321.png	keep	3.3593	6.3333	512	256
003322.png	keep	5.8230	12.0000	512	256
003323.png	keep	3.5305	7.0000	512	256
003324.png	keep	1.5219	3.6667	512	256
003325.png	keep	5.7127	11.6667	512	256
003326.png	keep	1.8797	5.0000	512	256
003327.png	reject	47.4914	77.0000	512	256
003328.png	keep	6.5581	16.6667	512	256
003329.png	reject	8.9087	24.6667	512	256
003330.png	keep	5.2550	10.6667	512	256
003331.png	keep	4.7174	9.0000	512	256
003332.png	keep	4.1871	12.3333	512	256
003333.png	keep	5.2477	11.3333	512	256
003334.png	keep	2.2838	5.0000	512	256
003335.png	keep	2.0978	4.6667	512	256
003336.png	keep	1.7691	4.0000	512	256
003337.png	keep	2.5784	5.0000	512	256
003338.png	keep	3.1027	6.0000	512	256
003339.png	keep	3.1293	7.0000	512	256
003340.png	keep	1.9591	4.6667	512	256
003341.png	keep	2.8204	8.3333	512	256
003342.png	reject	14.7840	36.0000	512	256
003343.png	reject	14.1634	27.0000	512	256
003344.png	reject	11.4999	19.0000	512	256
003345.png	reject	18.8795	30.3333	512	256
003346.png	keep	6.9935	12.6667	512	256
003347.png	keep	4.2682	9.0000	512	256
003348.png	keep	5.0667	12.6667	512	256
003349.png	keep	6.0027	10.6667	512	256
003350.png	keep	3.2137	7.0000	512	256
003351.png	keep	1.6174	3.6667	512	256
003352.png	keep	2.4524	5.3333	512	256
003353.png	keep	2.6748	6.0000	512	256
003354.png	keep	2.3890	6.0000	512	256
003355.png	keep	2.5559	5.6667	512	256
003356.png	keep	3.1435	7.3333	512	256
003357.png	keep	1.4869	3.3333	512	256
003358.png	reject	10.6487	23.6667	512	256
003359.png	keep	5.3788	12.0000	512	256
003360.png	keep	5.7890	9.0000	512	256
003361.png	keep	8.1638	20.0000	512	256
003362.png	keep	7.6849	13.6667	512	256
003363.png	keep	6.1509	14.3333	512	256
003364.png	keep	9.6838	20.0000	512	256
003365.png	keep	8.9029	15.0000	512	256
003366.png	reject	15.6869	45.0000	512	256
003367.png	keep	1.6073	3.3333	512	256
003368.png	keep	2.5135	6.3333	512	256
003369.png	keep	1.9530	4.0000	512	256
003370.png	reject	18.7484	43.6667	512	256
003371.png	keep	3.6335	7.0000	512	256
003372.png	keep	1.3226	3.0000	512	256
003373.png	keep	2.1436	5.6667	512	256
003374.png	keep	3.5089	9.0000	512	256
003375.png	reject	32.2549	61.6667	512	256
003376.png	keep	6.2381	12.0000	512	256
003377.png	reject	21.1797	40.0000	512	256
003378.png	keep	6.2725	11.0000	512	256
003379.png	keep	8.1073	17.0000	512	256
003380.png	reject	15.5662	22.0000	512	256
003381.png	keep	3.9559	12.6667	512	256
003382.png	reject	7.9740	31.6667	512	256
003383.png	keep	3.6652	10.0000	512	256
003384.png	keep	1.1921	2.3333	512	256
003385.png	keep	2.4294	5.3333	512	256
003386.png	reject	22.6568	46.3333	512	256
003387.png	keep	3.9003	6.3333	512	256
003388.png	keep	2.0171	4.0000	512	256
003389.png	keep	4.6088	8.0000	512	256
003390.png	keep	1.4828	3.3333	512	256
003391.png	reject	16.2041	70.0000	512	256
003392.png	keep	5.9032	10.3333	512	256
003393.png	reject	16.5523	29.0000	512	256
003394.png	keep	6.5565	13.0000	512	256
003395.png	keep	6.7940	20.6667	512	256
003396.png	keep	5.7329	12.3333	512	256
003397.png	keep	5.1916	10.3333	512	256
003398.png	keep	4.6188	10.6667	512	256
003399.png	keep	1.0618	2.3333	512	256
003400.png	keep	1.3412	2.6667	512	256
003401.png	keep	2.3270	5.0000	512	256
003402.png	reject	6.6454	31.0000	512	256
003403.png	keep	3.1287	8.3333	512	256
003404.png	keep	1.8135	4.0000	512	256
003405.png	keep	3.3372	5.6667	512	256
003406.png	keep	1.7099	4.0000	512	256
003407.png	reject	27.4444	64.3333	512	256
003408.png	keep	5.4054	11.6667	512	256
003409.png	reject	19.4124	46.0000	512	256
003410.png	keep	5.0346	9.3333	512	256
003411.png	keep	4.0144	7.3333	512	256
003412.png	reject	10.0628	17.3333	512	256
003413.png	keep	4.4041	11.6667	512	256
003414.png	keep	5.6040	12.3333	512	256
003415.png	keep	4.0980	13.3333	512	256
003416.png	keep	1.8907	4.6667	512	256
003417.png	keep	2.4750	6.6667	512	256
003418.png	reject	32.8182	48.6667	512	256
003419.png	keep	2.0684	4.0000	512	256
003420.png	keep	1.5827	3.6667	512	256
003421.png	reject	21.7692	42.0000	512	256
003422.png	keep	2.1297	4.0000	512	256
003423.png	reject	40.5154	93.0000	512	256
003424.png	keep	9.2225	16.3333	512	256
003425.png	keep	5.6197	15.6667	512	256
003426.png	keep	6.6563	19.3333	512	256
003427.png	keep	7.8531	19.6667	512	256
003428.png	keep	8.6452	15.3333	512	256
003429.png	keep	5.8066	15.3333	512	256
003430.png	keep	5.0868	10.6667	512	256
003431.png	keep	3.0844	7.3333	512	256
003432.png	keep	2.6190	4.6667	512	256
003433.png	keep	2.3092	5.0000	512	256
003434.png	keep	7.8577	20.6667	512	256
003435.png	keep	3.0416	6.3333	512	256
003436.png	keep	1.3844	2.6667	512	256
003437.png	keep	5.4863	8.6667	512	256
003438.png	keep	1.7952	4.0000	512	256
003439.png	keep	8.1825	14.3333	512	256
003440.png	keep	6.4002	14.0000	512	256
003441.png	keep	6.5173	15.0000	512	256
003442.png	keep	3.5198	7.3333	512	256
003443.png	keep	6.2378	15.0000	512	256
003444.png	keep	6.8504	13.3333	512	256
003445.png	reject	17.7276	65.3333	512	256
003446.png	keep	2.5378	4.3333	512	256
003447.png	keep	2.3332	5.6667	512	256
003448.png	keep	1.6932	4.0000	512	256
003449.png	keep	6.3180	18.6667	512	256
003450.png	reject	16.2938	35.6667	512	256
003451.png	keep	3.6566	7.0000	512	256
003452.png	keep	3.7266	9.0000	512	256
003453.png	keep	1.6318	4.0000	512	256
003454.png	keep	2.7235	11.0000	512	256
003455.png	keep	4.9410	8.0000	512	256
003456.png	reject	10.5880	15.6667	512	256
003457.png	reject	10.4566	19.6667	512	256
003458.png	keep	2.8767	6.0000	512	256
003459.png	keep	4.7030	11.3333	512	256
003460.png	reject	24.0324	43.3333	512	256
003461.png	keep	5.0033	16.6667	512	256
003462.png	keep	4.6304	8.6667	512	256
003463.png	keep	7.9091	22.0000	512	256
003464.png	keep	2.0766	6.6667	512	256
003465.png	keep	2.0018	4.6667	512	256
003466.png	reject	9.2045	22.6667	512	256
003467.png	keep	5.3578	9.0000	512	256
003468.png	reject	15.1892	33.0000	512	256
003469.png	reject	6.7431	29.3333	512	256
003470.png	keep	2.3597	5.0000	512	256
003471.png	keep	4.8796	8.6667	512	256
003472.png	reject	14.0280	20.6667	512	256
003473.png	reject	13.0005	21.6667	512	256
003474.png	keep	7.9331	15.0000	512	256
003475.png	keep	5.2661	9.3333	512	256
003476.png	reject	11.6354	33.3333	512	256
003477.png	keep	4.2935	10.3333	512	256
003478.png	keep	7.1378	13.3333	512	256
003479.png	keep	7.5450	17.0000	512	256
003480.png	reject	23.4404	61.3333	512	256
003481.png	keep	2.2551	7.0000	512	256
003482.png	reject	34.1769	78.3333	512	256
003483.png	keep	3.2328	5.3333	512	256
003484.png	reject	16.2204	42.3333	512	256
003485.png	reject	27.8725	44.0000	512	256
003486.png	keep	2.0514	4.0000	512	256
003487.png	keep	7.6819	11.3333	512	256
003488.png	keep	6.0612	13.0000	512	256
003489.png	keep	4.1129	11.3333	512	256
003490.png	keep	5.3080	10.3333	512	256
003491.png	keep	6.9306	17.0000	512	256
003492.png	reject	8.1911	23.0000	512	256
003493.png	keep	8.5968	19.3333	512	256
003494.png	reject	20.9167	37.3333	512	256
003495.png	reject	62.8335	112.0000	512	256
003496.png	keep	3.1161	7.0000	512	256
003497.png	keep	2.0823	4.6667	512	256
003498.png	reject	19.4133	35.0000	512	256
003499.png	keep	2.1474	4.0000	512	256
003500.png	keep	2.6375	6.3333	512	256
003501.png	keep	2.0856	5.6667	512	256
003502.png	keep	3.2441	8.0000	512	256
003503.png	keep	7.3389	14.3333	512	256
003504.png	keep	8.3088	15.6667	512	256
003505.png	keep	4.3226	9.3333	512	256
003506.png	keep	6.6588	16.3333	512	256
003507.png	keep	5.5566	11.0000	512	256
003508.png	keep	4.8719	12.6667	512	256
003509.png	keep	8.9617	22.0000	512	256
003510.png	keep	2.4153	5.0000	512	256
003511.png	reject	10.3792	21.0000	512	256
003512.png	keep	8.4007	21.3333	512	256
003513.png	keep	1.6252	4.3333	512	256
003514.png	reject	16.5437	26.0000	512	256
003515.png	keep	3.6892	7.3333	512	256
003516.png	keep	3.4503	7.3333	512	256
003517.png	reject	8.4247	25.6667	512	256
003518.png	keep	1.7541	3.3333	512	256
003519.png	keep	5.8284	10.0000	512	256
003520.png	reject	25.7439	101.6667	512	256
003521.png	keep	7.5861	19.3333	512	256
003522.png	reject	13.0906	19.6667	512	256
003523.png	keep	4.9276	12.6667	512	256
003524.png	reject	14.4555	31.0000	512	256
003525.png	keep	5.5109	9.6667	512	256
003526.png	keep	2.6216	6.3333	512	256
003527.png	keep	3.7409	7.3333	512	256
003528.png	keep	4.2865	10.3333	512	256
003529.png	keep	1.9178	4.3333	512	256
003530.png	reject	10.4838	25.6667	512	256
003531.png	keep	2.6881	6.0000	512	256
003532.png	keep	2.1636	5.0000	512	256
003533.png	keep	2.8376	9.0000	512	256
003534.png	keep	1.3760	3.6667	512	256
003535.png	keep	4.8454	9.3333	512	256
003536.png	reject	12.1998	65.6667	512	256
003537.png	keep	7.2470	19.0000	512	256
003538.png	keep	5.5550	14.0000	512	256
003539.png	keep	4.2605	11.0000	512	256
003540.png	reject	13.8718	26.0000	512	256
003541.png	keep	5.2295	12.0000	512	256
003542.png	keep	2.7203	10.0000	512	256
003543.png	reject	12.9256	32.6667	512	256
003544.png	keep	4.2679	12.3333	512	256
003545.png	keep	5.4546	10.6667	512	256
003546.png	reject	28.4331	98.0000	512	256
003547.png	keep	3.3284	6.3333	512	256
003548.png	reject	22.4663	44.6667	512	256
003549.png	keep	1.4166	3.0000	512	256
003550.png	keep	1.9319	3.6667	512	256
003551.png	keep	4.7444	8.3333	512	256
003552.png	reject	10.7029	20.0000	512	256
003553.png	keep	5.0072	13.3333	512	256
003554.png	keep	6.7732	19.3333	512	256
003555.png	keep	4.3415	9.3333	512	256
003556.png	keep	7.8709	17.3333	512	256
003557.png	keep	4.3112	7.3333	512	256
003558.png	reject	16.6740	35.6667	512	256
003559.png	reject	10.8481	22.6667	512	256
003560.png	keep	3.0031	6.6667	512	256
003561.png	keep	1.7456	3.6667	512	256
003562.png	reject	14.1174	31.6667	512	256
003563.png	keep	1.9782	3.6667	512	256
003564.png	keep	1.3589	3.0000	512	256
003565.png	keep	2.4574	6.0000	512	256
003566.png	keep	3.8822	11.0000	512	256
003567.png	keep	3.4991	6.3333	512	256
003568.png	keep	7.6216	17.3333	512	256
003569.png	keep	3.6316	7.6667	512	256
003570.png	keep	4.9908	11.3333	512	256
003571.png	keep	6.3064	16.0000	512	256
003572.png	keep	9.3111	18.6667	512	256
003573.png	keep	2.8438	7.6667	512	256
003574.png	keep	7.6225	17.6667	512	256
003575.png	reject	13.6726	30.6667	512	256
003576.png	reject	15.1695	35.6667	512	256
003577.png	keep	3.4911	8.3333	512	256
003578.png	reject	29.1485	78.6667	512	256
003579.png	keep	2.9177	5.6667	512	256
003580.png	reject	14.7743	40.0000	512	256
003581.png	keep	1.8016	4.0000	512	256
003582.png	keep	8.4472	19.3333	512	256
003583.png	keep	4.9330	9.6667	512	256
003584.png	keep	5.8610	13.6667	512	256
003585.png	keep	5.5012	9.3333	512	256
003586.png	keep	7.1723	16.6667	512	256
003587.png	keep	6.1156	12.3333	512	256
003588.png	keep	8.9844	17.0000	512	256
003589.png	keep	6.9589	13.6667	512	256
003590.png	keep	9.1642	18.3333	512	256
003591.png	keep	8.7349	19.6667	512	256
003592.png	reject	31.9262	86.6667	512	256
003593.png	keep	1.4778	3.3333	512	256
003594.png	reject	19.8581	35.0000	512	256
003595.png	keep	3.1427	6.3333	512	256
003596.png	keep	1.7010	3.3333	512	256
003597.png	reject	14.7445	40.3333	512	256
003598.png	keep	2.9317	7.0000	512	256
003599.png	keep	5.2004	10.3333	512	256
003600.png	keep	5.0677	10.3333	512	256
003601.png	keep	2.0653	4.6667	512	256
003602.png	reject	61.2498	93.0000	512	256
003603.png	keep	6.4546	15.6667	512	256
003604.png	reject	16.5158	29.0000	512	256
003605.png	reject	7.9702	24.6667	512	256
003606.png	keep	5.3547	18.6667	512	256
003607.png	keep	4.3903	15.0000	512	256
003608.png	reject	30.0666	65.0000	512	256
003609.png	keep	2.6303	6.3333	512	256
003610.png	keep	8.7554	18.0000	512	256
003611.png	keep	3.9007	9.0000	512	256
003612.png	keep	2.8718	6.6667	512	256
003613.png	keep	2.2891	5.6667	512	256
003614.png	keep	4.3831	10.6667	512	256
003615.png	keep	4.4708	10.0000	512	256
003616.png	keep	5.8312	14.0000	512	256
003617.png	keep	3.6153	7.6667	512	256
003618.png	keep	6.6606	14.6667	512	256
003619.png	keep	6.1156	14.3333	512	256
003620.png	keep	6.6620	17.3333	512	256
003621.png	reject	10.3229	31.6667	512	256
003622.png	keep	2.9722	6.0000	512	256
003623.png	reject	9.5175	22.3333	512	256
003624.png	keep	5.9158	11.3333	512	256
003625.png	keep	1.6511	3.6667	512	256
003626.png	reject	14.9167	28.0000	512	256
003627.png	keep	4.1045	8.6667	512	256
003628.png	keep	1.5698	3.3333	512	256
003629.png	keep	4.7514	13.6667	512	256
003630.png	reject	16.5469	43.3333	512	256
003631.png	reject	6.4943	28.6667	512	256
003632.png	keep	5.7977	15.0000	512	256
003633.png	keep	5.5426	14.3333	512	256
003634.png	keep	8.4708	14.3333	512	256
003635.png	keep	6.2922	20.0000	512	256
003636.png	keep	7.3940	18.3333	512	256
003637.png	keep	5.4122	11.3333	512	256
003638.png	keep	3.4935	7.0000	512	256
003639.png	keep	9.3173	18.6667	512	256
003640.png	reject	12.9441	37.6667	512	256
003641.png	keep	1.7492	3.6667	512	256
003642.png	reject	12.9840	30.0000	512	256
003643.png	keep	2.0440	3.3333	512	256
003644.png	keep	1.2668	2.6667	512	256
003645.png	reject	35.3103	67.0000	512	256
003646.png	keep	1.4859	4.0000	512	256
003647.png	keep	4.9485	13.3333	512	256
003648.png	keep	4.8208	10.6667	512	256
003649.png	keep	2.8019	6.3333	512	256
003650.png	keep	4.6207	10.3333	512	256
003651.png	keep	7.0011	12.6667	512	256
003652.png	keep	7.6197	20.3333	512	256
003653.png	keep	3.2333	7.6667	512	256
003654.png	keep	4.9219	9.6667	512	256
003655.png	reject	13.2723	27.6667	512	256
003656.png	keep	7.0770	12.6667	512	256
003657.png	keep	2.7805	7.6667	512	256
003658.png	keep	7.9401	17.0000	512	256
003659.png	keep	2.4415	5.0000	512	256
003660.png	keep	1.4456	3.3333	512	256
003661.png	keep	2.3920	5.0000	512	256
003662.png	keep	5.4657	13.0000	512	256
003663.png	reject	23.8462	59.6667	512	256
003664.png	keep	8.9264	22.0000	512	256
003665.png	reject	10.1132	38.3333	512	256
003666.png	keep	5.4000	16.6667	512	256
003667.png	keep	7.2585	18.3333	512	256
003668.png	reject	23.5124	43.6667	512	256
003669.png	keep	3.1832	10.3333	512	256
003670.png	reject	23.3131	46.6667	512	256
003671.png	reject	12.4243	24.6667	512	256
003672.png	keep	8.2240	14.6667	512	256
003673.png	keep	3.5600	8.0000	512	256
003674.png	keep	6.6003	20.6667	512	256
003675.png	keep	3.1151	7.0000	512	256
003676.png	keep	2.0618	4.0000	512	256
003677.png	keep	1.9952	4.0000	512	256
003678.png	reject	12.3892	41.0000	512	256
003679.png	keep	4.2982	13.0000	512	256
003680.png	reject	9.9455	31.3333	512	256
003681.png	reject	7.9639	23.6667	512	256
003682.png	keep	6.1429	19.3333	512	256
003683.png	keep	3.6774	11.6667	512	256
003684.png	keep	9.2544	21.3333	512	256
003685.png	keep	6.6073	15.0000	512	256
003686.png	keep	2.5304	6.0000	512	256
003687.png	reject	11.1871	30.3333	512	256
003688.png	reject	10.8677	19.3333	512	256
003689.png	keep	3.0480	5.6667	512	256
003690.png	reject	9.8752	28.6667	512	256
003691.png	keep	3.8213	9.0000	512	256
003692.png	reject	13.5804	27.3333	512	256
003693.png	keep	6.2690	16.3333	512	256
003694.png	keep	7.6272	13.0000	512	256
003695.png	keep	8.8094	15.3333	512	256
003696.png	keep	5.5208	15.0000	512	256
003697.png	keep	5.7529	13.0000	512	256
003698.png	keep	8.7416	19.6667	512	256
003699.png	reject	7.3086	22.3333	512	256
003700.png	keep	7.1291	16.3333	512	256
003701.png	keep	5.7042	12.6667	512	256
003702.png	reject	15.5796	58.3333	512	256
003703.png	keep	4.5666	11.3333	512	256
003704.png	reject	17.8236	42.3333	512	256
003705.png	keep	2.2594	6.0000	512	256
003706.png	reject	8.6469	23.3333	512	256
003707.png	keep	3.9188	5.3333	512	256
003708.png	keep	3.8633	10.6667	512	256
003709.png	keep	2.1198	5.0000	512	256
003710.png	keep	2.1300	3.6667	512	256
003711.png	reject	15.4957	24.0000	512	256
003712.png	keep	7.7391	18.6667	512	256
003713.png	keep	4.1703	10.0000	512	256
003714.png	reject	7.1435	25.3333	512	256
003715.png	reject	9.1151	24.0000	512	256
003716.png	keep	5.4898	14.0000	512	256
003717.png	reject	11.6301	25.3333	512	256
003718.png	reject	20.7110	53.0000	512	256
003719.png	keep	7.3711	20.3333	512	256
003720.png	reject	11.6201	26.0000	512	256
003721.png	keep	2.2671	6.6667	512	256
003722.png	keep	7.0043	17.3333	512	256
003723.png	keep	8.1437	20.6667	512	256
003724.png	reject	25.0598	53.3333	512	256
003725.png	reject	22.7610	32.3333	512	256
003726.png	keep	2.3555	4.3333	512	256
003727.png	keep	5.0836	11.6667	512	256
003728.png	reject	7.3959	22.6667	512	256
003729.png	keep	4.0285	9.0000	512	256
003730.png	keep	6.7091	12.6667	512	256
003731.png	reject	13.4135	21.3333	512	256
003732.png	keep	4.6871	10.6667	512	256
003733.png	reject	37.0010	69.0000	512	256
003734.png	reject	6.5550	30.0000	512	256
003735.png	reject	8.9118	24.0000	512	256
003736.png	reject	14.7182	31.6667	512	256
003737.png	keep	1.7247	3.3333	512	256
003738.png	reject	15.9524	39.3333	512	256
003739.png	keep	7.2855	20.6667	512	256
003740.png	keep	1.2632	3.3333	512	256
003741.png	reject	16.9013	53.3333	512	256
003742.png	keep	2.6039	6.6667	512	256
003743.png	reject	8.2922	25.6667	512	256
003744.png	keep	6.7354	15.6667	512	256
003745.png	keep	2.6767	6.6667	512	256
003746.png	reject	12.8182	26.0000	512	256
003747.png	keep	9.9835	17.3333	512	256
003748.png	keep	5.0871	13.0000	512	256
003749.png	reject	23.9513	51.6667	512	256
003750.png	reject	27.8950	58.3333	512	256
003751.png	reject	6.9539	22.3333	512	256
003752.png	reject	27.8315	48.3333	512	256
003753.png	reject	21.0127	45.3333	512	256
003754.png	keep	3.8578	8.3333	512	256
003755.png	keep	6.1855	15.3333	512	256
003756.png	keep	1.9724	4.6667	512	256
003757.png	reject	20.1424	45.0000	512	256
003758.png	reject	9.5631	25.3333	512	256
003759.png	keep	4.5839	13.0000	512	256
003760.png	keep	6.5090	14.6667	512	256
003761.png	keep	6.6128	17.0000	512	256
003762.png	reject	9.7988	28.0000	512	256
003763.png	reject	14.5077	28.0000	512	256
003764.png	keep	7.4582	15.6667	512	256
003765.png	keep	5.5155	16.3333	512	256
003766.png	keep	6.5179	14.3333	512	256
003767.png	keep	2.8024	6.3333	512	256
003768.png	keep	6.5539	13.0000	512	256
003769.png	keep	2.4732	10.0000	512	256
003770.png	reject	15.2385	35.6667	512	256
003771.png	keep	1.6281	3.3333	512	256
003772.png	keep	1.4834	2.3333	512	256
003773.png	keep	6.4125	13.0000	512	256
003774.png	keep	2.4709	5.6667	512	256
003775.png	keep	4.4635	9.3333	512	256
003776.png	keep	5.9243	10.6667	512	256
003777.png	keep	3.7565	9.6667	512	256
003778.png	reject	9.9923	27.3333	512	256
003779.png	keep	5.4604	13.6667	512	256
003780.png	keep	4.5881	9.6667	512	256
003781.png	reject	10.3911	23.0000	512	256
003782.png	keep	6.5383	21.6667	512	256
003783.png	keep	4.0440	11.3333	512	256
003784.png	keep	5.1544	12.6667	512	256
003785.png	keep	1.5494	4.0000	512	256
003786.png	reject	28.4826	53.6667	512	256
003787.png	keep	4.8586	12.0000	512	256
003788.png	keep	2.0422	4.3333	512	256
003789.png	keep	1.9501	4.3333	512	256
003790.png	keep	2.7138	4.6667	512	256
003791.png	reject	10.0673	23.3333	512	256
003792.png	keep	6.7180	13.3333	512	256
003793.png	reject	11.6165	30.3333	512	256
003794.png	keep	8.8914	16.3333	512	256
003795.png	keep	6.9653	12.3333	512	256
003796.png	reject	9.9702	26.0000	512	256
003797.png	keep	2.7933	6.3333	512	256
003798.png	reject	8.2646	25.0000	512	256
003799.png	keep	7.3557	17.6667	512	256
003800.png	keep	5.9365	11.3333	512	256
003801.png	keep	3.7820	7.3333	512	256
003802.png	reject	17.7057	45.3333	512	256
003803.png	keep	1.9743	5.0000	512	256
003804.png	keep	1.4496	3.0000	512	256
003805.png	keep	2.4327	6.3333	512	256
003806.png	reject	25.6968	58.3333	512	256
003807.png	keep	5.3677	14.6667	512	256
003808.png	keep	2.5804	6.3333	512	256
003809.png	keep	5.8853	12.0000	512	256
003810.png	reject	8.8098	26.6667	512	256
003811.png	keep	5.5130	11.3333	512	256
003812.png	reject	13.6863	27.6667	512	256
003813.png	keep	4.2559	13.6667	512	256
003814.png	keep	4.9267	10.3333	512	256
003815.png	reject	11.7800	30.0000	512	256
003816.png	keep	8.6452	21.6667	512	256
003817.png	keep	2.3788	5.3333	512	256
003818.png	reject	17.8395	33.3333	512	256
003819.png	keep	2.2852	5.3333	512	256
003820.png	keep	2.3298	6.0000	512	256
003821.png	keep	3.0546	7.3333	512	256
003822.png	keep	9.6631	20.3333	512	256
003823.png	keep	4.8945	11.0000	512	256
003824.png	keep	6.3682	16.6667	512	256
003825.png	keep	5.0165	9.0000	512	256
003826.png	reject	14.8137	44.0000	512	256
003827.png	keep	7.6804	17.3333	512	256
003828.png	keep	3.6699	9.3333	512	256
003829.png	keep	3.0522	8.0000	512	256
003830.png	reject	11.2935	34.3333	512	256
003831.png	keep	7.7373	21.3333	512	256
003832.png	reject	28.4098	56.3333	512	256
003833.png	keep	2.0201	3.6667	512	256
003834.png	reject	18.9158	59.0000	512	256
003835.png	keep	1.1401	2.3333	512	256
003836.png	keep	1.9433	3.3333	512	256
003837.png	keep	7.5331	15.6667	512	256
003838.png	reject	8.5011	28.6667	512	256
003839.png	reject	13.5108	30.3333	512	256
003840.png	reject	13.4629	19.3333	512	256
003841.png	keep	5.9120	11.6667	512	256
003842.png	reject	24.3238	47.0000	512	256
003843.png	reject	13.6068	27.3333	512	256
003844.png	keep	7.6667	17.3333	512	256
003845.png	reject	24.2052	65.0000	512	256
003846.png	reject	8.7457	46.6667	512	256
003847.png	reject	11.3960	27.3333	512	256
003848.png	reject	15.2329	34.6667	512	256
003849.png	keep	2.1328	5.6667	512	256
003850.png	reject	12.5453	32.6667	512	256
003851.png	keep	4.4686	12.6667	512	256
003852.png	keep	2.9936	8.0000	512	256
003853.png	keep	9.7752	18.6667	512	256
003854.png	keep	1.9002	4.6667	512	256
003855.png	keep	6.5405	14.3333	512	256
003856.png	reject	13.4780	24.0000	512	256
003857.png	keep	3.0220	9.0000	512	256
003858.png	keep	4.2998	9.0000	512	256
003859.png	keep	7.6969	11.6667	512	256
003860.png	reject	13.1327	29.3333	512	256
003861.png	reject	7.8549	24.6667	512	256
003862.png	keep	4.8541	14.6667	512	256
003863.png	keep	9.0602	21.6667	512	256
003864.png	reject	16.3759	39.0000	512	256
003865.png	reject	14.3963	34.3333	512	256
003866.png	reject	12.4686	25.0000	512	256
003867.png	keep	1.5810	3.3333	512	256
003868.png	keep	2.7492	6.6667	512	256
003869.png	keep	2.4574	5.0000	512	256
003870.png	keep	2.0221	4.3333	512	256
003871.png	reject	9.4351	26.0000	512	256
003872.png	keep	7.5908	14.0000	512	256
003873.png	reject	16.0231	55.6667	512	256
003874.png	keep	4.4728	12.0000	512	256
003875.png	reject	15.5521	30.3333	512	256
003876.png	reject	15.3326	37.3333	512	256
003877.png	keep	6.4490	11.6667	512	256
003878.png	reject	14.5192	59.0000	512	256
003879.png	keep	2.4467	5.0000	512	256
003880.png	reject	22.6668	45.0000	512	256
003881.png	keep	3.0562	6.0000	512	256
003882.png	reject	12.9786	33.3333	512	256
003883.png	keep	2.6772	7.0000	512	256
003884.png	keep	2.0726	4.6667	512	256
003885.png	keep	2.2746	8.0000	512	256
003886.png	reject	11.4251	23.6667	512	256
003887.png	keep	6.0300	13.6667	512	256
003888.png	keep	5.0402	10.0000	512	256
003889.png	reject	10.4002	34.3333	512	256
003890.png	keep	4.7956	12.3333	512	256
003891.png	keep	8.5893	18.0000	512	256
003892.png	reject	11.8588	27.3333	512	256
003893.png	keep	3.2739	7.6667	512	256
003894.png	keep	5.5597	16.0000	512	256
003895.png	keep	2.3707	5.3333	512	256
003896.png	reject	40.9587	70.0000	512	256
003897.png	keep	2.6721	5.6667	512	256
003898.png	reject	11.3175	33.3333	512	256
003899.png	keep	4.7324	13.0000	512	256
003900.png	keep	2.3169	4.6667	512	256
003901.png	reject	14.3828	46.3333	512	256
003902.png	keep	5.7517	15.0000	512	256
003903.png	keep	5.3645	11.0000	512	256
003904.png	keep	7.0026	18.6667	512	256
003905.png	keep	5.5800	13.0000	512	256
003906.png	keep	6.5977	18.0000	512	256
003907.png	keep	7.2613	16.6667	512	256
003908.png	reject	12.4248	24.0000	512	256
003909.png	reject	10.3505	26.3333	512	256
003910.png	keep	3.5343	7.6667	512	256
003911.png	keep	1.7233	3.3333	512	256
003912.png	reject	49.5091	75.3333	512	256
003913.png	keep	2.4159	6.0000	512	256
003914.png	reject	7.7910	25.3333	512	256
003915.png	keep	3.5737	9.3333	512	256
003916.png	keep	1.5782	4.0000	512	256
003917.png	keep	1.1228	2.3333	512	256
003918.png	keep	5.0361	10.6667	512	256
003919.png	keep	5.6040	12.6667	512	256
003920.png	keep	5.8486	11.3333	512	256
003921.png	keep	4.0066	12.3333	512	256
003922.png	keep	7.3407	14.0000	512	256
003923.png	keep	8.5033	18.6667	512	256
003924.png	keep	9.3053	19.0000	512	256
003925.png	keep	5.7570	15.3333	512	256
003926.png	reject	8.9021	45.0000	512	256
003927.png	keep	2.3057	4.6667	512	256
003928.png	reject	48.1694	91.6667	512	256
003929.png	reject	15.1040	33.3333	512	256
003930.png	keep	8.4274	17.0000	512	256
003931.png	keep	4.6299	11.0000	512	256
003932.png	keep	3.4833	10.3333	512	256
003933.png	keep	1.3555	3.0000	512	256
003934.png	keep	4.4799	12.3333	512	256
003935.png	reject	10.2327	22.3333	512	256
003936.png	keep	7.7695	18.3333	512	256
003937.png	reject	28.8128	69.6667	512	256
003938.png	keep	4.6516	7.0000	512	256
003939.png	reject	18.2126	29.3333	512	256
003940.png	keep	7.4109	12.3333	512	256
003941.png	keep	9.6217	21.6667	512	256
003942.png	reject	19.1326	42.6667	512	256
003943.png	keep	3.3369	6.6667	512	256
003944.png	reject	26.0594	76.6667	512	256
003945.png	keep	2.7030	6.3333	512	256
003946.png	reject	26.7296	59.3333	512	256
003947.png	keep	2.2075	5.6667	512	256
003948.png	keep	1.7203	4.3333	512	256
003949.png	keep	1.2969	3.0000	512	256
003950.png	keep	4.7127	10.6667	512	256
003951.png	keep	5.5356	15.6667	512	256
003952.png	keep	4.6938	11.3333	512	256
003953.png	keep	7.0644	17.3333	512	256
003954.png	keep	9.9989	17.0000	512	256
003955.png	keep	5.4998	13.3333	512	256
003956.png	keep	7.8144	12.6667	512	256
003957.png	reject	12.0665	29.3333	512	256
003958.png	reject	27.4812	50.6667	512	256
003959.png	keep	2.4143	8.3333	512	256
003960.png	reject	29.0872	41.3333	512	256
003961.png	keep	2.3361	4.3333	512	256
003962.png	reject	18.1317	41.0000	512	256
003963.png	keep	1.6826	4.0000	512	256
003964.png	keep	5.0380	18.3333	512	256
003965.png	keep	2.8458	6.3333	512	256
003966.png	keep	4.3860	9.0000	512	256
003967.png	keep	6.0557	11.6667	512	256
003968.png	keep	5.6668	12.0000	512	256
003969.png	keep	4.6616	11.6667	512	256
003970.png	keep	7.2881	14.3333	512	256
003971.png	keep	5.4404	12.0000	512	256
003972.png	reject	10.8869	21.0000	512	256
003973.png	reject	7.0462	26.0000	512	256
003974.png	reject	25.8355	55.6667	512	256
003975.png	keep	1.2863	3.0000	512	256
003976.png	reject	27.3481	62.6667	512	256
003977.png	keep	1.5406	3.3333	512	256
003978.png	reject	12.6738	30.6667	512	256
003979.png	keep	2.1960	5.3333	512	256
003980.png	keep	1.8935	3.6667	512	256
003981.png	keep	1.3761	3.6667	512	256
003982.png	keep	1.7815	4.3333	512	256
003983.png	reject	20.2163	41.3333	512	256
003984.png	keep	5.0770	8.6667	512	256
003985.png	reject	10.2192	20.3333	512	256
003986.png	reject	19.6519	90.6667	512	256
003987.png	reject	14.2156	27.3333	512	256
003988.png	reject	10.0085	20.3333	512	256
003989.png	keep	5.2225	13.6667	512	256
003990.png	reject	21.1885	37.0000	512	256
003991.png	keep	5.9447	16.0000	512	256
003992.png	reject	13.8977	61.3333	512	256
003993.png	keep	3.5386	9.0000	512	256
003994.png	reject	37.7506	82.3333	512	256
003995.png	keep	1.7731	4.0000	512	256
003996.png	keep	1.8038	5.0000	512	256
003997.png	keep	5.9269	12.0000	512	256
003998.png	reject	11.4980	28.0000	512	256
003999.png	keep	8.0318	17.3333	512	256
004000.png	keep	4.5436	10.0000	512	256
004001.png	keep	6.2004	12.6667	512	256
004002.png	keep	7.3279	22.0000	512	256
004003.png	keep	7.2982	14.6667	512	256
004004.png	reject	10.2915	22.0000	512	256
004005.png	keep	7.2759	14.0000	512	256
004006.png	reject	26.0009	49.0000	512	256
004007.png	keep	5.5597	13.6667	512	256
004008.png	reject	29.3594	66.0000	512	256
004009.png	reject	24.3949	61.3333	512	256
004010.png	reject	19.8887	41.0000	512	256
004011.png	keep	1.2092	2.0000	512	256
004012.png	keep	2.3947	5.3333	512	256
004013.png	keep	1.5832	3.6667	512	256
004014.png	keep	4.7711	10.3333	512	256
004015.png	keep	6.5282	13.0000	512	256
004016.png	reject	10.7756	27.3333	512	256
004017.png	reject	11.3201	18.6667	512	256
004018.png	reject	9.8346	36.0000	512	256
004019.png	reject	12.1540	25.6667	512	256
004020.png	keep	6.2137	15.3333	512	256
004021.png	keep	3.1592	9.3333	512	256
004022.png	keep	4.2572	7.6667	512	256
004023.png	keep	4.2654	15.3333	512	256
004024.png	reject	23.2608	45.3333	512	256
004025.png	keep	4.3769	9.3333	512	256
004026.png	reject	13.0554	26.6667	512	256
004027.png	keep	1.9284	4.3333	512	256
004028.png	keep	1.8974	4.6667	512	256
004029.png	keep	1.4095	3.3333	512	256
004030.png	keep	3.6110	9.3333	512	256
004031.png	reject	25.1997	52.3333	512	256
004032.png	keep	8.1558	17.3333	512	256
004033.png	keep	3.6013	8.3333	512	256
004034.png	keep	9.8973	21.0000	512	256
004035.png	reject	14.7409	26.6667	512	256
004036.png	keep	8.8658	20.0000	512	256
004037.png	keep	5.6112	14.0000	512	256
004038.png	keep	3.7539	8.0000	512	256
004039.png	reject	9.6678	25.3333	512	256
004040.png	reject	27.7226	71.6667	512	256
004041.png	keep	2.4584	6.3333	512	256
004042.png	keep	4.2003	10.3333	512	256
004043.png	keep	1.4188	3.0000	512	256
004044.png	keep	1.3909	3.6667	512	256
004045.png	keep	1.9742	3.6667	512	256
004046.png	reject	15.4484	45.0000	512	256
004047.png	keep	6.5446	14.3333	512	256
004048.png	keep	7.0290	18.0000	512	256
004049.png	keep	4.0321	11.6667	512	256
004050.png	keep	4.4997	7.6667	512	256
004051.png	reject	12.2151	36.0000	512	256
004052.png	reject	13.6034	25.3333	512	256
004053.png	keep	7.6779	19.0000	512	256
004054.png	reject	15.6148	56.6667	512	256
004055.png	keep	3.3984	8.0000	512	256
004056.png	reject	26.0340	60.6667	512	256
004057.png	keep	2.3560	5.3333	512	256
004058.png	keep	3.1202	8.3333	512	256
004059.png	keep	1.0909	2.6667	512	256
004060.png	keep	1.6284	3.3333	512	256
004061.png	keep	1.1789	2.6667	512	256
004062.png	reject	20.6832	48.3333	512	256
004063.png	keep	7.8618	16.6667	512	256
004064.png	reject	15.1386	39.0000	512	256
004065.png	reject	10.2572	18.0000	512	256
004066.png	reject	15.9971	72.3333	512	256
004067.png	reject	11.2557	23.0000	512	256
004068.png	reject	18.7249	33.6667	512	256
004069.png	keep	8.0502	19.3333	512	256
004070.png	reject	15.6578	42.3333	512	256
004071.png	keep	2.4693	6.3333	512	256
004072.png	reject	31.6201	64.6667	512	256
004073.png	keep	2.9972	6.6667	512	256
004074.png	keep	6.9777	15.6667	512	256
004075.png	keep	1.2037	3.0000	512	256
004076.png	keep	1.7345	3.3333	512	256
004077.png	reject	4.8470	26.0000	512	256
004078.png	keep	2.0622	4.6667	512	256
004079.png	keep	7.7580	16.3333	512	256
004080.png	keep	9.6017	18.3333	512	256
004081.png	keep	8.9661	18.3333	512	256
004082.png	keep	4.0737	12.0000	512	256
004083.png	reject	33.8909	71.0000	512	256
004084.png	keep	7.5807	20.0000	512	256
004085.png	keep	6.4635	15.0000	512	256
004086.png	reject	17.3199	57.6667	512	256
004087.png	keep	2.0490	4.3333	512	256
004088.png	keep	5.6744	19.0000	512	256
004089.png	keep	3.1350	7.6667	512	256
004090.png	reject	10.8851	26.6667	512	256
004091.png	reject	21.2557	49.0000	512	256
004092.png	keep	2.6224	5.3333	512	256
004093.png	keep	2.5931	5.0000	512	256
004094.png	keep	2.0626	4.0000	512	256
004095.png	reject	13.8671	25.6667	512	256
004096.png	keep	4.8429	10.0000	512	256
004097.png	reject	11.8592	46.0000	512	256
004098.png	keep	4.3076	11.0000	512	256
004099.png	reject	16.4444	27.0000	512	256
004100.png	reject	16.6685	27.0000	512	256
004101.png	keep	4.4694	10.3333	512	256
004102.png	keep	4.7453	9.6667	512	256
004103.png	keep	1.9724	5.0000	512	256
004104.png	keep	8.0076	18.0000	512	256
004105.png	keep	2.2993	5.0000	512	256
004106.png	reject	17.1686	44.6667	512	256
004107.png	keep	2.2292	6.6667	512	256
004108.png	keep	1.3051	3.0000	512	256
004109.png	keep	3.8173	11.6667	512	256
004110.png	keep	5.6650	11.3333	512	256
004111.png	keep	6.8078	15.0000	512	256
004112.png	keep	5.0395	11.6667	512	256
004113.png	keep	2.3477	5.3333	512	256
004114.png	keep	6.0566	14.3333	512	256
004115.png	reject	11.5179	21.0000	512	256
004116.png	reject	7.1302	22.3333	512	256
004117.png	reject	10.5761	27.3333	512	256
004118.png	keep	5.2173	10.3333	512	256
004119.png	keep	1.9623	5.3333	512	256
004120.png	keep	5.1965	8.6667	512	256
004121.png	keep	2.2063	5.0000	512	256
004122.png	reject	13.6347	36.3333	512	256
004123.png	keep	1.0926	2.0000	512	256
004124.png	keep	1.4353	3.3333	512	256
004125.png	keep	1.2188	2.6667	512	256
004126.png	keep	1.9780	5.0000	512	256
004127.png	keep	9.2902	20.0000	512	256
004128.png	keep	4.7397	10.3333	512	256
004129.png	keep	3.0474	6.0000	512	256
004130.png	keep	6.5536	12.3333	512	256
004131.png	reject	9.4538	26.6667	512	256
004132.png	reject	12.2771	22.3333	512	256
004133.png	keep	2.8088	6.3333	512	256
004134.png	keep	5.0618	10.3333	512	256
004135.png	keep	1.5190	3.6667	512	256
004136.png	keep	2.2485	5.3333	512	256
004137.png	keep	2.5967	5.6667	512	256
004138.png	reject	9.4763	29.3333	512	256
004139.png	keep	1.6209	4.3333	512	256
004140.png	keep	1.5880	3.6667	512	256
004141.png	keep	4.6708	8.6667	512	256
004142.png	keep	7.3605	16.3333	512	256
004143.png	keep	7.1407	16.0000	512	256
004144.png	reject	27.0344	54.6667	512	256
004145.png	keep	2.7865	5.6667	512	256
004146.png	reject	14.9807	25.0000	512	256
004147.png	keep	4.5642	11.3333	512	256
004148.png	reject	11.2388	26.0000	512	256
004149.png	reject	8.6379	24.3333	512	256
004150.png	keep	3.4325	8.3333	512	256
004151.png	keep	4.1747	13.0000	512	256
004152.png	reject	11.5159	58.6667	512	256
004153.png	keep	2.9666	8.3333	512	256
004154.png	keep	6.4925	14.6667	512	256
004155.png	keep	1.6834	3.3333	512	256
004156.png	keep	1.5701	3.3333	512	256
004157.png	reject	34.3952	74.6667	512	256
004158.png	keep	1.4065	3.6667	512	256
004159.png	keep	5.5860	10.6667	512	256
004160.png	reject	24.3408	52.3333	512	256
004161.png	keep	5.6710	11.0000	512	256
004162.png	reject	9.0228	28.3333	512	256
004163.png	keep	3.2326	7.6667	512	256
004164.png	reject	13.2922	34.3333	512	256
004165.png	keep	5.2239	14.3333	512	256
004166.png	keep	2.1358	4.6667	512	256
004167.png	reject	16.2715	31.6667	512	256
004168.png	reject	8.4877	33.6667	512	256
004169.png	keep	1.8984	3.6667	512	256
004170.png	keep	8.3778	14.6667	512	256
004171.png	keep	1.9512	4.3333	512	256
004172.png	keep	1.7850	4.6667	512	256
004173.png	reject	33.1131	98.0000	512	256
004174.png	keep	2.1846	4.3333	512	256
004175.png	reject	9.8487	26.3333	512	256
004176.png	keep	7.5163	14.3333	512	256
004177.png	keep	2.1336	6.3333	512	256
004178.png	keep	9.8103	21.6667	512	256
004179.png	keep	3.8846	12.6667	512	256
004180.png	reject	14.4929	26.0000	512	256
004181.png	keep	2.6331	6.0000	512	256
004182.png	reject	13.9830	26.3333	512	256
004183.png	reject	10.7026	28.6667	512	256
004184.png	keep	7.2902	16.6667	512	256
004185.png	keep	2.4587	5.3333	512	256
004186.png	keep	6.7919	15.3333	512	256
004187.png	keep	3.0184	6.6667	512	256
004188.png	keep	1.1497	2.6667	512	256
004189.png	reject	23.6619	56.0000	512	256
004190.png	keep	1.7181	4.0000	512	256
004191.png	keep	5.9618	12.6667	512	256
004192.png	reject	14.8435	37.6667	512	256
004193.png	keep	6.0958	11.0000	512	256
004194.png	keep	6.4134	16.6667	512	256
004195.png	keep	4.6329	12.6667	512	256
004196.png	keep	8.4942	19.3333	512	256
004197.png	keep	5.8462	12.0000	512	256
004198.png	keep	2.5968	6.0000	512	256
004199.png	keep	3.4330	9.0000	512	256
004200.png	keep	6.5001	17.3333	512	256
004201.png	keep	4.7802	10.3333	512	256
004202.png	keep	3.5912	10.0000	512	256
004203.png	keep	2.1744	6.0000	512	256
004204.png	reject	9.0039	24.3333	512	256
004205.png	reject	18.1754	41.6667	512	256
004206.png	reject	18.7862	49.3333	512	256
004207.png	keep	6.5919	15.0000	512	256
004208.png	keep	4.6946	10.3333	512	256
004209.png	keep	4.7751	9.3333	512	256
004210.png	keep	5.0642	13.6667	512	256
004211.png	keep	6.3675	12.3333	512	256
004212.png	keep	6.4273	13.0000	512	256
004213.png	reject	11.3147	35.6667	512	256
004214.png	reject	14.2913	45.6667	512	256
004215.png	keep	3.4273	8.0000	512	256
004216.png	reject	14.2791	34.0000	512	256
004217.png	keep	2.8100	6.3333	512	256
004218.png	keep	4.9053	11.6667	512	256
004219.png	keep	2.2894	5.0000	512	256
004220.png	keep	4.9162	11.6667	512	256
004221.png	reject	15.7281	39.3333	512	256
004222.png	reject	7.4900	22.3333	512	256
004223.png	keep	7.1989	15.6667	512	256
004224.png	keep	5.2121	11.0000	512	256
004225.png	keep	4.8647	10.6667	512	256
004226.png	reject	21.3998	57.6667	512	256
004227.png	keep	5.7696	14.7500	512	256
004228.png	reject	10.7276	21.3333	512	256
004229.png	keep	7.8059	20.3333	512	256
004230.png	keep	6.4293	17.3333	512	256
004231.png	keep	3.9995	9.0000	512	256
004232.png	reject	7.2929	35.3333	512	256
004233.png	keep	2.5203	5.6667	512	256
004234.png	reject	10.5140	20.3333	512	256
004235.png	keep	1.9065	4.6667	512	256
004236.png	reject	24.4571	76.0000	512	256
004237.png	reject	29.0594	70.0000	512	256
004238.png	reject	8.5703	29.6667	512	256
004239.png	reject	22.8316	45.3333	512	256
004240.png	keep	3.6756	9.3333	512	256
004241.png	reject	9.8131	27.6667	512	256
004242.png	keep	6.4190	16.0000	512	256
004243.png	keep	5.7846	13.3333	512	256
004244.png	keep	8.1465	20.0000	512	256
004245.png	reject	20.4789	37.3333	512	256
004246.png	keep	4.2782	8.6667	512	256
004247.png	keep	3.2518	7.6667	512	256
004248.png	keep	1.6817	3.6667	512	256
004249.png	keep	1.8006	4.0000	512	256
004250.png	keep	2.2309	5.3333	512	256
004251.png	keep	5.8039	14.6667	512	256
004252.png	keep	9.7315	20.6667	512	256
004253.png	reject	29.7802	60.3333	512	256
004254.png	reject	10.6707	20.0000	512	256
004255.png	reject	11.0155	26.0000	512	256
004256.png	keep	4.1855	9.6667	512	256
004257.png	keep	5.1782	9.3333	512	256
004258.png	reject	17.6467	33.6667	512	256
004259.png	keep	6.6216	15.6667	512	256
004260.png	keep	9.0485	17.0000	512	256
004261.png	keep	8.4975	22.0000	512	256
004262.png	keep	4.8933	9.3333	512	256
004263.png	keep	1.1903	2.6667	512	256
004264.png	reject	12.8031	28.6667	512	256
004265.png	reject	11.2497	31.6667	512	256
004266.png	keep	5.0634	11.0000	512	256
004267.png	reject	10.4101	23.6667	512	256
004268.png	keep	3.5831	11.0000	512	256
004269.png	reject	28.7233	74.6667	512	256
004270.png	reject	10.3129	25.3333	512	256
004271.png	reject	15.2545	33.3333	512	256
004272.png	reject	13.0302	26.3333	512	256
004273.png	keep	4.7250	9.0000	512	256
004274.png	keep	5.7117	9.6667	512	256
004275.png	keep	3.3679	6.6667	512	256
004276.png	reject	14.2955	26.6667	512	256
004277.png	reject	17.7976	34.6667	512	256
004278.png	keep	6.9478	17.3333	512	256
004279.png	keep	1.7049	3.3333	512	256
004280.png	keep	4.0900	11.0000	512	256
004281.png	keep	1.8679	4.3333	512	256
004282.png	keep	5.1379	11.6667	512	256
004283.png	keep	2.9595	6.3333	512	256
004284.png	reject	8.8016	35.3333	512	256
004285.png	reject	22.8623	44.3333	512	256
004286.png	reject	20.7453	54.6667	512	256
004287.png	reject	27.2145	62.6667	512	256
004288.png	keep	6.0310	12.6667	512	256
004289.png	keep	5.5112	16.3333	512	256
004290.png	keep	6.1771	16.6667	512	256
004291.png	keep	4.1438	8.6667	512	256
004292.png	reject	18.3593	30.6667	512	256
004293.png	reject	20.8255	41.3333	512	256
004294.png	keep	1.7152	4.0000	512	256
004295.png	keep	7.2272	17.3333	512	256
004296.png	keep	2.9686	6.6667	512	256
004297.png	keep	2.1051	4.0000	512	256
004298.png	reject	9.6438	49.6667	512	256
004299.png	keep	3.6429	10.6667	512	256
004300.png	keep	6.1213	12.0000	512	256
004301.png	reject	24.5893	57.3333	512	256
004302.png	keep	4.5498	10.0000	512	256
004303.png	reject	16.2497	48.0000	512	256
004304.png	keep	1.0070	2.6667	512	256
004305.png	keep	2.8754	6.3333	512	256
004306.png	keep	4.8788	11.0000	512	256
004307.png	keep	2.8453	8.3333	512	256
004308.png	reject	18.5217	37.3333	512	256
004309.png	reject	8.3350	37.0000	512	256
004310.png	reject	21.2787	48.3333	512	256
004311.png	keep	2.5748	6.6667	512	256
004312.png	keep	2.6537	5.6667	512	256
004313.png	keep	3.1515	6.6667	512	256
004314.png	keep	5.4457	13.3333	512	256
004315.png	reject	13.0896	40.6667	512	256
004316.png	keep	1.9484	4.6667	512	256
004317.png	reject	13.2566	35.6667	512	256
004318.png	keep	6.0781	14.3333	512	256
004319.png	keep	8.6298	18.6667	512	256
004320.png	reject	4.9410	27.0000	512	256
004321.png	keep	2.4029	6.3333	512	256
004322.png	keep	6.6635	17.0000	512	256
004323.png	keep	4.7153	12.6667	512	256
004324.png	reject	13.2492	22.6667	512	256
004325.png	reject	28.4914	61.6667	512	256
004326.png	keep	4.3545	13.3333	512	256
004327.png	keep	2.0997	4.6667	512	256
004328.png	reject	11.8754	21.3333	512	256
004329.png	keep	3.3752	8.0000	512	256
004330.png	reject	10.5130	39.6667	512	256
004331.png	reject	13.5896	31.6667	512	256
004332.png	keep	6.5918	18.6667	512	256
004333.png	keep	6.2123	14.3333	512	256
004334.png	reject	23.1528	47.6667	512	256
004335.png	keep	7.0815	15.3333	512	256
004336.png	keep	2.3578	6.0000	512	256
004337.png	keep	2.5044	7.3333	512	256
004338.png	keep	2.2433	4.3333	512	256
004339.png	keep	2.2484	5.3333	512	256
004340.png	reject	13.3514	26.3333	512	256
004341.png	keep	9.7702	19.3333	512	256
004342.png	reject	34.4954	61.6667	512	256
004343.png	keep	2.3208	5.6667	512	256
004344.png	reject	15.6384	77.0000	512	256
004345.png	keep	2.5406	6.3333	512	256
004346.png	keep	5.1964	11.0000	512	256
004347.png	keep	1.3713	2.6667	512	256
004348.png	keep	1.7362	4.6667	512	256
004349.png	keep	5.8708	10.3333	512	256
004350.png	reject	23.2964	46.3333	512	256
004351.png	keep	6.8091	14.6667	512	256
004352.png	keep	4.7445	10.0000	512	256
004353.png	keep	1.9011	5.3333	512	256
004354.png	reject	20.8433	71.3333	512	256
004355.png	keep	4.0789	7.6667	512	256
004356.png	reject	9.7105	27.3333	512	256
004357.png	reject	16.3232	39.0000	512	256
004358.png	keep	3.7184	10.3333	512	256
004359.png	keep	2.6984	6.6667	512	256
004360.png	reject	22.3877	49.3333	512	256
004361.png	keep	3.7748	8.0000	512	256
004362.png	reject	8.2033	25.0000	512	256
004363.png	keep	1.3819	3.6667	512	256
004364.png	keep	5.0419	12.6667	512	256
004365.png	keep	4.2352	10.0000	512	256
004366.png	reject	13.4295	35.0000	512	256
004367.png	keep	6.5689	12.6667	512	256
004368.png	keep	4.8659	14.6667	512	256
004369.png	keep	7.6559	20.3333	512	256
004370.png	reject	10.1027	17.6667	512	256
004371.png	keep	6.6158	13.3333	512	256
004372.png	reject	13.6220	34.0000	512	256
004373.png	keep	1.4088	3.3333	512	256
004374.png	reject	13.7628	28.6667	512	256
004375.png	keep	2.5176	6.0000	512	256
004376.png	keep	4.4343	10.3333	512	256
004377.png	reject	18.1385	47.3333	512	256
004378.png	reject	11.2388	28.0000	512	256
004379.png	keep	6.0210	8.6667	512	256
004380.png	keep	2.4938	5.6667	512	256
004381.png	keep	8.1941	19.6667	512	256
004382.png	reject	10.8271	29.3333	512	256
004383.png	keep	5.2034	10.6667	512	256
004384.png	keep	2.8324	9.0000	512	256
004385.png	keep	4.2634	7.6667	512	256
004386.png	keep	9.7484	16.6667	512	256
004387.png	keep	4.3499	10.6667	512	256
004388.png	reject	14.2785	31.3333	512	256
004389.png	keep	6.4940	15.6667	512	256
004390.png	keep	1.7476	4.0000	512	256
004391.png	keep	7.6630	19.6667	512	256
004392.png	keep	3.5580	8.6667	512	256
004393.png	reject	31.5424	84.0000	512	256
004394.png	keep	6.7912	14.6667	512	256
004395.png	keep	1.8585	4.6667	512	256
004396.png	keep	3.8870	12.3333	512	256
004397.png	reject	12.5530	35.3333	512	256
004398.png	keep	4.8792	12.3333	512	256
004399.png	keep	5.4127	10.6667	512	256
004400.png	keep	1.2211	2.6667	512	256
004401.png	keep	2.1655	5.6667	512	256
004402.png	keep	8.7031	10.6667	512	256
004403.png	keep	7.4595	14.3333	512	256
004404.png	keep	8.8841	15.3333	512	256
004405.png	keep	6.9014	16.0000	512	256
004406.png	keep	3.1059	8.3333	512	256
004407.png	keep	3.4245	8.3333	512	256
004408.png	reject	10.8161	24.0000	512	256
004409.png	reject	15.4049	35.4167	512	256
004410.png	reject	36.1669	107.3333	512	256
004411.png	keep	2.1864	5.3333	512	256
004412.png	reject	8.3749	58.0000	512	256
004413.png	reject	33.7166	62.6667	512	256
004414.png	reject	11.2566	27.0000	512	256
004415.png	keep	9.1571	17.6667	512	256
004416.png	keep	5.0464	12.0000	512	256
004417.png	reject	10.6757	30.0000	512	256
004418.png	keep	7.8696	15.6667	512	256
004419.png	keep	5.2199	11.3333	512	256
004420.png	keep	9.7031	16.6667	512	256
004421.png	keep	6.8595	14.3333	512	256
004422.png	keep	7.5349	17.6667	512	256
004423.png	keep	2.2846	5.6667	512	256
004424.png	keep	2.9527	7.3333	512	256
004425.png	reject	17.9389	37.6667	512	256
004426.png	reject	12.1021	30.6667	512	256
004427.png	keep	1.8396	3.3333	512	256
004428.png	keep	3.2800	8.3333	512	256
004429.png	keep	3.6480	8.6667	512	256
004430.png	keep	9.1065	20.3333	512	256
004431.png	keep	8.8928	21.3333	512	256
004432.png	keep	6.1939	17.3333	512	256
004433.png	keep	2.1579	6.0000	512	256
004434.png	reject	11.9428	24.6667	512	256
004435.png	keep	3.5305	9.6667	512	256
004436.png	reject	11.6140	20.3333	512	256
004437.png	reject	15.3197	61.0000	512	256
004438.png	reject	14.9743	30.6667	512	256
004439.png	keep	2.7010	7.0000	512	256
004440.png	reject	21.5619	47.0000	512	256
004441.png	reject	10.0490	25.0000	512	256
004442.png	reject	15.4283	29.0000	512	256
004443.png	keep	1.9480	4.3333	512	256
004444.png	keep	3.8526	7.3333	512	256
004445.png	reject	42.9745	101.3333	512	256
004446.png	keep	7.2730	20.3333	512	256
004447.png	keep	4.8601	11.0000	512	256
004448.png	keep	2.5129	5.3333	512	256
004449.png	keep	2.4639	5.6667	512	256
004450.png	reject	32.9932	83.6667	512	256
004451.png	keep	3.8667	8.3333	512	256
004452.png	keep	4.8916	10.0000	512	256
004453.png	reject	14.8701	44.3333	512	256
004454.png	keep	3.4139	8.3333	512	256
004455.png	keep	2.4372	5.3333	512	256
004456.png	keep	2.1494	6.0000	512	256
004457.png	reject	10.2552	50.6667	512	256
004458.png	reject	14.5273	41.0000	512	256
004459.png	keep	1.6053	3.3333	512	256
004460.png	keep	4.7689	18.3333	512	256
004461.png	keep	3.7537	12.0000	512	256
004462.png	reject	11.7845	22.3333	512	256
004463.png	keep	8.9891	21.6667	512	256
004464.png	keep	1.5096	4.3333	512	256
004465.png	keep	2.9048	11.6667	512	256
004466.png	reject	10.3965	26.3333	512	256
004467.png	reject	12.5583	41.3333	512	256
004468.png	keep	3.3126	9.0000	512	256
004469.png	reject	12.2285	26.6667	512	256
004470.png	keep	1.3551	3.3333	512	256
004471.png	keep	4.2669	12.0000	512	256
004472.png	keep	1.7762	3.6667	512	256
004473.png	reject	10.7975	31.0000	512	256
004474.png	reject	15.4751	28.6667	512	256
004475.png	keep	2.0915	4.6667	512	256
004476.png	keep	7.4551	20.0000	512	256
004477.png	reject	12.5907	40.6667	512	256
004478.png	keep	5.8165	15.6667	512	256
004479.png	keep	6.3525	16.3333	512	256
004480.png	reject	6.6330	30.0000	512	256
004481.png	keep	2.4766	6.0000	512	256
004482.png	keep	9.1087	15.6667	512	256
004483.png	keep	3.5049	6.6667	512	256
004484.png	keep	4.9020	15.3333	512	256
004485.png	keep	5.8403	13.6667	512	256
004486.png	keep	2.9894	8.0000	512	256
004487.png	keep	2.3315	5.0000	512	256
004488.png	keep	2.0222	3.6667	512	256
004489.png	reject	13.7840	40.6667	512	256
004490.png	reject	17.9772	43.3333	512	256
004491.png	keep	1.5835	3.3333	512	256
004492.png	keep	3.3408	8.6667	512	256
004493.png	keep	3.4528	8.6667	512	256
004494.png	keep	5.5857	11.6667	512	256
004495.png	keep	6.9450	14.0000	512	256
004496.png	keep	2.7827	6.3333	512	256
004497.png	reject	10.4545	45.6667	512	256
004498.png	reject	20.7760	66.0000	512	256
004499.png	keep	3.5169	9.0000	512	256
004500.png	reject	11.7485	23.6667	512	256
004501.png	keep	8.8511	17.0000	512	256
004502.png	keep	3.0213	8.3333	512	256
004503.png	keep	3.6457	11.0000	512	256
004504.png	keep	2.4904	5.6667	512	256
004505.png	reject	12.6360	30.3333	512	256
004506.png	keep	7.1998	13.0000	512	256
004507.png	keep	1.4778	3.6667	512	256
004508.png	keep	3.8847	10.3333	512	256
004509.png	reject	14.2477	38.6667	512	256
004510.png	keep	7.2090	20.0000	512	256
004511.png	reject	19.8116	41.6667	512	256
004512.png	keep	4.1329	10.3333	512	256
004513.png	keep	2.9716	7.6667	512	256
004514.png	keep	6.5281	17.0000	512	256
004515.png	keep	2.5952	7.0000	512	256
004516.png	keep	3.0589	7.3333	512	256
004517.png	reject	8.5439	26.3333	512	256
004518.png	reject	7.8938	32.6667	512	256
004519.png	keep	3.4789	8.0000	512	256
004520.png	keep	6.1172	11.0000	512	256
004521.png	reject	17.3600	49.3333	512	256
004522.png	reject	17.8951	37.3333	512	256
004523.png	reject	20.3658	40.6667	512	256
004524.png	reject	11.8160	49.0000	512	256
004525.png	reject	12.3591	27.6667	512	256
004526.png	reject	24.6394	73.6667	512	256
004527.png	keep	4.9307	8.6667	512	256
004528.png	keep	3.3194	6.3333	512	256
004529.png	keep	5.0072	11.6667	512	256
004530.png	keep	6.9538	15.3333	512	256
004531.png	keep	6.2726	14.6667	512	256
004532.png	keep	5.9163	10.0000	512	256
004533.png	keep	2.4596	6.3333	512	256
004534.png	keep	2.6131	6.6667	512	256
004535.png	reject	11.7998	25.6667	512	256
004536.png	reject	10.0464	25.0000	512	256
004537.png	reject	14.3795	35.0000	512	256
004538.png	keep	3.6961	8.3333	512	256
004539.png	keep	2.6297	6.3333	512	256
004540.png	reject	13.8949	23.3333	512	256
004541.png	reject	6.8564	22.6667	512	256
004542.png	reject	20.8237	57.3333	512	256
004543.png	reject	17.6428	47.0000	512	256
004544.png	reject	10.5022	40.3333	512	256
004545.png	keep	1.9960	4.3333	512	256
004546.png	keep	8.3924	16.6667	512	256
004547.png	keep	5.2847	10.3333	512	256
004548.png	keep	4.3430	16.0000	512	256
004549.png	reject	25.3135	38.6667	512	256
004550.png	keep	4.8221	9.3333	512	256
004551.png	reject	12.5115	29.3333	512	256
004552.png	reject	18.1349	42.6667	512	256
004553.png	reject	17.6645	35.0000	512	256
004554.png	reject	32.5728	56.3333	512	256
004555.png	keep	3.9920	9.6667	512	256
004556.png	reject	13.8776	42.0000	512	256
004557.png	keep	2.3921	5.6667	512	256
004558.png	keep	3.3848	6.3333	512	256
004559.png	reject	12.1757	28.3333	512	256
004560.png	keep	4.4400	9.3333	512	256
004561.png	keep	2.4552	5.3333	512	256
004562.png	keep	7.2828	19.6667	512	256
004563.png	keep	5.2328	11.6667	512	256
004564.png	keep	3.0246	8.3333	512	256
004565.png	keep	7.9864	18.6667	512	256
004566.png	keep	2.3202	4.6667	512	256
004567.png	keep	5.4892	13.6667	512	256
004568.png	keep	1.7295	4.3333	512	256
004569.png	reject	12.8035	29.6667	512	256
004570.png	reject	12.5755	27.6667	512	256
004571.png	keep	2.1480	4.6667	512	256
004572.png	keep	7.9192	20.6667	512	256
004573.png	reject	11.6256	25.0000	512	256
004574.png	keep	4.9676	12.6667	512	256
004575.png	reject	12.7318	34.3333	512	256
004576.png	keep	3.0756	8.6667	512	256
004577.png	keep	2.6394	5.3333	512	256
004578.png	keep	3.4506	7.3333	512	256
004579.png	keep	3.2485	7.0000	512	256
004580.png	keep	8.4411	18.6667	512	256
004581.png	keep	4.3254	9.0000	512	256
004582.png	keep	2.4370	6.0000	512	256
004583.png	keep	2.5812	5.6667	512	256
004584.png	reject	11.0720	29.3333	512	256
004585.png	reject	15.4624	37.6667	512	256
004586.png	keep	5.8856	15.0000	512	256
004587.png	keep	1.2145	2.6667	512	256
004588.png	keep	3.8595	8.6667	512	256
004589.png	reject	15.3762	36.6667	512	256
004590.png	reject	13.3775	34.3333	512	256
004591.png	keep	8.3048	17.6667	512	256
004592.png	keep	0.9765	2.3333	512	256
004593.png	keep	3.0800	5.6667	512	256
004594.png	keep	6.3845	17.3333	512	256
004595.png	keep	7.7770	17.3333	512	256
004596.png	keep	7.4172	12.3333	512	256
004597.png	keep	3.4441	6.3333	512	256
004598.png	keep	4.7159	10.0000	512	256
004599.png	keep	2.1548	5.3333	512	256
004600.png	keep	9.7013	18.3333	512	256
004601.png	reject	24.1425	66.0000	512	256
004602.png	reject	15.4407	29.6667	512	256
004603.png	keep	1.4067	3.0000	512	256
004604.png	keep	6.6081	15.0000	512	256
004605.png	reject	35.5454	92.0000	512	256
004606.png	reject	32.2766	63.6667	512	256
004607.png	reject	13.7044	34.6667	512	256
004608.png	keep	1.9183	4.0000	512	256
004609.png	keep	1.2459	2.6667	512	256
004610.png	keep	8.7892	18.0000	512	256
004611.png	keep	4.0095	7.6667	512	256
004612.png	keep	6.6608	14.6667	512	256
004613.png	keep	5.5792	10.6667	512	256
004614.png	keep	2.2850	5.3333	512	256
004615.png	keep	2.0995	4.0000	512	256
004616.png	keep	5.5959	13.0000	512	256
004617.png	reject	14.5022	32.3333	512	256
004618.png	keep	5.4101	14.3333	512	256
004619.png	keep	1.4004	3.6667	512	256
004620.png	keep	4.7919	10.6667	512	256
004621.png	keep	2.5690	5.3333	512	256
004622.png	keep	3.7574	7.6667	512	256
004623.png	keep	5.9098	10.6667	512	256
004624.png	keep	3.8586	9.6667	512	256
004625.png	keep	1.8392	3.6667	512	256
004626.png	keep	3.0381	8.0000	512	256
004627.png	keep	3.3592	6.6667	512	256
004628.png	keep	2.4185	6.6667	512	256
004629.png	reject	15.3455	34.0000	512	256
004630.png	keep	2.6987	6.3333	512	256
004631.png	keep	8.6773	22.0000	512	256
004632.png	reject	10.2978	39.0000	512	256
004633.png	reject	23.1468	55.6667	512	256
004634.png	keep	8.6019	20.6667	512	256
004635.png	keep	1.1872	2.6667	512	256
004636.png	keep	9.9522	16.3333	512	256
004637.png	reject	12.0599	44.3333	512	256
004638.png	keep	1.6024	3.3333	512	256
004639.png	keep	2.2947	4.3333	512	256
004640.png	keep	2.1367	5.6667	512	256
004641.png	keep	6.1057	10.0000	512	256
004642.png	keep	9.4833	15.6667	512	256
004643.png	reject	11.6936	19.6667	512	256
004644.png	keep	3.4494	6.3333	512	256
004645.png	reject	9.3759	29.6667	512	256
004646.png	keep	3.1043	7.6667	512	256
004647.png	keep	7.7151	20.6667	512	256
004648.png	keep	6.9948	16.0000	512	256
004649.png	reject	41.4455	93.0000	512	256
004650.png	keep	7.1991	16.0000	512	256
004651.png	reject	9.5458	29.0000	512	256
004652.png	keep	6.7698	15.0000	512	256
004653.png	reject	32.6562	58.0000	512	256
004654.png	keep	2.7398	7.3333	512	256
004655.png	keep	1.0861	2.3333	512	256
004656.png	keep	1.8966	5.0000	512	256
004657.png	keep	4.1904	8.0000	512	256
004658.png	reject	10.7547	21.3333	512	256
004659.png	keep	4.9103	10.0000	512	256
004660.png	keep	2.3555	7.3333	512	256
004661.png	reject	21.6057	64.0000	512	256
004662.png	keep	3.7288	8.0000	512	256
004663.png	reject	18.1833	41.6667	512	256
004664.png	keep	7.5323	18.0000	512	256
004665.png	reject	37.1983	70.0000	512	256
004666.png	reject	9.9472	29.0000	512	256
004667.png	keep	5.0634	9.3333	512	256
004668.png	keep	6.0961	16.6667	512	256
004669.png	keep	4.7391	8.6667	512	256
004670.png	keep	4.1803	9.0000	512	256
004671.png	reject	15.0278	41.6667	512	256
004672.png	keep	3.9359	9.0000	512	256
004673.png	reject	14.0222	18.0000	512	256
004674.png	keep	9.4810	15.6667	512	256
004675.png	keep	5.5194	12.0000	512	256
004676.png	reject	10.0393	19.0000	512	256
004677.png	reject	11.6887	22.6667	512	256
004678.png	keep	1.9976	5.6667	512	256
004679.png	reject	9.6168	23.0000	512	256
004680.png	keep	5.6693	12.6667	512	256
004681.png	reject	36.9064	70.0000	512	256
004682.png	reject	15.4082	32.0000	512	256
004683.png	keep	1.0653	2.3333	512	256
004684.png	keep	2.3198	4.3333	512	256
004685.png	keep	3.8586	9.0000	512	256
004686.png	reject	22.4589	54.6667	512	256
004687.png	keep	4.7877	12.0000	512	256
004688.png	keep	6.8150	19.0000	512	256
004689.png	keep	4.6079	13.0000	512	256
004690.png	reject	10.6981	17.3333	512	256
004691.png	keep	6.6257	12.3333	512	256
004692.png	reject	23.0978	42.3333	512	256
004693.png	reject	16.4981	31.0000	512	256
004694.png	keep	5.3172	9.0000	512	256
004695.png	keep	2.4700	7.3333	512	256
004696.png	keep	5.8735	11.0000	512	256
004697.png	keep	9.0987	20.6667	512	256
004698.png	reject	70.4411	124.3333	512	256
004699.png	keep	2.6603	6.6667	512	256
004700.png	keep	3.2015	7.0000	512	256
004701.png	reject	10.4921	33.3333	512	256
004702.png	reject	9.0410	37.0000	512	256
004703.png	keep	3.0569	9.0000	512	256
004704.png	reject	12.4111	30.3333	512	256
004705.png	keep	1.7690	3.6667	512	256
004706.png	keep	6.6226	16.3333	512	256
004707.png	keep	4.6775	11.6667	512	256
004708.png	keep	3.0157	6.0000	512	256
004709.png	reject	9.3533	30.6667	512	256
004710.png	keep	3.8655	10.0000	512	256
004711.png	reject	13.9057	26.3333	512	256
004712.png	reject	9.9246	46.6667	512	256
004713.png	reject	13.3503	29.6667	512	256
004714.png	reject	34.5023	69.6667	512	256
004715.png	keep	9.8620	19.0000	512	256
004716.png	keep	7.8537	19.6667	512	256
004717.png	reject	18.0536	33.0000	512	256
004718.png	keep	4.3009	8.3333	512	256
004719.png	keep	3.2344	5.3333	512	256
004720.png	keep	6.3624	14.0000	512	256
004721.png	keep	2.4557	6.0000	512	256
004722.png	reject	14.7058	33.0000	512	256
004723.png	keep	5.2700	10.6667	512	256
004724.png	reject	17.1018	35.0000	512	256
004725.png	keep	2.2050	4.6667	512	256
004726.png	reject	14.5130	36.6667	512	256
004727.png	reject	7.3650	23.0000	512	256
004728.png	keep	8.6598	16.0000	512	256
004729.png	keep	8.2033	22.0000	512	256
004730.png	reject	17.3683	41.0000	512	256
004731.png	reject	14.1159	40.3333	512	256
004732.png	keep	2.7200	7.0000	512	256
004733.png	reject	18.2315	60.3333	512	256
004734.png	keep	4.4228	10.6667	512	256
004735.png	keep	2.2976	5.0000	512	256
004736.png	keep	2.6757	6.0000	512	256
004737.png	keep	1.4736	3.3333	512	256
004738.png	keep	7.9224	16.3333	512	256
004739.png	keep	2.6303	6.3333	512	256
004740.png	keep	8.8071	21.6667	512	256
004741.png	keep	5.3931	12.6667	512	256
004742.png	keep	2.9371	7.0000	512	256
004743.png	keep	1.8127	4.3333	512	256
004744.png	keep	3.3957	7.3333	512	256
004745.png	reject	35.8779	77.0000	512	256
004746.png	keep	8.6853	20.3333	512	256
004747.png	reject	10.6813	29.0000	512	256
004748.png	keep	4.4406	8.6667	512	256
004749.png	reject	19.2736	47.0000	512	256
004750.png	keep	5.1720	14.6667	512	256
004751.png	keep	2.0579	4.0000	512	256
004752.png	keep	3.0476	11.0000	512	256
004753.png	keep	3.8391	8.0000	512	256
004754.png	keep	8.6930	15.3333	512	256
004755.png	reject	12.0503	24.6667	512	256
004756.png	reject	27.4419	93.3333	512	256
004757.png	reject	8.0163	28.0000	512	256
004758.png	keep	2.5732	5.0000	512	256
004759.png	reject	10.3882	24.0000	512	256
004760.png	keep	5.7894	13.3333	512	256
004761.png	keep	3.9244	9.3333	512	256
004762.png	reject	16.5303	34.3333	512	256
004763.png	reject	14.8984	37.0000	512	256
004764.png	keep	3.1077	7.0000	512	256
004765.png	reject	18.8345	44.6667	512	256
004766.png	reject	11.9535	19.0000	512	256
004767.png	keep	1.6269	3.0000	512	256
004768.png	keep	2.5984	5.6667	512	256
004769.png	keep	2.1534	4.3333	512	256
004770.png	keep	8.2068	15.3333	512	256
004771.png	keep	5.5137	13.6667	512	256
004772.png	reject	20.8092	42.0000	512	256
004773.png	keep	4.0084	14.0000	512	256
004774.png	keep	6.5806	15.6667	512	256
004775.png	keep	6.3519	17.6667	512	256
004776.png	keep	3.9091	7.6667	512	256
004777.png	keep	3.0224	6.0000	512	256
004778.png	reject	11.3008	25.0000	512	256
004779.png	reject	6.8401	22.6667	512	256
004780.png	keep	3.1263	6.6667	512	256
004781.png	keep	3.2726	6.6667	512	256
004782.png	keep	6.9932	10.3333	512	256
004783.png	keep	8.1474	13.0000	512	256
004784.png	keep	3.3089	8.3333	512	256
004785.png	keep	2.5826	6.3333	512	256
004786.png	reject	11.7399	23.3333	512	256
004787.png	keep	6.9392	18.6667	512	256
004788.png	reject	10.8719	27.3333	512	256
004789.png	keep	3.7803	9.3333	512	256
004790.png	reject	13.1791	29.3333	512	256
004791.png	reject	9.9992	28.0000	512	256
004792.png	keep	3.0334	7.3333	512	256
004793.png	keep	6.9231	14.3333	512	256
004794.png	keep	8.1511	16.6667	512	256
004795.png	keep	2.1176	5.3333	512	256
004796.png	keep	2.7195	8.3333	512	256
004797.png	reject	20.5139	46.3333	512	256
004798.png	keep	3.6424	8.0000	512	256
004799.png	keep	4.3630	9.0000	512	256
004800.png	reject	10.5488	36.6667	512	256
004801.png	keep	3.7782	7.3333	512	256
004802.png	keep	5.8957	10.6667	512	256
004803.png	keep	4.6258	13.3333	512	256
004804.png	reject	14.4138	54.6667	512	256
004805.png	reject	11.2227	34.0000	512	256
004806.png	reject	6.7023	25.0000	512	256
004807.png	keep	2.8626	7.0000	512	256
004808.png	keep	2.8963	9.0000	512	256
004809.png	keep	3.7843	8.0000	512	256
004810.png	reject	22.9689	38.0000	512	256
004811.png	keep	1.3955	3.3333	512	256
004812.png	keep	2.6457	5.3333	512	256
004813.png	reject	30.8210	60.3333	512	256
004814.png	keep	6.3574	13.3333	512	256
004815.png	keep	5.1225	15.0000	512	256
004816.png	keep	2.5252	4.6667	512	256
004817.png	keep	2.5675	7.0000	512	256
004818.png	keep	6.0026	12.0000	512	256
004819.png	keep	3.6884	9.0000	512	256
004820.png	reject	13.0287	28.0000	512	256
004821.png	reject	9.8786	25.6667	512	256
004822.png	keep	2.7189	6.3333	512	256
004823.png	keep	6.2062	13.3333	512	256
004824.png	keep	1.9528	5.3333	512	256
004825.png	reject	18.7401	36.6667	512	256
004826.png	reject	22.3769	64.6667	512	256
004827.png	reject	8.9407	28.6667	512	256
004828.png	keep	2.2277	5.0000	512	256
004829.png	keep	5.1461	13.0000	512	256
004830.png	reject	12.6039	35.0000	512	256
004831.png	reject	7.0625	28.6667	512	256
004832.png	keep	3.2394	6.3333	512	256
004833.png	reject	24.2728	41.6667	512	256
004834.png	keep	6.3731	13.6667	512	256
004835.png	keep	3.1311	8.3333	512	256
004836.png	keep	7.5711	13.3333	512	256
004837.png	reject	14.1838	31.0000	512	256
004838.png	keep	6.2041	14.0000	512	256
004839.png	keep	9.1263	18.0000	512	256
004840.png	keep	4.2684	10.6667	512	256
004841.png	keep	4.2854	12.6667	512	256
004842.png	reject	13.4241	30.0000	512	256
004843.png	keep	2.0295	4.6667	512	256
004844.png	keep	2.5581	5.3333	512	256
004845.png	keep	8.5054	20.3333	512	256
004846.png	reject	12.6851	27.3333	512	256
004847.png	keep	2.6815	7.0000	512	256
004848.png	keep	5.1464	12.6667	512	256
004849.png	keep	5.7625	16.6667	512	256
004850.png	keep	7.2998	14.6667	512	256
004851.png	reject	11.8928	38.3333	512	256
004852.png	keep	5.0066	12.6667	512	256
004853.png	keep	4.1091	9.0000	512	256
004854.png	keep	4.8045	12.0000	512	256
004855.png	keep	2.4338	5.3333	512	256
004856.png	reject	6.6231	22.6667	512	256
004857.png	reject	20.3367	51.6667	512	256
004858.png	reject	15.8925	36.6667	512	256
004859.png	keep	1.8369	4.0000	512	256
004860.png	keep	2.4578	5.3333	512	256
004861.png	keep	3.4132	7.0000	512	256
004862.png	keep	4.2322	10.6667	512	256
004863.png	keep	2.0184	4.3333	512	256
004864.png	keep	8.9643	17.6667	512	256
004865.png	keep	1.8194	3.3333	512	256
004866.png	keep	8.7286	17.0000	512	256
004867.png	keep	2.1234	4.6667	512	256
004868.png	reject	24.6681	69.6667	512	256
004869.png	reject	17.2196	33.0000	512	256
004870.png	keep	3.4559	11.0000	512	256
004871.png	keep	2.1313	5.0000	512	256
004872.png	keep	8.5114	20.0000	512	256
004873.png	reject	25.5138	76.0000	512	256
004874.png	reject	17.7402	55.0000	512	256
004875.png	keep	1.3304	2.6667	512	256
004876.png	keep	2.9527	7.6667	512	256
004877.png	reject	41.0001	99.0000	512	256
004878.png	keep	2.7024	5.3333	512	256
004879.png	keep	2.6413	9.3333	512	256
004880.png	keep	1.9981	4.6667	512	256
004881.png	keep	3.9029	7.0833	512	256
004882.png	reject	11.3155	21.0000	512	256
004883.png	keep	3.3482	9.6667	512	256
004884.png	keep	8.7179	19.0000	512	256
004885.png	keep	4.7086	13.0000	512	256
004886.png	reject	7.5553	37.0000	512	256
004887.png	keep	2.3533	5.6667	512	256
004888.png	keep	1.9458	4.6667	512	256
004889.png	reject	14.1477	33.0000	512	256
004890.png	reject	30.4387	46.3333	512	256
004891.png	keep	2.2176	4.6667	512	256
004892.png	keep	8.3117	15.3333	512	256
004893.png	reject	26.8390	71.0000	512	256
004894.png	reject	7.9276	25.6667	512	256
004895.png	keep	4.8486	9.6667	512	256
004896.png	keep	1.6739	3.6667	512	256
004897.png	keep	3.0626	7.3333	512	256
004898.png	keep	9.1881	15.0000	512	256
004899.png	reject	12.1390	25.6667	512	256
004900.png	reject	11.3957	32.0000	512	256
004901.png	keep	7.2287	17.0000	512	256
004902.png	keep	6.7101	11.0000	512	256
004903.png	keep	3.4212	7.0000	512	256
004904.png	keep	3.7925	8.3333	512	256
004905.png	reject	45.4100	93.6667	512	256
004906.png	reject	21.1089	49.0000	512	256
004907.png	keep	1.6659	3.3333	512	256
004908.png	keep	3.3570	8.0000	512	256
004909.png	keep	4.7120	9.0000	512	256
004910.png	keep	5.7593	12.6667	512	256
004911.png	keep	1.3119	3.3333	512	256
004912.png	keep	2.7867	8.0000	512	256
004913.png	reject	11.3308	22.0000	512	256
004914.png	reject	17.2306	32.3333	512	256
004915.png	reject	23.0255	56.3333	512	256
004916.png	reject	23.8463	50.6667	512	256
004917.png	keep	1.2357	2.6667	512	256
004918.png	reject	15.0319	91.3333	512	256
004919.png	reject	10.3303	21.3333	512	256
004920.png	keep	5.6737	11.3333	512	256
004921.png	keep	2.6700	5.6667	512	256
004922.png	reject	39.5304	67.3333	512	256
004923.png	reject	13.1493	31.3333	512	256
004924.png	keep	5.2142	13.0000	512	256
004925.png	reject	6.5758	25.3333	512	256
004926.png	keep	6.7503	14.0000	512	256
004927.png	keep	2.0346	4.6667	512	256
004928.png	keep	3.2110	6.3333	512	256
004929.png	keep	3.7349	10.6667	512	256
004930.png	keep	7.0999	15.0000	512	256
004931.png	reject	12.7337	36.3333	512	256
004932.png	reject	21.4034	37.3333	512	256
004933.png	keep	8.2358	17.3333	512	256
004934.png	reject	49.5902	84.6667	512	256
004935.png	keep	8.8801	19.3333	512	256
004936.png	keep	6.2606	12.0000	512	256
004937.png	keep	8.8492	19.3333	512	256
004938.png	reject	17.0775	37.6667	512	256
004939.png	keep	1.6082	4.0000	512	256
004940.png	keep	5.8147	11.6667	512	256
004941.png	reject	8.7558	24.6667	512	256
004942.png	keep	5.4720	12.6667	512	256
004943.png	keep	2.0682	4.6667	512	256
004944.png	keep	3.0140	8.0000	512	256
004945.png	keep	8.6434	22.0000	512	256
004946.png	reject	10.7115	23.3333	512	256
004947.png	reject	14.3828	52.0000	512	256
004948.png	reject	11.5515	22.3333	512	256
004949.png	reject	12.9736	27.3333	512	256
004950.png	reject	11.6928	43.6667	512	256
004951.png	keep	3.9438	13.6667	512	256
004952.png	reject	9.8381	27.6667	512	256
004953.png	reject	24.1981	57.0000	512	256
004954.png	keep	7.5024	18.6667	512	256
004955.png	keep	3.0975	7.3333	512	256
004956.png	keep	3.3681	7.6667	512	256
004957.png	reject	21.0162	50.3333	512	256
004958.png	reject	18.9697	34.0000	512	256
004959.png	keep	1.6087	4.0000	512	256
004960.png	keep	2.0721	4.3333	512	256
004961.png	keep	4.1592	12.3333	512	256
004962.png	keep	6.1349	13.3333	512	256
004963.png	keep	8.3998	21.6667	512	256
004964.png	reject	14.3945	35.0000	512	256
004965.png	keep	3.6718	11.3333	512	256
004966.png	reject	7.7433	25.0000	512	256
004967.png	keep	1.6279	4.0000	512	256
004968.png	keep	6.6334	19.3333	512	256
004969.png	reject	37.0744	98.6667	512	256
004970.png	reject	16.0544	27.0000	512	256
004971.png	keep	2.9799	6.3333	512	256
004972.png	keep	4.3906	8.6667	512	256
004973.png	keep	7.7505	17.6667	512	256
004974.png	keep	3.9961	9.6667	512	256
004975.png	keep	1.6722	4.6667	512	256
004976.png	keep	4.2722	11.0000	512	256
004977.png	keep	9.5247	16.0000	512	256
004978.png	keep	6.6918	13.3333	512	256
004979.png	reject	16.7231	51.6667	512	256
004980.png	keep	9.3038	15.0000	512	256
004981.png	reject	12.1244	24.6667	512	256
004982.png	keep	2.2983	4.6667	512	256
004983.png	keep	1.7007	4.6667	512	256
004984.png	keep	7.3315	19.3333	512	256
004985.png	keep	4.3709	8.3333	512	256
004986.png	reject	21.0774	55.6667	512	256
004987.png	keep	1.8178	4.0000	512	256
004988.png	keep	5.3965	10.6667	512	256
004989.png	reject	12.0917	36.0000	512	256
004990.png	keep	4.7203	12.0000	512	256
004991.png	keep	2.9838	7.0000	512	256
004992.png	keep	3.8363	9.0000	512	256
004993.png	reject	11.8152	21.3333	512	256
004994.png	keep	8.5614	15.0000	512	256
004995.png	reject	11.5153	22.3333	512	256
004996.png	reject	16.8678	28.0000	512	256
004997.png	keep	5.1835	12.6667	512	256
004998.png	keep	1.5888	3.6667	512	256
004999.png	keep	5.3856	13.6667	512	256
005000.png	keep	7.9146	15.6667	512	256
005001.png	keep	1.1676	3.0000	512	256
005002.png	reject	12.7847	35.6667	512	256
005003.png	keep	1.7470	4.6667	512	256
005004.png	keep	3.8608	10.3333	512	256
005005.png	reject	9.2706	27.3333	512	256
005006.png	keep	4.9603	12.6667	512	256
005007.png	keep	2.2410	5.0000	512	256
005008.png	keep	1.4564	3.6667	512	256
005009.png	keep	2.5167	7.6667	512	256
005010.png	keep	6.3436	12.6667	512	256
005011.png	reject	9.6330	24.6667	512	256
005012.png	reject	18.9833	31.0000	512	256
005013.png	reject	13.4499	36.0000	512	256
005014.png	keep	5.0513	13.6667	512	256
005015.png	keep	1.1731	2.3333	512	256
005016.png	keep	6.2119	19.3333	512	256
005017.png	keep	2.7923	7.0000	512	256
005018.png	reject	27.4451	61.0000	512	256
005019.png	keep	1.7643	4.0000	512	256
005020.png	keep	3.7174	8.6667	512	256
005021.png	reject	24.8291	57.0000	512	256
005022.png	reject	15.3446	55.0000	512	256
005023.png	reject	9.3269	46.6667	512	256
005024.png	keep	2.8249	7.0000	512	256
005025.png	reject	17.8094	64.6667	512	256
005026.png	reject	13.4910	25.6667	512	256
005027.png	keep	8.0210	20.0000	512	256
005028.png	reject	9.9411	35.0000	512	256
005029.png	keep	2.8373	6.6667	512	256
005030.png	keep	3.0096	7.3333	512	256
005031.png	keep	0.9838	1.6667	512	256
005032.png	keep	4.4294	18.6667	512	256
005033.png	keep	3.0685	10.0000	512	256
005034.png	keep	5.6376	15.6667	512	256
005035.png	keep	1.4556	3.3333	512	256
005036.png	keep	2.3789	5.3333	512	256
005037.png	reject	13.7992	37.6667	512	256
005038.png	reject	15.0879	40.3333	512	256
005039.png	reject	22.2450	38.0000	512	256
005040.png	keep	2.7366	9.0000	512	256
005041.png	keep	9.6957	14.3333	512	256
005042.png	keep	7.5100	13.0000	512	256
005043.png	keep	8.4365	16.0000	512	256
005044.png	keep	6.0708	16.3333	512	256
005045.png	keep	6.5778	19.0000	512	256
005046.png	keep	2.9147	6.3333	512	256
005047.png	keep	1.6691	3.6667	512	256
005048.png	keep	2.3986	4.6667	512	256
005049.png	keep	9.6276	15.6667	512	256
005050.png	reject	34.3359	70.6667	512	256
005051.png	keep	1.7295	3.6667	512	256
005052.png	keep	5.8923	12.6667	512	256
005053.png	reject	39.5240	98.3333	512	256
005054.png	keep	6.0997	19.6667	512	256
005055.png	keep	3.6072	5.6667	512	256
005056.png	keep	4.6195	8.6667	512	256
005057.png	reject	11.3722	39.3333	512	256
005058.png	keep	6.6556	12.3333	512	256
005059.png	reject	16.0022	36.6667	512	256
005060.png	reject	9.7630	26.3333	512	256
005061.png	keep	4.5709	10.6667	512	256
005062.png	keep	2.7317	8.0000	512	256
005063.png	keep	9.6280	20.3333	512	256
005064.png	keep	4.2569	9.6667	512	256
005065.png	keep	8.0693	18.0000	512	256
005066.png	reject	59.7020	83.0000	512	256
005067.png	keep	1.9800	4.6667	512	256
005068.png	keep	2.5106	5.3333	512	256
005069.png	reject	7.0723	27.6667	512	256
005070.png	keep	6.7290	16.3333	512	256
005071.png	keep	3.4120	6.6667	512	256
005072.png	keep	9.5694	18.6667	512	256
005073.png	reject	16.5138	55.6667	512	256
005074.png	keep	6.0968	12.6667	512	256
005075.png	reject	12.7152	25.6667	512	256
005076.png	keep	7.2597	17.0000	512	256
005077.png	keep	5.7947	12.6667	512	256
005078.png	keep	6.5658	15.3333	512	256
005079.png	keep	3.2976	9.0000	512	256
005080.png	keep	1.8376	4.6667	512	256
005081.png	reject	27.8445	52.0000	512	256
005082.png	reject	22.1514	53.3333	512	256
005083.png	keep	1.9874	4.6667	512	256
005084.png	keep	3.2091	7.0000	512	256
005085.png	keep	5.9572	18.0000	512	256
005086.png	reject	12.9132	29.0000	512	256
005087.png	keep	1.3099	3.0000	512	256
005088.png	keep	7.2565	12.0000	512	256
005089.png	keep	7.4354	12.0000	512	256
005090.png	keep	6.9182	12.6667	512	256
005091.png	reject	11.7852	24.0000	512	256
005092.png	reject	24.9735	40.3333	512	256
005093.png	keep	4.4831	12.3333	512	256
005094.png	reject	12.0410	41.6667	512	256
005095.png	keep	2.1955	4.6667	512	256
005096.png	keep	2.9263	6.0000	512	256
005097.png	reject	18.6938	37.0000	512	256
005098.png	reject	42.7011	66.6667	512	256
005099.png	keep	2.9569	6.0000	512	256
005100.png	keep	2.9821	6.0000	512	256
005101.png	keep	4.6252	12.0000	512	256
005102.png	reject	8.5777	28.3333	512	256
005103.png	keep	1.9752	4.6667	512	256
005104.png	keep	1.3947	3.0000	512	256
005105.png	keep	7.1315	17.0000	512	256
005106.png	keep	9.0436	20.0000	512	256
005107.png	reject	19.2420	52.6667	512	256
005108.png	reject	15.0474	32.0000	512	256
005109.png	keep	4.0641	10.0000	512	256
005110.png	reject	11.0451	18.0000	512	256
005111.png	reject	20.4468	37.6667	512	256
005112.png	keep	1.8622	4.6667	512	256
005113.png	reject	15.8383	48.3333	512	256
005114.png	reject	12.3638	37.3333	512	256
005115.png	keep	2.7819	7.6667	512	256
005116.png	keep	2.1402	5.6667	512	256
005117.png	keep	3.3025	7.0000	512	256
005118.png	keep	5.4794	12.6667	512	256
005119.png	keep	5.1136	9.6667	512	256
005120.png	keep	1.9318	4.6667	512	256
005121.png	reject	20.6470	54.3333	512	256
005122.png	keep	9.2072	21.0000	512	256
005123.png	keep	6.5456	20.3333	512	256
005124.png	reject	16.4093	63.6667	512	256
005125.png	keep	4.5969	11.6667	512	256
005126.png	keep	5.3226	14.3333	512	256
005127.png	keep	1.6227	3.6667	512	256
005128.png	keep	1.7130	4.0000	512	256
005129.png	reject	16.7962	45.3333	512	256
005130.png	keep	5.5891	15.6667	512	256
005131.png	keep	3.7930	10.0000	512	256
005132.png	keep	2.7105	7.3333	512	256
005133.png	keep	2.3969	6.3333	512	256
005134.png	keep	5.2754	13.6667	512	256
005135.png	keep	1.7869	4.0000	512	256
005136.png	keep	2.7895	7.0000	512	256
005137.png	reject	9.1342	48.3333	512	256
005138.png	keep	7.7527	14.0000	512	256
005139.png	reject	12.7572	43.6667	512	256
005140.png	keep	6.1831	15.3333	512	256
005141.png	keep	6.2588	12.6667	512	256
005142.png	keep	5.7320	17.3333	512	256
005143.png	keep	1.4435	3.0000	512	256
005144.png	keep	2.0530	3.6667	512	256
005145.png	reject	17.0180	46.0000	512	256
005146.png	reject	18.7995	39.0000	512	256
005147.png	keep	3.3399	8.6667	512	256
005148.png	keep	3.6459	7.6667	512	256
005149.png	reject	35.0422	88.0000	512	256
005150.png	keep	1.9595	4.6667	512	256
005151.png	keep	2.1502	7.6667	512	256
005152.png	keep	2.6873	5.6667	512	256
005153.png	reject	9.3182	29.0000	512	256
005154.png	keep	7.6833	16.3333	512	256
005155.png	reject	31.8487	70.0000	512	256
005156.png	reject	13.6767	25.0000	512	256
005157.png	keep	5.7492	15.0000	512	256
005158.png	keep	3.9877	9.0000	512	256
005159.png	keep	2.2418	4.3333	512	256
005160.png	keep	3.4823	6.6667	512	256
005161.png	reject	83.1841	144.6667	512	256
005162.png	reject	87.2234	124.3333	512	256
005163.png	keep	1.9602	5.6667	512	256
005164.png	keep	5.8866	10.6667	512	256
005165.png	keep	5.4886	15.0000	512	256
005166.png	keep	2.1066	7.0000	512	256
005167.png	keep	3.9972	8.3333	512	256
005168.png	keep	1.5909	4.3333	512	256
005169.png	reject	21.6660	54.3333	512	256
005170.png	keep	9.3265	21.3333	512	256
005171.png	reject	21.2517	58.0000	512	256
005172.png	reject	18.9699	54.6667	512	256
005173.png	keep	3.3574	7.0000	512	256
005174.png	keep	8.4512	21.6667	512	256
005175.png	keep	1.4497	3.0000	512	256
005176.png	keep	2.8730	7.0000	512	256
005177.png	keep	6.0734	21.3333	512	256
005178.png	reject	15.8113	33.6667	512	256
005179.png	keep	2.7372	7.0000	512	256
005180.png	keep	2.7619	5.0000	512	256
005181.png	reject	9.4887	27.3333	512	256
005182.png	keep	5.1264	11.0000	512	256
005183.png	keep	3.0251	8.0000	512	256
005184.png	keep	3.7747	7.3333	512	256
005185.png	reject	9.0789	34.3333	512	256
005186.png	keep	8.8875	18.6667	512	256
005187.png	reject	11.1821	27.6667	512	256
005188.png	reject	17.7273	47.0000	512	256
005189.png	keep	4.0805	11.3333	512	256
005190.png	reject	17.4685	46.6667	512	256
005191.png	keep	2.2052	5.3333	512	256
005192.png	keep	4.8303	9.6667	512	256
005193.png	reject	17.3769	36.6667	512	256
005194.png	reject	9.7897	23.3333	512	256
005195.png	keep	1.9882	4.6667	512	256
005196.png	keep	2.3162	4.3333	512	256
005197.png	reject	23.8569	55.0000	512	256
005198.png	keep	6.2315	12.6667	512	256
005199.png	keep	2.2136	6.0000	512	256
005200.png	keep	1.7801	4.6667	512	256
005201.png	keep	3.1682	6.3333	512	256
005202.png	keep	8.8083	18.3333	512	256
005203.png	reject	14.7542	32.3333	512	256
005204.png	reject	27.3769	59.6667	512	256
005205.png	keep	4.3479	9.0000	512	256
005206.png	keep	2.2316	4.6667	512	256
005207.png	keep	2.6486	4.6667	512	256
005208.png	keep	3.8462	9.0000	512	256
005209.png	reject	15.6614	34.0000	512	256
005210.png	reject	10.7815	32.0000	512	256
005211.png	keep	1.7447	3.3333	512	256
005212.png	keep	3.6177	8.6667	512	256
005213.png	reject	44.2242	80.3333	512	256
005214.png	keep	3.1691	8.6667	512	256
005215.png	reject	6.5736	31.6667	512	256
005216.png	keep	5.2826	15.6667	512	256
005217.png	keep	8.1639	21.0000	512	256
005218.png	keep	6.1834	13.0000	512	256
005219.png	reject	13.1797	26.6667	512	256
005220.png	reject	15.4555	28.3333	512	256
005221.png	keep	4.6182	11.6667	512	256
005222.png	keep	3.7205	10.0000	512	256
005223.png	keep	1.9927	4.6667	512	256
005224.png	keep	4.3271	10.0000	512	256
005225.png	reject	15.2602	31.3333	512	256
005226.png	reject	28.1751	49.0000	512	256
005227.png	keep	1.5792	3.6667	512	256
005228.png	keep	4.7412	14.3333	512	256
005229.png	reject	20.1732	56.3333	512	256
005230.png	keep	2.4089	5.6667	512	256
005231.png	keep	2.3137	5.0000	512	256
005232.png	keep	2.4584	5.3333	512	256
005233.png	reject	12.6189	30.0000	512	256
005234.png	keep	4.3743	9.3333	512	256
005235.png	keep	4.6494	10.3333	512	256
005236.png	reject	10.8918	19.3333	512	256
005237.png	reject	12.8850	42.3333	512	256
005238.png	keep	5.3180	18.3333	512	256
005239.png	keep	3.4413	7.0000	512	256
005240.png	keep	6.0224	11.0000	512	256
005241.png	reject	5.8580	27.3333	512	256
005242.png	reject	23.1455	47.3333	512	256
005243.png	keep	3.5636	9.3333	512	256
005244.png	keep	4.4730	10.0000	512	256
005245.png	keep	5.1489	14.0000	512	256
005246.png	keep	4.4361	15.0000	512	256
005247.png	keep	3.3547	5.3333	512	256
005248.png	keep	3.4637	8.3333	512	256
005249.png	reject	11.6017	23.0000	512	256
005250.png	keep	2.9631	6.0000	512	256
005251.png	keep	5.2736	15.0000	512	256
005252.png	reject	15.7144	35.3333	512	256
005253.png	keep	5.2665	13.0000	512	256
005254.png	keep	2.6065	5.6667	512	256
005255.png	keep	2.6785	4.6667	512	256
005256.png	keep	1.7705	4.0000	512	256
005257.png	reject	39.5781	71.0000	512	256
005258.png	reject	10.4388	35.6667	512	256
005259.png	keep	3.8834	12.3333	512	256
005260.png	keep	2.9035	5.6667	512	256
005261.png	reject	24.8162	67.0000	512	256
005262.png	keep	2.0305	6.0000	512	256
005263.png	keep	1.9035	4.3333	512	256
005264.png	keep	1.9632	5.3333	512	256
005265.png	keep	5.5275	13.4167	512	256
005266.png	keep	6.2344	11.3333	512	256
005267.png	reject	19.3934	53.0000	512	256
005268.png	reject	13.2051	46.6667	512	256
005269.png	keep	4.6647	11.6667	512	256
005270.png	reject	8.6677	31.0000	512	256
005271.png	keep	3.4802	6.6667	512	256
005272.png	keep	2.2753	5.0000	512	256
005273.png	reject	10.6150	21.3333	512	256
005274.png	keep	6.2231	16.0000	512	256
005275.png	keep	2.6436	4.6667	512	256
005276.png	keep	2.3375	5.0000	512	256
005277.png	keep	3.1643	6.6667	512	256
005278.png	keep	5.1183	11.3333	512	256
005279.png	keep	3.9758	7.6667	512	256
005280.png	keep	3.2799	8.6667	512	256
005281.png	keep	2.1189	6.0000	512	256
005282.png	keep	4.6992	10.6667	512	256
005283.png	reject	12.1982	32.6667	512	256
005284.png	reject	21.4443	33.6667	512	256
005285.png	keep	2.5342	5.6667	512	256
005286.png	reject	15.2263	26.3333	512	256
005287.png	keep	2.4909	5.3333	512	256
005288.png	keep	3.1673	13.0000	512	256
005289.png	reject	17.1157	46.0000	512	256
005290.png	keep	2.2727	4.3333	512	256
005291.png	keep	2.5359	3.6667	512	256
005292.png	keep	3.5416	6.6667	512	256
005293.png	keep	2.0614	4.3333	512	256
005294.png	keep	1.8387	4.6667	512	256
005295.png	reject	7.0236	32.0000	512	256
005296.png	keep	1.9844	5.6667	512	256
005297.png	keep	4.9494	13.0000	512	256
005298.png	reject	6.9812	22.6667	512	256
005299.png	keep	5.5133	12.6667	512	256
005300.png	reject	18.0424	43.3333	512	256
005301.png	keep	3.4767	11.0000	512	256
005302.png	keep	3.4453	8.0000	512	256
005303.png	reject	33.2258	55.3333	512	256
005304.png	keep	1.3002	3.3333	512	256
005305.png	keep	7.0285	18.6667	512	256
005306.png	keep	1.9575	4.6667	512	256
005307.png	reject	12.6842	29.3333	512	256
005308.png	keep	4.0674	8.3333	512	256
005309.png	keep	3.8534	9.6667	512	256
005310.png	reject	25.2860	37.3333	512	256
005311.png	keep	6.2874	11.6667	512	256
005312.png	keep	6.5574	16.0000	512	256
005313.png	keep	4.8747	12.0000	512	256
005314.png	keep	6.3321	12.3333	512	256
005315.png	reject	10.1741	17.6667	512	256
005316.png	reject	13.4743	34.0000	512	256
005317.png	keep	3.8238	10.0000	512	256
005318.png	keep	5.9264	11.6667	512	256
005319.png	keep	3.9851	18.0000	512	256
005320.png	keep	1.7540	4.0000	512	256
005321.png	reject	23.9732	49.3333	512	256
005322.png	keep	6.3578	13.6667	512	256
005323.png	reject	33.2343	64.7500	512	256
005324.png	keep	3.6593	7.3333	512	256
005325.png	keep	1.6795	3.0000	512	256
005326.png	keep	1.6163	4.0000	512	256
005327.png	keep	2.5527	5.6667	512	256
005328.png	keep	2.8586	6.6667	512	256
005329.png	keep	2.4314	5.3333	512	256
005330.png	keep	3.7529	8.3333	512	256
005331.png	keep	5.0298	16.3333	512	256
005332.png	reject	9.4139	30.3333	512	256
005333.png	keep	5.5746	14.3333	512	256
005334.png	keep	1.9762	4.3333	512	256
005335.png	keep	2.5474	6.3333	512	256
005336.png	keep	3.3398	8.0000	512	256
005337.png	reject	12.0580	34.3333	512	256
005338.png	keep	2.6566	6.6667	512	256
005339.png	reject	34.8705	79.0000	512	256
005340.png	keep	1.6773	4.0000	512	256
005341.png	keep	2.2072	4.0000	512	256
005342.png	reject	25.1002	66.0000	512	256
005343.png	keep	4.7465	9.6667	512	256
005344.png	keep	2.2529	4.3333	512	256
005345.png	keep	6.8209	12.0000	512	256
005346.png	keep	8.7302	19.3333	512	256
005347.png	keep	8.3815	21.6667	512	256
005348.png	reject	7.5508	22.3333	512	256
005349.png	keep	4.9930	12.6667	512	256
005350.png	keep	4.1946	8.3333	512	256
005351.png	keep	5.3010	9.3333	512	256
005352.png	keep	4.2815	9.0000	512	256
005353.png	reject	21.5101	37.3333	512	256
005354.png	keep	4.3127	8.6667	512	256
005355.png	reject	17.7825	43.3333	512	256
005356.png	keep	4.1308	7.6667	512	256
005357.png	keep	2.3551	6.0000	512	256
005358.png	keep	1.5488	3.3333	512	256
005359.png	keep	4.7356	13.0000	512	256
005360.png	keep	1.7662	4.3333	512	256
005361.png	keep	4.0830	7.6667	512	256
005362.png	keep	5.1347	11.0000	512	256
005363.png	reject	18.2374	43.0000	512	256
005364.png	reject	15.8196	45.0000	512	256
005365.png	keep	4.0112	9.3333	512	256
005366.png	keep	2.4882	5.6667	512	256
005367.png	reject	22.3195	48.3333	512	256
005368.png	keep	2.9983	6.6667	512	256
005369.png	reject	9.5282	28.3333	512	256
005370.png	keep	3.5629	7.0000	512	256
005371.png	reject	15.2795	34.3333	512	256
005372.png	keep	5.4771	9.6667	512	256
005373.png	keep	2.6038	5.3333	512	256
005374.png	keep	1.9183	4.0000	512	256
005375.png	keep	3.6639	10.3333	512	256
005376.png	reject	15.0856	48.0000	512	256
005377.png	keep	3.2648	6.6667	512	256
005378.png	keep	3.9295	11.3333	512	256
005379.png	keep	5.2465	14.3333	512	256
005380.png	reject	24.4881	72.0000	512	256
005381.png	reject	16.5158	40.6667	512	256
005382.png	keep	2.6468	7.6667	512	256
005383.png	reject	7.6649	27.3333	512	256
005384.png	keep	1.6626	3.6667	512	256
005385.png	reject	33.8576	71.6667	512	256
005386.png	reject	10.6744	21.0000	512	256
005387.png	reject	23.1697	60.6667	512	256
005388.png	keep	4.1233	10.0000	512	256
005389.png	keep	3.8837	8.0000	512	256
005390.png	keep	6.1356	15.6667	512	256
005391.png	keep	2.7855	7.0000	512	256
005392.png	keep	1.8414	3.6667	512	256
005393.png	keep	2.9986	7.0000	512	256
005394.png	keep	4.2928	10.3333	512	256
005395.png	reject	23.4667	65.0000	512	256
005396.png	reject	15.9672	55.0000	512	256
005397.png	keep	2.2233	5.3333	512	256
005398.png	keep	2.6722	7.3333	512	256
005399.png	reject	14.0295	26.6667	512	256
005400.png	keep	2.6572	5.3333	512	256
005401.png	reject	18.9564	46.3333	512	256
005402.png	keep	3.7183	11.6667	512	256
005403.png	reject	22.9382	52.0000	512	256
005404.png	keep	2.2089	6.0000	512	256
005405.png	keep	2.0050	4.0000	512	256
005406.png	reject	12.1804	25.6667	512	256
005407.png	keep	4.6062	11.6667	512	256
005408.png	keep	1.9633	5.3333	512	256
005409.png	keep	2.4471	6.3333	512	256
005410.png	keep	4.6714	11.0000	512	256
005411.png	reject	30.3138	56.6667	512	256
005412.png	reject	10.0687	25.0000	512	256
005413.png	keep	5.2631	13.0000	512	256
005414.png	reject	10.4625	45.0000	512	256
005415.png	reject	15.7063	28.3333	512	256
005416.png	reject	22.6888	53.6667	512	256
005417.png	reject	19.7224	50.6667	512	256
005418.png	keep	3.9185	11.3333	512	256
005419.png	reject	25.4219	70.3333	512	256
005420.png	keep	2.5931	6.3333	512	256
005421.png	keep	3.4396	8.3333	512	256
005422.png	reject	12.7695	25.3333	512	256
005423.png	reject	8.7517	24.0000	512	256
005424.png	reject	7.3382	23.0000	512	256
005425.png	keep	3.0746	5.6667	512	256
005426.png	keep	5.6744	12.6667	512	256
005427.png	reject	12.2518	26.3333	512	256
005428.png	keep	7.1289	14.6667	512	256
005429.png	keep	3.8902	10.3333	512	256
005430.png	reject	13.7151	54.0000	512	256
005431.png	reject	13.6198	39.0000	512	256
005432.png	keep	2.2247	5.6667	512	256
005433.png	reject	10.6495	22.0000	512	256
005434.png	keep	4.1787	11.3333	512	256
005435.png	reject	13.6297	47.3333	512	256
005436.png	keep	4.5284	12.6667	512	256
005437.png	keep	2.1505	4.6667	512	256
005438.png	keep	2.8801	7.0000	512	256
005439.png	reject	7.2813	33.6667	512	256
005440.png	keep	2.5828	6.3333	512	256
005441.png	reject	8.1783	38.7500	512	256
005442.png	keep	4.2676	10.0000	512	256
005443.png	reject	10.9777	18.6667	512	256
005444.png	reject	10.2291	20.6667	512	256
005445.png	reject	14.3958	32.6667	512	256
005446.png	keep	5.8664	17.6667	512	256
005447.png	reject	22.4117	78.0000	512	256
005448.png	keep	2.8694	5.3333	512	256
005449.png	keep	7.3880	15.6667	512	256
005450.png	keep	3.9912	9.3333	512	256
005451.png	reject	15.9445	35.3333	512	256
005452.png	keep	3.9785	12.0000	512	256
005453.png	keep	9.7132	18.3333	512	256
005454.png	keep	6.2970	14.3333	512	256
005455.png	reject	16.2187	37.6667	512	256
005456.png	keep	4.8503	9.6667	512	256
005457.png	keep	3.7297	7.0000	512	256
005458.png	keep	4.0570	8.0000	512	256
005459.png	reject	27.4781	52.6667	512	256
005460.png	reject	19.2064	43.6667	512	256
005461.png	reject	7.9516	26.6667	512	256
005462.png	keep	2.1658	5.3333	512	256
005463.png	reject	11.0236	25.0000	512	256
005464.png	keep	3.5443	8.0000	512	256
005465.png	keep	5.2347	10.3333	512	256
005466.png	reject	12.3281	54.0000	512	256
005467.png	reject	13.8069	30.0000	512	256
005468.png	keep	3.1018	6.3333	512	256
005469.png	keep	3.0339	6.3333	512	256
005470.png	keep	2.2772	5.6667	512	256
005471.png	keep	4.5947	12.6667	512	256
005472.png	reject	22.7328	52.6667	512	256
005473.png	keep	1.8125	4.6667	512	256
005474.png	keep	3.7062	9.6667	512	256
005475.png	keep	8.0427	17.0000	512	256
005476.png	reject	16.1573	29.6667	512	256
005477.png	keep	1.9360	4.0000	512	256
005478.png	keep	3.4175	9.3333	512	256
005479.png	keep	7.7441	16.6667	512	256
005480.png	keep	2.3552	5.3333	512	256
005481.png	keep	5.3892	11.3333	512	256
005482.png	keep	5.6598	16.3333	512	256
005483.png	reject	37.1261	80.0000	512	256
005484.png	keep	2.0450	4.3333	512	256
005485.png	keep	5.1920	10.0000	512	256
005486.png	keep	5.7940	15.0000	512	256
005487.png	reject	15.1393	35.0000	512	256
005488.png	keep	4.5121	12.3333	512	256
005489.png	keep	3.0605	10.0000	512	256
005490.png	keep	3.6783	10.0000	512	256
005491.png	keep	2.4693	6.0000	512	256
005492.png	keep	8.3040	19.3333	512	256
005493.png	keep	2.3006	6.0000	512	256
005494.png	keep	3.2674	6.6667	512	256
005495.png	reject	14.8735	29.3333	512	256
005496.png	keep	3.6274	8.6667	512	256
005497.png	keep	2.4291	5.6667	512	256
005498.png	reject	8.5569	41.0000	512	256
005499.png	keep	2.8259	6.3333	512	256
005500.png	keep	3.5628	7.6667	512	256
005501.png	keep	4.2817	10.3333	512	256
005502.png	reject	12.5017	22.0000	512	256
005503.png	keep	2.6204	5.3333	512	256
005504.png	reject	9.5027	26.3333	512	256
005505.png	keep	5.1529	9.0000	512	256
005506.png	reject	11.5593	27.0000	512	256
005507.png	keep	4.7598	11.6667	512	256
005508.png	keep	6.4113	14.3333	512	256
005509.png	keep	3.9806	13.3333	512	256
005510.png	keep	7.2129	13.6667	512	256
005511.png	reject	8.4660	24.0000	512	256
005512.png	keep	3.5560	8.6667	512	256
005513.png	keep	2.7526	6.6667	512	256
005514.png	keep	4.1871	9.0000	512	256
005515.png	reject	7.9322	24.6667	512	256
005516.png	keep	3.6930	8.6667	512	256
005517.png	keep	5.0451	18.6667	512	256
005518.png	keep	3.8911	8.6667	512	256
005519.png	keep	2.3225	5.6667	512	256
005520.png	keep	5.7804	12.6667	512	256
005521.png	keep	3.6127	10.6667	512	256
005522.png	keep	9.3744	21.0000	512	256
005523.png	reject	20.0132	44.6667	512	256
005524.png	keep	6.1776	17.0000	512	256
005525.png	reject	14.9737	23.0000	512	256
005526.png	keep	5.2849	13.3333	512	256
005527.png	keep	7.5225	19.3333	512	256
005528.png	keep	4.8813	9.3333	512	256
005529.png	keep	3.8369	11.0000	512	256
005530.png	keep	3.4004	9.3333	512	256
005531.png	keep	4.1233	9.0000	512	256
005532.png	keep	8.1187	20.3333	512	256
005533.png	keep	1.7042	4.3333	512	256
005534.png	keep	4.7778	10.6667	512	256
005535.png	keep	2.3319	5.0000	512	256
005536.png	reject	14.8283	36.3333	512	256
005537.png	keep	2.5366	6.0000	512	256
005538.png	keep	3.2922	6.3333	512	256
005539.png	reject	19.6747	41.0000	512	256
005540.png	keep	5.7146	15.6667	512	256
005541.png	keep	3.2945	8.3333	512	256
005542.png	keep	3.9077	8.6667	512	256
005543.png	reject	19.7129	41.0000	512	256
005544.png	keep	2.5731	5.3333	512	256
005545.png	reject	26.8261	46.3333	512	256
005546.png	keep	3.4213	9.3333	512	256
005547.png	reject	45.4000	64.3333	512	256
005548.png	keep	5.5670	16.3333	512	256
005549.png	keep	1.6189	4.0000	512	256
005550.png	reject	12.9054	40.6667	512	256
005551.png	keep	1.8028	4.0000	512	256
005552.png	reject	28.4528	90.0000	512	256
005553.png	keep	3.9497	8.3333	512	256
005554.png	keep	6.7174	16.6667	512	256
005555.png	keep	9.2157	15.3333	512	256
005556.png	keep	5.7761	15.6667	512	256
005557.png	keep	3.8892	10.6667	512	256
005558.png	keep	3.2022	8.0000	512	256
005559.png	reject	7.3993	23.0000	512	256
005560.png	keep	2.5350	6.6667	512	256
005561.png	keep	6.4198	15.0000	512	256
005562.png	reject	8.6091	26.0000	512	256
005563.png	keep	4.4746	8.6667	512	256
005564.png	keep	6.5413	16.3333	512	256
005565.png	keep	6.7750	16.0000	512	256
005566.png	keep	3.2981	8.0000	512	256
005567.png	keep	1.9821	4.6667	512	256
005568.png	reject	10.5651	24.3333	512	256
005569.png	keep	4.2488	12.0000	512	256
005570.png	reject	16.2768	62.6667	512	256
005571.png	keep	4.1279	11.6667	512	256
005572.png	keep	8.9596	21.3333	512	256
005573.png	keep	2.6738	6.0000	512	256
005574.png	keep	8.1353	16.3333	512	256
005575.png	reject	19.8629	63.0000	512	256
005576.png	keep	3.3515	7.3333	512	256
005577.png	reject	19.5776	68.6667	512	256
005578.png	keep	7.7251	17.3333	512	256
005579.png	keep	5.6215	15.6667	512	256
005580.png	reject	11.0441	36.0000	512	256
005581.png	keep	3.1157	6.0000	512	256
005582.png	keep	8.0387	18.6667	512	256
005583.png	keep	3.2734	8.3333	512	256
005584.png	reject	15.6567	42.0000	512	256
005585.png	keep	5.3702	10.0000	512	256
005586.png	reject	9.2635	22.6667	512	256
005587.png	reject	13.1839	30.6667	512	256
005588.png	reject	9.9308	26.0000	512	256
005589.png	keep	1.8903	5.0000	512	256
005590.png	keep	6.2855	11.6667	512	256
005591.png	keep	3.7045	9.6667	512	256
005592.png	keep	6.4592	14.0000	512	256
005593.png	reject	34.3357	81.0000	512	256
005594.png	reject	17.9314	36.6667	512	256
005595.png	keep	3.7541	6.3333	512	256
005596.png	keep	5.9347	13.6667	512	256
005597.png	keep	3.7220	9.3333	512	256
005598.png	keep	5.2684	13.3333	512	256
005599.png	keep	1.9093	3.6667	512	256
005600.png	reject	18.6593	46.6667	512	256
005601.png	keep	5.8256	11.0000	512	256
005602.png	keep	2.3338	5.6667	512	256
005603.png	reject	14.2462	58.6667	512	256
005604.png	reject	20.9851	61.0000	512	256
005605.png	keep	3.0752	7.0000	512	256
005606.png	keep	8.6943	19.0000	512	256
005607.png	reject	12.1063	22.3333	512	256
005608.png	keep	4.1549	7.0000	512	256
005609.png	keep	7.4159	12.3333	512	256
005610.png	reject	15.2653	21.6667	512	256
005611.png	keep	7.0221	21.0000	512	256
005612.png	keep	4.6207	11.6667	512	256
005613.png	reject	8.7052	27.0000	512	256
005614.png	keep	7.4022	17.0000	512	256
005615.png	reject	17.9776	37.3333	512	256
005616.png	reject	12.1619	22.6667	512	256
005617.png	keep	3.4793	8.3333	512	256
005618.png	keep	9.5328	22.0000	512	256
005619.png	keep	6.2163	14.3333	512	256
005620.png	reject	10.2943	33.6667	512	256
005621.png	keep	5.3873	13.3333	512	256
005622.png	reject	4.4913	25.0000	512	256
005623.png	reject	15.5536	26.6667	512	256
005624.png	keep	6.4683	11.6667	512	256
005625.png	reject	10.6759	28.0000	512	256
005626.png	keep	3.2737	6.3333	512	256
005627.png	reject	18.8141	49.0000	512	256
005628.png	reject	20.0328	61.0000	512	256
005629.png	reject	11.2144	24.6667	512	256
005630.png	keep	8.7330	20.0000	512	256
005631.png	keep	6.4861	12.6667	512	256
005632.png	reject	10.2234	25.0000	512	256
005633.png	keep	3.7373	8.0000	512	256
005634.png	reject	8.3349	38.6667	512	256
005635.png	reject	24.9925	54.3333	512	256
005636.png	keep	6.8162	13.3333	512	256
005637.png	keep	1.9754	4.0000	512	256
005638.png	keep	3.0192	6.0000	512	256
005639.png	keep	8.1586	16.6667	512	256
005640.png	keep	2.8779	7.0000	512	256
005641.png	reject	17.0463	41.6667	512	256
005642.png	keep	4.0867	9.6667	512	256
005643.png	keep	4.7255	9.3333	512	256
005644.png	keep	4.1337	10.0000	512	256
005645.png	keep	6.3291	14.0000	512	256
005646.png	reject	17.0763	36.3333	512	256
005647.png	reject	9.3813	23.0000	512	256
005648.png	reject	9.6210	23.3333	512	256
005649.png	keep	4.3671	8.3333	512	256
005650.png	reject	7.1612	31.3333	512	256
005651.png	reject	9.1064	26.6667	512	256
005652.png	keep	4.5996	10.0000	512	256
005653.png	keep	2.3360	5.3333	512	256
005654.png	keep	2.8731	7.0000	512	256
005655.png	keep	8.4834	18.6667	512	256
005656.png	keep	3.4508	7.6667	512	256
005657.png	keep	4.6897	10.0000	512	256
005658.png	keep	2.5862	5.6667	512	256
005659.png	keep	2.7637	5.6667	512	256
005660.png	keep	3.9560	9.3333	512	256
005661.png	keep	2.6711	6.0000	512	256
005662.png	keep	7.7829	16.6667	512	256
005663.png	reject	17.6390	58.0000	512	256
005664.png	reject	27.6246	57.0000	512	256
005665.png	keep	1.7136	3.6667	512	256
005666.png	keep	2.3092	6.0000	512	256
005667.png	reject	8.1230	24.0000	512	256
005668.png	keep	7.9033	18.0000	512	256
005669.png	reject	10.0572	20.3333	512	256
005670.png	keep	6.5573	14.0000	512	256
005671.png	keep	6.1387	17.3333	512	256
005672.png	keep	5.0339	17.3333	512	256
005673.png	keep	6.5659	16.3333	512	256
005674.png	keep	2.2619	5.6667	512	256
005675.png	reject	18.9399	54.0000	512	256
005676.png	keep	5.0710	8.3333	512	256
005677.png	keep	2.5275	5.6667	512	256
005678.png	keep	6.5166	16.6667	512	256
005679.png	keep	6.5922	19.0000	512	256
005680.png	reject	14.4932	45.3333	512	256
005681.png	keep	1.9961	4.3333	512	256
005682.png	keep	1.3006	2.6667	512	256
005683.png	keep	7.6137	14.6667	512	256
005684.png	keep	7.2026	17.0000	512	256
005685.png	keep	4.2537	8.3333	512	256
005686.png	keep	3.4028	9.0000	512	256
005687.png	reject	11.4350	20.3333	512	256
005688.png	keep	3.4729	7.0000	512	256
005689.png	keep	6.8040	17.6667	512	256
005690.png	keep	2.3524	5.0000	512	256
005691.png	keep	4.6267	9.0000	512	256
005692.png	keep	3.4226	9.0000	512	256
005693.png	keep	2.8861	7.6667	512	256
005694.png	keep	3.4623	8.3333	512	256
005695.png	keep	5.3137	12.3333	512	256
005696.png	reject	10.9095	32.6667	512	256
005697.png	keep	4.0881	9.3333	512	256
005698.png	reject	35.7301	65.0000	512	256
005699.png	reject	17.4044	31.6667	512	256
005700.png	keep	6.3100	16.3333	512	256
005701.png	keep	4.0602	7.6667	512	256
005702.png	keep	4.3809	12.3333	512	256
005703.png	keep	5.7602	15.6667	512	256
005704.png	keep	4.0711	9.0000	512	256
005705.png	keep	4.2135	9.0000	512	256
005706.png	keep	1.3214	3.3333	512	256
005707.png	keep	2.4123	5.0000	512	256
005708.png	reject	17.6326	26.3333	512	256
005709.png	keep	2.4950	6.6667	512	256
005710.png	keep	8.0907	20.0000	512	256
005711.png	reject	11.2329	35.6667	512	256
005712.png	reject	10.7550	23.3333	512	256
005713.png	keep	3.2490	7.3333	512	256
005714.png	keep	3.3332	8.3333	512	256
005715.png	reject	15.9770	43.3333	512	256
005716.png	reject	10.7744	23.6667	512	256
005717.png	keep	2.2992	4.6667	512	256
005718.png	keep	3.2918	7.0000	512	256
005719.png	keep	5.2394	13.0000	512	256
005720.png	keep	2.4479	5.6667	512	256
005721.png	keep	4.4137	9.6667	512	256
005722.png	keep	2.1500	5.6667	512	256
005723.png	reject	23.3586	40.3333	512	256
005724.png	keep	5.6938	21.3333	512	256
005725.png	keep	7.9048	20.3333	512	256
005726.png	keep	3.0384	8.3333	512	256
005727.png	reject	19.5473	43.0000	512	256
005728.png	reject	12.6421	44.0000	512	256
005729.png	keep	5.3030	17.0000	512	256
005730.png	keep	8.2836	20.3333	512	256
005731.png	reject	24.5587	46.0000	512	256
005732.png	keep	7.6730	19.0833	512	256
005733.png	keep	4.3045	16.3333	512	256
005734.png	keep	2.8106	6.6667	512	256
005735.png	reject	15.7923	26.3333	512	256
005736.png	keep	2.9748	7.6667	512	256
005737.png	reject	12.3090	41.0000	512	256
005738.png	keep	3.8702	10.6667	512	256
005739.png	keep	3.6864	6.6667	512	256
005740.png	reject	23.5622	69.0000	512	256
005741.png	reject	11.4284	33.0000	512	256
005742.png	keep	3.0370	7.6667	512	256
005743.png	reject	13.4658	48.0000	512	256
005744.png	reject	16.1141	38.0000	512	256
005745.png	keep	2.5505	7.6667	512	256
005746.png	keep	1.5876	4.0000	512	256
005747.png	keep	8.0490	17.6667	512	256
005748.png	keep	5.4145	12.3333	512	256
005749.png	keep	3.0474	9.0000	512	256
005750.png	reject	12.2123	25.6667	512	256
005751.png	keep	6.3306	11.3333	512	256
005752.png	keep	4.9806	15.3333	512	256
005753.png	reject	11.0949	23.3333	512	256
005754.png	keep	3.1770	7.0000	512	256
005755.png	reject	10.5648	23.3333	512	256
005756.png	keep	5.8069	17.0000	512	256
005757.png	keep	9.2297	13.6667	512	256
005758.png	keep	3.1298	8.3333	512	256
005759.png	keep	7.1669	17.6667	512	256
005760.png	reject	10.6943	26.0000	512	256
005761.png	keep	3.8126	9.3333	512	256
005762.png	keep	1.9125	5.3333	512	256
005763.png	reject	15.8595	53.3333	512	256
005764.png	keep	6.2583	11.6667	512	256
005765.png	reject	20.8262	45.3333	512	256
005766.png	reject	10.2490	20.0000	512	256
005767.png	keep	5.0444	13.0000	512	256
005768.png	keep	2.6257	6.0000	512	256
005769.png	keep	7.2883	16.6667	512	256
005770.png	keep	1.8191	4.0000	512	256
005771.png	reject	34.1938	72.0000	512	256
005772.png	reject	16.9838	56.0000	512	256
005773.png	keep	3.6543	8.3333	512	256
005774.png	keep	3.7107	9.0000	512	256
005775.png	keep	5.8774	15.0000	512	256
005776.png	reject	11.4386	31.3333	512	256
005777.png	keep	4.1398	12.0000	512	256
005778.png	keep	2.1647	5.3333	512	256
005779.png	reject	25.8416	43.3333	512	256
005780.png	keep	3.6015	9.3333	512	256
005781.png	keep	2.0504	5.3333	512	256
005782.png	keep	8.4834	20.6667	512	256
005783.png	reject	19.9898	37.0000	512	256
005784.png	keep	2.8736	6.6667	512	256
005785.png	keep	4.6834	11.0000	512	256
005786.png	keep	3.2200	7.0000	512	256
005787.png	reject	34.4949	96.0000	512	256
005788.png	keep	4.8426	10.3333	512	256
005789.png	reject	8.4846	22.3333	512	256
005790.png	keep	3.2535	7.3333	512	256
005791.png	reject	22.4807	52.3333	512	256
005792.png	keep	7.9599	15.0000	512	256
005793.png	reject	24.4582	52.3333	512	256
005794.png	reject	16.1913	42.6667	512	256
005795.png	reject	6.4606	22.6667	512	256
005796.png	keep	5.8424	16.0000	512	256
005797.png	keep	7.5952	13.0000	512	256
005798.png	reject	26.1933	63.6667	512	256
005799.png	keep	8.3547	21.6667	512	256
005800.png	keep	2.0446	5.3333	512	256
005801.png	keep	4.0943	9.6667	512	256
005802.png	keep	3.3166	8.0000	512	256
005803.png	reject	32.2083	75.3333	512	256
005804.png	reject	10.3509	20.3333	512	256
005805.png	keep	2.0152	4.3333	512	256
005806.png	keep	4.5688	9.0000	512	256
005807.png	reject	22.6312	60.3333	512	256
005808.png	keep	7.0259	15.0000	512	256
005809.png	reject	9.7823	23.6667	512	256
005810.png	keep	3.9419	8.0000	512	256
005811.png	reject	22.8613	65.6667	512	256
005812.png	reject	12.6948	29.0000	512	256
005813.png	keep	4.9681	10.0000	512	256
005814.png	keep	3.2015	8.3333	512	256
005815.png	reject	17.4660	42.6667	512	256
005816.png	keep	4.2763	9.3333	512	256
005817.png	keep	4.3602	9.6667	512	256
005818.png	keep	3.1012	11.6667	512	256
005819.png	keep	4.2290	8.3333	512	256
005820.png	reject	10.8819	27.0000	512	256
005821.png	keep	3.4867	7.3333	512	256
005822.png	keep	6.2640	12.0000	512	256
005823.png	keep	6.1296	13.0000	512	256
005824.png	reject	16.3553	27.6667	512	256
005825.png	keep	6.5873	21.6667	512	256
005826.png	keep	3.7813	8.3333	512	256
005827.png	keep	8.0516	18.6667	512	256
005828.png	keep	5.1401	11.0000	512	256
005829.png	keep	4.5310	9.3333	512	256
005830.png	keep	3.8104	9.0000	512	256
005831.png	reject	12.8226	34.6667	512	256
005832.png	keep	4.1675	8.0000	512	256
005833.png	reject	9.4653	24.3333	512	256
005834.png	keep	2.1950	6.0000	512	256
005835.png	keep	1.8851	4.0000	512	256
005836.png	keep	6.3151	12.6667	512	256
005837.png	keep	6.0257	22.0000	512	256
005838.png	keep	3.5204	8.0000	512	256
005839.png	reject	16.0294	37.3333	512	256
005840.png	reject	14.3932	42.0000	512	256
005841.png	keep	3.8888	9.3333	512	256
005842.png	keep	1.9445	5.0000	512	256
005843.png	keep	7.7467	15.3333	512	256
005844.png	reject	13.5917	30.6667	512	256
005845.png	keep	6.4467	12.0000	512	256
005846.png	keep	3.2602	9.3333	512	256
005847.png	keep	5.9437	12.0000	512	256
005848.png	keep	3.1242	9.3333	512	256
005849.png	reject	5.4792	23.0000	512	256
005850.png	keep	2.5132	6.6667	512	256
005851.png	reject	19.9891	26.6667	512	256
005852.png	keep	3.0998	8.6667	512	256
005853.png	keep	2.3519	6.0000	512	256
005854.png	keep	6.4104	13.0000	512	256
005855.png	reject	11.3380	25.6667	512	256
005856.png	reject	9.9252	29.6667	512	256
005857.png	keep	1.4727	4.0000	512	256
005858.png	keep	1.3044	3.0000	512	256
005859.png	reject	11.6220	19.0000	512	256
005860.png	keep	3.1700	9.3333	512	256
005861.png	keep	2.1941	5.6667	512	256
005862.png	keep	2.9760	7.0000	512	256
005863.png	reject	11.7866	20.3333	512	256
005864.png	keep	2.6193	5.6667	512	256
005865.png	keep	8.8069	19.3333	512	256
005866.png	keep	8.1846	17.3333	512	256
005867.png	reject	16.0594	29.6667	512	256
005868.png	keep	4.6088	9.6667	512	256
005869.png	keep	3.0761	8.6667	512	256
005870.png	reject	21.1668	50.6667	512	256
005871.png	reject	26.0763	55.0000	512	256
005872.png	reject	9.9648	29.6667	512	256
005873.png	keep	1.4891	3.0000	512	256
005874.png	reject	55.0342	105.6667	512	256
005875.png	reject	21.5119	40.6667	512	256
005876.png	keep	6.2308	16.0000	512	256
005877.png	keep	5.2949	14.3333	512	256
005878.png	keep	4.1530	10.6667	512	256
005879.png	reject	10.3364	23.3333	512	256
005880.png	keep	2.4017	6.0000	512	256
005881.png	reject	18.0290	43.3333	512	256
005882.png	keep	2.6641	6.6667	512	256
005883.png	keep	3.8204	17.6667	512	256
005884.png	reject	15.1109	44.0000	512	256
005885.png	reject	13.1348	18.3333	512	256
005886.png	keep	4.7856	12.6667	512	256
005887.png	reject	20.7570	54.0000	512	256
005888.png	reject	20.7611	46.3333	512	256
005889.png	keep	2.7618	7.0000	512	256
005890.png	reject	16.8094	34.0000	512	256
005891.png	keep	5.1401	10.6667	512	256
005892.png	keep	2.3239	5.3333	512	256
005893.png	keep	9.6386	21.0000	512	256
005894.png	keep	4.2900	11.6667	512	256
005895.png	reject	14.9090	35.0000	512	256
005896.png	keep	5.8262	10.6667	512	256
005897.png	keep	4.9653	13.0000	512	256
005898.png	keep	5.3390	13.0000	512	256
005899.png	keep	5.0055	13.0000	512	256
005900.png	reject	18.8562	36.6667	512	256
005901.png	keep	4.7461	11.3333	512	256
005902.png	reject	15.4504	64.3333	512	256
005903.png	reject	9.0604	25.3333	512	256
005904.png	reject	33.6517	62.6667	512	256
005905.png	keep	1.4235	3.3333	512	256
005906.png	keep	1.8385	4.6667	512	256
005907.png	keep	8.2756	15.6667	512	256
005908.png	keep	1.4215	3.3333	512	256
005909.png	reject	12.6255	28.6667	512	256
005910.png	keep	2.7129	6.0000	512	256
005911.png	keep	5.7706	16.3333	512	256
005912.png	keep	3.7989	10.0000	512	256
005913.png	reject	13.5162	45.0000	512	256
005914.png	keep	8.1567	14.6667	512	256
005915.png	keep	5.2356	12.6667	512	256
005916.png	keep	3.7546	9.6667	512	256
005917.png	keep	1.6535	3.6667	512	256
005918.png	keep	2.8453	8.3333	512	256
005919.png	keep	2.8651	6.0000	512	256
005920.png	reject	10.4767	18.0000	512	256
005921.png	keep	2.1836	6.0000	512	256
005922.png	keep	2.1519	5.0000	512	256
005923.png	keep	3.7943	9.0000	512	256
005924.png	keep	3.0176	7.6667	512	256
005925.png	keep	4.1752	9.0000	512	256
005926.png	keep	3.5324	8.6667	512	256
005927.png	reject	11.7242	20.6667	512	256
005928.png	reject	5.8561	28.3333	512	256
005929.png	keep	3.3873	8.0000	512	256
005930.png	keep	3.0088	8.3333	512	256
005931.png	reject	18.0330	84.3333	512	256
005932.png	keep	4.0392	7.3333	512	256
005933.png	keep	4.4215	10.6667	512	256
005934.png	reject	39.1470	78.6667	512	256
005935.png	reject	9.6727	25.0000	512	256
005936.png	reject	11.0595	19.0000	512	256
005937.png	keep	2.2357	4.0000	512	256
005938.png	keep	2.3793	6.0000	512	256
005939.png	keep	3.9691	8.0000	512	256
005940.png	keep	6.6219	14.6667	512	256
005941.png	reject	8.3667	25.3333	512	256
005942.png	keep	4.1736	12.6667	512	256
005943.png	reject	20.8014	39.0000	512	256
005944.png	keep	5.8527	13.3333	512	256
005945.png	keep	4.3739	15.6667	512	256
005946.png	reject	10.2078	21.3333	512	256
005947.png	keep	3.0010	5.0000	512	256
005948.png	keep	2.6347	6.0000	512	256
005949.png	keep	9.5652	19.6667	512	256
005950.png	keep	7.1621	19.3333	512	256
005951.png	reject	8.8932	30.3333	512	256
005952.png	reject	11.4322	39.3333	512	256
005953.png	reject	7.5672	24.3333	512	256
005954.png	keep	2.1691	5.3333	512	256
005955.png	reject	13.9976	24.3333	512	256
005956.png	reject	10.0974	16.3333	512	256
005957.png	keep	2.7606	6.3333	512	256
005958.png	reject	8.1601	25.6667	512	256
005959.png	reject	9.1252	23.3333	512	256
005960.png	keep	4.9867	14.0000	512	256
005961.png	reject	10.1114	22.0000	512	256
005962.png	reject	33.8072	84.0000	512	256
005963.png	keep	3.0524	6.6667	512	256
005964.png	reject	6.2142	25.6667	512	256
005965.png	reject	12.5028	27.3333	512	256
005966.png	keep	2.6139	7.6667	512	256
005967.png	keep	8.6860	17.6667	512	256
005968.png	reject	32.5222	78.6667	512	256
005969.png	keep	1.7705	3.6667	512	256
005970.png	keep	2.4558	5.3333	512	256
005971.png	keep	7.9944	18.0000	512	256
005972.png	keep	4.0471	8.3333	512	256
005973.png	reject	14.6127	29.6667	512	256
005974.png	keep	3.5812	8.0000	512	256
005975.png	keep	5.5273	14.6667	512	256
005976.png	reject	11.4435	41.0000	512	256
005977.png	keep	4.8667	9.3333	512	256
005978.png	reject	11.9261	29.6667	512	256
005979.png	keep	4.2558	8.3333	512	256
005980.png	keep	7.3990	15.6667	512	256
005981.png	keep	5.9236	9.6667	512	256
005982.png	keep	5.8097	11.6667	512	256
005983.png	keep	8.5291	16.0000	512	256
005984.png	reject	29.7746	66.3333	512	256
005985.png	keep	2.9561	7.0000	512	256
005986.png	keep	1.3346	3.3333	512	256
005987.png	keep	5.7765	13.3333	512	256
005988.png	keep	8.5558	17.0000	512	256
005989.png	keep	4.7014	13.0000	512	256
005990.png	keep	3.7126	18.3333	512	256
005991.png	keep	5.0477	12.0000	512	256
005992.png	keep	2.1591	6.3333	512	256
005993.png	keep	4.7207	10.0000	512	256
005994.png	keep	6.9791	20.0000	512	256
005995.png	keep	3.8129	7.0000	512	256
005996.png	keep	3.9278	10.6667	512	256
005997.png	keep	3.5006	9.3333	512	256
005998.png	reject	18.0627	47.6667	512	256
005999.png	reject	18.7752	39.6667	512	256
006000.png	reject	34.7986	82.6667	512	256
006001.png	keep	2.4816	5.0000	512	256
006002.png	keep	1.2752	3.3333	512	256
006003.png	reject	8.2998	34.0000	512	256
006004.png	keep	1.7631	4.0000	512	256
006005.png	keep	4.7315	15.3333	512	256
006006.png	keep	2.7470	8.3333	512	256
006007.png	reject	16.2879	34.3333	512	256
006008.png	reject	9.7972	35.0000	512	256
006009.png	keep	3.2481	6.6667	512	256
006010.png	reject	15.3316	44.3333	512	256
006011.png	reject	26.0472	37.6667	512	256
006012.png	keep	7.3591	20.0000	512	256
006013.png	keep	1.5903	3.6667	512	256
006014.png	keep	2.2177	7.3333	512	256
006015.png	reject	15.4413	34.6667	512	256
006016.png	keep	6.4508	14.3333	512	256
006017.png	keep	1.2502	3.0000	512	256
006018.png	keep	1.6802	4.3333	512	256
006019.png	reject	17.0680	44.6667	512	256
006020.png	reject	14.7065	31.3333	512	256
006021.png	reject	7.7109	43.3333	512	256
006022.png	keep	3.2475	9.0000	512	256
006023.png	keep	8.5283	20.3333	512	256
006024.png	keep	3.9880	9.0000	512	256
006025.png	keep	3.0094	6.6667	512	256
006026.png	keep	7.0783	15.6667	512	256
006027.png	reject	11.2857	22.6667	512	256
006028.png	keep	4.7939	10.3333	512	256
006029.png	keep	2.4760	6.3333	512	256
006030.png	keep	2.4219	5.6667	512	256
006031.png	keep	8.3017	16.6667	512	256
006032.png	keep	5.2808	10.6667	512	256
006033.png	keep	7.6620	17.3333	512	256
006034.png	keep	3.1025	8.3333	512	256
006035.png	keep	2.0632	4.6667	512	256
006036.png	keep	6.3858	11.3333	512	256
006037.png	keep	7.7414	13.3333	512	256
006038.png	keep	3.9960	11.6667	512	256
006039.png	reject	25.7932	82.0000	512	256
006040.png	keep	6.1409	12.6667	512	256
006041.png	keep	3.6630	9.6667	512	256
006042.png	keep	6.4285	17.3333	512	256
006043.png	keep	3.4297	5.6667	512	256
006044.png	keep	4.5186	20.6667	512	256
006045.png	keep	1.7344	4.3333	512	256
006046.png	keep	2.9891	6.3333	512	256
006047.png	keep	6.8993	14.6667	512	256
006048.png	keep	4.4027	9.3333	512	256
006049.png	keep	1.8258	5.0000	512	256
006050.png	keep	2.2430	5.6667	512	256
006051.png	keep	2.1904	5.3333	512	256
006052.png	keep	1.7728	3.6667	512	256
006053.png	keep	6.1981	14.6667	512	256
006054.png	keep	4.7890	12.6667	512	256
006055.png	keep	5.5768	15.6667	512	256
006056.png	keep	2.7631	8.0000	512	256
006057.png	keep	3.2249	7.0000	512	256
006058.png	keep	2.7449	6.3333	512	256
006059.png	keep	5.9177	13.0000	512	256
006060.png	keep	4.3499	10.0000	512	256
006061.png	reject	13.7397	35.3333	512	256
006062.png	keep	3.0699	7.3333	512	256
006063.png	reject	10.4456	24.0000	512	256
006064.png	keep	5.5172	15.0000	512	256
006065.png	keep	6.7358	10.0000	512	256
006066.png	keep	2.0776	4.0000	512	256
006067.png	reject	17.3580	40.3333	512	256
006068.png	keep	4.7142	7.3333	512	256
006069.png	keep	5.3704	12.0000	512	256
006070.png	keep	5.6898	14.0000	512	256
006071.png	reject	14.7018	33.0000	512	256
006072.png	keep	6.4381	12.6667	512	256
006073.png	keep	7.9357	21.0000	512	256
006074.png	keep	2.1068	4.3333	512	256
006075.png	reject	26.7462	52.6667	512	256
006076.png	keep	2.8257	6.3333	512	256
006077.png	keep	1.8920	4.3333	512	256
006078.png	keep	4.7918	10.0000	512	256
006079.png	reject	24.6899	58.6667	512	256
006080.png	keep	8.3842	19.0000	512	256
006081.png	keep	1.5557	4.0000	512	256
006082.png	keep	2.1551	5.6667	512	256
006083.png	reject	10.3607	33.0000	512	256
006084.png	keep	1.9820	5.0000	512	256
006085.png	keep	9.1965	17.6667	512	256
006086.png	keep	4.8011	12.6667	512	256
006087.png	reject	28.7503	63.3333	512	256
006088.png	keep	3.4723	7.3333	512	256
006089.png	keep	2.6184	7.0000	512	256
006090.png	keep	4.7022	8.6667	512	256
006091.png	keep	6.2981	18.3333	512	256
006092.png	keep	7.8627	19.0000	512	256
006093.png	keep	3.4233	8.3333	512	256
006094.png	keep	5.2546	12.6667	512	256
006095.png	keep	3.9725	10.0000	512	256
006096.png	reject	15.1193	52.0000	512	256
006097.png	keep	1.4687	3.3333	512	256
006098.png	reject	24.3607	53.3333	512	256
006099.png	keep	5.3402	13.3333	512	256
006100.png	keep	2.5620	7.6667	512	256
006101.png	keep	3.2018	9.6667	512	256
006102.png	keep	4.3404	10.6667	512	256
006103.png	keep	6.4483	12.3333	512	256
006104.png	keep	3.4667	8.0000	512	256
006105.png	keep	1.6836	4.0000	512	256
006106.png	keep	2.7696	5.6667	512	256
006107.png	reject	10.8057	26.0000	512	256
006108.png	keep	4.7146	12.6667	512	256
006109.png	keep	7.9645	15.0000	512	256
006110.png	keep	8.4039	15.3333	512	256
006111.png	keep	4.7420	14.6667	512	256
006112.png	reject	21.1549	44.0000	512	256
006113.png	keep	2.9046	6.0000	512	256
006114.png	keep	2.6677	7.3333	512	256
006115.png	keep	4.6198	9.6667	512	256
006116.png	keep	4.0620	10.0000	512	256
006117.png	keep	3.5129	7.0000	512	256
006118.png	keep	1.9960	4.6667	512	256
006119.png	reject	13.2269	27.0000	512	256
006120.png	keep	4.3011	9.3333	512	256
006121.png	keep	3.2508	7.0000	512	256
006122.png	keep	2.1353	5.3333	512	256
006123.png	reject	16.9685	42.6667	512	256
006124.png	keep	5.7421	17.0000	512	256
006125.png	keep	5.5683	12.3333	512	256
006126.png	keep	3.2755	7.3333	512	256
006127.png	reject	10.4858	27.3333	512	256
006128.png	reject	27.9474	60.3333	512	256
006129.png	keep	1.6607	4.0000	512	256
006130.png	reject	11.7989	45.3333	512	256
006131.png	keep	2.6556	6.0000	512	256
006132.png	reject	23.8938	39.6667	512	256
006133.png	keep	1.9979	4.0000	512	256
006134.png	keep	3.0734	8.3333	512	256
006135.png	reject	28.2297	60.3333	512	256
006136.png	keep	3.0691	8.3333	512	256
006137.png	keep	9.5428	22.0000	512	256
006138.png	keep	3.1120	8.0000	512	256
006139.png	reject	9.5906	24.0000	512	256
006140.png	reject	16.1774	38.0000	512	256
006141.png	keep	4.6998	12.6667	512	256
006142.png	keep	3.0672	9.0000	512	256
006143.png	reject	10.8174	26.3333	512	256
006144.png	reject	10.7513	26.6667	512	256
006145.png	keep	2.1018	4.6667	512	256
006146.png	keep	1.9069	4.6667	512	256
006147.png	keep	2.3567	5.6667	512	256
006148.png	reject	12.6764	33.0000	512	256
006149.png	keep	9.4835	19.3333	512	256
006150.png	keep	4.1672	14.3333	512	256
006151.png	keep	5.8229	14.3333	512	256
006152.png	keep	3.1461	8.0000	512	256
006153.png	keep	3.5775	9.3333	512	256
006154.png	keep	5.4016	14.3333	512	256
006155.png	keep	2.7938	6.6667	512	256
006156.png	keep	8.5683	18.3333	512	256
006157.png	keep	5.5482	14.0000	512	256
006158.png	keep	6.1659	11.3333	512	256
006159.png	keep	5.7813	19.6667	512	256
006160.png	keep	7.6058	21.0000	512	256
006161.png	keep	2.7340	11.3333	512	256
006162.png	keep	2.9282	7.0000	512	256
006163.png	keep	3.2124	7.0000	512	256
006164.png	reject	7.7262	23.6667	512	256
006165.png	reject	9.5163	26.0000	512	256
006166.png	keep	5.2188	14.6667	512	256
006167.png	keep	5.5636	16.0000	512	256
006168.png	keep	2.8139	8.0000	512	256
006169.png	keep	6.7539	13.3333	512	256
006170.png	keep	2.8478	5.6667	512	256
006171.png	keep	4.7363	13.6667	512	256
006172.png	keep	2.2374	6.6667	512	256
006173.png	keep	7.1443	14.0000	512	256
006174.png	keep	4.0984	9.6667	512	256
006175.png	reject	21.7324	47.6667	512	256
006176.png	reject	14.9783	39.3333	512	256
006177.png	keep	1.8455	4.6667	512	256
006178.png	keep	6.8779	16.6667	512	256
006179.png	reject	10.9842	28.6667	512	256
006180.png	reject	10.3987	19.6667	512	256
006181.png	reject	20.8513	46.3333	512	256
006182.png	keep	8.4508	14.0000	512	256
006183.png	reject	24.9730	80.3333	512	256
006184.png	keep	5.9688	13.3333	512	256
006185.png	keep	4.5768	10.6667	512	256
006186.png	keep	2.0292	4.0000	512	256
006187.png	keep	3.3296	9.3333	512	256
006188.png	keep	4.5873	12.3333	512	256
006189.png	keep	9.4194	14.6667	512	256
006190.png	reject	8.2563	22.3333	512	256
006191.png	reject	8.0184	24.6667	512	256
006192.png	keep	9.7321	20.6667	512	256
006193.png	keep	1.1172	2.3333	512	256
006194.png	keep	6.2424	12.0000	512	256
006195.png	reject	10.6722	24.0000	512	256
006196.png	keep	3.9128	8.6667	512	256
006197.png	keep	6.6677	15.3333	512	256
006198.png	keep	8.5397	19.6667	512	256
006199.png	reject	16.8908	45.0000	512	256
006200.png	keep	2.6537	6.6667	512	256
006201.png	keep	5.8763	15.0000	512	256
006202.png	keep	3.1975	6.3333	512	256
006203.png	keep	7.7040	20.0000	512	256
006204.png	keep	5.6853	11.3333	512	256
006205.png	reject	39.4983	82.3333	512	256
006206.png	keep	5.9808	11.0000	512	256
006207.png	reject	10.3808	17.0000	512	256
006208.png	keep	3.7622	8.3333	512	256
006209.png	keep	2.4072	5.3333	512	256
006210.png	keep	3.2564	7.3333	512	256
006211.png	keep	2.5632	5.3333	512	256
006212.png	keep	5.4810	9.6667	512	256
006213.png	keep	5.4193	14.0000	512	256
006214.png	keep	1.7475	3.3333	512	256
006215.png	keep	6.2413	17.3333	512	256
006216.png	keep	3.9950	9.3333	512	256
006217.png	keep	5.2749	12.6667	512	256
006218.png	keep	2.1478	5.3333	512	256
006219.png	reject	10.6009	59.0000	512	256
006220.png	keep	4.2018	8.6667	512	256
006221.png	keep	6.5409	13.0000	512	256
006222.png	reject	14.1605	19.6667	512	256
006223.png	reject	9.9191	30.3333	512	256
006224.png	keep	2.7213	6.6667	512	256
006225.png	reject	16.5379	63.3333	512	256
006226.png	keep	3.1672	9.0000	512	256
006227.png	keep	2.9187	6.0000	512	256
006228.png	keep	5.5495	9.3333	512	256
006229.png	keep	9.6313	16.0000	512	256
006230.png	keep	4.1725	11.3333	512	256
006231.png	keep	6.3454	15.3333	512	256
006232.png	keep	4.9472	15.0000	512	256
006233.png	keep	8.3327	16.3333	512	256
006234.png	keep	1.6687	3.6667	512	256
006235.png	reject	10.4805	27.0000	512	256
006236.png	keep	3.0852	7.0000	512	256
006237.png	reject	36.9816	61.0000	512	256
006238.png	keep	4.1906	9.0000	512	256
006239.png	reject	19.8398	38.3333	512	256
006240.png	reject	16.0028	30.3333	512	256
006241.png	keep	2.5992	7.6667	512	256
006242.png	keep	3.2622	8.0000	512	256
006243.png	reject	24.8856	65.0000	512	256
006244.png	keep	7.4509	14.0000	512	256
006245.png	keep	3.6885	9.0000	512	256
006246.png	keep	1.8221	3.6667	512	256
006247.png	reject	20.2917	39.6667	512	256
006248.png	keep	2.7387	6.0000	512	256
006249.png	keep	1.5471	3.3333	512	256
006250.png	keep	2.3320	5.6667	512	256
006251.png	reject	9.3487	22.6667	512	256
006252.png	keep	4.7884	13.6667	512	256
006253.png	reject	12.4219	30.3333	512	256
006254.png	keep	6.5982	11.0000	512	256
006255.png	reject	11.7182	27.0000	512	256
006256.png	keep	1.7434	3.6667	512	256
006257.png	keep	1.7097	3.6667	512	256
006258.png	keep	4.2105	9.3333	512	256
006259.png	reject	22.6822	58.0000	512	256
006260.png	keep	2.3899	6.3333	512	256
006261.png	keep	4.3913	9.6667	512	256
006262.png	keep	2.4456	5.6667	512	256
006263.png	keep	5.6668	11.0000	512	256
006264.png	keep	2.8792	10.3333	512	256
006265.png	keep	2.3004	6.3333	512	256
006266.png	keep	2.4709	4.6667	512	256
006267.png	keep	5.1888	13.6667	512	256
006268.png	keep	3.3116	9.3333	512	256
006269.png	keep	7.7298	18.0000	512	256
006270.png	keep	2.0798	4.3333	512	256
006271.png	keep	6.7864	15.6667	512	256
006272.png	reject	14.1850	38.3333	512	256
006273.png	keep	3.4649	8.3333	512	256
006274.png	keep	2.4626	5.3333	512	256
006275.png	keep	3.9472	11.0000	512	256
006276.png	keep	2.8216	5.6667	512	256
006277.png	keep	7.3625	13.6667	512	256
006278.png	reject	12.7527	28.0000	512	256
006279.png	keep	5.3413	10.6667	512	256
006280.png	keep	2.3368	6.0000	512	256
006281.png	keep	1.7589	4.3333	512	256
006282.png	keep	2.3311	6.6667	512	256
006283.png	keep	3.0391	7.6667	512	256
006284.png	keep	5.4117	10.3333	512	256
006285.png	keep	5.2163	13.6667	512	256
006286.png	keep	7.2745	13.6667	512	256
006287.png	keep	4.6320	10.3333	512	256
006288.png	keep	2.7901	6.0000	512	256
006289.png	reject	9.4530	27.3333	512	256
006290.png	reject	22.0711	39.6667	512	256
006291.png	keep	9.6541	22.0000	512	256
006292.png	keep	5.8801	16.3333	512	256
006293.png	reject	12.2915	19.3333	512	256
006294.png	keep	4.3654	11.3333	512	256
006295.png	keep	6.2753	16.0000	512	256
006296.png	keep	3.8104	10.0000	512	256
006297.png	keep	2.0501	5.3333	512	256
006298.png	keep	2.5800	7.6667	512	256
006299.png	keep	4.5669	8.3333	512	256
006300.png	keep	3.0901	7.3333	512	256
006301.png	keep	5.8533	12.6667	512	256
006302.png	keep	3.6481	11.3333	512	256
006303.png	keep	3.9966	8.6667	512	256
006304.png	keep	4.0285	8.6667	512	256
006305.png	keep	1.6996	3.3333	512	256
006306.png	reject	13.2777	46.0000	512	256
006307.png	keep	1.9453	4.3333	512	256
006308.png	reject	11.4087	17.6667	512	256
006309.png	keep	6.7487	12.6667	512	256
006310.png	keep	6.0179	16.3333	512	256
006311.png	keep	7.3216	14.0000	512	256
006312.png	reject	12.2473	33.6667	512	256
006313.png	keep	1.7187	4.0000	512	256
006314.png	keep	1.5761	3.6667	512	256
006315.png	reject	16.5680	32.6667	512	256
006316.png	keep	3.8570	10.0000	512	256
006317.png	keep	4.3569	9.0000	512	256
006318.png	keep	9.7382	15.6667	512	256
006319.png	reject	14.2555	29.3333	512	256
006320.png	keep	1.7682	3.6667	512	256
006321.png	keep	4.7778	11.3333	512	256
006322.png	reject	10.4737	28.6667	512	256
006323.png	keep	5.8315	17.6667	512	256
006324.png	reject	14.4544	28.3333	512	256
006325.png	keep	5.7433	16.6667	512	256
006326.png	keep	4.7049	9.0000	512	256
006327.png	reject	19.3961	34.3333	512	256
006328.png	keep	5.2189	13.0000	512	256
006329.png	keep	1.9180	4.6667	512	256
006330.png	keep	6.2656	10.6667	512	256
006331.png	reject	19.9659	56.3333	512	256
006332.png	keep	3.4278	8.6667	512	256
006333.png	keep	5.6752	13.3333	512	256
006334.png	keep	3.0787	7.0000	512	256
006335.png	reject	22.5151	48.6667	512	256
006336.png	keep	3.7470	9.3333	512	256
006337.png	keep	4.9699	9.3333	512	256
006338.png	reject	11.5945	28.6667	512	256
006339.png	keep	5.7942	18.6667	512	256
006340.png	reject	18.5010	31.6667	512	256
006341.png	reject	14.3523	41.3333	512	256
006342.png	keep	1.5358	3.0000	512	256
006343.png	reject	29.8170	57.3333	512	256
006344.png	keep	3.6367	8.6667	512	256
006345.png	keep	2.2296	5.6667	512	256
006346.png	keep	2.2991	5.6667	512	256
006347.png	keep	3.4820	8.0000	512	256
006348.png	reject	15.4435	38.3333	512	256
006349.png	reject	8.9255	29.6667	512	256
006350.png	keep	4.2903	11.3333	512	256
006351.png	keep	8.0005	16.3333	512	256
006352.png	keep	2.8681	6.3333	512	256
006353.png	keep	4.0343	10.3333	512	256
006354.png	reject	15.5916	52.3333	512	256
006355.png	reject	15.2219	24.3333	512	256
006356.png	reject	25.5153	48.6667	512	256
006357.png	keep	7.7164	20.0000	512	256
006358.png	keep	6.6033	17.3333	512	256
006359.png	reject	10.3692	39.3333	512	256
006360.png	keep	2.8354	9.6667	512	256
006361.png	keep	2.2096	6.3333	512	256
006362.png	keep	3.0948	6.6667	512	256
006363.png	keep	4.7666	17.0000	512	256
006364.png	reject	13.9427	24.3333	512	256
006365.png	reject	13.0571	23.6667	512	256
006366.png	keep	8.0185	12.0000	512	256
006367.png	reject	18.0283	33.3333	512	256
006368.png	keep	6.8577	13.6667	512	256
006369.png	keep	1.8300	4.0000	512	256
006370.png	reject	24.2551	61.0000	512	256
006371.png	keep	9.3819	18.0000	512	256
006372.png	keep	4.1124	10.0000	512	256
006373.png	keep	7.1763	18.6667	512	256
006374.png	keep	2.4837	7.0000	512	256
006375.png	reject	13.0171	27.4167	512	256
006376.png	keep	5.5640	12.3333	512	256
006377.png	keep	5.4376	10.0000	512	256
006378.png	keep	3.4098	8.0000	512	256
006379.png	keep	4.9775	17.3333	512	256
006380.png	keep	4.5544	9.6667	512	256
006381.png	reject	13.7539	39.6667	512	256
006382.png	reject	14.2487	24.3333	512	256
006383.png	keep	3.4743	9.6667	512	256
006384.png	keep	4.7337	10.0000	512	256
006385.png	keep	2.5633	5.3333	512	256
006386.png	keep	4.6576	10.0000	512	256
006387.png	reject	19.0138	59.0000	512	256
006388.png	keep	7.3948	15.3333	512	256
006389.png	keep	3.3837	7.3333	512	256
006390.png	keep	8.0065	18.6667	512	256
006391.png	keep	8.0558	15.0000	512	256
006392.png	keep	4.7064	11.0000	512	256
006393.png	keep	5.8011	11.3333	512	256
006394.png	keep	4.3595	7.6667	512	256
006395.png	keep	5.4886	11.0000	512	256
006396.png	keep	4.5238	12.6667	512	256
006397.png	keep	6.4685	12.6667	512	256
006398.png	keep	4.2077	14.0000	512	256
006399.png	keep	2.2191	4.3333	512	256
006400.png	keep	2.1001	4.3333	512	256
006401.png	keep	2.5176	6.3333	512	256
006402.png	reject	15.1822	22.0000	512	256
006403.png	reject	6.5448	22.3333	512	256
006404.png	keep	6.7394	14.0000	512	256
006405.png	keep	3.1959	7.0000	512	256
006406.png	keep	3.5830	8.0000	512	256
006407.png	keep	3.7519	11.0000	512	256
006408.png	keep	8.5674	17.6667	512	256
006409.png	keep	2.5699	7.3333	512	256
006410.png	reject	9.8705	36.0000	512	256
006411.png	keep	3.1751	7.0000	512	256
006412.png	keep	5.1513	10.6667	512	256
006413.png	reject	15.5641	52.0000	512	256
006414.png	keep	6.0884	15.0000	512	256
006415.png	keep	1.5880	3.6667	512	256
006416.png	keep	2.9099	6.6667	512	256
006418.png	keep	7.6860	20.6667	512	256
006419.png	keep	1.6036	3.3333	512	256
006420.png	keep	3.7489	11.0000	512	256
006421.png	keep	3.3412	9.0000	512	256
006422.png	reject	6.3563	27.0000	512	256
006423.png	keep	4.7513	10.6667	512	256
006424.png	keep	3.8067	8.6667	512	256
006425.png	keep	2.3576	5.3333	512	256
006426.png	keep	1.5629	3.3333	512	256
006427.png	reject	5.7552	29.3333	512	256
006428.png	keep	7.1775	18.3333	512	256
006429.png	reject	13.6672	40.0000	512	256
006430.png	reject	11.3786	26.0000	512	256
006431.png	reject	7.3657	24.6667	512	256
006432.png	reject	17.8500	31.0000	512	256
006434.png	keep	4.2450	10.0000	512	256
006435.png	keep	4.5476	10.0000	512	256
006436.png	keep	9.6469	21.6667	512	256
006437.png	keep	4.4275	10.6667	512	256
006438.png	keep	3.1152	9.3333	512	256
006439.png	reject	14.5556	27.3333	512	256
006440.png	keep	4.6907	11.0000	512	256
006441.png	keep	2.5612	5.6667	512	256
006442.png	keep	1.3493	3.0000	512	256
006443.png	keep	2.4513	5.6667	512	256
006444.png	keep	4.3329	10.6667	512	256
006445.png	keep	7.2780	14.0000	512	256
006446.png	reject	6.8791	29.3333	512	256
006447.png	keep	1.9186	4.0000	512	256
006448.png	reject	11.2618	31.6667	512	256
006450.png	keep	5.0626	12.3333	512	256
006451.png	keep	5.7455	16.3333	512	256
006452.png	keep	4.2594	10.6667	512	256
006453.png	keep	3.2994	8.6667	512	256
006454.png	keep	1.3469	2.6667	512	256
006455.png	reject	12.8227	29.6667	512	256
006456.png	keep	3.5596	8.6667	512	256
006457.png	keep	2.3018	4.3333	512	256
006458.png	keep	3.4502	7.6667	512	256
006459.png	reject	11.9738	33.6667	512	256
006460.png	reject	6.6384	27.3333	512	256
006461.png	keep	6.8932	12.3333	512	256
006462.png	keep	4.2803	10.3333	512	256
006463.png	keep	4.1088	8.0000	512	256
006464.png	keep	8.8315	22.0000	512	256
006466.png	reject	11.4152	24.0000	512	256
006467.png	keep	4.8109	9.6667	512	256
006468.png	keep	6.6338	22.0000	512	256
006469.png	keep	9.2390	18.6667	512	256
006470.png	keep	1.2916	2.6667	512	256
006471.png	reject	34.8913	74.7500	512	256
006472.png	keep	7.3450	16.6667	512	256
006473.png	keep	5.5632	11.6667	512	256
006474.png	keep	1.8632	3.6667	512	256
006475.png	keep	7.0652	18.3333	512	256
006476.png	reject	8.3696	25.3333	512	256
006477.png	keep	5.9429	11.6667	512	256
006478.png	keep	5.0669	11.0000	512	256
006479.png	reject	10.3317	24.0000	512	256
006480.png	keep	5.0371	16.6667	512	256
006482.png	reject	9.9957	23.0000	512	256
006483.png	reject	6.3963	24.6667	512	256
006484.png	keep	3.9139	10.0000	512	256
006485.png	reject	10.1068	24.3333	512	256
006486.png	keep	9.5986	16.6667	512	256
006487.png	keep	3.0213	6.3333	512	256
006488.png	keep	4.2257	7.6667	512	256
006489.png	keep	2.2898	5.0000	512	256
006490.png	keep	2.1809	5.0000	512	256
006491.png	keep	8.9840	18.6667	512	256
006492.png	keep	4.4106	8.6667	512	256
006493.png	keep	4.5750	13.0000	512	256
006494.png	keep	4.4859	9.6667	512	256
006495.png	reject	9.2233	29.6667	512	256
006496.png	keep	8.6980	16.6667	512	256
006498.png	reject	9.9276	23.0000	512	256
006499.png	reject	7.9649	26.0000	512	256
006500.png	reject	11.0237	18.6667	512	256
006501.png	reject	8.7200	46.3333	512	256
006502.png	keep	3.0412	6.0000	512	256
006503.png	reject	28.6196	53.6667	512	256
006504.png	keep	3.5057	10.0000	512	256
006505.png	keep	1.8859	4.3333	512	256
006506.png	keep	3.6901	7.6667	512	256
006507.png	keep	5.1033	9.6667	512	256
006508.png	reject	11.7049	28.0000	512	256
006509.png	reject	8.3767	41.0000	512	256
006510.png	keep	3.8351	8.3333	512	256
006511.png	reject	14.0751	51.0000	512	256
006512.png	keep	7.2781	21.6667	512	256
006514.png	keep	3.4054	10.0000	512	256
006515.png	keep	3.9099	9.0000	512	256
006516.png	reject	12.9207	42.0000	512	256
006517.png	keep	5.5706	16.0000	512	256
006518.png	keep	2.2606	5.6667	512	256
006519.png	keep	7.6634	17.0000	512	256
006520.png	keep	5.4157	16.6667	512	256
006521.png	keep	2.1980	4.3333	512	256
006522.png	reject	11.3546	26.3333	512	256
006523.png	keep	4.1818	9.0000	512	256
006524.png	reject	11.6265	36.3333	512	256
006525.png	reject	25.3232	64.3333	512	256
006526.png	reject	10.0312	25.6667	512	256
006527.png	reject	12.8733	39.0000	512	256
006528.png	reject	10.8806	19.3333	512	256
006530.png	reject	12.0893	28.6667	512	256
006531.png	reject	11.6536	31.6667	512	256
006532.png	keep	5.8670	14.6667	512	256
006533.png	keep	7.9069	19.6667	512	256
006534.png	keep	8.4430	18.3333	512	256
006535.png	reject	9.6288	25.0000	512	256
006536.png	reject	16.1352	90.6667	512	256
006537.png	reject	6.8251	33.6667	512	256
006538.png	keep	2.2282	4.6667	512	256
006539.png	keep	3.6374	6.6667	512	256
006540.png	keep	7.6659	21.3333	512	256
006541.png	keep	6.6521	17.0000	512	256
006542.png	keep	6.3935	21.6667	512	256
006543.png	keep	2.6163	6.0000	512	256
006544.png	reject	11.5753	27.6667	512	256
006546.png	reject	18.2807	32.6667	512	256
006547.png	reject	7.6469	42.6667	512	256
006548.png	keep	5.4963	13.6667	512	256
006549.png	keep	5.5090	16.7500	512	256
006550.png	keep	1.5555	3.3333	512	256
006551.png	reject	11.1356	27.6667	512	256
006552.png	keep	3.1793	9.3333	512	256
006553.png	keep	3.2156	7.6667	512	256
006554.png	keep	4.2196	8.6667	512	256
006555.png	keep	7.4483	16.0000	512	256
006556.png	reject	21.8713	38.0000	512	256
006557.png	keep	3.7906	8.6667	512	256
006558.png	keep	5.4792	19.3333	512	256
006559.png	keep	9.7381	18.0000	512	256
006560.png	reject	13.8618	33.0000	512	256
006562.png	reject	14.7351	26.3333	512	256
006563.png	keep	8.9358	16.0000	512	256
006564.png	keep	3.5281	8.3333	512	256
006565.png	keep	7.5944	16.0000	512	256
006566.png	keep	1.9709	3.3333	512	256
006567.png	reject	16.0626	31.0000	512	256
006568.png	keep	5.7586	14.0000	512	256
006569.png	keep	3.3861	8.6667	512	256
006570.png	keep	2.1590	5.3333	512	256
006571.png	keep	4.2019	8.0000	512	256
006572.png	keep	4.1007	8.3333	512	256
006573.png	keep	3.8649	7.6667	512	256
006574.png	reject	15.8049	28.0000	512	256
006575.png	keep	3.5540	9.6667	512	256
006576.png	reject	11.7891	26.3333	512	256
006578.png	keep	3.9264	9.3333	512	256
006579.png	keep	4.8272	9.0000	512	256
006580.png	keep	5.0783	14.6667	512	256
006581.png	reject	17.4570	49.3333	512	256
006582.png	keep	4.1709	9.0000	512	256
006583.png	reject	16.7844	34.6667	512	256
006584.png	reject	14.3063	44.6667	512	256
006585.png	keep	3.9813	9.6667	512	256
006586.png	keep	2.5490	7.3333	512	256
006587.png	keep	3.0839	5.6667	512	256
006588.png	keep	7.4386	18.6667	512	256
006589.png	keep	7.3885	19.3333	512	256
006590.png	keep	6.5566	17.6667	512	256
006591.png	keep	7.0869	17.0000	512	256
006592.png	keep	6.0197	15.4167	512	256
006594.png	reject	12.4457	28.3333	512	256
006595.png	reject	10.1810	35.3333	512	256
006596.png	keep	3.1276	9.3333	512	256
006597.png	reject	18.0581	30.6667	512	256
006598.png	reject	6.7660	22.6667	512	256
006599.png	reject	11.3539	32.0000	512	256
006600.png	reject	14.2053	32.3333	512	256
006601.png	keep	4.5852	11.6667	512	256
006602.png	keep	1.9469	4.6667	512	256
006603.png	keep	2.1773	4.6667	512	256
006604.png	reject	11.2878	26.0000	512	256
006605.png	keep	6.0481	12.0000	512	256
006606.png	keep	4.0767	8.3333	512	256
006607.png	keep	5.7398	13.0000	512	256
006608.png	keep	5.0127	16.0000	512	256
006610.png	keep	8.8376	13.6667	512	256
006611.png	keep	6.6357	18.3333	512	256
006612.png	keep	4.9202	13.6667	512	256
006613.png	keep	3.3439	9.0000	512	256
006614.png	keep	2.1225	4.6667	512	256
006615.png	reject	9.0776	23.0000	512	256
006616.png	keep	1.6097	4.3333	512	256
006617.png	keep	3.4807	8.6667	512	256
006618.png	keep	3.0578	8.6667	512	256
006619.png	keep	5.5069	11.6667	512	256
006620.png	reject	28.4836	62.0000	512	256
006621.png	keep	6.0858	12.6667	512	256
006622.png	keep	6.7456	15.0000	512	256
006623.png	keep	6.0490	14.3333	512	256
006624.png	reject	12.8900	43.3333	512	256
006626.png	keep	4.3581	11.0000	512	256
006627.png	keep	7.5531	20.3333	512	256
006628.png	keep	4.4843	10.3333	512	256
006629.png	keep	7.1252	19.3333	512	256
006630.png	keep	1.6509	4.3333	512	256
006631.png	reject	10.9272	26.6667	512	256
006632.png	reject	11.0379	41.3333	512	256
006633.png	keep	3.8431	8.3333	512	256
006634.png	keep	3.3042	8.3333	512	256
006635.png	keep	2.8588	6.3333	512	256
006636.png	keep	2.4306	7.0000	512	256
006637.png	reject	9.9963	22.6667	512	256
006638.png	keep	3.8529	8.6667	512	256
006639.png	reject	12.4122	30.0000	512	256
006640.png	reject	9.3020	24.3333	512	256
006642.png	keep	3.0448	8.6667	512	256
006643.png	keep	6.4911	14.0000	512	256
006644.png	keep	3.5027	7.3333	512	256
006645.png	keep	3.0900	8.0000	512	256
006646.png	keep	1.6702	3.6667	512	256
006647.png	reject	28.3883	55.6667	512	256
006648.png	keep	2.4390	4.6667	512	256
006649.png	keep	3.2859	9.0000	512	256
006650.png	reject	9.8179	30.6667	512	256
006651.png	keep	3.9284	10.3333	512	256
006652.png	reject	27.3734	108.6667	512	256
006653.png	keep	2.9809	7.3333	512	256
006654.png	reject	7.6383	22.3333	512	256
006655.png	reject	15.3060	22.6667	512	256
006656.png	reject	17.4682	32.3333	512	256
006658.png	keep	3.1762	7.6667	512	256
006659.png	reject	11.4054	48.6667	512	256
006660.png	keep	3.6828	10.6667	512	256
006661.png	keep	4.8618	12.3333	512	256
006662.png	keep	2.1437	4.0000	512	256
006663.png	reject	16.3493	40.0000	512	256
006664.png	keep	3.6367	6.6667	512	256
006665.png	keep	5.0840	12.6667	512	256
006666.png	keep	8.8379	13.0000	512	256
006667.png	reject	8.0450	22.4167	512	256
006668.png	keep	3.9992	12.3333	512	256
006669.png	keep	4.1354	10.0000	512	256
006670.png	reject	16.5360	46.3333	512	256
006671.png	keep	9.5966	19.0000	512	256
006672.png	keep	4.5208	10.6667	512	256
006674.png	keep	2.7069	6.3333	512	256
006675.png	keep	4.8491	8.6667	512	256
006676.png	keep	3.3061	9.6667	512	256
006677.png	keep	4.5852	10.6667	512	256
006678.png	keep	2.3229	5.0000	512	256
006679.png	reject	17.1521	37.6667	512	256
006680.png	keep	3.3675	7.6667	512	256
006681.png	keep	3.5023	12.0000	512	256
006682.png	keep	3.6889	11.6667	512	256
006683.png	keep	1.9012	4.3333	512	256
006684.png	keep	3.1342	7.6667	512	256
006685.png	reject	34.8407	68.0000	512	256
006686.png	keep	3.5253	8.3333	512	256
006687.png	reject	12.7430	26.6667	512	256
006688.png	reject	15.2612	27.6667	512	256
006690.png	keep	6.6369	15.0000	512	256
006691.png	reject	8.1751	25.0000	512	256
006692.png	keep	5.4554	15.6667	512	256
006693.png	reject	11.4483	43.6667	512	256
006694.png	keep	2.4446	6.0000	512	256
006695.png	reject	15.0310	32.3333	512	256
006696.png	keep	1.3957	3.3333	512	256
006697.png	keep	4.3834	11.3333	512	256
006698.png	keep	2.6305	6.0000	512	256
006699.png	keep	2.9559	9.0000	512	256
006700.png	keep	3.7837	7.0000	512	256
006701.png	keep	5.9815	16.3333	512	256
006702.png	keep	3.3913	8.6667	512	256
006703.png	reject	20.0144	50.6667	512	256
006704.png	keep	4.0895	9.3333	512	256
006706.png	reject	14.6114	31.0000	512	256
006707.png	keep	6.5342	18.0000	512	256
006708.png	keep	8.6172	20.3333	512	256
006709.png	keep	9.3584	13.6667	512	256
006710.png	keep	6.2556	20.3333	512	256
006711.png	reject	53.0978	95.6667	512	256
006712.png	reject	7.9988	28.0000	512	256
006713.png	keep	9.9960	18.6667	512	256
006714.png	keep	1.6669	3.6667	512	256
006715.png	keep	6.6700	17.6667	512	256
006716.png	keep	4.7411	12.3333	512	256
006717.png	keep	3.3093	6.6667	512	256
006718.png	keep	3.0267	6.6667	512	256
006719.png	reject	10.3332	29.0000	512	256
006720.png	keep	5.7190	14.6667	512	256
006722.png	keep	2.8560	5.3333	512	256
006723.png	keep	4.9875	13.0000	512	256
006724.png	reject	20.4762	37.3333	512	256
006725.png	keep	4.4997	13.3333	512	256
006726.png	keep	2.1481	5.3333	512	256
006727.png	reject	19.4328	40.6667	512	256
006728.png	keep	4.8965	12.3333	512	256
006729.png	keep	4.0673	9.6667	512	256
006730.png	keep	2.0651	4.3333	512	256
006731.png	reject	6.8994	25.6667	512	256
006732.png	reject	5.1837	26.6667	512	256
006733.png	keep	3.6304	7.3333	512	256
006734.png	keep	4.2091	10.0000	512	256
006735.png	keep	6.3884	13.3333	512	256
006736.png	keep	5.0009	10.3333	512	256
006738.png	reject	8.3627	29.3333	512	256
006739.png	keep	4.3893	12.3333	512	256
006740.png	keep	4.4870	10.6667	512	256
006741.png	keep	2.8738	7.0000	512	256
006742.png	keep	5.5661	11.3333	512	256
006743.png	reject	23.9969	44.0000	512	256
006744.png	keep	4.8717	10.0000	512	256
006745.png	keep	4.5091	9.0000	512	256
006746.png	keep	1.6149	3.6667	512	256
006747.png	keep	3.5164	8.6667	512	256
006748.png	keep	3.9905	12.3333	512	256
006749.png	keep	2.6467	7.0000	512	256
006750.png	keep	4.6879	10.3333	512	256
006751.png	reject	10.1045	29.3333	512	256
006752.png	keep	5.1903	12.6667	512	256
006754.png	keep	4.2550	8.6667	512	256
006755.png	keep	2.1961	5.0000	512	256
006756.png	keep	4.1698	8.6667	512	256
006757.png	keep	5.7190	14.3333	512	256
006758.png	keep	2.5136	5.3333	512	256
006759.png	reject	31.1431	61.3333	512	256
006760.png	keep	3.6749	10.3333	512	256
006761.png	keep	5.0619	9.0000	512	256
006762.png	keep	5.1125	10.6667	512	256
006763.png	reject	14.8891	52.6667	512	256
006764.png	keep	6.9307	15.3333	512	256
006765.png	reject	19.8377	36.3333	512	256
006766.png	keep	2.5949	5.6667	512	256
006767.png	keep	5.5570	14.0000	512	256
006768.png	keep	8.8197	18.0000	512	256
006770.png	keep	2.3949	5.6667	512	256
006771.png	reject	23.7749	75.3333	512	256
006772.png	reject	19.2763	44.0000	512	256
006773.png	keep	3.1075	8.3333	512	256
006774.png	keep	1.4662	3.3333	512	256
006775.png	reject	33.6866	62.6667	512	256
006776.png	keep	3.7610	9.0000	512	256
006777.png	keep	2.8402	8.3333	512	256
006778.png	keep	8.0489	11.0000	512	256
006779.png	keep	3.1216	7.6667	512	256
006780.png	keep	5.4117	15.6667	512	256
006781.png	keep	3.8312	8.6667	512	256
006782.png	keep	1.7452	4.0000	512	256
006783.png	reject	10.0452	41.3333	512	256
006784.png	reject	8.0062	22.3333	512	256
006786.png	keep	3.2440	7.0000	512	256
006787.png	keep	2.7656	8.6667	512	256
006788.png	keep	2.8322	6.0000	512	256
006789.png	keep	3.4498	9.3333	512	256
006790.png	reject	39.0617	75.3333	512	256
006791.png	reject	12.2118	27.6667	512	256
006792.png	reject	9.5746	27.0000	512	256
006793.png	keep	4.5163	12.6667	512	256
006794.png	keep	3.8395	8.6667	512	256
006795.png	keep	5.7966	12.0000	512	256
006796.png	reject	22.5330	59.6667	512	256
006797.png	keep	2.3958	5.0000	512	256
006798.png	keep	1.7399	4.3333	512	256
006799.png	reject	13.5921	27.3333	512	256
006800.png	keep	6.7197	17.0000	512	256
006802.png	reject	13.3317	18.6667	512	256
006803.png	keep	2.3415	6.3333	512	256
006804.png	keep	5.3161	12.0000	512	256
006805.png	keep	8.1461	19.0000	512	256
006806.png	keep	2.0267	5.0000	512	256
006807.png	reject	33.7980	75.6667	512	256
006808.png	keep	1.9531	5.3333	512	256
006809.png	reject	30.9726	65.3333	512	256
006810.png	keep	5.5486	8.6667	512	256
006811.png	keep	4.5395	10.3333	512	256
006812.png	reject	10.8291	16.0000	512	256
006813.png	keep	3.2001	6.0000	512	256
006814.png	keep	3.2886	10.3333	512	256
006815.png	keep	9.3124	18.6667	512	256
006816.png	keep	7.6136	15.0000	512	256
006818.png	reject	12.1940	30.3333	512	256
006819.png	reject	40.6556	93.3333	512	256
006820.png	keep	4.8311	9.3333	512	256
006821.png	keep	8.6431	14.3333	512	256
006822.png	keep	6.2586	16.3333	512	256
006823.png	reject	20.7348	50.3333	512	256
006824.png	keep	2.5944	6.0000	512	256
006825.png	reject	16.7814	98.0000	512	256
006826.png	keep	4.7476	9.3333	512	256
006827.png	keep	2.5909	7.6667	512	256
006828.png	keep	8.6670	17.3333	512	256
006829.png	keep	2.6241	6.0000	512	256
006830.png	keep	6.3591	13.3333	512	256
006831.png	keep	5.5315	18.0000	512	256
006832.png	keep	4.6151	10.3333	512	256
006834.png	reject	19.4926	41.3333	512	256
006835.png	reject	11.4288	43.0000	512	256
006836.png	keep	7.3961	12.0000	512	256
006837.png	reject	10.1324	25.0000	512	256
006838.png	reject	11.3069	28.3333	512	256
006839.png	reject	18.1805	37.0000	512	256
006840.png	reject	18.5794	42.0000	512	256
006841.png	keep	4.1640	11.6667	512	256
006842.png	keep	4.7078	10.0000	512	256
006843.png	keep	3.6251	9.0000	512	256
006844.png	keep	2.6950	7.6667	512	256
006845.png	keep	2.5337	5.6667	512	256
006846.png	keep	3.4142	8.6667	512	256
006847.png	reject	22.9320	48.6667	512	256
006848.png	reject	10.2223	20.3333	512	256
006850.png	keep	6.8821	13.6667	512	256
006851.png	reject	19.7742	43.6667	512	256
006852.png	reject	10.2655	27.6667	512	256
006853.png	keep	6.6460	16.3333	512	256
006854.png	keep	5.9941	13.6667	512	256
006855.png	reject	11.2962	32.6667	512	256
006856.png	keep	1.8558	3.6667	512	256
006857.png	keep	7.4271	19.3333	512	256
006858.png	keep	1.4320	3.0000	512	256
006859.png	keep	4.5217	10.3333	512	256
006860.png	keep	3.5770	9.3333	512	256
006861.png	keep	3.8708	6.6667	512	256
006862.png	keep	9.1823	19.0000	512	256
006863.png	reject	20.4435	47.0000	512	256
006864.png	keep	4.0291	8.6667	512	256
006866.png	keep	8.2177	15.6667	512	256
006867.png	reject	25.8745	48.0000	512	256
006868.png	keep	4.1977	12.0000	512	256
006869.png	keep	3.6887	9.3333	512	256
006870.png	keep	4.1831	9.6667	512	256
006871.png	keep	5.9604	17.6667	512	256
006872.png	reject	10.5751	41.0000	512	256
006873.png	keep	4.5073	11.3333	512	256
006874.png	keep	2.0490	5.3333	512	256
006875.png	keep	4.1770	9.0000	512	256
006876.png	keep	5.5028	8.6667	512	256
006877.png	reject	11.8054	31.3333	512	256
006878.png	keep	7.3066	18.0000	512	256
006879.png	reject	5.7127	26.3333	512	256
006880.png	keep	5.2235	11.0000	512	256
006882.png	reject	11.3892	22.0000	512	256
006883.png	reject	24.4552	57.6667	512	256
006884.png	reject	9.7027	25.6667	512	256
006885.png	keep	3.9067	10.0000	512	256
006886.png	keep	6.3699	15.0000	512	256
006887.png	keep	8.0388	16.6667	512	256
006888.png	keep	6.4177	13.6667	512	256
006889.png	keep	3.1699	7.0000	512	256
006890.png	keep	2.5462	5.0000	512	256
006891.png	keep	2.8305	7.0000	512	256
006892.png	keep	5.5886	11.3333	512	256
006893.png	keep	5.9179	13.0000	512	256
006894.png	keep	3.5774	7.3333	512	256
006895.png	reject	7.7836	29.6667	512	256
006896.png	keep	3.6736	7.6667	512	256
006898.png	keep	5.0844	12.0000	512	256
006899.png	reject	15.4677	66.6667	512	256
006900.png	reject	7.7659	25.3333	512	256
006901.png	keep	4.0604	11.6667	512	256
006902.png	keep	4.1000	11.3333	512	256
006903.png	keep	6.5833	15.0000	512	256
006904.png	keep	1.9047	4.6667	512	256
006905.png	keep	4.6570	12.3333	512	256
006906.png	keep	4.3216	5.6667	512	256
006907.png	reject	26.1741	54.6667	512	256
006908.png	reject	8.5248	33.3333	512	256
006909.png	keep	6.8165	11.0000	512	256
006910.png	keep	3.8065	9.0000	512	256
006911.png	reject	10.3836	20.6667	512	256
006912.png	reject	10.4616	24.3333	512	256
006914.png	keep	4.9130	13.6667	512	256
006915.png	reject	27.1946	46.0000	512	256
006916.png	keep	7.2149	12.6667	512	256
006917.png	keep	3.8504	10.6667	512	256
006918.png	keep	3.4020	8.3333	512	256
006919.png	keep	4.8400	10.3333	512	256
006920.png	keep	1.9840	4.6667	512	256
006921.png	keep	5.3569	13.3333	512	256
006922.png	keep	2.7626	5.3333	512	256
006923.png	keep	3.8657	9.3333	512	256
006924.png	keep	5.3180	12.0000	512	256
006925.png	reject	8.5857	40.3333	512	256
006926.png	keep	1.8548	3.6667	512	256
006927.png	keep	5.8455	14.6667	512	256
006928.png	reject	12.4867	25.6667	512	256
006930.png	reject	13.2382	33.3333	512	256
006931.png	reject	30.0844	50.0000	512	256
006932.png	reject	19.1834	45.3333	512	256
006933.png	keep	3.5172	8.0000	512	256
006934.png	reject	8.9258	26.0000	512	256
006935.png	keep	4.3094	9.0000	512	256
006936.png	keep	4.7492	13.3333	512	256
006937.png	keep	4.1145	12.3333	512	256
006938.png	keep	1.3489	3.6667	512	256
006939.png	keep	4.1352	11.6667	512	256
006940.png	keep	4.1558	10.3333	512	256
006941.png	keep	3.2632	8.3333	512	256
006942.png	keep	5.5440	10.0000	512	256
006943.png	reject	18.4426	51.0000	512	256
006944.png	reject	10.6086	21.0000	512	256
006946.png	reject	14.0232	28.0000	512	256
006947.png	keep	2.6071	7.0000	512	256
006948.png	keep	4.0873	9.3333	512	256
006949.png	keep	2.0481	5.0000	512	256
006950.png	keep	3.5579	9.3333	512	256
006951.png	keep	5.3604	11.3333	512	256
006952.png	keep	2.9518	8.0000	512	256
006953.png	keep	5.5422	12.6667	512	256
006954.png	keep	1.3509	3.0000	512	256
006955.png	keep	5.2985	14.6667	512	256
006956.png	reject	10.5034	17.0000	512	256
006957.png	keep	3.6908	8.6667	512	256
006958.png	keep	5.4855	10.3333	512	256
006959.png	keep	4.9308	11.3333	512	256
006960.png	reject	17.0664	28.0000	512	256
006962.png	keep	4.5795	12.6667	512	256
006963.png	reject	7.1696	32.3333	512	256
006964.png	reject	11.5204	66.0000	512	256
006965.png	reject	8.7580	28.6667	512	256
006966.png	reject	22.0728	56.3333	512	256
006967.png	keep	7.8656	16.6667	512	256
006968.png	keep	6.0590	10.6667	512	256
006969.png	keep	2.2836	4.3333	512	256
006970.png	keep	3.0881	7.0000	512	256
006971.png	keep	2.6749	7.0000	512	256
006972.png	reject	7.6629	27.3333	512	256
006973.png	keep	3.6112	7.3333	512	256
006974.png	reject	10.0095	22.6667	512	256
006975.png	reject	8.4093	24.3333	512	256
006976.png	keep	4.3187	9.6667	512	256
006978.png	reject	8.8605	28.3333	512	256
006979.png	keep	5.0444	9.0000	512	256
006980.png	reject	5.4733	32.3333	512	256
006981.png	keep	3.3882	7.3333	512	256
006982.png	reject	39.2894	84.0000	512	256
006983.png	reject	5.6504	25.6667	512	256
006984.png	keep	2.9433	8.0000	512	256
006985.png	keep	3.0813	9.3333	512	256
006986.png	keep	6.1854	9.6667	512	256
006987.png	keep	4.7903	15.6667	512	256
006988.png	keep	6.9368	19.0000	512	256
006989.png	reject	12.8181	25.3333	512	256
006990.png	keep	3.8473	15.0000	512	256
006991.png	reject	18.5507	52.6667	512	256
006992.png	keep	4.0426	10.0000	512	256
006994.png	reject	23.0674	62.0000	512	256
006995.png	keep	4.8611	13.0000	512	256
006996.png	keep	4.9060	15.3333	512	256
006997.png	reject	8.3114	24.6667	512	256
006998.png	keep	5.0130	9.3333	512	256
006999.png	keep	5.5620	20.6667	512	256
007000.png	keep	3.7049	9.6667	512	256
007001.png	keep	3.8837	9.0000	512	256
007002.png	keep	1.9795	5.0000	512	256
007003.png	keep	2.5489	6.6667	512	256
007004.png	keep	5.5490	17.3333	512	256
007005.png	keep	7.8557	15.0000	512	256
007006.png	keep	4.3604	9.6667	512	256
007007.png	keep	6.2334	11.0000	512	256
007008.png	reject	19.0296	30.3333	512	256
007010.png	reject	17.3155	29.0000	512	256
007011.png	reject	19.1084	54.3333	512	256
007012.png	keep	6.3241	15.3333	512	256
007013.png	keep	4.6096	9.0000	512	256
007014.png	keep	3.6979	10.6667	512	256
007015.png	keep	3.6415	11.3333	512	256
007016.png	reject	11.3956	19.6667	512	256
007017.png	reject	11.4230	59.0000	512	256
007018.png	reject	9.1729	29.0000	512	256
007019.png	keep	6.8378	13.0000	512	256
007020.png	keep	7.1575	18.6667	512	256
007021.png	keep	2.8069	8.0000	512	256
007022.png	keep	4.4131	8.3333	512	256
007023.png	reject	13.8355	27.6667	512	256
007024.png	keep	5.6785	11.6667	512	256
007026.png	keep	7.9278	18.3333	512	256
007027.png	keep	7.6272	19.3333	512	256
007028.png	keep	6.1895	11.3333	512	256
007029.png	keep	2.7054	7.0000	512	256
007030.png	keep	3.2096	9.3333	512	256
007031.png	keep	3.4436	8.3333	512	256
007032.png	keep	2.5714	7.0000	512	256
007033.png	keep	5.5829	11.6667	512	256
007034.png	keep	1.6658	3.0000	512	256
007035.png	keep	4.2222	9.0000	512	256
007036.png	reject	13.8187	44.3333	512	256
007037.png	reject	22.5499	49.3333	512	256
007038.png	keep	2.7707	6.0000	512	256
007039.png	reject	9.3167	28.3333	512	256
007040.png	reject	12.0538	23.3333	512	256
007042.png	reject	20.6634	40.3333	512	256
007043.png	keep	9.6361	19.0000	512	256
007044.png	reject	19.3714	47.6667	512	256
007045.png	keep	3.5863	9.6667	512	256
007046.png	keep	3.1352	6.6667	512	256
007047.png	keep	5.6708	12.6667	512	256
007048.png	keep	4.0478	12.0000	512	256
007049.png	keep	1.9985	4.3333	512	256
007050.png	keep	5.4852	13.0000	512	256
007051.png	keep	1.5341	3.3333	512	256
007052.png	keep	6.0084	16.0000	512	256
007053.png	keep	4.3592	8.6667	512	256
007054.png	keep	5.1377	15.3333	512	256
007055.png	reject	14.8403	28.0000	512	256
007056.png	keep	3.5485	7.6667	512	256
007058.png	keep	4.0803	12.6667	512	256
007059.png	reject	10.3206	55.6667	512	256
007060.png	reject	18.1100	45.3333	512	256
007061.png	keep	1.4872	3.3333	512	256
007062.png	keep	4.0445	9.3333	512	256
007063.png	keep	9.5717	18.3333	512	256
007064.png	keep	3.4205	8.0000	512	256
007065.png	keep	1.4022	3.0000	512	256
007066.png	reject	6.3732	28.6667	512	256
007067.png	keep	2.1734	5.3333	512	256
007068.png	keep	5.1060	9.3333	512	256
007069.png	reject	25.2570	45.6667	512	256
007070.png	keep	2.4302	5.0000	512	256
007071.png	keep	3.5441	9.0000	512	256
007072.png	keep	6.1737	16.6667	512	256
007074.png	keep	7.5497	20.3333	512	256
007075.png	reject	31.1290	49.3333	512	256
007076.png	reject	11.3957	39.0000	512	256
007077.png	keep	4.3580	11.3333	512	256
007078.png	reject	9.0604	37.6667	512	256
007079.png	keep	2.7390	6.3333	512	256
007080.png	keep	3.1983	8.3333	512	256
007081.png	keep	1.3279	3.0000	512	256
007082.png	keep	7.7057	14.3333	512	256
007083.png	keep	1.5718	3.6667	512	256
007084.png	keep	3.2323	7.3333	512	256
007085.png	keep	8.3170	17.6667	512	256
007086.png	keep	2.4424	6.0000	512	256
007087.png	keep	8.4563	17.6667	512	256
007088.png	keep	6.6707	12.0000	512	256
007090.png	reject	14.6249	27.0000	512	256
007091.png	reject	18.9350	55.6667	512	256
007092.png	reject	19.3172	54.0000	512	256
007093.png	keep	3.9253	9.6667	512	256
007094.png	keep	4.0556	9.0000	512	256
007095.png	keep	8.3304	16.6667	512	256
007096.png	keep	3.5582	13.0000	512	256
007097.png	keep	2.3023	5.6667	512	256
007098.png	keep	1.1780	3.0000	512	256
007099.png	keep	8.8999	16.3333	512	256
007100.png	reject	16.6868	28.0000	512	256
007101.png	keep	8.6572	17.6667	512	256
007102.png	keep	1.8529	3.6667	512	256
007103.png	reject	8.8101	24.0000	512	256
007104.png	keep	9.5739	17.3333	512	256
007106.png	keep	6.0350	11.3333	512	256
007107.png	keep	7.3822	13.6667	512	256
007108.png	keep	4.2204	10.0000	512	256
007109.png	keep	1.8400	4.3333	512	256
007110.png	keep	2.6135	5.0000	512	256
007111.png	keep	2.3815	5.0000	512	256
007112.png	reject	27.8502	55.0000	512	256
007113.png	keep	2.6781	6.3333	512	256
007114.png	keep	2.8228	6.3333	512	256
007115.png	keep	5.8813	12.3333	512	256
007116.png	keep	3.7584	7.6667	512	256
007117.png	reject	7.1850	26.0000	512	256
007118.png	keep	1.6962	5.0000	512	256
007119.png	keep	6.3904	12.6667	512	256
007120.png	keep	7.7496	17.0000	512	256
007122.png	keep	7.5962	15.0000	512	256
007123.png	keep	7.6143	15.0000	512	256
007124.png	keep	6.7889	18.0000	512	256
007125.png	keep	3.5673	10.6667	512	256
007126.png	keep	2.5453	6.3333	512	256
007127.png	keep	9.1883	17.3333	512	256
007128.png	keep	4.0227	12.6667	512	256
007129.png	keep	6.6929	21.3333	512	256
007130.png	keep	2.4700	8.0000	512	256
007131.png	keep	8.3503	16.0000	512	256
007132.png	keep	4.0420	10.0000	512	256
007133.png	keep	6.7107	12.3333	512	256
007134.png	keep	2.2190	6.3333	512	256
007135.png	keep	4.3901	8.6667	512	256
007136.png	keep	9.9376	18.0000	512	256
007138.png	keep	8.1918	21.0000	512	256
007139.png	reject	16.0882	46.0000	512	256
007140.png	keep	2.8600	6.3333	512	256
007141.png	keep	5.0662	17.3333	512	256
007142.png	reject	14.8427	82.0000	512	256
007143.png	keep	3.4580	7.3333	512	256
007144.png	keep	2.7991	7.3333	512	256
007145.png	reject	8.5302	24.6667	512	256
007146.png	keep	4.1433	9.6667	512	256
007147.png	reject	14.1513	29.0000	512	256
007148.png	keep	3.9028	8.6667	512	256
007149.png	reject	14.9749	24.3333	512	256
007150.png	keep	2.6124	6.3333	512	256
007151.png	keep	4.2124	9.3333	512	256
007152.png	keep	9.6081	20.3333	512	256
007154.png	reject	20.3607	40.0000	512	256
007155.png	keep	5.8215	15.3333	512	256
007156.png	keep	3.2926	9.0000	512	256
007157.png	keep	3.0412	7.0000	512	256
007158.png	keep	4.7547	14.6667	512	256
007159.png	keep	6.7346	12.3333	512	256
007160.png	keep	5.0996	13.6667	512	256
007161.png	keep	2.5640	4.3333	512	256
007162.png	keep	3.2256	7.6667	512	256
007163.png	reject	12.7402	26.3333	512	256
007164.png	keep	6.5928	16.3333	512	256
007165.png	keep	7.6399	13.6667	512	256
007166.png	keep	3.2087	5.6667	512	256
007167.png	reject	23.5923	59.3333	512	256
007168.png	keep	8.0318	14.0000	512	256
007170.png	reject	11.0912	24.6667	512	256
007171.png	keep	8.4243	22.0000	512	256
007172.png	keep	1.9809	4.3333	512	256
007173.png	keep	3.8909	9.6667	512	256
007174.png	reject	8.6192	41.6667	512	256
007175.png	keep	4.7905	11.0000	512	256
007176.png	keep	2.3435	5.0000	512	256
007177.png	keep	4.5274	14.0000	512	256
007179.png	keep	7.9802	18.0000	512	256
007180.png	keep	3.8871	12.3333	512	256
007181.png	keep	6.3111	18.6667	512	256
007182.png	keep	4.8094	9.3333	512	256
007183.png	keep	4.2201	12.3333	512	256
007184.png	keep	5.0949	9.0000	512	256
007186.png	keep	7.6616	13.0000	512	256
007187.png	reject	7.4441	24.3333	512	256
007188.png	keep	1.9311	3.6667	512	256
007189.png	keep	2.6052	5.6667	512	256
007190.png	keep	4.4723	9.6667	512	256
007191.png	keep	3.7804	7.6667	512	256
007192.png	keep	4.6773	11.3333	512	256
007193.png	keep	5.0244	11.6667	512	256
007195.png	reject	14.0734	36.3333	512	256
007196.png	keep	2.6212	6.0000	512	256
007197.png	keep	3.4491	7.3333	512	256
007198.png	keep	1.6726	4.0000	512	256
007199.png	keep	6.6863	18.3333	512	256
007200.png	reject	17.0576	25.6667	512	256
007202.png	keep	4.2722	12.3333	512	256
007203.png	reject	13.7781	25.6667	512	256
007204.png	keep	4.6740	9.0000	512	256
007205.png	reject	14.2860	28.0000	512	256
007206.png	keep	4.3053	12.0000	512	256
007207.png	keep	4.6526	8.6667	512	256
007208.png	reject	12.9627	27.3333	512	256
007209.png	keep	2.1938	5.0000	512	256
007211.png	reject	25.9015	56.3333	512	256
007212.png	keep	2.2334	5.0000	512	256
007213.png	keep	9.4296	14.6667	512	256
007214.png	keep	2.9744	8.0000	512	256
007215.png	reject	12.4819	20.6667	512	256
007216.png	keep	2.9877	6.0000	512	256
007218.png	keep	5.0217	13.3333	512	256
007219.png	reject	9.0924	35.0000	512	256
007220.png	reject	19.4056	41.3333	512	256
007221.png	keep	2.5715	6.6667	512	256
007222.png	reject	13.4347	22.3333	512	256
007223.png	keep	6.3370	12.3333	512	256
007224.png	keep	2.6384	6.3333	512	256
007225.png	keep	4.3646	11.0000	512	256
007227.png	reject	10.1353	20.3333	512	256
007228.png	keep	1.6628	3.0000	512	256
007229.png	reject	22.1158	42.0000	512	256
007230.png	keep	2.0855	5.0000	512	256
007231.png	reject	16.9150	30.6667	512	256
007232.png	keep	4.1552	10.0000	512	256
007234.png	reject	21.7265	35.3333	512	256
007235.png	reject	19.7777	45.6667	512	256
007236.png	keep	1.9044	4.6667	512	256
007237.png	keep	3.3868	7.6667	512	256
007238.png	reject	8.1885	27.6667	512	256
007239.png	keep	3.7428	9.0000	512	256
007240.png	keep	1.7217	3.6667	512	256
007241.png	keep	3.8236	8.0000	512	256
007243.png	reject	6.7270	32.0000	512	256
007244.png	keep	2.0704	4.0000	512	256
007245.png	reject	23.9696	61.0000	512	256
007246.png	keep	1.7127	4.6667	512	256
007247.png	reject	13.4415	61.3333	512	256
007248.png	reject	10.4019	30.0000	512	256
007250.png	reject	19.8494	33.3333	512	256
007251.png	keep	7.1411	17.6667	512	256
007252.png	keep	1.3591	3.3333	512	256
007253.png	keep	4.1438	10.6667	512	256
007254.png	reject	9.9128	24.0000	512	256
007255.png	keep	3.3040	7.0000	512	256
007256.png	keep	3.4136	9.6667	512	256
007257.png	keep	1.7911	4.0000	512	256
007259.png	reject	10.7935	32.0000	512	256
007260.png	keep	2.1774	5.0000	512	256
007261.png	keep	4.1926	11.0000	512	256
007262.png	keep	2.5355	6.0000	512	256
007263.png	reject	10.8486	17.3333	512	256
007264.png	keep	2.1876	5.0000	512	256
007266.png	keep	4.0369	11.3333	512	256
007267.png	keep	5.5976	16.3333	512	256
007268.png	keep	1.0764	2.3333	512	256
007269.png	reject	8.4603	26.3333	512	256
007270.png	keep	3.6827	8.0000	512	256
007271.png	keep	3.3839	8.3333	512	256
007272.png	keep	3.6898	7.6667	512	256
007273.png	keep	2.8244	6.3333	512	256
007275.png	reject	13.1008	27.0000	512	256
007276.png	keep	1.9042	4.3333	512	256
007277.png	keep	3.2984	7.6667	512	256
007278.png	keep	2.2062	5.6667	512	256
007279.png	reject	25.2815	37.6667	512	256
007280.png	keep	1.8279	4.3333	512	256
007282.png	reject	9.9985	25.0000	512	256
007283.png	reject	11.3140	41.3333	512	256
007284.png	keep	2.0432	4.0000	512	256
007285.png	reject	10.1289	22.6667	512	256
007286.png	reject	26.5415	42.0000	512	256
007287.png	keep	3.3685	11.3333	512	256
007288.png	keep	8.5592	18.3333	512	256
007289.png	keep	6.3621	14.0000	512	256
007291.png	keep	3.0568	5.6667	512	256
007292.png	keep	1.1846	2.6667	512	256
007293.png	keep	4.4908	9.6667	512	256
007294.png	keep	3.6490	18.3333	512	256
007295.png	reject	19.9234	38.0000	512	256
007296.png	keep	4.0061	9.6667	512	256
007298.png	keep	5.5062	14.3333	512	256
007299.png	reject	15.4431	30.0000	512	256
007300.png	keep	1.7132	3.6667	512	256
007301.png	reject	7.9721	26.3333	512	256
007302.png	reject	17.5978	33.0000	512	256
007303.png	keep	5.2754	10.6667	512	256
007304.png	keep	2.4146	8.3333	512	256
007305.png	keep	3.4503	7.3333	512	256
007307.png	reject	13.9992	31.3333	512	256
007308.png	keep	2.0002	3.6667	512	256
007309.png	keep	6.3680	18.0000	512	256
007310.png	keep	3.4408	7.0000	512	256
007311.png	keep	6.2452	12.6667	512	256
007312.png	reject	8.9486	31.6667	512	256
007314.png	reject	11.4909	24.3333	512	256
007315.png	keep	6.4674	15.0000	512	256
007316.png	keep	1.6563	4.3333	512	256
007317.png	keep	4.8181	13.3333	512	256
007318.png	keep	3.5489	8.3333	512	256
007319.png	keep	2.4611	6.0000	512	256
007320.png	keep	2.5591	7.0000	512	256
007321.png	keep	3.3017	6.3333	512	256
007323.png	keep	7.8771	12.6667	512	256
007324.png	keep	2.6327	6.0000	512	256
007325.png	keep	2.7196	5.6667	512	256
007326.png	keep	2.3906	6.0000	512	256
007327.png	keep	6.2729	14.6667	512	256
007328.png	keep	2.1134	5.3333	512	256
007330.png	keep	5.8554	14.0000	512	256
007331.png	keep	6.8966	19.6667	512	256
007332.png	keep	2.0878	4.6667	512	256
007333.png	reject	13.8659	63.0000	512	256
007334.png	keep	7.1901	17.6667	512	256
007335.png	keep	3.2136	7.0000	512	256
007336.png	keep	3.0412	10.3333	512	256
007337.png	keep	2.1565	4.6667	512	256
007339.png	keep	2.9035	7.0000	512	256
007340.png	keep	1.5577	3.6667	512	256
007341.png	keep	3.9352	10.3333	512	256
007342.png	keep	1.9380	4.0000	512	256
007343.png	keep	6.3466	21.0000	512	256
007344.png	keep	1.8256	3.6667	512	256
007346.png	keep	5.7257	16.6667	512	256
007347.png	keep	6.6543	18.0000	512	256
007348.png	keep	1.1480	2.3333	512	256
007349.png	reject	21.9599	43.0000	512	256
007350.png	keep	6.0533	12.6667	512	256
007351.png	keep	3.4956	8.3333	512	256
007352.png	keep	6.8154	19.3333	512	256
007353.png	reject	11.8539	32.0000	512	256
007355.png	keep	3.8132	8.3333	512	256
007356.png	keep	3.2897	9.0000	512	256
007357.png	keep	5.8416	9.6667	512	256
007358.png	keep	1.9340	3.3333	512	256
007359.png	keep	5.0347	14.0000	512	256
007360.png	keep	6.8075	13.3333	512	256
007362.png	reject	10.3315	36.3333	512	256
007363.png	reject	12.0053	40.6667	512	256
007364.png	keep	2.4832	6.6667	512	256
007365.png	keep	4.4678	13.0000	512	256
007366.png	keep	3.7666	9.0000	512	256
007367.png	keep	3.0195	7.3333	512	256
007368.png	keep	3.8154	13.6667	512	256
007369.png	keep	3.3167	7.3333	512	256
007371.png	keep	5.2763	20.0000	512	256
007372.png	keep	3.2949	6.3333	512	256
007373.png	reject	10.0864	23.6667	512	256
007374.png	keep	1.3316	3.0000	512	256
007375.png	reject	11.5514	25.6667	512	256
007376.png	keep	3.7288	7.6667	512	256
007378.png	reject	17.8510	33.0000	512	256
007379.png	reject	8.6946	30.0000	512	256
007380.png	keep	1.8285	4.6667	512	256
007381.png	keep	6.3470	13.0000	512	256
007382.png	keep	3.1009	7.0000	512	256
007383.png	keep	4.0118	9.6667	512	256
007384.png	keep	2.2412	5.0000	512	256
007385.png	keep	2.9653	5.3333	512	256
007387.png	reject	13.5897	23.3333	512	256
007388.png	keep	4.6254	7.6667	512	256
007389.png	reject	15.8743	26.3333	512	256
007390.png	keep	3.5074	6.6667	512	256
007391.png	reject	10.6205	27.0000	512	256
007392.png	keep	5.7183	12.6667	512	256
007394.png	keep	4.6570	15.0000	512	256
007395.png	keep	4.9992	12.6667	512	256
007396.png	keep	2.0829	7.3333	512	256
007397.png	keep	5.7146	15.0000	512	256
007398.png	keep	5.6601	11.0000	512	256
007399.png	keep	3.9186	9.6667	512	256
007400.png	keep	2.7022	5.6667	512	256
007401.png	keep	2.3820	6.0000	512	256
007403.png	keep	3.6881	7.3333	512	256
007404.png	keep	2.6162	6.6667	512	256
007405.png	keep	6.6876	15.6667	512	256
007406.png	keep	2.1084	5.0000	512	256
007407.png	reject	7.4694	24.0000	512	256
007408.png	reject	16.0881	78.6667	512	256
007410.png	keep	8.8447	16.6667	512	256
007411.png	keep	9.1486	14.6667	512	256
007412.png	keep	2.2782	5.3333	512	256
007413.png	keep	2.7343	6.0000	512	256
007414.png	keep	2.1188	5.0000	512	256
007415.png	keep	4.2614	12.0000	512	256
007416.png	keep	4.3151	9.6667	512	256
007417.png	keep	3.2008	10.0000	512	256
007419.png	reject	9.7799	43.3333	512	256
007420.png	keep	2.4598	8.3333	512	256
007421.png	keep	1.9250	4.0000	512	256
007422.png	keep	3.5437	8.0000	512	256
007423.png	reject	13.6434	22.3333	512	256
007424.png	reject	32.0651	69.3333	512	256
007426.png	keep	7.4703	17.3333	512	256
007427.png	keep	5.8329	17.0000	512	256
007428.png	keep	3.1341	6.0000	512	256
007429.png	keep	6.9908	13.0000	512	256
007430.png	keep	2.0936	4.6667	512	256
007431.png	keep	2.6219	5.3333	512	256
007432.png	keep	2.1722	6.3333	512	256
007433.png	keep	3.5070	16.3333	512	256
007435.png	keep	2.3149	4.6667	512	256
007436.png	keep	3.2232	6.0000	512	256
007437.png	keep	2.6470	6.6667	512	256
007438.png	keep	3.0911	6.3333	512	256
007439.png	reject	9.5529	23.0000	512	256
007440.png	reject	7.0702	34.0000	512	256
007442.png	reject	12.3033	31.3333	512	256
007443.png	keep	8.5839	19.6667	512	256
007444.png	keep	2.3539	5.6667	512	256
007445.png	keep	4.6670	9.3333	512	256
007446.png	keep	2.8801	5.3333	512	256
007447.png	keep	6.1692	15.6667	512	256
007448.png	keep	3.5303	7.3333	512	256
007449.png	keep	1.9665	4.0000	512	256
007451.png	keep	7.4098	20.0000	512	256
007452.png	keep	5.5276	12.3333	512	256
007453.png	keep	3.7618	14.6667	512	256
007454.png	keep	5.5632	10.6667	512	256
007455.png	keep	8.9107	15.6667	512	256
007456.png	reject	12.8343	25.3333	512	256
007458.png	reject	8.1061	34.3333	512	256
007459.png	keep	6.6842	18.0000	512	256
007460.png	reject	10.0788	21.6667	512	256
007461.png	reject	15.2289	29.0000	512	256
007462.png	keep	3.2557	7.6667	512	256
007463.png	keep	3.8381	9.6667	512	256
007464.png	keep	4.0725	10.3333	512	256
007465.png	keep	2.4488	6.0000	512	256
007467.png	keep	3.2330	7.3333	512	256
007468.png	keep	4.3466	9.6667	512	256
007469.png	keep	2.3226	4.0000	512	256
007470.png	keep	2.1699	4.6667	512	256
007471.png	keep	3.8858	7.6667	512	256
007472.png	reject	10.0260	42.3333	512	256
007474.png	reject	11.5534	26.3333	512	256
007475.png	keep	4.2546	11.3333	512	256
007476.png	keep	2.1350	4.0000	512	256
007477.png	keep	3.7794	10.3333	512	256
007478.png	keep	3.5978	10.6667	512	256
007479.png	keep	4.9603	13.3333	512	256
007480.png	keep	2.6587	6.0000	512	256
007481.png	keep	3.3777	6.6667	512	256
007483.png	keep	4.6411	10.6667	512	256
007484.png	keep	2.2112	5.3333	512	256
007485.png	keep	2.2244	5.3333	512	256
007486.png	keep	3.1233	8.0000	512	256
007487.png	reject	12.9194	60.6667	512	256
007488.png	keep	2.7908	5.3333	512	256
007490.png	keep	6.0212	13.3333	512	256
007491.png	keep	3.4484	9.0000	512	256
007492.png	keep	4.6535	10.6667	512	256
007493.png	keep	2.3758	4.6667	512	256
007494.png	keep	7.5090	20.0000	512	256
007495.png	keep	5.8018	15.3333	512	256
007496.png	keep	4.5410	8.3333	512	256
007497.png	keep	2.3980	5.3333	512	256
007499.png	keep	5.9118	14.0000	512	256
007500.png	keep	3.6984	8.0000	512	256
007501.png	keep	2.6804	6.0000	512	256
007502.png	keep	2.0558	4.3333	512	256
007503.png	reject	13.2959	31.6667	512	256
007504.png	reject	8.8495	48.0000	512	256
007506.png	keep	4.9755	14.3333	512	256
007507.png	keep	3.8090	11.0000	512	256
007508.png	reject	11.6918	27.0000	512	256
007509.png	keep	2.5259	4.6667	512	256
007510.png	keep	8.5120	17.0000	512	256
007511.png	keep	3.2890	8.3333	512	256
007512.png	keep	2.2421	7.0000	512	256
007513.png	keep	5.3754	9.3333	512	256
007515.png	keep	5.7740	21.6667	512	256
007516.png	keep	5.3806	12.0000	512	256
007517.png	keep	5.3542	8.6667	512	256
007518.png	keep	2.4349	5.3333	512	256
007519.png	keep	5.1413	14.3333	512	256
007520.png	reject	9.4463	45.0000	512	256
007522.png	keep	4.4811	11.0000	512	256
007523.png	keep	7.0042	19.0000	512	256
007524.png	reject	21.5583	35.3333	512	256
007525.png	keep	2.9538	5.6667	512	256
007526.png	keep	2.3390	5.3333	512	256
007527.png	keep	3.2226	8.6667	512	256
007528.png	keep	5.3510	12.0000	512	256
007529.png	keep	2.8412	6.0000	512	256
007531.png	keep	4.2808	9.6667	512	256
007532.png	keep	2.2746	5.3333	512	256
007533.png	keep	4.4331	8.6667	512	256
007534.png	keep	3.3373	6.6667	512	256
007535.png	reject	12.2689	43.6667	512	256
007536.png	keep	2.3029	4.6667	512	256
007538.png	reject	28.6961	121.6667	512	256
007539.png	keep	5.3113	12.6667	512	256
007540.png	keep	3.8032	8.3333	512	256
007541.png	keep	2.6831	5.3333	512	256
007542.png	keep	2.5307	6.3333	512	256
007543.png	keep	6.6707	21.3333	512	256
007544.png	keep	3.0304	7.0000	512	256
007545.png	keep	2.0749	5.0000	512	256
007547.png	keep	7.0723	19.0000	512	256
007548.png	keep	2.3713	5.6667	512	256
007549.png	keep	3.9340	8.0000	512	256
007550.png	keep	4.4524	9.3333	512	256
007551.png	reject	11.4703	29.6667	512	256
007552.png	keep	1.5677	3.3333	512	256
007554.png	reject	12.6185	20.6667	512	256
007555.png	keep	6.9500	12.3333	512	256
007556.png	keep	2.1049	5.3333	512	256
007557.png	keep	3.0646	6.6667	512	256
007558.png	keep	3.5844	8.6667	512	256
007559.png	keep	3.0792	8.3333	512	256
007560.png	keep	4.0221	8.6667	512	256
007561.png	keep	1.6984	3.3333	512	256
007563.png	keep	6.2551	12.3333	512	256
007564.png	keep	2.8543	7.6667	512	256
007565.png	reject	14.6948	25.3333	512	256
007566.png	keep	2.4950	5.3333	512	256
007567.png	reject	14.3071	27.6667	512	256
007568.png	keep	2.7347	4.6667	512	256
007570.png	keep	7.7094	21.6667	512	256
007571.png	keep	5.5319	14.6667	512	256
007572.png	keep	6.8981	11.6667	512	256
007573.png	keep	2.7030	7.6667	512	256
007574.png	keep	2.3893	5.3333	512	256
007575.png	reject	25.5833	46.6667	512	256
007576.png	reject	10.7812	41.6667	512	256
007577.png	keep	2.3127	5.6667	512	256
007579.png	reject	10.9141	28.0000	512	256
007580.png	keep	4.6527	13.0000	512	256
007581.png	keep	5.4433	11.0000	512	256
007582.png	keep	3.4189	6.3333	512	256
007583.png	keep	4.0002	7.0000	512	256
007584.png	reject	12.4820	71.0000	512	256
007586.png	keep	6.9652	16.3333	512	256
007587.png	keep	3.4293	8.3333	512	256
007588.png	keep	4.1353	11.0000	512	256
007589.png	keep	5.7039	11.6667	512	256
007590.png	keep	2.7539	6.6667	512	256
007591.png	reject	12.4263	37.3333	512	256
007592.png	keep	2.9798	5.6667	512	256
007593.png	keep	2.4383	5.0000	512	256
007595.png	keep	2.5895	5.3333	512	256
007596.png	keep	6.0060	11.6667	512	256
007597.png	reject	13.0850	40.0000	512	256
007598.png	keep	2.3306	4.6667	512	256
007599.png	keep	7.6058	18.3333	512	256
007600.png	keep	3.4829	8.0000	512	256
007602.png	keep	8.6126	12.3333	512	256
007603.png	reject	14.4370	30.3333	512	256
007604.png	reject	5.4789	29.6667	512	256
007605.png	keep	2.9999	6.3333	512	256
007606.png	keep	1.2201	2.6667	512	256
007607.png	keep	2.4514	6.3333	512	256
007608.png	keep	3.7362	7.3333	512	256
007609.png	keep	3.0475	6.3333	512	256
007611.png	keep	3.9867	7.6667	512	256
007612.png	keep	5.1195	12.3333	512	256
007613.png	reject	38.1978	75.3333	512	256
007614.png	keep	2.4890	5.0000	512	256
007615.png	reject	21.0762	60.6667	512	256
007616.png	reject	11.2061	45.6667	512	256
007618.png	reject	17.5790	37.3333	512	256
007619.png	reject	27.1260	45.3333	512	256
007620.png	keep	6.4270	17.0000	512	256
007621.png	keep	2.0266	4.6667	512	256
007622.png	keep	3.5818	8.0000	512	256
007623.png	reject	7.9646	32.6667	512	256
007624.png	keep	5.6520	11.0000	512	256
007625.png	keep	2.9403	6.0000	512	256
007627.png	keep	2.3188	5.0000	512	256
007628.png	keep	3.6806	7.0000	512	256
007629.png	keep	7.0053	14.0000	512	256
007630.png	keep	2.8272	8.0000	512	256
007631.png	keep	6.2239	15.0000	512	256
007632.png	reject	19.5847	52.6667	512	256
007634.png	keep	5.5270	14.6667	512	256
007635.png	keep	2.3139	6.0000	512	256
007636.png	keep	3.1370	6.6667	512	256
007637.png	keep	3.7730	7.0000	512	256
007638.png	keep	2.8655	5.3333	512	256
007639.png	keep	2.7029	8.0000	512	256
007640.png	keep	3.3090	9.0000	512	256
007641.png	keep	2.6242	5.6667	512	256
007643.png	keep	1.4366	3.3333	512	256
007644.png	keep	2.8019	6.3333	512	256
007645.png	reject	32.8079	55.3333	512	256
007646.png	keep	3.4734	8.3333	512	256
007647.png	reject	12.9946	48.6667	512	256
007648.png	reject	14.0459	60.0000	512	256
007650.png	reject	10.5284	20.3333	512	256
007651.png	keep	3.2156	8.0000	512	256
007652.png	keep	5.2218	7.6667	512	256
007653.png	keep	3.2109	6.0000	512	256
007654.png	keep	2.1749	5.0000	512	256
007655.png	keep	4.0283	8.3333	512	256
007656.png	keep	3.8146	9.6667	512	256
007657.png	keep	2.0303	4.0000	512	256
007659.png	keep	1.7139	3.6667	512	256
007660.png	keep	3.8916	7.6667	512	256
007661.png	keep	4.5177	10.6667	512	256
007662.png	keep	3.9333	11.3333	512	256
007663.png	reject	13.9159	27.3333	512	256
007664.png	reject	13.4039	61.3333	512	256
007666.png	keep	2.5862	5.6667	512	256
007667.png	keep	2.2319	4.3333	512	256
007668.png	keep	5.0032	11.3333	512	256
007669.png	keep	6.3364	12.3333	512	256
007670.png	keep	1.6403	3.6667	512	256
007671.png	keep	5.4833	13.6667	512	256
007672.png	keep	3.2352	5.6667	512	256
007673.png	keep	5.8286	11.6667	512	256
007675.png	keep	2.0573	4.0000	512	256
007676.png	keep	2.2685	5.6667	512	256
007677.png	reject	8.5908	22.3333	512	256
007678.png	keep	3.5373	9.6667	512	256
007679.png	keep	4.0305	8.6667	512	256
007680.png	keep	2.7887	6.6667	512	256
007682.png	keep	4.1223	12.0000	512	256
007683.png	keep	2.4447	5.3333	512	256
007684.png	keep	3.2664	7.3333	512	256
007685.png	keep	6.8231	17.6667	512	256
007686.png	keep	3.1475	7.6667	512	256
007687.png	keep	3.6112	6.6667	512	256
007688.png	keep	1.9891	4.0000	512	256
007689.png	keep	1.7270	4.3333	512	256
007691.png	keep	1.5188	3.6667	512	256
007692.png	keep	2.7729	6.0000	512	256
007693.png	keep	5.2578	10.3333	512	256
007694.png	keep	3.9024	8.3333	512	256
007695.png	keep	1.9068	5.0000	512	256
007696.png	keep	3.2804	5.6667	512	256
007698.png	keep	7.0018	16.0000	512	256
007699.png	keep	2.2640	6.3333	512	256
007700.png	keep	7.3806	11.6667	512	256
007701.png	keep	3.2768	7.3333	512	256
007702.png	keep	2.3655	4.6667	512	256
007703.png	keep	2.1511	6.0000	512	256
007704.png	keep	5.9686	12.6667	512	256
007705.png	keep	2.9048	5.6667	512	256
007707.png	keep	2.1349	5.3333	512	256
007708.png	keep	3.9417	9.0000	512	256
007709.png	keep	2.4606	5.6667	512	256
007711.png	keep	3.0644	6.6667	512	256
007712.png	keep	1.6245	4.0000	512	256
007714.png	keep	4.3276	9.6667	512	256
007715.png	keep	2.5500	6.6667	512	256
007716.png	reject	7.2813	27.6667	512	256
007717.png	keep	2.7155	5.6667	512	256
007718.png	keep	2.7195	7.3333	512	256
007719.png	keep	4.0488	7.6667	512	256
007720.png	keep	4.4779	11.6667	512	256
007721.png	keep	3.0760	6.0000	512	256
007723.png	keep	2.6715	7.3333	512	256
007724.png	keep	2.6401	7.0000	512	256
007725.png	keep	5.2082	14.0000	512	256
007727.png	reject	19.0427	52.3333	512	256
007728.png	keep	2.0338	3.3333	512	256
007730.png	reject	13.5906	28.3333	512	256
007731.png	keep	2.9743	7.0000	512	256
007732.png	keep	2.6945	6.0000	512	256
007733.png	keep	5.1727	12.3333	512	256
007734.png	keep	2.6071	7.0000	512	256
007735.png	keep	1.9367	4.3333	512	256
007736.png	keep	3.2325	6.6667	512	256
007737.png	keep	1.8642	4.0000	512	256
007739.png	keep	1.6665	4.3333	512	256
007740.png	keep	8.1812	21.3333	512	256
007741.png	keep	2.2442	4.0000	512	256
007743.png	reject	10.9848	21.6667	512	256
007744.png	reject	9.3054	27.3333	512	256
007746.png	keep	6.1559	12.3333	512	256
007747.png	keep	2.0438	5.0000	512	256
007748.png	keep	3.3537	7.3333	512	256
007749.png	keep	3.9366	12.0000	512	256
007750.png	keep	2.0488	4.6667	512	256
007751.png	keep	2.4348	6.0000	512	256
007752.png	keep	2.9038	7.3333	512	256
007753.png	keep	2.5413	6.0000	512	256
007755.png	keep	2.5784	5.3333	512	256
007756.png	keep	7.7777	13.0000	512	256
007757.png	reject	10.8557	31.3333	512	256
007759.png	keep	5.3598	11.3333	512	256
007760.png	reject	32.9843	91.6667	512	256
007762.png	keep	5.2807	14.0000	512	256
007763.png	keep	3.1301	6.3333	512	256
007764.png	keep	3.9188	7.6667	512	256
007765.png	keep	3.1981	6.3333	512	256
007766.png	keep	2.9371	6.3333	512	256
007767.png	keep	3.7123	7.6667	512	256
007768.png	keep	2.1771	5.0000	512	256
007769.png	keep	3.7735	10.0000	512	256
007771.png	keep	4.7595	16.6667	512	256
007772.png	keep	2.6172	6.6667	512	256
007773.png	reject	5.9029	27.7500	512	256
007775.png	keep	3.1741	7.3333	512	256
007776.png	keep	6.9492	13.6667	512	256
007778.png	reject	13.0939	53.6667	512	256
007779.png	keep	3.0980	6.0000	512	256
007780.png	keep	9.6462	16.0000	512	256
007781.png	keep	1.7113	4.3333	512	256
007782.png	keep	1.8607	4.0000	512	256
007783.png	keep	2.8903	4.3333	512	256
007784.png	keep	2.8201	6.3333	512	256
007785.png	keep	1.8864	4.3333	512	256
007787.png	keep	1.6302	4.0000	512	256
007788.png	keep	5.6006	17.3333	512	256
007789.png	keep	6.9062	14.0000	512	256
007791.png	reject	20.3305	29.0000	512	256
007792.png	keep	2.5366	5.3333	512	256
007794.png	reject	22.0617	42.0000	512	256
007795.png	keep	3.0912	6.0000	512	256
007796.png	reject	8.9908	23.6667	512	256
007797.png	keep	2.9211	8.3333	512	256
007798.png	keep	3.0812	6.3333	512	256
007799.png	keep	1.9389	4.3333	512	256
007800.png	keep	3.7158	14.6667	512	256
007801.png	keep	1.9853	4.3333	512	256
007803.png	keep	1.9915	5.0000	512	256
007804.png	keep	8.1518	19.6667	512	256
007805.png	reject	10.8198	18.3333	512	256
007807.png	keep	7.4662	14.3333	512	256
007808.png	keep	2.7316	6.3333	512	256
007810.png	reject	6.7507	22.3333	512	256
007811.png	reject	13.0826	33.6667	512	256
007812.png	keep	3.9219	11.0000	512	256
007813.png	keep	4.8624	12.0000	512	256
007814.png	keep	2.2595	4.3333	512	256
007815.png	keep	2.6972	6.3333	512	256
007816.png	keep	3.0484	7.6667	512	256
007817.png	keep	5.1345	10.6667	512	256
007819.png	keep	6.3603	10.0000	512	256
007820.png	reject	19.5223	51.6667	512	256
007821.png	reject	10.0627	33.0000	512	256
007823.png	keep	4.1379	8.3333	512	256
007824.png	keep	2.4645	5.0000	512	256
007826.png	reject	25.3319	50.3333	512	256
007827.png	keep	3.8752	7.0000	512	256
007828.png	keep	7.0834	12.6667	512	256
007829.png	keep	1.5418	3.3333	512	256
007830.png	keep	3.9102	9.0000	512	256
007831.png	keep	1.5894	3.0000	512	256
007832.png	keep	3.4452	7.3333	512	256
007833.png	keep	2.7683	5.6667	512	256
007835.png	keep	4.9751	8.3333	512	256
007836.png	reject	12.4162	40.0000	512	256
007837.png	reject	13.6018	50.6667	512	256
007839.png	reject	21.8513	29.6667	512	256
007840.png	keep	2.4257	6.3333	512	256
007842.png	keep	6.6609	20.3333	512	256
007843.png	keep	4.4769	7.6667	512	256
007844.png	reject	20.2207	53.0000	512	256
007845.png	keep	1.7435	4.0000	512	256
007846.png	keep	2.7112	5.3333	512	256
007847.png	reject	24.6002	43.3333	512	256
007848.png	keep	3.8491	8.0000	512	256
007849.png	keep	4.7254	13.0000	512	256
007851.png	keep	1.8726	4.6667	512	256
007852.png	keep	4.8281	11.6667	512	256
007853.png	keep	4.0796	11.6667	512	256
007855.png	keep	5.4515	10.3333	512	256
007856.png	keep	2.7662	7.0000	512	256
007858.png	reject	14.7960	25.0000	512	256
007859.png	keep	3.3885	9.0000	512	256
007860.png	reject	14.0560	47.6667	512	256
007861.png	keep	2.6988	6.3333	512	256
007862.png	keep	1.8393	4.3333	512	256
007863.png	keep	2.0421	6.0000	512	256
007864.png	keep	3.1475	6.3333	512	256
007865.png	keep	3.9268	9.3333	512	256
007867.png	keep	4.1443	9.6667	512	256
007868.png	keep	3.0022	6.3333	512	256
007869.png	keep	5.7542	15.3333	512	256
007871.png	keep	9.6935	19.6667	512	256
007872.png	keep	1.6941	4.0000	512	256
007874.png	reject	12.5710	26.6667	512	256
007875.png	keep	1.9625	4.0000	512	256
007876.png	keep	7.0145	13.0000	512	256
007877.png	keep	1.8656	6.0000	512	256
007878.png	keep	2.7734	6.0000	512	256
007879.png	keep	3.8675	9.3333	512	256
007880.png	keep	4.5948	10.0000	512	256
007881.png	keep	2.9247	6.0000	512	256
007883.png	keep	1.5716	3.6667	512	256
007885.png	keep	1.8079	4.0000	512	256
007887.png	keep	6.1907	10.3333	512	256
007888.png	reject	17.2753	64.3333	512	256
007890.png	reject	22.2824	34.6667	512	256
007891.png	keep	1.8450	3.6667	512	256
007892.png	reject	16.4517	42.6667	512	256
007893.png	keep	1.9904	3.6667	512	256
007894.png	keep	2.1609	4.3333	512	256
007895.png	keep	7.0678	15.6667	512	256
007896.png	keep	6.8690	15.6667	512	256
007897.png	keep	3.5532	6.3333	512	256
007899.png	keep	1.6763	4.0000	512	256
007901.png	keep	2.4229	5.6667	512	256
007903.png	keep	4.2021	8.0000	512	256
007904.png	keep	5.3128	13.6667	512	256
007906.png	keep	6.1230	16.6667	512	256
007907.png	keep	1.7671	4.0000	512	256
007908.png	reject	10.4612	35.3333	512	256
007909.png	keep	3.2224	7.0000	512	256
007910.png	keep	2.1867	5.0000	512	256
007911.png	keep	3.1548	7.0000	512	256
007912.png	keep	6.4061	12.3333	512	256
007913.png	keep	3.1778	6.3333	512	256
007915.png	keep	4.1848	9.0000	512	256
007917.png	keep	1.8656	3.6667	512	256
007919.png	reject	9.5015	23.0000	512	256
007920.png	keep	1.8452	4.0000	512	256
007922.png	reject	13.5142	48.0000	512	256
007923.png	keep	1.5123	3.6667	512	256
007924.png	keep	5.1769	14.6667	512	256
007925.png	keep	3.6838	8.0000	512	256
007926.png	reject	14.8359	44.6667	512	256
007927.png	keep	2.5982	7.0000	512	256
007928.png	keep	2.2455	4.6667	512	256
007929.png	keep	2.9629	6.3333	512	256
007931.png	keep	8.4503	18.6667	512	256
007933.png	keep	2.4528	6.3333	512	256
007935.png	reject	17.4392	27.6667	512	256
007936.png	keep	3.6097	8.0000	512	256
007938.png	keep	3.8197	7.6667	512	256
007939.png	keep	1.5643	4.0000	512	256
007940.png	reject	16.9179	39.3333	512	256
007941.png	keep	2.4455	6.0000	512	256
007942.png	keep	3.0106	9.0000	512	256
007943.png	keep	7.5699	17.0000	512	256
007944.png	keep	9.6590	20.0000	512	256
007945.png	keep	5.7939	11.0000	512	256
007947.png	keep	3.6721	9.0000	512	256
007949.png	keep	1.9693	4.3333	512	256
007951.png	keep	4.9756	13.0000	512	256
007952.png	keep	3.5318	7.6667	512	256
007954.png	keep	7.1063	15.3333	512	256
007955.png	keep	2.6629	5.6667	512	256
007956.png	keep	4.4947	13.3333	512	256
007957.png	keep	2.6262	5.6667	512	256
007958.png	keep	4.9401	8.0000	512	256
007959.png	keep	2.8245	7.3333	512	256
007960.png	reject	6.9468	36.6667	512	256
007961.png	keep	2.6647	5.0000	512	256
007963.png	keep	6.7041	13.3333	512	256
007965.png	keep	1.3130	3.0000	512	256
007967.png	reject	11.6399	43.3333	512	256
007968.png	keep	3.1287	8.3333	512	256
007970.png	keep	4.2078	10.3333	512	256
007971.png	keep	3.5834	7.6667	512	256
007972.png	keep	6.2480	12.0000	512	256
007973.png	keep	3.2696	9.3333	512	256
007974.png	keep	1.5116	3.6667	512	256
007975.png	keep	3.7796	11.3333	512	256
007976.png	keep	2.9871	5.3333	512	256
007977.png	keep	2.3028	4.0000	512	256
007979.png	keep	3.1587	7.0000	512	256
007981.png	keep	1.8108	3.3333	512	256
007983.png	reject	11.3474	19.0000	512	256
007984.png	reject	15.5785	42.0000	512	256
007986.png	keep	2.2217	5.6667	512	256
007987.png	keep	2.8935	7.3333	512	256
007988.png	keep	3.3676	8.6667	512	256
007989.png	keep	3.7007	9.3333	512	256
007990.png	keep	2.6973	7.0000	512	256
007991.png	keep	3.5889	9.0000	512	256
007992.png	reject	13.3538	21.0000	512	256
007993.png	keep	2.8602	7.0000	512	256
007995.png	keep	2.2088	4.6667	512	256
007997.png	keep	1.5734	4.0000	512	256
007999.png	keep	4.2005	10.3333	512	256
008000.png	keep	5.5954	12.0000	512	256
008002.png	keep	3.7220	7.6667	512	256
008003.png	reject	13.4843	33.0000	512	256
008004.png	reject	20.1125	56.6667	512	256
008005.png	reject	8.8455	30.0000	512	256
008006.png	keep	1.9715	4.6667	512	256
008007.png	keep	4.4874	10.3333	512	256
008008.png	keep	4.9159	8.6667	512	256
008009.png	keep	4.1758	14.6667	512	256
008011.png	keep	3.3440	8.0000	512	256
008013.png	keep	3.4153	6.6667	512	256
008015.png	keep	6.6333	18.6667	512	256
008016.png	reject	13.9492	50.0000	512	256
008018.png	reject	11.7859	66.3333	512	256
008019.png	keep	2.5809	6.3333	512	256
008020.png	keep	7.2812	20.0000	512	256
008021.png	keep	2.0447	4.3333	512	256
008022.png	keep	2.1069	4.6667	512	256
008023.png	keep	2.0539	4.0000	512	256
008024.png	keep	3.9468	9.3333	512	256
008025.png	keep	3.1157	5.3333	512	256
008027.png	keep	4.3580	8.3333	512	256
008029.png	keep	3.5016	8.6667	512	256
008031.png	keep	3.3458	8.0000	512	256
008032.png	keep	4.2240	9.0000	512	256
008034.png	reject	9.5242	30.0000	512	256
008035.png	keep	2.1566	4.3333	512	256
008036.png	keep	9.0051	16.6667	512	256
008037.png	keep	1.3656	3.0000	512	256
008038.png	keep	1.9237	4.3333	512	256
008039.png	reject	17.9411	34.6667	512	256
008040.png	keep	6.6352	13.6667	512	256
008041.png	keep	1.9357	4.6667	512	256
008043.png	reject	11.1962	25.3333	512	256
008045.png	keep	3.2509	8.0000	512	256
008047.png	keep	7.8344	12.3333	512	256
008048.png	keep	3.2356	6.3333	512	256
008050.png	keep	7.2453	14.3333	512	256
008051.png	keep	2.3420	5.6667	512	256
008052.png	keep	8.6857	16.3333	512	256
008053.png	keep	4.1842	8.6667	512	256
008054.png	keep	2.3996	6.0000	512	256
008055.png	keep	4.3760	13.3333	512	256
008056.png	keep	2.5821	6.6667	512	256
008057.png	keep	3.8321	7.0000	512	256
008061.png	keep	4.4745	7.3333	512	256
008063.png	keep	6.6259	19.0000	512	256
008064.png	keep	5.5670	10.6667	512	256
008066.png	keep	2.3023	6.3333	512	256
008067.png	keep	1.6286	3.3333	512	256
008068.png	keep	6.4038	14.0000	512	256
008069.png	keep	2.4355	6.0000	512	256
008070.png	keep	2.2519	6.0000	512	256
008071.png	reject	10.2153	47.0000	512	256
008072.png	keep	2.2247	5.3333	512	256
008073.png	keep	3.6179	8.6667	512	256
008077.png	keep	2.6215	6.0000	512	256
008079.png	keep	3.0637	9.3333	512	256
008080.png	keep	3.3101	7.3333	512	256
008082.png	reject	12.2620	33.6667	512	256
008083.png	keep	2.4999	5.3333	512	256
008084.png	reject	11.0191	21.6667	512	256
008085.png	keep	4.6435	10.6667	512	256
008086.png	keep	2.1837	5.0000	512	256
008087.png	keep	2.4757	6.0000	512	256
008088.png	keep	3.4969	9.0000	512	256
008089.png	keep	2.7567	6.3333	512	256
008093.png	keep	2.0037	5.6667	512	256
008095.png	keep	6.2895	16.6667	512	256
008096.png	keep	2.0044	4.6667	512	256
008098.png	keep	1.5597	4.3333	512	256
008099.png	keep	1.4419	3.3333	512	256
008100.png	keep	4.4728	11.3333	512	256
008101.png	keep	3.4099	7.3333	512	256
008102.png	keep	6.4155	17.0000	512	256
008103.png	keep	4.6832	10.3333	512	256
008104.png	keep	3.2905	8.0000	512	256
008105.png	keep	1.5670	3.6667	512	256
008109.png	keep	1.7166	5.0000	512	256
008111.png	keep	4.7013	10.3333	512	256
008112.png	reject	9.6411	31.0000	512	256
008114.png	keep	8.3312	15.0000	512	256
008115.png	keep	2.0021	3.6667	512	256
008116.png	reject	17.0093	45.6667	512	256
008117.png	keep	4.5562	18.6667	512	256
008118.png	keep	6.2135	12.6667	512	256
008119.png	reject	6.1869	34.6667	512	256
008120.png	keep	3.2453	9.0000	512	256
008121.png	keep	4.3211	7.3333	512	256
008125.png	keep	2.1960	5.6667	512	256
008127.png	keep	6.2204	13.6667	512	256
008128.png	reject	12.8982	40.6667	512	256
008130.png	reject	12.1272	45.6667	512	256
008131.png	keep	3.5948	10.0000	512	256
008132.png	keep	3.4623	8.3333	512	256
008133.png	reject	8.4852	26.0000	512	256
008134.png	keep	1.9518	5.0000	512	256
008135.png	reject	15.6216	39.0000	512	256
008136.png	keep	4.7692	7.6667	512	256
008137.png	keep	3.2094	7.0000	512	256
008141.png	keep	2.7413	6.6667	512	256
008143.png	keep	2.4004	7.0000	512	256
008144.png	reject	9.8957	43.0000	512	256
008146.png	keep	5.2387	9.3333	512	256
008147.png	keep	4.5475	10.3333	512	256
008148.png	keep	2.5815	5.6667	512	256
008149.png	keep	2.8748	6.0000	512	256
008150.png	keep	2.4428	5.6667	512	256
008151.png	keep	3.1992	8.0000	512	256
008152.png	keep	2.0767	4.6667	512	256
008153.png	keep	2.9246	6.6667	512	256
008157.png	keep	2.3474	6.3333	512	256
008159.png	keep	3.9919	7.6667	512	256
008160.png	keep	8.2954	16.0000	512	256
008162.png	keep	3.9391	8.6667	512	256
008163.png	keep	6.0693	14.6667	512	256
008164.png	keep	5.9998	14.0000	512	256
008165.png	reject	28.6564	68.3333	512	256
008166.png	keep	4.6987	8.3333	512	256
008167.png	keep	3.5612	9.3333	512	256
008168.png	keep	3.5832	8.6667	512	256
008169.png	keep	3.2464	7.0000	512	256
008173.png	keep	1.3653	3.3333	512	256
008175.png	keep	6.4782	10.6667	512	256
008176.png	keep	2.8926	5.6667	512	256
008178.png	keep	3.8144	9.0000	512	256
008179.png	keep	4.0263	10.0000	512	256
008180.png	keep	2.3237	7.0000	512	256
008181.png	keep	2.5776	5.6667	512	256
008182.png	keep	3.1489	6.0000	512	256
008183.png	reject	14.5457	53.6667	512	256
008184.png	keep	5.4872	12.3333	512	256
008185.png	keep	3.5105	6.6667	512	256
008189.png	keep	2.7550	5.6667	512	256
008191.png	keep	3.9636	8.3333	512	256
008192.png	reject	17.6479	57.6667	512	256
008194.png	keep	4.9102	13.0000	512	256
008195.png	keep	9.1765	19.0000	512	256
008196.png	keep	2.4589	5.6667	512	256
008197.png	keep	2.8744	5.3333	512	256
008198.png	keep	3.7862	20.0000	512	256
008199.png	keep	1.6741	4.0000	512	256
008200.png	keep	2.4984	6.6667	512	256
008201.png	keep	2.0174	4.0000	512	256
008205.png	keep	1.3472	3.0000	512	256
008207.png	keep	6.1514	16.3333	512	256
008208.png	reject	10.8400	32.0000	512	256
008210.png	keep	3.4166	8.0000	512	256
008211.png	keep	3.1454	8.0000	512	256
008212.png	keep	1.9412	4.3333	512	256
008213.png	reject	11.3195	28.3333	512	256
008214.png	keep	3.5596	14.6667	512	256
008215.png	keep	1.6379	3.6667	512	256
008216.png	keep	2.7441	6.3333	512	256
008217.png	keep	4.8397	9.3333	512	256
008221.png	keep	1.5713	3.3333	512	256
008223.png	reject	8.4670	50.3333	512	256
008224.png	keep	3.0523	6.6667	512	256
008226.png	keep	4.0527	9.6667	512	256
008227.png	keep	3.1784	8.6667	512	256
008228.png	reject	24.1772	41.3333	512	256
008229.png	keep	3.9115	7.3333	512	256
008230.png	keep	4.7756	8.0000	512	256
008231.png	keep	4.8360	11.3333	512	256
008232.png	keep	3.1327	7.3333	512	256
008233.png	keep	6.2378	15.0000	512	256
008237.png	keep	5.3130	11.0000	512	256
008239.png	keep	6.1786	19.0000	512	256
008240.png	keep	6.2252	17.4167	512	256
008242.png	keep	2.7021	6.6667	512	256
008243.png	keep	5.6320	13.3333	512	256
008244.png	reject	11.0578	29.3333	512	256
008245.png	keep	2.4640	7.3333	512	256
008246.png	keep	2.2536	5.0000	512	256
008247.png	reject	18.0092	64.0000	512	256
008248.png	keep	2.9651	6.0000	512	256
008249.png	keep	4.5680	15.6667	512	256
008253.png	keep	1.1445	2.3333	512	256
008255.png	keep	4.6691	15.0000	512	256
008256.png	keep	2.3426	5.6667	512	256
008258.png	keep	3.6263	11.3333	512	256
008259.png	keep	5.9011	11.0000	512	256
008260.png	reject	20.6994	52.3333	512	256
008261.png	keep	3.4879	11.3333	512	256
008262.png	keep	3.4344	8.6667	512	256
008263.png	keep	3.3211	9.6667	512	256
008264.png	keep	1.7868	5.3333	512	256
008265.png	keep	6.0944	15.3333	512	256
008269.png	keep	2.2475	5.3333	512	256
008271.png	keep	4.5780	10.0000	512	256
008272.png	keep	2.6530	6.0000	512	256
008274.png	keep	4.2502	8.3333	512	256
008275.png	keep	5.8140	15.3333	512	256
008276.png	keep	2.7611	6.3333	512	256
008277.png	keep	4.4467	10.3333	512	256
008278.png	keep	2.9993	6.3333	512	256
008279.png	reject	21.3798	41.6667	512	256
008280.png	keep	2.6119	6.6667	512	256
008281.png	keep	2.7789	8.3333	512	256
008285.png	keep	3.3324	7.0000	512	256
008287.png	keep	3.6003	8.6667	512	256
008288.png	keep	4.3053	8.3333	512	256
008290.png	keep	7.5164	13.6667	512	256
008291.png	keep	4.8788	18.3333	512	256
008292.png	keep	2.2267	4.6667	512	256
008293.png	keep	6.9827	12.6667	512	256
008294.png	keep	2.9276	7.0000	512	256
008295.png	keep	5.3540	9.6667	512	256
008296.png	keep	2.9601	6.3333	512	256
008297.png	keep	8.2482	17.0000	512	256
008301.png	keep	3.3651	8.0000	512	256
008303.png	keep	3.2704	9.0000	512	256
008304.png	keep	2.7359	5.3333	512	256
008306.png	keep	4.6399	12.0000	512	256
008307.png	keep	3.7502	9.6667	512	256
008308.png	reject	12.4708	35.0000	512	256
008309.png	reject	7.4716	30.6667	512	256
008310.png	keep	3.1135	7.6667	512	256
008311.png	reject	12.8965	64.3333	512	256
008312.png	keep	1.1366	3.0000	512	256
008313.png	keep	4.6763	11.0000	512	256
008317.png	keep	6.3118	18.0000	512	256
008319.png	keep	4.2517	10.6667	512	256
008320.png	keep	8.5754	17.3333	512	256
008322.png	keep	4.8305	9.0000	512	256
008323.png	keep	3.5400	10.3333	512	256
008324.png	keep	7.5242	16.0000	512	256
008325.png	keep	8.2794	15.6667	512	256
008326.png	keep	2.7355	5.6667	512	256
008327.png	keep	1.9638	4.3333	512	256
008328.png	keep	1.4193	3.6667	512	256
008329.png	keep	4.2017	9.6667	512	256
008333.png	keep	2.2456	6.3333	512	256
008335.png	keep	3.3059	10.6667	512	256
008336.png	keep	2.6131	7.3333	512	256
008338.png	keep	2.3488	5.6667	512	256
008339.png	keep	7.9241	18.3333	512	256
008340.png	keep	2.3176	5.3333	512	256
008341.png	keep	2.3284	5.0000	512	256
008342.png	keep	1.7754	4.3333	512	256
008343.png	keep	1.5253	3.3333	512	256
008344.png	keep	2.2246	4.0000	512	256
008345.png	keep	3.4561	10.3333	512	256
008349.png	keep	2.2611	6.0000	512	256
008351.png	keep	2.4829	6.3333	512	256
008352.png	keep	3.3166	7.3333	512	256
008354.png	keep	4.0678	8.6667	512	256
008355.png	keep	3.0677	8.6667	512	256
008356.png	reject	9.6748	29.0000	512	256
008357.png	keep	3.3095	6.0000	512	256
008358.png	keep	2.6387	6.3333	512	256
008359.png	keep	2.6583	5.0000	512	256
008360.png	keep	2.3378	4.0000	512	256
008361.png	keep	5.7718	14.0000	512	256
008365.png	keep	2.0565	3.6667	512	256
008367.png	keep	5.0289	12.6667	512	256
008368.png	keep	4.6642	12.6667	512	256
008370.png	keep	2.8742	7.3333	512	256
008371.png	keep	3.5347	9.3333	512	256
008372.png	keep	8.4650	15.0000	512	256
008373.png	keep	1.8081	3.0000	512	256
008374.png	keep	1.3863	3.3333	512	256
008375.png	keep	4.3498	9.3333	512	256
008376.png	keep	3.1151	5.6667	512	256
008377.png	keep	6.8091	13.0000	512	256
008381.png	keep	4.4542	9.0000	512	256
008383.png	keep	5.4988	16.6667	512	256
008384.png	keep	3.6977	7.3333	512	256
008386.png	reject	9.6566	53.6667	512	256
008387.png	keep	2.9691	6.6667	512	256
008388.png	keep	5.2256	11.0000	512	256
008389.png	reject	8.7575	31.0000	512	256
008390.png	keep	2.2426	5.0000	512	256
008391.png	reject	25.2767	64.3333	512	256
008392.png	keep	4.1711	7.6667	512	256
008393.png	keep	2.5609	8.0000	512	256
008397.png	keep	1.6566	4.3333	512	256
008399.png	keep	6.5144	17.0000	512	256
008400.png	reject	4.9915	22.6667	512	256
008402.png	reject	18.4702	31.6667	512	256
008403.png	keep	4.5911	13.6667	512	256
008404.png	keep	2.5512	5.6667	512	256
008405.png	keep	1.9692	4.6667	512	256
008406.png	reject	10.3332	33.3333	512	256
008407.png	reject	36.8368	90.0000	512	256
008408.png	keep	2.7630	5.6667	512	256
008409.png	keep	3.7862	10.6667	512	256
008413.png	keep	5.6328	12.0000	512	256
008415.png	keep	2.8862	7.3333	512	256
008416.png	keep	2.6495	7.6667	512	256
008418.png	reject	9.0072	25.3333	512	256
008419.png	keep	5.4007	15.6667	512	256
008420.png	keep	2.9503	6.3333	512	256
008421.png	keep	9.7652	20.3333	512	256
008422.png	reject	10.1990	17.0000	512	256
008423.png	keep	2.8705	6.3333	512	256
008424.png	keep	3.1329	8.6667	512	256
008425.png	keep	3.8347	9.6667	512	256
008429.png	keep	8.1037	17.6667	512	256
008431.png	keep	2.2995	4.6667	512	256
008432.png	reject	16.4857	37.6667	512	256
008434.png	keep	4.6633	13.6667	512	256
008435.png	keep	4.4574	14.6667	512	256
008436.png	keep	2.7560	6.3333	512	256
008437.png	reject	9.3092	28.3333	512	256
008438.png	keep	3.1564	9.0000	512	256
008439.png	keep	3.7472	6.3333	512	256
008440.png	keep	3.9020	8.6667	512	256
008441.png	keep	9.6050	20.3333	512	256
008445.png	keep	2.8623	7.0000	512	256
008447.png	keep	2.1310	5.3333	512	256
008448.png	reject	7.1020	38.7500	512	256
008450.png	keep	3.0353	7.0000	512	256
008451.png	reject	10.1115	28.0000	512	256
008452.png	keep	5.0500	10.0000	512	256
008453.png	reject	17.1544	28.0000	512	256
008454.png	keep	1.8557	3.6667	512	256
008455.png	keep	2.7526	5.3333	512	256
008456.png	keep	2.1627	5.0000	512	256
008457.png	keep	2.3732	4.6667	512	256
008461.png	keep	2.0936	5.6667	512	256
008463.png	keep	3.1976	9.6667	512	256
008464.png	keep	2.8810	8.0000	512	256
008466.png	keep	3.0761	6.6667	512	256
008467.png	keep	7.0243	15.0000	512	256
008468.png	keep	3.5742	7.3333	512	256
008469.png	reject	13.9551	39.6667	512	256
008470.png	keep	2.2119	4.6667	512	256
008471.png	keep	1.8355	4.3333	512	256
008472.png	keep	3.5265	6.6667	512	256
008473.png	keep	6.8369	11.6667	512	256
008477.png	keep	7.8684	15.6667	512	256
008479.png	keep	5.2575	13.3333	512	256
008480.png	reject	8.5053	42.3333	512	256
008482.png	keep	5.8246	11.6667	512	256
008483.png	keep	7.1086	15.0000	512	256
008484.png	reject	13.9055	21.6667	512	256
008485.png	reject	10.1491	14.3333	512	256
008486.png	keep	1.6968	4.0000	512	256
008487.png	keep	1.6769	4.0000	512	256
008488.png	keep	1.6345	3.6667	512	256
008489.png	keep	1.7669	5.0000	512	256
008493.png	reject	20.2295	33.6667	512	256
008495.png	keep	7.5680	15.0000	512	256
008496.png	reject	21.5047	52.3333	512	256
008498.png	keep	2.5414	6.3333	512	256
008499.png	reject	11.7820	31.0000	512	256
008500.png	keep	7.9705	13.0000	512	256
008501.png	keep	2.2077	3.6667	512	256
008502.png	keep	1.1781	3.0000	512	256
008503.png	keep	2.3708	4.6667	512	256
008504.png	keep	2.0384	4.0000	512	256
008505.png	keep	2.6239	7.0000	512	256
008509.png	keep	5.0015	12.0000	512	256
008511.png	keep	8.4699	17.0000	512	256
008512.png	reject	16.4777	53.0000	512	256
008514.png	reject	13.8087	38.3333	512	256
008515.png	keep	3.0472	8.6667	512	256
008516.png	keep	7.1321	19.3333	512	256
008517.png	keep	1.6822	3.3333	512	256
008518.png	keep	5.1149	14.3333	512	256
008519.png	keep	2.8773	8.0000	512	256
008520.png	keep	1.2744	2.3333	512	256
008521.png	keep	2.3501	5.0000	512	256
008525.png	reject	28.0678	63.6667	512	256
008527.png	keep	5.6494	11.3333	512	256
008528.png	keep	5.8736	8.3333	512	256
008530.png	keep	6.6437	13.0000	512	256
008531.png	reject	23.9907	68.3333	512	256
008532.png	keep	7.2246	18.3333	512	256
008533.png	keep	4.4691	10.3333	512	256
008534.png	keep	1.4517	3.0000	512	256
008535.png	keep	3.4573	8.6667	512	256
008536.png	keep	2.8804	5.6667	512	256
008537.png	keep	1.9517	5.3333	512	256
008541.png	keep	3.5323	8.3333	512	256
008543.png	keep	8.9479	22.0000	512	256
008544.png	keep	2.0060	7.3333	512	256
008546.png	reject	12.6419	42.6667	512	256
008547.png	keep	3.2198	6.6667	512	256
008548.png	keep	2.8763	9.0000	512	256
008549.png	keep	2.2660	4.6667	512	256
008550.png	keep	1.6805	3.6667	512	256
008551.png	keep	3.4305	9.0000	512	256
008552.png	keep	1.5709	4.0000	512	256
008553.png	keep	4.0276	8.6667	512	256
008557.png	keep	3.3681	7.3333	512	256
008559.png	keep	3.9486	11.3333	512	256
008560.png	reject	8.6071	36.3333	512	256
008562.png	keep	4.2225	9.3333	512	256
008563.png	keep	2.3367	6.0000	512	256
008564.png	reject	19.3424	39.3333	512	256
008565.png	keep	4.1246	9.0000	512	256
008566.png	keep	1.4314	3.3333	512	256
008567.png	keep	3.2579	6.6667	512	256
008568.png	keep	4.0278	9.6667	512	256
008569.png	reject	18.1724	57.0000	512	256
008573.png	keep	2.8357	7.3333	512	256
008575.png	keep	4.5782	11.0000	512	256
008576.png	reject	13.5538	50.6667	512	256
008578.png	keep	3.6401	9.0000	512	256
008579.png	keep	4.4459	10.3333	512	256
008580.png	keep	4.4191	12.0000	512	256
008581.png	keep	3.1576	6.6667	512	256
008582.png	reject	12.4405	31.0000	512	256
008583.png	keep	3.4771	8.0000	512	256
008584.png	keep	1.8998	4.0000	512	256
008585.png	keep	4.2884	8.6667	512	256
008589.png	keep	4.6633	11.3333	512	256
008591.png	keep	4.2430	7.6667	512	256
008592.png	keep	5.6477	11.3333	512	256
008594.png	reject	12.6366	20.3333	512	256
008595.png	keep	3.3789	8.0000	512	256
008596.png	keep	7.7786	21.3333	512	256
008597.png	keep	5.5407	12.6667	512	256
008598.png	keep	2.1396	4.0000	512	256
008599.png	keep	3.1810	7.3333	512	256
008600.png	keep	9.0577	21.0000	512	256
008601.png	keep	2.4009	5.0000	512	256
008605.png	keep	4.7557	10.3333	512	256
008607.png	keep	3.9377	9.6667	512	256
008608.png	keep	1.9338	4.3333	512	256
008610.png	reject	7.9737	29.6667	512	256
008611.png	keep	2.4587	4.6667	512	256
008612.png	reject	15.7011	54.3333	512	256
008613.png	keep	5.5366	12.6667	512	256
008614.png	keep	4.5249	10.6667	512	256
008615.png	keep	2.4872	5.3333	512	256
008616.png	keep	2.6314	6.3333	512	256
008617.png	keep	3.5508	7.3333	512	256
008621.png	reject	15.0336	43.0000	512	256
008623.png	keep	6.4890	22.0000	512	256
008624.png	keep	7.8557	16.3333	512	256
008626.png	reject	12.1596	30.6667	512	256
008627.png	keep	5.3310	21.3333	512	256
008628.png	keep	3.4797	11.3333	512	256
008629.png	keep	7.5807	16.0000	512	256
008630.png	keep	2.0578	5.3333	512	256
008631.png	reject	17.6648	45.0000	512	256
008632.png	keep	3.1798	7.0000	512	256
008633.png	keep	2.2653	4.6667	512	256
008637.png	keep	5.8030	12.6667	512	256
008639.png	reject	11.9538	34.6667	512	256
008640.png	reject	13.7323	51.0000	512	256
008642.png	reject	17.6749	34.0000	512	256
008643.png	keep	4.5153	10.0000	512	256
008644.png	keep	5.5899	16.0000	512	256
008645.png	keep	7.5173	15.3333	512	256
008646.png	keep	3.0615	7.3333	512	256
008647.png	keep	3.5811	7.3333	512	256
008648.png	keep	1.6427	3.0000	512	256
008649.png	keep	2.0393	4.3333	512	256
008653.png	keep	3.8302	9.3333	512	256
008655.png	keep	6.6222	16.3333	512	256
008656.png	keep	3.7473	7.3333	512	256
008658.png	reject	12.3772	40.3333	512	256
008659.png	keep	2.8607	8.3333	512	256
008660.png	reject	9.4622	39.3333	512	256
008661.png	keep	2.9069	6.3333	512	256
008662.png	keep	2.8370	5.6667	512	256
008663.png	keep	8.8530	20.6667	512	256
008664.png	keep	4.9597	9.6667	512	256
008665.png	keep	2.4904	4.3333	512	256
008669.png	keep	2.7503	5.6667	512	256
008671.png	reject	13.6265	37.3333	512	256
008672.png	keep	3.7749	10.0000	512	256
008674.png	keep	4.8392	7.0000	512	256
008675.png	keep	3.4914	8.6667	512	256
008676.png	keep	3.2915	6.3333	512	256
008677.png	keep	8.6029	17.6667	512	256
008678.png	keep	1.3854	3.0000	512	256
008679.png	keep	6.5854	19.6667	512	256
008680.png	keep	5.0005	16.3333	512	256
008681.png	keep	2.9311	6.6667	512	256
008685.png	keep	3.4335	7.3333	512	256
008687.png	reject	17.3930	32.6667	512	256
008688.png	keep	2.6981	6.3333	512	256
008690.png	keep	5.2182	11.6667	512	256
008691.png	reject	6.6617	22.3333	512	256
008692.png	keep	7.9881	17.0000	512	256
008693.png	keep	6.5388	16.6667	512	256
008694.png	keep	2.4233	5.0000	512	256
008695.png	reject	23.7333	103.6667	512	256
008696.png	keep	2.4757	8.3333	512	256
008697.png	keep	3.0544	9.6667	512	256
008701.png	keep	3.9099	9.3333	512	256
008703.png	reject	5.5555	26.3333	512	256
008704.png	keep	3.1412	7.6667	512	256
008706.png	keep	2.6543	4.6667	512	256
008707.png	keep	2.5104	7.6667	512	256
008708.png	keep	7.0252	20.3333	512	256
008709.png	keep	8.7308	19.0000	512	256
008710.png	keep	1.8901	4.0000	512	256
008711.png	keep	5.9667	13.3333	512	256
008712.png	keep	1.7974	4.3333	512	256
008713.png	keep	4.2362	9.6667	512	256
008717.png	keep	7.1575	20.3333	512	256
008719.png	reject	22.5022	43.0000	512	256
008720.png	keep	3.0507	7.0000	512	256
008722.png	keep	4.0259	9.3333	512	256
008723.png	keep	2.5358	6.0000	512	256
008724.png	keep	3.1724	8.0000	512	256
008725.png	keep	3.1979	6.6667	512	256
008726.png	keep	2.3114	4.3333	512	256
008727.png	keep	5.2789	11.0000	512	256
008728.png	keep	2.5357	5.3333	512	256
008729.png	keep	2.1552	4.3333	512	256
008733.png	keep	5.1285	13.6667	512	256
008735.png	keep	2.5763	6.0000	512	256
008736.png	keep	1.9182	3.6667	512	256
008738.png	reject	16.9549	41.0000	512	256
008739.png	keep	5.7784	17.0000	512	256
008740.png	keep	3.6078	11.6667	512	256
008741.png	keep	3.1743	10.0000	512	256
008742.png	keep	1.1292	2.6667	512	256
008743.png	keep	9.9186	20.0000	512	256
008744.png	keep	4.4962	11.0000	512	256
008745.png	keep	4.3688	10.3333	512	256
008751.png	keep	1.5234	3.0000	512	256
008752.png	keep	1.8581	4.3333	512	256
008754.png	keep	2.7542	6.3333	512	256
008755.png	reject	10.3673	16.6667	512	256
008756.png	keep	3.1199	8.6667	512	256
008757.png	keep	3.9830	9.3333	512	256
008758.png	keep	1.1506	2.6667	512	256
008759.png	keep	6.8880	12.6667	512	256
008760.png	keep	2.3162	4.6667	512	256
008761.png	keep	2.5268	4.6667	512	256
008767.png	keep	2.6039	5.3333	512	256
008768.png	keep	4.7481	9.0000	512	256
008770.png	keep	2.4676	5.3333	512	256
008771.png	keep	5.0243	11.3333	512	256
008772.png	reject	7.9885	28.0000	512	256
008773.png	reject	8.6362	27.6667	512	256
008774.png	keep	1.6694	3.0000	512	256
008775.png	keep	5.0682	11.3333	512	256
008776.png	keep	1.7686	4.0000	512	256
008777.png	keep	4.6791	10.6667	512	256
008783.png	reject	8.3916	25.6667	512	256
008784.png	keep	5.1687	8.3333	512	256
008786.png	keep	2.7609	5.6667	512	256
008787.png	keep	4.0201	13.3333	512	256
008788.png	keep	3.4330	12.3333	512	256
008789.png	keep	3.1074	6.6667	512	256
008790.png	keep	1.5740	3.6667	512	256
008791.png	keep	4.5900	10.0000	512	256
008792.png	keep	1.5961	3.6667	512	256
008793.png	keep	2.3540	7.0000	512	256
008799.png	keep	7.2126	16.0000	512	256
008800.png	keep	2.6502	5.6667	512	256
008802.png	keep	3.1008	5.6667	512	256
008803.png	keep	6.8522	19.6667	512	256
008804.png	keep	2.3248	5.3333	512	256
008805.png	keep	3.2152	8.3333	512	256
008806.png	keep	1.3806	3.0000	512	256
008807.png	keep	4.0276	10.0000	512	256
008808.png	keep	1.8328	3.6667	512	256
008809.png	keep	2.6972	6.3333	512	256
008815.png	keep	5.2534	12.3333	512	256
008816.png	keep	2.7905	6.0000	512	256
008818.png	keep	2.7008	5.6667	512	256
008819.png	keep	3.6393	9.0000	512	256
008820.png	keep	2.8475	7.0000	512	256
008821.png	keep	2.2448	5.6667	512	256
008822.png	keep	2.3585	5.0000	512	256
008823.png	keep	2.7905	6.6667	512	256
008824.png	keep	6.8902	11.0000	512	256
008825.png	keep	1.8835	5.0000	512	256
008831.png	keep	2.3296	4.6667	512	256
008832.png	keep	2.3857	6.0000	512	256
008834.png	keep	2.7116	6.0000	512	256
008835.png	keep	2.1878	5.6667	512	256
008836.png	reject	6.9739	40.3333	512	256
008837.png	reject	17.0299	47.6667	512	256
008838.png	keep	5.0029	12.0000	512	256
008839.png	keep	3.4115	8.3333	512	256
008840.png	keep	2.4047	5.6667	512	256
008841.png	keep	4.5333	14.3333	512	256
008847.png	keep	3.4152	8.3333	512	256
008848.png	keep	2.8776	9.6667	512	256
008850.png	reject	14.5110	34.6667	512	256
008851.png	keep	3.0502	7.0000	512	256
008852.png	keep	2.8238	6.0000	512	256
008853.png	keep	4.6000	13.0000	512	256
008854.png	reject	17.5575	28.0000	512	256
008855.png	keep	3.3081	8.3333	512	256
008856.png	keep	1.5902	3.0000	512	256
008857.png	keep	2.0014	4.3333	512	256
008863.png	keep	9.6041	14.6667	512	256
008864.png	keep	4.2590	8.3333	512	256
008866.png	reject	9.2441	24.6667	512	256
008867.png	keep	3.4826	10.6667	512	256
008868.png	keep	3.0734	8.3333	512	256
008869.png	keep	4.4026	10.3333	512	256
008870.png	keep	1.8950	4.6667	512	256
008871.png	keep	3.9963	9.6667	512	256
008872.png	keep	1.3345	3.0000	512	256
008873.png	keep	3.2818	6.3333	512	256
008879.png	keep	3.8839	9.6667	512	256
008880.png	keep	3.7858	9.3333	512	256
008882.png	reject	10.5902	22.0000	512	256
008883.png	keep	7.4647	11.6667	512	256
008884.png	keep	3.1553	8.3333	512	256
008885.png	keep	6.7973	10.3333	512	256
008886.png	keep	2.5919	7.0000	512	256
008887.png	keep	7.6865	14.0000	512	256
008888.png	keep	1.7861	3.6667	512	256
008889.png	keep	3.1865	8.0000	512	256
008895.png	keep	4.2335	8.6667	512	256
008896.png	keep	3.0068	7.6667	512	256
008898.png	reject	21.7713	63.0000	512	256
008899.png	keep	3.6743	8.3333	512	256
008900.png	keep	4.6204	10.3333	512	256
008901.png	keep	2.3164	6.3333	512	256
008902.png	keep	2.0905	4.3333	512	256
008903.png	keep	2.5976	5.3333	512	256
008904.png	keep	1.6111	3.0000	512	256
008905.png	keep	3.2217	6.0000	512	256
008911.png	keep	2.1594	5.3333	512	256
008912.png	keep	5.6350	11.0000	512	256
008914.png	reject	6.5086	24.3333	512	256
008915.png	keep	6.0555	15.6667	512	256
008916.png	keep	4.4607	11.6667	512	256
008917.png	keep	2.2121	5.0000	512	256
008918.png	keep	2.3968	6.0000	512	256
008919.png	reject	15.8157	50.6667	512	256
008920.png	keep	2.5312	5.3333	512	256
008921.png	keep	1.3561	3.0000	512	256
008927.png	keep	2.6474	7.0000	512	256
008928.png	keep	3.9339	7.6667	512	256
008930.png	reject	5.9956	25.6667	512	256
008931.png	keep	1.9694	5.0000	512	256
008932.png	keep	6.9247	16.0000	512	256
008933.png	keep	2.4442	6.0000	512	256
008934.png	keep	3.9414	9.6667	512	256
008935.png	reject	14.8367	41.3333	512	256
008936.png	keep	3.1415	6.6667	512	256
008937.png	keep	1.9801	5.0000	512	256
008943.png	keep	5.4284	11.6667	512	256
008944.png	keep	1.8772	4.3333	512	256
008946.png	keep	4.9925	10.0000	512	256
008947.png	keep	2.4153	6.0000	512	256
008948.png	keep	2.7467	6.0000	512	256
008949.png	keep	2.5979	6.3333	512	256
008950.png	keep	2.9455	7.0000	512	256
008951.png	keep	3.1457	6.6667	512	256
008952.png	keep	2.5648	6.0000	512	256
008953.png	keep	2.4815	6.3333	512	256
008959.png	keep	2.6825	8.3333	512	256
008960.png	keep	2.8538	7.0000	512	256
008962.png	reject	8.9467	29.6667	512	256
008963.png	reject	8.1182	24.3333	512	256
008964.png	keep	4.2337	8.3333	512	256
008965.png	keep	2.3475	5.6667	512	256
008966.png	keep	3.0627	8.0000	512	256
008967.png	reject	19.8553	55.3333	512	256
008968.png	keep	5.8746	9.0000	512	256
008969.png	keep	3.6879	8.6667	512	256
008975.png	keep	4.3777	7.3333	512	256
008976.png	keep	1.9137	3.6667	512	256
008978.png	keep	2.0606	4.3333	512	256
008979.png	keep	2.5642	6.0000	512	256
008980.png	keep	4.4162	10.3333	512	256
008981.png	keep	4.7776	9.6667	512	256
008982.png	keep	2.3326	5.3333	512	256
008983.png	keep	5.2210	9.6667	512	256
008984.png	keep	4.8202	9.3333	512	256
008985.png	keep	4.6032	7.6667	512	256
008991.png	keep	3.5034	8.6667	512	256
008992.png	keep	2.0918	5.0000	512	256
008994.png	keep	5.4825	15.6667	512	256
008995.png	reject	23.6516	33.3333	512	256
008996.png	keep	7.6489	14.0000	512	256
008997.png	keep	2.4711	6.3333	512	256
008998.png	keep	7.1087	17.3333	512	256
008999.png	keep	1.8082	4.0000	512	256
009000.png	keep	2.3768	4.0000	512	256
009001.png	keep	4.5624	7.6667	512	256
009007.png	keep	3.0152	8.0000	512	256
009008.png	keep	1.5598	3.0000	512	256
009010.png	keep	7.0931	16.6667	512	256
009011.png	keep	4.8141	10.6667	512	256
009012.png	keep	4.7591	10.3333	512	256
009013.png	keep	3.7987	10.0000	512	256
009014.png	keep	3.0956	8.6667	512	256
009015.png	reject	12.4480	65.6667	512	256
009016.png	keep	1.6737	3.3333	512	256
009017.png	keep	2.0059	3.3333	512	256
009023.png	reject	23.6000	38.3333	512	256
009024.png	keep	2.2736	4.3333	512	256
009026.png	reject	13.7254	24.0000	512	256
009027.png	keep	4.1650	9.6667	512	256
009028.png	keep	1.6693	3.6667	512	256
009029.png	keep	2.2836	5.6667	512	256
009030.png	keep	2.8367	8.0000	512	256
009031.png	keep	2.4754	6.6667	512	256
009032.png	keep	1.1799	2.6667	512	256
009033.png	keep	2.5866	6.6667	512	256
009039.png	keep	2.6144	5.3333	512	256
009040.png	keep	3.7900	8.0000	512	256
009042.png	keep	7.9410	17.6667	512	256
009043.png	keep	8.7654	15.3333	512	256
009044.png	keep	3.6575	9.3333	512	256
009045.png	keep	1.4161	3.3333	512	256
009046.png	keep	2.0171	4.0000	512	256
009047.png	reject	19.1520	43.3333	512	256
009048.png	keep	5.3500	8.0000	512	256
009049.png	keep	2.8301	7.0000	512	256
009055.png	keep	2.4443	5.0000	512	256
009056.png	keep	3.7809	7.0000	512	256
009058.png	keep	4.4023	20.3333	512	256
009059.png	reject	7.1289	25.6667	512	256
009060.png	keep	5.8598	11.3333	512	256
009061.png	keep	2.0457	4.6667	512	256
009062.png	keep	3.4497	8.6667	512	256
009063.png	keep	1.6940	4.6667	512	256
009064.png	keep	2.0492	4.6667	512	256
009065.png	keep	3.0033	7.0000	512	256
009071.png	keep	1.5684	3.3333	512	256
009072.png	keep	2.2429	4.0000	512	256
009074.png	keep	5.6148	10.0000	512	256
009075.png	reject	27.4717	40.0000	512	256
009076.png	keep	2.8228	7.3333	512	256
009077.png	keep	2.1711	4.6667	512	256
009078.png	keep	2.7501	6.6667	512	256
009079.png	keep	5.7701	12.3333	512	256
009080.png	keep	7.6081	13.6667	512	256
009081.png	keep	2.4118	7.0000	512	256
009087.png	keep	3.4175	11.3333	512	256
009088.png	keep	1.7485	3.3333	512	256
009090.png	reject	9.2076	29.0000	512	256
009091.png	reject	20.7428	38.0000	512	256
009092.png	keep	9.6800	17.6667	512	256
009093.png	keep	1.1289	2.3333	512	256
009094.png	keep	2.2295	5.3333	512	256
009095.png	keep	5.4484	11.6667	512	256
009096.png	keep	5.7576	12.3333	512	256
009097.png	keep	4.5415	9.0000	512	256
009103.png	keep	1.7561	4.3333	512	256
009104.png	keep	1.6224	3.6667	512	256
009106.png	keep	3.6410	8.6667	512	256
009107.png	keep	4.1937	15.6667	512	256
009108.png	keep	2.9141	6.3333	512	256
009109.png	keep	3.9501	7.3333	512	256
009110.png	keep	2.9500	7.6667	512	256
009111.png	keep	2.0436	4.6667	512	256
009112.png	keep	4.5970	12.3333	512	256
009113.png	keep	3.6237	9.3333	512	256
009119.png	keep	2.9775	6.6667	512	256
009120.png	keep	1.7988	4.0000	512	256
009122.png	keep	3.1749	6.3333	512	256
009123.png	keep	3.7478	8.6667	512	256
009124.png	keep	3.1026	11.3333	512	256
009125.png	keep	5.3083	10.6667	512	256
009126.png	keep	2.6995	5.3333	512	256
009127.png	keep	3.8064	9.6667	512	256
009128.png	keep	1.7598	5.6667	512	256
009129.png	keep	3.4259	10.0000	512	256
009135.png	reject	10.3279	32.0000	512	256
009136.png	keep	3.0088	6.6667	512	256
009138.png	keep	3.6658	11.0000	512	256
009139.png	keep	1.4806	3.3333	512	256
009140.png	keep	3.6455	7.0000	512	256
009141.png	keep	2.0389	4.6667	512	256
009142.png	keep	2.4942	9.6667	512	256
009143.png	keep	7.2753	14.0000	512	256
009144.png	keep	2.3917	6.3333	512	256
009145.png	keep	4.2790	10.6667	512	256
009151.png	reject	11.0793	58.6667	512	256
009152.png	keep	3.5431	7.0000	512	256
009154.png	keep	8.6146	15.6667	512	256
009155.png	keep	2.6037	6.6667	512	256
009156.png	keep	3.9307	7.0000	512	256
009157.png	keep	4.3365	9.3333	512	256
009158.png	keep	4.8405	10.0000	512	256
009159.png	keep	3.6114	8.0000	512	256
009160.png	keep	2.6297	6.6667	512	256
009161.png	keep	2.5925	5.6667	512	256
009167.png	keep	2.7763	7.3333	512	256
009168.png	keep	5.3328	10.0000	512	256
009170.png	keep	6.9593	12.3333	512	256
009171.png	keep	4.5457	13.0000	512	256
009172.png	keep	2.0126	4.0000	512	256
009173.png	keep	2.4098	5.6667	512	256
009174.png	keep	3.4574	8.3333	512	256
009175.png	keep	2.5220	5.0000	512	256
009176.png	keep	3.4529	6.6667	512	256
009177.png	keep	4.0574	10.6667	512	256
009183.png	keep	6.0908	15.0000	512	256
009184.png	keep	3.8551	10.3333	512	256
009186.png	keep	7.9675	14.0000	512	256
009187.png	keep	1.3915	3.6667	512	256
009188.png	keep	2.7598	6.3333	512	256
009189.png	keep	2.0096	4.0000	512	256
009190.png	keep	3.3455	7.6667	512	256
009191.png	keep	1.8700	3.6667	512	256
009192.png	keep	9.0812	20.0000	512	256
009193.png	keep	5.0517	18.6667	512	256
009199.png	reject	10.9305	20.3333	512	256
009200.png	keep	3.5777	7.0000	512	256
009202.png	keep	4.5641	10.3333	512	256
009203.png	reject	9.1714	26.6667	512	256
009204.png	keep	2.8118	7.3333	512	256
009205.png	keep	2.4738	7.0000	512	256
009206.png	keep	2.8103	5.6667	512	256
009207.png	keep	5.4817	15.3333	512	256
009208.png	keep	4.0084	9.0000	512	256
009209.png	keep	2.3598	5.6667	512	256
009215.png	reject	9.0340	26.6667	512	256
009216.png	keep	3.1129	8.0000	512	256
009218.png	reject	7.3756	22.6667	512	256
009219.png	keep	2.4055	6.6667	512	256
009220.png	keep	1.8586	4.3333	512	256
009221.png	keep	2.1068	5.0000	512	256
009222.png	keep	2.4960	5.3333	512	256
009223.png	keep	3.9845	8.0000	512	256
009224.png	keep	4.0140	9.6667	512	256
009225.png	keep	3.0584	7.0000	512	256
009231.png	keep	4.2000	8.0000	512	256
009232.png	keep	6.2423	17.0000	512	256
009234.png	keep	3.7768	8.3333	512	256
009235.png	keep	3.4959	9.3333	512	256
009236.png	keep	4.3080	8.3333	512	256
009237.png	keep	1.7069	4.0000	512	256
009238.png	keep	3.3414	7.0000	512	256
009239.png	keep	4.0938	10.3333	512	256
009240.png	keep	3.1273	8.0000	512	256
009241.png	keep	2.3486	5.3333	512	256
009247.png	keep	2.3560	5.3333	512	256
009248.png	keep	4.2366	8.0000	512	256
009250.png	keep	2.6751	5.6667	512	256
009251.png	keep	3.7839	7.6667	512	256
009252.png	keep	5.7241	9.0000	512	256
009253.png	keep	1.3832	3.6667	512	256
009254.png	keep	3.3791	9.0000	512	256
009255.png	keep	6.3001	11.0000	512	256
009256.png	keep	2.1706	6.0000	512	256
009257.png	keep	4.3775	11.3333	512	256
009263.png	keep	5.4146	9.6667	512	256
009264.png	keep	9.5393	21.0000	512	256
009266.png	keep	5.6358	9.0000	512	256
009267.png	keep	3.3821	6.3333	512	256
009268.png	keep	2.5350	6.0000	512	256
009269.png	keep	1.2583	2.6667	512	256
009270.png	keep	3.0145	7.3333	512	256
009271.png	reject	14.5193	33.6667	512	256
009272.png	reject	16.5680	36.0000	512	256
009273.png	keep	3.8290	11.0000	512	256
009279.png	keep	4.8309	12.0000	512	256
009280.png	reject	9.6180	29.6667	512	256
009282.png	keep	2.5721	7.6667	512	256
009283.png	keep	1.9254	4.3333	512	256
009284.png	keep	1.9058	4.0000	512	256
009285.png	keep	1.3030	2.6667	512	256
009286.png	keep	2.8837	8.0000	512	256
009287.png	keep	1.8994	4.0000	512	256
009288.png	keep	3.4669	10.3333	512	256
009289.png	keep	2.0168	6.0000	512	256
009295.png	keep	3.1301	5.6667	512	256
009296.png	reject	16.7499	45.3333	512	256
009298.png	keep	4.0473	8.3333	512	256
009299.png	keep	3.6013	9.3333	512	256
009300.png	keep	2.8226	6.0000	512	256
009301.png	keep	1.9177	7.0000	512	256
009302.png	keep	3.0717	7.0000	512	256
009303.png	keep	7.0526	16.3333	512	256
009304.png	keep	6.8875	15.0000	512	256
009305.png	keep	2.9221	6.6667	512	256
009311.png	reject	11.9546	27.3333	512	256
009312.png	keep	3.2498	7.3333	512	256
009314.png	keep	2.1325	5.6667	512	256
009315.png	keep	2.8291	6.6667	512	256
009316.png	keep	2.4597	5.3333	512	256
009317.png	keep	1.7906	4.3333	512	256
009318.png	keep	2.6108	6.0000	512	256
009319.png	keep	2.9503	7.3333	512	256
009320.png	keep	5.0909	10.6667	512	256
009321.png	keep	1.9531	4.0000	512	256
009327.png	keep	7.9568	15.3333	512	256
009328.png	keep	5.8987	13.6667	512	256
009330.png	keep	1.7532	5.3333	512	256
009331.png	keep	3.5011	7.3333	512	256
009332.png	keep	3.4214	6.0000	512	256
009333.png	keep	3.8817	8.6667	512	256
009334.png	keep	3.7974	18.3333	512	256
009335.png	keep	2.2215	6.0000	512	256
009336.png	keep	1.3309	3.0000	512	256
009337.png	keep	2.1921	5.3333	512	256
009343.png	reject	16.1556	30.6667	512	256
009344.png	keep	3.6457	11.0000	512	256
009346.png	keep	1.8353	4.0000	512	256
009347.png	keep	1.8397	4.0000	512	256
009348.png	keep	2.8133	6.3333	512	256
009349.png	keep	1.6538	3.6667	512	256
009350.png	keep	2.2730	6.0000	512	256
009351.png	keep	2.3929	5.6667	512	256
009352.png	keep	1.7560	4.3333	512	256
009353.png	keep	2.4252	7.6667	512	256
009359.png	keep	2.4367	5.0000	512	256
009360.png	keep	2.9423	6.6667	512	256
009362.png	keep	2.6763	6.0000	512	256
009363.png	keep	3.5707	8.0000	512	256
009364.png	keep	2.1022	5.0000	512	256
009365.png	keep	2.3692	4.3333	512	256
009366.png	keep	2.0816	5.0000	512	256
009367.png	reject	17.2483	49.3333	512	256
009368.png	keep	2.9546	7.0000	512	256
009369.png	keep	3.4298	8.3333	512	256
009375.png	keep	2.0019	5.0000	512	256
009376.png	keep	3.0806	5.0000	512	256
009378.png	keep	3.0591	7.3333	512	256
009379.png	keep	2.9085	7.3333	512	256
009380.png	keep	3.2399	8.0000	512	256
009381.png	keep	2.4410	6.0000	512	256
009382.png	keep	6.0158	13.6667	512	256
009383.png	reject	11.0317	30.3333	512	256
009384.png	keep	3.6319	7.3333	512	256
009385.png	keep	3.0333	7.0000	512	256
009391.png	keep	3.7061	8.3333	512	256
009392.png	keep	3.3405	8.3333	512	256
009394.png	keep	3.9575	16.6667	512	256
009395.png	keep	3.1529	6.6667	512	256
009396.png	keep	2.6538	6.3333	512	256
009397.png	reject	12.3792	72.0000	512	256
009398.png	keep	5.6095	11.0000	512	256
009399.png	reject	8.9870	23.3333	512	256
009400.png	keep	1.7838	4.3333	512	256
009401.png	keep	3.2282	11.6667	512	256
009407.png	keep	4.4849	8.3333	512	256
009408.png	keep	4.1532	10.3333	512	256
009410.png	keep	4.4786	10.3333	512	256
009411.png	keep	4.7071	10.3333	512	256
009412.png	keep	2.9679	6.3333	512	256
009413.png	keep	3.2984	5.6667	512	256
009414.png	keep	5.2160	10.6667	512	256
009415.png	keep	3.7188	8.6667	512	256
009416.png	keep	1.4504	3.3333	512	256
009417.png	keep	2.6725	7.6667	512	256
009423.png	keep	3.2588	6.3333	512	256
009424.png	keep	2.8926	7.0833	512	256
009426.png	keep	3.0729	7.6667	512	256
009427.png	keep	3.9529	8.0000	512	256
009428.png	keep	2.2743	4.0000	512	256
009429.png	keep	1.9093	3.6667	512	256
009430.png	keep	2.6562	5.6667	512	256
009431.png	keep	4.0805	11.3333	512	256
009432.png	keep	2.8271	7.0000	512	256
009439.png	reject	20.4843	35.0000	512	256
009440.png	keep	4.5958	11.6667	512	256
009442.png	keep	3.6737	9.0000	512	256
009443.png	keep	9.7160	19.6667	512	256
009444.png	keep	2.5502	4.6667	512	256
009445.png	keep	2.6044	5.6667	512	256
009446.png	keep	1.9088	4.3333	512	256
009447.png	keep	4.0721	10.0000	512	256
009448.png	keep	2.6788	6.0000	512	256
009455.png	keep	2.1765	5.0000	512	256
009456.png	keep	2.9589	5.6667	512	256
009458.png	keep	2.7191	7.3333	512	256
009459.png	keep	3.2002	8.3333	512	256
009460.png	keep	1.9729	5.0000	512	256
009461.png	keep	2.1292	4.0000	512	256
009462.png	keep	2.1862	5.3333	512	256
009463.png	keep	2.2673	6.0000	512	256
009464.png	keep	4.6279	8.3333	512	256
009471.png	keep	1.7959	4.3333	512	256
009472.png	keep	2.9284	6.3333	512	256
009474.png	keep	3.1833	8.3333	512	256
009475.png	reject	17.4902	32.0000	512	256
009476.png	keep	3.8186	8.0000	512	256
009477.png	keep	2.0149	4.0000	512	256
009478.png	keep	1.6853	4.6667	512	256
009479.png	keep	2.9834	6.0000	512	256
009480.png	keep	2.5674	6.0000	512	256
009487.png	keep	1.8044	4.0000	512	256
009488.png	keep	3.2259	8.0000	512	256
009490.png	keep	3.1388	9.3333	512	256
009491.png	keep	2.8317	6.6667	512	256
009492.png	keep	1.9434	5.3333	512	256
009493.png	keep	2.9116	6.0000	512	256
009494.png	keep	3.0985	7.3333	512	256
009495.png	keep	3.4601	6.3333	512	256
009496.png	keep	2.8432	6.3333	512	256
009503.png	keep	5.2072	13.6667	512	256
009504.png	keep	1.9737	4.6667	512	256
009506.png	keep	3.5425	8.3333	512	256
009507.png	keep	7.0111	13.3333	512	256
009508.png	keep	1.9079	4.0000	512	256
009509.png	keep	3.0758	6.0000	512	256
009510.png	keep	3.2161	7.3333	512	256
009511.png	keep	1.9041	4.3333	512	256
009512.png	keep	5.0299	13.6667	512	256
009519.png	keep	7.2271	16.3333	512	256
009520.png	keep	2.3913	6.3333	512	256
009522.png	keep	2.5157	5.0000	512	256
009523.png	keep	2.4171	8.6667	512	256
009524.png	keep	9.2589	21.0000	512	256
009525.png	keep	4.4015	9.3333	512	256
009526.png	keep	2.0971	6.3333	512	256
009527.png	keep	9.9063	15.6667	512	256
009528.png	keep	1.6070	3.3333	512	256
009535.png	reject	17.5280	24.6667	512	256
009536.png	keep	2.6434	7.0000	512	256
009538.png	keep	5.4556	11.0000	512	256
009539.png	keep	7.4009	16.3333	512	256
009540.png	keep	1.4581	3.3333	512	256
009541.png	keep	3.7533	10.3333	512	256
009542.png	keep	3.1487	6.6667	512	256
009543.png	keep	4.8316	9.6667	512	256
009544.png	keep	4.1086	8.0000	512	256
009551.png	reject	14.9328	33.6667	512	256
009552.png	keep	1.6300	3.3333	512	256
009554.png	keep	2.9239	6.3333	512	256
009555.png	keep	2.6551	6.3333	512	256
009556.png	reject	22.9587	32.6667	512	256
009557.png	keep	5.2629	15.3333	512	256
009558.png	keep	3.7089	9.0000	512	256
009559.png	keep	3.1079	7.3333	512	256
009560.png	keep	2.5644	6.6667	512	256
009567.png	keep	4.0553	10.6667	512	256
009568.png	keep	4.1755	8.0000	512	256
009570.png	reject	17.7654	45.0000	512	256
009571.png	keep	2.7824	8.0000	512	256
009572.png	keep	2.8755	5.6667	512	256
009573.png	keep	2.8743	5.3333	512	256
009574.png	keep	5.8186	14.6667	512	256
009575.png	reject	18.2087	77.6667	512	256
009576.png	keep	2.1903	4.0000	512	256
009583.png	reject	13.6518	34.3333	512	256
009584.png	keep	2.1181	5.0000	512	256
009586.png	keep	1.7924	4.0000	512	256
009587.png	keep	3.3409	10.0000	512	256
009588.png	keep	4.1277	11.0000	512	256
009589.png	keep	3.0683	8.3333	512	256
009590.png	keep	3.0973	8.6667	512	256
009591.png	keep	4.5182	10.6667	512	256
009592.png	keep	1.8780	3.3333	512	256
009599.png	reject	10.3166	30.6667	512	256
009600.png	keep	4.0430	9.6667	512	256
009602.png	reject	10.7197	23.3333	512	256
009603.png	keep	5.4675	8.3333	512	256
009604.png	keep	2.2247	4.6667	512	256
009605.png	keep	3.0651	5.6667	512	256
009606.png	keep	3.8927	11.0000	512	256
009607.png	keep	1.9798	4.3333	512	256
009608.png	keep	3.9812	10.3333	512	256
009615.png	keep	3.4486	7.0000	512	256
009616.png	keep	2.9997	6.3333	512	256
009618.png	keep	6.9166	16.3333	512	256
009619.png	keep	3.1107	8.3333	512	256
009620.png	keep	3.7383	6.6667	512	256
009621.png	keep	2.8562	8.0000	512	256
009622.png	keep	2.2744	5.6667	512	256
009623.png	keep	1.7389	4.0000	512	256
009624.png	keep	1.4480	3.3333	512	256
009631.png	keep	3.5666	11.0000	512	256
009632.png	keep	3.3237	7.3333	512	256
009634.png	keep	4.2929	10.0000	512	256
009635.png	keep	4.4414	8.0000	512	256
009636.png	keep	2.4434	5.3333	512	256
009637.png	keep	3.3647	7.6667	512	256
009638.png	keep	2.1982	5.3333	512	256
009639.png	keep	2.2102	6.0000	512	256
009640.png	keep	2.7110	5.6667	512	256
009647.png	keep	3.2351	8.0000	512	256
009648.png	keep	5.1605	10.0000	512	256
009650.png	keep	7.2826	14.6667	512	256
009651.png	keep	4.4563	16.0000	512	256
009652.png	keep	3.0769	5.6667	512	256
009653.png	keep	2.5003	8.0000	512	256
009654.png	keep	2.6491	7.0000	512	256
009655.png	keep	3.1395	6.3333	512	256
009656.png	keep	3.3893	7.0000	512	256
009663.png	keep	4.4775	10.6667	512	256
009664.png	keep	2.9528	8.6667	512	256
009666.png	keep	3.9315	10.0000	512	256
009667.png	reject	8.4642	37.0000	512	256
009668.png	keep	3.3119	6.3333	512	256
009669.png	keep	2.7906	6.0000	512	256
009670.png	keep	2.4942	6.0000	512	256
009671.png	keep	3.2218	7.0000	512	256
009672.png	keep	4.6339	7.3333	512	256
009679.png	keep	3.0832	7.0000	512	256
009680.png	keep	2.4515	6.3333	512	256
009682.png	keep	2.4368	6.6667	512	256
009683.png	keep	5.5720	16.3333	512	256
009684.png	keep	9.6113	20.3333	512	256
009685.png	keep	3.6086	7.6667	512	256
009686.png	keep	1.7628	4.3333	512	256
009687.png	keep	1.8730	4.3333	512	256
009688.png	keep	2.5047	5.6667	512	256
009695.png	keep	2.1558	5.0000	512	256
009696.png	keep	1.8604	4.3333	512	256
009698.png	reject	13.6686	40.6667	512	256
009699.png	keep	7.8025	16.0000	512	256
009700.png	reject	18.0684	35.6667	512	256
009701.png	keep	2.1533	5.6667	512	256
009702.png	keep	2.5536	8.3333	512	256
009703.png	keep	3.0352	6.0000	512	256
009704.png	keep	1.5883	3.0000	512	256
009711.png	keep	2.8030	6.6667	512	256
009712.png	keep	2.4311	4.6667	512	256
009714.png	keep	2.9293	7.0000	512	256
009715.png	keep	3.1016	7.3333	512	256
009716.png	keep	9.5060	18.6667	512	256
009717.png	keep	3.0161	6.3333	512	256
009718.png	keep	3.7659	8.0000	512	256
009719.png	keep	9.9282	19.3333	512	256
009720.png	keep	2.2650	4.6667	512	256
009727.png	keep	2.7429	5.3333	512	256
009728.png	keep	6.7209	12.3333	512	256
009730.png	keep	2.8696	8.3333	512	256
009731.png	keep	3.3618	6.3333	512	256
009732.png	keep	4.5379	10.6667	512	256
009733.png	keep	3.8407	8.6667	512	256
009734.png	keep	2.7009	5.6667	512	256
009735.png	keep	1.9558	4.6667	512	256
009736.png	keep	2.1119	4.6667	512	256
009743.png	keep	6.3001	10.3333	512	256
009744.png	keep	5.8586	13.6667	512	256
009746.png	keep	3.1837	6.3333	512	256
009747.png	keep	3.8496	9.3333	512	256
009748.png	keep	3.1555	6.6667	512	256
009749.png	keep	3.2663	7.0000	512	256
009750.png	keep	3.3283	9.6667	512	256
009751.png	keep	2.0392	5.3333	512	256
009752.png	keep	5.6605	16.0000	512	256
009759.png	keep	4.5045	9.0000	512	256
009760.png	keep	2.3602	7.0000	512	256
009762.png	reject	6.5727	22.3333	512	256
009763.png	keep	2.7798	7.6667	512	256
009764.png	reject	12.7886	38.3333	512	256
009765.png	keep	3.4548	8.0000	512	256
009766.png	keep	3.7026	8.0000	512	256
009767.png	keep	3.9202	8.3333	512	256
009768.png	keep	2.6527	5.3333	512	256
009775.png	keep	2.1036	5.0000	512	256
009776.png	keep	2.0624	5.6667	512	256
009778.png	keep	3.6787	10.3333	512	256
009779.png	reject	9.7645	25.3333	512	256
009780.png	keep	6.8640	19.0000	512	256
009781.png	keep	2.9649	7.6667	512	256
009782.png	keep	3.4626	8.6667	512	256
009783.png	keep	2.4832	6.6667	512	256
009784.png	keep	2.1894	6.0000	512	256
009791.png	keep	2.5834	4.3333	512	256
009792.png	keep	1.8088	4.3333	512	256
009794.png	keep	2.6394	6.0000	512	256
009795.png	keep	8.2391	17.0000	512	256
009796.png	reject	13.9291	23.0000	512	256
009797.png	keep	6.7048	11.3333	512	256
009798.png	keep	2.7971	8.3333	512	256
009799.png	keep	5.8132	13.3333	512	256
009800.png	keep	1.9463	4.3333	512	256
009807.png	keep	3.2552	6.3333	512	256
009808.png	keep	3.6251	7.3333	512	256
009810.png	keep	5.3189	9.6667	512	256
009811.png	keep	3.5945	8.3333	512	256
009812.png	keep	3.4360	6.6667	512	256
009813.png	keep	3.0063	5.6667	512	256
009814.png	keep	4.2276	15.0000	512	256
009815.png	reject	10.1985	22.3333	512	256
009816.png	keep	2.8486	5.3333	512	256
009823.png	keep	1.4285	3.3333	512	256
009824.png	keep	3.4280	8.0000	512	256
009826.png	keep	2.6966	7.6667	512	256
009827.png	keep	3.4976	6.6667	512	256
009828.png	keep	2.0173	4.0000	512	256
009829.png	keep	3.1354	6.3333	512	256
009830.png	keep	3.3850	9.3333	512	256
009831.png	keep	3.1893	6.6667	512	256
009832.png	keep	1.9291	4.6667	512	256
009839.png	keep	3.6616	7.3333	512	256
009840.png	reject	12.2938	74.6667	512	256
009842.png	keep	2.6758	6.6667	512	256
009843.png	keep	3.0339	6.0000	512	256
009844.png	keep	4.8993	9.6667	512	256
009845.png	keep	3.4054	7.0000	512	256
009846.png	keep	2.5077	7.6667	512	256
009847.png	keep	3.9439	9.0000	512	256
009848.png	keep	1.7494	3.6667	512	256
009855.png	keep	2.0563	4.6667	512	256
009856.png	keep	3.4310	6.0000	512	256
009858.png	keep	2.7648	7.0000	512	256
009859.png	keep	5.4318	11.3333	512	256
009860.png	keep	1.7469	3.6667	512	256
009861.png	keep	2.7644	6.6667	512	256
009862.png	keep	7.1942	20.0000	512	256
009863.png	keep	3.8974	6.6667	512	256
009864.png	keep	1.4581	3.3333	512	256
009871.png	keep	2.3953	6.0000	512	256
009872.png	keep	1.6696	3.6667	512	256
009874.png	keep	6.1635	10.0000	512	256
009875.png	reject	12.2460	19.6667	512	256
009876.png	keep	4.1910	10.3333	512	256
009877.png	keep	2.9353	6.0000	512	256
009878.png	keep	2.6045	5.0000	512	256
009879.png	keep	2.1974	5.3333	512	256
009880.png	keep	1.5502	3.3333	512	256
009887.png	keep	4.2898	10.3333	512	256
009888.png	keep	1.7786	4.3333	512	256
009890.png	keep	4.0736	7.0000	512	256
009891.png	keep	9.7097	18.0000	512	256
009892.png	keep	2.9930	6.3333	512	256
009893.png	keep	2.3007	5.3333	512	256
009894.png	keep	5.6210	12.6667	512	256
009895.png	keep	2.3746	5.3333	512	256
009896.png	keep	1.3481	2.6667	512	256
009903.png	keep	3.0309	7.0000	512	256
009904.png	keep	2.5384	5.6667	512	256
009906.png	keep	1.5394	3.0000	512	256
009907.png	keep	4.3508	9.3333	512	256
009908.png	keep	3.2603	5.3333	512	256
009909.png	keep	4.6431	13.6667	512	256
009910.png	keep	1.9931	4.3333	512	256
009911.png	keep	3.1272	6.6667	512	256
009912.png	keep	1.5390	3.0000	512	256
009919.png	keep	2.3663	6.0000	512	256
009920.png	keep	2.3719	6.0000	512	256
009922.png	keep	1.7292	3.3333	512	256
009923.png	keep	3.9776	10.6667	512	256
009924.png	reject	7.8470	28.3333	512	256
009925.png	keep	4.9579	9.6667	512	256
009926.png	keep	1.8207	4.6667	512	256
009927.png	keep	3.8658	8.0000	512	256
009928.png	keep	3.0002	7.6667	512	256
009935.png	keep	2.7111	8.0000	512	256
009936.png	keep	2.0921	5.0000	512	256
009938.png	keep	2.1125	5.0000	512	256
009939.png	keep	5.9328	13.3333	512	256
009940.png	keep	4.7412	9.0000	512	256
009941.png	keep	1.9298	4.3333	512	256
009942.png	keep	2.5526	7.6667	512	256
009943.png	keep	2.4781	5.6667	512	256
009944.png	keep	4.9755	8.0000	512	256
009951.png	keep	2.5699	7.0000	512	256
009952.png	keep	2.3552	5.0000	512	256
009954.png	keep	2.9279	6.6667	512	256
009955.png	keep	4.8724	10.6667	512	256
009956.png	keep	4.0421	8.6667	512	256
009957.png	keep	2.6652	6.3333	512	256
009958.png	keep	2.6271	8.0000	512	256
009959.png	keep	2.3903	6.0000	512	256
009960.png	keep	4.9602	11.0000	512	256
009967.png	keep	4.0462	11.6667	512	256
009968.png	keep	1.9672	4.3333	512	256
009970.png	keep	1.5944	4.0000	512	256
009971.png	keep	4.0296	10.3333	512	256
009972.png	keep	1.3525	3.0000	512	256
009973.png	keep	2.1483	4.3333	512	256
009974.png	reject	13.4006	28.6667	512	256
009975.png	keep	2.4414	5.3333	512	256
009976.png	keep	2.9275	7.0000	512	256
009983.png	keep	6.7011	15.3333	512	256
009984.png	reject	10.2152	20.6667	512	256
009986.png	keep	1.8298	4.6667	512	256
009987.png	keep	2.7876	6.0000	512	256
009988.png	keep	1.9723	4.6667	512	256
009989.png	keep	3.1753	6.0000	512	256
009990.png	keep	2.5878	7.0000	512	256
009991.png	keep	2.9638	6.0000	512	256
009992.png	keep	1.8729	4.6667	512	256
009999.png	keep	5.2941	14.0000	512	256
010000.png	keep	5.3343	16.6667	512	256
010002.png	keep	7.7455	12.0000	512	256
010003.png	keep	4.5833	8.6667	512	256
010004.png	keep	1.9064	4.0000	512	256
010005.png	keep	4.1877	10.6667	512	256
010006.png	keep	2.3221	5.6667	512	256
010007.png	keep	2.6113	6.0000	512	256
010008.png	keep	1.5643	3.6667	512	256
010015.png	keep	3.2807	9.3333	512	256
010016.png	keep	5.9701	13.0000	512	256
010018.png	keep	2.7896	6.3333	512	256
010019.png	keep	1.1652	2.6667	512	256
010020.png	keep	6.4664	11.6667	512	256
010021.png	keep	3.5415	7.0000	512	256
010022.png	keep	3.0989	7.3333	512	256
010023.png	keep	3.1034	8.6667	512	256
010024.png	keep	1.6115	5.0000	512	256
010031.png	keep	7.9942	19.6667	512	256
010032.png	keep	4.3404	11.0000	512	256
010034.png	keep	5.1060	9.3333	512	256
010035.png	keep	2.7222	6.3333	512	256
010036.png	keep	4.4919	12.0000	512	256
010037.png	keep	2.5190	5.0000	512	256
010038.png	keep	2.2895	7.0000	512	256
010039.png	keep	2.4138	5.3333	512	256
010040.png	keep	2.4175	5.6667	512	256
010047.png	keep	1.7525	4.0000	512	256
010048.png	keep	2.3930	4.6667	512	256
010050.png	keep	2.2712	5.6667	512	256
010051.png	keep	4.8314	14.6667	512	256
010052.png	keep	2.3561	5.3333	512	256
010053.png	keep	4.1956	7.6667	512	256
010054.png	keep	2.3318	6.0000	512	256
010055.png	keep	3.7146	8.6667	512	256
010056.png	keep	1.9353	4.0000	512	256
010063.png	keep	1.8418	4.3333	512	256
010064.png	keep	2.7040	8.3333	512	256
010066.png	keep	2.3567	7.0000	512	256
010067.png	keep	3.3869	9.0000	512	256
010068.png	keep	1.4521	3.6667	512	256
010069.png	keep	2.0493	5.6667	512	256
010070.png	keep	2.1822	6.3333	512	256
010071.png	keep	3.8848	7.6667	512	256
010072.png	keep	2.9275	9.3333	512	256
010079.png	keep	7.8339	14.0000	512	256
010080.png	keep	2.8186	7.6667	512	256
010082.png	keep	1.7220	4.3333	512	256
010083.png	keep	3.2277	7.6667	512	256
010084.png	keep	4.4206	10.0000	512	256
010085.png	keep	1.9246	4.6667	512	256
010086.png	keep	2.1544	4.6667	512	256
010087.png	keep	5.9094	11.6667	512	256
010095.png	keep	2.3976	4.6667	512	256
010096.png	keep	4.5287	13.6667	512	256
010098.png	keep	1.2438	3.3333	512	256
010099.png	keep	3.1187	7.6667	512	256
010100.png	keep	2.0691	4.3333	512	256
010101.png	keep	2.7503	5.3333	512	256
010102.png	keep	1.9838	4.3333	512	256
010103.png	keep	2.1577	5.0000	512	256
010111.png	keep	1.8762	3.6667	512	256
010112.png	keep	5.3063	14.0000	512	256
010114.png	keep	1.7112	3.6667	512	256
010115.png	keep	2.4167	6.0000	512	256
010116.png	keep	2.0885	5.0000	512	256
010117.png	keep	3.0375	6.0000	512	256
010118.png	keep	2.0374	5.0000	512	256
010119.png	keep	2.5156	5.0000	512	256
010127.png	reject	18.5762	39.6667	512	256
010128.png	keep	5.1305	9.3333	512	256
010130.png	keep	1.7588	4.0000	512	256
010131.png	keep	4.3341	10.6667	512	256
010132.png	keep	1.6563	3.3333	512	256
010133.png	keep	7.4774	12.6667	512	256
010135.png	keep	1.6556	4.0000	512	256
010143.png	keep	2.5929	5.6667	512	256
010144.png	keep	1.7253	3.6667	512	256
010146.png	keep	1.6478	4.6667	512	256
010147.png	keep	2.9408	6.6667	512	256
010148.png	keep	2.9777	5.6667	512	256
010149.png	keep	5.9960	11.6667	512	256
010151.png	keep	4.8633	9.6667	512	256
010159.png	keep	2.4919	7.3333	512	256
010160.png	keep	1.6269	4.0000	512	256
010162.png	keep	1.8881	4.6667	512	256
010163.png	keep	2.5903	6.3333	512	256
010164.png	keep	5.2029	12.3333	512	256
010165.png	keep	4.3826	10.3333	512	256
010167.png	keep	3.8115	8.6667	512	256
010175.png	keep	2.3153	5.0000	512	256
010176.png	keep	3.2998	8.6667	512	256
010178.png	keep	1.5348	3.3333	512	256
010179.png	keep	2.4133	6.3333	512	256
010180.png	keep	1.6581	3.6667	512	256
010181.png	keep	5.5258	9.6667	512	256
010183.png	keep	4.1598	9.3333	512	256
010191.png	keep	2.9693	6.6667	512	256
010192.png	keep	1.7447	4.0000	512	256
010194.png	keep	3.7595	8.0000	512	256
010195.png	keep	3.0817	7.0000	512	256
010196.png	keep	5.6445	15.6667	512	256
010197.png	keep	2.5881	5.6667	512	256
010199.png	reject	19.7837	41.3333	512	256
010207.png	keep	1.6693	3.6667	512	256
010208.png	keep	2.6448	5.6667	512	256
010210.png	keep	4.4295	7.6667	512	256
010211.png	keep	2.6969	6.6667	512	256
010212.png	keep	6.8823	19.0000	512	256
010213.png	keep	5.2135	9.3333	512	256
010215.png	keep	3.0986	7.0000	512	256
010223.png	keep	1.9484	4.0000	512	256
010224.png	keep	2.9039	7.3333	512	256
010226.png	keep	1.5400	4.0000	512	256
010227.png	keep	3.7038	10.0000	512	256
010228.png	keep	4.1166	7.3333	512	256
010229.png	keep	2.6898	5.6667	512	256
010231.png	keep	3.3362	8.3333	512	256
010239.png	keep	2.3280	5.3333	512	256
010240.png	keep	3.3912	8.0000	512	256
010242.png	keep	1.3692	3.0000	512	256
010243.png	keep	3.8647	9.0000	512	256
010244.png	keep	2.6375	6.0000	512	256
010245.png	keep	1.8154	3.6667	512	256
010247.png	keep	2.4323	5.3333	512	256
010255.png	keep	1.8053	3.6667	512	256
010256.png	keep	1.6806	3.6667	512	256
010258.png	keep	2.6360	6.6667	512	256
010259.png	keep	3.1687	8.0000	512	256
010260.png	keep	1.4566	3.6667	512	256
010261.png	keep	3.9278	7.6667	512	256
010263.png	keep	2.0418	5.0000	512	256
010271.png	keep	2.5382	4.6667	512	256
010272.png	keep	3.2585	7.6667	512	256
010274.png	keep	1.5174	3.3333	512	256
010275.png	keep	2.0873	5.0000	512	256
010276.png	keep	2.5609	7.0000	512	256
010277.png	keep	3.4985	7.6667	512	256
010279.png	keep	4.7100	9.0000	512	256
010287.png	keep	1.9110	4.0000	512	256
010288.png	keep	6.4552	16.6667	512	256
010290.png	keep	4.3679	8.6667	512	256
010291.png	keep	2.2520	5.6667	512	256
010292.png	keep	2.3930	6.0000	512	256
010293.png	keep	1.7614	3.6667	512	256
010295.png	keep	3.3281	7.6667	512	256
010303.png	keep	2.6293	6.6667	512	256
010304.png	reject	10.9012	29.6667	512	256
010306.png	keep	2.8140	6.3333	512	256
010307.png	keep	3.7897	8.3333	512	256
010308.png	keep	2.3159	6.6667	512	256
010309.png	keep	2.2348	5.0000	512	256
010311.png	keep	2.8477	8.0000	512	256
010319.png	keep	2.7182	5.3333	512	256
010320.png	keep	3.3486	6.6667	512	256
010322.png	keep	1.7057	4.3333	512	256
010323.png	keep	7.3499	16.0000	512	256
010324.png	keep	4.4246	9.0000	512	256
010325.png	keep	3.4857	8.6667	512	256
010327.png	keep	2.1857	5.3333	512	256
010335.png	keep	1.7693	4.0000	512	256
010336.png	keep	5.5187	14.3333	512	256
010338.png	keep	2.1603	6.0000	512	256
010339.png	keep	2.9351	6.6667	512	256
010340.png	keep	3.1035	6.0000	512	256
010341.png	keep	2.4731	5.6667	512	256
010343.png	keep	3.3699	8.3333	512	256
010351.png	keep	2.0375	3.6667	512	256
010352.png	keep	4.1731	11.0000	512	256
010354.png	keep	6.6509	15.3333	512	256
010355.png	keep	3.7986	8.0000	512	256
010356.png	keep	1.8690	3.6667	512	256
010357.png	keep	2.6142	6.0000	512	256
010359.png	keep	1.7497	4.0000	512	256
010367.png	keep	2.3586	5.3333	512	256
010368.png	keep	5.2305	12.0000	512	256
010370.png	reject	7.9826	26.6667	512	256
010371.png	keep	1.9046	5.0000	512	256
010372.png	reject	10.0036	49.6667	512	256
010373.png	keep	2.0953	5.6667	512	256
010375.png	keep	5.2770	13.6667	512	256
010383.png	keep	1.7414	4.6667	512	256
010384.png	keep	5.0190	12.3333	512	256
010386.png	keep	1.7805	3.6667	512	256
010387.png	keep	3.7677	10.0000	512	256
010388.png	keep	2.4438	5.3333	512	256
010389.png	keep	1.9451	4.3333	512	256
010391.png	keep	2.9933	6.6667	512	256
010399.png	keep	2.5134	6.0000	512	256
010400.png	keep	4.0486	9.6667	512	256
010402.png	keep	1.6362	3.3333	512	256
010403.png	keep	2.5823	5.3333	512	256
010404.png	keep	8.2006	17.6667	512	256
010405.png	keep	4.4026	11.6667	512	256
010407.png	keep	5.1228	12.0000	512	256
010415.png	keep	2.1162	6.0000	512	256
010416.png	keep	3.2716	10.0000	512	256
010418.png	keep	1.6384	4.0000	512	256
010419.png	keep	3.8694	7.6667	512	256
010420.png	keep	3.4644	7.0000	512	256
010421.png	keep	2.5082	7.0000	512	256
010423.png	keep	5.0392	12.0000	512	256
010431.png	keep	2.5426	5.6667	512	256
010432.png	reject	7.9827	29.3333	512	256
010434.png	keep	4.6989	8.0000	512	256
010435.png	keep	2.5327	6.0000	512	256
010436.png	reject	11.6074	52.0000	512	256
010437.png	keep	3.6078	7.6667	512	256
010439.png	keep	4.4818	10.6667	512	256
010447.png	keep	2.6546	5.3333	512	256
010448.png	keep	3.3970	9.3333	512	256
010450.png	keep	3.8094	9.3333	512	256
010451.png	keep	2.1762	5.0000	512	256
010452.png	keep	3.1094	9.6667	512	256
010453.png	keep	4.0407	8.6667	512	256
010455.png	reject	7.9177	26.3333	512	256
010463.png	keep	1.8848	4.6667	512	256
010464.png	keep	2.8546	5.6667	512	256
010466.png	keep	1.4228	3.0000	512	256
010467.png	keep	2.3560	5.6667	512	256
010468.png	keep	6.8931	16.3333	512	256
010469.png	keep	3.1591	6.6667	512	256
010471.png	keep	5.1260	11.6667	512	256
010479.png	keep	2.4614	5.0000	512	256
010480.png	keep	1.8198	3.3333	512	256
010482.png	keep	5.0344	12.0000	512	256
010484.png	keep	1.7741	3.6667	512	256
010485.png	keep	2.0726	4.3333	512	256
010487.png	keep	2.3254	5.6667	512	256
010495.png	keep	3.9424	9.3333	512	256
010496.png	keep	1.9716	5.3333	512	256
010498.png	keep	2.7562	6.3333	512	256
010500.png	keep	1.6599	3.6667	512	256
010501.png	keep	3.0581	6.3333	512	256
010503.png	keep	1.8127	4.0000	512	256
010512.png	keep	3.4321	8.0000	512	256
010514.png	keep	2.3716	4.3333	512	256
010516.png	keep	2.3312	5.0000	512	256
010517.png	keep	2.8490	7.3333	512	256
010519.png	keep	1.5588	3.3333	512	256
010528.png	keep	4.1112	9.3333	512	256
010530.png	keep	3.6379	9.6667	512	256
010532.png	keep	1.5946	4.0000	512	256
010533.png	keep	6.4284	9.3333	512	256
010535.png	keep	1.6549	3.6667	512	256
010544.png	keep	3.6184	7.3333	512	256
010546.png	keep	1.4061	3.3333	512	256
010548.png	keep	2.9160	6.0000	512	256
010549.png	keep	5.3137	12.0000	512	256
010551.png	keep	1.1136	2.6667	512	256
010560.png	keep	1.3447	2.6667	512	256
010562.png	keep	4.8938	8.3333	512	256
010564.png	keep	2.2799	4.3333	512	256
010565.png	keep	3.0363	8.3333	512	256
010567.png	keep	1.4409	3.6667	512	256
010576.png	keep	4.1916	12.6667	512	256
010578.png	keep	3.9354	9.3333	512	256
010580.png	keep	1.8923	3.6667	512	256
010581.png	keep	5.6155	9.6667	512	256
010583.png	keep	1.5327	3.0000	512	256
010592.png	keep	2.5703	5.6667	512	256
010594.png	keep	3.0611	6.6667	512	256
010596.png	keep	2.0060	4.0000	512	256
010597.png	keep	2.0417	4.6667	512	256
010599.png	keep	1.3097	3.3333	512	256
010608.png	keep	4.1854	7.6667	512	256
010610.png	keep	1.6161	4.0000	512	256
010612.png	keep	2.7118	6.0000	512	256
010613.png	keep	3.0443	7.6667	512	256
010615.png	keep	3.1155	6.0000	512	256
010624.png	keep	4.4620	11.0000	512	256
010626.png	keep	4.7859	9.6667	512	256
010628.png	keep	1.7659	4.0000	512	256
010629.png	keep	3.5960	7.3333	512	256
010631.png	keep	1.4439	3.3333	512	256
010640.png	keep	3.3281	6.6667	512	256
010642.png	reject	10.2956	21.0000	512	256
010644.png	keep	4.1131	8.6667	512	256
010645.png	keep	3.2749	7.0000	512	256
010647.png	keep	2.8640	6.3333	512	256
010656.png	keep	3.1704	7.6667	512	256
010658.png	keep	2.7109	5.6667	512	256
010660.png	keep	2.3321	5.0000	512	256
010661.png	keep	2.7060	6.3333	512	256
010663.png	keep	1.1318	2.3333	512	256
010672.png	keep	2.1793	4.6667	512	256
010674.png	keep	3.4348	6.0000	512	256
010676.png	keep	2.1623	4.0000	512	256
010677.png	keep	2.1413	5.0000	512	256
010679.png	keep	0.9040	2.0000	512	256
010688.png	keep	2.3609	6.6667	512	256
010690.png	keep	4.3006	9.6667	512	256
010692.png	keep	9.4757	17.6667	512	256
010693.png	keep	2.8131	5.6667	512	256
010695.png	keep	3.6660	7.6667	512	256
010704.png	keep	1.8826	4.3333	512	256
010706.png	keep	2.5999	5.6667	512	256
010708.png	keep	4.4305	9.3333	512	256
010709.png	keep	2.4317	5.6667	512	256
010711.png	keep	1.7877	4.3333	512	256
010720.png	reject	17.5228	39.3333	512	256
010722.png	reject	12.3234	26.0000	512	256
010724.png	keep	3.0807	6.0000	512	256
010725.png	keep	3.0236	7.3333	512	256
010727.png	keep	1.6495	3.3333	512	256
010736.png	keep	6.9663	14.0000	512	256
010738.png	reject	12.4528	23.6667	512	256
010740.png	keep	2.3230	5.6667	512	256
010741.png	keep	2.7753	7.3333	512	256
010743.png	keep	3.9952	8.6667	512	256
010752.png	keep	2.6945	5.0000	512	256
010754.png	reject	17.0460	28.0000	512	256
010756.png	keep	1.9579	4.6667	512	256
010757.png	keep	2.3133	5.0000	512	256
010759.png	keep	2.3197	5.3333	512	256
010768.png	keep	2.7090	5.6667	512	256
010770.png	reject	16.7294	46.0000	512	256
010772.png	keep	1.9994	4.3333	512	256
010773.png	keep	2.4423	4.6667	512	256
010775.png	keep	1.9630	5.0000	512	256
010784.png	keep	2.0579	4.6667	512	256
010786.png	keep	2.7059	6.0000	512	256
010788.png	keep	2.2428	5.6667	512	256
010789.png	keep	1.8549	5.0000	512	256
010791.png	keep	1.7408	3.6667	512	256
010800.png	keep	3.3585	7.6667	512	256
010802.png	keep	3.1122	7.0000	512	256
010804.png	keep	2.9250	7.3333	512	256
010805.png	keep	4.3862	7.3333	512	256
010807.png	keep	1.7243	4.6667	512	256
010816.png	keep	2.6772	6.3333	512	256
010818.png	keep	2.0246	5.6667	512	256
010820.png	keep	3.5454	9.3333	512	256
010821.png	keep	3.0587	8.0000	512	256
010823.png	keep	1.3919	4.6667	512	256
010832.png	keep	2.5303	6.0000	512	256
010834.png	keep	3.7255	10.6667	512	256
010836.png	keep	2.3368	5.3333	512	256
010837.png	keep	2.2824	5.3333	512	256
010839.png	keep	3.4760	6.6667	512	256
010848.png	keep	3.4314	7.0000	512	256
010850.png	keep	3.0632	8.3333	512	256
010852.png	keep	3.8370	8.0000	512	256
010853.png	keep	3.5092	7.0000	512	256
010855.png	keep	6.3607	15.3333	512	256
010864.png	keep	2.7237	5.3333	512	256
010866.png	keep	2.1019	4.6667	512	256
010868.png	keep	3.8090	7.6667	512	256
010869.png	keep	3.6132	8.3333	512	256
010871.png	reject	7.9687	25.6667	512	256
010880.png	keep	3.1499	7.0000	512	256
010882.png	keep	3.1826	10.3333	512	256
010884.png	keep	2.5381	5.6667	512	256
010885.png	keep	3.1651	6.6667	512	256
010887.png	keep	2.9650	8.3333	512	256
010896.png	keep	3.7934	7.6667	512	256
010898.png	keep	2.0283	5.0000	512	256
010900.png	keep	1.5989	4.0000	512	256
010901.png	keep	3.2295	9.0000	512	256
010903.png	keep	2.6690	5.3333	512	256
010912.png	keep	2.2956	5.3333	512	256
010914.png	keep	3.1153	8.0000	512	256
010916.png	reject	17.1574	72.6667	512	256
010917.png	keep	2.5422	6.3333	512	256
010919.png	keep	1.0150	2.3333	512	256
010928.png	keep	1.7700	4.3333	512	256
010930.png	keep	3.1776	8.0000	512	256
010932.png	keep	3.5616	8.0000	512	256
010933.png	keep	3.0777	8.3333	512	256
010935.png	keep	1.4655	3.0000	512	256
010944.png	keep	3.8446	7.0000	512	256
010946.png	keep	2.5670	7.0000	512	256
010948.png	keep	3.5116	8.6667	512	256
010949.png	keep	2.7533	7.6667	512	256
010951.png	keep	2.8238	7.0000	512	256
010960.png	keep	4.3294	9.0000	512	256
010962.png	keep	2.6091	7.6667	512	256
010964.png	keep	5.4277	12.0000	512	256
010965.png	keep	3.6775	7.6667	512	256
010967.png	keep	7.0050	16.3333	512	256
010976.png	keep	6.3243	15.3333	512	256
010978.png	keep	1.4989	4.6667	512	256
010980.png	keep	4.3182	9.0000	512	256
010981.png	keep	2.7986	7.6667	512	256
010983.png	keep	2.1202	5.0000	512	256
010992.png	keep	3.8836	9.3333	512	256
010994.png	keep	2.9121	7.6667	512	256
010996.png	keep	4.5940	9.6667	512	256
010997.png	keep	2.8656	8.3333	512	256
010999.png	keep	2.5565	6.3333	512	256
011008.png	keep	3.6866	6.6667	512	256
011010.png	keep	2.8831	6.6667	512	256
011012.png	keep	3.3588	6.3333	512	256
011013.png	keep	3.5954	9.0000	512	256
011015.png	keep	1.5742	3.3333	512	256
011024.png	keep	5.8260	9.6667	512	256
011026.png	keep	2.0310	5.6667	512	256
011028.png	keep	3.8169	8.6667	512	256
011029.png	keep	3.0863	9.0000	512	256
011031.png	keep	3.5894	6.6667	512	256
011040.png	keep	4.9649	13.3333	512	256
011042.png	keep	4.8658	12.0000	512	256
011044.png	keep	2.8517	6.0000	512	256
011045.png	keep	2.6594	6.6667	512	256
011047.png	keep	1.7742	3.6667	512	256
011056.png	keep	2.4312	4.3333	512	256
011058.png	keep	2.7039	6.0000	512	256
011060.png	keep	2.0377	4.3333	512	256
011061.png	keep	5.8952	12.3333	512	256
011063.png	keep	2.3998	6.6667	512	256
011072.png	keep	1.2113	2.6667	512	256
011074.png	keep	2.5877	5.3333	512	256
011076.png	keep	1.6242	3.3333	512	256
011077.png	keep	2.4800	6.0000	512	256
011079.png	keep	3.1832	10.3333	512	256
011088.png	keep	2.0874	4.6667	512	256
011090.png	keep	2.5163	5.6667	512	256
011092.png	keep	3.0556	8.6667	512	256
011093.png	keep	3.4687	11.6667	512	256
011095.png	keep	1.9593	6.0000	512	256
011104.png	keep	5.1949	14.3333	512	256
011106.png	keep	2.4047	5.3333	512	256
011108.png	keep	1.5529	3.3333	512	256
011109.png	keep	1.8954	4.0000	512	256
011111.png	keep	2.5084	5.6667	512	256
011120.png	keep	1.5658	3.6667	512	256
011122.png	keep	1.8262	4.0000	512	256
011124.png	keep	5.3806	11.0000	512	256
011125.png	keep	4.6644	8.0000	512	256
011127.png	keep	1.6941	5.0000	512	256
011136.png	keep	1.6767	3.6667	512	256
011138.png	keep	2.3611	5.3333	512	256
011140.png	keep	3.0809	6.6667	512	256
011141.png	keep	2.9841	8.3333	512	256
011143.png	keep	3.5653	8.3333	512	256
011152.png	keep	1.8120	4.0000	512	256
011154.png	keep	3.5193	9.0000	512	256
011156.png	keep	2.6081	6.0000	512	256
011157.png	keep	3.3348	7.0000	512	256
011159.png	keep	1.2457	2.6667	512	256
011168.png	keep	2.2232	5.0000	512	256
011170.png	keep	7.4493	16.6667	512	256
011172.png	keep	2.0378	5.3333	512	256
011173.png	keep	3.8170	9.0000	512	256
011175.png	keep	2.9425	6.0000	512	256
011184.png	keep	2.7147	6.6667	512	256
011186.png	keep	3.8282	7.6667	512	256
011188.png	keep	4.6110	12.3333	512	256
011189.png	keep	3.8059	7.6667	512	256
011191.png	keep	1.4411	3.6667	512	256
011200.png	keep	2.5348	5.0000	512	256
011202.png	keep	3.1532	7.6667	512	256
011204.png	keep	5.7099	15.0000	512	256
011205.png	keep	3.6086	10.0000	512	256
011207.png	keep	1.6070	4.3333	512	256
011216.png	keep	2.5481	6.6667	512	256
011218.png	keep	6.8307	12.3333	512	256
011220.png	keep	2.3428	7.3333	512	256
011221.png	keep	3.4104	8.6667	512	256
011223.png	keep	2.8138	10.3333	512	256
011232.png	keep	1.6710	3.6667	512	256
011234.png	keep	4.8448	11.3333	512	256
011236.png	keep	2.6273	8.0000	512	256
011237.png	keep	2.3533	4.6667	512	256
011239.png	keep	3.5113	7.0000	512	256
011248.png	keep	3.4967	8.3333	512	256
011250.png	keep	1.8850	4.6667	512	256
011252.png	keep	8.0786	13.0000	512	256
011253.png	keep	1.8372	5.0000	512	256
011255.png	keep	1.3339	3.0000	512	256
011264.png	keep	4.3016	20.6667	512	256
011266.png	reject	11.4019	54.3333	512	256
011268.png	keep	4.5949	8.6667	512	256
011269.png	keep	1.6660	4.6667	512	256
011271.png	keep	3.2129	6.3333	512	256
011280.png	keep	3.8363	8.6667	512	256
011282.png	reject	11.0364	25.3333	512	256
011284.png	keep	3.4534	7.0000	512	256
011285.png	keep	2.9127	7.3333	512	256
011287.png	keep	5.9449	12.3333	512	256
011296.png	keep	3.4862	8.0000	512	256
011298.png	keep	3.9205	8.6667	512	256
011300.png	keep	3.1419	7.3333	512	256
011301.png	keep	2.7283	8.3333	512	256
011303.png	keep	3.3941	7.3333	512	256
011312.png	keep	5.5302	16.6667	512	256
011314.png	keep	5.3243	11.0000	512	256
011316.png	keep	3.4452	8.0000	512	256
011317.png	keep	3.3156	10.3333	512	256
011319.png	keep	2.9414	6.3333	512	256
011328.png	keep	1.6202	3.3333	512	256
011330.png	keep	6.0511	10.0000	512	256
011332.png	keep	1.9821	5.6667	512	256
011333.png	keep	2.8701	10.6667	512	256
011335.png	keep	1.8032	4.3333	512	256
011344.png	keep	1.8406	3.3333	512	256
011346.png	keep	4.1810	9.0000	512	256
011348.png	keep	3.0761	9.3333	512	256
011349.png	keep	2.6957	8.3333	512	256
011351.png	keep	2.2254	4.6667	512	256
011360.png	keep	1.7169	4.6667	512	256
011362.png	keep	3.2026	6.6667	512	256
011364.png	keep	4.5558	11.6667	512	256
011365.png	keep	2.6208	7.6667	512	256
011367.png	keep	2.9115	7.3333	512	256
011376.png	keep	1.9996	4.6667	512	256
011378.png	keep	2.7342	5.3333	512	256
011380.png	keep	2.6625	8.0000	512	256
011381.png	keep	3.8195	13.0000	512	256
011383.png	keep	3.4894	9.0000	512	256
011392.png	reject	11.0134	26.0000	512	256
011394.png	keep	2.0965	4.0000	512	256
011396.png	keep	4.1112	9.3333	512	256
011397.png	keep	2.7551	7.6667	512	256
011399.png	keep	5.1773	10.6667	512	256
011408.png	keep	4.9427	20.0000	512	256
011410.png	keep	3.0676	7.0000	512	256
011412.png	keep	3.3727	8.0000	512	256
011413.png	keep	3.2576	10.3333	512	256
011415.png	keep	3.5992	7.0000	512	256
011424.png	reject	6.3007	28.6667	512	256
011426.png	keep	3.6895	7.0000	512	256
011428.png	keep	2.9690	7.3333	512	256
011429.png	keep	2.7048	7.0000	512	256
011431.png	keep	2.5140	5.6667	512	256
011440.png	keep	2.2350	5.3333	512	256
011442.png	keep	1.4961	3.0000	512	256
011444.png	keep	3.2108	8.0000	512	256
011445.png	keep	2.2023	6.0000	512	256
011447.png	keep	2.1542	4.6667	512	256
011456.png	keep	1.8423	4.3333	512	256
011458.png	keep	2.9866	6.3333	512	256
011460.png	keep	2.2912	5.0000	512	256
011461.png	keep	3.6827	11.3333	512	256
011463.png	keep	4.8863	11.3333	512	256
011472.png	keep	1.9031	4.6667	512	256
011474.png	keep	3.7349	10.0000	512	256
011476.png	keep	3.1390	7.3333	512	256
011477.png	keep	2.6048	8.3333	512	256
011479.png	keep	2.6684	5.3333	512	256
011488.png	reject	10.8001	26.6667	512	256
011490.png	reject	12.3577	16.6667	512	256
011492.png	keep	1.8970	4.0000	512	256
011493.png	keep	3.1756	9.0000	512	256
011495.png	keep	2.2593	5.0000	512	256
011504.png	keep	2.1092	5.3333	512	256
011506.png	keep	2.1119	4.0000	512	256
011508.png	keep	2.0079	5.0000	512	256
011509.png	keep	3.6614	7.0000	512	256
011511.png	keep	4.5923	12.0000	512	256
011520.png	keep	1.3161	3.6667	512	256
011522.png	keep	6.1629	13.6667	512	256
011524.png	keep	2.3057	6.0000	512	256
011525.png	keep	4.2345	7.6667	512	256
011527.png	keep	2.2079	5.0000	512	256
011536.png	keep	1.6399	4.0000	512	256
011538.png	keep	5.1757	14.6667	512	256
011540.png	keep	3.0280	7.3333	512	256
011541.png	keep	2.6549	5.6667	512	256
011543.png	keep	2.9665	5.6667	512	256
011552.png	keep	2.1115	5.3333	512	256
011554.png	keep	2.9449	7.3333	512	256
011556.png	keep	2.2717	6.3333	512	256
011557.png	keep	2.5557	5.0000	512	256
011559.png	keep	2.9602	6.3333	512	256
011568.png	keep	3.1312	7.0000	512	256
011570.png	keep	5.8325	12.3333	512	256
011572.png	keep	2.3451	5.3333	512	256
011573.png	keep	2.2804	5.3333	512	256
011575.png	keep	4.7432	9.6667	512	256
011584.png	keep	6.2194	11.0000	512	256
011586.png	keep	4.1012	9.3333	512	256
011588.png	keep	2.6050	6.0000	512	256
011589.png	keep	1.6326	4.0000	512	256
011591.png	keep	2.4581	6.6667	512	256
011600.png	keep	3.6119	9.0000	512	256
011602.png	keep	5.8505	12.0000	512	256
011604.png	keep	2.0130	5.6667	512	256
011605.png	keep	2.0282	4.3333	512	256
011607.png	keep	4.0650	9.0000	512	256
011616.png	keep	5.5190	20.3333	512	256
011618.png	keep	1.9925	4.3333	512	256
011620.png	keep	2.2206	5.6667	512	256
011621.png	keep	2.2055	5.3333	512	256
011623.png	keep	2.2936	6.0000	512	256
011632.png	keep	4.4640	14.0000	512	256
011634.png	keep	1.6780	3.6667	512	256
011636.png	keep	1.6216	3.6667	512	256
011637.png	keep	1.8666	4.3333	512	256
011639.png	keep	3.0130	6.0000	512	256
011648.png	keep	2.3101	5.6667	512	256
011650.png	keep	2.0526	5.0000	512	256
011652.png	keep	1.8325	4.3333	512	256
011653.png	keep	4.4148	10.6667	512	256
011655.png	keep	3.4087	7.6667	512	256
011664.png	keep	1.8063	4.3333	512	256
011666.png	reject	20.7327	51.6667	512	256
011668.png	keep	2.5034	7.0000	512	256
011669.png	keep	3.4370	10.3333	512	256
011671.png	keep	2.5145	6.0000	512	256
011680.png	keep	1.6134	4.0000	512	256
011682.png	keep	5.0340	9.6667	512	256
011684.png	keep	2.9800	8.3333	512	256
011685.png	keep	4.4234	14.3333	512	256
011687.png	keep	2.2045	5.0000	512	256
011696.png	keep	2.4053	4.3333	512	256
011698.png	keep	2.8273	5.6667	512	256
011700.png	keep	3.4933	11.6667	512	256
011701.png	keep	2.2574	6.0000	512	256
011703.png	keep	3.8691	8.0000	512	256
011712.png	keep	2.6124	5.0000	512	256
011714.png	keep	2.0493	4.3333	512	256
011716.png	keep	2.7659	7.0000	512	256
011717.png	keep	2.9024	7.0000	512	256
011719.png	keep	1.8421	4.3333	512	256
011728.png	keep	3.9445	7.0000	512	256
011730.png	keep	3.6290	8.3333	512	256
011732.png	keep	2.7377	5.6667	512	256
011733.png	keep	3.7564	9.3333	512	256
011735.png	keep	2.2081	5.3333	512	256
011744.png	keep	2.7721	5.0000	512	256
011746.png	keep	2.7689	5.6667	512	256
011748.png	keep	1.9845	5.6667	512	256
011749.png	keep	3.4025	10.6667	512	256
011751.png	keep	2.9063	7.6667	512	256
011760.png	keep	1.4159	3.3333	512	256
011762.png	keep	1.6169	3.0000	512	256
011764.png	keep	1.8216	4.3333	512	256
011767.png	keep	3.9001	10.3333	512	256
011776.png	keep	7.0151	15.0000	512	256
011778.png	keep	2.8836	6.6667	512	256
011780.png	keep	2.4173	7.3333	512	256
011783.png	keep	2.5902	5.6667	512	256
011792.png	reject	7.2322	22.3333	512	256
011794.png	keep	2.6086	6.3333	512	256
011796.png	keep	2.1821	5.3333	512	256
011799.png	keep	2.6970	6.3333	512	256
011808.png	keep	2.8913	7.6667	512	256
011810.png	keep	1.3639	3.0000	512	256
011812.png	keep	2.5296	5.6667	512	256
011815.png	keep	2.3781	8.3333	512	256
011824.png	keep	5.9006	9.3333	512	256
011826.png	keep	2.5113	6.0000	512	256
011828.png	keep	2.9693	8.6667	512	256
011831.png	keep	3.3091	7.3333	512	256
011840.png	reject	9.6212	34.6667	512	256
011842.png	keep	2.2367	4.0000	512	256
011844.png	keep	1.6477	4.0000	512	256
011847.png	keep	1.7383	4.0000	512	256
011856.png	reject	8.3281	26.6667	512	256
011858.png	keep	2.8056	6.0000	512	256
011860.png	keep	2.6564	7.0000	512	256
011863.png	keep	5.0557	12.3333	512	256
011872.png	reject	12.0706	24.0000	512	256
011874.png	keep	2.5048	5.3333	512	256
011876.png	keep	2.5013	5.3333	512	256
011879.png	keep	2.5240	5.0000	512	256
011888.png	keep	2.6418	4.3333	512	256
011890.png	keep	1.9117	4.3333	512	256
011892.png	keep	5.6618	15.0000	512	256
011895.png	keep	3.4428	7.6667	512	256
011904.png	keep	1.7171	3.0000	512	256
011906.png	keep	2.0100	4.6667	512	256
011908.png	keep	4.6930	9.0000	512	256
011911.png	keep	2.6240	5.6667	512	256
011922.png	keep	3.1670	5.6667	512	256
011927.png	keep	3.2080	9.6667	512	256
011938.png	keep	2.0711	4.3333	512	256
011943.png	keep	2.6362	6.3333	512	256
011954.png	keep	2.7628	6.6667	512	256
011959.png	keep	2.5296	5.3333	512	256
011970.png	keep	2.1761	4.3333	512	256
011975.png	keep	2.4467	7.3333	512	256
011986.png	keep	2.5693	6.0000	512	256
011991.png	keep	1.4693	3.6667	512	256
012002.png	keep	2.6306	6.6667	512	256
012007.png	keep	3.1383	6.6667	512	256
012018.png	keep	1.2865	3.0000	512	256
012023.png	keep	1.8857	4.3333	512	256
012034.png	keep	3.4520	8.0000	512	256
012039.png	keep	4.2505	11.3333	512	256
012050.png	keep	3.9000	8.0000	512	256
012055.png	keep	1.8591	4.6667	512	256
012066.png	keep	2.2802	5.3333	512	256
012071.png	keep	1.3606	3.3333	512	256
012082.png	keep	1.8791	4.3333	512	256
012087.png	keep	1.4798	3.6667	512	256
012098.png	keep	2.2587	5.0000	512	256
012103.png	keep	1.9381	4.0000	512	256
012119.png	keep	2.8328	5.6667	512	256
012135.png	keep	3.0443	8.0000	512	256
012151.png	keep	2.4222	6.0000	512	256
012167.png	keep	2.8635	6.0000	512	256
012183.png	keep	1.9725	4.3333	512	256
012199.png	keep	1.9359	5.0000	512	256
012215.png	keep	3.8024	10.3333	512	256
012231.png	keep	2.6227	7.3333	512	256
012247.png	keep	1.8679	4.3333	512	256
012263.png	keep	3.9530	11.6667	512	256
012279.png	keep	2.4330	5.3333	512	256
012295.png	keep	2.5687	7.3333	512	256
012311.png	keep	3.5550	9.0000	512	256
012327.png	keep	4.1892	10.0000	512	256
012343.png	keep	4.4852	12.3333	512	256
012359.png	keep	3.5703	12.3333	512	256
012375.png	keep	2.8915	6.0833	512	256
012391.png	keep	3.4569	7.3333	512	256
012407.png	keep	3.2648	5.6667	512	256
012423.png	keep	3.5194	10.0000	512	256
012439.png	keep	4.1649	9.3333	512	256
012455.png	keep	3.1641	12.3333	512	256
012471.png	keep	9.0756	14.3333	512	256
012487.png	keep	2.8202	7.0000	512	256
012503.png	keep	2.1775	4.6667	512	256
012519.png	keep	3.2792	8.6667	512	256
012535.png	keep	2.3017	5.6667	512	256
012551.png	keep	3.3697	8.3333	512	256
012567.png	keep	2.6853	6.3333	512	256
012583.png	keep	3.6731	7.6667	512	256
012599.png	keep	2.4993	6.3333	512	256
012615.png	keep	2.8986	6.6667	512	256
012631.png	keep	3.4035	7.6667	512	256
012647.png	keep	3.1391	6.6667	512	256
