year,tile,crop,pred_start_doy,pred_end_doy,num_observations,model_test_mae_days
2024,0_12,Alfalfa,187,359,29,57.1
2024,0_13,Alfalfa,206,359,29,57.1
2024,0_16,Alfalfa,195,358,32,57.1
2024,0_2,Alfalfa,232,360,59,57.1
2024,0_3,Alfalfa,243,357,34,57.1
2024,0_4,Alfalfa,227,359,36,57.1
2024,10_17,Alfalfa,218,343,22,57.1
2024,10_18,Alfalfa,220,343,23,57.1
2024,11_17,Alfalfa,238,345,26,57.1
2024,11_18,Alfalfa,230,345,25,57.1
2024,11_19,Alfalfa,217,342,22,57.1
2024,12_19,Alfalfa,235,346,25,57.1
2024,13_18,Alfalfa,217,346,47,57.1
2024,13_19,Alfalfa,238,345,24,57.1
2024,14_18,Alfalfa,179,347,46,57.1
2024,15_19,Alfalfa,174,346,52,57.1
2024,16_16,Alfalfa,202,355,57,57.1
2024,16_17,Alfalfa,155,347,50,57.1
2024,16_18,Alfalfa,213,345,22,57.1
2024,17_17,Alfalfa,214,343,24,57.1
2024,17_18,Alfalfa,201,345,24,57.1
2024,17_19,Alfalfa,215,345,23,57.1
2024,18_12,Alfalfa,233,355,25,57.1
2024,18_13,Alfalfa,230,354,27,57.1
2024,18_16,Alfalfa,225,353,27,57.1
2024,18_17,Alfalfa,234,346,20,57.1
2024,18_18,Alfalfa,219,345,23,57.1
2024,18_19,Alfalfa,201,346,24,57.1
2024,19_11,Alfalfa,214,354,28,57.1
2024,19_12,Alfalfa,180,355,30,57.1
2024,19_13,Alfalfa,218,354,27,57.1
2024,19_14,Alfalfa,230,353,27,57.1
2024,19_15,Alfalfa,236,346,27,57.1
2024,19_16,Alfalfa,191,356,26,57.1
2024,19_18,Alfalfa,243,343,20,57.1
2024,1_12,Alfalfa,200,359,29,57.1
2024,1_13,Alfalfa,200,359,29,57.1
2024,1_16,Alfalfa,175,358,30,57.1
2024,1_3,Alfalfa,222,359,58,57.1
2024,1_4,Alfalfa,243,358,58,57.1
2024,2_0,Alfalfa,202,359,58,57.1
2024,2_3,Alfalfa,227,360,66,57.1
2024,2_4,Alfalfa,226,360,62,57.1
2024,2_5,Alfalfa,204,360,60,57.1
2024,2_6,Alfalfa,215,359,57,57.1
2024,3_0,Alfalfa,204,347,33,57.1
2024,3_1,Alfalfa,187,359,55,57.1
2024,3_2,Alfalfa,281,342,20,57.1
2024,3_3,Alfalfa,229,359,61,57.1
2024,3_4,Alfalfa,228,356,54,57.1
2024,3_5,Alfalfa,234,359,55,57.1
2024,3_6,Alfalfa,245,357,54,57.1
2024,3_7,Alfalfa,219,359,61,57.1
2024,4_0,Alfalfa,229,346,20,57.1
2024,4_1,Alfalfa,261,344,20,57.1
2024,4_19,Alfalfa,183,359,53,57.1
2024,4_2,Alfalfa,270,343,20,57.1
2024,4_3,Alfalfa,272,344,25,57.1
2024,4_4,Alfalfa,276,342,20,57.1
2024,4_6,Alfalfa,296,356,51,57.1
2024,4_7,Alfalfa,263,359,56,57.1
2024,5_0,Alfalfa,265,344,20,57.1
2024,5_18,Alfalfa,160,360,58,57.1
2024,5_2,Alfalfa,222,345,24,57.1
2024,5_5,Alfalfa,286,342,21,57.1
2024,5_6,Alfalfa,270,344,18,57.1
2024,5_7,Alfalfa,265,341,21,57.1
2024,6_0,Alfalfa,249,345,25,57.1
2024,6_1,Alfalfa,247,344,20,57.1
2024,6_17,Alfalfa,188,359,53,57.1
2024,6_2,Alfalfa,265,344,20,57.1
2024,6_5,Alfalfa,296,339,20,57.1
2024,6_6,Alfalfa,242,356,27,57.1
2024,6_7,Alfalfa,280,341,24,57.1
2024,7_0,Alfalfa,261,342,24,57.1
2024,7_17,Alfalfa,211,343,24,57.1
2024,7_19,Alfalfa,217,343,23,57.1
2024,7_3,Alfalfa,262,353,27,57.1
2024,7_4,Alfalfa,239,356,26,57.1
2024,7_6,Alfalfa,256,354,25,57.1
2024,9_19,Alfalfa,256,342,21,57.1
2024,15_12,Apples,183,361,41,51.0
2024,15_13,Apples,169,361,48,51.0
2024,15_14,Apples,183,361,55,51.0
2024,15_15,Apples,207,361,51,51.0
2024,16_12,Apples,186,361,24,51.0
2024,16_14,Apples,191,361,27,51.0
2024,16_15,Apples,187,361,26,51.0
2024,16_16,Apples,203,361,56,51.0
2024,16_17,Apples,185,361,48,51.0
2024,17_12,Apples,186,361,21,51.0
2024,17_13,Apples,167,361,27,51.0
2024,17_14,Apples,174,361,24,51.0
2024,17_16,Apples,241,361,28,51.0
2024,17_18,Apples,180,361,23,51.0
2024,17_19,Apples,172,361,21,51.0
2024,18_12,Apples,184,361,29,51.0
2024,18_13,Apples,174,361,27,51.0
2024,18_14,Apples,181,361,28,51.0
2024,18_15,Apples,171,361,27,51.0
2024,18_17,Apples,215,361,23,51.0
2024,18_19,Apples,175,361,24,51.0
2024,19_12,Apples,186,361,28,51.0
2024,19_14,Apples,181,361,25,51.0
2024,19_15,Apples,223,361,26,51.0
2024,19_16,Apples,173,361,24,51.0
2024,19_17,Apples,176,361,24,51.0
2024,19_18,Apples,180,361,23,51.0
2024,19_19,Apples,183,361,24,51.0
2024,3_19,Apples,187,361,30,51.0
2024,4_18,Apples,201,361,56,51.0
2024,5_16,Apples,203,361,63,51.0
2024,5_18,Apples,199,361,58,51.0
2024,5_19,Apples,202,361,55,51.0
2024,6_17,Apples,203,361,70,51.0
2024,6_18,Apples,204,361,57,51.0
2024,6_19,Apples,201,361,51,51.0
2024,7_17,Apples,199,361,57,51.0
2024,0_17,Barley,170,355,30,48.1
2024,1_16,Barley,170,355,32,48.1
2024,1_17,Barley,181,355,25,48.1
2024,1_18,Barley,181,355,27,48.1
2024,2_17,Barley,178,355,26,48.1
2024,7_17,Barley,209,355,56,48.1
2024,10_0,Blueberries,227,360,47,44.0
2024,10_1,Blueberries,233,360,47,44.0
2024,10_2,Blueberries,288,360,26,44.0
2024,10_3,Blueberries,244,360,26,44.0
2024,10_4,Blueberries,235,360,29,44.0
2024,10_5,Blueberries,237,360,24,44.0
2024,10_6,Blueberries,254,360,23,44.0
2024,11_16,Blueberries,269,360,27,44.0
2024,11_17,Blueberries,262,360,27,44.0
2024,12_17,Blueberries,264,360,27,44.0
2024,15_3,Blueberries,255,360,23,44.0
2024,15_4,Blueberries,254,360,21,44.0
2024,15_5,Blueberries,255,360,21,44.0
2024,15_6,Blueberries,276,360,22,44.0
2024,15_7,Blueberries,284,360,18,44.0
2024,16_2,Blueberries,277,360,22,44.0
2024,16_3,Blueberries,259,360,23,44.0
2024,16_4,Blueberries,255,360,21,44.0
2024,16_5,Blueberries,274,360,21,44.0
2024,16_6,Blueberries,267,360,20,44.0
2024,16_7,Blueberries,275,360,20,44.0
2024,17_3,Blueberries,273,360,21,44.0
2024,17_4,Blueberries,274,360,21,44.0
2024,1_17,Blueberries,251,360,25,44.0
2024,1_18,Blueberries,312,360,26,44.0
2024,2_17,Blueberries,288,360,24,44.0
2024,2_18,Blueberries,294,360,27,44.0
2024,3_17,Blueberries,239,360,27,44.0
2024,3_18,Blueberries,230,360,29,44.0
2024,3_19,Blueberries,215,360,30,44.0
2024,5_19,Blueberries,188,360,50,44.0
2024,7_14,Blueberries,265,360,23,44.0
2024,7_15,Blueberries,265,360,24,44.0
2024,7_16,Blueberries,247,360,25,44.0
2024,7_3,Blueberries,238,360,29,44.0
2024,8_15,Blueberries,252,360,24,44.0
2024,8_2,Blueberries,288,360,26,44.0
2024,8_3,Blueberries,244,360,25,44.0
2024,8_4,Blueberries,241,360,25,44.0
2024,8_5,Blueberries,242,360,25,44.0
2024,8_6,Blueberries,248,360,23,44.0
2024,8_7,Blueberries,250,360,25,44.0
2024,9_14,Blueberries,266,360,24,44.0
2024,9_15,Blueberries,249,360,23,44.0
2024,9_16,Blueberries,260,360,24,44.0
2024,9_2,Blueberries,290,360,26,44.0
2024,9_3,Blueberries,247,360,26,44.0
2024,9_4,Blueberries,246,360,26,44.0
2024,9_5,Blueberries,259,360,25,44.0
2024,9_6,Blueberries,268,360,20,44.0
2024,10_2,Cabbage,198,342,35,51.6
2024,10_3,Cabbage,208,342,29,51.6
2024,10_4,Cabbage,207,342,29,51.6
2024,10_5,Cabbage,219,342,26,51.6
2024,10_6,Cabbage,216,342,25,51.6
2024,11_2,Cabbage,222,343,57,51.6
2024,7_0,Cabbage,186,341,25,51.6
2024,7_1,Cabbage,220,342,26,51.6
2024,7_2,Cabbage,210,342,29,51.6
2024,7_3,Cabbage,209,342,30,51.6
2024,7_4,Cabbage,195,342,25,51.6
2024,7_5,Cabbage,145,342,22,51.6
2024,8_0,Cabbage,212,342,26,51.6
2024,8_1,Cabbage,203,342,26,51.6
2024,8_2,Cabbage,214,342,28,51.6
2024,8_3,Cabbage,215,342,29,51.6
2024,8_4,Cabbage,167,342,25,51.6
2024,8_7,Cabbage,233,342,25,51.6
2024,9_0,Cabbage,200,343,45,51.6
2024,9_1,Cabbage,208,342,26,51.6
2024,9_3,Cabbage,215,342,29,51.6
2024,9_4,Cabbage,205,342,25,51.6
2024,9_6,Cabbage,219,342,24,51.6
2024,0_12,Corn,211,274,29,23.6
2024,0_13,Corn,214,284,29,23.6
2024,0_16,Corn,237,273,33,23.6
2024,0_17,Corn,217,267,34,23.6
2024,0_18,Corn,231,274,27,23.6
2024,0_19,Corn,269,302,28,23.6
2024,0_3,Corn,241,281,39,23.6
2024,0_4,Corn,213,327,34,23.6
2024,0_5,Corn,216,306,36,23.6
2024,0_7,Corn,231,351,37,23.6
2024,10_0,Corn,211,350,54,23.6
2024,10_1,Corn,221,347,53,23.6
2024,10_10,Corn,212,277,26,23.6
2024,10_11,Corn,254,315,26,23.6
2024,10_12,Corn,258,281,28,23.6
2024,10_13,Corn,258,349,25,23.6
2024,10_16,Corn,237,350,26,23.6
2024,10_18,Corn,220,250,24,23.6
2024,10_2,Corn,220,289,61,23.6
2024,10_3,Corn,218,305,59,23.6
2024,10_4,Corn,214,304,54,23.6
2024,10_5,Corn,218,342,28,23.6
2024,10_6,Corn,215,265,30,23.6
2024,10_7,Corn,213,272,31,23.6
2024,10_8,Corn,213,265,26,23.6
2024,10_9,Corn,212,294,26,23.6
2024,11_0,Corn,211,341,54,23.6
2024,11_1,Corn,212,345,54,23.6
2024,11_10,Corn,211,270,48,23.6
2024,11_11,Corn,212,261,26,23.6
2024,11_12,Corn,217,277,29,23.6
2024,11_13,Corn,209,279,28,23.6
2024,11_14,Corn,211,265,28,23.6
2024,11_15,Corn,230,347,28,23.6
2024,11_16,Corn,212,300,27,23.6
2024,11_17,Corn,209,292,28,23.6
2024,11_18,Corn,247,320,25,23.6
2024,11_19,Corn,237,326,25,23.6
2024,11_2,Corn,217,274,61,23.6
2024,11_3,Corn,214,325,59,23.6
2024,11_4,Corn,214,259,54,23.6
2024,11_5,Corn,217,299,54,23.6
2024,11_6,Corn,215,266,54,23.6
2024,11_7,Corn,211,276,58,23.6
2024,11_8,Corn,209,304,50,23.6
2024,11_9,Corn,210,268,50,23.6
2024,12_0,Corn,210,341,48,23.6
2024,12_1,Corn,209,332,48,23.6
2024,12_10,Corn,209,263,47,23.6
2024,12_11,Corn,210,264,47,23.6
2024,12_12,Corn,213,263,56,23.6
2024,12_13,Corn,212,252,49,23.6
2024,12_14,Corn,212,280,50,23.6
2024,12_15,Corn,212,255,48,23.6
2024,12_16,Corn,220,255,24,23.6
2024,12_18,Corn,281,349,24,23.6
2024,12_2,Corn,211,289,56,23.6
2024,12_3,Corn,210,288,56,23.6
2024,12_4,Corn,209,271,44,23.6
2024,12_5,Corn,209,262,44,23.6
2024,12_6,Corn,208,266,44,23.6
2024,12_7,Corn,210,269,54,23.6
2024,12_8,Corn,209,266,47,23.6
2024,12_9,Corn,209,268,47,23.6
2024,13_0,Corn,218,279,20,23.6
2024,13_1,Corn,212,331,48,23.6
2024,13_10,Corn,210,264,47,23.6
2024,13_11,Corn,209,259,47,23.6
2024,13_12,Corn,212,265,56,23.6
2024,13_13,Corn,212,267,50,23.6
2024,13_14,Corn,212,267,50,23.6
2024,13_15,Corn,214,272,50,23.6
2024,13_16,Corn,214,266,56,23.6
2024,13_17,Corn,211,313,54,23.6
2024,13_18,Corn,215,267,48,23.6
2024,13_19,Corn,229,346,46,23.6
2024,13_2,Corn,209,301,56,23.6
2024,13_3,Corn,209,292,56,23.6
2024,13_4,Corn,208,257,44,23.6
2024,13_5,Corn,209,295,44,23.6
2024,13_6,Corn,210,271,44,23.6
2024,13_7,Corn,211,268,54,23.6
2024,13_8,Corn,209,270,47,23.6
2024,13_9,Corn,209,263,47,23.6
2024,14_0,Corn,218,261,20,23.6
2024,14_1,Corn,216,281,20,23.6
2024,14_10,Corn,209,265,47,23.6
2024,14_11,Corn,209,268,47,23.6
2024,14_12,Corn,214,269,56,23.6
2024,14_13,Corn,211,270,50,23.6
2024,14_14,Corn,211,272,50,23.6
2024,14_15,Corn,213,266,50,23.6
2024,14_16,Corn,214,271,56,23.6
2024,14_17,Corn,214,269,56,23.6
2024,14_18,Corn,222,256,48,23.6
2024,14_19,Corn,215,349,47,23.6
2024,14_2,Corn,212,305,26,23.6
2024,14_3,Corn,209,292,26,23.6
2024,14_4,Corn,209,307,21,23.6
2024,14_5,Corn,211,305,21,23.6
2024,14_6,Corn,211,258,21,23.6
2024,14_7,Corn,209,281,54,23.6
2024,14_8,Corn,209,268,47,23.6
2024,14_9,Corn,209,260,47,23.6
2024,15_0,Corn,217,263,20,23.6
2024,15_1,Corn,217,269,20,23.6
2024,15_10,Corn,211,263,48,23.6
2024,15_11,Corn,213,268,58,23.6
2024,15_12,Corn,212,266,60,23.6
2024,15_13,Corn,211,271,56,23.6
2024,15_14,Corn,213,264,56,23.6
2024,15_15,Corn,212,267,56,23.6
2024,15_16,Corn,215,268,62,23.6
2024,15_17,Corn,216,274,62,23.6
2024,15_18,Corn,214,271,53,23.6
2024,15_19,Corn,213,288,53,23.6
2024,15_2,Corn,210,263,26,23.6
2024,15_3,Corn,210,263,26,23.6
2024,15_4,Corn,213,273,23,23.6
2024,15_5,Corn,213,302,23,23.6
2024,15_6,Corn,212,259,23,23.6
2024,15_7,Corn,209,303,28,23.6
2024,15_8,Corn,212,262,25,23.6
2024,15_9,Corn,210,256,25,23.6
2024,16_0,Corn,228,261,19,23.6
2024,16_1,Corn,225,264,19,23.6
2024,16_10,Corn,209,265,25,23.6
2024,16_11,Corn,208,267,30,23.6
2024,16_12,Corn,208,273,30,23.6
2024,16_13,Corn,209,265,27,23.6
2024,16_14,Corn,209,267,52,23.6
2024,16_15,Corn,209,268,52,23.6
2024,16_16,Corn,214,268,59,23.6
2024,16_17,Corn,214,266,58,23.6
2024,16_18,Corn,215,270,55,23.6
2024,16_19,Corn,213,268,56,23.6
2024,16_2,Corn,211,259,23,23.6
2024,16_3,Corn,211,270,23,23.6
2024,16_4,Corn,213,267,21,23.6
2024,16_5,Corn,219,281,21,23.6
2024,16_6,Corn,215,260,21,23.6
2024,16_7,Corn,209,259,28,23.6
2024,16_8,Corn,219,246,25,23.6
2024,16_9,Corn,210,256,25,23.6
2024,17_0,Corn,237,292,20,23.6
2024,17_1,Corn,221,285,20,23.6
2024,17_10,Corn,210,259,25,23.6
2024,17_11,Corn,209,264,30,23.6
2024,17_12,Corn,207,266,31,23.6
2024,17_13,Corn,209,268,28,23.6
2024,17_14,Corn,208,274,28,23.6
2024,17_15,Corn,209,264,28,23.6
2024,17_16,Corn,210,270,29,23.6
2024,17_17,Corn,210,264,28,23.6
2024,17_18,Corn,213,256,41,23.6
2024,17_19,Corn,213,268,57,23.6
2024,17_2,Corn,210,263,25,23.6
2024,17_3,Corn,212,263,23,23.6
2024,17_4,Corn,213,296,23,23.6
2024,17_5,Corn,213,270,23,23.6
2024,17_6,Corn,215,261,23,23.6
2024,17_7,Corn,212,273,29,23.6
2024,17_8,Corn,218,254,25,23.6
2024,17_9,Corn,219,249,25,23.6
2024,18_0,Corn,246,259,20,23.6
2024,18_1,Corn,245,273,20,23.6
2024,18_10,Corn,215,254,25,23.6
2024,18_11,Corn,214,287,29,23.6
2024,18_12,Corn,212,258,31,23.6
2024,18_13,Corn,214,269,28,23.6
2024,18_14,Corn,210,263,28,23.6
2024,18_15,Corn,207,274,28,23.6
2024,18_16,Corn,208,264,29,23.6
2024,18_17,Corn,208,265,28,23.6
2024,18_18,Corn,211,259,24,23.6
2024,18_19,Corn,209,261,25,23.6
2024,18_2,Corn,214,314,25,23.6
2024,18_3,Corn,215,283,23,23.6
2024,18_4,Corn,230,255,23,23.6
2024,18_5,Corn,237,259,23,23.6
2024,18_6,Corn,238,265,23,23.6
2024,18_7,Corn,219,256,29,23.6
2024,18_8,Corn,230,275,25,23.6
2024,18_9,Corn,222,249,24,23.6
2024,19_0,Corn,247,260,43,23.6
2024,19_1,Corn,248,251,20,23.6
2024,19_10,Corn,232,268,25,23.6
2024,19_11,Corn,217,256,30,23.6
2024,19_12,Corn,226,265,31,23.6
2024,19_13,Corn,215,272,27,23.6
2024,19_14,Corn,214,272,28,23.6
2024,19_15,Corn,220,269,28,23.6
2024,19_16,Corn,209,267,29,23.6
2024,19_17,Corn,210,268,28,23.6
2024,19_18,Corn,211,256,24,23.6
2024,19_19,Corn,210,260,25,23.6
2024,19_2,Corn,214,262,25,23.6
2024,19_3,Corn,222,263,23,23.6
2024,19_4,Corn,223,252,23,23.6
2024,19_5,Corn,239,261,23,23.6
2024,19_6,Corn,229,255,23,23.6
2024,19_7,Corn,224,255,29,23.6
2024,19_8,Corn,216,254,25,23.6
2024,19_9,Corn,213,258,25,23.6
2024,1_12,Corn,213,273,29,23.6
2024,1_13,Corn,212,276,29,23.6
2024,1_16,Corn,215,267,36,23.6
2024,1_17,Corn,218,316,35,23.6
2024,1_18,Corn,270,303,27,23.6
2024,1_19,Corn,287,336,25,23.6
2024,1_3,Corn,213,323,58,23.6
2024,1_4,Corn,213,325,59,23.6
2024,1_5,Corn,211,343,57,23.6
2024,1_6,Corn,213,312,60,23.6
2024,1_7,Corn,266,349,36,23.6
2024,2_1,Corn,222,262,57,23.6
2024,2_12,Corn,209,351,36,23.6
2024,2_13,Corn,211,321,31,23.6
2024,2_16,Corn,228,268,36,23.6
2024,2_17,Corn,238,335,39,23.6
2024,2_18,Corn,229,302,34,23.6
2024,2_19,Corn,238,327,34,23.6
2024,2_2,Corn,222,276,65,23.6
2024,2_3,Corn,214,325,61,23.6
2024,2_4,Corn,232,272,62,23.6
2024,2_5,Corn,236,330,62,23.6
2024,2_6,Corn,226,313,62,23.6
2024,3_0,Corn,212,268,36,23.6
2024,3_1,Corn,213,307,33,23.6
2024,3_13,Corn,212,319,54,23.6
2024,3_14,Corn,211,280,50,23.6
2024,3_16,Corn,215,275,53,23.6
2024,3_17,Corn,217,309,35,23.6
2024,3_19,Corn,210,333,32,23.6
2024,3_2,Corn,222,294,65,23.6
2024,3_3,Corn,216,310,65,23.6
2024,3_4,Corn,214,348,54,23.6
2024,3_5,Corn,214,343,55,23.6
2024,3_6,Corn,221,331,54,23.6
2024,3_7,Corn,224,288,58,23.6
2024,4_0,Corn,286,316,20,23.6
2024,4_1,Corn,240,271,20,23.6
2024,4_11,Corn,214,340,50,23.6
2024,4_13,Corn,212,321,54,23.6
2024,4_17,Corn,218,285,51,23.6
2024,4_2,Corn,212,313,25,23.6
2024,4_3,Corn,216,328,25,23.6
2024,4_4,Corn,266,286,21,23.6
2024,4_5,Corn,223,297,53,23.6
2024,4_6,Corn,250,287,54,23.6
2024,4_7,Corn,224,281,59,23.6
2024,5_0,Corn,281,311,20,23.6
2024,5_11,Corn,216,294,50,23.6
2024,5_14,Corn,219,269,50,23.6
2024,5_17,Corn,231,323,57,23.6
2024,5_2,Corn,258,333,25,23.6
2024,5_3,Corn,262,309,21,23.6
2024,5_4,Corn,278,304,21,23.6
2024,5_5,Corn,241,314,21,23.6
2024,5_6,Corn,246,303,21,23.6
2024,5_7,Corn,253,327,24,23.6
2024,6_0,Corn,273,339,26,23.6
2024,6_1,Corn,279,333,26,23.6
2024,6_11,Corn,213,300,24,23.6
2024,6_12,Corn,213,305,31,23.6
2024,6_13,Corn,215,325,28,23.6
2024,6_14,Corn,212,278,36,23.6
2024,6_2,Corn,269,280,30,23.6
2024,6_3,Corn,258,311,20,23.6
2024,6_4,Corn,276,334,28,23.6
2024,6_5,Corn,259,267,28,23.6
2024,6_6,Corn,220,272,27,23.6
2024,6_7,Corn,244,267,28,23.6
2024,6_8,Corn,222,322,22,23.6
2024,6_9,Corn,241,320,23,23.6
2024,7_11,Corn,216,324,24,23.6
2024,7_12,Corn,242,274,29,23.6
2024,7_13,Corn,212,276,28,23.6
2024,7_15,Corn,218,293,23,23.6
2024,7_2,Corn,269,300,27,23.6
2024,7_3,Corn,275,341,28,23.6
2024,7_4,Corn,235,345,28,23.6
2024,7_6,Corn,257,264,19,23.6
2024,7_7,Corn,233,314,26,23.6
2024,8_0,Corn,224,324,24,23.6
2024,8_1,Corn,233,326,26,23.6
2024,8_10,Corn,260,299,24,23.6
2024,8_11,Corn,215,315,24,23.6
2024,8_12,Corn,212,272,28,23.6
2024,8_13,Corn,215,349,25,23.6
2024,8_19,Corn,223,349,23,23.6
2024,8_2,Corn,222,346,29,23.6
2024,8_3,Corn,253,313,25,23.6
2024,8_4,Corn,229,300,25,23.6
2024,8_6,Corn,274,310,23,23.6
2024,8_7,Corn,227,310,28,23.6
2024,8_8,Corn,292,343,23,23.6
2024,8_9,Corn,209,290,24,23.6
2024,9_0,Corn,271,342,30,23.6
2024,9_1,Corn,226,279,26,23.6
2024,9_10,Corn,282,335,24,23.6
2024,9_11,Corn,230,344,24,23.6
2024,9_12,Corn,243,258,27,23.6
2024,9_13,Corn,226,346,24,23.6
2024,9_14,Corn,253,349,24,23.6
2024,9_15,Corn,221,330,24,23.6
2024,9_19,Corn,290,349,23,23.6
2024,9_2,Corn,259,295,29,23.6
2024,9_3,Corn,239,336,29,23.6
2024,9_5,Corn,243,344,25,23.6
2024,9_6,Corn,247,283,25,23.6
2024,9_7,Corn,239,305,28,23.6
2024,9_8,Corn,274,317,22,23.6
2024,9_9,Corn,261,261,24,23.6
2024,0_12,Cotton,258,342,29,17.5
2024,0_13,Cotton,258,341,28,17.5
2024,0_15,Cotton,256,343,28,17.5
2024,0_16,Cotton,256,344,29,17.5
2024,0_2,Cotton,254,339,56,17.5
2024,0_3,Cotton,260,343,34,17.5
2024,0_4,Cotton,261,337,34,17.5
2024,0_6,Cotton,253,346,33,17.5
2024,10_0,Cotton,258,335,54,17.5
2024,10_1,Cotton,257,337,51,17.5
2024,10_10,Cotton,268,305,26,17.5
2024,10_11,Cotton,269,327,26,17.5
2024,10_12,Cotton,275,353,25,17.5
2024,10_13,Cotton,268,348,25,17.5
2024,10_15,Cotton,266,345,25,17.5
2024,10_2,Cotton,263,355,34,17.5
2024,10_3,Cotton,254,345,53,17.5
2024,10_4,Cotton,253,344,53,17.5
2024,10_5,Cotton,256,342,48,17.5
2024,10_6,Cotton,263,325,30,17.5
2024,10_7,Cotton,262,298,31,17.5
2024,10_8,Cotton,269,304,26,17.5
2024,10_9,Cotton,269,305,26,17.5
2024,11_0,Cotton,260,299,54,17.5
2024,11_1,Cotton,259,320,54,17.5
2024,11_10,Cotton,263,295,50,17.5
2024,11_11,Cotton,268,329,26,17.5
2024,11_12,Cotton,264,327,31,17.5
2024,11_13,Cotton,271,344,25,17.5
2024,11_14,Cotton,272,348,27,17.5
2024,11_15,Cotton,274,329,28,17.5
2024,11_16,Cotton,270,348,28,17.5
2024,11_17,Cotton,274,322,25,17.5
2024,11_2,Cotton,257,288,60,17.5
2024,11_3,Cotton,256,307,54,17.5
2024,11_4,Cotton,258,316,54,17.5
2024,11_5,Cotton,257,302,54,17.5
2024,11_6,Cotton,257,308,54,17.5
2024,11_7,Cotton,261,305,60,17.5
2024,11_8,Cotton,263,292,50,17.5
2024,11_9,Cotton,264,323,50,17.5
2024,12_0,Cotton,263,293,48,17.5
2024,12_1,Cotton,262,316,48,17.5
2024,12_10,Cotton,264,311,47,17.5
2024,12_11,Cotton,265,286,47,17.5
2024,12_12,Cotton,262,307,55,17.5
2024,12_13,Cotton,263,337,49,17.5
2024,12_14,Cotton,266,305,50,17.5
2024,12_15,Cotton,274,320,24,17.5
2024,12_16,Cotton,266,337,27,17.5
2024,12_2,Cotton,261,312,56,17.5
2024,12_3,Cotton,263,300,56,17.5
2024,12_4,Cotton,262,297,44,17.5
2024,12_5,Cotton,262,295,44,17.5
2024,12_6,Cotton,259,306,44,17.5
2024,12_7,Cotton,264,308,54,17.5
2024,12_8,Cotton,264,306,47,17.5
2024,12_9,Cotton,262,311,47,17.5
2024,13_0,Cotton,259,300,20,17.5
2024,13_1,Cotton,260,322,38,17.5
2024,13_10,Cotton,262,312,46,17.5
2024,13_11,Cotton,265,303,47,17.5
2024,13_12,Cotton,261,295,56,17.5
2024,13_13,Cotton,262,312,50,17.5
2024,13_14,Cotton,262,309,50,17.5
2024,13_15,Cotton,261,316,50,17.5
2024,13_16,Cotton,260,301,55,17.5
2024,13_17,Cotton,264,334,45,17.5
2024,13_2,Cotton,261,321,56,17.5
2024,13_3,Cotton,261,306,56,17.5
2024,13_4,Cotton,262,301,44,17.5
2024,13_5,Cotton,261,300,44,17.5
2024,13_6,Cotton,264,310,44,17.5
2024,13_7,Cotton,266,303,54,17.5
2024,13_8,Cotton,266,270,47,17.5
2024,13_9,Cotton,265,293,47,17.5
2024,14_0,Cotton,263,328,20,17.5
2024,14_1,Cotton,257,314,20,17.5
2024,14_10,Cotton,263,305,47,17.5
2024,14_11,Cotton,264,288,47,17.5
2024,14_12,Cotton,258,310,56,17.5
2024,14_13,Cotton,261,324,50,17.5
2024,14_14,Cotton,267,344,50,17.5
2024,14_15,Cotton,259,311,50,17.5
2024,14_16,Cotton,259,338,56,17.5
2024,14_17,Cotton,259,322,55,17.5
2024,14_18,Cotton,261,330,46,17.5
2024,14_2,Cotton,262,324,26,17.5
2024,14_3,Cotton,261,331,25,17.5
2024,14_4,Cotton,261,328,21,17.5
2024,14_5,Cotton,259,319,21,17.5
2024,14_6,Cotton,263,331,31,17.5
2024,14_7,Cotton,262,320,50,17.5
2024,14_8,Cotton,265,299,47,17.5
2024,14_9,Cotton,264,297,47,17.5
2024,15_0,Cotton,260,299,20,17.5
2024,15_1,Cotton,261,312,20,17.5
2024,15_10,Cotton,265,286,49,17.5
2024,15_11,Cotton,262,284,58,17.5
2024,15_12,Cotton,260,297,60,17.5
2024,15_13,Cotton,262,306,56,17.5
2024,15_14,Cotton,263,301,56,17.5
2024,15_15,Cotton,261,299,56,17.5
2024,15_16,Cotton,259,304,62,17.5
2024,15_17,Cotton,257,304,62,17.5
2024,15_18,Cotton,259,320,53,17.5
2024,15_19,Cotton,259,321,53,17.5
2024,15_2,Cotton,260,320,26,17.5
2024,15_3,Cotton,259,328,26,17.5
2024,15_4,Cotton,254,300,23,17.5
2024,15_5,Cotton,254,314,23,17.5
2024,15_6,Cotton,255,310,23,17.5
2024,15_7,Cotton,255,321,28,17.5
2024,15_8,Cotton,260,321,25,17.5
2024,15_9,Cotton,260,330,25,17.5
2024,16_0,Cotton,260,298,19,17.5
2024,16_1,Cotton,259,302,19,17.5
2024,16_10,Cotton,259,334,25,17.5
2024,16_11,Cotton,259,330,30,17.5
2024,16_12,Cotton,260,331,30,17.5
2024,16_13,Cotton,261,314,27,17.5
2024,16_14,Cotton,261,322,43,17.5
2024,16_15,Cotton,262,293,52,17.5
2024,16_16,Cotton,258,302,59,17.5
2024,16_17,Cotton,257,305,58,17.5
2024,16_18,Cotton,260,308,55,17.5
2024,16_19,Cotton,258,310,56,17.5
2024,16_2,Cotton,259,319,23,17.5
2024,16_3,Cotton,257,297,23,17.5
2024,16_4,Cotton,255,312,21,17.5
2024,16_5,Cotton,255,307,21,17.5
2024,16_6,Cotton,254,301,21,17.5
2024,16_7,Cotton,254,318,28,17.5
2024,16_8,Cotton,260,342,25,17.5
2024,16_9,Cotton,259,339,25,17.5
2024,17_0,Cotton,270,307,20,17.5
2024,17_1,Cotton,264,305,20,17.5
2024,17_10,Cotton,260,335,25,17.5
2024,17_11,Cotton,258,329,31,17.5
2024,17_12,Cotton,257,331,31,17.5
2024,17_13,Cotton,260,325,28,17.5
2024,17_14,Cotton,263,320,28,17.5
2024,17_15,Cotton,261,325,28,17.5
2024,17_16,Cotton,261,326,29,17.5
2024,17_17,Cotton,260,328,28,17.5
2024,17_18,Cotton,259,289,45,17.5
2024,17_19,Cotton,258,302,57,17.5
2024,17_2,Cotton,258,312,25,17.5
2024,17_3,Cotton,257,320,23,17.5
2024,17_4,Cotton,258,312,23,17.5
2024,17_5,Cotton,260,314,23,17.5
2024,17_6,Cotton,258,315,23,17.5
2024,17_7,Cotton,259,319,29,17.5
2024,17_8,Cotton,262,314,25,17.5
2024,17_9,Cotton,262,328,25,17.5
2024,18_0,Cotton,276,316,20,17.5
2024,18_1,Cotton,267,294,20,17.5
2024,18_10,Cotton,263,329,25,17.5
2024,18_11,Cotton,262,353,30,17.5
2024,18_12,Cotton,262,344,31,17.5
2024,18_13,Cotton,263,324,28,17.5
2024,18_14,Cotton,263,314,28,17.5
2024,18_15,Cotton,261,325,28,17.5
2024,18_16,Cotton,262,329,29,17.5
2024,18_17,Cotton,260,308,28,17.5
2024,18_18,Cotton,263,330,24,17.5
2024,18_19,Cotton,262,314,25,17.5
2024,18_2,Cotton,266,318,25,17.5
2024,18_3,Cotton,262,329,23,17.5
2024,18_4,Cotton,265,318,23,17.5
2024,18_5,Cotton,263,320,23,17.5
2024,18_6,Cotton,263,315,23,17.5
2024,18_7,Cotton,260,305,29,17.5
2024,18_8,Cotton,262,324,25,17.5
2024,18_9,Cotton,264,333,25,17.5
2024,19_0,Cotton,271,349,43,17.5
2024,19_1,Cotton,271,271,19,17.5
2024,19_10,Cotton,265,333,24,17.5
2024,19_11,Cotton,263,348,30,17.5
2024,19_12,Cotton,262,342,31,17.5
2024,19_13,Cotton,262,334,28,17.5
2024,19_14,Cotton,262,325,28,17.5
2024,19_15,Cotton,261,325,28,17.5
2024,19_16,Cotton,260,328,29,17.5
2024,19_17,Cotton,259,323,28,17.5
2024,19_18,Cotton,262,335,24,17.5
2024,19_19,Cotton,262,326,25,17.5
2024,19_2,Cotton,266,301,25,17.5
2024,19_3,Cotton,261,294,23,17.5
2024,19_4,Cotton,264,296,23,17.5
2024,19_5,Cotton,263,278,23,17.5
2024,19_6,Cotton,265,320,23,17.5
2024,19_7,Cotton,264,325,29,17.5
2024,19_8,Cotton,268,345,25,17.5
2024,19_9,Cotton,266,336,25,17.5
2024,1_12,Cotton,260,344,36,17.5
2024,1_13,Cotton,260,346,29,17.5
2024,1_14,Cotton,255,345,29,17.5
2024,1_16,Cotton,254,339,29,17.5
2024,1_17,Cotton,257,356,34,17.5
2024,1_3,Cotton,253,343,58,17.5
2024,1_4,Cotton,258,340,58,17.5
2024,1_6,Cotton,254,348,58,17.5
2024,1_7,Cotton,262,346,31,17.5
2024,2_0,Cotton,255,346,52,17.5
2024,2_13,Cotton,257,340,31,17.5
2024,2_14,Cotton,263,348,29,17.5
2024,2_15,Cotton,262,354,30,17.5
2024,2_16,Cotton,255,327,27,17.5
2024,2_17,Cotton,256,335,32,17.5
2024,2_2,Cotton,262,349,64,17.5
2024,2_3,Cotton,256,343,65,17.5
2024,2_4,Cotton,258,306,59,17.5
2024,2_5,Cotton,259,353,62,17.5
2024,2_6,Cotton,263,352,53,17.5
2024,3_0,Cotton,260,317,20,17.5
2024,3_1,Cotton,261,304,21,17.5
2024,3_2,Cotton,258,348,61,17.5
2024,3_3,Cotton,256,343,63,17.5
2024,3_4,Cotton,250,326,55,17.5
2024,3_5,Cotton,253,335,55,17.5
2024,3_6,Cotton,261,334,54,17.5
2024,4_1,Cotton,260,305,20,17.5
2024,4_2,Cotton,260,309,25,17.5
2024,4_3,Cotton,264,308,25,17.5
2024,4_4,Cotton,265,326,20,17.5
2024,4_5,Cotton,248,343,50,17.5
2024,4_6,Cotton,260,336,53,17.5
2024,5_0,Cotton,268,319,20,17.5
2024,5_1,Cotton,263,340,20,17.5
2024,5_2,Cotton,263,334,20,17.5
2024,5_3,Cotton,269,344,21,17.5
2024,5_4,Cotton,270,345,19,17.5
2024,5_5,Cotton,268,316,21,17.5
2024,6_0,Cotton,260,324,20,17.5
2024,6_1,Cotton,269,345,26,17.5
2024,6_2,Cotton,260,330,25,17.5
2024,6_3,Cotton,265,342,26,17.5
2024,6_4,Cotton,263,339,28,17.5
2024,6_5,Cotton,265,343,28,17.5
2024,6_6,Cotton,262,329,27,17.5
2024,7_0,Cotton,266,339,24,17.5
2024,7_1,Cotton,261,335,27,17.5
2024,7_11,Cotton,267,317,24,17.5
2024,7_12,Cotton,268,322,29,17.5
2024,7_16,Cotton,272,334,25,17.5
2024,7_2,Cotton,265,344,29,17.5
2024,7_3,Cotton,266,342,28,17.5
2024,7_4,Cotton,266,352,28,17.5
2024,7_5,Cotton,262,347,28,17.5
2024,7_6,Cotton,265,329,25,17.5
2024,7_7,Cotton,264,318,27,17.5
2024,8_0,Cotton,266,332,26,17.5
2024,8_1,Cotton,268,331,26,17.5
2024,8_10,Cotton,267,326,24,17.5
2024,8_11,Cotton,263,328,23,17.5
2024,8_13,Cotton,274,342,25,17.5
2024,8_2,Cotton,263,344,29,17.5
2024,8_3,Cotton,266,349,29,17.5
2024,8_4,Cotton,265,342,25,17.5
2024,8_5,Cotton,267,341,25,17.5
2024,8_7,Cotton,264,339,28,17.5
2024,8_8,Cotton,263,339,24,17.5
2024,9_0,Cotton,264,355,45,17.5
2024,9_1,Cotton,260,354,26,17.5
2024,9_10,Cotton,262,353,22,17.5
2024,9_11,Cotton,275,344,24,17.5
2024,9_12,Cotton,270,336,27,17.5
2024,9_13,Cotton,275,341,25,17.5
2024,9_17,Cotton,272,340,28,17.5
2024,9_2,Cotton,270,340,28,17.5
2024,9_3,Cotton,262,345,29,17.5
2024,9_4,Cotton,267,344,25,17.5
2024,9_5,Cotton,264,345,26,17.5
2024,9_6,Cotton,266,352,26,17.5
2024,9_7,Cotton,265,339,28,17.5
2024,9_8,Cotton,268,304,24,17.5
2024,9_9,Cotton,269,321,24,17.5
2024,10_10,Grapes,156,354,24,39.3
2024,10_11,Grapes,161,354,26,39.3
2024,10_7,Grapes,162,354,27,39.3
2024,10_9,Grapes,167,354,24,39.3
2024,11_10,Grapes,162,354,26,39.3
2024,11_11,Grapes,152,354,26,39.3
2024,11_8,Grapes,164,354,24,39.3
2024,15_12,Grapes,175,354,54,39.3
2024,15_13,Grapes,168,354,56,39.3
2024,15_14,Grapes,180,354,56,39.3
2024,15_15,Grapes,175,354,56,39.3
2024,15_16,Grapes,178,354,56,39.3
2024,15_17,Grapes,186,354,57,39.3
2024,16_15,Grapes,162,354,52,39.3
2024,16_16,Grapes,176,354,59,39.3
2024,16_17,Grapes,187,354,39,39.3
2024,18_14,Grapes,170,355,27,39.3
2024,19_12,Grapes,163,355,22,39.3
2024,19_13,Grapes,174,355,25,39.3
2024,19_14,Grapes,165,355,23,39.3
2024,2_13,Grapes,198,355,31,39.3
2024,2_15,Grapes,193,355,30,39.3
2024,2_16,Grapes,206,355,31,39.3
2024,3_16,Grapes,199,355,59,39.3
2024,3_17,Grapes,191,355,44,39.3
2024,4_12,Grapes,212,355,49,39.3
2024,4_13,Grapes,209,355,53,39.3
2024,4_16,Grapes,196,355,64,39.3
2024,4_17,Grapes,226,355,62,39.3
2024,5_18,Grapes,236,355,54,39.3
2024,6_11,Grapes,169,354,25,39.3
2024,6_13,Grapes,205,354,25,39.3
2024,7_11,Grapes,162,354,22,39.3
2024,7_12,Grapes,169,354,26,39.3
2024,7_7,Grapes,170,354,23,39.3
2024,8_11,Grapes,165,354,23,39.3
2024,8_12,Grapes,166,354,27,39.3
2024,8_7,Grapes,158,354,27,39.3
2024,8_8,Grapes,170,354,24,39.3
2024,8_9,Grapes,163,354,24,39.3
2024,9_10,Grapes,163,354,24,39.3
2024,9_11,Grapes,160,354,24,39.3
2024,9_8,Grapes,162,354,24,39.3
2024,9_9,Grapes,164,354,24,39.3
2024,10_4,Greens,194,341,47,56.1
2024,11_3,Greens,155,337,53,56.1
2024,11_4,Greens,167,338,52,56.1
2024,11_5,Greens,227,337,44,56.1
2024,11_6,Greens,191,339,54,56.1
2024,11_7,Greens,221,336,44,56.1
2024,12_3,Greens,228,336,44,56.1
2024,12_4,Greens,224,336,44,56.1
2024,12_5,Greens,221,336,43,56.1
2024,12_6,Greens,219,336,44,56.1
2024,12_7,Greens,226,338,44,56.1
2024,13_3,Greens,172,337,54,56.1
2024,13_4,Greens,224,336,44,56.1
2024,13_5,Greens,224,336,44,56.1
2024,13_6,Greens,221,336,44,56.1
2024,13_7,Greens,206,336,43,56.1
2024,14_3,Greens,240,334,26,56.1
2024,14_4,Greens,253,333,20,56.1
2024,14_5,Greens,261,333,21,56.1
2024,14_6,Greens,251,334,21,56.1
2024,14_7,Greens,229,336,43,56.1
2024,15_6,Greens,248,335,20,56.1
2024,15_7,Greens,250,336,20,56.1
2024,10_10,Herbs,260,361,24,48.9
2024,10_11,Herbs,246,361,24,48.9
2024,10_12,Herbs,268,361,27,48.9
2024,10_14,Herbs,274,361,25,48.9
2024,10_15,Herbs,261,361,25,48.9
2024,10_3,Herbs,261,361,51,48.9
2024,10_4,Herbs,226,361,48,48.9
2024,10_6,Herbs,257,361,30,48.9
2024,10_8,Herbs,266,361,23,48.9
2024,10_9,Herbs,246,361,24,48.9
2024,11_11,Herbs,251,361,26,48.9
2024,11_13,Herbs,312,361,28,48.9
2024,11_3,Herbs,228,361,53,48.9
2024,11_4,Herbs,237,361,44,48.9
2024,11_5,Herbs,224,361,54,48.9
2024,11_6,Herbs,233,361,54,48.9
2024,11_7,Herbs,205,361,56,48.9
2024,12_2,Herbs,236,361,54,48.9
2024,12_3,Herbs,229,361,55,48.9
2024,12_4,Herbs,234,361,44,48.9
2024,12_5,Herbs,235,361,42,48.9
2024,12_6,Herbs,240,361,43,48.9
2024,12_7,Herbs,198,361,54,48.9
2024,13_3,Herbs,233,361,44,48.9
2024,13_4,Herbs,247,361,42,48.9
2024,13_5,Herbs,241,361,44,48.9
2024,13_6,Herbs,236,361,44,48.9
2024,13_7,Herbs,212,361,53,48.9
2024,14_3,Herbs,227,361,21,48.9
2024,14_4,Herbs,220,361,20,48.9
2024,14_5,Herbs,266,361,19,48.9
2024,14_6,Herbs,247,361,20,48.9
2024,15_0,Herbs,259,361,19,48.9
2024,15_1,Herbs,270,361,20,48.9
2024,15_11,Herbs,223,361,24,48.9
2024,15_12,Herbs,254,361,52,48.9
2024,15_13,Herbs,238,361,56,48.9
2024,15_14,Herbs,229,361,56,48.9
2024,15_15,Herbs,229,361,56,48.9
2024,15_16,Herbs,237,361,58,48.9
2024,15_17,Herbs,232,361,54,48.9
2024,15_2,Herbs,241,361,23,48.9
2024,15_3,Herbs,249,361,26,48.9
2024,15_4,Herbs,256,361,22,48.9
2024,15_5,Herbs,258,361,20,48.9
2024,15_6,Herbs,262,361,22,48.9
2024,15_7,Herbs,216,361,28,48.9
2024,16_0,Herbs,275,361,19,48.9
2024,16_1,Herbs,271,361,19,48.9
2024,16_11,Herbs,234,361,22,48.9
2024,16_12,Herbs,224,361,30,48.9
2024,16_13,Herbs,242,361,26,48.9
2024,16_14,Herbs,225,361,27,48.9
2024,16_15,Herbs,237,361,52,48.9
2024,16_16,Herbs,226,361,53,48.9
2024,16_17,Herbs,237,361,53,48.9
2024,16_2,Herbs,265,361,23,48.9
2024,16_3,Herbs,263,361,21,48.9
2024,16_4,Herbs,257,361,21,48.9
2024,16_5,Herbs,257,361,21,48.9
2024,16_6,Herbs,266,361,20,48.9
2024,16_7,Herbs,194,361,27,48.9
2024,17_0,Herbs,263,361,20,48.9
2024,17_1,Herbs,276,361,20,48.9
2024,17_10,Herbs,234,361,24,48.9
2024,17_11,Herbs,238,361,29,48.9
2024,17_12,Herbs,237,361,30,48.9
2024,17_13,Herbs,252,361,27,48.9
2024,17_14,Herbs,231,361,28,48.9
2024,17_15,Herbs,229,361,28,48.9
2024,17_16,Herbs,223,361,28,48.9
2024,17_2,Herbs,251,361,25,48.9
2024,17_3,Herbs,254,361,23,48.9
2024,17_4,Herbs,232,361,23,48.9
2024,17_5,Herbs,196,361,23,48.9
2024,17_6,Herbs,253,361,23,48.9
2024,17_7,Herbs,234,361,28,48.9
2024,17_8,Herbs,212,361,23,48.9
2024,17_9,Herbs,227,361,24,48.9
2024,18_0,Herbs,262,361,20,48.9
2024,18_1,Herbs,271,361,20,48.9
2024,18_10,Herbs,239,361,24,48.9
2024,18_11,Herbs,232,361,24,48.9
2024,18_12,Herbs,226,361,31,48.9
2024,18_13,Herbs,236,361,27,48.9
2024,18_14,Herbs,238,361,28,48.9
2024,18_15,Herbs,241,361,28,48.9
2024,18_16,Herbs,220,361,28,48.9
2024,18_2,Herbs,254,361,25,48.9
2024,18_3,Herbs,249,361,23,48.9
2024,18_4,Herbs,246,361,23,48.9
2024,18_5,Herbs,246,361,23,48.9
2024,18_6,Herbs,250,361,23,48.9
2024,18_7,Herbs,238,361,28,48.9
2024,18_8,Herbs,235,361,24,48.9
2024,18_9,Herbs,225,361,25,48.9
2024,19_0,Herbs,268,361,40,48.9
2024,19_1,Herbs,249,361,19,48.9
2024,19_10,Herbs,246,361,24,48.9
2024,19_11,Herbs,230,361,29,48.9
2024,19_12,Herbs,253,361,27,48.9
2024,19_13,Herbs,243,361,28,48.9
2024,19_14,Herbs,234,361,28,48.9
2024,19_15,Herbs,242,361,28,48.9
2024,19_16,Herbs,229,361,29,48.9
2024,19_2,Herbs,245,361,24,48.9
2024,19_3,Herbs,240,361,23,48.9
2024,19_4,Herbs,254,361,23,48.9
2024,19_5,Herbs,254,361,23,48.9
2024,19_6,Herbs,251,361,23,48.9
2024,19_7,Herbs,234,361,28,48.9
2024,19_8,Herbs,240,361,23,48.9
2024,19_9,Herbs,241,361,24,48.9
2024,2_13,Herbs,235,361,28,48.9
2024,3_12,Herbs,254,361,48,48.9
2024,3_13,Herbs,233,361,52,48.9
2024,4_11,Herbs,232,361,50,48.9
2024,4_12,Herbs,189,361,51,48.9
2024,4_13,Herbs,225,361,54,48.9
2024,5_11,Herbs,112,361,46,48.9
2024,5_12,Herbs,211,361,53,48.9
2024,5_13,Herbs,167,361,53,48.9
2024,5_8,Herbs,258,361,19,48.9
2024,6_11,Herbs,276,361,25,48.9
2024,6_12,Herbs,254,361,31,48.9
2024,6_13,Herbs,261,361,24,48.9
2024,6_16,Herbs,217,361,51,48.9
2024,7_11,Herbs,255,361,25,48.9
2024,7_12,Herbs,263,361,30,48.9
2024,7_13,Herbs,244,361,25,48.9
2024,7_15,Herbs,269,361,23,48.9
2024,8_11,Herbs,259,361,23,48.9
2024,8_12,Herbs,256,361,27,48.9
2024,8_14,Herbs,252,361,25,48.9
2024,8_15,Herbs,259,361,24,48.9
2024,8_8,Herbs,257,361,24,48.9
2024,8_9,Herbs,292,361,24,48.9
2024,9_10,Herbs,312,361,24,48.9
2024,9_12,Herbs,204,361,27,48.9
2024,9_9,Herbs,255,361,24,48.9
2024,0_12,Millet,246,359,37,37.8
2024,10_10,Millet,296,331,23,37.8
2024,10_11,Millet,295,330,25,37.8
2024,10_4,Millet,210,360,49,37.8
2024,10_6,Millet,268,352,30,37.8
2024,10_7,Millet,271,353,27,37.8
2024,10_9,Millet,291,328,24,37.8
2024,11_10,Millet,284,331,25,37.8
2024,11_11,Millet,270,331,26,37.8
2024,11_12,Millet,258,334,27,37.8
2024,11_4,Millet,219,359,49,37.8
2024,11_5,Millet,238,353,40,37.8
2024,11_6,Millet,216,359,50,37.8
2024,11_7,Millet,214,359,49,37.8
2024,11_8,Millet,221,350,50,37.8
2024,11_9,Millet,214,352,47,37.8
2024,12_10,Millet,215,351,45,37.8
2024,12_11,Millet,222,331,45,37.8
2024,12_12,Millet,267,335,27,37.8
2024,12_3,Millet,262,353,39,37.8
2024,12_4,Millet,226,352,40,37.8
2024,12_7,Millet,208,352,52,37.8
2024,12_8,Millet,207,351,44,37.8
2024,13_11,Millet,241,350,43,37.8
2024,13_7,Millet,226,353,43,37.8
2024,14_11,Millet,204,348,46,37.8
2024,14_3,Millet,285,350,21,37.8
2024,14_9,Millet,201,352,45,37.8
2024,15_0,Millet,311,344,20,37.8
2024,15_1,Millet,303,347,20,37.8
2024,15_10,Millet,257,351,25,37.8
2024,15_11,Millet,204,353,46,37.8
2024,15_12,Millet,283,353,24,37.8
2024,15_2,Millet,271,350,26,37.8
2024,15_3,Millet,271,351,25,37.8
2024,15_4,Millet,246,351,23,37.8
2024,15_5,Millet,272,350,21,37.8
2024,15_6,Millet,271,350,22,37.8
2024,15_7,Millet,224,353,28,37.8
2024,15_8,Millet,262,353,25,37.8
2024,15_9,Millet,262,352,25,37.8
2024,16_0,Millet,316,345,19,37.8
2024,16_1,Millet,318,345,19,37.8
2024,16_10,Millet,264,353,24,37.8
2024,16_11,Millet,261,350,24,37.8
2024,16_12,Millet,239,353,26,37.8
2024,16_2,Millet,284,350,23,37.8
2024,16_3,Millet,284,351,23,37.8
2024,16_4,Millet,288,348,21,37.8
2024,16_5,Millet,268,341,21,37.8
2024,16_6,Millet,275,346,20,37.8
2024,16_7,Millet,234,351,28,37.8
2024,16_8,Millet,264,352,25,37.8
2024,16_9,Millet,254,352,25,37.8
2024,17_0,Millet,320,346,20,37.8
2024,17_1,Millet,317,346,20,37.8
2024,17_10,Millet,253,353,24,37.8
2024,17_11,Millet,220,353,29,37.8
2024,17_12,Millet,249,353,25,37.8
2024,17_2,Millet,265,351,24,37.8
2024,17_3,Millet,282,352,23,37.8
2024,17_4,Millet,283,352,23,37.8
2024,17_5,Millet,276,351,23,37.8
2024,17_6,Millet,265,347,23,37.8
2024,17_7,Millet,234,352,27,37.8
2024,17_8,Millet,271,352,24,37.8
2024,17_9,Millet,268,351,24,37.8
2024,18_0,Millet,323,346,20,37.8
2024,18_1,Millet,322,346,19,37.8
2024,18_10,Millet,266,351,24,37.8
2024,18_12,Millet,225,353,26,37.8
2024,18_3,Millet,287,350,22,37.8
2024,18_4,Millet,276,353,20,37.8
2024,18_5,Millet,261,350,23,37.8
2024,18_6,Millet,252,351,22,37.8
2024,18_7,Millet,251,352,23,37.8
2024,18_8,Millet,259,353,24,37.8
2024,18_9,Millet,241,352,24,37.8
2024,19_0,Millet,272,361,42,37.8
2024,19_1,Millet,314,345,18,37.8
2024,19_10,Millet,242,352,24,37.8
2024,19_11,Millet,295,352,19,37.8
2024,19_2,Millet,307,352,21,37.8
2024,19_3,Millet,270,351,23,37.8
2024,19_4,Millet,276,353,22,37.8
2024,19_9,Millet,248,352,24,37.8
2024,1_13,Millet,269,359,29,37.8
2024,2_13,Millet,274,359,27,37.8
2024,2_17,Millet,228,359,33,37.8
2024,2_18,Millet,234,359,32,37.8
2024,2_19,Millet,244,359,31,37.8
2024,3_19,Millet,241,359,29,37.8
2024,4_17,Millet,211,361,52,37.8
2024,4_18,Millet,217,361,56,37.8
2024,5_17,Millet,220,361,53,37.8
2024,5_19,Millet,240,361,58,37.8
2024,6_17,Millet,205,359,55,37.8
2024,6_4,Millet,259,352,26,37.8
2024,7_2,Millet,262,355,26,37.8
2024,7_3,Millet,275,353,25,37.8
2024,7_4,Millet,274,354,25,37.8
2024,7_5,Millet,296,352,23,37.8
2024,7_7,Millet,277,328,23,37.8
2024,8_4,Millet,290,352,24,37.8
2024,8_6,Millet,281,354,24,37.8
2024,8_7,Millet,260,354,28,37.8
2024,9_6,Millet,274,355,23,37.8
2024,9_7,Millet,273,355,26,37.8
2024,10_1,Oats,227,357,50,61.5
2024,10_17,Oats,252,330,24,61.5
2024,10_18,Oats,241,330,23,61.5
2024,10_19,Oats,245,329,24,61.5
2024,10_6,Oats,254,335,26,61.5
2024,10_7,Oats,134,334,24,61.5
2024,11_0,Oats,151,357,54,61.5
2024,11_1,Oats,177,357,54,61.5
2024,11_10,Oats,170,335,23,61.5
2024,11_11,Oats,162,332,26,61.5
2024,11_12,Oats,260,333,29,61.5
2024,11_13,Oats,255,333,24,61.5
2024,11_15,Oats,251,330,24,61.5
2024,11_2,Oats,166,357,59,61.5
2024,11_3,Oats,195,357,55,61.5
2024,11_5,Oats,182,357,53,61.5
2024,11_7,Oats,163,350,50,61.5
2024,11_8,Oats,188,353,45,61.5
2024,11_9,Oats,200,333,23,61.5
2024,12_0,Oats,142,355,48,61.5
2024,12_1,Oats,175,355,48,61.5
2024,12_12,Oats,191,347,48,61.5
2024,12_13,Oats,210,352,47,61.5
2024,12_14,Oats,213,351,49,61.5
2024,12_15,Oats,251,331,24,61.5
2024,12_16,Oats,245,328,21,61.5
2024,12_2,Oats,153,351,48,61.5
2024,12_3,Oats,205,354,48,61.5
2024,12_6,Oats,170,352,43,61.5
2024,12_7,Oats,151,345,46,61.5
2024,12_8,Oats,176,353,47,61.5
2024,12_9,Oats,196,353,47,61.5
2024,13_0,Oats,211,344,20,61.5
2024,13_1,Oats,218,355,39,61.5
2024,13_10,Oats,159,353,46,61.5
2024,13_11,Oats,203,353,46,61.5
2024,13_12,Oats,243,351,48,61.5
2024,13_13,Oats,222,350,49,61.5
2024,13_14,Oats,210,346,50,61.5
2024,13_15,Oats,227,351,50,61.5
2024,13_16,Oats,227,335,49,61.5
2024,13_2,Oats,178,356,56,61.5
2024,13_3,Oats,146,353,49,61.5
2024,13_4,Oats,132,353,44,61.5
2024,13_5,Oats,173,351,43,61.5
2024,13_6,Oats,162,352,42,61.5
2024,13_7,Oats,165,352,52,61.5
2024,13_8,Oats,149,352,46,61.5
2024,14_0,Oats,148,345,20,61.5
2024,14_1,Oats,283,343,19,61.5
2024,14_10,Oats,192,354,46,61.5
2024,14_11,Oats,145,352,44,61.5
2024,14_12,Oats,236,349,49,61.5
2024,14_13,Oats,225,348,50,61.5
2024,14_14,Oats,216,350,50,61.5
2024,14_15,Oats,199,350,50,61.5
2024,14_16,Oats,223,350,55,61.5
2024,14_17,Oats,176,349,55,61.5
2024,14_2,Oats,214,347,26,61.5
2024,14_3,Oats,202,349,22,61.5
2024,14_4,Oats,186,349,21,61.5
2024,14_5,Oats,215,348,20,61.5
2024,14_6,Oats,179,348,24,61.5
2024,14_7,Oats,137,250,37,61.5
2024,14_9,Oats,215,352,45,61.5
2024,15_0,Oats,172,346,20,61.5
2024,15_1,Oats,240,342,20,61.5
2024,15_10,Oats,176,352,25,61.5
2024,15_11,Oats,154,350,52,61.5
2024,15_12,Oats,147,352,59,61.5
2024,15_13,Oats,184,347,56,61.5
2024,15_14,Oats,196,349,56,61.5
2024,15_15,Oats,202,347,56,61.5
2024,15_16,Oats,202,347,60,61.5
2024,15_17,Oats,181,337,49,61.5
2024,15_19,Oats,194,336,52,61.5
2024,15_2,Oats,219,347,26,61.5
2024,15_3,Oats,229,347,18,61.5
2024,15_4,Oats,244,349,21,61.5
2024,15_6,Oats,249,349,19,61.5
2024,15_7,Oats,201,352,28,61.5
2024,15_8,Oats,218,351,25,61.5
2024,15_9,Oats,159,349,24,61.5
2024,16_0,Oats,227,341,19,61.5
2024,16_1,Oats,274,344,19,61.5
2024,16_10,Oats,155,351,24,61.5
2024,16_11,Oats,146,351,20,61.5
2024,16_12,Oats,192,344,26,61.5
2024,16_14,Oats,236,350,26,61.5
2024,16_16,Oats,214,348,59,61.5
2024,16_17,Oats,186,350,58,61.5
2024,16_18,Oats,185,336,52,61.5
2024,16_19,Oats,174,335,48,61.5
2024,16_2,Oats,249,348,23,61.5
2024,16_7,Oats,197,349,23,61.5
2024,16_8,Oats,158,350,21,61.5
2024,16_9,Oats,148,351,25,61.5
2024,17_0,Oats,255,346,20,61.5
2024,17_1,Oats,239,345,20,61.5
2024,17_10,Oats,175,351,24,61.5
2024,17_11,Oats,189,350,25,61.5
2024,17_13,Oats,236,348,27,61.5
2024,17_15,Oats,231,348,27,61.5
2024,17_16,Oats,204,346,28,61.5
2024,17_17,Oats,225,348,27,61.5
2024,17_18,Oats,195,329,24,61.5
2024,17_19,Oats,171,331,24,61.5
2024,17_2,Oats,271,344,20,61.5
2024,17_8,Oats,255,347,24,61.5
2024,17_9,Oats,238,347,24,61.5
2024,18_0,Oats,179,347,20,61.5
2024,18_1,Oats,228,346,20,61.5
2024,18_10,Oats,254,346,24,61.5
2024,18_11,Oats,244,345,24,61.5
2024,18_12,Oats,230,348,30,61.5
2024,18_13,Oats,249,344,26,61.5
2024,18_14,Oats,260,349,26,61.5
2024,18_16,Oats,225,344,25,61.5
2024,18_17,Oats,171,344,26,61.5
2024,18_18,Oats,266,331,23,61.5
2024,18_19,Oats,239,330,24,61.5
2024,18_2,Oats,230,350,23,61.5
2024,18_7,Oats,243,349,24,61.5
2024,18_8,Oats,212,345,24,61.5
2024,18_9,Oats,267,346,24,61.5
2024,19_0,Oats,155,358,42,61.5
2024,19_1,Oats,273,345,18,61.5
2024,19_10,Oats,219,338,25,61.5
2024,19_11,Oats,201,346,25,61.5
2024,19_12,Oats,227,346,30,61.5
2024,19_13,Oats,267,347,27,61.5
2024,19_14,Oats,261,331,26,61.5
2024,19_17,Oats,197,331,24,61.5
2024,19_18,Oats,210,329,24,61.5
2024,19_19,Oats,208,330,17,61.5
2024,19_2,Oats,215,350,20,61.5
2024,19_7,Oats,265,344,24,61.5
2024,19_8,Oats,266,350,22,61.5
2024,19_9,Oats,226,344,24,61.5
2024,6_18,Oats,189,358,57,61.5
2024,6_19,Oats,199,359,57,61.5
2024,7_18,Oats,246,331,25,61.5
2024,0_12,Other Crops,192,357,38,30.5
2024,0_13,Other Crops,224,357,29,30.5
2024,0_14,Other Crops,237,357,29,30.5
2024,0_15,Other Crops,224,357,29,30.5
2024,0_16,Other Crops,193,357,36,30.5
2024,0_17,Other Crops,199,357,35,30.5
2024,11_4,Other Crops,202,357,43,30.5
2024,11_5,Other Crops,226,357,40,30.5
2024,11_6,Other Crops,209,357,49,30.5
2024,12_3,Other Crops,211,357,43,30.5
2024,12_4,Other Crops,213,357,43,30.5
2024,12_5,Other Crops,203,357,42,30.5
2024,12_6,Other Crops,219,357,44,30.5
2024,13_3,Other Crops,207,357,49,30.5
2024,13_4,Other Crops,215,357,43,30.5
2024,13_5,Other Crops,216,357,32,30.5
2024,13_6,Other Crops,214,357,43,30.5
2024,13_7,Other Crops,197,357,42,30.5
2024,14_3,Other Crops,246,357,24,30.5
2024,14_4,Other Crops,259,357,20,30.5
2024,14_5,Other Crops,261,357,20,30.5
2024,14_6,Other Crops,258,357,20,30.5
2024,15_13,Other Crops,198,357,56,30.5
2024,15_14,Other Crops,201,357,56,30.5
2024,15_15,Other Crops,199,357,56,30.5
2024,15_16,Other Crops,203,357,60,30.5
2024,15_17,Other Crops,197,357,60,30.5
2024,15_18,Other Crops,198,357,53,30.5
2024,15_19,Other Crops,202,357,53,30.5
2024,15_3,Other Crops,266,357,21,30.5
2024,15_4,Other Crops,254,357,22,30.5
2024,15_5,Other Crops,254,357,22,30.5
2024,15_6,Other Crops,254,357,22,30.5
2024,15_7,Other Crops,252,357,24,30.5
2024,16_12,Other Crops,230,357,26,30.5
2024,16_13,Other Crops,243,357,26,30.5
2024,16_16,Other Crops,200,357,57,30.5
2024,16_17,Other Crops,205,357,50,30.5
2024,16_18,Other Crops,204,357,50,30.5
2024,16_19,Other Crops,199,357,53,30.5
2024,16_3,Other Crops,262,357,21,30.5
2024,16_4,Other Crops,261,357,21,30.5
2024,16_5,Other Crops,258,357,21,30.5
2024,16_6,Other Crops,264,357,20,30.5
2024,16_7,Other Crops,240,357,27,30.5
2024,17_13,Other Crops,253,357,23,30.5
2024,17_16,Other Crops,223,357,28,30.5
2024,17_17,Other Crops,246,357,23,30.5
2024,17_18,Other Crops,244,357,23,30.5
2024,17_19,Other Crops,198,357,56,30.5
2024,17_2,Other Crops,242,357,23,30.5
2024,17_3,Other Crops,253,357,23,30.5
2024,17_4,Other Crops,247,357,23,30.5
2024,17_5,Other Crops,254,357,23,30.5
2024,17_6,Other Crops,249,357,23,30.5
2024,17_7,Other Crops,247,357,22,30.5
2024,18_16,Other Crops,247,357,24,30.5
2024,18_17,Other Crops,229,357,24,30.5
2024,18_18,Other Crops,233,357,24,30.5
2024,18_19,Other Crops,242,357,23,30.5
2024,18_3,Other Crops,245,357,22,30.5
2024,18_4,Other Crops,251,357,23,30.5
2024,18_5,Other Crops,259,357,23,30.5
2024,18_6,Other Crops,254,357,22,30.5
2024,18_7,Other Crops,267,357,20,30.5
2024,19_12,Other Crops,234,357,23,30.5
2024,19_13,Other Crops,228,357,27,30.5
2024,19_14,Other Crops,237,357,24,30.5
2024,19_17,Other Crops,239,357,23,30.5
2024,19_18,Other Crops,239,357,24,30.5
2024,19_19,Other Crops,227,357,25,30.5
2024,19_3,Other Crops,268,357,21,30.5
2024,19_5,Other Crops,261,357,20,30.5
2024,19_6,Other Crops,258,357,22,30.5
2024,1_12,Other Crops,184,357,38,30.5
2024,1_13,Other Crops,220,357,29,30.5
2024,1_14,Other Crops,232,357,29,30.5
2024,1_15,Other Crops,237,357,29,30.5
2024,1_16,Other Crops,199,357,36,30.5
2024,1_17,Other Crops,194,357,35,30.5
2024,2_12,Other Crops,172,357,62,30.5
2024,2_13,Other Crops,215,357,43,30.5
2024,2_14,Other Crops,237,357,30,30.5
2024,2_15,Other Crops,227,357,31,30.5
2024,2_16,Other Crops,183,357,38,30.5
2024,2_17,Other Crops,172,357,40,30.5
2024,3_19,Other Crops,235,357,31,30.5
2024,5_18,Other Crops,221,358,55,30.5
2024,6_19,Other Crops,228,358,54,30.5
2024,10_3,Peaches,220,353,28,42.0
2024,10_6,Peaches,238,353,25,42.0
2024,10_7,Peaches,195,352,24,42.0
2024,11_14,Peaches,206,352,28,42.0
2024,12_13,Peaches,174,352,23,42.0
2024,15_12,Peaches,208,353,46,42.0
2024,15_13,Peaches,150,353,55,42.0
2024,15_14,Peaches,178,353,56,42.0
2024,15_15,Peaches,189,353,56,42.0
2024,15_16,Peaches,162,353,60,42.0
2024,15_17,Peaches,166,353,53,42.0
2024,16_11,Peaches,232,353,25,42.0
2024,16_12,Peaches,249,353,29,42.0
2024,16_13,Peaches,238,353,26,42.0
2024,16_14,Peaches,212,353,41,42.0
2024,16_15,Peaches,189,353,52,42.0
2024,16_16,Peaches,179,353,59,42.0
2024,16_17,Peaches,164,353,57,42.0
2024,17_10,Peaches,194,353,24,42.0
2024,17_11,Peaches,189,352,24,42.0
2024,17_12,Peaches,199,353,31,42.0
2024,17_13,Peaches,154,353,28,42.0
2024,17_14,Peaches,242,353,27,42.0
2024,17_15,Peaches,217,353,28,42.0
2024,17_16,Peaches,195,353,29,42.0
2024,17_17,Peaches,177,353,27,42.0
2024,17_18,Peaches,233,352,23,42.0
2024,17_19,Peaches,164,352,30,42.0
2024,17_8,Peaches,260,353,23,42.0
2024,17_9,Peaches,181,353,24,42.0
2024,18_11,Peaches,233,353,24,42.0
2024,18_12,Peaches,227,353,30,42.0
2024,18_13,Peaches,156,353,28,42.0
2024,18_14,Peaches,214,353,28,42.0
2024,18_15,Peaches,207,353,28,42.0
2024,18_16,Peaches,220,353,28,42.0
2024,18_17,Peaches,226,352,22,42.0
2024,18_18,Peaches,238,352,23,42.0
2024,18_19,Peaches,174,352,24,42.0
2024,18_8,Peaches,232,353,22,42.0
2024,18_9,Peaches,203,353,23,42.0
2024,19_11,Peaches,230,352,22,42.0
2024,19_12,Peaches,211,353,29,42.0
2024,19_13,Peaches,247,353,26,42.0
2024,19_14,Peaches,214,353,28,42.0
2024,19_15,Peaches,220,352,27,42.0
2024,19_16,Peaches,244,353,29,42.0
2024,19_17,Peaches,182,352,26,42.0
2024,19_18,Peaches,222,352,23,42.0
2024,19_19,Peaches,241,352,23,42.0
2024,19_9,Peaches,229,353,24,42.0
2024,4_18,Peaches,183,354,56,42.0
2024,6_18,Peaches,177,354,57,42.0
2024,6_19,Peaches,196,353,56,42.0
2024,7_2,Peaches,227,353,27,42.0
2024,7_3,Peaches,228,353,30,42.0
2024,8_3,Peaches,239,353,25,42.0
2024,8_4,Peaches,244,353,25,42.0
2024,8_6,Peaches,258,354,21,42.0
2024,9_2,Peaches,214,353,29,42.0
2024,9_3,Peaches,228,353,28,42.0
2024,9_4,Peaches,234,353,25,42.0
2024,11_0,Peanuts,262,337,48,20.7
2024,11_10,Peanuts,258,318,23,20.7
2024,11_11,Peanuts,265,319,22,20.7
2024,11_2,Peanuts,257,335,45,20.7
2024,11_4,Peanuts,263,333,40,20.7
2024,11_5,Peanuts,265,332,43,20.7
2024,11_6,Peanuts,261,341,48,20.7
2024,11_9,Peanuts,262,314,22,20.7
2024,12_0,Peanuts,258,339,46,20.7
2024,12_1,Peanuts,264,336,48,20.7
2024,12_10,Peanuts,276,333,46,20.7
2024,12_15,Peanuts,269,319,23,20.7
2024,12_19,Peanuts,267,318,23,20.7
2024,12_2,Peanuts,262,338,47,20.7
2024,12_3,Peanuts,265,336,42,20.7
2024,12_4,Peanuts,251,334,42,20.7
2024,12_5,Peanuts,263,333,44,20.7
2024,12_6,Peanuts,264,330,40,20.7
2024,12_7,Peanuts,274,333,49,20.7
2024,13_11,Peanuts,273,334,44,20.7
2024,13_17,Peanuts,269,323,45,20.7
2024,13_2,Peanuts,271,331,26,20.7
2024,13_4,Peanuts,265,331,20,20.7
2024,13_5,Peanuts,265,333,41,20.7
2024,13_6,Peanuts,255,334,43,20.7
2024,14_0,Peanuts,267,323,20,20.7
2024,14_1,Peanuts,257,323,19,20.7
2024,14_10,Peanuts,273,332,46,20.7
2024,14_11,Peanuts,273,332,46,20.7
2024,14_17,Peanuts,266,330,55,20.7
2024,14_18,Peanuts,268,319,48,20.7
2024,14_3,Peanuts,263,324,22,20.7
2024,14_4,Peanuts,261,329,20,20.7
2024,14_5,Peanuts,259,329,20,20.7
2024,14_6,Peanuts,261,330,20,20.7
2024,14_8,Peanuts,271,336,45,20.7
2024,14_9,Peanuts,272,332,46,20.7
2024,15_0,Peanuts,266,323,18,20.7
2024,15_10,Peanuts,270,332,48,20.7
2024,15_11,Peanuts,268,333,55,20.7
2024,15_12,Peanuts,268,333,59,20.7
2024,15_13,Peanuts,268,333,54,20.7
2024,15_15,Peanuts,254,321,51,20.7
2024,15_17,Peanuts,272,333,59,20.7
2024,15_18,Peanuts,273,319,47,20.7
2024,15_19,Peanuts,269,320,50,20.7
2024,15_2,Peanuts,261,331,23,20.7
2024,15_3,Peanuts,265,327,23,20.7
2024,15_4,Peanuts,266,331,22,20.7
2024,15_5,Peanuts,263,331,20,20.7
2024,15_6,Peanuts,258,336,22,20.7
2024,15_7,Peanuts,263,334,27,20.7
2024,15_8,Peanuts,264,334,25,20.7
2024,15_9,Peanuts,259,329,25,20.7
2024,16_1,Peanuts,270,329,19,20.7
2024,16_10,Peanuts,268,330,24,20.7
2024,16_11,Peanuts,265,328,24,20.7
2024,16_12,Peanuts,262,328,20,20.7
2024,16_14,Peanuts,272,330,32,20.7
2024,16_15,Peanuts,268,331,52,20.7
2024,16_16,Peanuts,260,333,52,20.7
2024,16_17,Peanuts,268,325,27,20.7
2024,16_18,Peanuts,267,317,35,20.7
2024,16_3,Peanuts,264,328,21,20.7
2024,16_4,Peanuts,266,328,21,20.7
2024,16_5,Peanuts,269,328,21,20.7
2024,16_6,Peanuts,263,328,20,20.7
2024,16_7,Peanuts,267,333,27,20.7
2024,16_8,Peanuts,269,330,25,20.7
2024,16_9,Peanuts,267,332,24,20.7
2024,17_1,Peanuts,266,322,20,20.7
2024,17_10,Peanuts,266,330,24,20.7
2024,17_11,Peanuts,260,330,24,20.7
2024,17_12,Peanuts,269,329,27,20.7
2024,17_14,Peanuts,270,329,27,20.7
2024,17_15,Peanuts,270,329,28,20.7
2024,17_16,Peanuts,269,328,29,20.7
2024,17_17,Peanuts,268,329,28,20.7
2024,17_18,Peanuts,264,313,24,20.7
2024,17_19,Peanuts,271,330,56,20.7
2024,17_2,Peanuts,266,330,25,20.7
2024,17_3,Peanuts,266,331,23,20.7
2024,17_4,Peanuts,259,333,23,20.7
2024,17_5,Peanuts,266,334,23,20.7
2024,17_6,Peanuts,247,329,23,20.7
2024,17_7,Peanuts,265,331,26,20.7
2024,17_8,Peanuts,265,331,24,20.7
2024,17_9,Peanuts,265,330,24,20.7
2024,18_0,Peanuts,263,324,18,20.7
2024,18_13,Peanuts,272,335,27,20.7
2024,18_14,Peanuts,272,324,25,20.7
2024,18_15,Peanuts,268,331,26,20.7
2024,18_17,Peanuts,261,312,24,20.7
2024,18_18,Peanuts,265,313,24,20.7
2024,18_19,Peanuts,264,313,25,20.7
2024,18_2,Peanuts,265,321,20,20.7
2024,18_3,Peanuts,265,333,23,20.7
2024,18_4,Peanuts,260,336,23,20.7
2024,18_5,Peanuts,271,335,23,20.7
2024,18_6,Peanuts,264,333,23,20.7
2024,18_7,Peanuts,263,331,28,20.7
2024,18_8,Peanuts,265,331,23,20.7
2024,18_9,Peanuts,264,330,25,20.7
2024,19_10,Peanuts,271,330,22,20.7
2024,19_11,Peanuts,266,330,24,20.7
2024,19_12,Peanuts,268,330,25,20.7
2024,19_13,Peanuts,266,335,25,20.7
2024,19_14,Peanuts,268,332,27,20.7
2024,19_15,Peanuts,270,333,28,20.7
2024,19_16,Peanuts,264,330,28,20.7
2024,19_17,Peanuts,262,316,23,20.7
2024,19_18,Peanuts,261,314,24,20.7
2024,19_19,Peanuts,262,313,25,20.7
2024,19_2,Peanuts,257,333,21,20.7
2024,19_3,Peanuts,265,332,23,20.7
2024,19_4,Peanuts,263,334,23,20.7
2024,19_5,Peanuts,262,334,22,20.7
2024,19_6,Peanuts,264,335,23,20.7
2024,19_8,Peanuts,263,334,20,20.7
2024,10_0,Peas,186,351,54,62.1
2024,10_1,Peas,185,351,46,62.1
2024,10_10,Peas,258,347,25,62.1
2024,10_11,Peas,228,347,25,62.1
2024,10_3,Peas,169,348,28,62.1
2024,10_7,Peas,247,353,28,62.1
2024,10_8,Peas,253,347,26,62.1
2024,10_9,Peas,256,347,26,62.1
2024,11_0,Peas,209,352,53,62.1
2024,11_1,Peas,207,352,54,62.1
2024,11_10,Peas,254,347,25,62.1
2024,11_11,Peas,223,347,26,62.1
2024,11_2,Peas,248,352,11,62.1
2024,11_3,Peas,216,354,53,62.1
2024,11_4,Peas,205,352,52,62.1
2024,11_5,Peas,202,353,52,62.1
2024,11_6,Peas,199,353,53,62.1
2024,11_7,Peas,213,352,56,62.1
2024,11_8,Peas,237,348,25,62.1
2024,11_9,Peas,264,346,24,62.1
2024,12_0,Peas,219,354,48,62.1
2024,12_1,Peas,212,352,48,62.1
2024,12_2,Peas,212,352,48,62.1
2024,12_3,Peas,201,352,44,62.1
2024,12_4,Peas,208,352,43,62.1
2024,12_5,Peas,212,350,44,62.1
2024,12_6,Peas,201,351,44,62.1
2024,12_7,Peas,214,352,54,62.1
2024,13_0,Peas,134,349,20,62.1
2024,13_1,Peas,175,350,25,62.1
2024,13_11,Peas,228,351,42,62.1
2024,13_2,Peas,203,352,55,62.1
2024,13_3,Peas,208,351,44,62.1
2024,13_4,Peas,178,352,43,62.1
2024,13_5,Peas,185,350,43,62.1
2024,13_6,Peas,198,351,44,62.1
2024,13_7,Peas,208,352,53,62.1
2024,14_0,Peas,140,349,20,62.1
2024,14_1,Peas,164,349,20,62.1
2024,14_2,Peas,171,348,26,62.1
2024,14_3,Peas,169,351,21,62.1
2024,14_4,Peas,160,350,20,62.1
2024,14_5,Peas,121,347,19,62.1
2024,14_6,Peas,171,350,20,62.1
2024,14_7,Peas,219,352,18,62.1
2024,15_10,Peas,162,351,24,62.1
2024,15_11,Peas,216,351,36,62.1
2024,15_15,Peas,224,348,51,62.1
2024,15_17,Peas,208,348,49,62.1
2024,15_18,Peas,187,346,48,62.1
2024,15_2,Peas,245,352,26,62.1
2024,15_3,Peas,259,352,25,62.1
2024,15_4,Peas,260,352,23,62.1
2024,15_5,Peas,264,351,22,62.1
2024,15_6,Peas,254,352,23,62.1
2024,15_7,Peas,221,352,27,62.1
2024,15_8,Peas,220,353,24,62.1
2024,15_9,Peas,192,351,24,62.1
2024,16_10,Peas,231,351,24,62.1
2024,16_12,Peas,231,351,27,62.1
2024,16_13,Peas,265,350,26,62.1
2024,16_14,Peas,262,352,25,62.1
2024,16_16,Peas,205,351,57,62.1
2024,16_17,Peas,198,351,49,62.1
2024,16_2,Peas,265,351,23,62.1
2024,16_3,Peas,267,352,21,62.1
2024,16_4,Peas,264,351,21,62.1
2024,16_5,Peas,263,351,21,62.1
2024,16_6,Peas,249,350,20,62.1
2024,16_7,Peas,251,352,28,62.1
2024,16_8,Peas,197,352,24,62.1
2024,16_9,Peas,234,351,24,62.1
2024,17_10,Peas,202,351,24,62.1
2024,17_11,Peas,180,351,24,62.1
2024,17_12,Peas,273,348,21,62.1
2024,17_13,Peas,241,351,24,62.1
2024,17_17,Peas,245,346,24,62.1
2024,17_18,Peas,244,346,23,62.1
2024,17_2,Peas,165,350,24,62.1
2024,17_3,Peas,260,352,23,62.1
2024,17_4,Peas,250,352,23,62.1
2024,17_5,Peas,253,351,23,62.1
2024,17_6,Peas,248,350,23,62.1
2024,17_7,Peas,223,353,28,62.1
2024,17_8,Peas,164,351,24,62.1
2024,17_9,Peas,215,351,24,62.1
2024,18_10,Peas,208,352,24,62.1
2024,18_11,Peas,205,351,29,62.1
2024,18_12,Peas,243,353,29,62.1
2024,18_13,Peas,264,352,26,62.1
2024,18_17,Peas,244,346,24,62.1
2024,18_18,Peas,251,345,24,62.1
2024,18_19,Peas,228,346,23,62.1
2024,18_2,Peas,168,350,20,62.1
2024,18_3,Peas,210,349,22,62.1
2024,18_4,Peas,195,350,23,62.1
2024,18_5,Peas,227,350,23,62.1
2024,18_6,Peas,195,350,23,62.1
2024,18_7,Peas,235,353,29,62.1
2024,18_8,Peas,255,353,24,62.1
2024,18_9,Peas,237,353,24,62.1
2024,19_10,Peas,194,352,24,62.1
2024,19_11,Peas,213,352,28,62.1
2024,19_12,Peas,149,349,24,62.1
2024,19_13,Peas,187,349,26,62.1
2024,19_17,Peas,229,345,24,62.1
2024,19_18,Peas,253,345,24,62.1
2024,19_19,Peas,234,346,25,62.1
2024,19_2,Peas,174,350,23,62.1
2024,19_3,Peas,177,350,23,62.1
2024,19_4,Peas,158,350,23,62.1
2024,19_5,Peas,171,349,23,62.1
2024,19_6,Peas,167,350,23,62.1
2024,19_7,Peas,193,350,28,62.1
2024,19_8,Peas,172,350,22,62.1
2024,19_9,Peas,132,351,22,62.1
2024,7_0,Peas,203,345,25,62.1
2024,7_1,Peas,259,352,25,62.1
2024,7_11,Peas,264,347,24,62.1
2024,7_12,Peas,253,346,28,62.1
2024,7_2,Peas,193,346,24,62.1
2024,7_7,Peas,219,347,23,62.1
2024,7_8,Peas,217,347,24,62.1
2024,8_0,Peas,185,349,26,62.1
2024,8_1,Peas,191,349,25,62.1
2024,8_10,Peas,257,347,24,62.1
2024,8_11,Peas,253,346,24,62.1
2024,8_2,Peas,187,349,25,62.1
2024,8_7,Peas,234,351,26,62.1
2024,8_8,Peas,265,348,24,62.1
2024,8_9,Peas,114,344,22,62.1
2024,9_1,Peas,185,349,26,62.1
2024,9_11,Peas,260,346,24,62.1
2024,9_12,Peas,247,347,27,62.1
2024,9_2,Peas,215,350,25,62.1
2024,9_8,Peas,254,347,24,62.1
2024,9_9,Peas,262,348,24,62.1
2024,0_12,Pecans,255,357,37,32.0
2024,0_13,Pecans,267,356,29,32.0
2024,0_4,Pecans,272,359,34,32.0
2024,10_0,Pecans,285,360,54,32.0
2024,10_1,Pecans,286,361,45,32.0
2024,10_2,Pecans,283,359,43,32.0
2024,10_5,Pecans,267,351,25,32.0
2024,10_6,Pecans,298,336,24,32.0
2024,10_7,Pecans,262,354,30,32.0
2024,10_8,Pecans,303,337,24,32.0
2024,10_9,Pecans,286,336,26,32.0
2024,11_0,Pecans,291,361,54,32.0
2024,11_1,Pecans,287,358,47,32.0
2024,11_10,Pecans,245,335,25,32.0
2024,11_11,Pecans,247,335,26,32.0
2024,11_12,Pecans,251,337,29,32.0
2024,11_13,Pecans,247,336,25,32.0
2024,11_15,Pecans,259,337,24,32.0
2024,11_5,Pecans,274,350,43,32.0
2024,11_6,Pecans,263,353,53,32.0
2024,11_7,Pecans,255,353,55,32.0
2024,11_8,Pecans,251,353,50,32.0
2024,11_9,Pecans,260,354,48,32.0
2024,12_0,Pecans,282,359,48,32.0
2024,12_1,Pecans,281,358,48,32.0
2024,12_10,Pecans,260,353,46,32.0
2024,12_11,Pecans,261,354,47,32.0
2024,12_12,Pecans,267,353,55,32.0
2024,12_13,Pecans,287,354,49,32.0
2024,12_14,Pecans,269,353,50,32.0
2024,12_15,Pecans,268,351,41,32.0
2024,12_2,Pecans,272,358,56,32.0
2024,12_4,Pecans,270,355,42,32.0
2024,12_6,Pecans,265,354,43,32.0
2024,12_7,Pecans,251,352,53,32.0
2024,12_8,Pecans,260,352,47,32.0
2024,12_9,Pecans,261,353,45,32.0
2024,13_0,Pecans,276,353,20,32.0
2024,13_1,Pecans,264,359,40,32.0
2024,13_10,Pecans,253,337,43,32.0
2024,13_11,Pecans,258,352,46,32.0
2024,13_12,Pecans,306,355,54,32.0
2024,13_13,Pecans,280,349,48,32.0
2024,13_14,Pecans,264,352,50,32.0
2024,13_15,Pecans,278,352,50,32.0
2024,13_16,Pecans,272,335,49,32.0
2024,13_2,Pecans,263,359,56,32.0
2024,13_3,Pecans,280,354,26,32.0
2024,13_4,Pecans,296,355,43,32.0
2024,13_5,Pecans,279,355,44,32.0
2024,13_6,Pecans,280,354,42,32.0
2024,13_7,Pecans,251,353,53,32.0
2024,13_8,Pecans,256,354,47,32.0
2024,13_9,Pecans,260,353,47,32.0
2024,14_0,Pecans,286,352,20,32.0
2024,14_1,Pecans,274,353,20,32.0
2024,14_10,Pecans,259,350,46,32.0
2024,14_12,Pecans,267,352,55,32.0
2024,14_13,Pecans,279,352,49,32.0
2024,14_15,Pecans,269,335,49,32.0
2024,14_16,Pecans,262,352,54,32.0
2024,14_17,Pecans,277,351,55,32.0
2024,14_2,Pecans,280,354,26,32.0
2024,14_3,Pecans,295,354,26,32.0
2024,14_4,Pecans,286,354,21,32.0
2024,14_5,Pecans,276,355,20,32.0
2024,14_6,Pecans,262,352,21,32.0
2024,14_8,Pecans,255,353,47,32.0
2024,14_9,Pecans,263,353,47,32.0
2024,15_0,Pecans,276,353,20,32.0
2024,15_1,Pecans,275,353,20,32.0
2024,15_10,Pecans,268,354,24,32.0
2024,15_11,Pecans,273,352,27,32.0
2024,15_12,Pecans,290,353,49,32.0
2024,15_13,Pecans,263,352,56,32.0
2024,15_14,Pecans,277,352,56,32.0
2024,15_15,Pecans,275,352,55,32.0
2024,15_16,Pecans,263,353,61,32.0
2024,15_17,Pecans,269,354,58,32.0
2024,15_18,Pecans,276,335,52,32.0
2024,15_19,Pecans,293,336,52,32.0
2024,15_2,Pecans,271,353,26,32.0
2024,15_3,Pecans,267,353,23,32.0
2024,15_4,Pecans,277,354,23,32.0
2024,15_5,Pecans,271,353,23,32.0
2024,15_6,Pecans,275,353,23,32.0
2024,15_7,Pecans,269,354,27,32.0
2024,15_8,Pecans,267,354,25,32.0
2024,15_9,Pecans,278,354,25,32.0
2024,16_0,Pecans,268,353,19,32.0
2024,16_1,Pecans,266,352,19,32.0
2024,16_10,Pecans,256,354,24,32.0
2024,16_11,Pecans,276,352,28,32.0
2024,16_12,Pecans,271,353,30,32.0
2024,16_13,Pecans,265,353,27,32.0
2024,16_14,Pecans,271,353,44,32.0
2024,16_15,Pecans,275,353,52,32.0
2024,16_16,Pecans,273,352,55,32.0
2024,16_17,Pecans,279,352,56,32.0
2024,16_18,Pecans,276,335,49,32.0
2024,16_19,Pecans,272,349,52,32.0
2024,16_2,Pecans,275,353,23,32.0
2024,16_3,Pecans,273,353,21,32.0
2024,16_4,Pecans,286,353,21,32.0
2024,16_5,Pecans,291,353,21,32.0
2024,16_6,Pecans,297,353,20,32.0
2024,16_7,Pecans,264,354,28,32.0
2024,16_8,Pecans,282,355,25,32.0
2024,16_9,Pecans,276,354,24,32.0
2024,17_0,Pecans,267,355,18,32.0
2024,17_1,Pecans,272,353,20,32.0
2024,17_10,Pecans,266,354,24,32.0
2024,17_11,Pecans,251,352,29,32.0
2024,17_12,Pecans,266,353,31,32.0
2024,17_13,Pecans,263,353,28,32.0
2024,17_14,Pecans,268,352,28,32.0
2024,17_15,Pecans,270,353,28,32.0
2024,17_16,Pecans,264,353,29,32.0
2024,17_17,Pecans,269,353,27,32.0
2024,17_18,Pecans,279,334,24,32.0
2024,17_19,Pecans,280,351,57,32.0
2024,17_2,Pecans,266,354,25,32.0
2024,17_3,Pecans,268,353,22,32.0
2024,17_4,Pecans,277,353,23,32.0
2024,17_5,Pecans,271,353,23,32.0
2024,17_6,Pecans,278,353,22,32.0
2024,17_7,Pecans,266,353,26,32.0
2024,17_9,Pecans,254,354,24,32.0
2024,18_10,Pecans,265,352,24,32.0
2024,18_12,Pecans,269,351,29,32.0
2024,18_13,Pecans,263,353,28,32.0
2024,18_14,Pecans,259,353,28,32.0
2024,18_15,Pecans,261,352,28,32.0
2024,18_16,Pecans,266,352,29,32.0
2024,18_17,Pecans,274,352,28,32.0
2024,18_18,Pecans,273,333,24,32.0
2024,18_19,Pecans,275,334,25,32.0
2024,18_5,Pecans,292,354,22,32.0
2024,18_7,Pecans,267,352,25,32.0
2024,18_8,Pecans,256,353,24,32.0
2024,18_9,Pecans,264,354,24,32.0
2024,19_10,Pecans,267,352,23,32.0
2024,19_13,Pecans,261,352,25,32.0
2024,19_14,Pecans,285,353,28,32.0
2024,19_15,Pecans,268,352,28,32.0
2024,19_16,Pecans,268,351,29,32.0
2024,19_17,Pecans,274,354,28,32.0
2024,19_18,Pecans,277,333,24,32.0
2024,19_19,Pecans,273,334,25,32.0
2024,19_7,Pecans,263,349,23,32.0
2024,1_13,Pecans,252,357,29,32.0
2024,1_3,Pecans,292,361,58,32.0
2024,1_4,Pecans,301,361,58,32.0
2024,2_13,Pecans,276,358,31,32.0
2024,2_3,Pecans,299,362,61,32.0
2024,3_1,Pecans,296,336,20,32.0
2024,3_19,Pecans,260,358,29,32.0
2024,3_2,Pecans,269,336,25,32.0
2024,3_3,Pecans,283,362,62,32.0
2024,4_13,Pecans,296,359,50,32.0
2024,4_2,Pecans,296,336,25,32.0
2024,4_3,Pecans,286,336,21,32.0
2024,6_12,Pecans,294,336,31,32.0
2024,6_13,Pecans,297,337,25,32.0
2024,7_11,Pecans,293,336,25,32.0
2024,7_12,Pecans,295,335,30,32.0
2024,8_2,Pecans,262,358,24,32.0
2024,8_3,Pecans,298,357,28,32.0
2024,8_7,Pecans,251,356,24,32.0
2024,9_0,Pecans,266,356,26,32.0
2024,9_2,Pecans,282,358,26,32.0
2024,9_9,Pecans,292,336,24,32.0
2024,15_17,Pop or Orn Corn,236,339,49,37.8
2024,15_18,Pop or Orn Corn,238,339,49,37.8
2024,15_19,Pop or Orn Corn,238,339,52,37.8
2024,16_13,Pop or Orn Corn,251,339,21,37.8
2024,16_14,Pop or Orn Corn,264,339,25,37.8
2024,16_15,Pop or Orn Corn,240,340,26,37.8
2024,16_16,Pop or Orn Corn,234,340,56,37.8
2024,16_17,Pop or Orn Corn,228,340,55,37.8
2024,16_18,Pop or Orn Corn,242,339,50,37.8
2024,16_19,Pop or Orn Corn,235,339,51,37.8
2024,17_12,Pop or Orn Corn,239,340,22,37.8
2024,17_14,Pop or Orn Corn,232,339,28,37.8
2024,17_17,Pop or Orn Corn,229,339,24,37.8
2024,17_18,Pop or Orn Corn,227,339,24,37.8
2024,17_19,Pop or Orn Corn,229,340,57,37.8
2024,18_14,Pop or Orn Corn,250,340,27,37.8
2024,18_17,Pop or Orn Corn,232,339,24,37.8
2024,18_18,Pop or Orn Corn,228,339,24,37.8
2024,18_19,Pop or Orn Corn,223,339,25,37.8
2024,19_17,Pop or Orn Corn,226,339,24,37.8
2024,19_18,Pop or Orn Corn,226,339,23,37.8
2024,19_19,Pop or Orn Corn,225,339,25,37.8
2024,17_16,Potatoes,219,348,28,46.2
2024,17_17,Potatoes,210,348,27,46.2
2024,17_18,Potatoes,237,348,24,46.2
2024,17_19,Potatoes,218,348,44,46.2
2024,18_18,Potatoes,243,348,23,46.2
2024,19_19,Potatoes,247,348,24,46.2
2024,11_11,Pumpkins,313,343,23,44.5
2024,11_15,Pumpkins,278,343,23,44.5
2024,11_16,Pumpkins,265,344,24,44.5
2024,11_18,Pumpkins,257,344,22,44.5
2024,11_7,Pumpkins,256,345,46,44.5
2024,11_8,Pumpkins,320,344,47,44.5
2024,12_10,Pumpkins,256,344,47,44.5
2024,12_11,Pumpkins,258,344,47,44.5
2024,12_13,Pumpkins,239,345,49,44.5
2024,12_14,Pumpkins,282,344,25,44.5
2024,12_15,Pumpkins,280,343,24,44.5
2024,12_7,Pumpkins,270,344,42,44.5
2024,12_8,Pumpkins,259,344,47,44.5
2024,12_9,Pumpkins,261,344,47,44.5
2024,13_10,Pumpkins,258,344,46,44.5
2024,13_11,Pumpkins,262,344,47,44.5
2024,13_12,Pumpkins,240,345,53,44.5
2024,13_13,Pumpkins,249,345,49,44.5
2024,13_14,Pumpkins,239,345,50,44.5
2024,13_15,Pumpkins,240,345,50,44.5
2024,13_16,Pumpkins,222,345,55,44.5
2024,13_17,Pumpkins,228,344,46,44.5
2024,13_7,Pumpkins,235,345,44,44.5
2024,13_8,Pumpkins,260,345,47,44.5
2024,13_9,Pumpkins,251,344,47,44.5
2024,14_10,Pumpkins,258,344,46,44.5
2024,14_11,Pumpkins,246,345,46,44.5
2024,14_12,Pumpkins,260,344,48,44.5
2024,14_13,Pumpkins,245,345,48,44.5
2024,14_14,Pumpkins,250,345,50,44.5
2024,14_15,Pumpkins,260,344,49,44.5
2024,14_16,Pumpkins,228,344,56,44.5
2024,14_17,Pumpkins,231,345,56,44.5
2024,14_18,Pumpkins,219,344,47,44.5
2024,14_7,Pumpkins,247,345,44,44.5
2024,14_8,Pumpkins,270,344,47,44.5
2024,14_9,Pumpkins,260,345,47,44.5
2024,15_10,Pumpkins,253,344,46,44.5
2024,15_11,Pumpkins,267,345,46,44.5
2024,15_12,Pumpkins,226,344,26,44.5
2024,15_13,Pumpkins,246,344,52,44.5
2024,15_14,Pumpkins,233,344,52,44.5
2024,15_15,Pumpkins,239,344,56,44.5
2024,15_16,Pumpkins,227,344,60,44.5
2024,15_18,Pumpkins,232,343,46,44.5
2024,15_19,Pumpkins,227,343,52,44.5
2024,15_7,Pumpkins,264,345,23,44.5
2024,15_8,Pumpkins,296,344,25,44.5
2024,15_9,Pumpkins,283,345,25,44.5
2024,16_10,Pumpkins,265,344,24,44.5
2024,16_11,Pumpkins,274,344,23,44.5
2024,16_12,Pumpkins,251,344,27,44.5
2024,16_13,Pumpkins,258,344,26,44.5
2024,16_14,Pumpkins,216,344,46,44.5
2024,16_15,Pumpkins,232,344,52,44.5
2024,16_16,Pumpkins,241,344,52,44.5
2024,16_17,Pumpkins,257,344,45,44.5
2024,16_18,Pumpkins,237,344,49,44.5
2024,16_19,Pumpkins,233,344,46,44.5
2024,16_7,Pumpkins,264,344,24,44.5
2024,16_8,Pumpkins,277,344,24,44.5
2024,16_9,Pumpkins,272,344,25,44.5
2024,17_10,Pumpkins,278,344,24,44.5
2024,17_11,Pumpkins,270,344,28,44.5
2024,17_12,Pumpkins,246,344,31,44.5
2024,17_13,Pumpkins,229,344,28,44.5
2024,17_14,Pumpkins,239,344,28,44.5
2024,17_15,Pumpkins,249,344,28,44.5
2024,17_16,Pumpkins,246,344,29,44.5
2024,17_18,Pumpkins,295,344,23,44.5
2024,17_7,Pumpkins,275,344,24,44.5
2024,17_8,Pumpkins,287,344,24,44.5
2024,17_9,Pumpkins,289,344,25,44.5
2024,18_10,Pumpkins,278,345,24,44.5
2024,18_11,Pumpkins,285,345,29,44.5
2024,18_12,Pumpkins,234,344,30,44.5
2024,18_13,Pumpkins,271,344,27,44.5
2024,18_14,Pumpkins,251,344,28,44.5
2024,18_15,Pumpkins,253,344,28,44.5
2024,18_16,Pumpkins,258,344,29,44.5
2024,18_17,Pumpkins,246,344,26,44.5
2024,18_7,Pumpkins,280,345,27,44.5
2024,18_8,Pumpkins,286,345,24,44.5
2024,18_9,Pumpkins,289,345,24,44.5
2024,19_10,Pumpkins,280,345,24,44.5
2024,19_11,Pumpkins,277,344,30,44.5
2024,19_12,Pumpkins,259,344,30,44.5
2024,19_13,Pumpkins,255,344,27,44.5
2024,19_14,Pumpkins,254,345,28,44.5
2024,19_15,Pumpkins,269,344,28,44.5
2024,19_16,Pumpkins,251,343,26,44.5
2024,19_17,Pumpkins,258,343,26,44.5
2024,19_7,Pumpkins,270,344,23,44.5
2024,19_8,Pumpkins,281,344,23,44.5
2024,19_9,Pumpkins,271,345,23,44.5
2024,2_14,Pumpkins,208,344,29,44.5
2024,3_12,Pumpkins,210,344,53,44.5
2024,3_13,Pumpkins,212,344,53,44.5
2024,3_14,Pumpkins,205,344,50,44.5
2024,3_16,Pumpkins,212,344,54,44.5
2024,3_17,Pumpkins,226,345,36,44.5
2024,3_19,Pumpkins,234,344,30,44.5
2024,4_12,Pumpkins,212,344,53,44.5
2024,4_13,Pumpkins,225,344,54,44.5
2024,4_14,Pumpkins,223,344,50,44.5
2024,4_16,Pumpkins,221,345,54,44.5
2024,4_17,Pumpkins,208,345,67,44.5
2024,5_13,Pumpkins,213,345,54,44.5
2024,5_16,Pumpkins,225,344,51,44.5
2024,5_17,Pumpkins,206,344,57,44.5
2024,5_18,Pumpkins,206,345,58,44.5
2024,6_18,Pumpkins,208,345,53,44.5
2024,0_3,Rice,245,357,50,17.6
2024,0_4,Rice,259,358,34,17.6
2024,0_6,Rice,264,357,34,17.6
2024,10_0,Rice,246,360,54,17.6
2024,10_1,Rice,273,360,52,17.6
2024,10_10,Rice,243,338,26,17.6
2024,10_11,Rice,249,338,26,17.6
2024,10_12,Rice,269,338,27,17.6
2024,10_15,Rice,218,333,25,17.6
2024,10_2,Rice,249,358,55,17.6
2024,10_3,Rice,245,357,53,17.6
2024,10_4,Rice,264,357,52,17.6
2024,10_5,Rice,248,357,52,17.6
2024,10_6,Rice,238,353,30,17.6
2024,10_7,Rice,240,353,31,17.6
2024,10_8,Rice,240,338,26,17.6
2024,10_9,Rice,239,338,26,17.6
2024,11_0,Rice,238,359,54,17.6
2024,11_1,Rice,238,359,54,17.6
2024,11_10,Rice,235,352,50,17.6
2024,11_11,Rice,243,338,26,17.6
2024,11_12,Rice,235,340,31,17.6
2024,11_13,Rice,259,339,28,17.6
2024,11_14,Rice,266,340,28,17.6
2024,11_15,Rice,255,340,28,17.6
2024,11_16,Rice,254,340,28,17.6
2024,11_17,Rice,266,339,28,17.6
2024,11_18,Rice,264,339,28,17.6
2024,11_19,Rice,227,341,30,17.6
2024,11_2,Rice,233,359,60,17.6
2024,11_3,Rice,253,357,58,17.6
2024,11_4,Rice,252,357,54,17.6
2024,11_5,Rice,238,357,54,17.6
2024,11_6,Rice,234,357,54,17.6
2024,11_7,Rice,243,357,60,17.6
2024,11_8,Rice,241,352,50,17.6
2024,11_9,Rice,242,352,50,17.6
2024,12_0,Rice,240,356,48,17.6
2024,12_1,Rice,241,357,48,17.6
2024,12_10,Rice,241,352,47,17.6
2024,12_11,Rice,243,352,47,17.6
2024,12_12,Rice,236,352,56,17.6
2024,12_13,Rice,237,352,49,17.6
2024,12_14,Rice,232,351,50,17.6
2024,12_15,Rice,235,351,50,17.6
2024,12_16,Rice,261,340,27,17.6
2024,12_17,Rice,264,339,27,17.6
2024,12_18,Rice,256,339,24,17.6
2024,12_19,Rice,253,339,25,17.6
2024,12_2,Rice,240,357,56,17.6
2024,12_3,Rice,241,357,56,17.6
2024,12_4,Rice,232,352,44,17.6
2024,12_5,Rice,228,352,44,17.6
2024,12_6,Rice,229,352,44,17.6
2024,12_7,Rice,235,352,54,17.6
2024,12_8,Rice,240,352,47,17.6
2024,12_9,Rice,242,352,47,17.6
2024,13_0,Rice,234,348,20,17.6
2024,13_1,Rice,232,357,48,17.6
2024,13_10,Rice,244,352,47,17.6
2024,13_11,Rice,243,352,47,17.6
2024,13_12,Rice,240,352,56,17.6
2024,13_13,Rice,238,351,50,17.6
2024,13_14,Rice,237,351,50,17.6
2024,13_15,Rice,239,351,50,17.6
2024,13_16,Rice,242,351,56,17.6
2024,13_17,Rice,227,352,56,17.6
2024,13_18,Rice,229,341,48,17.6
2024,13_19,Rice,222,340,48,17.6
2024,13_2,Rice,238,357,56,17.6
2024,13_3,Rice,241,356,56,17.6
2024,13_4,Rice,233,351,44,17.6
2024,13_5,Rice,229,352,44,17.6
2024,13_6,Rice,229,352,44,17.6
2024,13_7,Rice,235,352,54,17.6
2024,13_8,Rice,241,352,47,17.6
2024,13_9,Rice,246,352,47,17.6
2024,14_0,Rice,262,349,20,17.6
2024,14_1,Rice,239,348,20,17.6
2024,14_10,Rice,242,352,47,17.6
2024,14_11,Rice,244,352,47,17.6
2024,14_12,Rice,242,352,56,17.6
2024,14_13,Rice,240,351,50,17.6
2024,14_14,Rice,241,351,50,17.6
2024,14_15,Rice,241,351,50,17.6
2024,14_16,Rice,239,351,56,17.6
2024,14_17,Rice,239,351,56,17.6
2024,14_18,Rice,233,339,48,17.6
2024,14_19,Rice,217,340,48,17.6
2024,14_2,Rice,231,350,26,17.6
2024,14_3,Rice,233,349,26,17.6
2024,14_4,Rice,233,350,21,17.6
2024,14_5,Rice,234,350,21,17.6
2024,14_6,Rice,230,352,44,17.6
2024,14_7,Rice,243,352,54,17.6
2024,14_8,Rice,243,352,47,17.6
2024,14_9,Rice,246,352,47,17.6
2024,15_0,Rice,258,348,20,17.6
2024,15_1,Rice,237,348,20,17.6
2024,15_10,Rice,242,352,48,17.6
2024,15_11,Rice,236,352,57,17.6
2024,15_12,Rice,239,352,60,17.6
2024,15_13,Rice,241,351,56,17.6
2024,15_14,Rice,241,351,56,17.6
2024,15_15,Rice,239,352,56,17.6
2024,15_16,Rice,242,351,62,17.6
2024,15_17,Rice,243,351,62,17.6
2024,15_18,Rice,236,339,53,17.6
2024,15_19,Rice,232,339,53,17.6
2024,15_2,Rice,232,351,26,17.6
2024,15_3,Rice,243,349,26,17.6
2024,15_4,Rice,230,350,23,17.6
2024,15_5,Rice,232,350,23,17.6
2024,15_6,Rice,236,350,23,17.6
2024,15_7,Rice,234,352,28,17.6
2024,15_8,Rice,234,352,25,17.6
2024,15_9,Rice,242,352,25,17.6
2024,16_0,Rice,236,349,19,17.6
2024,16_1,Rice,250,348,19,17.6
2024,16_10,Rice,237,351,25,17.6
2024,16_11,Rice,233,351,30,17.6
2024,16_12,Rice,235,351,30,17.6
2024,16_13,Rice,234,351,27,17.6
2024,16_14,Rice,232,351,52,17.6
2024,16_15,Rice,235,352,52,17.6
2024,16_16,Rice,239,352,59,17.6
2024,16_17,Rice,240,352,58,17.6
2024,16_18,Rice,235,350,55,17.6
2024,16_19,Rice,233,351,56,17.6
2024,16_2,Rice,234,350,23,17.6
2024,16_3,Rice,236,350,23,17.6
2024,16_4,Rice,235,349,21,17.6
2024,16_5,Rice,239,350,21,17.6
2024,16_6,Rice,239,350,21,17.6
2024,16_7,Rice,232,351,28,17.6
2024,16_8,Rice,235,352,25,17.6
2024,16_9,Rice,239,352,25,17.6
2024,17_1,Rice,263,349,20,17.6
2024,17_10,Rice,242,351,25,17.6
2024,17_11,Rice,237,351,31,17.6
2024,17_12,Rice,234,351,31,17.6
2024,17_13,Rice,236,351,28,17.6
2024,17_14,Rice,233,351,28,17.6
2024,17_15,Rice,235,351,28,17.6
2024,17_16,Rice,232,351,29,17.6
2024,17_17,Rice,230,351,27,17.6
2024,17_18,Rice,233,350,47,17.6
2024,17_19,Rice,233,351,57,17.6
2024,17_2,Rice,239,352,25,17.6
2024,17_3,Rice,236,351,23,17.6
2024,17_4,Rice,238,352,23,17.6
2024,17_5,Rice,254,351,23,17.6
2024,17_6,Rice,232,351,23,17.6
2024,17_7,Rice,238,351,29,17.6
2024,17_8,Rice,241,351,25,17.6
2024,17_9,Rice,240,351,25,17.6
2024,18_0,Rice,268,351,19,17.6
2024,18_1,Rice,269,349,18,17.6
2024,18_10,Rice,256,352,25,17.6
2024,18_11,Rice,257,352,27,17.6
2024,18_12,Rice,247,352,31,17.6
2024,18_13,Rice,237,352,28,17.6
2024,18_14,Rice,232,351,28,17.6
2024,18_15,Rice,234,351,28,17.6
2024,18_16,Rice,233,351,29,17.6
2024,18_17,Rice,229,351,28,17.6
2024,18_18,Rice,229,336,24,17.6
2024,18_19,Rice,226,336,25,17.6
2024,18_3,Rice,245,352,23,17.6
2024,18_4,Rice,270,353,22,17.6
2024,18_5,Rice,262,352,23,17.6
2024,18_6,Rice,263,352,23,17.6
2024,18_7,Rice,261,352,28,17.6
2024,18_8,Rice,265,353,24,17.6
2024,18_9,Rice,252,350,25,17.6
2024,19_10,Rice,264,353,24,17.6
2024,19_11,Rice,246,352,29,17.6
2024,19_12,Rice,258,353,31,17.6
2024,19_13,Rice,261,353,27,17.6
2024,19_14,Rice,251,353,28,17.6
2024,19_15,Rice,255,352,28,17.6
2024,19_16,Rice,236,352,29,17.6
2024,19_17,Rice,232,352,28,17.6
2024,19_18,Rice,230,336,24,17.6
2024,19_19,Rice,231,336,25,17.6
2024,19_2,Rice,257,351,19,17.6
2024,19_3,Rice,270,352,21,17.6
2024,19_4,Rice,244,351,23,17.6
2024,19_5,Rice,260,352,23,17.6
2024,19_6,Rice,259,352,23,17.6
2024,19_7,Rice,252,353,28,17.6
2024,19_8,Rice,264,352,25,17.6
2024,19_9,Rice,250,352,25,17.6
2024,1_3,Rice,240,360,58,17.6
2024,1_4,Rice,241,359,58,17.6
2024,1_7,Rice,256,360,34,17.6
2024,2_13,Rice,242,357,29,17.6
2024,2_16,Rice,230,357,28,17.6
2024,2_17,Rice,226,356,31,17.6
2024,2_2,Rice,240,360,60,17.6
2024,2_3,Rice,242,361,61,17.6
2024,2_4,Rice,239,359,59,17.6
2024,2_6,Rice,248,360,62,17.6
2024,3_0,Rice,229,338,20,17.6
2024,3_1,Rice,245,359,54,17.6
2024,3_13,Rice,225,357,54,17.6
2024,3_2,Rice,236,340,32,17.6
2024,3_3,Rice,238,360,65,17.6
2024,3_4,Rice,236,360,55,17.6
2024,3_5,Rice,238,360,54,17.6
2024,3_6,Rice,238,356,54,17.6
2024,3_7,Rice,254,359,58,17.6
2024,4_0,Rice,252,338,20,17.6
2024,4_1,Rice,234,338,20,17.6
2024,4_11,Rice,241,358,50,17.6
2024,4_13,Rice,229,357,54,17.6
2024,4_2,Rice,230,337,25,17.6
2024,4_3,Rice,248,339,25,17.6
2024,4_5,Rice,236,360,49,17.6
2024,4_6,Rice,279,336,20,17.6
2024,4_7,Rice,235,356,51,17.6
2024,4_9,Rice,241,357,51,17.6
2024,5_0,Rice,257,338,20,17.6
2024,5_1,Rice,264,339,20,17.6
2024,5_11,Rice,222,357,52,17.6
2024,5_13,Rice,235,357,54,17.6
2024,5_2,Rice,252,338,20,17.6
2024,5_3,Rice,243,338,24,17.6
2024,5_4,Rice,263,336,21,17.6
2024,5_5,Rice,248,335,21,17.6
2024,5_6,Rice,253,336,19,17.6
2024,6_11,Rice,242,337,25,17.6
2024,6_12,Rice,244,338,31,17.6
2024,6_13,Rice,251,337,24,17.6
2024,6_5,Rice,246,357,27,17.6
2024,6_6,Rice,235,336,21,17.6
2024,6_7,Rice,242,339,26,17.6
2024,7_11,Rice,244,338,25,17.6
2024,7_12,Rice,246,338,31,17.6
2024,7_13,Rice,260,336,25,17.6
2024,7_16,Rice,259,335,26,17.6
2024,7_2,Rice,247,355,29,17.6
2024,7_3,Rice,241,354,25,17.6
2024,7_4,Rice,247,353,25,17.6
2024,7_5,Rice,255,353,28,17.6
2024,7_7,Rice,244,338,26,17.6
2024,8_1,Rice,254,353,25,17.6
2024,8_10,Rice,238,338,24,17.6
2024,8_11,Rice,235,338,24,17.6
2024,8_12,Rice,241,338,28,17.6
2024,8_13,Rice,249,335,22,17.6
2024,8_16,Rice,260,336,28,17.6
2024,8_2,Rice,247,352,29,17.6
2024,8_3,Rice,260,339,21,17.6
2024,8_4,Rice,246,352,25,17.6
2024,8_5,Rice,272,355,23,17.6
2024,8_7,Rice,256,354,28,17.6
2024,8_8,Rice,264,338,24,17.6
2024,8_9,Rice,266,339,21,17.6
2024,9_1,Rice,281,355,25,17.6
2024,9_10,Rice,240,338,24,17.6
2024,9_11,Rice,261,339,24,17.6
2024,9_12,Rice,262,338,27,17.6
2024,9_2,Rice,258,354,26,17.6
2024,9_5,Rice,255,353,26,17.6
2024,9_7,Rice,258,355,27,17.6
2024,9_8,Rice,241,339,24,17.6
2024,9_9,Rice,257,338,24,17.6
2024,0_17,Rye,136,347,24,57.1
2024,0_18,Rye,116,347,26,57.1
2024,13_17,Rye,112,346,55,57.1
2024,13_19,Rye,183,346,34,57.1
2024,14_17,Rye,167,347,55,57.1
2024,14_18,Rye,126,346,47,57.1
2024,14_19,Rye,127,346,48,57.1
2024,15_17,Rye,148,346,51,57.1
2024,15_18,Rye,162,346,51,57.1
2024,15_19,Rye,153,346,53,57.1
2024,16_0,Rye,222,346,19,57.1
2024,16_18,Rye,133,346,36,57.1
2024,16_19,Rye,98,346,48,57.1
2024,17_0,Rye,243,346,19,57.1
2024,17_1,Rye,230,346,20,57.1
2024,17_16,Rye,153,346,28,57.1
2024,17_17,Rye,157,346,27,57.1
2024,17_18,Rye,135,346,24,57.1
2024,17_19,Rye,132,346,24,57.1
2024,17_2,Rye,267,346,18,57.1
2024,18_17,Rye,162,346,20,57.1
2024,18_19,Rye,129,346,23,57.1
2024,19_17,Rye,131,346,24,57.1
2024,19_18,Rye,136,346,23,57.1
2024,3_2,Rye,139,346,25,57.1
2024,3_3,Rye,142,346,25,57.1
2024,4_2,Rye,135,346,25,57.1
2024,4_3,Rye,140,346,25,57.1
2024,5_4,Rye,138,346,20,57.1
2024,6_2,Rye,169,346,24,57.1
2024,6_5,Rye,138,347,24,57.1
2024,6_6,Rye,138,346,21,57.1
2024,6_7,Rye,134,346,27,57.1
2024,7_7,Rye,194,346,24,57.1
2024,0_0,Sorghum,246,358,57,36.6
2024,0_1,Sorghum,228,359,59,36.6
2024,0_12,Sorghum,239,356,29,36.6
2024,0_13,Sorghum,235,357,27,36.6
2024,0_17,Sorghum,233,356,27,36.6
2024,0_18,Sorghum,246,356,27,36.6
2024,0_19,Sorghum,229,357,27,36.6
2024,0_2,Sorghum,220,360,63,36.6
2024,0_3,Sorghum,227,359,39,36.6
2024,0_4,Sorghum,228,357,34,36.6
2024,0_6,Sorghum,217,359,35,36.6
2024,10_0,Sorghum,248,359,52,36.6
2024,10_10,Sorghum,245,336,24,36.6
2024,10_11,Sorghum,243,338,24,36.6
2024,10_12,Sorghum,255,338,27,36.6
2024,10_18,Sorghum,232,336,24,36.6
2024,10_4,Sorghum,207,357,46,36.6
2024,10_6,Sorghum,268,354,30,36.6
2024,10_7,Sorghum,258,353,30,36.6
2024,10_8,Sorghum,256,338,25,36.6
2024,10_9,Sorghum,256,337,24,36.6
2024,11_0,Sorghum,240,359,54,36.6
2024,11_1,Sorghum,238,358,54,36.6
2024,11_10,Sorghum,233,338,27,36.6
2024,11_11,Sorghum,243,338,24,36.6
2024,11_12,Sorghum,267,337,29,36.6
2024,11_13,Sorghum,250,338,25,36.6
2024,11_14,Sorghum,231,338,28,36.6
2024,11_15,Sorghum,239,339,24,36.6
2024,11_16,Sorghum,225,339,27,36.6
2024,11_17,Sorghum,257,336,26,36.6
2024,11_18,Sorghum,240,338,24,36.6
2024,11_2,Sorghum,224,357,58,36.6
2024,11_3,Sorghum,238,356,50,36.6
2024,11_4,Sorghum,248,351,44,36.6
2024,11_5,Sorghum,211,357,54,36.6
2024,11_6,Sorghum,227,357,53,36.6
2024,11_7,Sorghum,232,352,53,36.6
2024,11_8,Sorghum,245,350,48,36.6
2024,11_9,Sorghum,260,350,46,36.6
2024,12_0,Sorghum,248,357,48,36.6
2024,12_1,Sorghum,250,356,48,36.6
2024,12_10,Sorghum,241,349,44,36.6
2024,12_11,Sorghum,240,336,44,36.6
2024,12_12,Sorghum,233,351,55,36.6
2024,12_13,Sorghum,269,350,49,36.6
2024,12_14,Sorghum,250,352,50,36.6
2024,12_17,Sorghum,234,338,24,36.6
2024,12_19,Sorghum,238,338,24,36.6
2024,12_2,Sorghum,242,357,56,36.6
2024,12_3,Sorghum,239,357,54,36.6
2024,12_4,Sorghum,242,353,43,36.6
2024,12_5,Sorghum,236,352,43,36.6
2024,12_6,Sorghum,247,352,44,36.6
2024,12_7,Sorghum,252,352,54,36.6
2024,12_8,Sorghum,239,352,44,36.6
2024,12_9,Sorghum,234,351,46,36.6
2024,13_0,Sorghum,268,350,20,36.6
2024,13_1,Sorghum,220,357,48,36.6
2024,13_10,Sorghum,229,351,47,36.6
2024,13_11,Sorghum,268,352,46,36.6
2024,13_12,Sorghum,222,352,55,36.6
2024,13_13,Sorghum,242,350,49,36.6
2024,13_14,Sorghum,233,352,50,36.6
2024,13_15,Sorghum,240,350,50,36.6
2024,13_16,Sorghum,238,351,47,36.6
2024,13_17,Sorghum,224,351,53,36.6
2024,13_19,Sorghum,219,339,48,36.6
2024,13_2,Sorghum,222,357,55,36.6
2024,13_3,Sorghum,234,357,55,36.6
2024,13_4,Sorghum,241,353,44,36.6
2024,13_5,Sorghum,226,353,43,36.6
2024,13_6,Sorghum,230,352,44,36.6
2024,13_7,Sorghum,230,352,54,36.6
2024,13_8,Sorghum,216,345,46,36.6
2024,13_9,Sorghum,249,350,46,36.6
2024,14_0,Sorghum,262,350,20,36.6
2024,14_1,Sorghum,271,350,20,36.6
2024,14_10,Sorghum,226,351,46,36.6
2024,14_11,Sorghum,233,352,45,36.6
2024,14_12,Sorghum,226,351,56,36.6
2024,14_13,Sorghum,236,351,49,36.6
2024,14_14,Sorghum,238,351,50,36.6
2024,14_15,Sorghum,231,351,47,36.6
2024,14_16,Sorghum,222,351,56,36.6
2024,14_17,Sorghum,228,351,56,36.6
2024,14_18,Sorghum,224,338,47,36.6
2024,14_19,Sorghum,229,338,48,36.6
2024,14_2,Sorghum,257,352,26,36.6
2024,14_3,Sorghum,238,351,26,36.6
2024,14_4,Sorghum,246,352,20,36.6
2024,14_5,Sorghum,252,351,19,36.6
2024,14_6,Sorghum,254,351,30,36.6
2024,14_7,Sorghum,251,341,39,36.6
2024,14_8,Sorghum,234,351,46,36.6
2024,14_9,Sorghum,248,351,46,36.6
2024,15_0,Sorghum,258,350,20,36.6
2024,15_1,Sorghum,274,348,19,36.6
2024,15_10,Sorghum,228,351,25,36.6
2024,15_11,Sorghum,230,352,51,36.6
2024,15_12,Sorghum,235,351,60,36.6
2024,15_13,Sorghum,226,351,55,36.6
2024,15_14,Sorghum,223,351,56,36.6
2024,15_15,Sorghum,223,351,55,36.6
2024,15_16,Sorghum,228,351,61,36.6
2024,15_17,Sorghum,221,351,60,36.6
2024,15_18,Sorghum,233,338,53,36.6
2024,15_19,Sorghum,231,338,53,36.6
2024,15_2,Sorghum,264,350,25,36.6
2024,15_3,Sorghum,254,350,23,36.6
2024,15_4,Sorghum,254,351,23,36.6
2024,15_5,Sorghum,240,351,21,36.6
2024,15_6,Sorghum,267,351,19,36.6
2024,15_7,Sorghum,226,351,28,36.6
2024,15_8,Sorghum,215,352,25,36.6
2024,15_9,Sorghum,241,351,25,36.6
2024,16_0,Sorghum,272,350,19,36.6
2024,16_1,Sorghum,271,349,19,36.6
2024,16_10,Sorghum,228,351,25,36.6
2024,16_11,Sorghum,226,351,24,36.6
2024,16_12,Sorghum,231,351,29,36.6
2024,16_13,Sorghum,234,353,24,36.6
2024,16_15,Sorghum,244,351,26,36.6
2024,16_16,Sorghum,232,351,56,36.6
2024,16_17,Sorghum,219,351,55,36.6
2024,16_2,Sorghum,277,349,21,36.6
2024,16_3,Sorghum,239,343,21,36.6
2024,16_4,Sorghum,237,350,21,36.6
2024,16_6,Sorghum,242,348,20,36.6
2024,16_7,Sorghum,231,352,27,36.6
2024,16_8,Sorghum,232,351,25,36.6
2024,16_9,Sorghum,229,352,24,36.6
2024,17_0,Sorghum,260,349,20,36.6
2024,17_1,Sorghum,270,350,20,36.6
2024,17_10,Sorghum,241,351,24,36.6
2024,17_11,Sorghum,228,351,24,36.6
2024,17_12,Sorghum,233,351,30,36.6
2024,17_13,Sorghum,234,351,28,36.6
2024,17_14,Sorghum,235,351,28,36.6
2024,17_15,Sorghum,233,351,28,36.6
2024,17_16,Sorghum,247,349,25,36.6
2024,17_17,Sorghum,243,351,26,36.6
2024,17_18,Sorghum,246,336,22,36.6
2024,17_19,Sorghum,222,336,36,36.6
2024,17_2,Sorghum,256,349,23,36.6
2024,17_3,Sorghum,258,351,22,36.6
2024,17_4,Sorghum,274,339,21,36.6
2024,17_5,Sorghum,252,350,23,36.6
2024,17_6,Sorghum,228,349,22,36.6
2024,17_7,Sorghum,230,349,28,36.6
2024,17_8,Sorghum,241,351,24,36.6
2024,17_9,Sorghum,242,350,24,36.6
2024,18_0,Sorghum,272,350,20,36.6
2024,18_1,Sorghum,270,350,20,36.6
2024,18_10,Sorghum,262,351,24,36.6
2024,18_11,Sorghum,255,352,29,36.6
2024,18_12,Sorghum,227,352,23,36.6
2024,18_13,Sorghum,251,351,25,36.6
2024,18_14,Sorghum,233,351,27,36.6
2024,18_15,Sorghum,233,350,28,36.6
2024,18_16,Sorghum,240,350,28,36.6
2024,18_17,Sorghum,254,334,23,36.6
2024,18_18,Sorghum,255,335,23,36.6
2024,18_19,Sorghum,247,337,24,36.6
2024,18_2,Sorghum,276,350,20,36.6
2024,18_3,Sorghum,257,350,21,36.6
2024,18_4,Sorghum,254,351,23,36.6
2024,18_5,Sorghum,252,352,23,36.6
2024,18_6,Sorghum,235,352,22,36.6
2024,18_7,Sorghum,236,351,23,36.6
2024,18_8,Sorghum,226,353,24,36.6
2024,18_9,Sorghum,256,351,24,36.6
2024,19_0,Sorghum,269,350,17,36.6
2024,19_1,Sorghum,274,350,18,36.6
2024,19_12,Sorghum,234,353,23,36.6
2024,19_14,Sorghum,237,352,26,36.6
2024,19_15,Sorghum,234,351,28,36.6
2024,19_16,Sorghum,243,350,27,36.6
2024,19_17,Sorghum,238,336,24,36.6
2024,19_19,Sorghum,237,336,23,36.6
2024,19_3,Sorghum,262,349,20,36.6
2024,19_9,Sorghum,235,352,24,36.6
2024,1_0,Sorghum,223,360,58,36.6
2024,1_1,Sorghum,226,359,59,36.6
2024,1_13,Sorghum,239,356,28,36.6
2024,1_16,Sorghum,232,356,28,36.6
2024,1_18,Sorghum,238,355,25,36.6
2024,1_2,Sorghum,223,360,65,36.6
2024,1_3,Sorghum,240,360,64,36.6
2024,1_4,Sorghum,241,359,58,36.6
2024,1_5,Sorghum,233,358,54,36.6
2024,1_6,Sorghum,234,359,30,36.6
2024,1_7,Sorghum,219,360,64,36.6
2024,2_0,Sorghum,209,359,60,36.6
2024,2_1,Sorghum,229,359,61,36.6
2024,2_13,Sorghum,249,357,31,36.6
2024,2_16,Sorghum,233,357,31,36.6
2024,2_18,Sorghum,244,356,32,36.6
2024,2_2,Sorghum,218,360,67,36.6
2024,2_3,Sorghum,225,360,66,36.6
2024,2_4,Sorghum,222,358,59,36.6
2024,2_5,Sorghum,221,360,62,36.6
2024,2_6,Sorghum,215,360,60,36.6
2024,2_7,Sorghum,218,360,66,36.6
2024,2_8,Sorghum,202,358,58,36.6
2024,3_0,Sorghum,226,359,60,36.6
2024,3_1,Sorghum,246,357,54,36.6
2024,3_12,Sorghum,241,356,49,36.6
2024,3_13,Sorghum,227,357,54,36.6
2024,3_16,Sorghum,225,357,53,36.6
2024,3_17,Sorghum,252,356,52,36.6
2024,3_18,Sorghum,234,356,27,36.6
2024,3_19,Sorghum,231,357,32,36.6
2024,3_2,Sorghum,228,359,61,36.6
2024,3_3,Sorghum,237,360,60,36.6
2024,4_0,Sorghum,259,337,20,36.6
2024,4_1,Sorghum,263,337,20,36.6
2024,4_13,Sorghum,233,357,54,36.6
2024,4_15,Sorghum,229,357,53,36.6
2024,4_16,Sorghum,236,357,53,36.6
2024,4_17,Sorghum,238,357,60,36.6
2024,4_18,Sorghum,240,357,55,36.6
2024,4_19,Sorghum,245,358,52,36.6
2024,4_2,Sorghum,262,337,25,36.6
2024,4_3,Sorghum,253,337,24,36.6
2024,4_9,Sorghum,229,355,51,36.6
2024,5_0,Sorghum,268,337,20,36.6
2024,5_1,Sorghum,264,338,20,36.6
2024,5_10,Sorghum,227,357,51,36.6
2024,5_11,Sorghum,196,358,51,36.6
2024,5_13,Sorghum,223,357,54,36.6
2024,5_14,Sorghum,236,357,53,36.6
2024,5_19,Sorghum,241,356,55,36.6
2024,5_2,Sorghum,255,336,22,36.6
2024,6_0,Sorghum,262,337,20,36.6
2024,6_1,Sorghum,252,338,22,36.6
2024,6_11,Sorghum,251,337,20,36.6
2024,6_12,Sorghum,250,337,31,36.6
2024,6_17,Sorghum,232,358,64,36.6
2024,6_18,Sorghum,230,357,54,36.6
2024,6_19,Sorghum,249,356,53,36.6
2024,6_2,Sorghum,241,337,26,36.6
2024,7_1,Sorghum,268,338,25,36.6
2024,7_10,Sorghum,245,338,24,36.6
2024,7_11,Sorghum,244,337,24,36.6
2024,7_12,Sorghum,247,337,30,36.6
2024,7_2,Sorghum,243,352,30,36.6
2024,8_10,Sorghum,231,338,24,36.6
2024,8_11,Sorghum,245,338,23,36.6
2024,8_12,Sorghum,228,338,28,36.6
2024,8_13,Sorghum,221,337,25,36.6
2024,8_7,Sorghum,268,354,27,36.6
2024,8_8,Sorghum,237,337,24,36.6
2024,9_11,Sorghum,240,338,24,36.6
2024,9_12,Sorghum,244,338,27,36.6
2024,9_13,Sorghum,241,336,24,36.6
2024,9_14,Sorghum,234,336,25,36.6
2024,9_7,Sorghum,286,354,26,36.6
2024,9_8,Sorghum,246,338,24,36.6
2024,0_12,Soybeans,270,343,37,22.0
2024,0_13,Soybeans,246,326,29,22.0
2024,0_14,Soybeans,272,354,29,22.0
2024,0_15,Soybeans,263,350,29,22.0
2024,0_16,Soybeans,261,345,36,22.0
2024,0_17,Soybeans,264,329,27,22.0
2024,0_18,Soybeans,247,309,27,22.0
2024,0_19,Soybeans,234,338,26,22.0
2024,0_2,Soybeans,263,332,56,22.0
2024,0_3,Soybeans,260,348,51,22.0
2024,0_4,Soybeans,252,338,34,22.0
2024,10_0,Soybeans,258,328,54,22.0
2024,10_1,Soybeans,270,353,54,22.0
2024,10_10,Soybeans,248,329,26,22.0
2024,10_11,Soybeans,261,348,26,22.0
2024,10_12,Soybeans,269,353,30,22.0
2024,10_13,Soybeans,270,349,28,22.0
2024,10_14,Soybeans,267,353,28,22.0
2024,10_15,Soybeans,263,346,25,22.0
2024,10_16,Soybeans,269,354,24,22.0
2024,10_18,Soybeans,235,324,24,22.0
2024,10_2,Soybeans,263,357,61,22.0
2024,10_3,Soybeans,267,357,59,22.0
2024,10_4,Soybeans,263,353,54,22.0
2024,10_5,Soybeans,269,356,54,22.0
2024,10_6,Soybeans,247,317,30,22.0
2024,10_7,Soybeans,246,313,31,22.0
2024,10_8,Soybeans,247,321,26,22.0
2024,10_9,Soybeans,247,328,26,22.0
2024,11_0,Soybeans,255,330,54,22.0
2024,11_1,Soybeans,254,325,54,22.0
2024,11_10,Soybeans,247,339,50,22.0
2024,11_11,Soybeans,249,329,26,22.0
2024,11_12,Soybeans,248,339,31,22.0
2024,11_13,Soybeans,246,330,28,22.0
2024,11_14,Soybeans,265,353,28,22.0
2024,11_15,Soybeans,245,321,28,22.0
2024,11_16,Soybeans,259,354,29,22.0
2024,11_17,Soybeans,255,350,30,22.0
2024,11_18,Soybeans,266,350,29,22.0
2024,11_19,Soybeans,264,349,30,22.0
2024,11_2,Soybeans,257,324,61,22.0
2024,11_3,Soybeans,262,340,60,22.0
2024,11_4,Soybeans,263,336,54,22.0
2024,11_5,Soybeans,256,341,54,22.0
2024,11_6,Soybeans,251,336,54,22.0
2024,11_7,Soybeans,253,338,61,22.0
2024,11_8,Soybeans,247,332,50,22.0
2024,11_9,Soybeans,246,334,50,22.0
2024,12_0,Soybeans,257,323,48,22.0
2024,12_1,Soybeans,253,329,48,22.0
2024,12_10,Soybeans,249,336,47,22.0
2024,12_11,Soybeans,251,344,47,22.0
2024,12_12,Soybeans,257,342,56,22.0
2024,12_13,Soybeans,252,325,49,22.0
2024,12_14,Soybeans,246,321,50,22.0
2024,12_15,Soybeans,245,342,50,22.0
2024,12_16,Soybeans,260,349,27,22.0
2024,12_17,Soybeans,261,351,27,22.0
2024,12_18,Soybeans,246,351,25,22.0
2024,12_19,Soybeans,263,347,25,22.0
2024,12_2,Soybeans,257,325,56,22.0
2024,12_3,Soybeans,255,324,56,22.0
2024,12_4,Soybeans,249,336,44,22.0
2024,12_5,Soybeans,248,338,44,22.0
2024,12_6,Soybeans,246,335,44,22.0
2024,12_7,Soybeans,249,323,54,22.0
2024,12_8,Soybeans,247,323,47,22.0
2024,12_9,Soybeans,247,324,47,22.0
2024,13_0,Soybeans,247,335,20,22.0
2024,13_1,Soybeans,248,343,48,22.0
2024,13_10,Soybeans,252,335,47,22.0
2024,13_11,Soybeans,253,336,47,22.0
2024,13_12,Soybeans,253,333,56,22.0
2024,13_13,Soybeans,252,333,50,22.0
2024,13_14,Soybeans,250,327,50,22.0
2024,13_15,Soybeans,250,324,50,22.0
2024,13_16,Soybeans,254,319,56,22.0
2024,13_17,Soybeans,254,332,56,22.0
2024,13_18,Soybeans,234,318,48,22.0
2024,13_19,Soybeans,246,348,48,22.0
2024,13_2,Soybeans,251,329,56,22.0
2024,13_3,Soybeans,252,332,56,22.0
2024,13_4,Soybeans,249,330,44,22.0
2024,13_5,Soybeans,246,337,44,22.0
2024,13_6,Soybeans,246,317,44,22.0
2024,13_7,Soybeans,249,318,54,22.0
2024,13_8,Soybeans,248,320,47,22.0
2024,13_9,Soybeans,249,330,47,22.0
2024,14_0,Soybeans,249,330,20,22.0
2024,14_1,Soybeans,245,341,20,22.0
2024,14_10,Soybeans,250,326,47,22.0
2024,14_11,Soybeans,253,321,47,22.0
2024,14_12,Soybeans,256,324,56,22.0
2024,14_13,Soybeans,253,327,50,22.0
2024,14_14,Soybeans,254,322,50,22.0
2024,14_15,Soybeans,255,327,50,22.0
2024,14_16,Soybeans,253,320,56,22.0
2024,14_17,Soybeans,252,324,56,22.0
2024,14_18,Soybeans,252,335,48,22.0
2024,14_19,Soybeans,264,355,48,22.0
2024,14_2,Soybeans,247,338,26,22.0
2024,14_3,Soybeans,246,337,26,22.0
2024,14_4,Soybeans,242,334,21,22.0
2024,14_5,Soybeans,245,337,23,22.0
2024,14_6,Soybeans,253,352,44,22.0
2024,14_7,Soybeans,249,338,54,22.0
2024,14_8,Soybeans,249,340,47,22.0
2024,14_9,Soybeans,252,334,47,22.0
2024,15_0,Soybeans,250,324,20,22.0
2024,15_1,Soybeans,246,331,20,22.0
2024,15_10,Soybeans,248,347,49,22.0
2024,15_11,Soybeans,252,330,58,22.0
2024,15_12,Soybeans,255,327,60,22.0
2024,15_13,Soybeans,252,329,56,22.0
2024,15_14,Soybeans,252,322,56,22.0
2024,15_15,Soybeans,253,332,56,22.0
2024,15_16,Soybeans,258,319,62,22.0
2024,15_17,Soybeans,260,324,62,22.0
2024,15_18,Soybeans,257,336,53,22.0
2024,15_19,Soybeans,258,343,53,22.0
2024,15_2,Soybeans,248,337,26,22.0
2024,15_3,Soybeans,248,339,26,22.0
2024,15_4,Soybeans,242,329,23,22.0
2024,15_5,Soybeans,240,330,23,22.0
2024,15_6,Soybeans,241,334,23,22.0
2024,15_7,Soybeans,243,341,28,22.0
2024,15_8,Soybeans,246,348,25,22.0
2024,15_9,Soybeans,245,348,25,22.0
2024,16_0,Soybeans,256,332,19,22.0
2024,16_1,Soybeans,256,333,19,22.0
2024,16_10,Soybeans,244,337,25,22.0
2024,16_11,Soybeans,240,321,30,22.0
2024,16_12,Soybeans,241,326,30,22.0
2024,16_13,Soybeans,239,326,27,22.0
2024,16_14,Soybeans,247,334,52,22.0
2024,16_15,Soybeans,250,333,52,22.0
2024,16_16,Soybeans,254,327,59,22.0
2024,16_17,Soybeans,253,326,58,22.0
2024,16_18,Soybeans,256,333,55,22.0
2024,16_19,Soybeans,258,332,56,22.0
2024,16_2,Soybeans,248,337,23,22.0
2024,16_3,Soybeans,246,336,23,22.0
2024,16_4,Soybeans,242,331,21,22.0
2024,16_5,Soybeans,243,335,21,22.0
2024,16_6,Soybeans,242,337,21,22.0
2024,16_7,Soybeans,244,343,28,22.0
2024,16_8,Soybeans,252,345,25,22.0
2024,16_9,Soybeans,249,345,25,22.0
2024,17_0,Soybeans,257,322,20,22.0
2024,17_1,Soybeans,260,321,20,22.0
2024,17_10,Soybeans,250,342,25,22.0
2024,17_11,Soybeans,240,326,31,22.0
2024,17_12,Soybeans,241,328,31,22.0
2024,17_13,Soybeans,240,328,28,22.0
2024,17_14,Soybeans,240,329,28,22.0
2024,17_15,Soybeans,241,335,28,22.0
2024,17_16,Soybeans,239,341,29,22.0
2024,17_17,Soybeans,241,342,28,22.0
2024,17_18,Soybeans,254,347,45,22.0
2024,17_19,Soybeans,258,336,57,22.0
2024,17_2,Soybeans,250,335,25,22.0
2024,17_3,Soybeans,248,336,23,22.0
2024,17_4,Soybeans,248,330,23,22.0
2024,17_5,Soybeans,248,336,23,22.0
2024,17_6,Soybeans,249,342,23,22.0
2024,17_7,Soybeans,251,342,29,22.0
2024,17_8,Soybeans,253,343,25,22.0
2024,17_9,Soybeans,250,343,25,22.0
2024,18_0,Soybeans,261,299,20,22.0
2024,18_1,Soybeans,263,310,20,22.0
2024,18_10,Soybeans,253,348,25,22.0
2024,18_11,Soybeans,249,355,30,22.0
2024,18_12,Soybeans,242,328,31,22.0
2024,18_13,Soybeans,238,328,28,22.0
2024,18_14,Soybeans,240,331,28,22.0
2024,18_15,Soybeans,240,329,28,22.0
2024,18_16,Soybeans,240,328,29,22.0
2024,18_17,Soybeans,242,327,28,22.0
2024,18_18,Soybeans,244,340,24,22.0
2024,18_19,Soybeans,241,340,25,22.0
2024,18_2,Soybeans,249,342,25,22.0
2024,18_3,Soybeans,263,327,23,22.0
2024,18_4,Soybeans,261,343,23,22.0
2024,18_5,Soybeans,256,337,23,22.0
2024,18_6,Soybeans,248,349,23,22.0
2024,18_7,Soybeans,249,342,29,22.0
2024,18_8,Soybeans,247,344,25,22.0
2024,18_9,Soybeans,251,346,25,22.0
2024,19_0,Soybeans,258,345,44,22.0
2024,19_1,Soybeans,251,352,27,22.0
2024,19_10,Soybeans,253,346,25,22.0
2024,19_11,Soybeans,244,336,31,22.0
2024,19_12,Soybeans,244,331,31,22.0
2024,19_13,Soybeans,240,328,28,22.0
2024,19_14,Soybeans,240,325,28,22.0
2024,19_15,Soybeans,239,326,28,22.0
2024,19_16,Soybeans,238,324,29,22.0
2024,19_17,Soybeans,239,327,28,22.0
2024,19_18,Soybeans,243,333,24,22.0
2024,19_19,Soybeans,244,339,25,22.0
2024,19_2,Soybeans,248,336,25,22.0
2024,19_3,Soybeans,242,314,24,22.0
2024,19_4,Soybeans,249,340,23,22.0
2024,19_5,Soybeans,254,333,23,22.0
2024,19_6,Soybeans,243,328,23,22.0
2024,19_7,Soybeans,246,340,29,22.0
2024,19_8,Soybeans,257,355,25,22.0
2024,19_9,Soybeans,252,354,25,22.0
2024,1_1,Soybeans,251,357,58,22.0
2024,1_12,Soybeans,251,334,29,22.0
2024,1_13,Soybeans,251,327,29,22.0
2024,1_14,Soybeans,262,346,29,22.0
2024,1_15,Soybeans,265,354,29,22.0
2024,1_16,Soybeans,239,320,36,22.0
2024,1_17,Soybeans,244,352,35,22.0
2024,1_18,Soybeans,262,345,27,22.0
2024,1_19,Soybeans,238,317,27,22.0
2024,1_2,Soybeans,277,354,64,22.0
2024,1_3,Soybeans,263,334,58,22.0
2024,1_4,Soybeans,262,336,59,22.0
2024,1_5,Soybeans,272,344,59,22.0
2024,1_6,Soybeans,271,356,56,22.0
2024,1_7,Soybeans,261,353,50,22.0
2024,2_0,Soybeans,282,354,60,22.0
2024,2_1,Soybeans,284,348,60,22.0
2024,2_11,Soybeans,249,357,58,22.0
2024,2_12,Soybeans,271,346,36,22.0
2024,2_13,Soybeans,253,333,54,22.0
2024,2_14,Soybeans,264,352,30,22.0
2024,2_15,Soybeans,259,353,31,22.0
2024,2_16,Soybeans,241,325,39,22.0
2024,2_17,Soybeans,247,329,39,22.0
2024,2_18,Soybeans,239,314,32,22.0
2024,2_19,Soybeans,267,327,26,22.0
2024,2_2,Soybeans,285,355,65,22.0
2024,2_3,Soybeans,261,338,65,22.0
2024,2_4,Soybeans,279,336,62,22.0
2024,2_5,Soybeans,276,353,62,22.0
2024,2_6,Soybeans,271,349,62,22.0
2024,2_7,Soybeans,294,350,67,22.0
2024,2_8,Soybeans,244,345,55,22.0
2024,3_0,Soybeans,265,343,30,22.0
2024,3_1,Soybeans,264,316,54,22.0
2024,3_11,Soybeans,242,355,49,22.0
2024,3_12,Soybeans,261,335,61,22.0
2024,3_13,Soybeans,249,325,54,22.0
2024,3_14,Soybeans,246,348,54,22.0
2024,3_16,Soybeans,254,333,63,22.0
2024,3_17,Soybeans,258,344,66,22.0
2024,3_19,Soybeans,242,345,32,22.0
2024,3_2,Soybeans,277,350,61,22.0
2024,3_3,Soybeans,271,351,63,22.0
2024,3_4,Soybeans,282,358,62,22.0
2024,3_5,Soybeans,276,351,55,22.0
2024,3_6,Soybeans,275,353,54,22.0
2024,3_7,Soybeans,284,354,62,22.0
2024,3_8,Soybeans,250,341,48,22.0
2024,4_0,Soybeans,266,352,20,22.0
2024,4_1,Soybeans,247,316,20,22.0
2024,4_10,Soybeans,248,339,49,22.0
2024,4_11,Soybeans,240,290,50,22.0
2024,4_12,Soybeans,251,322,60,22.0
2024,4_13,Soybeans,252,328,54,22.0
2024,4_14,Soybeans,275,348,54,22.0
2024,4_15,Soybeans,247,335,54,22.0
2024,4_16,Soybeans,277,344,54,22.0
2024,4_17,Soybeans,252,323,65,22.0
2024,4_18,Soybeans,246,325,55,22.0
2024,4_19,Soybeans,253,355,53,22.0
2024,4_2,Soybeans,256,315,25,22.0
2024,4_3,Soybeans,270,326,25,22.0
2024,4_4,Soybeans,277,346,21,22.0
2024,4_5,Soybeans,274,350,20,22.0
2024,4_6,Soybeans,272,344,54,22.0
2024,4_7,Soybeans,287,352,63,22.0
2024,5_0,Soybeans,268,351,20,22.0
2024,5_1,Soybeans,262,349,20,22.0
2024,5_10,Soybeans,245,341,19,22.0
2024,5_11,Soybeans,250,322,50,22.0
2024,5_12,Soybeans,271,344,54,22.0
2024,5_13,Soybeans,247,345,54,22.0
2024,5_14,Soybeans,252,345,54,22.0
2024,5_18,Soybeans,243,331,57,22.0
2024,5_2,Soybeans,269,341,24,22.0
2024,5_3,Soybeans,272,350,25,22.0
2024,5_4,Soybeans,280,349,21,22.0
2024,5_5,Soybeans,267,321,21,22.0
2024,5_6,Soybeans,272,344,21,22.0
2024,5_7,Soybeans,271,344,23,22.0
2024,5_8,Soybeans,265,344,20,22.0
2024,5_9,Soybeans,248,338,20,22.0
2024,6_0,Soybeans,262,349,26,22.0
2024,6_1,Soybeans,270,346,26,22.0
2024,6_10,Soybeans,270,339,25,22.0
2024,6_11,Soybeans,259,326,25,22.0
2024,6_12,Soybeans,248,320,31,22.0
2024,6_13,Soybeans,267,351,28,22.0
2024,6_14,Soybeans,267,351,25,22.0
2024,6_15,Soybeans,246,344,54,22.0
2024,6_16,Soybeans,255,349,57,22.0
2024,6_17,Soybeans,255,339,65,22.0
2024,6_18,Soybeans,241,336,58,22.0
2024,6_19,Soybeans,247,324,55,22.0
2024,6_2,Soybeans,273,346,31,22.0
2024,6_3,Soybeans,280,348,28,22.0
2024,6_4,Soybeans,280,350,28,22.0
2024,6_5,Soybeans,262,340,28,22.0
2024,6_6,Soybeans,265,322,27,22.0
2024,6_7,Soybeans,257,318,28,22.0
2024,6_9,Soybeans,268,351,25,22.0
2024,7_0,Soybeans,253,349,25,22.0
2024,7_1,Soybeans,265,332,27,22.0
2024,7_10,Soybeans,252,339,25,22.0
2024,7_11,Soybeans,247,317,25,22.0
2024,7_12,Soybeans,254,322,31,22.0
2024,7_13,Soybeans,251,328,27,22.0
2024,7_14,Soybeans,263,335,24,22.0
2024,7_15,Soybeans,250,329,25,22.0
2024,7_16,Soybeans,242,331,28,22.0
2024,7_17,Soybeans,250,344,25,22.0
2024,7_2,Soybeans,274,355,26,22.0
2024,7_3,Soybeans,258,339,28,22.0
2024,7_4,Soybeans,252,354,28,22.0
2024,7_5,Soybeans,266,330,28,22.0
2024,7_6,Soybeans,268,349,28,22.0
2024,7_7,Soybeans,278,342,29,22.0
2024,7_8,Soybeans,272,352,25,22.0
2024,7_9,Soybeans,273,352,25,22.0
2024,8_0,Soybeans,268,337,26,22.0
2024,8_1,Soybeans,257,332,25,22.0
2024,8_10,Soybeans,249,326,24,22.0
2024,8_11,Soybeans,249,323,24,22.0
2024,8_12,Soybeans,265,335,28,22.0
2024,8_13,Soybeans,251,335,25,22.0
2024,8_15,Soybeans,262,348,24,22.0
2024,8_16,Soybeans,271,339,28,22.0
2024,8_17,Soybeans,280,354,27,22.0
2024,8_2,Soybeans,274,352,29,22.0
2024,8_3,Soybeans,255,342,25,22.0
2024,8_4,Soybeans,267,349,25,22.0
2024,8_5,Soybeans,253,343,25,22.0
2024,8_6,Soybeans,250,340,26,22.0
2024,8_7,Soybeans,271,339,28,22.0
2024,8_8,Soybeans,272,346,24,22.0
2024,8_9,Soybeans,275,346,24,22.0
2024,9_0,Soybeans,243,350,46,22.0
2024,9_1,Soybeans,254,343,26,22.0
2024,9_10,Soybeans,269,341,24,22.0
2024,9_11,Soybeans,270,352,24,22.0
2024,9_12,Soybeans,248,332,28,22.0
2024,9_13,Soybeans,268,351,24,22.0
2024,9_14,Soybeans,269,342,24,22.0
2024,9_17,Soybeans,249,328,28,22.0
2024,9_2,Soybeans,262,349,29,22.0
2024,9_3,Soybeans,258,349,26,22.0
2024,9_4,Soybeans,267,346,26,22.0
2024,9_5,Soybeans,265,345,26,22.0
2024,9_6,Soybeans,263,344,26,22.0
2024,9_7,Soybeans,273,345,28,22.0
2024,9_8,Soybeans,260,330,24,22.0
2024,9_9,Soybeans,267,340,24,22.0
2024,10_0,Squash,221,342,47,44.8
2024,10_1,Squash,216,341,46,44.8
2024,10_2,Squash,222,341,33,44.8
2024,11_3,Squash,210,341,52,44.8
2024,11_4,Squash,216,340,41,44.8
2024,11_5,Squash,215,340,44,44.8
2024,11_6,Squash,216,340,44,44.8
2024,11_7,Squash,207,340,40,44.8
2024,12_4,Squash,214,340,41,44.8
2024,12_5,Squash,194,341,43,44.8
2024,12_6,Squash,194,340,44,44.8
2024,13_3,Squash,175,340,44,44.8
2024,13_6,Squash,217,340,44,44.8
2024,13_7,Squash,218,341,42,44.8
2024,14_3,Squash,221,340,18,44.8
2024,14_4,Squash,215,339,19,44.8
2024,19_9,Squash,242,340,21,44.8
2024,2_13,Squash,209,340,51,44.8
2024,2_14,Squash,159,340,29,44.8
2024,2_15,Squash,204,341,29,44.8
2024,2_16,Squash,224,341,29,44.8
2024,3_12,Squash,190,341,54,44.8
2024,3_13,Squash,153,340,54,44.8
2024,3_14,Squash,194,341,54,44.8
2024,3_15,Squash,149,340,29,44.8
2024,3_16,Squash,179,340,54,44.8
2024,3_17,Squash,141,341,63,44.8
2024,4_12,Squash,171,341,54,44.8
2024,4_13,Squash,160,340,54,44.8
2024,4_14,Squash,160,340,54,44.8
2024,4_15,Squash,171,341,54,44.8
2024,4_16,Squash,186,341,54,44.8
2024,4_17,Squash,160,341,67,44.8
2024,4_18,Squash,148,340,53,44.8
2024,5_12,Squash,124,340,51,44.8
2024,5_13,Squash,172,340,54,44.8
2024,5_14,Squash,174,340,54,44.8
2024,5_15,Squash,200,341,54,44.8
2024,5_16,Squash,145,341,54,44.8
2024,5_17,Squash,213,341,50,44.8
2024,5_18,Squash,142,341,53,44.8
2024,6_12,Squash,175,338,25,44.8
2024,6_13,Squash,145,340,54,44.8
2024,6_15,Squash,203,341,54,44.8
2024,6_16,Squash,114,340,54,44.8
2024,6_17,Squash,188,341,55,44.8
2024,6_18,Squash,82,340,54,44.8
2024,6_19,Squash,65,341,53,44.8
2024,7_0,Squash,218,339,25,44.8
2024,7_1,Squash,221,340,26,44.8
2024,7_2,Squash,222,341,29,44.8
2024,8_0,Squash,226,340,26,44.8
2024,8_1,Squash,222,340,26,44.8
2024,8_2,Squash,224,340,26,44.8
2024,9_0,Squash,221,340,27,44.8
2024,9_1,Squash,224,340,24,44.8
2024,0_18,Sunflower,228,355,27,40.7
2024,10_0,Sunflower,219,356,49,40.7
2024,10_10,Sunflower,241,332,26,40.7
2024,10_11,Sunflower,245,332,26,40.7
2024,10_12,Sunflower,226,334,24,40.7
2024,10_2,Sunflower,219,353,49,40.7
2024,10_4,Sunflower,235,356,48,40.7
2024,10_5,Sunflower,221,349,26,40.7
2024,10_6,Sunflower,226,348,30,40.7
2024,10_7,Sunflower,223,350,30,40.7
2024,10_8,Sunflower,241,333,25,40.7
2024,10_9,Sunflower,240,332,26,40.7
2024,11_0,Sunflower,216,356,54,40.7
2024,11_1,Sunflower,217,355,53,40.7
2024,11_10,Sunflower,242,332,26,40.7
2024,11_11,Sunflower,238,332,26,40.7
2024,11_12,Sunflower,234,338,29,40.7
2024,11_13,Sunflower,230,336,27,40.7
2024,11_14,Sunflower,246,335,24,40.7
2024,11_15,Sunflower,249,334,24,40.7
2024,11_16,Sunflower,252,335,24,40.7
2024,11_17,Sunflower,232,337,26,40.7
2024,11_2,Sunflower,217,356,47,40.7
2024,11_4,Sunflower,226,356,53,40.7
2024,11_5,Sunflower,225,351,52,40.7
2024,11_6,Sunflower,232,355,53,40.7
2024,11_7,Sunflower,221,350,58,40.7
2024,11_8,Sunflower,225,344,50,40.7
2024,11_9,Sunflower,227,342,46,40.7
2024,12_0,Sunflower,223,353,48,40.7
2024,12_1,Sunflower,219,352,48,40.7
2024,12_10,Sunflower,229,347,47,40.7
2024,12_11,Sunflower,228,340,46,40.7
2024,12_12,Sunflower,224,347,55,40.7
2024,12_13,Sunflower,219,340,49,40.7
2024,12_14,Sunflower,219,344,50,40.7
2024,12_15,Sunflower,249,335,24,40.7
2024,12_16,Sunflower,241,335,24,40.7
2024,12_2,Sunflower,218,352,48,40.7
2024,12_3,Sunflower,218,354,46,40.7
2024,12_4,Sunflower,224,352,44,40.7
2024,12_5,Sunflower,224,352,43,40.7
2024,12_6,Sunflower,223,352,44,40.7
2024,12_7,Sunflower,226,350,54,40.7
2024,12_8,Sunflower,224,346,47,40.7
2024,12_9,Sunflower,228,346,47,40.7
2024,13_0,Sunflower,219,320,20,40.7
2024,13_1,Sunflower,220,352,48,40.7
2024,13_10,Sunflower,229,347,46,40.7
2024,13_11,Sunflower,231,347,47,40.7
2024,13_12,Sunflower,226,343,54,40.7
2024,13_13,Sunflower,223,347,49,40.7
2024,13_14,Sunflower,217,347,50,40.7
2024,13_15,Sunflower,225,344,50,40.7
2024,13_16,Sunflower,221,344,56,40.7
2024,13_2,Sunflower,220,354,56,40.7
2024,13_3,Sunflower,218,354,54,40.7
2024,13_4,Sunflower,228,352,42,40.7
2024,13_6,Sunflower,220,351,43,40.7
2024,13_7,Sunflower,232,347,54,40.7
2024,13_8,Sunflower,231,346,47,40.7
2024,13_9,Sunflower,231,344,47,40.7
2024,14_0,Sunflower,210,338,20,40.7
2024,14_1,Sunflower,225,339,20,40.7
2024,14_10,Sunflower,226,344,47,40.7
2024,14_11,Sunflower,230,347,46,40.7
2024,14_12,Sunflower,225,346,56,40.7
2024,14_13,Sunflower,224,344,48,40.7
2024,14_14,Sunflower,227,340,48,40.7
2024,14_15,Sunflower,222,344,50,40.7
2024,14_16,Sunflower,222,344,56,40.7
2024,14_17,Sunflower,220,347,54,40.7
2024,14_2,Sunflower,226,343,26,40.7
2024,14_3,Sunflower,210,345,21,40.7
2024,14_4,Sunflower,229,343,20,40.7
2024,14_5,Sunflower,212,348,21,40.7
2024,14_6,Sunflower,218,343,19,40.7
2024,14_7,Sunflower,229,346,50,40.7
2024,14_8,Sunflower,229,346,47,40.7
2024,14_9,Sunflower,228,346,47,40.7
2024,15_1,Sunflower,221,341,20,40.7
2024,15_10,Sunflower,234,347,47,40.7
2024,15_11,Sunflower,225,348,53,40.7
2024,15_12,Sunflower,220,347,59,40.7
2024,15_13,Sunflower,225,348,55,40.7
2024,15_14,Sunflower,222,346,54,40.7
2024,15_15,Sunflower,224,344,51,40.7
2024,15_16,Sunflower,216,345,47,40.7
2024,15_17,Sunflower,224,335,50,40.7
2024,15_18,Sunflower,224,334,51,40.7
2024,15_19,Sunflower,220,333,50,40.7
2024,15_2,Sunflower,226,343,26,40.7
2024,15_3,Sunflower,230,341,26,40.7
2024,15_4,Sunflower,235,340,22,40.7
2024,15_5,Sunflower,229,342,22,40.7
2024,15_6,Sunflower,213,327,22,40.7
2024,15_7,Sunflower,229,345,28,40.7
2024,15_8,Sunflower,232,345,25,40.7
2024,15_9,Sunflower,231,343,24,40.7
2024,16_1,Sunflower,226,337,17,40.7
2024,16_10,Sunflower,224,347,25,40.7
2024,16_11,Sunflower,226,347,24,40.7
2024,16_12,Sunflower,231,343,28,40.7
2024,16_13,Sunflower,221,347,27,40.7
2024,16_14,Sunflower,220,350,26,40.7
2024,16_15,Sunflower,232,345,25,40.7
2024,16_16,Sunflower,225,345,33,40.7
2024,16_17,Sunflower,224,346,52,40.7
2024,16_18,Sunflower,226,336,49,40.7
2024,16_19,Sunflower,226,334,49,40.7
2024,16_2,Sunflower,235,339,23,40.7
2024,16_3,Sunflower,229,340,21,40.7
2024,16_4,Sunflower,227,334,21,40.7
2024,16_5,Sunflower,232,342,20,40.7
2024,16_6,Sunflower,234,340,20,40.7
2024,16_7,Sunflower,232,346,28,40.7
2024,16_8,Sunflower,232,345,25,40.7
2024,16_9,Sunflower,229,346,24,40.7
2024,17_0,Sunflower,227,322,19,40.7
2024,17_1,Sunflower,216,321,19,40.7
2024,17_10,Sunflower,234,344,24,40.7
2024,17_11,Sunflower,232,346,24,40.7
2024,17_12,Sunflower,212,348,30,40.7
2024,17_13,Sunflower,217,349,27,40.7
2024,17_14,Sunflower,217,348,27,40.7
2024,17_15,Sunflower,223,341,27,40.7
2024,17_16,Sunflower,233,344,27,40.7
2024,17_17,Sunflower,230,341,26,40.7
2024,17_18,Sunflower,235,326,24,40.7
2024,17_19,Sunflower,226,327,40,40.7
2024,17_2,Sunflower,234,342,25,40.7
2024,17_3,Sunflower,230,345,23,40.7
2024,17_4,Sunflower,234,344,23,40.7
2024,17_5,Sunflower,240,341,23,40.7
2024,17_6,Sunflower,241,346,22,40.7
2024,17_7,Sunflower,233,342,28,40.7
2024,17_8,Sunflower,232,344,24,40.7
2024,17_9,Sunflower,230,344,24,40.7
2024,18_0,Sunflower,232,332,20,40.7
2024,18_1,Sunflower,246,333,19,40.7
2024,18_10,Sunflower,230,344,24,40.7
2024,18_11,Sunflower,234,345,24,40.7
2024,18_12,Sunflower,231,347,30,40.7
2024,18_14,Sunflower,228,347,27,40.7
2024,18_15,Sunflower,230,346,27,40.7
2024,18_16,Sunflower,219,344,27,40.7
2024,18_17,Sunflower,238,333,25,40.7
2024,18_18,Sunflower,234,328,24,40.7
2024,18_19,Sunflower,236,328,25,40.7
2024,18_2,Sunflower,220,347,24,40.7
2024,18_3,Sunflower,228,347,23,40.7
2024,18_4,Sunflower,234,343,23,40.7
2024,18_5,Sunflower,233,346,23,40.7
2024,18_6,Sunflower,235,346,22,40.7
2024,18_7,Sunflower,227,342,28,40.7
2024,18_8,Sunflower,229,343,24,40.7
2024,18_9,Sunflower,231,345,24,40.7
2024,19_0,Sunflower,220,336,16,40.7
2024,19_1,Sunflower,240,330,18,40.7
2024,19_10,Sunflower,230,346,24,40.7
2024,19_11,Sunflower,233,346,24,40.7
2024,19_12,Sunflower,231,349,26,40.7
2024,19_15,Sunflower,231,329,24,40.7
2024,19_16,Sunflower,223,349,24,40.7
2024,19_17,Sunflower,238,329,24,40.7
2024,19_18,Sunflower,233,329,24,40.7
2024,19_19,Sunflower,235,330,25,40.7
2024,19_2,Sunflower,230,346,22,40.7
2024,19_3,Sunflower,227,340,23,40.7
2024,19_4,Sunflower,233,347,23,40.7
2024,19_5,Sunflower,221,348,23,40.7
2024,19_6,Sunflower,214,348,23,40.7
2024,19_7,Sunflower,226,346,28,40.7
2024,19_8,Sunflower,235,345,23,40.7
2024,19_9,Sunflower,232,344,24,40.7
2024,1_17,Sunflower,217,354,26,40.7
2024,1_18,Sunflower,225,354,27,40.7
2024,1_19,Sunflower,225,353,26,40.7
2024,2_13,Sunflower,215,357,30,40.7
2024,2_17,Sunflower,222,354,26,40.7
2024,2_18,Sunflower,222,354,31,40.7
2024,3_12,Sunflower,211,357,51,40.7
2024,3_13,Sunflower,216,357,54,40.7
2024,4_13,Sunflower,213,357,54,40.7
2024,4_17,Sunflower,219,359,62,40.7
2024,5_12,Sunflower,229,357,50,40.7
2024,5_13,Sunflower,229,358,54,40.7
2024,6_12,Sunflower,234,332,23,40.7
2024,7_11,Sunflower,233,332,22,40.7
2024,7_12,Sunflower,235,332,27,40.7
2024,7_3,Sunflower,225,349,30,40.7
2024,7_5,Sunflower,220,348,28,40.7
2024,7_7,Sunflower,224,337,22,40.7
2024,7_9,Sunflower,244,331,23,40.7
2024,8_11,Sunflower,237,328,23,40.7
2024,8_4,Sunflower,218,350,24,40.7
2024,8_6,Sunflower,222,351,26,40.7
2024,8_7,Sunflower,217,348,28,40.7
2024,8_8,Sunflower,237,332,24,40.7
2024,8_9,Sunflower,217,334,24,40.7
2024,9_10,Sunflower,242,333,24,40.7
2024,9_11,Sunflower,242,333,24,40.7
2024,9_12,Sunflower,237,333,26,40.7
2024,9_5,Sunflower,220,351,26,40.7
2024,9_6,Sunflower,220,352,25,40.7
2024,9_7,Sunflower,228,351,28,40.7
2024,9_8,Sunflower,227,336,24,40.7
2024,9_9,Sunflower,226,335,24,40.7
2024,10_6,Sweet Corn,237,335,27,45.3
2024,11_10,Sweet Corn,238,335,25,45.3
2024,11_3,Sweet Corn,235,337,52,45.3
2024,11_4,Sweet Corn,228,336,43,45.3
2024,11_5,Sweet Corn,220,337,54,45.3
2024,11_6,Sweet Corn,234,336,53,45.3
2024,11_7,Sweet Corn,214,337,53,45.3
2024,11_8,Sweet Corn,220,336,46,45.3
2024,12_10,Sweet Corn,220,335,43,45.3
2024,12_11,Sweet Corn,223,336,45,45.3
2024,12_12,Sweet Corn,239,336,53,45.3
2024,12_3,Sweet Corn,217,337,52,45.3
2024,12_4,Sweet Corn,224,337,43,45.3
2024,12_5,Sweet Corn,238,337,43,45.3
2024,12_6,Sweet Corn,218,336,44,45.3
2024,12_7,Sweet Corn,212,336,54,45.3
2024,12_9,Sweet Corn,233,337,45,45.3
2024,13_10,Sweet Corn,237,337,46,45.3
2024,13_11,Sweet Corn,221,336,46,45.3
2024,13_12,Sweet Corn,252,335,40,45.3
2024,13_3,Sweet Corn,230,336,44,45.3
2024,13_4,Sweet Corn,206,336,43,45.3
2024,13_5,Sweet Corn,224,336,42,45.3
2024,13_6,Sweet Corn,235,337,44,45.3
2024,13_7,Sweet Corn,235,337,54,45.3
2024,13_9,Sweet Corn,240,337,46,45.3
2024,14_10,Sweet Corn,224,336,46,45.3
2024,14_11,Sweet Corn,236,337,46,45.3
2024,14_12,Sweet Corn,228,336,53,45.3
2024,14_2,Sweet Corn,220,336,24,45.3
2024,14_3,Sweet Corn,264,336,18,45.3
2024,14_5,Sweet Corn,235,336,20,45.3
2024,14_6,Sweet Corn,242,336,20,45.3
2024,14_8,Sweet Corn,229,336,45,45.3
2024,14_9,Sweet Corn,237,336,46,45.3
2024,15_10,Sweet Corn,227,336,24,45.3
2024,15_12,Sweet Corn,204,336,55,45.3
2024,15_13,Sweet Corn,227,336,56,45.3
2024,15_14,Sweet Corn,226,336,56,45.3
2024,15_15,Sweet Corn,225,336,56,45.3
2024,15_16,Sweet Corn,229,336,61,45.3
2024,15_17,Sweet Corn,219,335,48,45.3
2024,15_19,Sweet Corn,220,335,53,45.3
2024,15_4,Sweet Corn,246,336,21,45.3
2024,15_5,Sweet Corn,237,335,22,45.3
2024,15_7,Sweet Corn,210,336,27,45.3
2024,15_8,Sweet Corn,224,336,25,45.3
2024,15_9,Sweet Corn,225,336,24,45.3
2024,16_10,Sweet Corn,205,336,25,45.3
2024,16_11,Sweet Corn,240,336,24,45.3
2024,16_12,Sweet Corn,228,336,29,45.3
2024,16_13,Sweet Corn,218,336,27,45.3
2024,16_14,Sweet Corn,223,336,49,45.3
2024,16_15,Sweet Corn,222,336,52,45.3
2024,16_16,Sweet Corn,223,336,58,45.3
2024,16_17,Sweet Corn,222,336,57,45.3
2024,16_18,Sweet Corn,214,335,53,45.3
2024,16_19,Sweet Corn,219,335,51,45.3
2024,16_3,Sweet Corn,233,336,21,45.3
2024,16_7,Sweet Corn,225,336,27,45.3
2024,16_8,Sweet Corn,226,336,25,45.3
2024,16_9,Sweet Corn,232,336,24,45.3
2024,17_10,Sweet Corn,234,336,24,45.3
2024,17_11,Sweet Corn,215,336,28,45.3
2024,17_12,Sweet Corn,223,336,25,45.3
2024,17_13,Sweet Corn,237,336,26,45.3
2024,17_14,Sweet Corn,226,336,28,45.3
2024,17_15,Sweet Corn,224,336,28,45.3
2024,17_16,Sweet Corn,216,336,28,45.3
2024,17_17,Sweet Corn,217,335,23,45.3
2024,17_18,Sweet Corn,209,335,24,45.3
2024,17_19,Sweet Corn,219,336,56,45.3
2024,17_2,Sweet Corn,238,336,22,45.3
2024,17_3,Sweet Corn,246,336,23,45.3
2024,17_4,Sweet Corn,234,337,22,45.3
2024,17_5,Sweet Corn,217,336,23,45.3
2024,17_6,Sweet Corn,213,336,23,45.3
2024,17_7,Sweet Corn,237,336,24,45.3
2024,17_8,Sweet Corn,257,336,23,45.3
2024,17_9,Sweet Corn,247,336,24,45.3
2024,18_10,Sweet Corn,223,336,24,45.3
2024,18_11,Sweet Corn,230,336,24,45.3
2024,18_12,Sweet Corn,222,336,29,45.3
2024,18_13,Sweet Corn,222,336,26,45.3
2024,18_14,Sweet Corn,248,336,28,45.3
2024,18_15,Sweet Corn,220,336,27,45.3
2024,18_16,Sweet Corn,227,336,28,45.3
2024,18_18,Sweet Corn,222,335,23,45.3
2024,18_19,Sweet Corn,216,335,24,45.3
2024,18_2,Sweet Corn,227,336,22,45.3
2024,18_3,Sweet Corn,240,336,23,45.3
2024,18_4,Sweet Corn,228,336,23,45.3
2024,18_5,Sweet Corn,239,336,23,45.3
2024,18_6,Sweet Corn,239,336,23,45.3
2024,18_7,Sweet Corn,227,336,28,45.3
2024,18_8,Sweet Corn,227,336,24,45.3
2024,18_9,Sweet Corn,236,336,24,45.3
2024,19_10,Sweet Corn,244,336,23,45.3
2024,19_11,Sweet Corn,238,336,23,45.3
2024,19_12,Sweet Corn,220,336,29,45.3
2024,19_15,Sweet Corn,190,336,28,45.3
2024,19_16,Sweet Corn,229,335,25,45.3
2024,19_17,Sweet Corn,223,335,24,45.3
2024,19_2,Sweet Corn,240,336,22,45.3
2024,19_3,Sweet Corn,227,336,23,45.3
2024,19_4,Sweet Corn,241,336,23,45.3
2024,19_5,Sweet Corn,240,336,23,45.3
2024,19_6,Sweet Corn,237,336,23,45.3
2024,19_7,Sweet Corn,225,336,27,45.3
2024,19_9,Sweet Corn,228,336,24,45.3
2024,10_1,Sweet Potatoes,246,350,48,22.4
2024,11_0,Sweet Potatoes,253,348,54,22.4
2024,11_1,Sweet Potatoes,242,348,54,22.4
2024,11_12,Sweet Potatoes,272,333,24,22.4
2024,11_16,Sweet Potatoes,274,330,27,22.4
2024,11_2,Sweet Potatoes,253,346,47,22.4
2024,12_0,Sweet Potatoes,254,347,48,22.4
2024,12_1,Sweet Potatoes,257,346,48,22.4
2024,12_11,Sweet Potatoes,251,331,42,22.4
2024,12_15,Sweet Potatoes,272,332,24,22.4
2024,12_16,Sweet Potatoes,277,334,22,22.4
2024,12_2,Sweet Potatoes,257,347,55,22.4
2024,13_0,Sweet Potatoes,267,340,20,22.4
2024,13_1,Sweet Potatoes,274,339,20,22.4
2024,13_11,Sweet Potatoes,269,341,45,22.4
2024,13_12,Sweet Potatoes,257,342,53,22.4
2024,13_13,Sweet Potatoes,271,341,49,22.4
2024,13_14,Sweet Potatoes,266,340,50,22.4
2024,13_15,Sweet Potatoes,263,330,47,22.4
2024,13_16,Sweet Potatoes,263,333,48,22.4
2024,13_2,Sweet Potatoes,270,340,20,22.4
2024,14_0,Sweet Potatoes,264,339,20,22.4
2024,14_11,Sweet Potatoes,261,342,46,22.4
2024,14_12,Sweet Potatoes,265,341,48,22.4
2024,14_13,Sweet Potatoes,260,342,45,22.4
2024,14_15,Sweet Potatoes,260,332,48,22.4
2024,14_8,Sweet Potatoes,259,343,24,22.4
2024,14_9,Sweet Potatoes,249,343,46,22.4
2024,15_0,Sweet Potatoes,266,336,19,22.4
2024,15_1,Sweet Potatoes,266,336,18,22.4
2024,15_11,Sweet Potatoes,267,342,52,22.4
2024,15_12,Sweet Potatoes,260,344,59,22.4
2024,15_13,Sweet Potatoes,263,343,54,22.4
2024,15_14,Sweet Potatoes,275,341,54,22.4
2024,15_15,Sweet Potatoes,265,341,56,22.4
2024,15_16,Sweet Potatoes,262,341,54,22.4
2024,15_2,Sweet Potatoes,262,337,17,22.4
2024,15_3,Sweet Potatoes,265,340,19,22.4
2024,15_4,Sweet Potatoes,266,340,18,22.4
2024,15_5,Sweet Potatoes,266,339,20,22.4
2024,15_8,Sweet Potatoes,266,341,24,22.4
2024,15_9,Sweet Potatoes,273,343,22,22.4
2024,16_0,Sweet Potatoes,270,336,19,22.4
2024,16_1,Sweet Potatoes,262,338,19,22.4
2024,16_12,Sweet Potatoes,267,342,24,22.4
2024,16_14,Sweet Potatoes,269,341,27,22.4
2024,16_15,Sweet Potatoes,264,341,52,22.4
2024,16_16,Sweet Potatoes,261,342,58,22.4
2024,16_17,Sweet Potatoes,254,342,57,22.4
2024,16_19,Sweet Potatoes,252,332,48,22.4
2024,16_5,Sweet Potatoes,267,339,20,22.4
2024,17_0,Sweet Potatoes,252,340,20,22.4
2024,17_1,Sweet Potatoes,252,342,20,22.4
2024,17_10,Sweet Potatoes,263,333,22,22.4
2024,17_15,Sweet Potatoes,265,342,28,22.4
2024,17_16,Sweet Potatoes,259,341,28,22.4
2024,17_2,Sweet Potatoes,265,342,24,22.4
2024,17_3,Sweet Potatoes,265,341,23,22.4
2024,17_4,Sweet Potatoes,264,338,22,22.4
2024,17_5,Sweet Potatoes,264,343,23,22.4
2024,17_6,Sweet Potatoes,263,343,23,22.4
2024,17_7,Sweet Potatoes,267,341,28,22.4
2024,17_8,Sweet Potatoes,258,342,24,22.4
2024,18_0,Sweet Potatoes,267,341,19,22.4
2024,18_1,Sweet Potatoes,261,339,18,22.4
2024,18_10,Sweet Potatoes,273,341,24,22.4
2024,18_11,Sweet Potatoes,250,344,21,22.4
2024,18_12,Sweet Potatoes,270,341,26,22.4
2024,18_13,Sweet Potatoes,266,341,26,22.4
2024,18_14,Sweet Potatoes,235,330,24,22.4
2024,18_3,Sweet Potatoes,261,341,23,22.4
2024,18_4,Sweet Potatoes,266,341,23,22.4
2024,18_5,Sweet Potatoes,262,343,23,22.4
2024,18_6,Sweet Potatoes,261,343,22,22.4
2024,18_7,Sweet Potatoes,263,341,27,22.4
2024,18_8,Sweet Potatoes,268,342,24,22.4
2024,18_9,Sweet Potatoes,271,343,24,22.4
2024,19_0,Sweet Potatoes,265,349,43,22.4
2024,19_1,Sweet Potatoes,270,337,18,22.4
2024,19_10,Sweet Potatoes,269,341,24,22.4
2024,19_11,Sweet Potatoes,288,337,21,22.4
2024,19_12,Sweet Potatoes,258,336,28,22.4
2024,19_14,Sweet Potatoes,272,333,26,22.4
2024,19_18,Sweet Potatoes,257,330,23,22.4
2024,19_2,Sweet Potatoes,261,342,21,22.4
2024,19_3,Sweet Potatoes,254,343,23,22.4
2024,19_4,Sweet Potatoes,262,342,23,22.4
2024,19_5,Sweet Potatoes,266,342,23,22.4
2024,19_6,Sweet Potatoes,261,342,23,22.4
2024,19_7,Sweet Potatoes,269,341,28,22.4
2024,19_8,Sweet Potatoes,273,343,23,22.4
2024,10_9,Switchgrass,281,353,25,22.8
2024,11_10,Switchgrass,290,353,26,22.8
2024,11_11,Switchgrass,284,353,26,22.8
2024,11_12,Switchgrass,278,353,27,22.8
2024,11_8,Switchgrass,228,353,50,22.8
2024,11_9,Switchgrass,285,353,27,22.8
2024,12_10,Switchgrass,245,353,42,22.8
2024,12_11,Switchgrass,253,353,46,22.8
2024,12_12,Switchgrass,248,353,55,22.8
2024,12_7,Switchgrass,211,353,42,22.8
2024,12_8,Switchgrass,220,353,43,22.8
2024,12_9,Switchgrass,260,353,46,22.8
2024,13_10,Switchgrass,257,353,46,22.8
2024,13_11,Switchgrass,247,353,47,22.8
2024,13_12,Switchgrass,237,353,52,22.8
2024,13_8,Switchgrass,253,353,47,22.8
2024,13_9,Switchgrass,261,353,46,22.8
2024,14_11,Switchgrass,255,353,47,22.8
2024,14_8,Switchgrass,253,353,45,22.8
2024,15_10,Switchgrass,242,353,26,22.8
2024,15_11,Switchgrass,256,353,43,22.8
2024,10_0,Tomatoes,219,348,50,45.8
2024,10_1,Tomatoes,201,349,53,45.8
2024,10_2,Tomatoes,189,349,56,45.8
2024,10_3,Tomatoes,201,348,56,45.8
2024,10_4,Tomatoes,226,348,29,45.8
2024,10_5,Tomatoes,236,348,26,45.8
2024,10_6,Tomatoes,243,348,28,45.8
2024,10_7,Tomatoes,240,348,28,45.8
2024,11_0,Tomatoes,217,349,54,45.8
2024,11_1,Tomatoes,205,348,54,45.8
2024,11_2,Tomatoes,193,349,50,45.8
2024,11_3,Tomatoes,205,348,58,45.8
2024,11_4,Tomatoes,205,348,54,45.8
2024,11_5,Tomatoes,201,348,54,45.8
2024,11_6,Tomatoes,204,348,54,45.8
2024,11_7,Tomatoes,228,348,40,45.8
2024,15_2,Tomatoes,250,348,22,45.8
2024,15_3,Tomatoes,215,347,26,45.8
2024,15_4,Tomatoes,251,348,23,45.8
2024,15_5,Tomatoes,247,347,20,45.8
2024,15_6,Tomatoes,244,348,22,45.8
2024,15_7,Tomatoes,260,348,26,45.8
2024,16_2,Tomatoes,234,348,23,45.8
2024,16_4,Tomatoes,261,347,18,45.8
2024,16_5,Tomatoes,250,348,20,45.8
2024,16_6,Tomatoes,253,347,20,45.8
2024,16_7,Tomatoes,252,348,28,45.8
2024,17_17,Tomatoes,220,347,22,45.8
2024,17_18,Tomatoes,246,347,23,45.8
2024,17_2,Tomatoes,237,348,25,45.8
2024,17_3,Tomatoes,235,348,23,45.8
2024,17_4,Tomatoes,223,348,21,45.8
2024,17_5,Tomatoes,235,348,23,45.8
2024,17_6,Tomatoes,237,348,23,45.8
2024,17_7,Tomatoes,260,348,28,45.8
2024,18_17,Tomatoes,172,346,18,45.8
2024,18_18,Tomatoes,241,346,23,45.8
2024,18_19,Tomatoes,255,346,22,45.8
2024,18_3,Tomatoes,234,348,23,45.8
2024,18_4,Tomatoes,253,348,23,45.8
2024,18_5,Tomatoes,232,348,23,45.8
2024,18_6,Tomatoes,233,348,23,45.8
2024,18_7,Tomatoes,249,348,28,45.8
2024,19_18,Tomatoes,238,346,22,45.8
2024,19_3,Tomatoes,214,348,19,45.8
2024,19_4,Tomatoes,217,348,22,45.8
2024,19_5,Tomatoes,236,348,23,45.8
2024,19_6,Tomatoes,231,348,23,45.8
2024,19_7,Tomatoes,246,348,27,45.8
2024,19_9,Tomatoes,252,348,22,45.8
2024,6_0,Tomatoes,220,347,26,45.8
2024,6_1,Tomatoes,225,347,26,45.8
2024,6_2,Tomatoes,223,348,31,45.8
2024,6_3,Tomatoes,239,347,26,45.8
2024,6_4,Tomatoes,217,347,24,45.8
2024,6_5,Tomatoes,223,347,27,45.8
2024,6_6,Tomatoes,234,348,27,45.8
2024,7_0,Tomatoes,225,348,27,45.8
2024,7_1,Tomatoes,231,348,27,45.8
2024,7_2,Tomatoes,232,348,29,45.8
2024,7_3,Tomatoes,217,348,31,45.8
2024,7_4,Tomatoes,228,348,28,45.8
2024,7_5,Tomatoes,233,348,27,45.8
2024,7_6,Tomatoes,243,347,25,45.8
2024,7_7,Tomatoes,237,348,27,45.8
2024,8_0,Tomatoes,238,348,26,45.8
2024,8_1,Tomatoes,236,348,26,45.8
2024,8_2,Tomatoes,229,348,29,45.8
2024,8_3,Tomatoes,232,348,29,45.8
2024,8_4,Tomatoes,246,348,25,45.8
2024,8_5,Tomatoes,232,348,25,45.8
2024,8_6,Tomatoes,244,348,24,45.8
2024,8_7,Tomatoes,228,347,28,45.8
2024,9_0,Tomatoes,226,348,39,45.8
2024,9_1,Tomatoes,239,348,26,45.8
2024,9_2,Tomatoes,231,348,29,45.8
2024,9_3,Tomatoes,224,348,29,45.8
2024,9_4,Tomatoes,245,348,26,45.8
2024,9_5,Tomatoes,240,348,26,45.8
2024,9_6,Tomatoes,249,348,26,45.8
2024,9_7,Tomatoes,236,348,28,45.8
2024,0_3,Triticale,140,343,57,49.8
2024,0_4,Triticale,155,343,34,49.8
2024,0_5,Triticale,185,343,33,49.8
2024,0_6,Triticale,151,343,35,49.8
2024,10_17,Triticale,209,340,22,49.8
2024,10_18,Triticale,212,340,24,49.8
2024,10_19,Triticale,205,340,25,49.8
2024,15_17,Triticale,204,340,47,49.8
2024,15_18,Triticale,202,340,48,49.8
2024,15_19,Triticale,212,340,50,49.8
2024,16_17,Triticale,203,340,50,49.8
2024,16_18,Triticale,205,340,51,49.8
2024,16_19,Triticale,215,340,49,49.8
2024,17_17,Triticale,222,339,24,49.8
2024,17_18,Triticale,237,340,24,49.8
2024,17_19,Triticale,182,341,56,49.8
2024,18_17,Triticale,234,340,24,49.8
2024,18_18,Triticale,229,340,23,49.8
2024,18_19,Triticale,239,340,23,49.8
2024,19_17,Triticale,234,340,24,49.8
2024,19_19,Triticale,228,340,23,49.8
2024,1_3,Triticale,116,343,58,49.8
2024,1_4,Triticale,114,343,59,49.8
2024,1_5,Triticale,154,343,60,49.8
2024,1_6,Triticale,96,343,60,49.8
2024,2_3,Triticale,121,343,58,49.8
2024,2_4,Triticale,137,343,59,49.8
2024,2_5,Triticale,141,343,59,49.8
2024,2_6,Triticale,124,343,58,49.8
2024,2_7,Triticale,94,343,52,49.8
2024,3_17,Triticale,154,343,35,49.8
2024,3_19,Triticale,167,342,31,49.8
2024,4_17,Triticale,185,343,53,49.8
2024,4_19,Triticale,124,343,54,49.8
2024,8_17,Triticale,225,340,23,49.8
2024,9_18,Triticale,166,340,24,49.8
2024,10_1,Watermelons,228,355,45,35.7
2024,10_10,Watermelons,232,351,24,35.7
2024,10_11,Watermelons,253,351,24,35.7
2024,10_2,Watermelons,245,353,31,35.7
2024,10_3,Watermelons,250,354,27,35.7
2024,10_4,Watermelons,242,355,47,35.7
2024,10_5,Watermelons,221,353,30,35.7
2024,10_6,Watermelons,226,352,29,35.7
2024,10_7,Watermelons,252,353,29,35.7
2024,10_8,Watermelons,264,351,24,35.7
2024,10_9,Watermelons,264,351,24,35.7
2024,11_1,Watermelons,231,355,54,35.7
2024,11_10,Watermelons,262,351,25,35.7
2024,11_11,Watermelons,265,351,26,35.7
2024,11_14,Watermelons,222,351,28,35.7
2024,11_15,Watermelons,246,351,28,35.7
2024,11_16,Watermelons,242,351,28,35.7
2024,11_17,Watermelons,239,351,29,35.7
2024,11_2,Watermelons,205,354,54,35.7
2024,11_3,Watermelons,234,354,54,35.7
2024,11_4,Watermelons,241,354,53,35.7
2024,11_5,Watermelons,227,354,54,35.7
2024,11_6,Watermelons,227,354,54,35.7
2024,11_7,Watermelons,229,355,57,35.7
2024,11_8,Watermelons,216,354,49,35.7
2024,11_9,Watermelons,245,351,27,35.7
2024,12_10,Watermelons,219,354,46,35.7
2024,12_11,Watermelons,219,351,43,35.7
2024,12_13,Watermelons,241,351,23,35.7
2024,12_14,Watermelons,237,351,23,35.7
2024,12_16,Watermelons,237,351,24,35.7
2024,12_2,Watermelons,221,354,53,35.7
2024,12_3,Watermelons,231,354,56,35.7
2024,12_4,Watermelons,214,353,44,35.7
2024,12_5,Watermelons,223,354,44,35.7
2024,12_6,Watermelons,214,354,44,35.7
2024,12_7,Watermelons,181,354,54,35.7
2024,13_10,Watermelons,171,352,46,35.7
2024,13_11,Watermelons,235,353,42,35.7
2024,13_16,Watermelons,232,351,47,35.7
2024,13_2,Watermelons,233,354,54,35.7
2024,13_3,Watermelons,226,354,56,35.7
2024,13_4,Watermelons,212,353,44,35.7
2024,13_5,Watermelons,200,353,43,35.7
2024,13_6,Watermelons,210,353,44,35.7
2024,13_7,Watermelons,195,353,54,35.7
2024,13_8,Watermelons,194,351,42,35.7
2024,13_9,Watermelons,209,354,46,35.7
2024,14_10,Watermelons,210,354,46,35.7
2024,14_11,Watermelons,205,353,46,35.7
2024,14_2,Watermelons,172,352,25,35.7
2024,14_3,Watermelons,205,352,21,35.7
2024,14_4,Watermelons,231,352,20,35.7
2024,14_6,Watermelons,241,352,20,35.7
2024,14_7,Watermelons,189,352,27,35.7
2024,14_8,Watermelons,222,351,22,35.7
2024,14_9,Watermelons,207,354,47,35.7
2024,15_13,Watermelons,225,353,56,35.7
2024,15_14,Watermelons,231,353,51,35.7
2024,15_15,Watermelons,231,353,53,35.7
2024,15_17,Watermelons,209,351,51,35.7
2024,15_18,Watermelons,208,351,47,35.7
2024,15_19,Watermelons,211,351,48,35.7
2024,15_4,Watermelons,222,352,23,35.7
2024,15_5,Watermelons,200,352,21,35.7
2024,15_6,Watermelons,196,352,20,35.7
2024,15_7,Watermelons,211,353,24,35.7
2024,16_12,Watermelons,228,353,25,35.7
2024,16_13,Watermelons,218,353,27,35.7
2024,16_14,Watermelons,213,353,42,35.7
2024,16_15,Watermelons,226,353,52,35.7
2024,16_16,Watermelons,229,353,57,35.7
2024,16_18,Watermelons,208,351,49,35.7
2024,16_19,Watermelons,216,351,48,35.7
2024,16_2,Watermelons,248,353,20,35.7
2024,16_5,Watermelons,243,353,18,35.7
2024,17_10,Watermelons,207,354,24,35.7
2024,17_11,Watermelons,214,353,24,35.7
2024,17_12,Watermelons,240,353,25,35.7
2024,17_13,Watermelons,230,353,26,35.7
2024,17_14,Watermelons,228,353,27,35.7
2024,17_15,Watermelons,216,353,28,35.7
2024,17_16,Watermelons,219,353,29,35.7
2024,17_17,Watermelons,229,352,27,35.7
2024,17_7,Watermelons,189,353,23,35.7
2024,17_8,Watermelons,225,354,24,35.7
2024,17_9,Watermelons,223,354,24,35.7
2024,18_10,Watermelons,216,354,25,35.7
2024,18_11,Watermelons,213,353,24,35.7
2024,18_13,Watermelons,226,353,27,35.7
2024,18_14,Watermelons,224,353,27,35.7
2024,18_16,Watermelons,202,352,24,35.7
2024,18_17,Watermelons,208,350,21,35.7
2024,18_3,Watermelons,242,353,23,35.7
2024,18_4,Watermelons,219,353,23,35.7
2024,18_5,Watermelons,228,353,23,35.7
2024,18_6,Watermelons,239,354,23,35.7
2024,18_7,Watermelons,223,354,27,35.7
2024,18_8,Watermelons,214,354,24,35.7
2024,18_9,Watermelons,216,353,24,35.7
2024,19_10,Watermelons,220,354,24,35.7
2024,19_12,Watermelons,234,353,26,35.7
2024,19_15,Watermelons,234,351,25,35.7
2024,19_3,Watermelons,247,353,23,35.7
2024,19_4,Watermelons,230,353,23,35.7
2024,19_5,Watermelons,243,353,20,35.7
2024,19_6,Watermelons,237,354,23,35.7
2024,19_7,Watermelons,236,353,21,35.7
2024,19_8,Watermelons,205,353,24,35.7
2024,19_9,Watermelons,232,354,24,35.7
2024,2_12,Watermelons,223,355,62,35.7
2024,2_13,Watermelons,220,355,54,35.7
2024,2_14,Watermelons,193,355,30,35.7
2024,2_15,Watermelons,251,355,30,35.7
2024,2_16,Watermelons,214,355,30,35.7
2024,2_17,Watermelons,217,355,33,35.7
2024,2_18,Watermelons,207,354,33,35.7
2024,3_0,Watermelons,258,351,20,35.7
2024,3_1,Watermelons,262,351,20,35.7
2024,3_12,Watermelons,225,356,60,35.7
2024,3_13,Watermelons,231,355,54,35.7
2024,3_15,Watermelons,204,355,29,35.7
2024,3_16,Watermelons,195,356,64,35.7
2024,3_17,Watermelons,199,356,65,35.7
2024,3_2,Watermelons,260,351,20,35.7
2024,3_3,Watermelons,269,350,22,35.7
2024,4_1,Watermelons,263,351,20,35.7
2024,4_12,Watermelons,192,355,54,35.7
2024,4_13,Watermelons,212,355,54,35.7
2024,4_14,Watermelons,228,355,54,35.7
2024,4_15,Watermelons,213,355,53,35.7
2024,4_16,Watermelons,194,356,67,35.7
2024,4_17,Watermelons,252,356,67,35.7
2024,4_2,Watermelons,247,351,24,35.7
2024,5_12,Watermelons,201,356,58,35.7
2024,5_13,Watermelons,210,355,52,35.7
2024,5_14,Watermelons,196,355,52,35.7
2024,5_15,Watermelons,205,355,53,35.7
2024,5_16,Watermelons,227,356,61,35.7
2024,5_18,Watermelons,196,356,56,35.7
2024,6_1,Watermelons,236,351,19,35.7
2024,6_12,Watermelons,242,350,27,35.7
2024,6_13,Watermelons,212,350,28,35.7
2024,6_16,Watermelons,210,355,53,35.7
2024,6_17,Watermelons,229,356,64,35.7
2024,6_19,Watermelons,166,355,56,35.7
2024,6_2,Watermelons,240,351,20,35.7
2024,6_6,Watermelons,243,351,26,35.7
2024,7_12,Watermelons,203,351,28,35.7
2024,7_13,Watermelons,196,350,27,35.7
2024,7_16,Watermelons,241,350,26,35.7
2024,7_17,Watermelons,206,356,55,35.7
2024,7_3,Watermelons,229,353,27,35.7
2024,7_7,Watermelons,255,351,25,35.7
2024,8_10,Watermelons,251,351,24,35.7
2024,8_11,Watermelons,268,351,23,35.7
2024,8_3,Watermelons,242,352,23,35.7
2024,8_4,Watermelons,272,352,23,35.7
2024,8_7,Watermelons,236,353,28,35.7
2024,9_10,Watermelons,259,351,24,35.7
2024,9_11,Watermelons,213,351,23,35.7
2024,9_2,Watermelons,224,354,29,35.7
2024,9_3,Watermelons,230,353,28,35.7
2024,9_4,Watermelons,241,354,22,35.7
2024,9_7,Watermelons,248,351,26,35.7
2024,9_8,Watermelons,259,351,24,35.7
2024,9_9,Watermelons,266,351,24,35.7
2024,0_12,Winter Wheat,157,355,29,39.3
2024,0_13,Winter Wheat,130,354,29,39.3
2024,0_18,Winter Wheat,129,332,27,39.3
2024,0_2,Winter Wheat,161,243,39,39.3
2024,0_3,Winter Wheat,149,351,33,39.3
2024,0_4,Winter Wheat,145,296,34,39.3
2024,0_5,Winter Wheat,162,322,33,39.3
2024,0_6,Winter Wheat,204,338,33,39.3
2024,10_0,Winter Wheat,154,303,54,39.3
2024,10_1,Winter Wheat,219,333,52,39.3
2024,10_10,Winter Wheat,154,339,26,39.3
2024,10_11,Winter Wheat,133,345,25,39.3
2024,10_12,Winter Wheat,235,264,27,39.3
2024,10_13,Winter Wheat,243,273,25,39.3
2024,10_14,Winter Wheat,248,270,25,39.3
2024,10_15,Winter Wheat,155,284,25,39.3
2024,10_16,Winter Wheat,239,274,25,39.3
2024,10_17,Winter Wheat,265,332,27,39.3
2024,10_2,Winter Wheat,133,351,52,39.3
2024,10_3,Winter Wheat,143,343,56,39.3
2024,10_4,Winter Wheat,127,345,54,39.3
2024,10_5,Winter Wheat,140,352,54,39.3
2024,10_6,Winter Wheat,137,316,30,39.3
2024,10_7,Winter Wheat,134,269,30,39.3
2024,10_8,Winter Wheat,133,334,26,39.3
2024,10_9,Winter Wheat,132,294,26,39.3
2024,11_0,Winter Wheat,136,345,54,39.3
2024,11_1,Winter Wheat,140,305,54,39.3
2024,11_10,Winter Wheat,145,280,38,39.3
2024,11_11,Winter Wheat,131,256,26,39.3
2024,11_12,Winter Wheat,133,257,29,39.3
2024,11_13,Winter Wheat,199,265,27,39.3
2024,11_14,Winter Wheat,161,287,28,39.3
2024,11_15,Winter Wheat,153,342,28,39.3
2024,11_16,Winter Wheat,253,275,28,39.3
2024,11_17,Winter Wheat,230,269,28,39.3
2024,11_18,Winter Wheat,239,263,29,39.3
2024,11_19,Winter Wheat,265,313,29,39.3
2024,11_2,Winter Wheat,152,289,61,39.3
2024,11_3,Winter Wheat,139,315,54,39.3
2024,11_4,Winter Wheat,134,271,54,39.3
2024,11_5,Winter Wheat,146,292,54,39.3
2024,11_6,Winter Wheat,139,321,54,39.3
2024,11_7,Winter Wheat,138,281,58,39.3
2024,11_8,Winter Wheat,138,250,50,39.3
2024,11_9,Winter Wheat,131,230,48,39.3
2024,12_0,Winter Wheat,130,300,48,39.3
2024,12_1,Winter Wheat,136,290,48,39.3
2024,12_10,Winter Wheat,137,277,47,39.3
2024,12_11,Winter Wheat,130,301,46,39.3
2024,12_12,Winter Wheat,132,295,55,39.3
2024,12_13,Winter Wheat,135,306,49,39.3
2024,12_14,Winter Wheat,128,279,50,39.3
2024,12_15,Winter Wheat,139,331,24,39.3
2024,12_16,Winter Wheat,239,275,27,39.3
2024,12_17,Winter Wheat,166,342,26,39.3
2024,12_18,Winter Wheat,167,330,24,39.3
2024,12_19,Winter Wheat,185,293,25,39.3
2024,12_2,Winter Wheat,139,284,56,39.3
2024,12_3,Winter Wheat,141,297,55,39.3
2024,12_4,Winter Wheat,137,293,44,39.3
2024,12_5,Winter Wheat,130,284,44,39.3
2024,12_6,Winter Wheat,133,318,44,39.3
2024,12_7,Winter Wheat,132,234,54,39.3
2024,12_8,Winter Wheat,134,232,47,39.3
2024,12_9,Winter Wheat,131,241,47,39.3
2024,13_0,Winter Wheat,181,323,20,39.3
2024,13_1,Winter Wheat,134,278,48,39.3
2024,13_10,Winter Wheat,134,308,46,39.3
2024,13_11,Winter Wheat,138,314,47,39.3
2024,13_12,Winter Wheat,129,338,56,39.3
2024,13_13,Winter Wheat,133,284,49,39.3
2024,13_14,Winter Wheat,131,311,50,39.3
2024,13_15,Winter Wheat,141,346,50,39.3
2024,13_16,Winter Wheat,134,288,56,39.3
2024,13_17,Winter Wheat,129,229,55,39.3
2024,13_18,Winter Wheat,127,344,48,39.3
2024,13_19,Winter Wheat,226,287,25,39.3
2024,13_2,Winter Wheat,135,274,56,39.3
2024,13_3,Winter Wheat,134,285,55,39.3
2024,13_4,Winter Wheat,135,330,44,39.3
2024,13_5,Winter Wheat,130,292,44,39.3
2024,13_6,Winter Wheat,138,277,44,39.3
2024,13_7,Winter Wheat,138,236,54,39.3
2024,13_8,Winter Wheat,129,275,47,39.3
2024,13_9,Winter Wheat,128,325,47,39.3
2024,14_0,Winter Wheat,137,272,20,39.3
2024,14_1,Winter Wheat,169,261,20,39.3
2024,14_10,Winter Wheat,132,323,46,39.3
2024,14_11,Winter Wheat,132,254,46,39.3
2024,14_12,Winter Wheat,139,319,56,39.3
2024,14_13,Winter Wheat,131,309,50,39.3
2024,14_14,Winter Wheat,144,313,50,39.3
2024,14_15,Winter Wheat,143,273,50,39.3
2024,14_16,Winter Wheat,133,308,56,39.3
2024,14_17,Winter Wheat,154,302,56,39.3
2024,14_18,Winter Wheat,128,326,47,39.3
2024,14_19,Winter Wheat,248,297,48,39.3
2024,14_2,Winter Wheat,153,228,26,39.3
2024,14_3,Winter Wheat,135,256,26,39.3
2024,14_4,Winter Wheat,143,277,21,39.3
2024,14_5,Winter Wheat,131,306,21,39.3
2024,14_6,Winter Wheat,185,327,36,39.3
2024,14_7,Winter Wheat,145,270,53,39.3
2024,14_8,Winter Wheat,132,299,47,39.3
2024,14_9,Winter Wheat,132,290,47,39.3
2024,15_0,Winter Wheat,144,274,20,39.3
2024,15_1,Winter Wheat,188,258,20,39.3
2024,15_10,Winter Wheat,130,312,40,39.3
2024,15_11,Winter Wheat,130,279,55,39.3
2024,15_12,Winter Wheat,133,313,59,39.3
2024,15_13,Winter Wheat,136,262,56,39.3
2024,15_14,Winter Wheat,133,302,56,39.3
2024,15_15,Winter Wheat,134,316,56,39.3
2024,15_16,Winter Wheat,134,256,62,39.3
2024,15_17,Winter Wheat,153,322,61,39.3
2024,15_18,Winter Wheat,236,322,53,39.3
2024,15_19,Winter Wheat,126,341,53,39.3
2024,15_2,Winter Wheat,134,272,26,39.3
2024,15_3,Winter Wheat,136,274,25,39.3
2024,15_4,Winter Wheat,165,271,23,39.3
2024,15_5,Winter Wheat,139,297,23,39.3
2024,15_6,Winter Wheat,225,325,22,39.3
2024,15_7,Winter Wheat,130,284,28,39.3
2024,15_8,Winter Wheat,125,303,25,39.3
2024,15_9,Winter Wheat,123,345,25,39.3
2024,16_0,Winter Wheat,130,240,19,39.3
2024,16_1,Winter Wheat,136,259,19,39.3
2024,16_10,Winter Wheat,131,260,25,39.3
2024,16_11,Winter Wheat,125,286,27,39.3
2024,16_12,Winter Wheat,126,292,29,39.3
2024,16_13,Winter Wheat,139,307,26,39.3
2024,16_14,Winter Wheat,126,256,27,39.3
2024,16_15,Winter Wheat,195,238,52,39.3
2024,16_16,Winter Wheat,143,308,59,39.3
2024,16_17,Winter Wheat,136,280,58,39.3
2024,16_18,Winter Wheat,138,295,52,39.3
2024,16_19,Winter Wheat,158,319,54,39.3
2024,16_2,Winter Wheat,146,298,23,39.3
2024,16_3,Winter Wheat,140,249,21,39.3
2024,16_4,Winter Wheat,191,314,21,39.3
2024,16_5,Winter Wheat,184,335,21,39.3
2024,16_6,Winter Wheat,131,316,20,39.3
2024,16_7,Winter Wheat,129,318,28,39.3
2024,16_8,Winter Wheat,127,296,25,39.3
2024,16_9,Winter Wheat,138,332,25,39.3
2024,17_0,Winter Wheat,135,265,20,39.3
2024,17_1,Winter Wheat,214,331,20,39.3
2024,17_10,Winter Wheat,134,267,25,39.3
2024,17_11,Winter Wheat,124,295,30,39.3
2024,17_12,Winter Wheat,127,304,31,39.3
2024,17_13,Winter Wheat,128,290,28,39.3
2024,17_14,Winter Wheat,137,293,28,39.3
2024,17_15,Winter Wheat,130,286,28,39.3
2024,17_16,Winter Wheat,145,291,28,39.3
2024,17_17,Winter Wheat,146,304,26,39.3
2024,17_18,Winter Wheat,126,344,24,39.3
2024,17_19,Winter Wheat,124,338,27,39.3
2024,17_2,Winter Wheat,151,237,25,39.3
2024,17_3,Winter Wheat,169,341,23,39.3
2024,17_4,Winter Wheat,149,254,23,39.3
2024,17_5,Winter Wheat,143,316,23,39.3
2024,17_6,Winter Wheat,142,322,23,39.3
2024,17_7,Winter Wheat,140,289,29,39.3
2024,17_8,Winter Wheat,151,328,25,39.3
2024,17_9,Winter Wheat,153,313,24,39.3
2024,18_0,Winter Wheat,142,344,20,39.3
2024,18_1,Winter Wheat,150,320,20,39.3
2024,18_10,Winter Wheat,130,315,25,39.3
2024,18_11,Winter Wheat,160,308,29,39.3
2024,18_12,Winter Wheat,129,292,30,39.3
2024,18_13,Winter Wheat,124,316,28,39.3
2024,18_14,Winter Wheat,128,294,28,39.3
2024,18_15,Winter Wheat,125,302,28,39.3
2024,18_16,Winter Wheat,127,276,29,39.3
2024,18_17,Winter Wheat,138,308,28,39.3
2024,18_18,Winter Wheat,128,288,23,39.3
2024,18_19,Winter Wheat,124,276,24,39.3
2024,18_2,Winter Wheat,142,294,24,39.3
2024,18_3,Winter Wheat,166,323,23,39.3
2024,18_4,Winter Wheat,146,342,23,39.3
2024,18_5,Winter Wheat,171,284,23,39.3
2024,18_6,Winter Wheat,179,336,23,39.3
2024,18_7,Winter Wheat,136,312,29,39.3
2024,18_8,Winter Wheat,127,343,24,39.3
2024,18_9,Winter Wheat,130,342,25,39.3
2024,19_0,Winter Wheat,143,326,43,39.3
2024,19_1,Winter Wheat,219,321,18,39.3
2024,19_10,Winter Wheat,132,348,25,39.3
2024,19_11,Winter Wheat,132,333,30,39.3
2024,19_12,Winter Wheat,191,282,30,39.3
2024,19_13,Winter Wheat,138,315,28,39.3
2024,19_14,Winter Wheat,125,327,28,39.3
2024,19_15,Winter Wheat,129,342,28,39.3
2024,19_16,Winter Wheat,123,336,29,39.3
2024,19_17,Winter Wheat,137,344,27,39.3
2024,19_18,Winter Wheat,131,314,23,39.3
2024,19_19,Winter Wheat,125,278,25,39.3
2024,19_2,Winter Wheat,145,298,24,39.3
2024,19_3,Winter Wheat,136,242,23,39.3
2024,19_4,Winter Wheat,179,280,23,39.3
2024,19_5,Winter Wheat,197,322,23,39.3
2024,19_6,Winter Wheat,196,302,23,39.3
2024,19_7,Winter Wheat,141,283,29,39.3
2024,19_8,Winter Wheat,182,322,25,39.3
2024,19_9,Winter Wheat,180,352,25,39.3
2024,1_12,Winter Wheat,146,352,36,39.3
2024,1_13,Winter Wheat,134,347,29,39.3
2024,1_17,Winter Wheat,186,323,25,39.3
2024,1_18,Winter Wheat,178,330,27,39.3
2024,1_19,Winter Wheat,211,325,25,39.3
2024,1_2,Winter Wheat,133,270,65,39.3
2024,1_3,Winter Wheat,137,354,64,39.3
2024,1_4,Winter Wheat,128,270,58,39.3
2024,1_7,Winter Wheat,150,345,35,39.3
2024,2_0,Winter Wheat,144,327,60,39.3
2024,2_1,Winter Wheat,146,285,60,39.3
2024,2_12,Winter Wheat,151,335,37,39.3
2024,2_13,Winter Wheat,144,319,52,39.3
2024,2_16,Winter Wheat,251,343,31,39.3
2024,2_17,Winter Wheat,216,328,34,39.3
2024,2_18,Winter Wheat,149,326,33,39.3
2024,2_19,Winter Wheat,186,335,33,39.3
2024,2_2,Winter Wheat,166,357,67,39.3
2024,2_3,Winter Wheat,141,357,61,39.3
2024,2_4,Winter Wheat,142,344,54,39.3
2024,2_5,Winter Wheat,148,352,56,39.3
2024,2_6,Winter Wheat,150,349,62,39.3
2024,2_7,Winter Wheat,145,355,59,39.3
2024,3_0,Winter Wheat,193,334,56,39.3
2024,3_1,Winter Wheat,149,308,57,39.3
2024,3_12,Winter Wheat,244,318,49,39.3
2024,3_13,Winter Wheat,151,337,52,39.3
2024,3_16,Winter Wheat,141,290,35,39.3
2024,3_17,Winter Wheat,148,264,64,39.3
2024,3_18,Winter Wheat,211,316,29,39.3
2024,3_19,Winter Wheat,146,348,32,39.3
2024,3_2,Winter Wheat,149,332,59,39.3
2024,3_3,Winter Wheat,135,270,59,39.3
2024,3_4,Winter Wheat,137,285,54,39.3
2024,4_0,Winter Wheat,181,284,20,39.3
2024,4_1,Winter Wheat,134,278,20,39.3
2024,4_12,Winter Wheat,140,294,48,39.3
2024,4_13,Winter Wheat,158,352,54,39.3
2024,4_17,Winter Wheat,242,334,56,39.3
2024,4_18,Winter Wheat,147,343,56,39.3
2024,4_19,Winter Wheat,162,338,57,39.3
2024,4_2,Winter Wheat,137,290,25,39.3
2024,4_3,Winter Wheat,134,288,25,39.3
2024,4_4,Winter Wheat,248,286,21,39.3
2024,4_5,Winter Wheat,143,279,20,39.3
2024,4_7,Winter Wheat,213,261,25,39.3
2024,5_0,Winter Wheat,149,280,20,39.3
2024,5_1,Winter Wheat,168,312,20,39.3
2024,5_18,Winter Wheat,170,343,55,39.3
2024,5_19,Winter Wheat,259,331,58,39.3
2024,5_2,Winter Wheat,151,284,23,39.3
2024,5_3,Winter Wheat,152,292,25,39.3
2024,5_4,Winter Wheat,153,288,21,39.3
2024,5_5,Winter Wheat,149,287,21,39.3
2024,5_6,Winter Wheat,138,319,21,39.3
2024,5_7,Winter Wheat,215,262,24,39.3
2024,6_0,Winter Wheat,150,302,19,39.3
2024,6_1,Winter Wheat,158,292,26,39.3
2024,6_11,Winter Wheat,139,251,24,39.3
2024,6_12,Winter Wheat,135,318,31,39.3
2024,6_13,Winter Wheat,192,282,28,39.3
2024,6_16,Winter Wheat,161,349,60,39.3
2024,6_17,Winter Wheat,133,316,60,39.3
2024,6_18,Winter Wheat,189,341,57,39.3
2024,6_3,Winter Wheat,146,276,24,39.3
2024,6_4,Winter Wheat,147,306,26,39.3
2024,6_5,Winter Wheat,143,351,26,39.3
2024,6_6,Winter Wheat,130,287,26,39.3
2024,6_7,Winter Wheat,141,274,28,39.3
2024,6_8,Winter Wheat,190,275,25,39.3
2024,6_9,Winter Wheat,194,351,25,39.3
2024,7_0,Winter Wheat,216,292,22,39.3
2024,7_1,Winter Wheat,164,279,25,39.3
2024,7_10,Winter Wheat,140,289,22,39.3
2024,7_11,Winter Wheat,134,293,25,39.3
2024,7_12,Winter Wheat,138,280,30,39.3
2024,7_13,Winter Wheat,164,261,28,39.3
2024,7_14,Winter Wheat,178,301,25,39.3
2024,7_15,Winter Wheat,205,299,25,39.3
2024,7_16,Winter Wheat,193,303,27,39.3
2024,7_17,Winter Wheat,189,268,30,39.3
2024,7_2,Winter Wheat,194,259,29,39.3
2024,7_3,Winter Wheat,148,324,31,39.3
2024,7_4,Winter Wheat,147,340,28,39.3
2024,7_5,Winter Wheat,160,335,28,39.3
2024,7_7,Winter Wheat,139,318,28,39.3
2024,7_8,Winter Wheat,157,299,24,39.3
2024,7_9,Winter Wheat,249,289,24,39.3
2024,8_0,Winter Wheat,135,234,26,39.3
2024,8_1,Winter Wheat,203,324,25,39.3
2024,8_10,Winter Wheat,136,303,24,39.3
2024,8_11,Winter Wheat,222,322,24,39.3
2024,8_12,Winter Wheat,132,306,28,39.3
2024,8_13,Winter Wheat,157,234,25,39.3
2024,8_14,Winter Wheat,194,257,25,39.3
2024,8_16,Winter Wheat,243,283,24,39.3
2024,8_2,Winter Wheat,235,294,29,39.3
2024,8_3,Winter Wheat,138,340,29,39.3
2024,8_4,Winter Wheat,179,353,24,39.3
2024,8_6,Winter Wheat,141,293,25,39.3
2024,8_7,Winter Wheat,140,323,28,39.3
2024,8_8,Winter Wheat,236,291,24,39.3
2024,8_9,Winter Wheat,135,238,24,39.3
2024,9_0,Winter Wheat,139,279,26,39.3
2024,9_1,Winter Wheat,271,298,26,39.3
2024,9_10,Winter Wheat,141,302,24,39.3
2024,9_11,Winter Wheat,138,317,24,39.3
2024,9_12,Winter Wheat,270,270,28,39.3
2024,9_13,Winter Wheat,166,277,25,39.3
2024,9_14,Winter Wheat,225,336,25,39.3
2024,9_15,Winter Wheat,243,278,25,39.3
2024,9_16,Winter Wheat,256,266,25,39.3
2024,9_17,Winter Wheat,275,279,26,39.3
2024,9_2,Winter Wheat,207,301,29,39.3
2024,9_3,Winter Wheat,144,339,29,39.3
2024,9_4,Winter Wheat,165,347,25,39.3
2024,9_5,Winter Wheat,150,295,26,39.3
2024,9_6,Winter Wheat,149,337,26,39.3
2024,9_7,Winter Wheat,202,340,25,39.3
2024,9_8,Winter Wheat,136,302,24,39.3
2024,9_9,Winter Wheat,144,332,24,39.3
