split	sample_id	scene_id	sentinel_request_id	sentinel_request_root	sentinel_date	planet_bounds
train	000011	lower__20200511_160002_02_2263_3B_AnalyticMS_SR_8b_clip	pm5__20200506_20200523__0006	/scrfs/storage/yikebe/home/research/AR_Crop_Identification/make_dataset/raw_sentinel/pm5/pm5__20200506_20200523__0006	2020-05-10	695880.00000000,3803529.00000000,696648.00000000,3804297.00000000
train	000027	lower__20200511_160002_02_2263_3B_AnalyticMS_SR_8b_clip	pm5__20200506_20200523__0006	/scrfs/storage/yikebe/home/research/AR_Crop_Identification/make_dataset/raw_sentinel/pm5/pm5__20200506_20200523__0006	2020-05-10	702024.00000000,3803529.00000000,702792.00000000,3804297.00000000
train	000043	lower__20200511_160002_02_2263_3B_AnalyticMS_SR_8b_clip	pm5__20200506_20200523__0006	/scrfs/storage/yikebe/home/research/AR_Crop_Identification/make_dataset/raw_sentinel/pm5/pm5__20200506_20200523__0006	2020-05-10	702792.00000000,3803529.00000000,703560.00000000,3804297.00000000
train	000059	lower__20200511_160002_02_2263_3B_AnalyticMS_SR_8b_clip	pm5__20200506_20200523__0006	/scrfs/storage/yikebe/home/research/AR_Crop_Identification/make_dataset/raw_sentinel/pm5/pm5__20200506_20200523__0006	2020-05-10	703560.00000000,3803529.00000000,704328.00000000,3804297.00000000
train	000075	lower__20200511_160002_02_2263_3B_AnalyticMS_SR_8b_clip	pm5__20200506_20200523__0006	/scrfs/storage/yikebe/home/research/AR_Crop_Identification/make_dataset/raw_sentinel/pm5/pm5__20200506_20200523__0006	2020-05-10	711240.00000000,3802761.00000000,712008.00000000,3803529.00000000
train	000091	lower__20200511_160002_02_2263_3B_AnalyticMS_SR_8b_clip	pm5__20200506_20200523__0006	/scrfs/storage/yikebe/home/research/AR_Crop_Identification/make_dataset/raw_sentinel/pm5/pm5__20200506_20200523__0006	2020-05-10	716616.00000000,3802761.00000000,717384.00000000,3803529.00000000
train	000107	lower__20200511_160002_02_2263_3B_AnalyticMS_SR_8b_clip	pm5__20200506_20200523__0006	/scrfs/storage/yikebe/home/research/AR_Crop_Identification/make_dataset/raw_sentinel/pm5/pm5__20200506_20200523__0006	2020-05-10	700488.00000000,3801993.00000000,701256.00000000,3802761.00000000
train	000123	lower__20200511_160002_02_2263_3B_AnalyticMS_SR_8b_clip	pm5__20200506_20200523__0006	/scrfs/storage/yikebe/home/research/AR_Crop_Identification/make_dataset/raw_sentinel/pm5/pm5__20200506_20200523__0006	2020-05-10	706632.00000000,3800457.00000000,707400.00000000,3801225.00000000
train	000139	lower__20200511_160002_02_2263_3B_AnalyticMS_SR_8b_clip	pm5__20200506_20200523__0006	/scrfs/storage/yikebe/home/research/AR_Crop_Identification/make_dataset/raw_sentinel/pm5/pm5__20200506_20200523__0006	2020-05-10	692040.00000000,3798921.00000000,692808.00000000,3799689.00000000
train	000155	lower__20200511_160002_02_2263_3B_AnalyticMS_SR_8b_clip	pm5__20200506_20200523__0006	/scrfs/storage/yikebe/home/research/AR_Crop_Identification/make_dataset/raw_sentinel/pm5/pm5__20200506_20200523__0006	2020-05-10	693576.00000000,3798921.00000000,694344.00000000,3799689.00000000
train	000171	lower__20200511_160002_02_2263_3B_AnalyticMS_SR_8b_clip	pm5__20200506_20200523__0006	/scrfs/storage/yikebe/home/research/AR_Crop_Identification/make_dataset/raw_sentinel/pm5/pm5__20200506_20200523__0006	2020-05-10	694344.00000000,3798921.00000000,695112.00000000,3799689.00000000
train	000187	lower__20200511_160002_02_2263_3B_AnalyticMS_SR_8b_clip	pm5__20200506_20200523__0006	/scrfs/storage/yikebe/home/research/AR_Crop_Identification/make_dataset/raw_sentinel/pm5/pm5__20200506_20200523__0006	2020-05-10	695112.00000000,3798921.00000000,695880.00000000,3799689.00000000
train	000203	lower__20200511_160002_02_2263_3B_AnalyticMS_SR_8b_clip	pm5__20200506_20200523__0006	/scrfs/storage/yikebe/home/research/AR_Crop_Identification/make_dataset/raw_sentinel/pm5/pm5__20200506_20200523__0006	2020-05-10	703560.00000000,3798921.00000000,704328.00000000,3799689.00000000
train	000219	lower__20200511_160002_02_2263_3B_AnalyticMS_SR_8b_clip	pm5__20200506_20200523__0006	/scrfs/storage/yikebe/home/research/AR_Crop_Identification/make_dataset/raw_sentinel/pm5/pm5__20200506_20200523__0006	2020-05-10	691272.00000000,3798153.00000000,692040.00000000,3798921.00000000
train	000235	lower__20200511_160002_02_2263_3B_AnalyticMS_SR_8b_clip	pm5__20200506_20200523__0006	/scrfs/storage/yikebe/home/research/AR_Crop_Identification/make_dataset/raw_sentinel/pm5/pm5__20200506_20200523__0006	2020-05-10	692040.00000000,3798153.00000000,692808.00000000,3798921.00000000
train	000251	lower__20200511_160002_02_2263_3B_AnalyticMS_SR_8b_clip	pm5__20200506_20200523__0006	/scrfs/storage/yikebe/home/research/AR_Crop_Identification/make_dataset/raw_sentinel/pm5/pm5__20200506_20200523__0006	2020-05-10	692808.00000000,3798153.00000000,693576.00000000,3798921.00000000
train	000267	lower__20200511_160002_02_2263_3B_AnalyticMS_SR_8b_clip	pm5__20200506_20200523__0006	/scrfs/storage/yikebe/home/research/AR_Crop_Identification/make_dataset/raw_sentinel/pm5/pm5__20200506_20200523__0006	2020-05-10	693576.00000000,3798153.00000000,694344.00000000,3798921.00000000
train	000283	lower__20200511_160002_02_2263_3B_AnalyticMS_SR_8b_clip	pm5__20200506_20200523__0006	/scrfs/storage/yikebe/home/research/AR_Crop_Identification/make_dataset/raw_sentinel/pm5/pm5__20200506_20200523__0006	2020-05-10	694344.00000000,3798153.00000000,695112.00000000,3798921.00000000
train	000299	lower__20200511_160002_02_2263_3B_AnalyticMS_SR_8b_clip	pm5__20200506_20200523__0006	/scrfs/storage/yikebe/home/research/AR_Crop_Identification/make_dataset/raw_sentinel/pm5/pm5__20200506_20200523__0006	2020-05-10	695880.00000000,3798153.00000000,696648.00000000,3798921.00000000
train	000315	lower__20200511_160002_02_2263_3B_AnalyticMS_SR_8b_clip	pm5__20200506_20200523__0006	/scrfs/storage/yikebe/home/research/AR_Crop_Identification/make_dataset/raw_sentinel/pm5/pm5__20200506_20200523__0006	2020-05-10	702024.00000000,3798153.00000000,702792.00000000,3798921.00000000
train	000331	lower__20200511_160002_02_2263_3B_AnalyticMS_SR_8b_clip	pm5__20200506_20200523__0006	/scrfs/storage/yikebe/home/research/AR_Crop_Identification/make_dataset/raw_sentinel/pm5/pm5__20200506_20200523__0006	2020-05-10	688968.00000000,3797385.00000000,689736.00000000,3798153.00000000
train	000347	lower__20200511_160002_02_2263_3B_AnalyticMS_SR_8b_clip	pm5__20200506_20200523__0006	/scrfs/storage/yikebe/home/research/AR_Crop_Identification/make_dataset/raw_sentinel/pm5/pm5__20200506_20200523__0006	2020-05-10	691272.00000000,3797385.00000000,692040.00000000,3798153.00000000
train	000363	lower__20200511_160002_02_2263_3B_AnalyticMS_SR_8b_clip	pm5__20200506_20200523__0006	/scrfs/storage/yikebe/home/research/AR_Crop_Identification/make_dataset/raw_sentinel/pm5/pm5__20200506_20200523__0006	2020-05-10	692040.00000000,3797385.00000000,692808.00000000,3798153.00000000
train	000379	lower__20200511_160002_02_2263_3B_AnalyticMS_SR_8b_clip	pm5__20200506_20200523__0006	/scrfs/storage/yikebe/home/research/AR_Crop_Identification/make_dataset/raw_sentinel/pm5/pm5__20200506_20200523__0006	2020-05-10	692808.00000000,3797385.00000000,693576.00000000,3798153.00000000
train	000395	lower__20200511_160002_02_2263_3B_AnalyticMS_SR_8b_clip	pm5__20200506_20200523__0006	/scrfs/storage/yikebe/home/research/AR_Crop_Identification/make_dataset/raw_sentinel/pm5/pm5__20200506_20200523__0006	2020-05-10	693576.00000000,3797385.00000000,694344.00000000,3798153.00000000
train	000411	lower__20200511_160002_02_2263_3B_AnalyticMS_SR_8b_clip	pm5__20200506_20200523__0006	/scrfs/storage/yikebe/home/research/AR_Crop_Identification/make_dataset/raw_sentinel/pm5/pm5__20200506_20200523__0006	2020-05-10	694344.00000000,3797385.00000000,695112.00000000,3798153.00000000
train	000427	lower__20200511_160002_02_2263_3B_AnalyticMS_SR_8b_clip	pm5__20200506_20200523__0006	/scrfs/storage/yikebe/home/research/AR_Crop_Identification/make_dataset/raw_sentinel/pm5/pm5__20200506_20200523__0006	2020-05-10	695112.00000000,3797385.00000000,695880.00000000,3798153.00000000
train	000443	lower__20200511_160002_02_2263_3B_AnalyticMS_SR_8b_clip	pm5__20200506_20200523__0006	/scrfs/storage/yikebe/home/research/AR_Crop_Identification/make_dataset/raw_sentinel/pm5/pm5__20200506_20200523__0006	2020-05-10	707400.00000000,3797385.00000000,708168.00000000,3798153.00000000
train	000459	lower__20200511_160002_02_2263_3B_AnalyticMS_SR_8b_clip	pm5__20200506_20200523__0006	/scrfs/storage/yikebe/home/research/AR_Crop_Identification/make_dataset/raw_sentinel/pm5/pm5__20200506_20200523__0006	2020-05-10	688200.00000000,3796617.00000000,688968.00000000,3797385.00000000
train	000475	lower__20200511_160002_02_2263_3B_AnalyticMS_SR_8b_clip	pm5__20200506_20200523__0006	/scrfs/storage/yikebe/home/research/AR_Crop_Identification/make_dataset/raw_sentinel/pm5/pm5__20200506_20200523__0006	2020-05-10	688968.00000000,3796617.00000000,689736.00000000,3797385.00000000
train	000491	lower__20200511_160002_02_2263_3B_AnalyticMS_SR_8b_clip	pm5__20200506_20200523__0006	/scrfs/storage/yikebe/home/research/AR_Crop_Identification/make_dataset/raw_sentinel/pm5/pm5__20200506_20200523__0006	2020-05-10	689736.00000000,3796617.00000000,690504.00000000,3797385.00000000
train	000507	lower__20200511_160002_02_2263_3B_AnalyticMS_SR_8b_clip	pm5__20200506_20200523__0006	/scrfs/storage/yikebe/home/research/AR_Crop_Identification/make_dataset/raw_sentinel/pm5/pm5__20200506_20200523__0006	2020-05-10	690504.00000000,3796617.00000000,691272.00000000,3797385.00000000
train	000523	lower__20200511_160002_02_2263_3B_AnalyticMS_SR_8b_clip	pm5__20200506_20200523__0006	/scrfs/storage/yikebe/home/research/AR_Crop_Identification/make_dataset/raw_sentinel/pm5/pm5__20200506_20200523__0006	2020-05-10	691272.00000000,3796617.00000000,692040.00000000,3797385.00000000
train	000539	lower__20200511_160002_02_2263_3B_AnalyticMS_SR_8b_clip	pm5__20200506_20200523__0006	/scrfs/storage/yikebe/home/research/AR_Crop_Identification/make_dataset/raw_sentinel/pm5/pm5__20200506_20200523__0006	2020-05-10	692040.00000000,3796617.00000000,692808.00000000,3797385.00000000
train	000555	lower__20200511_160002_02_2263_3B_AnalyticMS_SR_8b_clip	pm5__20200506_20200523__0006	/scrfs/storage/yikebe/home/research/AR_Crop_Identification/make_dataset/raw_sentinel/pm5/pm5__20200506_20200523__0006	2020-05-10	692808.00000000,3796617.00000000,693576.00000000,3797385.00000000
train	000571	lower__20200511_160002_02_2263_3B_AnalyticMS_SR_8b_clip	pm5__20200506_20200523__0006	/scrfs/storage/yikebe/home/research/AR_Crop_Identification/make_dataset/raw_sentinel/pm5/pm5__20200506_20200523__0006	2020-05-10	693576.00000000,3796617.00000000,694344.00000000,3797385.00000000
train	000587	lower__20200511_160002_02_2263_3B_AnalyticMS_SR_8b_clip	pm5__20200506_20200523__0006	/scrfs/storage/yikebe/home/research/AR_Crop_Identification/make_dataset/raw_sentinel/pm5/pm5__20200506_20200523__0006	2020-05-10	694344.00000000,3796617.00000000,695112.00000000,3797385.00000000
train	000603	lower__20200511_160002_02_2263_3B_AnalyticMS_SR_8b_clip	pm5__20200506_20200523__0006	/scrfs/storage/yikebe/home/research/AR_Crop_Identification/make_dataset/raw_sentinel/pm5/pm5__20200506_20200523__0006	2020-05-10	695112.00000000,3796617.00000000,695880.00000000,3797385.00000000
train	000619	lower__20200511_160002_02_2263_3B_AnalyticMS_SR_8b_clip	pm5__20200506_20200523__0006	/scrfs/storage/yikebe/home/research/AR_Crop_Identification/make_dataset/raw_sentinel/pm5/pm5__20200506_20200523__0006	2020-05-10	688968.00000000,3795849.00000000,689736.00000000,3796617.00000000
train	000635	lower__20200511_160002_02_2263_3B_AnalyticMS_SR_8b_clip	pm5__20200506_20200523__0006	/scrfs/storage/yikebe/home/research/AR_Crop_Identification/make_dataset/raw_sentinel/pm5/pm5__20200506_20200523__0006	2020-05-10	691272.00000000,3795849.00000000,692040.00000000,3796617.00000000
train	000651	lower__20200511_160002_02_2263_3B_AnalyticMS_SR_8b_clip	pm5__20200506_20200523__0006	/scrfs/storage/yikebe/home/research/AR_Crop_Identification/make_dataset/raw_sentinel/pm5/pm5__20200506_20200523__0006	2020-05-10	692040.00000000,3795849.00000000,692808.00000000,3796617.00000000
train	000667	lower__20200511_160002_02_2263_3B_AnalyticMS_SR_8b_clip	pm5__20200506_20200523__0006	/scrfs/storage/yikebe/home/research/AR_Crop_Identification/make_dataset/raw_sentinel/pm5/pm5__20200506_20200523__0006	2020-05-10	692808.00000000,3795849.00000000,693576.00000000,3796617.00000000
train	000683	lower__20200511_160002_02_2263_3B_AnalyticMS_SR_8b_clip	pm5__20200506_20200523__0006	/scrfs/storage/yikebe/home/research/AR_Crop_Identification/make_dataset/raw_sentinel/pm5/pm5__20200506_20200523__0006	2020-05-10	693576.00000000,3795849.00000000,694344.00000000,3796617.00000000
train	000699	lower__20200511_160002_02_2263_3B_AnalyticMS_SR_8b_clip	pm5__20200506_20200523__0006	/scrfs/storage/yikebe/home/research/AR_Crop_Identification/make_dataset/raw_sentinel/pm5/pm5__20200506_20200523__0006	2020-05-10	694344.00000000,3795849.00000000,695112.00000000,3796617.00000000
train	000715	lower__20200511_160002_02_2263_3B_AnalyticMS_SR_8b_clip	pm5__20200506_20200523__0006	/scrfs/storage/yikebe/home/research/AR_Crop_Identification/make_dataset/raw_sentinel/pm5/pm5__20200506_20200523__0006	2020-05-10	695112.00000000,3795849.00000000,695880.00000000,3796617.00000000
train	000731	lower__20200511_160002_02_2263_3B_AnalyticMS_SR_8b_clip	pm5__20200506_20200523__0006	/scrfs/storage/yikebe/home/research/AR_Crop_Identification/make_dataset/raw_sentinel/pm5/pm5__20200506_20200523__0006	2020-05-10	695880.00000000,3795849.00000000,696648.00000000,3796617.00000000
train	000747	lower__20200511_160002_02_2263_3B_AnalyticMS_SR_8b_clip	pm5__20200506_20200523__0006	/scrfs/storage/yikebe/home/research/AR_Crop_Identification/make_dataset/raw_sentinel/pm5/pm5__20200506_20200523__0006	2020-05-10	712776.00000000,3795849.00000000,713544.00000000,3796617.00000000
train	000763	lower__20200511_160002_02_2263_3B_AnalyticMS_SR_8b_clip	pm5__20200506_20200523__0006	/scrfs/storage/yikebe/home/research/AR_Crop_Identification/make_dataset/raw_sentinel/pm5/pm5__20200506_20200523__0006	2020-05-10	692040.00000000,3795081.00000000,692808.00000000,3795849.00000000
train	000779	lower__20200511_160002_02_2263_3B_AnalyticMS_SR_8b_clip	pm5__20200506_20200523__0006	/scrfs/storage/yikebe/home/research/AR_Crop_Identification/make_dataset/raw_sentinel/pm5/pm5__20200506_20200523__0006	2020-05-10	692808.00000000,3795081.00000000,693576.00000000,3795849.00000000
train	000795	lower__20200511_160002_02_2263_3B_AnalyticMS_SR_8b_clip	pm5__20200506_20200523__0006	/scrfs/storage/yikebe/home/research/AR_Crop_Identification/make_dataset/raw_sentinel/pm5/pm5__20200506_20200523__0006	2020-05-10	713544.00000000,3795081.00000000,714312.00000000,3795849.00000000
train	000811	lower__20200511_160002_02_2263_3B_AnalyticMS_SR_8b_clip	pm5__20200506_20200523__0006	/scrfs/storage/yikebe/home/research/AR_Crop_Identification/make_dataset/raw_sentinel/pm5/pm5__20200506_20200523__0006	2020-05-10	714312.00000000,3795081.00000000,715080.00000000,3795849.00000000
train	000827	lower__20200511_160002_02_2263_3B_AnalyticMS_SR_8b_clip	pm5__20200506_20200523__0006	/scrfs/storage/yikebe/home/research/AR_Crop_Identification/make_dataset/raw_sentinel/pm5/pm5__20200506_20200523__0006	2020-05-10	684360.00000000,3794313.00000000,685128.00000000,3795081.00000000
train	000843	lower__20200511_160002_02_2263_3B_AnalyticMS_SR_8b_clip	pm5__20200506_20200523__0006	/scrfs/storage/yikebe/home/research/AR_Crop_Identification/make_dataset/raw_sentinel/pm5/pm5__20200506_20200523__0006	2020-05-10	685128.00000000,3794313.00000000,685896.00000000,3795081.00000000
train	000859	lower__20200511_160002_02_2263_3B_AnalyticMS_SR_8b_clip	pm5__20200506_20200523__0006	/scrfs/storage/yikebe/home/research/AR_Crop_Identification/make_dataset/raw_sentinel/pm5/pm5__20200506_20200523__0006	2020-05-10	685896.00000000,3794313.00000000,686664.00000000,3795081.00000000
train	000875	lower__20200511_160002_02_2263_3B_AnalyticMS_SR_8b_clip	pm5__20200506_20200523__0006	/scrfs/storage/yikebe/home/research/AR_Crop_Identification/make_dataset/raw_sentinel/pm5/pm5__20200506_20200523__0006	2020-05-10	712008.00000000,3794313.00000000,712776.00000000,3795081.00000000
train	000891	lower__20200511_160002_02_2263_3B_AnalyticMS_SR_8b_clip	pm5__20200506_20200523__0006	/scrfs/storage/yikebe/home/research/AR_Crop_Identification/make_dataset/raw_sentinel/pm5/pm5__20200506_20200523__0006	2020-05-10	683592.00000000,3793545.00000000,684360.00000000,3794313.00000000
train	000907	lower__20200511_160002_02_2263_3B_AnalyticMS_SR_8b_clip	pm5__20200506_20200523__0006	/scrfs/storage/yikebe/home/research/AR_Crop_Identification/make_dataset/raw_sentinel/pm5/pm5__20200506_20200523__0006	2020-05-10	684360.00000000,3793545.00000000,685128.00000000,3794313.00000000
train	000923	lower__20200511_160002_02_2263_3B_AnalyticMS_SR_8b_clip	pm5__20200506_20200523__0006	/scrfs/storage/yikebe/home/research/AR_Crop_Identification/make_dataset/raw_sentinel/pm5/pm5__20200506_20200523__0006	2020-05-10	685128.00000000,3793545.00000000,685896.00000000,3794313.00000000
train	000939	lower__20200511_160002_02_2263_3B_AnalyticMS_SR_8b_clip	pm5__20200506_20200523__0006	/scrfs/storage/yikebe/home/research/AR_Crop_Identification/make_dataset/raw_sentinel/pm5/pm5__20200506_20200523__0006	2020-05-10	685896.00000000,3793545.00000000,686664.00000000,3794313.00000000
train	000955	lower__20200511_160002_02_2263_3B_AnalyticMS_SR_8b_clip	pm5__20200506_20200523__0006	/scrfs/storage/yikebe/home/research/AR_Crop_Identification/make_dataset/raw_sentinel/pm5/pm5__20200506_20200523__0006	2020-05-10	682056.00000000,3792777.00000000,682824.00000000,3793545.00000000
train	000971	lower__20200511_160002_02_2263_3B_AnalyticMS_SR_8b_clip	pm5__20200506_20200523__0006	/scrfs/storage/yikebe/home/research/AR_Crop_Identification/make_dataset/raw_sentinel/pm5/pm5__20200506_20200523__0006	2020-05-10	682824.00000000,3792777.00000000,683592.00000000,3793545.00000000
train	000987	lower__20200511_160002_02_2263_3B_AnalyticMS_SR_8b_clip	pm5__20200506_20200523__0006	/scrfs/storage/yikebe/home/research/AR_Crop_Identification/make_dataset/raw_sentinel/pm5/pm5__20200506_20200523__0006	2020-05-10	683592.00000000,3792777.00000000,684360.00000000,3793545.00000000
train	001003	lower__20200511_160002_02_2263_3B_AnalyticMS_SR_8b_clip	pm5__20200506_20200523__0006	/scrfs/storage/yikebe/home/research/AR_Crop_Identification/make_dataset/raw_sentinel/pm5/pm5__20200506_20200523__0006	2020-05-10	684360.00000000,3792777.00000000,685128.00000000,3793545.00000000
train	001019	lower__20200511_160002_02_2263_3B_AnalyticMS_SR_8b_clip	pm5__20200506_20200523__0006	/scrfs/storage/yikebe/home/research/AR_Crop_Identification/make_dataset/raw_sentinel/pm5/pm5__20200506_20200523__0006	2020-05-10	685128.00000000,3792777.00000000,685896.00000000,3793545.00000000
train	001035	lower__20200511_160002_02_2263_3B_AnalyticMS_SR_8b_clip	pm5__20200506_20200523__0006	/scrfs/storage/yikebe/home/research/AR_Crop_Identification/make_dataset/raw_sentinel/pm5/pm5__20200506_20200523__0006	2020-05-10	707400.00000000,3792009.00000000,708168.00000000,3792777.00000000
train	001051	lower__20200511_160002_02_2263_3B_AnalyticMS_SR_8b_clip	pm5__20200506_20200523__0006	/scrfs/storage/yikebe/home/research/AR_Crop_Identification/make_dataset/raw_sentinel/pm5/pm5__20200506_20200523__0006	2020-05-10	682824.00000000,3791241.00000000,683592.00000000,3792009.00000000
train	001067	lower__20200511_160002_02_2263_3B_AnalyticMS_SR_8b_clip	pm5__20200506_20200523__0006	/scrfs/storage/yikebe/home/research/AR_Crop_Identification/make_dataset/raw_sentinel/pm5/pm5__20200506_20200523__0006	2020-05-10	683592.00000000,3791241.00000000,684360.00000000,3792009.00000000
train	001083	lower__20200511_160002_02_2263_3B_AnalyticMS_SR_8b_clip	pm5__20200506_20200523__0006	/scrfs/storage/yikebe/home/research/AR_Crop_Identification/make_dataset/raw_sentinel/pm5/pm5__20200506_20200523__0006	2020-05-10	685128.00000000,3791241.00000000,685896.00000000,3792009.00000000
train	001099	lower__20200511_160002_02_2263_3B_AnalyticMS_SR_8b_clip	pm5__20200506_20200523__0006	/scrfs/storage/yikebe/home/research/AR_Crop_Identification/make_dataset/raw_sentinel/pm5/pm5__20200506_20200523__0006	2020-05-10	682056.00000000,3790473.00000000,682824.00000000,3791241.00000000
train	001115	lower__20200511_160002_02_2263_3B_AnalyticMS_SR_8b_clip	pm5__20200506_20200523__0006	/scrfs/storage/yikebe/home/research/AR_Crop_Identification/make_dataset/raw_sentinel/pm5/pm5__20200506_20200523__0006	2020-05-10	682824.00000000,3790473.00000000,683592.00000000,3791241.00000000
train	001131	lower__20200511_160002_02_2263_3B_AnalyticMS_SR_8b_clip	pm5__20200506_20200523__0006	/scrfs/storage/yikebe/home/research/AR_Crop_Identification/make_dataset/raw_sentinel/pm5/pm5__20200506_20200523__0006	2020-05-10	683592.00000000,3790473.00000000,684360.00000000,3791241.00000000
train	001147	lower__20200511_160002_02_2263_3B_AnalyticMS_SR_8b_clip	pm5__20200506_20200523__0006	/scrfs/storage/yikebe/home/research/AR_Crop_Identification/make_dataset/raw_sentinel/pm5/pm5__20200506_20200523__0006	2020-05-10	684360.00000000,3790473.00000000,685128.00000000,3791241.00000000
train	001163	lower__20200511_160002_02_2263_3B_AnalyticMS_SR_8b_clip	pm5__20200506_20200523__0006	/scrfs/storage/yikebe/home/research/AR_Crop_Identification/make_dataset/raw_sentinel/pm5/pm5__20200506_20200523__0006	2020-05-10	685128.00000000,3790473.00000000,685896.00000000,3791241.00000000
train	001179	lower__20200511_160002_02_2263_3B_AnalyticMS_SR_8b_clip	pm5__20200506_20200523__0006	/scrfs/storage/yikebe/home/research/AR_Crop_Identification/make_dataset/raw_sentinel/pm5/pm5__20200506_20200523__0006	2020-05-10	685896.00000000,3790473.00000000,686664.00000000,3791241.00000000
train	001195	lower__20200511_160002_02_2263_3B_AnalyticMS_SR_8b_clip	pm5__20200506_20200523__0006	/scrfs/storage/yikebe/home/research/AR_Crop_Identification/make_dataset/raw_sentinel/pm5/pm5__20200506_20200523__0006	2020-05-10	682056.00000000,3789705.00000000,682824.00000000,3790473.00000000
train	001211	lower__20200511_160002_02_2263_3B_AnalyticMS_SR_8b_clip	pm5__20200506_20200523__0006	/scrfs/storage/yikebe/home/research/AR_Crop_Identification/make_dataset/raw_sentinel/pm5/pm5__20200506_20200523__0006	2020-05-10	682824.00000000,3789705.00000000,683592.00000000,3790473.00000000
train	001227	lower__20200511_160002_02_2263_3B_AnalyticMS_SR_8b_clip	pm5__20200506_20200523__0006	/scrfs/storage/yikebe/home/research/AR_Crop_Identification/make_dataset/raw_sentinel/pm5/pm5__20200506_20200523__0006	2020-05-10	683592.00000000,3789705.00000000,684360.00000000,3790473.00000000
train	001243	lower__20200511_160002_02_2263_3B_AnalyticMS_SR_8b_clip	pm5__20200506_20200523__0006	/scrfs/storage/yikebe/home/research/AR_Crop_Identification/make_dataset/raw_sentinel/pm5/pm5__20200506_20200523__0006	2020-05-10	684360.00000000,3789705.00000000,685128.00000000,3790473.00000000
train	001259	lower__20200511_160002_02_2263_3B_AnalyticMS_SR_8b_clip	pm5__20200506_20200523__0006	/scrfs/storage/yikebe/home/research/AR_Crop_Identification/make_dataset/raw_sentinel/pm5/pm5__20200506_20200523__0006	2020-05-10	685128.00000000,3789705.00000000,685896.00000000,3790473.00000000
train	001275	lower__20200713_160203_67_2259_3B_AnalyticMS_SR_8b_clip	pm5__20200705_20200723__0016	/scrfs/storage/yikebe/home/research/AR_Crop_Identification/make_dataset/raw_sentinel/pm5/pm5__20200705_20200723__0016	2020-07-14	682470.00000000,3756558.00000000,683238.00000000,3757326.00000000
train	001291	lower__20200713_160203_67_2259_3B_AnalyticMS_SR_8b_clip	pm5__20200705_20200723__0016	/scrfs/storage/yikebe/home/research/AR_Crop_Identification/make_dataset/raw_sentinel/pm5/pm5__20200705_20200723__0016	2020-07-14	679398.00000000,3750414.00000000,680166.00000000,3751182.00000000
train	001307	lower__20200910_155858_03_220b_3B_AnalyticMS_SR_8b_clip	pm5__20200905_20200924__0025	/scrfs/storage/yikebe/home/research/AR_Crop_Identification/make_dataset/raw_sentinel/pm5/pm5__20200905_20200924__0025	2020-09-07	701457.00000000,3732852.00000000,702225.00000000,3733620.00000000
train	001323	lower__20200910_155858_03_220b_3B_AnalyticMS_SR_8b_clip	pm5__20200905_20200924__0025	/scrfs/storage/yikebe/home/research/AR_Crop_Identification/make_dataset/raw_sentinel/pm5/pm5__20200905_20200924__0025	2020-09-07	728337.00000000,3732852.00000000,729105.00000000,3733620.00000000
train	001339	lower__20200910_155858_03_220b_3B_AnalyticMS_SR_8b_clip	pm5__20200905_20200924__0025	/scrfs/storage/yikebe/home/research/AR_Crop_Identification/make_dataset/raw_sentinel/pm5/pm5__20200905_20200924__0025	2020-09-07	707601.00000000,3730548.00000000,708369.00000000,3731316.00000000
train	001355	lower__20200910_155858_03_220b_3B_AnalyticMS_SR_8b_clip	pm5__20200905_20200924__0025	/scrfs/storage/yikebe/home/research/AR_Crop_Identification/make_dataset/raw_sentinel/pm5/pm5__20200905_20200924__0025	2020-09-07	708369.00000000,3729780.00000000,709137.00000000,3730548.00000000
train	001371	lower__20200910_155858_03_220b_3B_AnalyticMS_SR_8b_clip	pm5__20200905_20200924__0025	/scrfs/storage/yikebe/home/research/AR_Crop_Identification/make_dataset/raw_sentinel/pm5/pm5__20200905_20200924__0025	2020-09-07	718353.00000000,3729780.00000000,719121.00000000,3730548.00000000
train	001387	lower__20200910_155858_03_220b_3B_AnalyticMS_SR_8b_clip	pm5__20200905_20200924__0025	/scrfs/storage/yikebe/home/research/AR_Crop_Identification/make_dataset/raw_sentinel/pm5/pm5__20200905_20200924__0025	2020-09-07	711441.00000000,3729012.00000000,712209.00000000,3729780.00000000
train	001403	lower__20200910_155858_03_220b_3B_AnalyticMS_SR_8b_clip	pm5__20200905_20200924__0025	/scrfs/storage/yikebe/home/research/AR_Crop_Identification/make_dataset/raw_sentinel/pm5/pm5__20200905_20200924__0025	2020-09-07	712209.00000000,3729012.00000000,712977.00000000,3729780.00000000
train	001419	lower__20200910_155858_03_220b_3B_AnalyticMS_SR_8b_clip	pm5__20200905_20200924__0025	/scrfs/storage/yikebe/home/research/AR_Crop_Identification/make_dataset/raw_sentinel/pm5/pm5__20200905_20200924__0025	2020-09-07	713745.00000000,3729012.00000000,714513.00000000,3729780.00000000
train	001435	lower__20200910_155858_03_220b_3B_AnalyticMS_SR_8b_clip	pm5__20200905_20200924__0025	/scrfs/storage/yikebe/home/research/AR_Crop_Identification/make_dataset/raw_sentinel/pm5/pm5__20200905_20200924__0025	2020-09-07	715281.00000000,3729012.00000000,716049.00000000,3729780.00000000
train	001451	lower__20200910_155858_03_220b_3B_AnalyticMS_SR_8b_clip	pm5__20200905_20200924__0025	/scrfs/storage/yikebe/home/research/AR_Crop_Identification/make_dataset/raw_sentinel/pm5/pm5__20200905_20200924__0025	2020-09-07	727569.00000000,3728244.00000000,728337.00000000,3729012.00000000
train	001467	lower__20200910_155858_03_220b_3B_AnalyticMS_SR_8b_clip	pm5__20200905_20200924__0025	/scrfs/storage/yikebe/home/research/AR_Crop_Identification/make_dataset/raw_sentinel/pm5/pm5__20200905_20200924__0025	2020-09-07	726033.00000000,3727476.00000000,726801.00000000,3728244.00000000
train	001483	lower__20200910_155858_03_220b_3B_AnalyticMS_SR_8b_clip	pm5__20200905_20200924__0025	/scrfs/storage/yikebe/home/research/AR_Crop_Identification/make_dataset/raw_sentinel/pm5/pm5__20200905_20200924__0025	2020-09-07	706833.00000000,3726708.00000000,707601.00000000,3727476.00000000
train	001499	lower__20200910_155858_03_220b_3B_AnalyticMS_SR_8b_clip	pm5__20200905_20200924__0025	/scrfs/storage/yikebe/home/research/AR_Crop_Identification/make_dataset/raw_sentinel/pm5/pm5__20200905_20200924__0025	2020-09-07	726033.00000000,3725940.00000000,726801.00000000,3726708.00000000
train	001515	lower__20200910_155858_03_220b_3B_AnalyticMS_SR_8b_clip	pm5__20200905_20200924__0025	/scrfs/storage/yikebe/home/research/AR_Crop_Identification/make_dataset/raw_sentinel/pm5/pm5__20200905_20200924__0025	2020-09-07	707601.00000000,3725172.00000000,708369.00000000,3725940.00000000
train	001531	lower__20200910_155858_03_220b_3B_AnalyticMS_SR_8b_clip	pm5__20200905_20200924__0025	/scrfs/storage/yikebe/home/research/AR_Crop_Identification/make_dataset/raw_sentinel/pm5/pm5__20200905_20200924__0025	2020-09-07	722961.00000000,3724404.00000000,723729.00000000,3725172.00000000
train	001547	lower__20200910_155858_03_220b_3B_AnalyticMS_SR_8b_clip	pm5__20200905_20200924__0025	/scrfs/storage/yikebe/home/research/AR_Crop_Identification/make_dataset/raw_sentinel/pm5/pm5__20200905_20200924__0025	2020-09-07	730641.00000000,3724404.00000000,731409.00000000,3725172.00000000
train	001563	lower__20200910_155858_03_220b_3B_AnalyticMS_SR_8b_clip	pm5__20200905_20200924__0025	/scrfs/storage/yikebe/home/research/AR_Crop_Identification/make_dataset/raw_sentinel/pm5/pm5__20200905_20200924__0025	2020-09-07	731409.00000000,3724404.00000000,732177.00000000,3725172.00000000
train	001579	lower__20200910_155858_03_220b_3B_AnalyticMS_SR_8b_clip	pm5__20200905_20200924__0025	/scrfs/storage/yikebe/home/research/AR_Crop_Identification/make_dataset/raw_sentinel/pm5/pm5__20200905_20200924__0025	2020-09-07	732177.00000000,3724404.00000000,732945.00000000,3725172.00000000
train	001595	lower__20200910_155858_03_220b_3B_AnalyticMS_SR_8b_clip	pm5__20200905_20200924__0025	/scrfs/storage/yikebe/home/research/AR_Crop_Identification/make_dataset/raw_sentinel/pm5/pm5__20200905_20200924__0025	2020-09-07	732945.00000000,3724404.00000000,733713.00000000,3725172.00000000
train	001611	lower__20200910_155858_03_220b_3B_AnalyticMS_SR_8b_clip	pm5__20200905_20200924__0025	/scrfs/storage/yikebe/home/research/AR_Crop_Identification/make_dataset/raw_sentinel/pm5/pm5__20200905_20200924__0025	2020-09-07	731409.00000000,3723636.00000000,732177.00000000,3724404.00000000
train	001627	lower__20200910_155858_03_220b_3B_AnalyticMS_SR_8b_clip	pm5__20200905_20200924__0025	/scrfs/storage/yikebe/home/research/AR_Crop_Identification/make_dataset/raw_sentinel/pm5/pm5__20200905_20200924__0025	2020-09-07	732177.00000000,3723636.00000000,732945.00000000,3724404.00000000
train	001643	lower__20200910_155858_03_220b_3B_AnalyticMS_SR_8b_clip	pm5__20200905_20200924__0025	/scrfs/storage/yikebe/home/research/AR_Crop_Identification/make_dataset/raw_sentinel/pm5/pm5__20200905_20200924__0025	2020-09-07	724497.00000000,3722868.00000000,725265.00000000,3723636.00000000
train	001659	lower__20200910_155858_03_220b_3B_AnalyticMS_SR_8b_clip	pm5__20200905_20200924__0025	/scrfs/storage/yikebe/home/research/AR_Crop_Identification/make_dataset/raw_sentinel/pm5/pm5__20200905_20200924__0025	2020-09-07	725265.00000000,3722868.00000000,726033.00000000,3723636.00000000
train	001675	lower__20200910_155858_03_220b_3B_AnalyticMS_SR_8b_clip	pm5__20200905_20200924__0025	/scrfs/storage/yikebe/home/research/AR_Crop_Identification/make_dataset/raw_sentinel/pm5/pm5__20200905_20200924__0025	2020-09-07	731409.00000000,3722868.00000000,732177.00000000,3723636.00000000
train	001691	lower__20200910_155858_03_220b_3B_AnalyticMS_SR_8b_clip	pm5__20200905_20200924__0025	/scrfs/storage/yikebe/home/research/AR_Crop_Identification/make_dataset/raw_sentinel/pm5/pm5__20200905_20200924__0025	2020-09-07	723729.00000000,3722100.00000000,724497.00000000,3722868.00000000
train	001707	lower__20200910_155858_03_220b_3B_AnalyticMS_SR_8b_clip	pm5__20200905_20200924__0025	/scrfs/storage/yikebe/home/research/AR_Crop_Identification/make_dataset/raw_sentinel/pm5/pm5__20200905_20200924__0025	2020-09-07	724497.00000000,3722100.00000000,725265.00000000,3722868.00000000
train	001723	lower__20200910_155858_03_220b_3B_AnalyticMS_SR_8b_clip	pm5__20200905_20200924__0025	/scrfs/storage/yikebe/home/research/AR_Crop_Identification/make_dataset/raw_sentinel/pm5/pm5__20200905_20200924__0025	2020-09-07	708369.00000000,3721332.00000000,709137.00000000,3722100.00000000
train	001739	lower__20200910_155858_03_220b_3B_AnalyticMS_SR_8b_clip	pm5__20200905_20200924__0025	/scrfs/storage/yikebe/home/research/AR_Crop_Identification/make_dataset/raw_sentinel/pm5/pm5__20200905_20200924__0025	2020-09-07	717585.00000000,3721332.00000000,718353.00000000,3722100.00000000
train	001755	lower__20200910_155858_03_220b_3B_AnalyticMS_SR_8b_clip	pm5__20200905_20200924__0025	/scrfs/storage/yikebe/home/research/AR_Crop_Identification/make_dataset/raw_sentinel/pm5/pm5__20200905_20200924__0025	2020-09-07	730641.00000000,3721332.00000000,731409.00000000,3722100.00000000
train	001771	lower__20200910_155858_03_220b_3B_AnalyticMS_SR_8b_clip	pm5__20200905_20200924__0025	/scrfs/storage/yikebe/home/research/AR_Crop_Identification/make_dataset/raw_sentinel/pm5/pm5__20200905_20200924__0025	2020-09-07	732177.00000000,3721332.00000000,732945.00000000,3722100.00000000
train	001787	lower__20200910_155858_03_220b_3B_AnalyticMS_SR_8b_clip	pm5__20200905_20200924__0025	/scrfs/storage/yikebe/home/research/AR_Crop_Identification/make_dataset/raw_sentinel/pm5/pm5__20200905_20200924__0025	2020-09-07	707601.00000000,3720564.00000000,708369.00000000,3721332.00000000
train	001803	lower__20200910_155858_03_220b_3B_AnalyticMS_SR_8b_clip	pm5__20200905_20200924__0025	/scrfs/storage/yikebe/home/research/AR_Crop_Identification/make_dataset/raw_sentinel/pm5/pm5__20200905_20200924__0025	2020-09-07	732177.00000000,3720564.00000000,732945.00000000,3721332.00000000
train	001819	lower__20200910_155858_03_220b_3B_AnalyticMS_SR_8b_clip	pm5__20200905_20200924__0025	/scrfs/storage/yikebe/home/research/AR_Crop_Identification/make_dataset/raw_sentinel/pm5/pm5__20200905_20200924__0025	2020-09-07	711441.00000000,3719796.00000000,712209.00000000,3720564.00000000
train	001835	lower__20200910_155858_03_220b_3B_AnalyticMS_SR_8b_clip	pm5__20200905_20200924__0025	/scrfs/storage/yikebe/home/research/AR_Crop_Identification/make_dataset/raw_sentinel/pm5/pm5__20200905_20200924__0025	2020-09-07	712209.00000000,3719796.00000000,712977.00000000,3720564.00000000
train	001851	lower__20200910_155858_03_220b_3B_AnalyticMS_SR_8b_clip	pm5__20200905_20200924__0025	/scrfs/storage/yikebe/home/research/AR_Crop_Identification/make_dataset/raw_sentinel/pm5/pm5__20200905_20200924__0025	2020-09-07	717585.00000000,3719796.00000000,718353.00000000,3720564.00000000
train	001867	lower__20200910_155858_03_220b_3B_AnalyticMS_SR_8b_clip	pm5__20200905_20200924__0025	/scrfs/storage/yikebe/home/research/AR_Crop_Identification/make_dataset/raw_sentinel/pm5/pm5__20200905_20200924__0025	2020-09-07	714513.00000000,3719028.00000000,715281.00000000,3719796.00000000
train	001883	lower__20200910_155858_03_220b_3B_AnalyticMS_SR_8b_clip	pm5__20200905_20200924__0025	/scrfs/storage/yikebe/home/research/AR_Crop_Identification/make_dataset/raw_sentinel/pm5/pm5__20200905_20200924__0025	2020-09-07	719889.00000000,3719028.00000000,720657.00000000,3719796.00000000
train	001899	lower__20200910_155858_03_220b_3B_AnalyticMS_SR_8b_clip	pm5__20200905_20200924__0025	/scrfs/storage/yikebe/home/research/AR_Crop_Identification/make_dataset/raw_sentinel/pm5/pm5__20200905_20200924__0025	2020-09-07	711441.00000000,3718260.00000000,712209.00000000,3719028.00000000
train	001915	lower__20200910_155858_03_220b_3B_AnalyticMS_SR_8b_clip	pm5__20200905_20200924__0025	/scrfs/storage/yikebe/home/research/AR_Crop_Identification/make_dataset/raw_sentinel/pm5/pm5__20200905_20200924__0025	2020-09-07	725265.00000000,3718260.00000000,726033.00000000,3719028.00000000
train	001931	lower__20200910_155858_03_220b_3B_AnalyticMS_SR_8b_clip	pm5__20200905_20200924__0025	/scrfs/storage/yikebe/home/research/AR_Crop_Identification/make_dataset/raw_sentinel/pm5/pm5__20200905_20200924__0025	2020-09-07	731409.00000000,3716724.00000000,732177.00000000,3717492.00000000
train	001947	lower__20200910_155858_03_220b_3B_AnalyticMS_SR_8b_clip	pm5__20200905_20200924__0025	/scrfs/storage/yikebe/home/research/AR_Crop_Identification/make_dataset/raw_sentinel/pm5/pm5__20200905_20200924__0025	2020-09-07	726033.00000000,3715956.00000000,726801.00000000,3716724.00000000
train	001963	lower__20200910_155858_03_220b_3B_AnalyticMS_SR_8b_clip	pm5__20200905_20200924__0025	/scrfs/storage/yikebe/home/research/AR_Crop_Identification/make_dataset/raw_sentinel/pm5/pm5__20200905_20200924__0025	2020-09-07	730641.00000000,3715956.00000000,731409.00000000,3716724.00000000
train	001979	lower__20200910_160143_90_222c_3B_AnalyticMS_SR_8b_clip	pm5__20200905_20200924__0033	/scrfs/storage/yikebe/home/research/AR_Crop_Identification/make_dataset/raw_sentinel/pm5/pm5__20200905_20200924__0033	2020-09-10	639048.00000000,3671772.00000000,639816.00000000,3672540.00000000
train	001995	lower__20200911_160728_56_2277_3B_AnalyticMS_SR_8b_clip	pm5__20200905_20200924__0035	/scrfs/storage/yikebe/home/research/AR_Crop_Identification/make_dataset/raw_sentinel/pm5/pm5__20200905_20200924__0035	2020-09-10	606531.00000000,3818259.00000000,607299.00000000,3819027.00000000
train	002011	lower__20200911_160728_56_2277_3B_AnalyticMS_SR_8b_clip	pm5__20200905_20200924__0035	/scrfs/storage/yikebe/home/research/AR_Crop_Identification/make_dataset/raw_sentinel/pm5/pm5__20200905_20200924__0035	2020-09-10	596547.00000000,3817491.00000000,597315.00000000,3818259.00000000
train	002027	lower__20200911_160728_56_2277_3B_AnalyticMS_SR_8b_clip	pm5__20200905_20200924__0035	/scrfs/storage/yikebe/home/research/AR_Crop_Identification/make_dataset/raw_sentinel/pm5/pm5__20200905_20200924__0035	2020-09-10	597315.00000000,3817491.00000000,598083.00000000,3818259.00000000
train	002043	lower__20200911_160728_56_2277_3B_AnalyticMS_SR_8b_clip	pm5__20200905_20200924__0035	/scrfs/storage/yikebe/home/research/AR_Crop_Identification/make_dataset/raw_sentinel/pm5/pm5__20200905_20200924__0035	2020-09-10	598083.00000000,3817491.00000000,598851.00000000,3818259.00000000
train	002059	lower__20200911_160728_56_2277_3B_AnalyticMS_SR_8b_clip	pm5__20200905_20200924__0035	/scrfs/storage/yikebe/home/research/AR_Crop_Identification/make_dataset/raw_sentinel/pm5/pm5__20200905_20200924__0035	2020-09-10	604995.00000000,3817491.00000000,605763.00000000,3818259.00000000
train	002075	lower__20200911_160728_56_2277_3B_AnalyticMS_SR_8b_clip	pm5__20200905_20200924__0035	/scrfs/storage/yikebe/home/research/AR_Crop_Identification/make_dataset/raw_sentinel/pm5/pm5__20200905_20200924__0035	2020-09-10	605763.00000000,3817491.00000000,606531.00000000,3818259.00000000
train	002091	lower__20200911_160728_56_2277_3B_AnalyticMS_SR_8b_clip	pm5__20200905_20200924__0035	/scrfs/storage/yikebe/home/research/AR_Crop_Identification/make_dataset/raw_sentinel/pm5/pm5__20200905_20200924__0035	2020-09-10	608067.00000000,3817491.00000000,608835.00000000,3818259.00000000
train	002107	lower__20200911_160728_56_2277_3B_AnalyticMS_SR_8b_clip	pm5__20200905_20200924__0035	/scrfs/storage/yikebe/home/research/AR_Crop_Identification/make_dataset/raw_sentinel/pm5/pm5__20200905_20200924__0035	2020-09-10	605763.00000000,3816723.00000000,606531.00000000,3817491.00000000
train	002123	lower__20200911_160728_56_2277_3B_AnalyticMS_SR_8b_clip	pm5__20200905_20200924__0035	/scrfs/storage/yikebe/home/research/AR_Crop_Identification/make_dataset/raw_sentinel/pm5/pm5__20200905_20200924__0035	2020-09-10	607299.00000000,3815955.00000000,608067.00000000,3816723.00000000
train	002139	lower__20200911_160728_56_2277_3B_AnalyticMS_SR_8b_clip	pm5__20200905_20200924__0035	/scrfs/storage/yikebe/home/research/AR_Crop_Identification/make_dataset/raw_sentinel/pm5/pm5__20200905_20200924__0035	2020-09-10	608067.00000000,3815955.00000000,608835.00000000,3816723.00000000
train	002155	lower__20200911_160728_56_2277_3B_AnalyticMS_SR_8b_clip	pm5__20200905_20200924__0035	/scrfs/storage/yikebe/home/research/AR_Crop_Identification/make_dataset/raw_sentinel/pm5/pm5__20200905_20200924__0035	2020-09-10	608835.00000000,3815955.00000000,609603.00000000,3816723.00000000
train	002171	lower__20200911_160728_56_2277_3B_AnalyticMS_SR_8b_clip	pm5__20200905_20200924__0035	/scrfs/storage/yikebe/home/research/AR_Crop_Identification/make_dataset/raw_sentinel/pm5/pm5__20200905_20200924__0035	2020-09-10	609603.00000000,3815955.00000000,610371.00000000,3816723.00000000
train	002187	lower__20200911_160728_56_2277_3B_AnalyticMS_SR_8b_clip	pm5__20200905_20200924__0035	/scrfs/storage/yikebe/home/research/AR_Crop_Identification/make_dataset/raw_sentinel/pm5/pm5__20200905_20200924__0035	2020-09-10	610371.00000000,3815955.00000000,611139.00000000,3816723.00000000
train	002203	lower__20200911_160728_56_2277_3B_AnalyticMS_SR_8b_clip	pm5__20200905_20200924__0035	/scrfs/storage/yikebe/home/research/AR_Crop_Identification/make_dataset/raw_sentinel/pm5/pm5__20200905_20200924__0035	2020-09-10	604227.00000000,3815187.00000000,604995.00000000,3815955.00000000
train	002219	lower__20200911_160728_56_2277_3B_AnalyticMS_SR_8b_clip	pm5__20200905_20200924__0035	/scrfs/storage/yikebe/home/research/AR_Crop_Identification/make_dataset/raw_sentinel/pm5/pm5__20200905_20200924__0035	2020-09-10	604995.00000000,3815187.00000000,605763.00000000,3815955.00000000
train	002235	lower__20200911_160728_56_2277_3B_AnalyticMS_SR_8b_clip	pm5__20200905_20200924__0035	/scrfs/storage/yikebe/home/research/AR_Crop_Identification/make_dataset/raw_sentinel/pm5/pm5__20200905_20200924__0035	2020-09-10	607299.00000000,3815187.00000000,608067.00000000,3815955.00000000
train	002251	lower__20200911_160728_56_2277_3B_AnalyticMS_SR_8b_clip	pm5__20200905_20200924__0035	/scrfs/storage/yikebe/home/research/AR_Crop_Identification/make_dataset/raw_sentinel/pm5/pm5__20200905_20200924__0035	2020-09-10	608067.00000000,3815187.00000000,608835.00000000,3815955.00000000
train	002267	lower__20200911_160728_56_2277_3B_AnalyticMS_SR_8b_clip	pm5__20200905_20200924__0035	/scrfs/storage/yikebe/home/research/AR_Crop_Identification/make_dataset/raw_sentinel/pm5/pm5__20200905_20200924__0035	2020-09-10	609603.00000000,3815187.00000000,610371.00000000,3815955.00000000
train	002283	lower__20200911_160728_56_2277_3B_AnalyticMS_SR_8b_clip	pm5__20200905_20200924__0035	/scrfs/storage/yikebe/home/research/AR_Crop_Identification/make_dataset/raw_sentinel/pm5/pm5__20200905_20200924__0035	2020-09-10	610371.00000000,3815187.00000000,611139.00000000,3815955.00000000
train	002299	lower__20200911_160728_56_2277_3B_AnalyticMS_SR_8b_clip	pm5__20200905_20200924__0035	/scrfs/storage/yikebe/home/research/AR_Crop_Identification/make_dataset/raw_sentinel/pm5/pm5__20200905_20200924__0035	2020-09-10	611139.00000000,3815187.00000000,611907.00000000,3815955.00000000
train	002315	lower__20200911_160728_56_2277_3B_AnalyticMS_SR_8b_clip	pm5__20200905_20200924__0035	/scrfs/storage/yikebe/home/research/AR_Crop_Identification/make_dataset/raw_sentinel/pm5/pm5__20200905_20200924__0035	2020-09-10	616515.00000000,3815187.00000000,617283.00000000,3815955.00000000
train	002331	lower__20200911_160728_56_2277_3B_AnalyticMS_SR_8b_clip	pm5__20200905_20200924__0035	/scrfs/storage/yikebe/home/research/AR_Crop_Identification/make_dataset/raw_sentinel/pm5/pm5__20200905_20200924__0035	2020-09-10	604995.00000000,3814419.00000000,605763.00000000,3815187.00000000
train	002347	lower__20200911_160728_56_2277_3B_AnalyticMS_SR_8b_clip	pm5__20200905_20200924__0035	/scrfs/storage/yikebe/home/research/AR_Crop_Identification/make_dataset/raw_sentinel/pm5/pm5__20200905_20200924__0035	2020-09-10	605763.00000000,3814419.00000000,606531.00000000,3815187.00000000
train	002363	lower__20200911_160728_56_2277_3B_AnalyticMS_SR_8b_clip	pm5__20200905_20200924__0035	/scrfs/storage/yikebe/home/research/AR_Crop_Identification/make_dataset/raw_sentinel/pm5/pm5__20200905_20200924__0035	2020-09-10	607299.00000000,3814419.00000000,608067.00000000,3815187.00000000
train	002379	lower__20200911_160728_56_2277_3B_AnalyticMS_SR_8b_clip	pm5__20200905_20200924__0035	/scrfs/storage/yikebe/home/research/AR_Crop_Identification/make_dataset/raw_sentinel/pm5/pm5__20200905_20200924__0035	2020-09-10	608067.00000000,3814419.00000000,608835.00000000,3815187.00000000
train	002395	lower__20200911_160728_56_2277_3B_AnalyticMS_SR_8b_clip	pm5__20200905_20200924__0035	/scrfs/storage/yikebe/home/research/AR_Crop_Identification/make_dataset/raw_sentinel/pm5/pm5__20200905_20200924__0035	2020-09-10	611139.00000000,3814419.00000000,611907.00000000,3815187.00000000
train	002411	lower__20200911_160728_56_2277_3B_AnalyticMS_SR_8b_clip	pm5__20200905_20200924__0035	/scrfs/storage/yikebe/home/research/AR_Crop_Identification/make_dataset/raw_sentinel/pm5/pm5__20200905_20200924__0035	2020-09-10	611907.00000000,3814419.00000000,612675.00000000,3815187.00000000
train	002427	lower__20200911_160728_56_2277_3B_AnalyticMS_SR_8b_clip	pm5__20200905_20200924__0035	/scrfs/storage/yikebe/home/research/AR_Crop_Identification/make_dataset/raw_sentinel/pm5/pm5__20200905_20200924__0035	2020-09-10	605763.00000000,3813651.00000000,606531.00000000,3814419.00000000
train	002443	lower__20200911_160728_56_2277_3B_AnalyticMS_SR_8b_clip	pm5__20200905_20200924__0035	/scrfs/storage/yikebe/home/research/AR_Crop_Identification/make_dataset/raw_sentinel/pm5/pm5__20200905_20200924__0035	2020-09-10	608835.00000000,3813651.00000000,609603.00000000,3814419.00000000
train	002459	lower__20200911_160728_56_2277_3B_AnalyticMS_SR_8b_clip	pm5__20200905_20200924__0035	/scrfs/storage/yikebe/home/research/AR_Crop_Identification/make_dataset/raw_sentinel/pm5/pm5__20200905_20200924__0035	2020-09-10	611139.00000000,3813651.00000000,611907.00000000,3814419.00000000
train	002475	lower__20200911_160728_56_2277_3B_AnalyticMS_SR_8b_clip	pm5__20200905_20200924__0035	/scrfs/storage/yikebe/home/research/AR_Crop_Identification/make_dataset/raw_sentinel/pm5/pm5__20200905_20200924__0035	2020-09-10	615747.00000000,3813651.00000000,616515.00000000,3814419.00000000
train	002491	lower__20200911_160728_56_2277_3B_AnalyticMS_SR_8b_clip	pm5__20200905_20200924__0035	/scrfs/storage/yikebe/home/research/AR_Crop_Identification/make_dataset/raw_sentinel/pm5/pm5__20200905_20200924__0035	2020-09-10	628803.00000000,3812883.00000000,629571.00000000,3813651.00000000
train	002507	lower__20200911_160728_56_2277_3B_AnalyticMS_SR_8b_clip	pm5__20200905_20200924__0035	/scrfs/storage/yikebe/home/research/AR_Crop_Identification/make_dataset/raw_sentinel/pm5/pm5__20200905_20200924__0035	2020-09-10	602691.00000000,3812115.00000000,603459.00000000,3812883.00000000
train	002523	lower__20200911_160728_56_2277_3B_AnalyticMS_SR_8b_clip	pm5__20200905_20200924__0035	/scrfs/storage/yikebe/home/research/AR_Crop_Identification/make_dataset/raw_sentinel/pm5/pm5__20200905_20200924__0035	2020-09-10	614211.00000000,3812115.00000000,614979.00000000,3812883.00000000
train	002539	lower__20200911_160728_56_2277_3B_AnalyticMS_SR_8b_clip	pm5__20200905_20200924__0035	/scrfs/storage/yikebe/home/research/AR_Crop_Identification/make_dataset/raw_sentinel/pm5/pm5__20200905_20200924__0035	2020-09-10	615747.00000000,3812115.00000000,616515.00000000,3812883.00000000
train	002555	lower__20200911_160728_56_2277_3B_AnalyticMS_SR_8b_clip	pm5__20200905_20200924__0035	/scrfs/storage/yikebe/home/research/AR_Crop_Identification/make_dataset/raw_sentinel/pm5/pm5__20200905_20200924__0035	2020-09-10	622659.00000000,3812115.00000000,623427.00000000,3812883.00000000
train	002571	lower__20200911_160728_56_2277_3B_AnalyticMS_SR_8b_clip	pm5__20200905_20200924__0035	/scrfs/storage/yikebe/home/research/AR_Crop_Identification/make_dataset/raw_sentinel/pm5/pm5__20200905_20200924__0035	2020-09-10	628035.00000000,3812115.00000000,628803.00000000,3812883.00000000
train	002587	lower__20200911_160728_56_2277_3B_AnalyticMS_SR_8b_clip	pm5__20200905_20200924__0035	/scrfs/storage/yikebe/home/research/AR_Crop_Identification/make_dataset/raw_sentinel/pm5/pm5__20200905_20200924__0035	2020-09-10	601155.00000000,3811347.00000000,601923.00000000,3812115.00000000
train	002603	lower__20200911_160728_56_2277_3B_AnalyticMS_SR_8b_clip	pm5__20200905_20200924__0035	/scrfs/storage/yikebe/home/research/AR_Crop_Identification/make_dataset/raw_sentinel/pm5/pm5__20200905_20200924__0035	2020-09-10	602691.00000000,3811347.00000000,603459.00000000,3812115.00000000
train	002619	lower__20200911_160728_56_2277_3B_AnalyticMS_SR_8b_clip	pm5__20200905_20200924__0035	/scrfs/storage/yikebe/home/research/AR_Crop_Identification/make_dataset/raw_sentinel/pm5/pm5__20200905_20200924__0035	2020-09-10	605763.00000000,3811347.00000000,606531.00000000,3812115.00000000
train	002635	lower__20200911_160728_56_2277_3B_AnalyticMS_SR_8b_clip	pm5__20200905_20200924__0035	/scrfs/storage/yikebe/home/research/AR_Crop_Identification/make_dataset/raw_sentinel/pm5/pm5__20200905_20200924__0035	2020-09-10	614211.00000000,3811347.00000000,614979.00000000,3812115.00000000
train	002651	lower__20200911_160728_56_2277_3B_AnalyticMS_SR_8b_clip	pm5__20200905_20200924__0035	/scrfs/storage/yikebe/home/research/AR_Crop_Identification/make_dataset/raw_sentinel/pm5/pm5__20200905_20200924__0035	2020-09-10	622659.00000000,3811347.00000000,623427.00000000,3812115.00000000
train	002667	lower__20200911_160728_56_2277_3B_AnalyticMS_SR_8b_clip	pm5__20200905_20200924__0035	/scrfs/storage/yikebe/home/research/AR_Crop_Identification/make_dataset/raw_sentinel/pm5/pm5__20200905_20200924__0035	2020-09-10	623427.00000000,3811347.00000000,624195.00000000,3812115.00000000
train	002683	lower__20200911_160728_56_2277_3B_AnalyticMS_SR_8b_clip	pm5__20200905_20200924__0035	/scrfs/storage/yikebe/home/research/AR_Crop_Identification/make_dataset/raw_sentinel/pm5/pm5__20200905_20200924__0035	2020-09-10	602691.00000000,3810579.00000000,603459.00000000,3811347.00000000
train	002699	lower__20200911_160728_56_2277_3B_AnalyticMS_SR_8b_clip	pm5__20200905_20200924__0035	/scrfs/storage/yikebe/home/research/AR_Crop_Identification/make_dataset/raw_sentinel/pm5/pm5__20200905_20200924__0035	2020-09-10	603459.00000000,3810579.00000000,604227.00000000,3811347.00000000
train	002715	lower__20200911_160728_56_2277_3B_AnalyticMS_SR_8b_clip	pm5__20200905_20200924__0035	/scrfs/storage/yikebe/home/research/AR_Crop_Identification/make_dataset/raw_sentinel/pm5/pm5__20200905_20200924__0035	2020-09-10	608067.00000000,3810579.00000000,608835.00000000,3811347.00000000
train	002731	lower__20200911_160728_56_2277_3B_AnalyticMS_SR_8b_clip	pm5__20200905_20200924__0035	/scrfs/storage/yikebe/home/research/AR_Crop_Identification/make_dataset/raw_sentinel/pm5/pm5__20200905_20200924__0035	2020-09-10	611907.00000000,3810579.00000000,612675.00000000,3811347.00000000
train	002747	lower__20200911_160728_56_2277_3B_AnalyticMS_SR_8b_clip	pm5__20200905_20200924__0035	/scrfs/storage/yikebe/home/research/AR_Crop_Identification/make_dataset/raw_sentinel/pm5/pm5__20200905_20200924__0035	2020-09-10	614211.00000000,3810579.00000000,614979.00000000,3811347.00000000
train	002763	lower__20200911_160728_56_2277_3B_AnalyticMS_SR_8b_clip	pm5__20200905_20200924__0035	/scrfs/storage/yikebe/home/research/AR_Crop_Identification/make_dataset/raw_sentinel/pm5/pm5__20200905_20200924__0035	2020-09-10	604227.00000000,3809811.00000000,604995.00000000,3810579.00000000
train	002779	lower__20200911_160728_56_2277_3B_AnalyticMS_SR_8b_clip	pm5__20200905_20200924__0035	/scrfs/storage/yikebe/home/research/AR_Crop_Identification/make_dataset/raw_sentinel/pm5/pm5__20200905_20200924__0035	2020-09-10	608067.00000000,3809811.00000000,608835.00000000,3810579.00000000
train	002795	lower__20200911_160728_56_2277_3B_AnalyticMS_SR_8b_clip	pm5__20200905_20200924__0035	/scrfs/storage/yikebe/home/research/AR_Crop_Identification/make_dataset/raw_sentinel/pm5/pm5__20200905_20200924__0035	2020-09-10	608835.00000000,3809811.00000000,609603.00000000,3810579.00000000
train	002811	lower__20200911_160728_56_2277_3B_AnalyticMS_SR_8b_clip	pm5__20200905_20200924__0035	/scrfs/storage/yikebe/home/research/AR_Crop_Identification/make_dataset/raw_sentinel/pm5/pm5__20200905_20200924__0035	2020-09-10	611907.00000000,3809811.00000000,612675.00000000,3810579.00000000
train	002827	lower__20200911_160728_56_2277_3B_AnalyticMS_SR_8b_clip	pm5__20200905_20200924__0035	/scrfs/storage/yikebe/home/research/AR_Crop_Identification/make_dataset/raw_sentinel/pm5/pm5__20200905_20200924__0035	2020-09-10	624195.00000000,3809811.00000000,624963.00000000,3810579.00000000
train	002843	lower__20200911_160728_56_2277_3B_AnalyticMS_SR_8b_clip	pm5__20200905_20200924__0035	/scrfs/storage/yikebe/home/research/AR_Crop_Identification/make_dataset/raw_sentinel/pm5/pm5__20200905_20200924__0035	2020-09-10	606531.00000000,3809043.00000000,607299.00000000,3809811.00000000
train	002859	lower__20200911_160728_56_2277_3B_AnalyticMS_SR_8b_clip	pm5__20200905_20200924__0035	/scrfs/storage/yikebe/home/research/AR_Crop_Identification/make_dataset/raw_sentinel/pm5/pm5__20200905_20200924__0035	2020-09-10	608067.00000000,3809043.00000000,608835.00000000,3809811.00000000
train	002875	lower__20200911_160728_56_2277_3B_AnalyticMS_SR_8b_clip	pm5__20200905_20200924__0035	/scrfs/storage/yikebe/home/research/AR_Crop_Identification/make_dataset/raw_sentinel/pm5/pm5__20200905_20200924__0035	2020-09-10	608835.00000000,3809043.00000000,609603.00000000,3809811.00000000
train	002891	lower__20200911_160728_56_2277_3B_AnalyticMS_SR_8b_clip	pm5__20200905_20200924__0035	/scrfs/storage/yikebe/home/research/AR_Crop_Identification/make_dataset/raw_sentinel/pm5/pm5__20200905_20200924__0035	2020-09-10	611907.00000000,3809043.00000000,612675.00000000,3809811.00000000
train	002907	lower__20200911_160728_56_2277_3B_AnalyticMS_SR_8b_clip	pm5__20200905_20200924__0035	/scrfs/storage/yikebe/home/research/AR_Crop_Identification/make_dataset/raw_sentinel/pm5/pm5__20200905_20200924__0035	2020-09-10	621891.00000000,3809043.00000000,622659.00000000,3809811.00000000
train	002923	lower__20200911_160728_56_2277_3B_AnalyticMS_SR_8b_clip	pm5__20200905_20200924__0035	/scrfs/storage/yikebe/home/research/AR_Crop_Identification/make_dataset/raw_sentinel/pm5/pm5__20200905_20200924__0035	2020-09-10	601923.00000000,3808275.00000000,602691.00000000,3809043.00000000
train	002939	lower__20200911_160728_56_2277_3B_AnalyticMS_SR_8b_clip	pm5__20200905_20200924__0035	/scrfs/storage/yikebe/home/research/AR_Crop_Identification/make_dataset/raw_sentinel/pm5/pm5__20200905_20200924__0035	2020-09-10	602691.00000000,3808275.00000000,603459.00000000,3809043.00000000
train	002955	lower__20200911_160728_56_2277_3B_AnalyticMS_SR_8b_clip	pm5__20200905_20200924__0035	/scrfs/storage/yikebe/home/research/AR_Crop_Identification/make_dataset/raw_sentinel/pm5/pm5__20200905_20200924__0035	2020-09-10	606531.00000000,3808275.00000000,607299.00000000,3809043.00000000
train	002971	lower__20200911_160728_56_2277_3B_AnalyticMS_SR_8b_clip	pm5__20200905_20200924__0035	/scrfs/storage/yikebe/home/research/AR_Crop_Identification/make_dataset/raw_sentinel/pm5/pm5__20200905_20200924__0035	2020-09-10	607299.00000000,3808275.00000000,608067.00000000,3809043.00000000
train	002987	lower__20200911_160728_56_2277_3B_AnalyticMS_SR_8b_clip	pm5__20200905_20200924__0035	/scrfs/storage/yikebe/home/research/AR_Crop_Identification/make_dataset/raw_sentinel/pm5/pm5__20200905_20200924__0035	2020-09-10	608067.00000000,3808275.00000000,608835.00000000,3809043.00000000
train	003003	lower__20200911_160728_56_2277_3B_AnalyticMS_SR_8b_clip	pm5__20200905_20200924__0035	/scrfs/storage/yikebe/home/research/AR_Crop_Identification/make_dataset/raw_sentinel/pm5/pm5__20200905_20200924__0035	2020-09-10	608835.00000000,3808275.00000000,609603.00000000,3809043.00000000
train	003019	lower__20200911_160728_56_2277_3B_AnalyticMS_SR_8b_clip	pm5__20200905_20200924__0035	/scrfs/storage/yikebe/home/research/AR_Crop_Identification/make_dataset/raw_sentinel/pm5/pm5__20200905_20200924__0035	2020-09-10	609603.00000000,3808275.00000000,610371.00000000,3809043.00000000
train	003035	lower__20200911_160728_56_2277_3B_AnalyticMS_SR_8b_clip	pm5__20200905_20200924__0035	/scrfs/storage/yikebe/home/research/AR_Crop_Identification/make_dataset/raw_sentinel/pm5/pm5__20200905_20200924__0035	2020-09-10	610371.00000000,3808275.00000000,611139.00000000,3809043.00000000
train	003051	lower__20200911_160728_56_2277_3B_AnalyticMS_SR_8b_clip	pm5__20200905_20200924__0035	/scrfs/storage/yikebe/home/research/AR_Crop_Identification/make_dataset/raw_sentinel/pm5/pm5__20200905_20200924__0035	2020-09-10	611139.00000000,3808275.00000000,611907.00000000,3809043.00000000
train	003067	lower__20200911_160728_56_2277_3B_AnalyticMS_SR_8b_clip	pm5__20200905_20200924__0035	/scrfs/storage/yikebe/home/research/AR_Crop_Identification/make_dataset/raw_sentinel/pm5/pm5__20200905_20200924__0035	2020-09-10	605763.00000000,3807507.00000000,606531.00000000,3808275.00000000
train	003083	lower__20200911_160728_56_2277_3B_AnalyticMS_SR_8b_clip	pm5__20200905_20200924__0035	/scrfs/storage/yikebe/home/research/AR_Crop_Identification/make_dataset/raw_sentinel/pm5/pm5__20200905_20200924__0035	2020-09-10	606531.00000000,3807507.00000000,607299.00000000,3808275.00000000
train	003099	lower__20200911_160728_56_2277_3B_AnalyticMS_SR_8b_clip	pm5__20200905_20200924__0035	/scrfs/storage/yikebe/home/research/AR_Crop_Identification/make_dataset/raw_sentinel/pm5/pm5__20200905_20200924__0035	2020-09-10	608835.00000000,3807507.00000000,609603.00000000,3808275.00000000
train	003115	lower__20200911_160728_56_2277_3B_AnalyticMS_SR_8b_clip	pm5__20200905_20200924__0035	/scrfs/storage/yikebe/home/research/AR_Crop_Identification/make_dataset/raw_sentinel/pm5/pm5__20200905_20200924__0035	2020-09-10	610371.00000000,3807507.00000000,611139.00000000,3808275.00000000
train	003131	lower__20200911_160728_56_2277_3B_AnalyticMS_SR_8b_clip	pm5__20200905_20200924__0035	/scrfs/storage/yikebe/home/research/AR_Crop_Identification/make_dataset/raw_sentinel/pm5/pm5__20200905_20200924__0035	2020-09-10	611139.00000000,3807507.00000000,611907.00000000,3808275.00000000
train	003147	lower__20200911_160728_56_2277_3B_AnalyticMS_SR_8b_clip	pm5__20200905_20200924__0035	/scrfs/storage/yikebe/home/research/AR_Crop_Identification/make_dataset/raw_sentinel/pm5/pm5__20200905_20200924__0035	2020-09-10	619587.00000000,3807507.00000000,620355.00000000,3808275.00000000
train	003163	lower__20200911_160728_56_2277_3B_AnalyticMS_SR_8b_clip	pm5__20200905_20200924__0035	/scrfs/storage/yikebe/home/research/AR_Crop_Identification/make_dataset/raw_sentinel/pm5/pm5__20200905_20200924__0035	2020-09-10	628035.00000000,3807507.00000000,628803.00000000,3808275.00000000
train	003179	lower__20200911_160728_56_2277_3B_AnalyticMS_SR_8b_clip	pm5__20200905_20200924__0035	/scrfs/storage/yikebe/home/research/AR_Crop_Identification/make_dataset/raw_sentinel/pm5/pm5__20200905_20200924__0035	2020-09-10	610371.00000000,3806739.00000000,611139.00000000,3807507.00000000
train	003195	lower__20200911_160728_56_2277_3B_AnalyticMS_SR_8b_clip	pm5__20200905_20200924__0035	/scrfs/storage/yikebe/home/research/AR_Crop_Identification/make_dataset/raw_sentinel/pm5/pm5__20200905_20200924__0035	2020-09-10	615747.00000000,3806739.00000000,616515.00000000,3807507.00000000
train	003211	lower__20200911_160728_56_2277_3B_AnalyticMS_SR_8b_clip	pm5__20200905_20200924__0035	/scrfs/storage/yikebe/home/research/AR_Crop_Identification/make_dataset/raw_sentinel/pm5/pm5__20200905_20200924__0035	2020-09-10	618051.00000000,3806739.00000000,618819.00000000,3807507.00000000
train	003227	lower__20200911_160728_56_2277_3B_AnalyticMS_SR_8b_clip	pm5__20200905_20200924__0035	/scrfs/storage/yikebe/home/research/AR_Crop_Identification/make_dataset/raw_sentinel/pm5/pm5__20200905_20200924__0035	2020-09-10	600387.00000000,3805971.00000000,601155.00000000,3806739.00000000
train	003243	lower__20200911_160728_56_2277_3B_AnalyticMS_SR_8b_clip	pm5__20200905_20200924__0035	/scrfs/storage/yikebe/home/research/AR_Crop_Identification/make_dataset/raw_sentinel/pm5/pm5__20200905_20200924__0035	2020-09-10	610371.00000000,3805971.00000000,611139.00000000,3806739.00000000
train	003259	lower__20200911_160728_56_2277_3B_AnalyticMS_SR_8b_clip	pm5__20200905_20200924__0035	/scrfs/storage/yikebe/home/research/AR_Crop_Identification/make_dataset/raw_sentinel/pm5/pm5__20200905_20200924__0035	2020-09-10	611139.00000000,3805971.00000000,611907.00000000,3806739.00000000
train	003275	lower__20200911_160728_56_2277_3B_AnalyticMS_SR_8b_clip	pm5__20200905_20200924__0035	/scrfs/storage/yikebe/home/research/AR_Crop_Identification/make_dataset/raw_sentinel/pm5/pm5__20200905_20200924__0035	2020-09-10	600387.00000000,3805203.00000000,601155.00000000,3805971.00000000
train	003291	lower__20200911_160728_56_2277_3B_AnalyticMS_SR_8b_clip	pm5__20200905_20200924__0035	/scrfs/storage/yikebe/home/research/AR_Crop_Identification/make_dataset/raw_sentinel/pm5/pm5__20200905_20200924__0035	2020-09-10	601923.00000000,3805203.00000000,602691.00000000,3805971.00000000
train	003307	lower__20200911_160728_56_2277_3B_AnalyticMS_SR_8b_clip	pm5__20200905_20200924__0035	/scrfs/storage/yikebe/home/research/AR_Crop_Identification/make_dataset/raw_sentinel/pm5/pm5__20200905_20200924__0035	2020-09-10	604995.00000000,3805203.00000000,605763.00000000,3805971.00000000
train	003323	lower__20200911_160728_56_2277_3B_AnalyticMS_SR_8b_clip	pm5__20200905_20200924__0035	/scrfs/storage/yikebe/home/research/AR_Crop_Identification/make_dataset/raw_sentinel/pm5/pm5__20200905_20200924__0035	2020-09-10	609603.00000000,3805203.00000000,610371.00000000,3805971.00000000
train	003339	lower__20200911_160728_56_2277_3B_AnalyticMS_SR_8b_clip	pm5__20200905_20200924__0035	/scrfs/storage/yikebe/home/research/AR_Crop_Identification/make_dataset/raw_sentinel/pm5/pm5__20200905_20200924__0035	2020-09-10	610371.00000000,3805203.00000000,611139.00000000,3805971.00000000
train	003355	lower__20200911_160728_56_2277_3B_AnalyticMS_SR_8b_clip	pm5__20200905_20200924__0035	/scrfs/storage/yikebe/home/research/AR_Crop_Identification/make_dataset/raw_sentinel/pm5/pm5__20200905_20200924__0035	2020-09-10	614211.00000000,3805203.00000000,614979.00000000,3805971.00000000
train	003371	lower__20200911_160728_56_2277_3B_AnalyticMS_SR_8b_clip	pm5__20200905_20200924__0035	/scrfs/storage/yikebe/home/research/AR_Crop_Identification/make_dataset/raw_sentinel/pm5/pm5__20200905_20200924__0035	2020-09-10	605763.00000000,3804435.00000000,606531.00000000,3805203.00000000
train	003387	lower__20200911_160728_56_2277_3B_AnalyticMS_SR_8b_clip	pm5__20200905_20200924__0035	/scrfs/storage/yikebe/home/research/AR_Crop_Identification/make_dataset/raw_sentinel/pm5/pm5__20200905_20200924__0035	2020-09-10	611139.00000000,3804435.00000000,611907.00000000,3805203.00000000
train	003403	lower__20200911_160728_56_2277_3B_AnalyticMS_SR_8b_clip	pm5__20200905_20200924__0035	/scrfs/storage/yikebe/home/research/AR_Crop_Identification/make_dataset/raw_sentinel/pm5/pm5__20200905_20200924__0035	2020-09-10	612675.00000000,3804435.00000000,613443.00000000,3805203.00000000
train	003419	lower__20200911_160728_56_2277_3B_AnalyticMS_SR_8b_clip	pm5__20200905_20200924__0035	/scrfs/storage/yikebe/home/research/AR_Crop_Identification/make_dataset/raw_sentinel/pm5/pm5__20200905_20200924__0035	2020-09-10	601923.00000000,3803667.00000000,602691.00000000,3804435.00000000
train	003435	lower__20200911_160728_56_2277_3B_AnalyticMS_SR_8b_clip	pm5__20200905_20200924__0035	/scrfs/storage/yikebe/home/research/AR_Crop_Identification/make_dataset/raw_sentinel/pm5/pm5__20200905_20200924__0035	2020-09-10	605763.00000000,3803667.00000000,606531.00000000,3804435.00000000
train	003451	lower__20200911_160728_56_2277_3B_AnalyticMS_SR_8b_clip	pm5__20200905_20200924__0035	/scrfs/storage/yikebe/home/research/AR_Crop_Identification/make_dataset/raw_sentinel/pm5/pm5__20200905_20200924__0035	2020-09-10	606531.00000000,3803667.00000000,607299.00000000,3804435.00000000
train	003467	lower__20200911_160728_56_2277_3B_AnalyticMS_SR_8b_clip	pm5__20200905_20200924__0035	/scrfs/storage/yikebe/home/research/AR_Crop_Identification/make_dataset/raw_sentinel/pm5/pm5__20200905_20200924__0035	2020-09-10	611139.00000000,3803667.00000000,611907.00000000,3804435.00000000
train	003483	lower__20200911_160728_56_2277_3B_AnalyticMS_SR_8b_clip	pm5__20200905_20200924__0035	/scrfs/storage/yikebe/home/research/AR_Crop_Identification/make_dataset/raw_sentinel/pm5/pm5__20200905_20200924__0035	2020-09-10	611907.00000000,3803667.00000000,612675.00000000,3804435.00000000
train	003499	lower__20200911_160728_56_2277_3B_AnalyticMS_SR_8b_clip	pm5__20200905_20200924__0035	/scrfs/storage/yikebe/home/research/AR_Crop_Identification/make_dataset/raw_sentinel/pm5/pm5__20200905_20200924__0035	2020-09-10	612675.00000000,3803667.00000000,613443.00000000,3804435.00000000
train	003515	lower__20200911_160728_56_2277_3B_AnalyticMS_SR_8b_clip	pm5__20200905_20200924__0035	/scrfs/storage/yikebe/home/research/AR_Crop_Identification/make_dataset/raw_sentinel/pm5/pm5__20200905_20200924__0035	2020-09-10	615747.00000000,3802899.00000000,616515.00000000,3803667.00000000
train	003531	lower__20200911_160728_56_2277_3B_AnalyticMS_SR_8b_clip	pm5__20200905_20200924__0035	/scrfs/storage/yikebe/home/research/AR_Crop_Identification/make_dataset/raw_sentinel/pm5/pm5__20200905_20200924__0035	2020-09-10	616515.00000000,3802899.00000000,617283.00000000,3803667.00000000
train	003547	lower__20200911_160728_56_2277_3B_AnalyticMS_SR_8b_clip	pm5__20200905_20200924__0035	/scrfs/storage/yikebe/home/research/AR_Crop_Identification/make_dataset/raw_sentinel/pm5/pm5__20200905_20200924__0035	2020-09-10	600387.00000000,3802131.00000000,601155.00000000,3802899.00000000
train	003563	lower__20200911_160728_56_2277_3B_AnalyticMS_SR_8b_clip	pm5__20200905_20200924__0035	/scrfs/storage/yikebe/home/research/AR_Crop_Identification/make_dataset/raw_sentinel/pm5/pm5__20200905_20200924__0035	2020-09-10	616515.00000000,3802131.00000000,617283.00000000,3802899.00000000
train	003579	lower__20200911_160728_56_2277_3B_AnalyticMS_SR_8b_clip	pm5__20200905_20200924__0035	/scrfs/storage/yikebe/home/research/AR_Crop_Identification/make_dataset/raw_sentinel/pm5/pm5__20200905_20200924__0035	2020-09-10	605763.00000000,3801363.00000000,606531.00000000,3802131.00000000
train	003595	lower__20200911_160728_56_2277_3B_AnalyticMS_SR_8b_clip	pm5__20200905_20200924__0035	/scrfs/storage/yikebe/home/research/AR_Crop_Identification/make_dataset/raw_sentinel/pm5/pm5__20200905_20200924__0035	2020-09-10	606531.00000000,3801363.00000000,607299.00000000,3802131.00000000
train	003611	lower__20200911_160728_56_2277_3B_AnalyticMS_SR_8b_clip	pm5__20200905_20200924__0035	/scrfs/storage/yikebe/home/research/AR_Crop_Identification/make_dataset/raw_sentinel/pm5/pm5__20200905_20200924__0035	2020-09-10	607299.00000000,3801363.00000000,608067.00000000,3802131.00000000
train	003627	lower__20200911_160728_56_2277_3B_AnalyticMS_SR_8b_clip	pm5__20200905_20200924__0035	/scrfs/storage/yikebe/home/research/AR_Crop_Identification/make_dataset/raw_sentinel/pm5/pm5__20200905_20200924__0035	2020-09-10	612675.00000000,3800595.00000000,613443.00000000,3801363.00000000
train	003643	lower__20200911_160728_56_2277_3B_AnalyticMS_SR_8b_clip	pm5__20200905_20200924__0035	/scrfs/storage/yikebe/home/research/AR_Crop_Identification/make_dataset/raw_sentinel/pm5/pm5__20200905_20200924__0035	2020-09-10	611907.00000000,3797523.00000000,612675.00000000,3798291.00000000
train	003659	lower__20200911_160728_56_2277_3B_AnalyticMS_SR_8b_clip	pm5__20200905_20200924__0035	/scrfs/storage/yikebe/home/research/AR_Crop_Identification/make_dataset/raw_sentinel/pm5/pm5__20200905_20200924__0035	2020-09-10	614979.00000000,3797523.00000000,615747.00000000,3798291.00000000
train	003675	lower__20200911_160728_56_2277_3B_AnalyticMS_SR_8b_clip	pm5__20200905_20200924__0035	/scrfs/storage/yikebe/home/research/AR_Crop_Identification/make_dataset/raw_sentinel/pm5/pm5__20200905_20200924__0035	2020-09-10	624963.00000000,3797523.00000000,625731.00000000,3798291.00000000
train	003691	lower__20200911_160728_56_2277_3B_AnalyticMS_SR_8b_clip	pm5__20200905_20200924__0035	/scrfs/storage/yikebe/home/research/AR_Crop_Identification/make_dataset/raw_sentinel/pm5/pm5__20200905_20200924__0035	2020-09-10	611907.00000000,3796755.00000000,612675.00000000,3797523.00000000
train	003707	lower__20200911_160728_56_2277_3B_AnalyticMS_SR_8b_clip	pm5__20200905_20200924__0035	/scrfs/storage/yikebe/home/research/AR_Crop_Identification/make_dataset/raw_sentinel/pm5/pm5__20200905_20200924__0035	2020-09-10	614979.00000000,3796755.00000000,615747.00000000,3797523.00000000
train	003723	lower__20201111_165331_38_240c_3B_AnalyticMS_SR_8b_clip	pm5__20201105_20201124__0098	/scrfs/storage/yikebe/home/research/AR_Crop_Identification/make_dataset/raw_sentinel/pm5/pm5__20201105_20201124__0098	2020-11-11	647016.00000000,3734799.00000000,647784.00000000,3735567.00000000
train	003739	lower__20201111_165331_38_240c_3B_AnalyticMS_SR_8b_clip	pm5__20201105_20201124__0098	/scrfs/storage/yikebe/home/research/AR_Crop_Identification/make_dataset/raw_sentinel/pm5/pm5__20201105_20201124__0098	2020-11-11	650856.00000000,3734031.00000000,651624.00000000,3734799.00000000
train	003755	lower__20201111_165331_38_240c_3B_AnalyticMS_SR_8b_clip	pm5__20201105_20201124__0098	/scrfs/storage/yikebe/home/research/AR_Crop_Identification/make_dataset/raw_sentinel/pm5/pm5__20201105_20201124__0098	2020-11-11	651624.00000000,3734031.00000000,652392.00000000,3734799.00000000
train	003771	lower__20201111_165331_38_240c_3B_AnalyticMS_SR_8b_clip	pm5__20201105_20201124__0098	/scrfs/storage/yikebe/home/research/AR_Crop_Identification/make_dataset/raw_sentinel/pm5/pm5__20201105_20201124__0098	2020-11-11	658536.00000000,3734031.00000000,659304.00000000,3734799.00000000
train	003787	lower__20201111_165331_38_240c_3B_AnalyticMS_SR_8b_clip	pm5__20201105_20201124__0098	/scrfs/storage/yikebe/home/research/AR_Crop_Identification/make_dataset/raw_sentinel/pm5/pm5__20201105_20201124__0098	2020-11-11	651624.00000000,3733263.00000000,652392.00000000,3734031.00000000
train	003803	lower__20201111_165331_38_240c_3B_AnalyticMS_SR_8b_clip	pm5__20201105_20201124__0098	/scrfs/storage/yikebe/home/research/AR_Crop_Identification/make_dataset/raw_sentinel/pm5/pm5__20201105_20201124__0098	2020-11-11	655464.00000000,3733263.00000000,656232.00000000,3734031.00000000
train	003819	lower__20201111_165331_38_240c_3B_AnalyticMS_SR_8b_clip	pm5__20201105_20201124__0098	/scrfs/storage/yikebe/home/research/AR_Crop_Identification/make_dataset/raw_sentinel/pm5/pm5__20201105_20201124__0098	2020-11-11	656232.00000000,3733263.00000000,657000.00000000,3734031.00000000
train	003835	lower__20201111_165331_38_240c_3B_AnalyticMS_SR_8b_clip	pm5__20201105_20201124__0098	/scrfs/storage/yikebe/home/research/AR_Crop_Identification/make_dataset/raw_sentinel/pm5/pm5__20201105_20201124__0098	2020-11-11	658536.00000000,3733263.00000000,659304.00000000,3734031.00000000
train	003851	lower__20201111_165331_38_240c_3B_AnalyticMS_SR_8b_clip	pm5__20201105_20201124__0098	/scrfs/storage/yikebe/home/research/AR_Crop_Identification/make_dataset/raw_sentinel/pm5/pm5__20201105_20201124__0098	2020-11-11	661608.00000000,3733263.00000000,662376.00000000,3734031.00000000
train	003867	lower__20201111_165331_38_240c_3B_AnalyticMS_SR_8b_clip	pm5__20201105_20201124__0098	/scrfs/storage/yikebe/home/research/AR_Crop_Identification/make_dataset/raw_sentinel/pm5/pm5__20201105_20201124__0098	2020-11-11	652392.00000000,3732495.00000000,653160.00000000,3733263.00000000
train	003883	lower__20201111_165331_38_240c_3B_AnalyticMS_SR_8b_clip	pm5__20201105_20201124__0098	/scrfs/storage/yikebe/home/research/AR_Crop_Identification/make_dataset/raw_sentinel/pm5/pm5__20201105_20201124__0098	2020-11-11	654696.00000000,3732495.00000000,655464.00000000,3733263.00000000
train	003899	lower__20201111_165331_38_240c_3B_AnalyticMS_SR_8b_clip	pm5__20201105_20201124__0098	/scrfs/storage/yikebe/home/research/AR_Crop_Identification/make_dataset/raw_sentinel/pm5/pm5__20201105_20201124__0098	2020-11-11	661608.00000000,3732495.00000000,662376.00000000,3733263.00000000
train	003915	lower__20201111_165331_38_240c_3B_AnalyticMS_SR_8b_clip	pm5__20201105_20201124__0098	/scrfs/storage/yikebe/home/research/AR_Crop_Identification/make_dataset/raw_sentinel/pm5/pm5__20201105_20201124__0098	2020-11-11	662376.00000000,3732495.00000000,663144.00000000,3733263.00000000
train	003931	lower__20201111_165331_38_240c_3B_AnalyticMS_SR_8b_clip	pm5__20201105_20201124__0098	/scrfs/storage/yikebe/home/research/AR_Crop_Identification/make_dataset/raw_sentinel/pm5/pm5__20201105_20201124__0098	2020-11-11	663144.00000000,3732495.00000000,663912.00000000,3733263.00000000
train	003947	lower__20201111_165331_38_240c_3B_AnalyticMS_SR_8b_clip	pm5__20201105_20201124__0098	/scrfs/storage/yikebe/home/research/AR_Crop_Identification/make_dataset/raw_sentinel/pm5/pm5__20201105_20201124__0098	2020-11-11	650856.00000000,3731727.00000000,651624.00000000,3732495.00000000
train	003963	lower__20201111_165331_38_240c_3B_AnalyticMS_SR_8b_clip	pm5__20201105_20201124__0098	/scrfs/storage/yikebe/home/research/AR_Crop_Identification/make_dataset/raw_sentinel/pm5/pm5__20201105_20201124__0098	2020-11-11	651624.00000000,3731727.00000000,652392.00000000,3732495.00000000
train	003979	lower__20201111_165331_38_240c_3B_AnalyticMS_SR_8b_clip	pm5__20201105_20201124__0098	/scrfs/storage/yikebe/home/research/AR_Crop_Identification/make_dataset/raw_sentinel/pm5/pm5__20201105_20201124__0098	2020-11-11	654696.00000000,3731727.00000000,655464.00000000,3732495.00000000
train	003995	lower__20201111_165331_38_240c_3B_AnalyticMS_SR_8b_clip	pm5__20201105_20201124__0098	/scrfs/storage/yikebe/home/research/AR_Crop_Identification/make_dataset/raw_sentinel/pm5/pm5__20201105_20201124__0098	2020-11-11	657000.00000000,3731727.00000000,657768.00000000,3732495.00000000
train	004011	lower__20201111_165331_38_240c_3B_AnalyticMS_SR_8b_clip	pm5__20201105_20201124__0098	/scrfs/storage/yikebe/home/research/AR_Crop_Identification/make_dataset/raw_sentinel/pm5/pm5__20201105_20201124__0098	2020-11-11	659304.00000000,3731727.00000000,660072.00000000,3732495.00000000
train	004027	lower__20201111_165331_38_240c_3B_AnalyticMS_SR_8b_clip	pm5__20201105_20201124__0098	/scrfs/storage/yikebe/home/research/AR_Crop_Identification/make_dataset/raw_sentinel/pm5/pm5__20201105_20201124__0098	2020-11-11	653928.00000000,3730191.00000000,654696.00000000,3730959.00000000
train	004043	lower__20201111_165331_38_240c_3B_AnalyticMS_SR_8b_clip	pm5__20201105_20201124__0098	/scrfs/storage/yikebe/home/research/AR_Crop_Identification/make_dataset/raw_sentinel/pm5/pm5__20201105_20201124__0098	2020-11-11	656232.00000000,3730191.00000000,657000.00000000,3730959.00000000
train	004059	lower__20201111_165331_38_240c_3B_AnalyticMS_SR_8b_clip	pm5__20201105_20201124__0098	/scrfs/storage/yikebe/home/research/AR_Crop_Identification/make_dataset/raw_sentinel/pm5/pm5__20201105_20201124__0098	2020-11-11	660072.00000000,3730191.00000000,660840.00000000,3730959.00000000
train	004075	lower__20201111_165331_38_240c_3B_AnalyticMS_SR_8b_clip	pm5__20201105_20201124__0098	/scrfs/storage/yikebe/home/research/AR_Crop_Identification/make_dataset/raw_sentinel/pm5/pm5__20201105_20201124__0098	2020-11-11	661608.00000000,3730191.00000000,662376.00000000,3730959.00000000
train	004091	lower__20201111_165331_38_240c_3B_AnalyticMS_SR_8b_clip	pm5__20201105_20201124__0098	/scrfs/storage/yikebe/home/research/AR_Crop_Identification/make_dataset/raw_sentinel/pm5/pm5__20201105_20201124__0098	2020-11-11	647016.00000000,3729423.00000000,647784.00000000,3730191.00000000
train	004107	lower__20201111_165331_38_240c_3B_AnalyticMS_SR_8b_clip	pm5__20201105_20201124__0098	/scrfs/storage/yikebe/home/research/AR_Crop_Identification/make_dataset/raw_sentinel/pm5/pm5__20201105_20201124__0098	2020-11-11	655464.00000000,3728655.00000000,656232.00000000,3729423.00000000
train	004123	lower__20201111_165331_38_240c_3B_AnalyticMS_SR_8b_clip	pm5__20201105_20201124__0098	/scrfs/storage/yikebe/home/research/AR_Crop_Identification/make_dataset/raw_sentinel/pm5/pm5__20201105_20201124__0098	2020-11-11	660072.00000000,3728655.00000000,660840.00000000,3729423.00000000
train	004139	lower__20201111_165331_38_240c_3B_AnalyticMS_SR_8b_clip	pm5__20201105_20201124__0098	/scrfs/storage/yikebe/home/research/AR_Crop_Identification/make_dataset/raw_sentinel/pm5/pm5__20201105_20201124__0098	2020-11-11	660840.00000000,3728655.00000000,661608.00000000,3729423.00000000
train	004155	lower__20201111_165331_38_240c_3B_AnalyticMS_SR_8b_clip	pm5__20201105_20201124__0098	/scrfs/storage/yikebe/home/research/AR_Crop_Identification/make_dataset/raw_sentinel/pm5/pm5__20201105_20201124__0098	2020-11-11	650088.00000000,3727887.00000000,650856.00000000,3728655.00000000
train	004171	lower__20201111_165331_38_240c_3B_AnalyticMS_SR_8b_clip	pm5__20201105_20201124__0098	/scrfs/storage/yikebe/home/research/AR_Crop_Identification/make_dataset/raw_sentinel/pm5/pm5__20201105_20201124__0098	2020-11-11	657000.00000000,3727887.00000000,657768.00000000,3728655.00000000
train	004187	lower__20201111_165331_38_240c_3B_AnalyticMS_SR_8b_clip	pm5__20201105_20201124__0098	/scrfs/storage/yikebe/home/research/AR_Crop_Identification/make_dataset/raw_sentinel/pm5/pm5__20201105_20201124__0098	2020-11-11	663912.00000000,3727887.00000000,664680.00000000,3728655.00000000
train	004203	lower__20201111_165331_38_240c_3B_AnalyticMS_SR_8b_clip	pm5__20201105_20201124__0098	/scrfs/storage/yikebe/home/research/AR_Crop_Identification/make_dataset/raw_sentinel/pm5/pm5__20201105_20201124__0098	2020-11-11	650088.00000000,3727119.00000000,650856.00000000,3727887.00000000
train	004219	lower__20201111_165331_38_240c_3B_AnalyticMS_SR_8b_clip	pm5__20201105_20201124__0098	/scrfs/storage/yikebe/home/research/AR_Crop_Identification/make_dataset/raw_sentinel/pm5/pm5__20201105_20201124__0098	2020-11-11	660840.00000000,3727119.00000000,661608.00000000,3727887.00000000
train	004235	lower__20201111_165331_38_240c_3B_AnalyticMS_SR_8b_clip	pm5__20201105_20201124__0098	/scrfs/storage/yikebe/home/research/AR_Crop_Identification/make_dataset/raw_sentinel/pm5/pm5__20201105_20201124__0098	2020-11-11	655464.00000000,3726351.00000000,656232.00000000,3727119.00000000
train	004251	lower__20201111_165331_38_240c_3B_AnalyticMS_SR_8b_clip	pm5__20201105_20201124__0098	/scrfs/storage/yikebe/home/research/AR_Crop_Identification/make_dataset/raw_sentinel/pm5/pm5__20201105_20201124__0098	2020-11-11	657000.00000000,3726351.00000000,657768.00000000,3727119.00000000
train	004267	lower__20201111_165331_38_240c_3B_AnalyticMS_SR_8b_clip	pm5__20201105_20201124__0098	/scrfs/storage/yikebe/home/research/AR_Crop_Identification/make_dataset/raw_sentinel/pm5/pm5__20201105_20201124__0098	2020-11-11	657768.00000000,3726351.00000000,658536.00000000,3727119.00000000
train	004283	lower__20201111_165331_38_240c_3B_AnalyticMS_SR_8b_clip	pm5__20201105_20201124__0098	/scrfs/storage/yikebe/home/research/AR_Crop_Identification/make_dataset/raw_sentinel/pm5/pm5__20201105_20201124__0098	2020-11-11	660840.00000000,3726351.00000000,661608.00000000,3727119.00000000
train	004299	lower__20201111_165331_38_240c_3B_AnalyticMS_SR_8b_clip	pm5__20201105_20201124__0098	/scrfs/storage/yikebe/home/research/AR_Crop_Identification/make_dataset/raw_sentinel/pm5/pm5__20201105_20201124__0098	2020-11-11	654696.00000000,3725583.00000000,655464.00000000,3726351.00000000
train	004315	lower__20201111_165331_38_240c_3B_AnalyticMS_SR_8b_clip	pm5__20201105_20201124__0098	/scrfs/storage/yikebe/home/research/AR_Crop_Identification/make_dataset/raw_sentinel/pm5/pm5__20201105_20201124__0098	2020-11-11	657000.00000000,3725583.00000000,657768.00000000,3726351.00000000
train	004331	lower__20201111_165331_38_240c_3B_AnalyticMS_SR_8b_clip	pm5__20201105_20201124__0098	/scrfs/storage/yikebe/home/research/AR_Crop_Identification/make_dataset/raw_sentinel/pm5/pm5__20201105_20201124__0098	2020-11-11	657768.00000000,3725583.00000000,658536.00000000,3726351.00000000
train	004347	lower__20201111_165331_38_240c_3B_AnalyticMS_SR_8b_clip	pm5__20201105_20201124__0098	/scrfs/storage/yikebe/home/research/AR_Crop_Identification/make_dataset/raw_sentinel/pm5/pm5__20201105_20201124__0098	2020-11-11	660072.00000000,3725583.00000000,660840.00000000,3726351.00000000
train	004363	lower__20201111_165331_38_240c_3B_AnalyticMS_SR_8b_clip	pm5__20201105_20201124__0098	/scrfs/storage/yikebe/home/research/AR_Crop_Identification/make_dataset/raw_sentinel/pm5/pm5__20201105_20201124__0098	2020-11-11	661608.00000000,3725583.00000000,662376.00000000,3726351.00000000
train	004379	lower__20201111_165331_38_240c_3B_AnalyticMS_SR_8b_clip	pm5__20201105_20201124__0098	/scrfs/storage/yikebe/home/research/AR_Crop_Identification/make_dataset/raw_sentinel/pm5/pm5__20201105_20201124__0098	2020-11-11	672360.00000000,3725583.00000000,673128.00000000,3726351.00000000
train	004395	lower__20201111_165331_38_240c_3B_AnalyticMS_SR_8b_clip	pm5__20201105_20201124__0098	/scrfs/storage/yikebe/home/research/AR_Crop_Identification/make_dataset/raw_sentinel/pm5/pm5__20201105_20201124__0098	2020-11-11	673896.00000000,3725583.00000000,674664.00000000,3726351.00000000
train	004411	lower__20201111_165331_38_240c_3B_AnalyticMS_SR_8b_clip	pm5__20201105_20201124__0098	/scrfs/storage/yikebe/home/research/AR_Crop_Identification/make_dataset/raw_sentinel/pm5/pm5__20201105_20201124__0098	2020-11-11	649320.00000000,3724815.00000000,650088.00000000,3725583.00000000
train	004427	lower__20201111_165331_38_240c_3B_AnalyticMS_SR_8b_clip	pm5__20201105_20201124__0098	/scrfs/storage/yikebe/home/research/AR_Crop_Identification/make_dataset/raw_sentinel/pm5/pm5__20201105_20201124__0098	2020-11-11	660072.00000000,3724815.00000000,660840.00000000,3725583.00000000
train	004443	lower__20201111_165331_38_240c_3B_AnalyticMS_SR_8b_clip	pm5__20201105_20201124__0098	/scrfs/storage/yikebe/home/research/AR_Crop_Identification/make_dataset/raw_sentinel/pm5/pm5__20201105_20201124__0098	2020-11-11	661608.00000000,3724815.00000000,662376.00000000,3725583.00000000
train	004459	lower__20201111_165331_38_240c_3B_AnalyticMS_SR_8b_clip	pm5__20201105_20201124__0098	/scrfs/storage/yikebe/home/research/AR_Crop_Identification/make_dataset/raw_sentinel/pm5/pm5__20201105_20201124__0098	2020-11-11	662376.00000000,3724815.00000000,663144.00000000,3725583.00000000
train	004475	lower__20201111_165331_38_240c_3B_AnalyticMS_SR_8b_clip	pm5__20201105_20201124__0098	/scrfs/storage/yikebe/home/research/AR_Crop_Identification/make_dataset/raw_sentinel/pm5/pm5__20201105_20201124__0098	2020-11-11	673128.00000000,3724815.00000000,673896.00000000,3725583.00000000
train	004491	lower__20201111_165331_38_240c_3B_AnalyticMS_SR_8b_clip	pm5__20201105_20201124__0098	/scrfs/storage/yikebe/home/research/AR_Crop_Identification/make_dataset/raw_sentinel/pm5/pm5__20201105_20201124__0098	2020-11-11	673896.00000000,3724815.00000000,674664.00000000,3725583.00000000
train	004507	lower__20201111_165331_38_240c_3B_AnalyticMS_SR_8b_clip	pm5__20201105_20201124__0098	/scrfs/storage/yikebe/home/research/AR_Crop_Identification/make_dataset/raw_sentinel/pm5/pm5__20201105_20201124__0098	2020-11-11	674664.00000000,3724815.00000000,675432.00000000,3725583.00000000
train	004523	lower__20201111_165331_38_240c_3B_AnalyticMS_SR_8b_clip	pm5__20201105_20201124__0098	/scrfs/storage/yikebe/home/research/AR_Crop_Identification/make_dataset/raw_sentinel/pm5/pm5__20201105_20201124__0098	2020-11-11	679272.00000000,3724815.00000000,680040.00000000,3725583.00000000
train	004539	lower__20201111_165331_38_240c_3B_AnalyticMS_SR_8b_clip	pm5__20201105_20201124__0098	/scrfs/storage/yikebe/home/research/AR_Crop_Identification/make_dataset/raw_sentinel/pm5/pm5__20201105_20201124__0098	2020-11-11	648552.00000000,3724047.00000000,649320.00000000,3724815.00000000
train	004555	lower__20201111_165331_38_240c_3B_AnalyticMS_SR_8b_clip	pm5__20201105_20201124__0098	/scrfs/storage/yikebe/home/research/AR_Crop_Identification/make_dataset/raw_sentinel/pm5/pm5__20201105_20201124__0098	2020-11-11	660840.00000000,3724047.00000000,661608.00000000,3724815.00000000
train	004571	lower__20201111_165331_38_240c_3B_AnalyticMS_SR_8b_clip	pm5__20201105_20201124__0098	/scrfs/storage/yikebe/home/research/AR_Crop_Identification/make_dataset/raw_sentinel/pm5/pm5__20201105_20201124__0098	2020-11-11	661608.00000000,3724047.00000000,662376.00000000,3724815.00000000
train	004587	lower__20201111_165331_38_240c_3B_AnalyticMS_SR_8b_clip	pm5__20201105_20201124__0098	/scrfs/storage/yikebe/home/research/AR_Crop_Identification/make_dataset/raw_sentinel/pm5/pm5__20201105_20201124__0098	2020-11-11	673896.00000000,3724047.00000000,674664.00000000,3724815.00000000
train	004603	lower__20201111_165331_38_240c_3B_AnalyticMS_SR_8b_clip	pm5__20201105_20201124__0098	/scrfs/storage/yikebe/home/research/AR_Crop_Identification/make_dataset/raw_sentinel/pm5/pm5__20201105_20201124__0098	2020-11-11	674664.00000000,3724047.00000000,675432.00000000,3724815.00000000
train	004619	lower__20201111_165331_38_240c_3B_AnalyticMS_SR_8b_clip	pm5__20201105_20201124__0098	/scrfs/storage/yikebe/home/research/AR_Crop_Identification/make_dataset/raw_sentinel/pm5/pm5__20201105_20201124__0098	2020-11-11	675432.00000000,3724047.00000000,676200.00000000,3724815.00000000
train	004635	lower__20201111_165331_38_240c_3B_AnalyticMS_SR_8b_clip	pm5__20201105_20201124__0098	/scrfs/storage/yikebe/home/research/AR_Crop_Identification/make_dataset/raw_sentinel/pm5/pm5__20201105_20201124__0098	2020-11-11	676200.00000000,3724047.00000000,676968.00000000,3724815.00000000
train	004651	lower__20201111_165331_38_240c_3B_AnalyticMS_SR_8b_clip	pm5__20201105_20201124__0098	/scrfs/storage/yikebe/home/research/AR_Crop_Identification/make_dataset/raw_sentinel/pm5/pm5__20201105_20201124__0098	2020-11-11	646248.00000000,3723279.00000000,647016.00000000,3724047.00000000
train	004667	lower__20201111_165331_38_240c_3B_AnalyticMS_SR_8b_clip	pm5__20201105_20201124__0098	/scrfs/storage/yikebe/home/research/AR_Crop_Identification/make_dataset/raw_sentinel/pm5/pm5__20201105_20201124__0098	2020-11-11	661608.00000000,3723279.00000000,662376.00000000,3724047.00000000
train	004683	lower__20201111_165331_38_240c_3B_AnalyticMS_SR_8b_clip	pm5__20201105_20201124__0098	/scrfs/storage/yikebe/home/research/AR_Crop_Identification/make_dataset/raw_sentinel/pm5/pm5__20201105_20201124__0098	2020-11-11	674664.00000000,3723279.00000000,675432.00000000,3724047.00000000
train	004699	lower__20201111_165331_38_240c_3B_AnalyticMS_SR_8b_clip	pm5__20201105_20201124__0098	/scrfs/storage/yikebe/home/research/AR_Crop_Identification/make_dataset/raw_sentinel/pm5/pm5__20201105_20201124__0098	2020-11-11	670824.00000000,3722511.00000000,671592.00000000,3723279.00000000
train	004715	lower__20201111_165331_38_240c_3B_AnalyticMS_SR_8b_clip	pm5__20201105_20201124__0098	/scrfs/storage/yikebe/home/research/AR_Crop_Identification/make_dataset/raw_sentinel/pm5/pm5__20201105_20201124__0098	2020-11-11	677736.00000000,3722511.00000000,678504.00000000,3723279.00000000
train	004731	lower__20201111_165331_38_240c_3B_AnalyticMS_SR_8b_clip	pm5__20201105_20201124__0098	/scrfs/storage/yikebe/home/research/AR_Crop_Identification/make_dataset/raw_sentinel/pm5/pm5__20201105_20201124__0098	2020-11-11	644712.00000000,3721743.00000000,645480.00000000,3722511.00000000
train	004747	lower__20201111_165331_38_240c_3B_AnalyticMS_SR_8b_clip	pm5__20201105_20201124__0098	/scrfs/storage/yikebe/home/research/AR_Crop_Identification/make_dataset/raw_sentinel/pm5/pm5__20201105_20201124__0098	2020-11-11	665448.00000000,3721743.00000000,666216.00000000,3722511.00000000
train	004763	lower__20201111_165331_38_240c_3B_AnalyticMS_SR_8b_clip	pm5__20201105_20201124__0098	/scrfs/storage/yikebe/home/research/AR_Crop_Identification/make_dataset/raw_sentinel/pm5/pm5__20201105_20201124__0098	2020-11-11	677736.00000000,3721743.00000000,678504.00000000,3722511.00000000
train	004779	lower__20201111_165331_38_240c_3B_AnalyticMS_SR_8b_clip	pm5__20201105_20201124__0098	/scrfs/storage/yikebe/home/research/AR_Crop_Identification/make_dataset/raw_sentinel/pm5/pm5__20201105_20201124__0098	2020-11-11	644712.00000000,3720975.00000000,645480.00000000,3721743.00000000
train	004795	lower__20201111_165331_38_240c_3B_AnalyticMS_SR_8b_clip	pm5__20201105_20201124__0098	/scrfs/storage/yikebe/home/research/AR_Crop_Identification/make_dataset/raw_sentinel/pm5/pm5__20201105_20201124__0098	2020-11-11	645480.00000000,3720975.00000000,646248.00000000,3721743.00000000
train	004811	lower__20201111_165331_38_240c_3B_AnalyticMS_SR_8b_clip	pm5__20201105_20201124__0098	/scrfs/storage/yikebe/home/research/AR_Crop_Identification/make_dataset/raw_sentinel/pm5/pm5__20201105_20201124__0098	2020-11-11	651624.00000000,3720975.00000000,652392.00000000,3721743.00000000
train	004827	lower__20201111_165331_38_240c_3B_AnalyticMS_SR_8b_clip	pm5__20201105_20201124__0098	/scrfs/storage/yikebe/home/research/AR_Crop_Identification/make_dataset/raw_sentinel/pm5/pm5__20201105_20201124__0098	2020-11-11	664680.00000000,3720975.00000000,665448.00000000,3721743.00000000
train	004843	lower__20201111_165331_38_240c_3B_AnalyticMS_SR_8b_clip	pm5__20201105_20201124__0098	/scrfs/storage/yikebe/home/research/AR_Crop_Identification/make_dataset/raw_sentinel/pm5/pm5__20201105_20201124__0098	2020-11-11	665448.00000000,3720975.00000000,666216.00000000,3721743.00000000
train	004859	lower__20201111_165331_38_240c_3B_AnalyticMS_SR_8b_clip	pm5__20201105_20201124__0098	/scrfs/storage/yikebe/home/research/AR_Crop_Identification/make_dataset/raw_sentinel/pm5/pm5__20201105_20201124__0098	2020-11-11	651624.00000000,3720207.00000000,652392.00000000,3720975.00000000
train	004875	lower__20201111_165331_38_240c_3B_AnalyticMS_SR_8b_clip	pm5__20201105_20201124__0098	/scrfs/storage/yikebe/home/research/AR_Crop_Identification/make_dataset/raw_sentinel/pm5/pm5__20201105_20201124__0098	2020-11-11	652392.00000000,3720207.00000000,653160.00000000,3720975.00000000
train	004891	lower__20201111_165331_38_240c_3B_AnalyticMS_SR_8b_clip	pm5__20201105_20201124__0098	/scrfs/storage/yikebe/home/research/AR_Crop_Identification/make_dataset/raw_sentinel/pm5/pm5__20201105_20201124__0098	2020-11-11	653160.00000000,3720207.00000000,653928.00000000,3720975.00000000
train	004907	lower__20201111_165331_38_240c_3B_AnalyticMS_SR_8b_clip	pm5__20201105_20201124__0098	/scrfs/storage/yikebe/home/research/AR_Crop_Identification/make_dataset/raw_sentinel/pm5/pm5__20201105_20201124__0098	2020-11-11	660072.00000000,3720207.00000000,660840.00000000,3720975.00000000
train	004923	lower__20201111_165331_38_240c_3B_AnalyticMS_SR_8b_clip	pm5__20201105_20201124__0098	/scrfs/storage/yikebe/home/research/AR_Crop_Identification/make_dataset/raw_sentinel/pm5/pm5__20201105_20201124__0098	2020-11-11	664680.00000000,3720207.00000000,665448.00000000,3720975.00000000
train	004939	lower__20201111_165331_38_240c_3B_AnalyticMS_SR_8b_clip	pm5__20201105_20201124__0098	/scrfs/storage/yikebe/home/research/AR_Crop_Identification/make_dataset/raw_sentinel/pm5/pm5__20201105_20201124__0098	2020-11-11	645480.00000000,3719439.00000000,646248.00000000,3720207.00000000
train	004955	lower__20201111_165331_38_240c_3B_AnalyticMS_SR_8b_clip	pm5__20201105_20201124__0098	/scrfs/storage/yikebe/home/research/AR_Crop_Identification/make_dataset/raw_sentinel/pm5/pm5__20201105_20201124__0098	2020-11-11	653160.00000000,3719439.00000000,653928.00000000,3720207.00000000
train	004971	lower__20201111_165331_38_240c_3B_AnalyticMS_SR_8b_clip	pm5__20201105_20201124__0098	/scrfs/storage/yikebe/home/research/AR_Crop_Identification/make_dataset/raw_sentinel/pm5/pm5__20201105_20201124__0098	2020-11-11	654696.00000000,3719439.00000000,655464.00000000,3720207.00000000
train	004987	lower__20201111_165331_38_240c_3B_AnalyticMS_SR_8b_clip	pm5__20201105_20201124__0098	/scrfs/storage/yikebe/home/research/AR_Crop_Identification/make_dataset/raw_sentinel/pm5/pm5__20201105_20201124__0098	2020-11-11	658536.00000000,3719439.00000000,659304.00000000,3720207.00000000
train	005003	lower__20201111_165331_38_240c_3B_AnalyticMS_SR_8b_clip	pm5__20201105_20201124__0098	/scrfs/storage/yikebe/home/research/AR_Crop_Identification/make_dataset/raw_sentinel/pm5/pm5__20201105_20201124__0098	2020-11-11	659304.00000000,3719439.00000000,660072.00000000,3720207.00000000
train	005019	lower__20201111_165331_38_240c_3B_AnalyticMS_SR_8b_clip	pm5__20201105_20201124__0098	/scrfs/storage/yikebe/home/research/AR_Crop_Identification/make_dataset/raw_sentinel/pm5/pm5__20201105_20201124__0098	2020-11-11	660072.00000000,3719439.00000000,660840.00000000,3720207.00000000
train	005035	lower__20201111_165331_38_240c_3B_AnalyticMS_SR_8b_clip	pm5__20201105_20201124__0098	/scrfs/storage/yikebe/home/research/AR_Crop_Identification/make_dataset/raw_sentinel/pm5/pm5__20201105_20201124__0098	2020-11-11	645480.00000000,3718671.00000000,646248.00000000,3719439.00000000
train	005051	lower__20201111_165331_38_240c_3B_AnalyticMS_SR_8b_clip	pm5__20201105_20201124__0098	/scrfs/storage/yikebe/home/research/AR_Crop_Identification/make_dataset/raw_sentinel/pm5/pm5__20201105_20201124__0098	2020-11-11	655464.00000000,3718671.00000000,656232.00000000,3719439.00000000
train	005067	lower__20201111_165331_38_240c_3B_AnalyticMS_SR_8b_clip	pm5__20201105_20201124__0098	/scrfs/storage/yikebe/home/research/AR_Crop_Identification/make_dataset/raw_sentinel/pm5/pm5__20201105_20201124__0098	2020-11-11	658536.00000000,3718671.00000000,659304.00000000,3719439.00000000
train	005083	lower__20201111_165331_38_240c_3B_AnalyticMS_SR_8b_clip	pm5__20201105_20201124__0098	/scrfs/storage/yikebe/home/research/AR_Crop_Identification/make_dataset/raw_sentinel/pm5/pm5__20201105_20201124__0098	2020-11-11	660072.00000000,3718671.00000000,660840.00000000,3719439.00000000
train	005099	lower__20201111_165331_38_240c_3B_AnalyticMS_SR_8b_clip	pm5__20201105_20201124__0098	/scrfs/storage/yikebe/home/research/AR_Crop_Identification/make_dataset/raw_sentinel/pm5/pm5__20201105_20201124__0098	2020-11-11	661608.00000000,3718671.00000000,662376.00000000,3719439.00000000
train	005115	lower__20201111_165331_38_240c_3B_AnalyticMS_SR_8b_clip	pm5__20201105_20201124__0098	/scrfs/storage/yikebe/home/research/AR_Crop_Identification/make_dataset/raw_sentinel/pm5/pm5__20201105_20201124__0098	2020-11-11	643944.00000000,3717903.00000000,644712.00000000,3718671.00000000
train	005131	lower__20201111_165331_38_240c_3B_AnalyticMS_SR_8b_clip	pm5__20201105_20201124__0098	/scrfs/storage/yikebe/home/research/AR_Crop_Identification/make_dataset/raw_sentinel/pm5/pm5__20201105_20201124__0098	2020-11-11	644712.00000000,3717135.00000000,645480.00000000,3717903.00000000
train	005147	lower__20201111_165331_38_240c_3B_AnalyticMS_SR_8b_clip	pm5__20201105_20201124__0098	/scrfs/storage/yikebe/home/research/AR_Crop_Identification/make_dataset/raw_sentinel/pm5/pm5__20201105_20201124__0098	2020-11-11	645480.00000000,3717135.00000000,646248.00000000,3717903.00000000
train	005163	lower__20201111_165331_38_240c_3B_AnalyticMS_SR_8b_clip	pm5__20201105_20201124__0098	/scrfs/storage/yikebe/home/research/AR_Crop_Identification/make_dataset/raw_sentinel/pm5/pm5__20201105_20201124__0098	2020-11-11	645480.00000000,3716367.00000000,646248.00000000,3717135.00000000
train	005179	lower__20201111_165331_38_240c_3B_AnalyticMS_SR_8b_clip	pm5__20201105_20201124__0098	/scrfs/storage/yikebe/home/research/AR_Crop_Identification/make_dataset/raw_sentinel/pm5/pm5__20201105_20201124__0098	2020-11-11	646248.00000000,3716367.00000000,647016.00000000,3717135.00000000
train	005195	lower__20201111_165331_38_240c_3B_AnalyticMS_SR_8b_clip	pm5__20201105_20201124__0098	/scrfs/storage/yikebe/home/research/AR_Crop_Identification/make_dataset/raw_sentinel/pm5/pm5__20201105_20201124__0098	2020-11-11	649320.00000000,3716367.00000000,650088.00000000,3717135.00000000
train	005211	lower__20201111_165331_38_240c_3B_AnalyticMS_SR_8b_clip	pm5__20201105_20201124__0098	/scrfs/storage/yikebe/home/research/AR_Crop_Identification/make_dataset/raw_sentinel/pm5/pm5__20201105_20201124__0098	2020-11-11	653928.00000000,3716367.00000000,654696.00000000,3717135.00000000
train	005227	lower__20201111_165331_38_240c_3B_AnalyticMS_SR_8b_clip	pm5__20201105_20201124__0098	/scrfs/storage/yikebe/home/research/AR_Crop_Identification/make_dataset/raw_sentinel/pm5/pm5__20201105_20201124__0098	2020-11-11	653928.00000000,3715599.00000000,654696.00000000,3716367.00000000
train	005243	lower__20201111_165331_38_240c_3B_AnalyticMS_SR_8b_clip	pm5__20201105_20201124__0098	/scrfs/storage/yikebe/home/research/AR_Crop_Identification/make_dataset/raw_sentinel/pm5/pm5__20201105_20201124__0098	2020-11-11	660072.00000000,3715599.00000000,660840.00000000,3716367.00000000
train	005259	lower__20201111_165331_38_240c_3B_AnalyticMS_SR_8b_clip	pm5__20201105_20201124__0098	/scrfs/storage/yikebe/home/research/AR_Crop_Identification/make_dataset/raw_sentinel/pm5/pm5__20201105_20201124__0098	2020-11-11	668520.00000000,3715599.00000000,669288.00000000,3716367.00000000
train	005275	lower__20201111_165331_38_240c_3B_AnalyticMS_SR_8b_clip	pm5__20201105_20201124__0098	/scrfs/storage/yikebe/home/research/AR_Crop_Identification/make_dataset/raw_sentinel/pm5/pm5__20201105_20201124__0098	2020-11-11	653928.00000000,3714831.00000000,654696.00000000,3715599.00000000
train	005291	lower__20201111_165331_38_240c_3B_AnalyticMS_SR_8b_clip	pm5__20201105_20201124__0098	/scrfs/storage/yikebe/home/research/AR_Crop_Identification/make_dataset/raw_sentinel/pm5/pm5__20201105_20201124__0098	2020-11-11	663912.00000000,3714063.00000000,664680.00000000,3714831.00000000
train	005307	lower__20201112_165344_79_2274_3B_AnalyticMS_SR_8b_clip	pm5__20201105_20201124__0119	/scrfs/storage/yikebe/home/research/AR_Crop_Identification/make_dataset/raw_sentinel/pm5/pm5__20201105_20201124__0119	2020-11-11	713409.00000000,3796071.00000000,714177.00000000,3796839.00000000
train	005323	lower__20201112_165344_79_2274_3B_AnalyticMS_SR_8b_clip	pm5__20201105_20201124__0119	/scrfs/storage/yikebe/home/research/AR_Crop_Identification/make_dataset/raw_sentinel/pm5/pm5__20201105_20201124__0119	2020-11-11	714177.00000000,3796071.00000000,714945.00000000,3796839.00000000
train	005339	lower__20201112_165344_79_2274_3B_AnalyticMS_SR_8b_clip	pm5__20201105_20201124__0119	/scrfs/storage/yikebe/home/research/AR_Crop_Identification/make_dataset/raw_sentinel/pm5/pm5__20201105_20201124__0119	2020-11-11	714945.00000000,3796071.00000000,715713.00000000,3796839.00000000
train	005355	lower__20201112_165344_79_2274_3B_AnalyticMS_SR_8b_clip	pm5__20201105_20201124__0119	/scrfs/storage/yikebe/home/research/AR_Crop_Identification/make_dataset/raw_sentinel/pm5/pm5__20201105_20201124__0119	2020-11-11	713409.00000000,3795303.00000000,714177.00000000,3796071.00000000
train	005371	lower__20201112_165344_79_2274_3B_AnalyticMS_SR_8b_clip	pm5__20201105_20201124__0119	/scrfs/storage/yikebe/home/research/AR_Crop_Identification/make_dataset/raw_sentinel/pm5/pm5__20201105_20201124__0119	2020-11-11	716481.00000000,3793767.00000000,717249.00000000,3794535.00000000
train	005387	lower__20201112_165344_79_2274_3B_AnalyticMS_SR_8b_clip	pm5__20201105_20201124__0119	/scrfs/storage/yikebe/home/research/AR_Crop_Identification/make_dataset/raw_sentinel/pm5/pm5__20201105_20201124__0119	2020-11-11	715713.00000000,3792999.00000000,716481.00000000,3793767.00000000
train	005403	lower__20201112_165344_79_2274_3B_AnalyticMS_SR_8b_clip	pm5__20201105_20201124__0119	/scrfs/storage/yikebe/home/research/AR_Crop_Identification/make_dataset/raw_sentinel/pm5/pm5__20201105_20201124__0119	2020-11-11	716481.00000000,3792999.00000000,717249.00000000,3793767.00000000
train	005419	lower__20201112_165344_79_2274_3B_AnalyticMS_SR_8b_clip	pm5__20201105_20201124__0119	/scrfs/storage/yikebe/home/research/AR_Crop_Identification/make_dataset/raw_sentinel/pm5/pm5__20201105_20201124__0119	2020-11-11	731073.00000000,3792999.00000000,731841.00000000,3793767.00000000
train	005435	lower__20201112_165344_79_2274_3B_AnalyticMS_SR_8b_clip	pm5__20201105_20201124__0119	/scrfs/storage/yikebe/home/research/AR_Crop_Identification/make_dataset/raw_sentinel/pm5/pm5__20201105_20201124__0119	2020-11-11	707265.00000000,3792231.00000000,708033.00000000,3792999.00000000
train	005451	lower__20201112_165344_79_2274_3B_AnalyticMS_SR_8b_clip	pm5__20201105_20201124__0119	/scrfs/storage/yikebe/home/research/AR_Crop_Identification/make_dataset/raw_sentinel/pm5/pm5__20201105_20201124__0119	2020-11-11	714945.00000000,3792231.00000000,715713.00000000,3792999.00000000
train	005467	lower__20201112_165344_79_2274_3B_AnalyticMS_SR_8b_clip	pm5__20201105_20201124__0119	/scrfs/storage/yikebe/home/research/AR_Crop_Identification/make_dataset/raw_sentinel/pm5/pm5__20201105_20201124__0119	2020-11-11	708033.00000000,3791463.00000000,708801.00000000,3792231.00000000
train	005483	lower__20201112_165344_79_2274_3B_AnalyticMS_SR_8b_clip	pm5__20201105_20201124__0119	/scrfs/storage/yikebe/home/research/AR_Crop_Identification/make_dataset/raw_sentinel/pm5/pm5__20201105_20201124__0119	2020-11-11	714945.00000000,3791463.00000000,715713.00000000,3792231.00000000
train	005499	lower__20201112_165344_79_2274_3B_AnalyticMS_SR_8b_clip	pm5__20201105_20201124__0119	/scrfs/storage/yikebe/home/research/AR_Crop_Identification/make_dataset/raw_sentinel/pm5/pm5__20201105_20201124__0119	2020-11-11	728769.00000000,3791463.00000000,729537.00000000,3792231.00000000
train	005515	lower__20201112_165344_79_2274_3B_AnalyticMS_SR_8b_clip	pm5__20201105_20201124__0119	/scrfs/storage/yikebe/home/research/AR_Crop_Identification/make_dataset/raw_sentinel/pm5/pm5__20201105_20201124__0119	2020-11-11	714945.00000000,3779943.00000000,715713.00000000,3780711.00000000
train	005531	lower__20201112_165344_79_2274_3B_AnalyticMS_SR_8b_clip	pm5__20201105_20201124__0119	/scrfs/storage/yikebe/home/research/AR_Crop_Identification/make_dataset/raw_sentinel/pm5/pm5__20201105_20201124__0119	2020-11-11	717249.00000000,3779943.00000000,718017.00000000,3780711.00000000
train	005547	lower__20201112_165344_79_2274_3B_AnalyticMS_SR_8b_clip	pm5__20201105_20201124__0119	/scrfs/storage/yikebe/home/research/AR_Crop_Identification/make_dataset/raw_sentinel/pm5/pm5__20201105_20201124__0119	2020-11-11	728769.00000000,3779943.00000000,729537.00000000,3780711.00000000
train	005563	lower__20201112_165344_79_2274_3B_AnalyticMS_SR_8b_clip	pm5__20201105_20201124__0119	/scrfs/storage/yikebe/home/research/AR_Crop_Identification/make_dataset/raw_sentinel/pm5/pm5__20201105_20201124__0119	2020-11-11	714945.00000000,3779175.00000000,715713.00000000,3779943.00000000
train	005579	lower__20201112_165344_79_2274_3B_AnalyticMS_SR_8b_clip	pm5__20201105_20201124__0119	/scrfs/storage/yikebe/home/research/AR_Crop_Identification/make_dataset/raw_sentinel/pm5/pm5__20201105_20201124__0119	2020-11-11	717249.00000000,3779175.00000000,718017.00000000,3779943.00000000
train	005595	lower__20201112_165344_79_2274_3B_AnalyticMS_SR_8b_clip	pm5__20201105_20201124__0119	/scrfs/storage/yikebe/home/research/AR_Crop_Identification/make_dataset/raw_sentinel/pm5/pm5__20201105_20201124__0119	2020-11-11	715713.00000000,3778407.00000000,716481.00000000,3779175.00000000
train	005611	lower__20201112_165344_79_2274_3B_AnalyticMS_SR_8b_clip	pm5__20201105_20201124__0119	/scrfs/storage/yikebe/home/research/AR_Crop_Identification/make_dataset/raw_sentinel/pm5/pm5__20201105_20201124__0119	2020-11-11	717249.00000000,3778407.00000000,718017.00000000,3779175.00000000
train	005627	lower__20201112_165344_79_2274_3B_AnalyticMS_SR_8b_clip	pm5__20201105_20201124__0119	/scrfs/storage/yikebe/home/research/AR_Crop_Identification/make_dataset/raw_sentinel/pm5/pm5__20201105_20201124__0119	2020-11-11	722625.00000000,3778407.00000000,723393.00000000,3779175.00000000
train	005643	lower__20201112_165344_79_2274_3B_AnalyticMS_SR_8b_clip	pm5__20201105_20201124__0119	/scrfs/storage/yikebe/home/research/AR_Crop_Identification/make_dataset/raw_sentinel/pm5/pm5__20201105_20201124__0119	2020-11-11	726465.00000000,3778407.00000000,727233.00000000,3779175.00000000
train	005659	lower__20201112_165344_79_2274_3B_AnalyticMS_SR_8b_clip	pm5__20201105_20201124__0119	/scrfs/storage/yikebe/home/research/AR_Crop_Identification/make_dataset/raw_sentinel/pm5/pm5__20201105_20201124__0119	2020-11-11	725697.00000000,3777639.00000000,726465.00000000,3778407.00000000
train	005675	lower__20201112_165344_79_2274_3B_AnalyticMS_SR_8b_clip	pm5__20201105_20201124__0119	/scrfs/storage/yikebe/home/research/AR_Crop_Identification/make_dataset/raw_sentinel/pm5/pm5__20201105_20201124__0119	2020-11-11	726465.00000000,3777639.00000000,727233.00000000,3778407.00000000
train	005691	lower__20201112_165344_79_2274_3B_AnalyticMS_SR_8b_clip	pm5__20201105_20201124__0119	/scrfs/storage/yikebe/home/research/AR_Crop_Identification/make_dataset/raw_sentinel/pm5/pm5__20201105_20201124__0119	2020-11-11	721857.00000000,3776103.00000000,722625.00000000,3776871.00000000
train	005707	lower__20201112_165344_79_2274_3B_AnalyticMS_SR_8b_clip	pm5__20201105_20201124__0119	/scrfs/storage/yikebe/home/research/AR_Crop_Identification/make_dataset/raw_sentinel/pm5/pm5__20201105_20201124__0119	2020-11-11	722625.00000000,3776103.00000000,723393.00000000,3776871.00000000
train	005723	lower__20201112_165344_79_2274_3B_AnalyticMS_SR_8b_clip	pm5__20201105_20201124__0119	/scrfs/storage/yikebe/home/research/AR_Crop_Identification/make_dataset/raw_sentinel/pm5/pm5__20201105_20201124__0119	2020-11-11	727233.00000000,3775335.00000000,728001.00000000,3776103.00000000
train	005739	lower__20201112_165505_84_2407_3B_AnalyticMS_SR_8b_clip	pm5__20201105_20201124__0101	/scrfs/storage/yikebe/home/research/AR_Crop_Identification/make_dataset/raw_sentinel/pm5/pm5__20201105_20201124__0101	2020-11-11	666183.00000000,3836985.00000000,666951.00000000,3837753.00000000
train	005755	lower__20201112_165505_84_2407_3B_AnalyticMS_SR_8b_clip	pm5__20201105_20201124__0101	/scrfs/storage/yikebe/home/research/AR_Crop_Identification/make_dataset/raw_sentinel/pm5/pm5__20201105_20201124__0101	2020-11-11	666951.00000000,3835449.00000000,667719.00000000,3836217.00000000
train	005771	lower__20201112_165505_84_2407_3B_AnalyticMS_SR_8b_clip	pm5__20201105_20201124__0101	/scrfs/storage/yikebe/home/research/AR_Crop_Identification/make_dataset/raw_sentinel/pm5/pm5__20201105_20201124__0101	2020-11-11	672327.00000000,3834681.00000000,673095.00000000,3835449.00000000
train	005787	lower__20201112_165505_84_2407_3B_AnalyticMS_SR_8b_clip	pm5__20201105_20201124__0101	/scrfs/storage/yikebe/home/research/AR_Crop_Identification/make_dataset/raw_sentinel/pm5/pm5__20201105_20201124__0101	2020-11-11	675399.00000000,3833145.00000000,676167.00000000,3833913.00000000
train	005803	lower__20201112_165505_84_2407_3B_AnalyticMS_SR_8b_clip	pm5__20201105_20201124__0101	/scrfs/storage/yikebe/home/research/AR_Crop_Identification/make_dataset/raw_sentinel/pm5/pm5__20201105_20201124__0101	2020-11-11	675399.00000000,3832377.00000000,676167.00000000,3833145.00000000
train	005819	lower__20201112_165524_10_2407_3B_AnalyticMS_SR_8b_clip	pm5__20201105_20201124__0093	/scrfs/storage/yikebe/home/research/AR_Crop_Identification/make_dataset/raw_sentinel/pm5/pm5__20201105_20201124__0093	2020-11-11	637113.00000000,3710973.00000000,637881.00000000,3711741.00000000
train	005835	lower__20201112_165524_10_2407_3B_AnalyticMS_SR_8b_clip	pm5__20201105_20201124__0093	/scrfs/storage/yikebe/home/research/AR_Crop_Identification/make_dataset/raw_sentinel/pm5/pm5__20201105_20201124__0093	2020-11-11	636345.00000000,3710205.00000000,637113.00000000,3710973.00000000
train	005851	lower__20201112_165524_10_2407_3B_AnalyticMS_SR_8b_clip	pm5__20201105_20201124__0093	/scrfs/storage/yikebe/home/research/AR_Crop_Identification/make_dataset/raw_sentinel/pm5/pm5__20201105_20201124__0093	2020-11-11	636345.00000000,3709437.00000000,637113.00000000,3710205.00000000
train	005867	lower__20201112_165524_10_2407_3B_AnalyticMS_SR_8b_clip	pm5__20201105_20201124__0093	/scrfs/storage/yikebe/home/research/AR_Crop_Identification/make_dataset/raw_sentinel/pm5/pm5__20201105_20201124__0093	2020-11-11	637113.00000000,3709437.00000000,637881.00000000,3710205.00000000
train	005883	lower__20201112_165524_10_2407_3B_AnalyticMS_SR_8b_clip	pm5__20201105_20201124__0093	/scrfs/storage/yikebe/home/research/AR_Crop_Identification/make_dataset/raw_sentinel/pm5/pm5__20201105_20201124__0093	2020-11-11	637113.00000000,3708669.00000000,637881.00000000,3709437.00000000
train	005899	lower__20201112_165524_10_2407_3B_AnalyticMS_SR_8b_clip	pm5__20201105_20201124__0093	/scrfs/storage/yikebe/home/research/AR_Crop_Identification/make_dataset/raw_sentinel/pm5/pm5__20201105_20201124__0093	2020-11-11	637881.00000000,3708669.00000000,638649.00000000,3709437.00000000
train	005915	lower__20201112_165524_10_2407_3B_AnalyticMS_SR_8b_clip	pm5__20201105_20201124__0093	/scrfs/storage/yikebe/home/research/AR_Crop_Identification/make_dataset/raw_sentinel/pm5/pm5__20201105_20201124__0093	2020-11-11	646329.00000000,3708669.00000000,647097.00000000,3709437.00000000
train	005931	lower__20201112_165524_10_2407_3B_AnalyticMS_SR_8b_clip	pm5__20201105_20201124__0093	/scrfs/storage/yikebe/home/research/AR_Crop_Identification/make_dataset/raw_sentinel/pm5/pm5__20201105_20201124__0093	2020-11-11	651705.00000000,3708669.00000000,652473.00000000,3709437.00000000
train	005947	lower__20201112_165524_10_2407_3B_AnalyticMS_SR_8b_clip	pm5__20201105_20201124__0093	/scrfs/storage/yikebe/home/research/AR_Crop_Identification/make_dataset/raw_sentinel/pm5/pm5__20201105_20201124__0093	2020-11-11	637881.00000000,3707901.00000000,638649.00000000,3708669.00000000
train	005963	lower__20201112_165524_10_2407_3B_AnalyticMS_SR_8b_clip	pm5__20201105_20201124__0093	/scrfs/storage/yikebe/home/research/AR_Crop_Identification/make_dataset/raw_sentinel/pm5/pm5__20201105_20201124__0093	2020-11-11	638649.00000000,3707901.00000000,639417.00000000,3708669.00000000
train	005979	lower__20201112_165524_10_2407_3B_AnalyticMS_SR_8b_clip	pm5__20201105_20201124__0093	/scrfs/storage/yikebe/home/research/AR_Crop_Identification/make_dataset/raw_sentinel/pm5/pm5__20201105_20201124__0093	2020-11-11	646329.00000000,3707901.00000000,647097.00000000,3708669.00000000
train	005995	lower__20201112_165524_10_2407_3B_AnalyticMS_SR_8b_clip	pm5__20201105_20201124__0093	/scrfs/storage/yikebe/home/research/AR_Crop_Identification/make_dataset/raw_sentinel/pm5/pm5__20201105_20201124__0093	2020-11-11	647097.00000000,3707901.00000000,647865.00000000,3708669.00000000
train	006011	lower__20201112_165524_10_2407_3B_AnalyticMS_SR_8b_clip	pm5__20201105_20201124__0093	/scrfs/storage/yikebe/home/research/AR_Crop_Identification/make_dataset/raw_sentinel/pm5/pm5__20201105_20201124__0093	2020-11-11	637113.00000000,3707133.00000000,637881.00000000,3707901.00000000
train	006027	lower__20201112_165524_10_2407_3B_AnalyticMS_SR_8b_clip	pm5__20201105_20201124__0093	/scrfs/storage/yikebe/home/research/AR_Crop_Identification/make_dataset/raw_sentinel/pm5/pm5__20201105_20201124__0093	2020-11-11	657081.00000000,3707133.00000000,657849.00000000,3707901.00000000
train	006043	lower__20201112_165524_10_2407_3B_AnalyticMS_SR_8b_clip	pm5__20201105_20201124__0093	/scrfs/storage/yikebe/home/research/AR_Crop_Identification/make_dataset/raw_sentinel/pm5/pm5__20201105_20201124__0093	2020-11-11	636345.00000000,3706365.00000000,637113.00000000,3707133.00000000
train	006059	lower__20201112_165524_10_2407_3B_AnalyticMS_SR_8b_clip	pm5__20201105_20201124__0093	/scrfs/storage/yikebe/home/research/AR_Crop_Identification/make_dataset/raw_sentinel/pm5/pm5__20201105_20201124__0093	2020-11-11	653241.00000000,3706365.00000000,654009.00000000,3707133.00000000
train	006075	lower__20201112_165524_10_2407_3B_AnalyticMS_SR_8b_clip	pm5__20201105_20201124__0093	/scrfs/storage/yikebe/home/research/AR_Crop_Identification/make_dataset/raw_sentinel/pm5/pm5__20201105_20201124__0093	2020-11-11	650169.00000000,3705597.00000000,650937.00000000,3706365.00000000
train	006091	lower__20201112_165524_10_2407_3B_AnalyticMS_SR_8b_clip	pm5__20201105_20201124__0093	/scrfs/storage/yikebe/home/research/AR_Crop_Identification/make_dataset/raw_sentinel/pm5/pm5__20201105_20201124__0093	2020-11-11	653241.00000000,3705597.00000000,654009.00000000,3706365.00000000
train	006107	lower__20201112_165524_10_2407_3B_AnalyticMS_SR_8b_clip	pm5__20201105_20201124__0093	/scrfs/storage/yikebe/home/research/AR_Crop_Identification/make_dataset/raw_sentinel/pm5/pm5__20201105_20201124__0093	2020-11-11	657849.00000000,3705597.00000000,658617.00000000,3706365.00000000
train	006123	lower__20201112_165524_10_2407_3B_AnalyticMS_SR_8b_clip	pm5__20201105_20201124__0093	/scrfs/storage/yikebe/home/research/AR_Crop_Identification/make_dataset/raw_sentinel/pm5/pm5__20201105_20201124__0093	2020-11-11	651705.00000000,3704829.00000000,652473.00000000,3705597.00000000
train	006139	lower__20201112_165524_10_2407_3B_AnalyticMS_SR_8b_clip	pm5__20201105_20201124__0093	/scrfs/storage/yikebe/home/research/AR_Crop_Identification/make_dataset/raw_sentinel/pm5/pm5__20201105_20201124__0093	2020-11-11	652473.00000000,3704829.00000000,653241.00000000,3705597.00000000
train	006155	lower__20201112_165524_10_2407_3B_AnalyticMS_SR_8b_clip	pm5__20201105_20201124__0093	/scrfs/storage/yikebe/home/research/AR_Crop_Identification/make_dataset/raw_sentinel/pm5/pm5__20201105_20201124__0093	2020-11-11	653241.00000000,3704829.00000000,654009.00000000,3705597.00000000
train	006171	lower__20201112_165524_10_2407_3B_AnalyticMS_SR_8b_clip	pm5__20201105_20201124__0093	/scrfs/storage/yikebe/home/research/AR_Crop_Identification/make_dataset/raw_sentinel/pm5/pm5__20201105_20201124__0093	2020-11-11	654009.00000000,3704829.00000000,654777.00000000,3705597.00000000
train	006187	lower__20201112_165751_95_227c_3B_AnalyticMS_SR_8b_clip	pm5__20201105_20201124__0072	/scrfs/storage/yikebe/home/research/AR_Crop_Identification/make_dataset/raw_sentinel/pm5/pm5__20201105_20201124__0072	2020-11-11	624069.00000000,3827133.00000000,624837.00000000,3827901.00000000
train	006203	lower__20201112_165751_95_227c_3B_AnalyticMS_SR_8b_clip	pm5__20201105_20201124__0072	/scrfs/storage/yikebe/home/research/AR_Crop_Identification/make_dataset/raw_sentinel/pm5/pm5__20201105_20201124__0072	2020-11-11	627141.00000000,3826365.00000000,627909.00000000,3827133.00000000
train	006219	lower__20201112_165751_95_227c_3B_AnalyticMS_SR_8b_clip	pm5__20201105_20201124__0072	/scrfs/storage/yikebe/home/research/AR_Crop_Identification/make_dataset/raw_sentinel/pm5/pm5__20201105_20201124__0072	2020-11-11	627909.00000000,3826365.00000000,628677.00000000,3827133.00000000
train	006235	lower__20201112_165751_95_227c_3B_AnalyticMS_SR_8b_clip	pm5__20201105_20201124__0072	/scrfs/storage/yikebe/home/research/AR_Crop_Identification/make_dataset/raw_sentinel/pm5/pm5__20201105_20201124__0072	2020-11-11	627141.00000000,3824829.00000000,627909.00000000,3825597.00000000
train	006251	lower__20201112_165751_95_227c_3B_AnalyticMS_SR_8b_clip	pm5__20201105_20201124__0072	/scrfs/storage/yikebe/home/research/AR_Crop_Identification/make_dataset/raw_sentinel/pm5/pm5__20201105_20201124__0072	2020-11-11	627909.00000000,3824829.00000000,628677.00000000,3825597.00000000
val	000011	lower__20201115_155916_79_2212_3B_AnalyticMS_SR_8b_clip	pm5__20201105_20201124__0119	/scrfs/storage/yikebe/home/research/AR_Crop_Identification/make_dataset/raw_sentinel/pm5/pm5__20201105_20201124__0119	2020-11-11	703830.00000000,3684270.00000000,704598.00000000,3685038.00000000
val	000027	lower__20201115_155916_79_2212_3B_AnalyticMS_SR_8b_clip	pm5__20201105_20201124__0119	/scrfs/storage/yikebe/home/research/AR_Crop_Identification/make_dataset/raw_sentinel/pm5/pm5__20201105_20201124__0119	2020-11-11	705366.00000000,3681198.00000000,706134.00000000,3681966.00000000
train	006267	lower__20201116_160020_03_2257_3B_AnalyticMS_SR_8b_clip	pm5__20201105_20201124__0133	/scrfs/storage/yikebe/home/research/AR_Crop_Identification/make_dataset/raw_sentinel/pm5/pm5__20201105_20201124__0133	2020-11-21	734556.00000000,3750792.00000000,735324.00000000,3751560.00000000
train	006283	lower__20201116_160020_03_2257_3B_AnalyticMS_SR_8b_clip	pm5__20201105_20201124__0133	/scrfs/storage/yikebe/home/research/AR_Crop_Identification/make_dataset/raw_sentinel/pm5/pm5__20201105_20201124__0133	2020-11-21	735324.00000000,3750792.00000000,736092.00000000,3751560.00000000
train	006299	lower__20201116_160020_03_2257_3B_AnalyticMS_SR_8b_clip	pm5__20201105_20201124__0133	/scrfs/storage/yikebe/home/research/AR_Crop_Identification/make_dataset/raw_sentinel/pm5/pm5__20201105_20201124__0133	2020-11-21	736092.00000000,3749256.00000000,736860.00000000,3750024.00000000
train	006315	lower__20201116_160020_03_2257_3B_AnalyticMS_SR_8b_clip	pm5__20201105_20201124__0133	/scrfs/storage/yikebe/home/research/AR_Crop_Identification/make_dataset/raw_sentinel/pm5/pm5__20201105_20201124__0133	2020-11-21	762972.00000000,3748488.00000000,763740.00000000,3749256.00000000
train	006331	lower__20201116_160020_03_2257_3B_AnalyticMS_SR_8b_clip	pm5__20201105_20201124__0133	/scrfs/storage/yikebe/home/research/AR_Crop_Identification/make_dataset/raw_sentinel/pm5/pm5__20201105_20201124__0133	2020-11-21	763740.00000000,3748488.00000000,764508.00000000,3749256.00000000
train	006347	lower__20201116_160020_03_2257_3B_AnalyticMS_SR_8b_clip	pm5__20201105_20201124__0133	/scrfs/storage/yikebe/home/research/AR_Crop_Identification/make_dataset/raw_sentinel/pm5/pm5__20201105_20201124__0133	2020-11-21	745308.00000000,3746952.00000000,746076.00000000,3747720.00000000
train	006363	lower__20201116_160020_03_2257_3B_AnalyticMS_SR_8b_clip	pm5__20201105_20201124__0133	/scrfs/storage/yikebe/home/research/AR_Crop_Identification/make_dataset/raw_sentinel/pm5/pm5__20201105_20201124__0133	2020-11-21	759900.00000000,3746952.00000000,760668.00000000,3747720.00000000
train	006379	lower__20201116_160020_03_2257_3B_AnalyticMS_SR_8b_clip	pm5__20201105_20201124__0133	/scrfs/storage/yikebe/home/research/AR_Crop_Identification/make_dataset/raw_sentinel/pm5/pm5__20201105_20201124__0133	2020-11-21	760668.00000000,3746952.00000000,761436.00000000,3747720.00000000
train	006395	lower__20201116_160020_03_2257_3B_AnalyticMS_SR_8b_clip	pm5__20201105_20201124__0133	/scrfs/storage/yikebe/home/research/AR_Crop_Identification/make_dataset/raw_sentinel/pm5/pm5__20201105_20201124__0133	2020-11-21	766044.00000000,3746952.00000000,766812.00000000,3747720.00000000
train	006411	lower__20201116_160020_03_2257_3B_AnalyticMS_SR_8b_clip	pm5__20201105_20201124__0133	/scrfs/storage/yikebe/home/research/AR_Crop_Identification/make_dataset/raw_sentinel/pm5/pm5__20201105_20201124__0133	2020-11-21	736092.00000000,3745416.00000000,736860.00000000,3746184.00000000
train	006427	lower__20201116_160020_03_2257_3B_AnalyticMS_SR_8b_clip	pm5__20201105_20201124__0133	/scrfs/storage/yikebe/home/research/AR_Crop_Identification/make_dataset/raw_sentinel/pm5/pm5__20201105_20201124__0133	2020-11-21	743004.00000000,3745416.00000000,743772.00000000,3746184.00000000
train	006443	lower__20201116_160020_03_2257_3B_AnalyticMS_SR_8b_clip	pm5__20201105_20201124__0133	/scrfs/storage/yikebe/home/research/AR_Crop_Identification/make_dataset/raw_sentinel/pm5/pm5__20201105_20201124__0133	2020-11-21	762204.00000000,3744648.00000000,762972.00000000,3745416.00000000
train	006459	lower__20201116_160020_03_2257_3B_AnalyticMS_SR_8b_clip	pm5__20201105_20201124__0133	/scrfs/storage/yikebe/home/research/AR_Crop_Identification/make_dataset/raw_sentinel/pm5/pm5__20201105_20201124__0133	2020-11-21	746076.00000000,3737736.00000000,746844.00000000,3738504.00000000
train	006475	lower__20201116_160020_03_2257_3B_AnalyticMS_SR_8b_clip	pm5__20201105_20201124__0133	/scrfs/storage/yikebe/home/research/AR_Crop_Identification/make_dataset/raw_sentinel/pm5/pm5__20201105_20201124__0133	2020-11-21	743004.00000000,3736968.00000000,743772.00000000,3737736.00000000
train	006491	lower__20201116_160020_03_2257_3B_AnalyticMS_SR_8b_clip	pm5__20201105_20201124__0133	/scrfs/storage/yikebe/home/research/AR_Crop_Identification/make_dataset/raw_sentinel/pm5/pm5__20201105_20201124__0133	2020-11-21	743772.00000000,3736968.00000000,744540.00000000,3737736.00000000
train	006507	lower__20201116_160020_03_2257_3B_AnalyticMS_SR_8b_clip	pm5__20201105_20201124__0133	/scrfs/storage/yikebe/home/research/AR_Crop_Identification/make_dataset/raw_sentinel/pm5/pm5__20201105_20201124__0133	2020-11-21	745308.00000000,3736968.00000000,746076.00000000,3737736.00000000
train	006523	lower__20201116_160020_03_2257_3B_AnalyticMS_SR_8b_clip	pm5__20201105_20201124__0133	/scrfs/storage/yikebe/home/research/AR_Crop_Identification/make_dataset/raw_sentinel/pm5/pm5__20201105_20201124__0133	2020-11-21	742236.00000000,3736200.00000000,743004.00000000,3736968.00000000
train	006539	lower__20201116_160020_03_2257_3B_AnalyticMS_SR_8b_clip	pm5__20201105_20201124__0133	/scrfs/storage/yikebe/home/research/AR_Crop_Identification/make_dataset/raw_sentinel/pm5/pm5__20201105_20201124__0133	2020-11-21	742236.00000000,3735432.00000000,743004.00000000,3736200.00000000
train	006555	lower__20201116_160020_03_2257_3B_AnalyticMS_SR_8b_clip	pm5__20201105_20201124__0133	/scrfs/storage/yikebe/home/research/AR_Crop_Identification/make_dataset/raw_sentinel/pm5/pm5__20201105_20201124__0133	2020-11-21	740700.00000000,3734664.00000000,741468.00000000,3735432.00000000
train	006571	lower__20201116_160020_03_2257_3B_AnalyticMS_SR_8b_clip	pm5__20201105_20201124__0133	/scrfs/storage/yikebe/home/research/AR_Crop_Identification/make_dataset/raw_sentinel/pm5/pm5__20201105_20201124__0133	2020-11-21	742236.00000000,3734664.00000000,743004.00000000,3735432.00000000
train	006587	lower__20201116_160020_03_2257_3B_AnalyticMS_SR_8b_clip	pm5__20201105_20201124__0133	/scrfs/storage/yikebe/home/research/AR_Crop_Identification/make_dataset/raw_sentinel/pm5/pm5__20201105_20201124__0133	2020-11-21	743004.00000000,3733128.00000000,743772.00000000,3733896.00000000
train	006603	lower__20201116_160020_03_2257_3B_AnalyticMS_SR_8b_clip	pm5__20201105_20201124__0133	/scrfs/storage/yikebe/home/research/AR_Crop_Identification/make_dataset/raw_sentinel/pm5/pm5__20201105_20201124__0133	2020-11-21	743772.00000000,3733128.00000000,744540.00000000,3733896.00000000
train	006619	lower__20201116_160020_03_2257_3B_AnalyticMS_SR_8b_clip	pm5__20201105_20201124__0133	/scrfs/storage/yikebe/home/research/AR_Crop_Identification/make_dataset/raw_sentinel/pm5/pm5__20201105_20201124__0133	2020-11-21	758364.00000000,3733128.00000000,759132.00000000,3733896.00000000
train	006635	lower__20201116_160020_03_2257_3B_AnalyticMS_SR_8b_clip	pm5__20201105_20201124__0133	/scrfs/storage/yikebe/home/research/AR_Crop_Identification/make_dataset/raw_sentinel/pm5/pm5__20201105_20201124__0133	2020-11-21	753756.00000000,3730824.00000000,754524.00000000,3731592.00000000
train	006651	lower__20201116_160020_03_2257_3B_AnalyticMS_SR_8b_clip	pm5__20201105_20201124__0133	/scrfs/storage/yikebe/home/research/AR_Crop_Identification/make_dataset/raw_sentinel/pm5/pm5__20201105_20201124__0133	2020-11-21	754524.00000000,3730824.00000000,755292.00000000,3731592.00000000
train	006667	lower__20201116_160048_31_2206_3B_AnalyticMS_SR_8b_clip	pm5__20201105_20201124__0099	/scrfs/storage/yikebe/home/research/AR_Crop_Identification/make_dataset/raw_sentinel/pm5/pm5__20201105_20201124__0099	2020-11-19	657480.00000000,3726180.00000000,658248.00000000,3726948.00000000
train	006683	lower__20201116_160048_31_2206_3B_AnalyticMS_SR_8b_clip	pm5__20201105_20201124__0099	/scrfs/storage/yikebe/home/research/AR_Crop_Identification/make_dataset/raw_sentinel/pm5/pm5__20201105_20201124__0099	2020-11-19	661320.00000000,3725412.00000000,662088.00000000,3726180.00000000
train	006699	lower__20201116_160048_31_2206_3B_AnalyticMS_SR_8b_clip	pm5__20201105_20201124__0099	/scrfs/storage/yikebe/home/research/AR_Crop_Identification/make_dataset/raw_sentinel/pm5/pm5__20201105_20201124__0099	2020-11-19	662088.00000000,3725412.00000000,662856.00000000,3726180.00000000
train	006715	lower__20201116_160048_31_2206_3B_AnalyticMS_SR_8b_clip	pm5__20201105_20201124__0099	/scrfs/storage/yikebe/home/research/AR_Crop_Identification/make_dataset/raw_sentinel/pm5/pm5__20201105_20201124__0099	2020-11-19	660552.00000000,3724644.00000000,661320.00000000,3725412.00000000
train	006731	lower__20201116_160048_31_2206_3B_AnalyticMS_SR_8b_clip	pm5__20201105_20201124__0099	/scrfs/storage/yikebe/home/research/AR_Crop_Identification/make_dataset/raw_sentinel/pm5/pm5__20201105_20201124__0099	2020-11-19	661320.00000000,3724644.00000000,662088.00000000,3725412.00000000
train	006747	lower__20201116_160048_31_2206_3B_AnalyticMS_SR_8b_clip	pm5__20201105_20201124__0099	/scrfs/storage/yikebe/home/research/AR_Crop_Identification/make_dataset/raw_sentinel/pm5/pm5__20201105_20201124__0099	2020-11-19	662088.00000000,3724644.00000000,662856.00000000,3725412.00000000
train	006763	lower__20201116_160048_31_2206_3B_AnalyticMS_SR_8b_clip	pm5__20201105_20201124__0099	/scrfs/storage/yikebe/home/research/AR_Crop_Identification/make_dataset/raw_sentinel/pm5/pm5__20201105_20201124__0099	2020-11-19	662856.00000000,3724644.00000000,663624.00000000,3725412.00000000
train	006779	lower__20201116_160048_31_2206_3B_AnalyticMS_SR_8b_clip	pm5__20201105_20201124__0099	/scrfs/storage/yikebe/home/research/AR_Crop_Identification/make_dataset/raw_sentinel/pm5/pm5__20201105_20201124__0099	2020-11-19	660552.00000000,3723876.00000000,661320.00000000,3724644.00000000
train	006795	lower__20201116_160048_31_2206_3B_AnalyticMS_SR_8b_clip	pm5__20201105_20201124__0099	/scrfs/storage/yikebe/home/research/AR_Crop_Identification/make_dataset/raw_sentinel/pm5/pm5__20201105_20201124__0099	2020-11-19	661320.00000000,3723876.00000000,662088.00000000,3724644.00000000
train	006811	lower__20201116_160048_31_2206_3B_AnalyticMS_SR_8b_clip	pm5__20201105_20201124__0099	/scrfs/storage/yikebe/home/research/AR_Crop_Identification/make_dataset/raw_sentinel/pm5/pm5__20201105_20201124__0099	2020-11-19	662088.00000000,3723876.00000000,662856.00000000,3724644.00000000
train	006827	lower__20201116_160048_31_2206_3B_AnalyticMS_SR_8b_clip	pm5__20201105_20201124__0099	/scrfs/storage/yikebe/home/research/AR_Crop_Identification/make_dataset/raw_sentinel/pm5/pm5__20201105_20201124__0099	2020-11-19	662088.00000000,3723108.00000000,662856.00000000,3723876.00000000
train	006843	lower__20201116_160048_31_2206_3B_AnalyticMS_SR_8b_clip	pm5__20201105_20201124__0099	/scrfs/storage/yikebe/home/research/AR_Crop_Identification/make_dataset/raw_sentinel/pm5/pm5__20201105_20201124__0099	2020-11-19	654408.00000000,3720036.00000000,655176.00000000,3720804.00000000
train	006859	lower__20201116_160048_31_2206_3B_AnalyticMS_SR_8b_clip	pm5__20201105_20201124__0099	/scrfs/storage/yikebe/home/research/AR_Crop_Identification/make_dataset/raw_sentinel/pm5/pm5__20201105_20201124__0099	2020-11-19	659784.00000000,3720036.00000000,660552.00000000,3720804.00000000
train	006875	lower__20201116_160048_31_2206_3B_AnalyticMS_SR_8b_clip	pm5__20201105_20201124__0099	/scrfs/storage/yikebe/home/research/AR_Crop_Identification/make_dataset/raw_sentinel/pm5/pm5__20201105_20201124__0099	2020-11-19	659784.00000000,3719268.00000000,660552.00000000,3720036.00000000
train	006891	lower__20201116_160048_31_2206_3B_AnalyticMS_SR_8b_clip	pm5__20201105_20201124__0099	/scrfs/storage/yikebe/home/research/AR_Crop_Identification/make_dataset/raw_sentinel/pm5/pm5__20201105_20201124__0099	2020-11-19	661320.00000000,3716964.00000000,662088.00000000,3717732.00000000
train	006907	lower__20201116_160048_31_2206_3B_AnalyticMS_SR_8b_clip	pm5__20201105_20201124__0099	/scrfs/storage/yikebe/home/research/AR_Crop_Identification/make_dataset/raw_sentinel/pm5/pm5__20201105_20201124__0099	2020-11-19	653640.00000000,3714660.00000000,654408.00000000,3715428.00000000
train	006923	lower__20201116_160048_31_2206_3B_AnalyticMS_SR_8b_clip	pm5__20201105_20201124__0099	/scrfs/storage/yikebe/home/research/AR_Crop_Identification/make_dataset/raw_sentinel/pm5/pm5__20201105_20201124__0099	2020-11-19	653640.00000000,3710820.00000000,654408.00000000,3711588.00000000
train	006939	lower__20201116_160048_31_2206_3B_AnalyticMS_SR_8b_clip	pm5__20201105_20201124__0099	/scrfs/storage/yikebe/home/research/AR_Crop_Identification/make_dataset/raw_sentinel/pm5/pm5__20201105_20201124__0099	2020-11-19	653640.00000000,3710052.00000000,654408.00000000,3710820.00000000
train	006955	lower__20201116_160048_31_2206_3B_AnalyticMS_SR_8b_clip	pm5__20201105_20201124__0099	/scrfs/storage/yikebe/home/research/AR_Crop_Identification/make_dataset/raw_sentinel/pm5/pm5__20201105_20201124__0099	2020-11-19	659784.00000000,3710052.00000000,660552.00000000,3710820.00000000
val	000043	lower__20201116_160449_23_220b_3B_AnalyticMS_SR_8b_clip	pm5__20201105_20201124__0067	/scrfs/storage/yikebe/home/research/AR_Crop_Identification/make_dataset/raw_sentinel/pm5/pm5__20201105_20201124__0067	2020-11-19	623217.00000000,3681927.00000000,623985.00000000,3682695.00000000
train	006971	lower__20201117_160548_39_2280_3B_AnalyticMS_SR_8b_clip	pm5__20201105_20201124__0115	/scrfs/storage/yikebe/home/research/AR_Crop_Identification/make_dataset/raw_sentinel/pm5/pm5__20201105_20201124__0115	2020-11-21	693750.00000000,3661098.00000000,694518.00000000,3661866.00000000
train	006987	lower__20201117_160548_39_2280_3B_AnalyticMS_SR_8b_clip	pm5__20201105_20201124__0115	/scrfs/storage/yikebe/home/research/AR_Crop_Identification/make_dataset/raw_sentinel/pm5/pm5__20201105_20201124__0115	2020-11-21	696822.00000000,3660330.00000000,697590.00000000,3661098.00000000
train	007003	lower__20201117_160548_39_2280_3B_AnalyticMS_SR_8b_clip	pm5__20201105_20201124__0115	/scrfs/storage/yikebe/home/research/AR_Crop_Identification/make_dataset/raw_sentinel/pm5/pm5__20201105_20201124__0115	2020-11-21	693750.00000000,3657258.00000000,694518.00000000,3658026.00000000
train	007019	lower__20201117_160548_39_2280_3B_AnalyticMS_SR_8b_clip	pm5__20201105_20201124__0115	/scrfs/storage/yikebe/home/research/AR_Crop_Identification/make_dataset/raw_sentinel/pm5/pm5__20201105_20201124__0115	2020-11-21	695286.00000000,3657258.00000000,696054.00000000,3658026.00000000
train	007035	lower__20201117_160548_39_2280_3B_AnalyticMS_SR_8b_clip	pm5__20201105_20201124__0115	/scrfs/storage/yikebe/home/research/AR_Crop_Identification/make_dataset/raw_sentinel/pm5/pm5__20201105_20201124__0115	2020-11-21	693750.00000000,3656490.00000000,694518.00000000,3657258.00000000
train	007051	lower__20201117_160548_39_2280_3B_AnalyticMS_SR_8b_clip	pm5__20201105_20201124__0115	/scrfs/storage/yikebe/home/research/AR_Crop_Identification/make_dataset/raw_sentinel/pm5/pm5__20201105_20201124__0115	2020-11-21	692214.00000000,3654954.00000000,692982.00000000,3655722.00000000
train	007067	lower__20201117_160548_39_2280_3B_AnalyticMS_SR_8b_clip	pm5__20201105_20201124__0115	/scrfs/storage/yikebe/home/research/AR_Crop_Identification/make_dataset/raw_sentinel/pm5/pm5__20201105_20201124__0115	2020-11-21	724470.00000000,3654954.00000000,725238.00000000,3655722.00000000
train	007083	lower__20201117_160548_39_2280_3B_AnalyticMS_SR_8b_clip	pm5__20201105_20201124__0115	/scrfs/storage/yikebe/home/research/AR_Crop_Identification/make_dataset/raw_sentinel/pm5/pm5__20201105_20201124__0115	2020-11-21	692214.00000000,3654186.00000000,692982.00000000,3654954.00000000
train	007099	lower__20201117_160548_39_2280_3B_AnalyticMS_SR_8b_clip	pm5__20201105_20201124__0115	/scrfs/storage/yikebe/home/research/AR_Crop_Identification/make_dataset/raw_sentinel/pm5/pm5__20201105_20201124__0115	2020-11-21	721398.00000000,3654186.00000000,722166.00000000,3654954.00000000
train	007115	lower__20201117_165343_72_2414_3B_AnalyticMS_SR_8b_clip	pm5__20201105_20201124__0088	/scrfs/storage/yikebe/home/research/AR_Crop_Identification/make_dataset/raw_sentinel/pm5/pm5__20201105_20201124__0088	2020-11-19	629508.00000000,3845970.00000000,630276.00000000,3846738.00000000
train	007131	lower__20201117_165343_72_2414_3B_AnalyticMS_SR_8b_clip	pm5__20201105_20201124__0088	/scrfs/storage/yikebe/home/research/AR_Crop_Identification/make_dataset/raw_sentinel/pm5/pm5__20201105_20201124__0088	2020-11-19	631044.00000000,3843666.00000000,631812.00000000,3844434.00000000
train	007147	lower__20201117_165343_72_2414_3B_AnalyticMS_SR_8b_clip	pm5__20201105_20201124__0088	/scrfs/storage/yikebe/home/research/AR_Crop_Identification/make_dataset/raw_sentinel/pm5/pm5__20201105_20201124__0088	2020-11-19	631044.00000000,3842898.00000000,631812.00000000,3843666.00000000
train	007163	lower__20201117_165343_72_2414_3B_AnalyticMS_SR_8b_clip	pm5__20201105_20201124__0088	/scrfs/storage/yikebe/home/research/AR_Crop_Identification/make_dataset/raw_sentinel/pm5/pm5__20201105_20201124__0088	2020-11-19	636420.00000000,3842898.00000000,637188.00000000,3843666.00000000
train	007179	lower__20201117_165343_72_2414_3B_AnalyticMS_SR_8b_clip	pm5__20201105_20201124__0088	/scrfs/storage/yikebe/home/research/AR_Crop_Identification/make_dataset/raw_sentinel/pm5/pm5__20201105_20201124__0088	2020-11-19	636420.00000000,3842130.00000000,637188.00000000,3842898.00000000
train	007195	lower__20201117_165343_72_2414_3B_AnalyticMS_SR_8b_clip	pm5__20201105_20201124__0088	/scrfs/storage/yikebe/home/research/AR_Crop_Identification/make_dataset/raw_sentinel/pm5/pm5__20201105_20201124__0088	2020-11-19	636420.00000000,3841362.00000000,637188.00000000,3842130.00000000
train	007211	lower__20201117_165343_72_2414_3B_AnalyticMS_SR_8b_clip	pm5__20201105_20201124__0088	/scrfs/storage/yikebe/home/research/AR_Crop_Identification/make_dataset/raw_sentinel/pm5/pm5__20201105_20201124__0088	2020-11-19	637188.00000000,3839058.00000000,637956.00000000,3839826.00000000
train	007227	lower__20201117_165343_72_2414_3B_AnalyticMS_SR_8b_clip	pm5__20201105_20201124__0088	/scrfs/storage/yikebe/home/research/AR_Crop_Identification/make_dataset/raw_sentinel/pm5/pm5__20201105_20201124__0088	2020-11-19	632580.00000000,3838290.00000000,633348.00000000,3839058.00000000
train	007243	lower__20201117_165343_72_2414_3B_AnalyticMS_SR_8b_clip	pm5__20201105_20201124__0088	/scrfs/storage/yikebe/home/research/AR_Crop_Identification/make_dataset/raw_sentinel/pm5/pm5__20201105_20201124__0088	2020-11-19	631044.00000000,3834450.00000000,631812.00000000,3835218.00000000
train	007259	lower__20201117_165343_72_2414_3B_AnalyticMS_SR_8b_clip	pm5__20201105_20201124__0088	/scrfs/storage/yikebe/home/research/AR_Crop_Identification/make_dataset/raw_sentinel/pm5/pm5__20201105_20201124__0088	2020-11-19	633348.00000000,3834450.00000000,634116.00000000,3835218.00000000
train	007275	lower__20201117_165343_72_2414_3B_AnalyticMS_SR_8b_clip	pm5__20201105_20201124__0088	/scrfs/storage/yikebe/home/research/AR_Crop_Identification/make_dataset/raw_sentinel/pm5/pm5__20201105_20201124__0088	2020-11-19	644868.00000000,3834450.00000000,645636.00000000,3835218.00000000
train	007291	lower__20201117_165343_72_2414_3B_AnalyticMS_SR_8b_clip	pm5__20201105_20201124__0088	/scrfs/storage/yikebe/home/research/AR_Crop_Identification/make_dataset/raw_sentinel/pm5/pm5__20201105_20201124__0088	2020-11-19	645636.00000000,3834450.00000000,646404.00000000,3835218.00000000
train	007307	lower__20201117_165343_72_2414_3B_AnalyticMS_SR_8b_clip	pm5__20201105_20201124__0088	/scrfs/storage/yikebe/home/research/AR_Crop_Identification/make_dataset/raw_sentinel/pm5/pm5__20201105_20201124__0088	2020-11-19	633348.00000000,3833682.00000000,634116.00000000,3834450.00000000
train	007323	lower__20201117_165343_72_2414_3B_AnalyticMS_SR_8b_clip	pm5__20201105_20201124__0088	/scrfs/storage/yikebe/home/research/AR_Crop_Identification/make_dataset/raw_sentinel/pm5/pm5__20201105_20201124__0088	2020-11-19	645636.00000000,3833682.00000000,646404.00000000,3834450.00000000
train	007339	lower__20201117_165343_72_2414_3B_AnalyticMS_SR_8b_clip	pm5__20201105_20201124__0088	/scrfs/storage/yikebe/home/research/AR_Crop_Identification/make_dataset/raw_sentinel/pm5/pm5__20201105_20201124__0088	2020-11-19	627972.00000000,3832914.00000000,628740.00000000,3833682.00000000
train	007355	lower__20201117_165343_72_2414_3B_AnalyticMS_SR_8b_clip	pm5__20201105_20201124__0088	/scrfs/storage/yikebe/home/research/AR_Crop_Identification/make_dataset/raw_sentinel/pm5/pm5__20201105_20201124__0088	2020-11-19	629508.00000000,3832914.00000000,630276.00000000,3833682.00000000
train	007371	lower__20201117_165343_72_2414_3B_AnalyticMS_SR_8b_clip	pm5__20201105_20201124__0088	/scrfs/storage/yikebe/home/research/AR_Crop_Identification/make_dataset/raw_sentinel/pm5/pm5__20201105_20201124__0088	2020-11-19	630276.00000000,3832914.00000000,631044.00000000,3833682.00000000
train	007387	lower__20201117_165343_72_2414_3B_AnalyticMS_SR_8b_clip	pm5__20201105_20201124__0088	/scrfs/storage/yikebe/home/research/AR_Crop_Identification/make_dataset/raw_sentinel/pm5/pm5__20201105_20201124__0088	2020-11-19	632580.00000000,3832914.00000000,633348.00000000,3833682.00000000
train	007403	lower__20201117_165343_72_2414_3B_AnalyticMS_SR_8b_clip	pm5__20201105_20201124__0088	/scrfs/storage/yikebe/home/research/AR_Crop_Identification/make_dataset/raw_sentinel/pm5/pm5__20201105_20201124__0088	2020-11-19	634116.00000000,3832914.00000000,634884.00000000,3833682.00000000
train	007419	lower__20201117_165343_72_2414_3B_AnalyticMS_SR_8b_clip	pm5__20201105_20201124__0088	/scrfs/storage/yikebe/home/research/AR_Crop_Identification/make_dataset/raw_sentinel/pm5/pm5__20201105_20201124__0088	2020-11-19	634116.00000000,3832146.00000000,634884.00000000,3832914.00000000
train	007435	lower__20201117_165343_72_2414_3B_AnalyticMS_SR_8b_clip	pm5__20201105_20201124__0088	/scrfs/storage/yikebe/home/research/AR_Crop_Identification/make_dataset/raw_sentinel/pm5/pm5__20201105_20201124__0088	2020-11-19	629508.00000000,3829842.00000000,630276.00000000,3830610.00000000
train	007451	lower__20201117_165343_72_2414_3B_AnalyticMS_SR_8b_clip	pm5__20201105_20201124__0088	/scrfs/storage/yikebe/home/research/AR_Crop_Identification/make_dataset/raw_sentinel/pm5/pm5__20201105_20201124__0088	2020-11-19	634116.00000000,3829842.00000000,634884.00000000,3830610.00000000
train	007467	lower__20201117_165343_72_2414_3B_AnalyticMS_SR_8b_clip	pm5__20201105_20201124__0088	/scrfs/storage/yikebe/home/research/AR_Crop_Identification/make_dataset/raw_sentinel/pm5/pm5__20201105_20201124__0088	2020-11-19	629508.00000000,3829074.00000000,630276.00000000,3829842.00000000
train	007483	lower__20201117_165343_72_2414_3B_AnalyticMS_SR_8b_clip	pm5__20201105_20201124__0088	/scrfs/storage/yikebe/home/research/AR_Crop_Identification/make_dataset/raw_sentinel/pm5/pm5__20201105_20201124__0088	2020-11-19	629508.00000000,3828306.00000000,630276.00000000,3829074.00000000
train	007499	lower__20201117_165343_72_2414_3B_AnalyticMS_SR_8b_clip	pm5__20201105_20201124__0088	/scrfs/storage/yikebe/home/research/AR_Crop_Identification/make_dataset/raw_sentinel/pm5/pm5__20201105_20201124__0088	2020-11-19	633348.00000000,3826770.00000000,634116.00000000,3827538.00000000
train	007515	lower__20201117_165343_72_2414_3B_AnalyticMS_SR_8b_clip	pm5__20201105_20201124__0088	/scrfs/storage/yikebe/home/research/AR_Crop_Identification/make_dataset/raw_sentinel/pm5/pm5__20201105_20201124__0088	2020-11-19	634116.00000000,3826770.00000000,634884.00000000,3827538.00000000
train	007531	lower__20201118_160510_25_2264_3B_AnalyticMS_SR_8b_clip	pm5__20201105_20201124__0119	/scrfs/storage/yikebe/home/research/AR_Crop_Identification/make_dataset/raw_sentinel/pm5/pm5__20201105_20201124__0119	2020-11-21	729264.00000000,3779979.00000000,730032.00000000,3780747.00000000
train	007547	lower__20201118_160510_25_2264_3B_AnalyticMS_SR_8b_clip	pm5__20201105_20201124__0119	/scrfs/storage/yikebe/home/research/AR_Crop_Identification/make_dataset/raw_sentinel/pm5/pm5__20201105_20201124__0119	2020-11-21	726192.00000000,3778443.00000000,726960.00000000,3779211.00000000
train	007563	lower__20201118_160510_25_2264_3B_AnalyticMS_SR_8b_clip	pm5__20201105_20201124__0119	/scrfs/storage/yikebe/home/research/AR_Crop_Identification/make_dataset/raw_sentinel/pm5/pm5__20201105_20201124__0119	2020-11-21	721584.00000000,3760779.00000000,722352.00000000,3761547.00000000
train	007579	lower__20201118_165924_72_227b_3B_AnalyticMS_SR_8b_clip	pm5__20201105_20201124__0055	/scrfs/storage/yikebe/home/research/AR_Crop_Identification/make_dataset/raw_sentinel/pm5/pm5__20201105_20201124__0055	2020-11-19	569943.00000000,3761316.00000000,570711.00000000,3762084.00000000
train	007595	lower__20201119_164759_29_240a_3B_AnalyticMS_SR_8b_clip	pm5__20201105_20201124__0132	/scrfs/storage/yikebe/home/research/AR_Crop_Identification/make_dataset/raw_sentinel/pm5/pm5__20201105_20201124__0132	2020-11-21	734142.00000000,3705393.00000000,734910.00000000,3706161.00000000
train	007611	lower__20201119_164759_29_240a_3B_AnalyticMS_SR_8b_clip	pm5__20201105_20201124__0132	/scrfs/storage/yikebe/home/research/AR_Crop_Identification/make_dataset/raw_sentinel/pm5/pm5__20201105_20201124__0132	2020-11-21	729534.00000000,3704625.00000000,730302.00000000,3705393.00000000
train	007627	lower__20201119_164759_29_240a_3B_AnalyticMS_SR_8b_clip	pm5__20201105_20201124__0132	/scrfs/storage/yikebe/home/research/AR_Crop_Identification/make_dataset/raw_sentinel/pm5/pm5__20201105_20201124__0132	2020-11-21	729534.00000000,3699249.00000000,730302.00000000,3700017.00000000
train	007643	lower__20201119_164759_29_240a_3B_AnalyticMS_SR_8b_clip	pm5__20201105_20201124__0132	/scrfs/storage/yikebe/home/research/AR_Crop_Identification/make_dataset/raw_sentinel/pm5/pm5__20201105_20201124__0132	2020-11-21	729534.00000000,3698481.00000000,730302.00000000,3699249.00000000
train	007659	lower__20201119_164759_29_240a_3B_AnalyticMS_SR_8b_clip	pm5__20201105_20201124__0132	/scrfs/storage/yikebe/home/research/AR_Crop_Identification/make_dataset/raw_sentinel/pm5/pm5__20201105_20201124__0132	2020-11-21	731070.00000000,3697713.00000000,731838.00000000,3698481.00000000
train	007675	lower__20201119_164759_29_240a_3B_AnalyticMS_SR_8b_clip	pm5__20201105_20201124__0132	/scrfs/storage/yikebe/home/research/AR_Crop_Identification/make_dataset/raw_sentinel/pm5/pm5__20201105_20201124__0132	2020-11-21	729534.00000000,3696945.00000000,730302.00000000,3697713.00000000
train	007691	lower__20201119_164759_29_240a_3B_AnalyticMS_SR_8b_clip	pm5__20201105_20201124__0132	/scrfs/storage/yikebe/home/research/AR_Crop_Identification/make_dataset/raw_sentinel/pm5/pm5__20201105_20201124__0132	2020-11-21	730302.00000000,3696945.00000000,731070.00000000,3697713.00000000
train	007707	lower__20201119_164759_29_240a_3B_AnalyticMS_SR_8b_clip	pm5__20201105_20201124__0132	/scrfs/storage/yikebe/home/research/AR_Crop_Identification/make_dataset/raw_sentinel/pm5/pm5__20201105_20201124__0132	2020-11-21	731070.00000000,3696945.00000000,731838.00000000,3697713.00000000
train	007723	lower__20201119_164759_29_240a_3B_AnalyticMS_SR_8b_clip	pm5__20201105_20201124__0132	/scrfs/storage/yikebe/home/research/AR_Crop_Identification/make_dataset/raw_sentinel/pm5/pm5__20201105_20201124__0132	2020-11-21	731838.00000000,3696945.00000000,732606.00000000,3697713.00000000
train	007739	lower__20201119_164759_29_240a_3B_AnalyticMS_SR_8b_clip	pm5__20201105_20201124__0132	/scrfs/storage/yikebe/home/research/AR_Crop_Identification/make_dataset/raw_sentinel/pm5/pm5__20201105_20201124__0132	2020-11-21	727998.00000000,3696177.00000000,728766.00000000,3696945.00000000
train	007755	lower__20201119_164759_29_240a_3B_AnalyticMS_SR_8b_clip	pm5__20201105_20201124__0132	/scrfs/storage/yikebe/home/research/AR_Crop_Identification/make_dataset/raw_sentinel/pm5/pm5__20201105_20201124__0132	2020-11-21	728766.00000000,3696177.00000000,729534.00000000,3696945.00000000
train	007771	lower__20201119_164759_29_240a_3B_AnalyticMS_SR_8b_clip	pm5__20201105_20201124__0132	/scrfs/storage/yikebe/home/research/AR_Crop_Identification/make_dataset/raw_sentinel/pm5/pm5__20201105_20201124__0132	2020-11-21	730302.00000000,3696177.00000000,731070.00000000,3696945.00000000
train	007787	lower__20201119_164759_29_240a_3B_AnalyticMS_SR_8b_clip	pm5__20201105_20201124__0132	/scrfs/storage/yikebe/home/research/AR_Crop_Identification/make_dataset/raw_sentinel/pm5/pm5__20201105_20201124__0132	2020-11-21	731070.00000000,3696177.00000000,731838.00000000,3696945.00000000
train	007803	lower__20201119_164759_29_240a_3B_AnalyticMS_SR_8b_clip	pm5__20201105_20201124__0132	/scrfs/storage/yikebe/home/research/AR_Crop_Identification/make_dataset/raw_sentinel/pm5/pm5__20201105_20201124__0132	2020-11-21	729534.00000000,3695409.00000000,730302.00000000,3696177.00000000
train	007819	lower__20201119_164759_29_240a_3B_AnalyticMS_SR_8b_clip	pm5__20201105_20201124__0132	/scrfs/storage/yikebe/home/research/AR_Crop_Identification/make_dataset/raw_sentinel/pm5/pm5__20201105_20201124__0132	2020-11-21	731070.00000000,3695409.00000000,731838.00000000,3696177.00000000
train	007835	lower__20201119_164759_29_240a_3B_AnalyticMS_SR_8b_clip	pm5__20201105_20201124__0132	/scrfs/storage/yikebe/home/research/AR_Crop_Identification/make_dataset/raw_sentinel/pm5/pm5__20201105_20201124__0132	2020-11-21	741822.00000000,3695409.00000000,742590.00000000,3696177.00000000
train	007851	lower__20201119_164759_29_240a_3B_AnalyticMS_SR_8b_clip	pm5__20201105_20201124__0132	/scrfs/storage/yikebe/home/research/AR_Crop_Identification/make_dataset/raw_sentinel/pm5/pm5__20201105_20201124__0132	2020-11-21	729534.00000000,3694641.00000000,730302.00000000,3695409.00000000
train	007867	lower__20201119_164759_29_240a_3B_AnalyticMS_SR_8b_clip	pm5__20201105_20201124__0132	/scrfs/storage/yikebe/home/research/AR_Crop_Identification/make_dataset/raw_sentinel/pm5/pm5__20201105_20201124__0132	2020-11-21	731070.00000000,3694641.00000000,731838.00000000,3695409.00000000
train	007883	lower__20201119_164759_29_240a_3B_AnalyticMS_SR_8b_clip	pm5__20201105_20201124__0132	/scrfs/storage/yikebe/home/research/AR_Crop_Identification/make_dataset/raw_sentinel/pm5/pm5__20201105_20201124__0132	2020-11-21	742590.00000000,3694641.00000000,743358.00000000,3695409.00000000
train	007899	lower__20201119_164759_29_240a_3B_AnalyticMS_SR_8b_clip	pm5__20201105_20201124__0132	/scrfs/storage/yikebe/home/research/AR_Crop_Identification/make_dataset/raw_sentinel/pm5/pm5__20201105_20201124__0132	2020-11-21	729534.00000000,3693873.00000000,730302.00000000,3694641.00000000
train	007915	lower__20201119_164759_29_240a_3B_AnalyticMS_SR_8b_clip	pm5__20201105_20201124__0132	/scrfs/storage/yikebe/home/research/AR_Crop_Identification/make_dataset/raw_sentinel/pm5/pm5__20201105_20201124__0132	2020-11-21	729534.00000000,3693105.00000000,730302.00000000,3693873.00000000
train	007931	lower__20201119_164759_29_240a_3B_AnalyticMS_SR_8b_clip	pm5__20201105_20201124__0132	/scrfs/storage/yikebe/home/research/AR_Crop_Identification/make_dataset/raw_sentinel/pm5/pm5__20201105_20201124__0132	2020-11-21	730302.00000000,3693105.00000000,731070.00000000,3693873.00000000
train	007947	lower__20201119_164759_29_240a_3B_AnalyticMS_SR_8b_clip	pm5__20201105_20201124__0132	/scrfs/storage/yikebe/home/research/AR_Crop_Identification/make_dataset/raw_sentinel/pm5/pm5__20201105_20201124__0132	2020-11-21	728766.00000000,3692337.00000000,729534.00000000,3693105.00000000
train	007963	lower__20201119_164759_29_240a_3B_AnalyticMS_SR_8b_clip	pm5__20201105_20201124__0132	/scrfs/storage/yikebe/home/research/AR_Crop_Identification/make_dataset/raw_sentinel/pm5/pm5__20201105_20201124__0132	2020-11-21	730302.00000000,3692337.00000000,731070.00000000,3693105.00000000
train	007979	lower__20201119_164759_29_240a_3B_AnalyticMS_SR_8b_clip	pm5__20201105_20201124__0132	/scrfs/storage/yikebe/home/research/AR_Crop_Identification/make_dataset/raw_sentinel/pm5/pm5__20201105_20201124__0132	2020-11-21	726462.00000000,3690801.00000000,727230.00000000,3691569.00000000
train	007995	lower__20201119_164759_29_240a_3B_AnalyticMS_SR_8b_clip	pm5__20201105_20201124__0132	/scrfs/storage/yikebe/home/research/AR_Crop_Identification/make_dataset/raw_sentinel/pm5/pm5__20201105_20201124__0132	2020-11-21	727230.00000000,3690801.00000000,727998.00000000,3691569.00000000
train	008011	lower__20201119_164759_29_240a_3B_AnalyticMS_SR_8b_clip	pm5__20201105_20201124__0132	/scrfs/storage/yikebe/home/research/AR_Crop_Identification/make_dataset/raw_sentinel/pm5/pm5__20201105_20201124__0132	2020-11-21	731070.00000000,3690801.00000000,731838.00000000,3691569.00000000
train	008027	lower__20201119_164759_29_240a_3B_AnalyticMS_SR_8b_clip	pm5__20201105_20201124__0132	/scrfs/storage/yikebe/home/research/AR_Crop_Identification/make_dataset/raw_sentinel/pm5/pm5__20201105_20201124__0132	2020-11-21	744126.00000000,3688497.00000000,744894.00000000,3689265.00000000
train	008043	lower__20201119_165459_83_2416_3B_AnalyticMS_SR_8b_clip	pm5__20201105_20201124__0071	/scrfs/storage/yikebe/home/research/AR_Crop_Identification/make_dataset/raw_sentinel/pm5/pm5__20201105_20201124__0071	2020-11-19	606405.00000000,3729186.00000000,607173.00000000,3729954.00000000
