split	sample_id	scene_id	sentinel_request_id	sentinel_request_root	sentinel_date	planet_bounds
train	000000	lower__20200511_160012_98_2263_3B_AnalyticMS_SR_8b_clip	pm5__20200506_20200523__0006	/scrfs/storage/yikebe/home/research/AR_Crop_Identification/make_dataset/raw_sentinel/pm5/pm5__20200506_20200523__0006	2020-05-10	687228.00000000,3729240.00000000,687996.00000000,3730008.00000000
train	000016	lower__20200511_160012_98_2263_3B_AnalyticMS_SR_8b_clip	pm5__20200506_20200523__0006	/scrfs/storage/yikebe/home/research/AR_Crop_Identification/make_dataset/raw_sentinel/pm5/pm5__20200506_20200523__0006	2020-05-10	687996.00000000,3729240.00000000,688764.00000000,3730008.00000000
train	000032	lower__20200511_160012_98_2263_3B_AnalyticMS_SR_8b_clip	pm5__20200506_20200523__0006	/scrfs/storage/yikebe/home/research/AR_Crop_Identification/make_dataset/raw_sentinel/pm5/pm5__20200506_20200523__0006	2020-05-10	688764.00000000,3729240.00000000,689532.00000000,3730008.00000000
train	000048	lower__20200511_160012_98_2263_3B_AnalyticMS_SR_8b_clip	pm5__20200506_20200523__0006	/scrfs/storage/yikebe/home/research/AR_Crop_Identification/make_dataset/raw_sentinel/pm5/pm5__20200506_20200523__0006	2020-05-10	689532.00000000,3729240.00000000,690300.00000000,3730008.00000000
train	000064	lower__20200511_160012_98_2263_3B_AnalyticMS_SR_8b_clip	pm5__20200506_20200523__0006	/scrfs/storage/yikebe/home/research/AR_Crop_Identification/make_dataset/raw_sentinel/pm5/pm5__20200506_20200523__0006	2020-05-10	686460.00000000,3728472.00000000,687228.00000000,3729240.00000000
train	000080	lower__20200511_160012_98_2263_3B_AnalyticMS_SR_8b_clip	pm5__20200506_20200523__0006	/scrfs/storage/yikebe/home/research/AR_Crop_Identification/make_dataset/raw_sentinel/pm5/pm5__20200506_20200523__0006	2020-05-10	687228.00000000,3728472.00000000,687996.00000000,3729240.00000000
train	000096	lower__20200511_160012_98_2263_3B_AnalyticMS_SR_8b_clip	pm5__20200506_20200523__0006	/scrfs/storage/yikebe/home/research/AR_Crop_Identification/make_dataset/raw_sentinel/pm5/pm5__20200506_20200523__0006	2020-05-10	687996.00000000,3728472.00000000,688764.00000000,3729240.00000000
train	000112	lower__20200511_160012_98_2263_3B_AnalyticMS_SR_8b_clip	pm5__20200506_20200523__0006	/scrfs/storage/yikebe/home/research/AR_Crop_Identification/make_dataset/raw_sentinel/pm5/pm5__20200506_20200523__0006	2020-05-10	688764.00000000,3728472.00000000,689532.00000000,3729240.00000000
train	000128	lower__20200511_160012_98_2263_3B_AnalyticMS_SR_8b_clip	pm5__20200506_20200523__0006	/scrfs/storage/yikebe/home/research/AR_Crop_Identification/make_dataset/raw_sentinel/pm5/pm5__20200506_20200523__0006	2020-05-10	689532.00000000,3728472.00000000,690300.00000000,3729240.00000000
train	000144	lower__20200511_160012_98_2263_3B_AnalyticMS_SR_8b_clip	pm5__20200506_20200523__0006	/scrfs/storage/yikebe/home/research/AR_Crop_Identification/make_dataset/raw_sentinel/pm5/pm5__20200506_20200523__0006	2020-05-10	690300.00000000,3728472.00000000,691068.00000000,3729240.00000000
train	000160	lower__20200511_160012_98_2263_3B_AnalyticMS_SR_8b_clip	pm5__20200506_20200523__0006	/scrfs/storage/yikebe/home/research/AR_Crop_Identification/make_dataset/raw_sentinel/pm5/pm5__20200506_20200523__0006	2020-05-10	684156.00000000,3727704.00000000,684924.00000000,3728472.00000000
train	000176	lower__20200511_160012_98_2263_3B_AnalyticMS_SR_8b_clip	pm5__20200506_20200523__0006	/scrfs/storage/yikebe/home/research/AR_Crop_Identification/make_dataset/raw_sentinel/pm5/pm5__20200506_20200523__0006	2020-05-10	685692.00000000,3727704.00000000,686460.00000000,3728472.00000000
train	000192	lower__20200511_160012_98_2263_3B_AnalyticMS_SR_8b_clip	pm5__20200506_20200523__0006	/scrfs/storage/yikebe/home/research/AR_Crop_Identification/make_dataset/raw_sentinel/pm5/pm5__20200506_20200523__0006	2020-05-10	687228.00000000,3727704.00000000,687996.00000000,3728472.00000000
train	000208	lower__20200511_160012_98_2263_3B_AnalyticMS_SR_8b_clip	pm5__20200506_20200523__0006	/scrfs/storage/yikebe/home/research/AR_Crop_Identification/make_dataset/raw_sentinel/pm5/pm5__20200506_20200523__0006	2020-05-10	688764.00000000,3727704.00000000,689532.00000000,3728472.00000000
train	000224	lower__20200511_160012_98_2263_3B_AnalyticMS_SR_8b_clip	pm5__20200506_20200523__0006	/scrfs/storage/yikebe/home/research/AR_Crop_Identification/make_dataset/raw_sentinel/pm5/pm5__20200506_20200523__0006	2020-05-10	689532.00000000,3727704.00000000,690300.00000000,3728472.00000000
train	000240	lower__20200511_160012_98_2263_3B_AnalyticMS_SR_8b_clip	pm5__20200506_20200523__0006	/scrfs/storage/yikebe/home/research/AR_Crop_Identification/make_dataset/raw_sentinel/pm5/pm5__20200506_20200523__0006	2020-05-10	690300.00000000,3727704.00000000,691068.00000000,3728472.00000000
train	000256	lower__20200511_160012_98_2263_3B_AnalyticMS_SR_8b_clip	pm5__20200506_20200523__0006	/scrfs/storage/yikebe/home/research/AR_Crop_Identification/make_dataset/raw_sentinel/pm5/pm5__20200506_20200523__0006	2020-05-10	697212.00000000,3727704.00000000,697980.00000000,3728472.00000000
train	000272	lower__20200511_160012_98_2263_3B_AnalyticMS_SR_8b_clip	pm5__20200506_20200523__0006	/scrfs/storage/yikebe/home/research/AR_Crop_Identification/make_dataset/raw_sentinel/pm5/pm5__20200506_20200523__0006	2020-05-10	686460.00000000,3726936.00000000,687228.00000000,3727704.00000000
train	000288	lower__20200511_160012_98_2263_3B_AnalyticMS_SR_8b_clip	pm5__20200506_20200523__0006	/scrfs/storage/yikebe/home/research/AR_Crop_Identification/make_dataset/raw_sentinel/pm5/pm5__20200506_20200523__0006	2020-05-10	687228.00000000,3726936.00000000,687996.00000000,3727704.00000000
train	000304	lower__20200511_160012_98_2263_3B_AnalyticMS_SR_8b_clip	pm5__20200506_20200523__0006	/scrfs/storage/yikebe/home/research/AR_Crop_Identification/make_dataset/raw_sentinel/pm5/pm5__20200506_20200523__0006	2020-05-10	688764.00000000,3726936.00000000,689532.00000000,3727704.00000000
train	000320	lower__20200511_160012_98_2263_3B_AnalyticMS_SR_8b_clip	pm5__20200506_20200523__0006	/scrfs/storage/yikebe/home/research/AR_Crop_Identification/make_dataset/raw_sentinel/pm5/pm5__20200506_20200523__0006	2020-05-10	689532.00000000,3726936.00000000,690300.00000000,3727704.00000000
train	000336	lower__20200511_160012_98_2263_3B_AnalyticMS_SR_8b_clip	pm5__20200506_20200523__0006	/scrfs/storage/yikebe/home/research/AR_Crop_Identification/make_dataset/raw_sentinel/pm5/pm5__20200506_20200523__0006	2020-05-10	690300.00000000,3726936.00000000,691068.00000000,3727704.00000000
train	000352	lower__20200511_160012_98_2263_3B_AnalyticMS_SR_8b_clip	pm5__20200506_20200523__0006	/scrfs/storage/yikebe/home/research/AR_Crop_Identification/make_dataset/raw_sentinel/pm5/pm5__20200506_20200523__0006	2020-05-10	693372.00000000,3726936.00000000,694140.00000000,3727704.00000000
train	000368	lower__20200511_160012_98_2263_3B_AnalyticMS_SR_8b_clip	pm5__20200506_20200523__0006	/scrfs/storage/yikebe/home/research/AR_Crop_Identification/make_dataset/raw_sentinel/pm5/pm5__20200506_20200523__0006	2020-05-10	694908.00000000,3726936.00000000,695676.00000000,3727704.00000000
train	000384	lower__20200511_160012_98_2263_3B_AnalyticMS_SR_8b_clip	pm5__20200506_20200523__0006	/scrfs/storage/yikebe/home/research/AR_Crop_Identification/make_dataset/raw_sentinel/pm5/pm5__20200506_20200523__0006	2020-05-10	695676.00000000,3726936.00000000,696444.00000000,3727704.00000000
train	000400	lower__20200511_160012_98_2263_3B_AnalyticMS_SR_8b_clip	pm5__20200506_20200523__0006	/scrfs/storage/yikebe/home/research/AR_Crop_Identification/make_dataset/raw_sentinel/pm5/pm5__20200506_20200523__0006	2020-05-10	696444.00000000,3726936.00000000,697212.00000000,3727704.00000000
train	000416	lower__20200511_160012_98_2263_3B_AnalyticMS_SR_8b_clip	pm5__20200506_20200523__0006	/scrfs/storage/yikebe/home/research/AR_Crop_Identification/make_dataset/raw_sentinel/pm5/pm5__20200506_20200523__0006	2020-05-10	697212.00000000,3726936.00000000,697980.00000000,3727704.00000000
train	000432	lower__20200511_160012_98_2263_3B_AnalyticMS_SR_8b_clip	pm5__20200506_20200523__0006	/scrfs/storage/yikebe/home/research/AR_Crop_Identification/make_dataset/raw_sentinel/pm5/pm5__20200506_20200523__0006	2020-05-10	700284.00000000,3726936.00000000,701052.00000000,3727704.00000000
train	000448	lower__20200511_160012_98_2263_3B_AnalyticMS_SR_8b_clip	pm5__20200506_20200523__0006	/scrfs/storage/yikebe/home/research/AR_Crop_Identification/make_dataset/raw_sentinel/pm5/pm5__20200506_20200523__0006	2020-05-10	683388.00000000,3726168.00000000,684156.00000000,3726936.00000000
train	000464	lower__20200511_160012_98_2263_3B_AnalyticMS_SR_8b_clip	pm5__20200506_20200523__0006	/scrfs/storage/yikebe/home/research/AR_Crop_Identification/make_dataset/raw_sentinel/pm5/pm5__20200506_20200523__0006	2020-05-10	684924.00000000,3726168.00000000,685692.00000000,3726936.00000000
train	000480	lower__20200511_160012_98_2263_3B_AnalyticMS_SR_8b_clip	pm5__20200506_20200523__0006	/scrfs/storage/yikebe/home/research/AR_Crop_Identification/make_dataset/raw_sentinel/pm5/pm5__20200506_20200523__0006	2020-05-10	686460.00000000,3726168.00000000,687228.00000000,3726936.00000000
train	000496	lower__20200511_160012_98_2263_3B_AnalyticMS_SR_8b_clip	pm5__20200506_20200523__0006	/scrfs/storage/yikebe/home/research/AR_Crop_Identification/make_dataset/raw_sentinel/pm5/pm5__20200506_20200523__0006	2020-05-10	687228.00000000,3726168.00000000,687996.00000000,3726936.00000000
train	000512	lower__20200511_160012_98_2263_3B_AnalyticMS_SR_8b_clip	pm5__20200506_20200523__0006	/scrfs/storage/yikebe/home/research/AR_Crop_Identification/make_dataset/raw_sentinel/pm5/pm5__20200506_20200523__0006	2020-05-10	687996.00000000,3726168.00000000,688764.00000000,3726936.00000000
train	000528	lower__20200511_160012_98_2263_3B_AnalyticMS_SR_8b_clip	pm5__20200506_20200523__0006	/scrfs/storage/yikebe/home/research/AR_Crop_Identification/make_dataset/raw_sentinel/pm5/pm5__20200506_20200523__0006	2020-05-10	688764.00000000,3726168.00000000,689532.00000000,3726936.00000000
train	000544	lower__20200511_160012_98_2263_3B_AnalyticMS_SR_8b_clip	pm5__20200506_20200523__0006	/scrfs/storage/yikebe/home/research/AR_Crop_Identification/make_dataset/raw_sentinel/pm5/pm5__20200506_20200523__0006	2020-05-10	690300.00000000,3726168.00000000,691068.00000000,3726936.00000000
train	000560	lower__20200511_160012_98_2263_3B_AnalyticMS_SR_8b_clip	pm5__20200506_20200523__0006	/scrfs/storage/yikebe/home/research/AR_Crop_Identification/make_dataset/raw_sentinel/pm5/pm5__20200506_20200523__0006	2020-05-10	693372.00000000,3726168.00000000,694140.00000000,3726936.00000000
train	000576	lower__20200511_160012_98_2263_3B_AnalyticMS_SR_8b_clip	pm5__20200506_20200523__0006	/scrfs/storage/yikebe/home/research/AR_Crop_Identification/make_dataset/raw_sentinel/pm5/pm5__20200506_20200523__0006	2020-05-10	694908.00000000,3726168.00000000,695676.00000000,3726936.00000000
train	000592	lower__20200511_160012_98_2263_3B_AnalyticMS_SR_8b_clip	pm5__20200506_20200523__0006	/scrfs/storage/yikebe/home/research/AR_Crop_Identification/make_dataset/raw_sentinel/pm5/pm5__20200506_20200523__0006	2020-05-10	695676.00000000,3726168.00000000,696444.00000000,3726936.00000000
train	000608	lower__20200511_160012_98_2263_3B_AnalyticMS_SR_8b_clip	pm5__20200506_20200523__0006	/scrfs/storage/yikebe/home/research/AR_Crop_Identification/make_dataset/raw_sentinel/pm5/pm5__20200506_20200523__0006	2020-05-10	696444.00000000,3726168.00000000,697212.00000000,3726936.00000000
train	000624	lower__20200511_160012_98_2263_3B_AnalyticMS_SR_8b_clip	pm5__20200506_20200523__0006	/scrfs/storage/yikebe/home/research/AR_Crop_Identification/make_dataset/raw_sentinel/pm5/pm5__20200506_20200523__0006	2020-05-10	697212.00000000,3726168.00000000,697980.00000000,3726936.00000000
train	000640	lower__20200511_160012_98_2263_3B_AnalyticMS_SR_8b_clip	pm5__20200506_20200523__0006	/scrfs/storage/yikebe/home/research/AR_Crop_Identification/make_dataset/raw_sentinel/pm5/pm5__20200506_20200523__0006	2020-05-10	701052.00000000,3726168.00000000,701820.00000000,3726936.00000000
train	000656	lower__20200511_160012_98_2263_3B_AnalyticMS_SR_8b_clip	pm5__20200506_20200523__0006	/scrfs/storage/yikebe/home/research/AR_Crop_Identification/make_dataset/raw_sentinel/pm5/pm5__20200506_20200523__0006	2020-05-10	685692.00000000,3725400.00000000,686460.00000000,3726168.00000000
train	000672	lower__20200511_160012_98_2263_3B_AnalyticMS_SR_8b_clip	pm5__20200506_20200523__0006	/scrfs/storage/yikebe/home/research/AR_Crop_Identification/make_dataset/raw_sentinel/pm5/pm5__20200506_20200523__0006	2020-05-10	686460.00000000,3725400.00000000,687228.00000000,3726168.00000000
train	000688	lower__20200511_160012_98_2263_3B_AnalyticMS_SR_8b_clip	pm5__20200506_20200523__0006	/scrfs/storage/yikebe/home/research/AR_Crop_Identification/make_dataset/raw_sentinel/pm5/pm5__20200506_20200523__0006	2020-05-10	687228.00000000,3725400.00000000,687996.00000000,3726168.00000000
train	000704	lower__20200511_160012_98_2263_3B_AnalyticMS_SR_8b_clip	pm5__20200506_20200523__0006	/scrfs/storage/yikebe/home/research/AR_Crop_Identification/make_dataset/raw_sentinel/pm5/pm5__20200506_20200523__0006	2020-05-10	687996.00000000,3725400.00000000,688764.00000000,3726168.00000000
train	000720	lower__20200511_160012_98_2263_3B_AnalyticMS_SR_8b_clip	pm5__20200506_20200523__0006	/scrfs/storage/yikebe/home/research/AR_Crop_Identification/make_dataset/raw_sentinel/pm5/pm5__20200506_20200523__0006	2020-05-10	688764.00000000,3725400.00000000,689532.00000000,3726168.00000000
train	000736	lower__20200511_160012_98_2263_3B_AnalyticMS_SR_8b_clip	pm5__20200506_20200523__0006	/scrfs/storage/yikebe/home/research/AR_Crop_Identification/make_dataset/raw_sentinel/pm5/pm5__20200506_20200523__0006	2020-05-10	690300.00000000,3725400.00000000,691068.00000000,3726168.00000000
train	000752	lower__20200511_160012_98_2263_3B_AnalyticMS_SR_8b_clip	pm5__20200506_20200523__0006	/scrfs/storage/yikebe/home/research/AR_Crop_Identification/make_dataset/raw_sentinel/pm5/pm5__20200506_20200523__0006	2020-05-10	692604.00000000,3725400.00000000,693372.00000000,3726168.00000000
train	000768	lower__20200511_160012_98_2263_3B_AnalyticMS_SR_8b_clip	pm5__20200506_20200523__0006	/scrfs/storage/yikebe/home/research/AR_Crop_Identification/make_dataset/raw_sentinel/pm5/pm5__20200506_20200523__0006	2020-05-10	694140.00000000,3725400.00000000,694908.00000000,3726168.00000000
train	000784	lower__20200511_160012_98_2263_3B_AnalyticMS_SR_8b_clip	pm5__20200506_20200523__0006	/scrfs/storage/yikebe/home/research/AR_Crop_Identification/make_dataset/raw_sentinel/pm5/pm5__20200506_20200523__0006	2020-05-10	694908.00000000,3725400.00000000,695676.00000000,3726168.00000000
train	000800	lower__20200511_160012_98_2263_3B_AnalyticMS_SR_8b_clip	pm5__20200506_20200523__0006	/scrfs/storage/yikebe/home/research/AR_Crop_Identification/make_dataset/raw_sentinel/pm5/pm5__20200506_20200523__0006	2020-05-10	695676.00000000,3725400.00000000,696444.00000000,3726168.00000000
train	000816	lower__20200511_160012_98_2263_3B_AnalyticMS_SR_8b_clip	pm5__20200506_20200523__0006	/scrfs/storage/yikebe/home/research/AR_Crop_Identification/make_dataset/raw_sentinel/pm5/pm5__20200506_20200523__0006	2020-05-10	696444.00000000,3725400.00000000,697212.00000000,3726168.00000000
train	000832	lower__20200511_160012_98_2263_3B_AnalyticMS_SR_8b_clip	pm5__20200506_20200523__0006	/scrfs/storage/yikebe/home/research/AR_Crop_Identification/make_dataset/raw_sentinel/pm5/pm5__20200506_20200523__0006	2020-05-10	697212.00000000,3725400.00000000,697980.00000000,3726168.00000000
train	000848	lower__20200511_160012_98_2263_3B_AnalyticMS_SR_8b_clip	pm5__20200506_20200523__0006	/scrfs/storage/yikebe/home/research/AR_Crop_Identification/make_dataset/raw_sentinel/pm5/pm5__20200506_20200523__0006	2020-05-10	700284.00000000,3725400.00000000,701052.00000000,3726168.00000000
train	000864	lower__20200511_160012_98_2263_3B_AnalyticMS_SR_8b_clip	pm5__20200506_20200523__0006	/scrfs/storage/yikebe/home/research/AR_Crop_Identification/make_dataset/raw_sentinel/pm5/pm5__20200506_20200523__0006	2020-05-10	673404.00000000,3724632.00000000,674172.00000000,3725400.00000000
train	000880	lower__20200511_160012_98_2263_3B_AnalyticMS_SR_8b_clip	pm5__20200506_20200523__0006	/scrfs/storage/yikebe/home/research/AR_Crop_Identification/make_dataset/raw_sentinel/pm5/pm5__20200506_20200523__0006	2020-05-10	674172.00000000,3724632.00000000,674940.00000000,3725400.00000000
train	000896	lower__20200511_160012_98_2263_3B_AnalyticMS_SR_8b_clip	pm5__20200506_20200523__0006	/scrfs/storage/yikebe/home/research/AR_Crop_Identification/make_dataset/raw_sentinel/pm5/pm5__20200506_20200523__0006	2020-05-10	687228.00000000,3724632.00000000,687996.00000000,3725400.00000000
train	000912	lower__20200511_160012_98_2263_3B_AnalyticMS_SR_8b_clip	pm5__20200506_20200523__0006	/scrfs/storage/yikebe/home/research/AR_Crop_Identification/make_dataset/raw_sentinel/pm5/pm5__20200506_20200523__0006	2020-05-10	691068.00000000,3724632.00000000,691836.00000000,3725400.00000000
train	000928	lower__20200511_160012_98_2263_3B_AnalyticMS_SR_8b_clip	pm5__20200506_20200523__0006	/scrfs/storage/yikebe/home/research/AR_Crop_Identification/make_dataset/raw_sentinel/pm5/pm5__20200506_20200523__0006	2020-05-10	691836.00000000,3724632.00000000,692604.00000000,3725400.00000000
train	000944	lower__20200511_160012_98_2263_3B_AnalyticMS_SR_8b_clip	pm5__20200506_20200523__0006	/scrfs/storage/yikebe/home/research/AR_Crop_Identification/make_dataset/raw_sentinel/pm5/pm5__20200506_20200523__0006	2020-05-10	694908.00000000,3724632.00000000,695676.00000000,3725400.00000000
train	000960	lower__20200511_160012_98_2263_3B_AnalyticMS_SR_8b_clip	pm5__20200506_20200523__0006	/scrfs/storage/yikebe/home/research/AR_Crop_Identification/make_dataset/raw_sentinel/pm5/pm5__20200506_20200523__0006	2020-05-10	696444.00000000,3724632.00000000,697212.00000000,3725400.00000000
train	000976	lower__20200511_160012_98_2263_3B_AnalyticMS_SR_8b_clip	pm5__20200506_20200523__0006	/scrfs/storage/yikebe/home/research/AR_Crop_Identification/make_dataset/raw_sentinel/pm5/pm5__20200506_20200523__0006	2020-05-10	697212.00000000,3724632.00000000,697980.00000000,3725400.00000000
train	000992	lower__20200511_160012_98_2263_3B_AnalyticMS_SR_8b_clip	pm5__20200506_20200523__0006	/scrfs/storage/yikebe/home/research/AR_Crop_Identification/make_dataset/raw_sentinel/pm5/pm5__20200506_20200523__0006	2020-05-10	701052.00000000,3724632.00000000,701820.00000000,3725400.00000000
train	001008	lower__20200511_160012_98_2263_3B_AnalyticMS_SR_8b_clip	pm5__20200506_20200523__0006	/scrfs/storage/yikebe/home/research/AR_Crop_Identification/make_dataset/raw_sentinel/pm5/pm5__20200506_20200523__0006	2020-05-10	701820.00000000,3724632.00000000,702588.00000000,3725400.00000000
train	001024	lower__20200511_160012_98_2263_3B_AnalyticMS_SR_8b_clip	pm5__20200506_20200523__0006	/scrfs/storage/yikebe/home/research/AR_Crop_Identification/make_dataset/raw_sentinel/pm5/pm5__20200506_20200523__0006	2020-05-10	687996.00000000,3723864.00000000,688764.00000000,3724632.00000000
train	001040	lower__20200511_160012_98_2263_3B_AnalyticMS_SR_8b_clip	pm5__20200506_20200523__0006	/scrfs/storage/yikebe/home/research/AR_Crop_Identification/make_dataset/raw_sentinel/pm5/pm5__20200506_20200523__0006	2020-05-10	691068.00000000,3723864.00000000,691836.00000000,3724632.00000000
train	001056	lower__20200511_160012_98_2263_3B_AnalyticMS_SR_8b_clip	pm5__20200506_20200523__0006	/scrfs/storage/yikebe/home/research/AR_Crop_Identification/make_dataset/raw_sentinel/pm5/pm5__20200506_20200523__0006	2020-05-10	694140.00000000,3723864.00000000,694908.00000000,3724632.00000000
train	001072	lower__20200511_160012_98_2263_3B_AnalyticMS_SR_8b_clip	pm5__20200506_20200523__0006	/scrfs/storage/yikebe/home/research/AR_Crop_Identification/make_dataset/raw_sentinel/pm5/pm5__20200506_20200523__0006	2020-05-10	695676.00000000,3723864.00000000,696444.00000000,3724632.00000000
train	001088	lower__20200511_160012_98_2263_3B_AnalyticMS_SR_8b_clip	pm5__20200506_20200523__0006	/scrfs/storage/yikebe/home/research/AR_Crop_Identification/make_dataset/raw_sentinel/pm5/pm5__20200506_20200523__0006	2020-05-10	696444.00000000,3723864.00000000,697212.00000000,3724632.00000000
train	001104	lower__20200511_160012_98_2263_3B_AnalyticMS_SR_8b_clip	pm5__20200506_20200523__0006	/scrfs/storage/yikebe/home/research/AR_Crop_Identification/make_dataset/raw_sentinel/pm5/pm5__20200506_20200523__0006	2020-05-10	697212.00000000,3723864.00000000,697980.00000000,3724632.00000000
train	001120	lower__20200511_160012_98_2263_3B_AnalyticMS_SR_8b_clip	pm5__20200506_20200523__0006	/scrfs/storage/yikebe/home/research/AR_Crop_Identification/make_dataset/raw_sentinel/pm5/pm5__20200506_20200523__0006	2020-05-10	701052.00000000,3723864.00000000,701820.00000000,3724632.00000000
train	001136	lower__20200511_160012_98_2263_3B_AnalyticMS_SR_8b_clip	pm5__20200506_20200523__0006	/scrfs/storage/yikebe/home/research/AR_Crop_Identification/make_dataset/raw_sentinel/pm5/pm5__20200506_20200523__0006	2020-05-10	687228.00000000,3723096.00000000,687996.00000000,3723864.00000000
train	001152	lower__20200511_160012_98_2263_3B_AnalyticMS_SR_8b_clip	pm5__20200506_20200523__0006	/scrfs/storage/yikebe/home/research/AR_Crop_Identification/make_dataset/raw_sentinel/pm5/pm5__20200506_20200523__0006	2020-05-10	687996.00000000,3723096.00000000,688764.00000000,3723864.00000000
train	001168	lower__20200511_160012_98_2263_3B_AnalyticMS_SR_8b_clip	pm5__20200506_20200523__0006	/scrfs/storage/yikebe/home/research/AR_Crop_Identification/make_dataset/raw_sentinel/pm5/pm5__20200506_20200523__0006	2020-05-10	701820.00000000,3723096.00000000,702588.00000000,3723864.00000000
train	001184	lower__20200511_160012_98_2263_3B_AnalyticMS_SR_8b_clip	pm5__20200506_20200523__0006	/scrfs/storage/yikebe/home/research/AR_Crop_Identification/make_dataset/raw_sentinel/pm5/pm5__20200506_20200523__0006	2020-05-10	687996.00000000,3722328.00000000,688764.00000000,3723096.00000000
train	001200	lower__20200511_160012_98_2263_3B_AnalyticMS_SR_8b_clip	pm5__20200506_20200523__0006	/scrfs/storage/yikebe/home/research/AR_Crop_Identification/make_dataset/raw_sentinel/pm5/pm5__20200506_20200523__0006	2020-05-10	691836.00000000,3722328.00000000,692604.00000000,3723096.00000000
train	001216	lower__20200511_160012_98_2263_3B_AnalyticMS_SR_8b_clip	pm5__20200506_20200523__0006	/scrfs/storage/yikebe/home/research/AR_Crop_Identification/make_dataset/raw_sentinel/pm5/pm5__20200506_20200523__0006	2020-05-10	692604.00000000,3722328.00000000,693372.00000000,3723096.00000000
train	001232	lower__20200511_160012_98_2263_3B_AnalyticMS_SR_8b_clip	pm5__20200506_20200523__0006	/scrfs/storage/yikebe/home/research/AR_Crop_Identification/make_dataset/raw_sentinel/pm5/pm5__20200506_20200523__0006	2020-05-10	693372.00000000,3722328.00000000,694140.00000000,3723096.00000000
train	001248	lower__20200511_160012_98_2263_3B_AnalyticMS_SR_8b_clip	pm5__20200506_20200523__0006	/scrfs/storage/yikebe/home/research/AR_Crop_Identification/make_dataset/raw_sentinel/pm5/pm5__20200506_20200523__0006	2020-05-10	694140.00000000,3722328.00000000,694908.00000000,3723096.00000000
train	001264	lower__20200511_160012_98_2263_3B_AnalyticMS_SR_8b_clip	pm5__20200506_20200523__0006	/scrfs/storage/yikebe/home/research/AR_Crop_Identification/make_dataset/raw_sentinel/pm5/pm5__20200506_20200523__0006	2020-05-10	700284.00000000,3722328.00000000,701052.00000000,3723096.00000000
train	001280	lower__20200511_160012_98_2263_3B_AnalyticMS_SR_8b_clip	pm5__20200506_20200523__0006	/scrfs/storage/yikebe/home/research/AR_Crop_Identification/make_dataset/raw_sentinel/pm5/pm5__20200506_20200523__0006	2020-05-10	701820.00000000,3722328.00000000,702588.00000000,3723096.00000000
train	001296	lower__20200511_160012_98_2263_3B_AnalyticMS_SR_8b_clip	pm5__20200506_20200523__0006	/scrfs/storage/yikebe/home/research/AR_Crop_Identification/make_dataset/raw_sentinel/pm5/pm5__20200506_20200523__0006	2020-05-10	671868.00000000,3721560.00000000,672636.00000000,3722328.00000000
train	001312	lower__20200511_160012_98_2263_3B_AnalyticMS_SR_8b_clip	pm5__20200506_20200523__0006	/scrfs/storage/yikebe/home/research/AR_Crop_Identification/make_dataset/raw_sentinel/pm5/pm5__20200506_20200523__0006	2020-05-10	690300.00000000,3721560.00000000,691068.00000000,3722328.00000000
train	001328	lower__20200511_160012_98_2263_3B_AnalyticMS_SR_8b_clip	pm5__20200506_20200523__0006	/scrfs/storage/yikebe/home/research/AR_Crop_Identification/make_dataset/raw_sentinel/pm5/pm5__20200506_20200523__0006	2020-05-10	691068.00000000,3721560.00000000,691836.00000000,3722328.00000000
train	001344	lower__20200511_160012_98_2263_3B_AnalyticMS_SR_8b_clip	pm5__20200506_20200523__0006	/scrfs/storage/yikebe/home/research/AR_Crop_Identification/make_dataset/raw_sentinel/pm5/pm5__20200506_20200523__0006	2020-05-10	691836.00000000,3721560.00000000,692604.00000000,3722328.00000000
train	001360	lower__20200511_160012_98_2263_3B_AnalyticMS_SR_8b_clip	pm5__20200506_20200523__0006	/scrfs/storage/yikebe/home/research/AR_Crop_Identification/make_dataset/raw_sentinel/pm5/pm5__20200506_20200523__0006	2020-05-10	692604.00000000,3721560.00000000,693372.00000000,3722328.00000000
train	001376	lower__20200511_160012_98_2263_3B_AnalyticMS_SR_8b_clip	pm5__20200506_20200523__0006	/scrfs/storage/yikebe/home/research/AR_Crop_Identification/make_dataset/raw_sentinel/pm5/pm5__20200506_20200523__0006	2020-05-10	693372.00000000,3721560.00000000,694140.00000000,3722328.00000000
train	001392	lower__20200511_160012_98_2263_3B_AnalyticMS_SR_8b_clip	pm5__20200506_20200523__0006	/scrfs/storage/yikebe/home/research/AR_Crop_Identification/make_dataset/raw_sentinel/pm5/pm5__20200506_20200523__0006	2020-05-10	694140.00000000,3721560.00000000,694908.00000000,3722328.00000000
train	001408	lower__20200511_160012_98_2263_3B_AnalyticMS_SR_8b_clip	pm5__20200506_20200523__0006	/scrfs/storage/yikebe/home/research/AR_Crop_Identification/make_dataset/raw_sentinel/pm5/pm5__20200506_20200523__0006	2020-05-10	695676.00000000,3721560.00000000,696444.00000000,3722328.00000000
train	001424	lower__20200511_160012_98_2263_3B_AnalyticMS_SR_8b_clip	pm5__20200506_20200523__0006	/scrfs/storage/yikebe/home/research/AR_Crop_Identification/make_dataset/raw_sentinel/pm5/pm5__20200506_20200523__0006	2020-05-10	700284.00000000,3721560.00000000,701052.00000000,3722328.00000000
train	001440	lower__20200511_160012_98_2263_3B_AnalyticMS_SR_8b_clip	pm5__20200506_20200523__0006	/scrfs/storage/yikebe/home/research/AR_Crop_Identification/make_dataset/raw_sentinel/pm5/pm5__20200506_20200523__0006	2020-05-10	690300.00000000,3720792.00000000,691068.00000000,3721560.00000000
train	001456	lower__20200511_160012_98_2263_3B_AnalyticMS_SR_8b_clip	pm5__20200506_20200523__0006	/scrfs/storage/yikebe/home/research/AR_Crop_Identification/make_dataset/raw_sentinel/pm5/pm5__20200506_20200523__0006	2020-05-10	691068.00000000,3720792.00000000,691836.00000000,3721560.00000000
train	001472	lower__20200511_160012_98_2263_3B_AnalyticMS_SR_8b_clip	pm5__20200506_20200523__0006	/scrfs/storage/yikebe/home/research/AR_Crop_Identification/make_dataset/raw_sentinel/pm5/pm5__20200506_20200523__0006	2020-05-10	691836.00000000,3720792.00000000,692604.00000000,3721560.00000000
train	001488	lower__20200511_160012_98_2263_3B_AnalyticMS_SR_8b_clip	pm5__20200506_20200523__0006	/scrfs/storage/yikebe/home/research/AR_Crop_Identification/make_dataset/raw_sentinel/pm5/pm5__20200506_20200523__0006	2020-05-10	694140.00000000,3720792.00000000,694908.00000000,3721560.00000000
train	001504	lower__20200511_160012_98_2263_3B_AnalyticMS_SR_8b_clip	pm5__20200506_20200523__0006	/scrfs/storage/yikebe/home/research/AR_Crop_Identification/make_dataset/raw_sentinel/pm5/pm5__20200506_20200523__0006	2020-05-10	694908.00000000,3720792.00000000,695676.00000000,3721560.00000000
train	001520	lower__20200511_160012_98_2263_3B_AnalyticMS_SR_8b_clip	pm5__20200506_20200523__0006	/scrfs/storage/yikebe/home/research/AR_Crop_Identification/make_dataset/raw_sentinel/pm5/pm5__20200506_20200523__0006	2020-05-10	697212.00000000,3720792.00000000,697980.00000000,3721560.00000000
train	001536	lower__20200511_160012_98_2263_3B_AnalyticMS_SR_8b_clip	pm5__20200506_20200523__0006	/scrfs/storage/yikebe/home/research/AR_Crop_Identification/make_dataset/raw_sentinel/pm5/pm5__20200506_20200523__0006	2020-05-10	698748.00000000,3720792.00000000,699516.00000000,3721560.00000000
train	001552	lower__20200511_160012_98_2263_3B_AnalyticMS_SR_8b_clip	pm5__20200506_20200523__0006	/scrfs/storage/yikebe/home/research/AR_Crop_Identification/make_dataset/raw_sentinel/pm5/pm5__20200506_20200523__0006	2020-05-10	700284.00000000,3720792.00000000,701052.00000000,3721560.00000000
train	001568	lower__20200511_160012_98_2263_3B_AnalyticMS_SR_8b_clip	pm5__20200506_20200523__0006	/scrfs/storage/yikebe/home/research/AR_Crop_Identification/make_dataset/raw_sentinel/pm5/pm5__20200506_20200523__0006	2020-05-10	681852.00000000,3720024.00000000,682620.00000000,3720792.00000000
train	001584	lower__20200511_160012_98_2263_3B_AnalyticMS_SR_8b_clip	pm5__20200506_20200523__0006	/scrfs/storage/yikebe/home/research/AR_Crop_Identification/make_dataset/raw_sentinel/pm5/pm5__20200506_20200523__0006	2020-05-10	689532.00000000,3720024.00000000,690300.00000000,3720792.00000000
train	001600	lower__20200511_160012_98_2263_3B_AnalyticMS_SR_8b_clip	pm5__20200506_20200523__0006	/scrfs/storage/yikebe/home/research/AR_Crop_Identification/make_dataset/raw_sentinel/pm5/pm5__20200506_20200523__0006	2020-05-10	690300.00000000,3720024.00000000,691068.00000000,3720792.00000000
train	001616	lower__20200511_160012_98_2263_3B_AnalyticMS_SR_8b_clip	pm5__20200506_20200523__0006	/scrfs/storage/yikebe/home/research/AR_Crop_Identification/make_dataset/raw_sentinel/pm5/pm5__20200506_20200523__0006	2020-05-10	691068.00000000,3720024.00000000,691836.00000000,3720792.00000000
train	001632	lower__20200511_160012_98_2263_3B_AnalyticMS_SR_8b_clip	pm5__20200506_20200523__0006	/scrfs/storage/yikebe/home/research/AR_Crop_Identification/make_dataset/raw_sentinel/pm5/pm5__20200506_20200523__0006	2020-05-10	691836.00000000,3720024.00000000,692604.00000000,3720792.00000000
train	001648	lower__20200511_160012_98_2263_3B_AnalyticMS_SR_8b_clip	pm5__20200506_20200523__0006	/scrfs/storage/yikebe/home/research/AR_Crop_Identification/make_dataset/raw_sentinel/pm5/pm5__20200506_20200523__0006	2020-05-10	694140.00000000,3720024.00000000,694908.00000000,3720792.00000000
train	001664	lower__20200511_160012_98_2263_3B_AnalyticMS_SR_8b_clip	pm5__20200506_20200523__0006	/scrfs/storage/yikebe/home/research/AR_Crop_Identification/make_dataset/raw_sentinel/pm5/pm5__20200506_20200523__0006	2020-05-10	694908.00000000,3720024.00000000,695676.00000000,3720792.00000000
train	001680	lower__20200511_160012_98_2263_3B_AnalyticMS_SR_8b_clip	pm5__20200506_20200523__0006	/scrfs/storage/yikebe/home/research/AR_Crop_Identification/make_dataset/raw_sentinel/pm5/pm5__20200506_20200523__0006	2020-05-10	695676.00000000,3720024.00000000,696444.00000000,3720792.00000000
train	001696	lower__20200511_160012_98_2263_3B_AnalyticMS_SR_8b_clip	pm5__20200506_20200523__0006	/scrfs/storage/yikebe/home/research/AR_Crop_Identification/make_dataset/raw_sentinel/pm5/pm5__20200506_20200523__0006	2020-05-10	696444.00000000,3720024.00000000,697212.00000000,3720792.00000000
train	001712	lower__20200511_160012_98_2263_3B_AnalyticMS_SR_8b_clip	pm5__20200506_20200523__0006	/scrfs/storage/yikebe/home/research/AR_Crop_Identification/make_dataset/raw_sentinel/pm5/pm5__20200506_20200523__0006	2020-05-10	689532.00000000,3719256.00000000,690300.00000000,3720024.00000000
train	001728	lower__20200511_160012_98_2263_3B_AnalyticMS_SR_8b_clip	pm5__20200506_20200523__0006	/scrfs/storage/yikebe/home/research/AR_Crop_Identification/make_dataset/raw_sentinel/pm5/pm5__20200506_20200523__0006	2020-05-10	690300.00000000,3719256.00000000,691068.00000000,3720024.00000000
train	001744	lower__20200511_160012_98_2263_3B_AnalyticMS_SR_8b_clip	pm5__20200506_20200523__0006	/scrfs/storage/yikebe/home/research/AR_Crop_Identification/make_dataset/raw_sentinel/pm5/pm5__20200506_20200523__0006	2020-05-10	693372.00000000,3719256.00000000,694140.00000000,3720024.00000000
train	001760	lower__20200511_160012_98_2263_3B_AnalyticMS_SR_8b_clip	pm5__20200506_20200523__0006	/scrfs/storage/yikebe/home/research/AR_Crop_Identification/make_dataset/raw_sentinel/pm5/pm5__20200506_20200523__0006	2020-05-10	696444.00000000,3719256.00000000,697212.00000000,3720024.00000000
train	001776	lower__20200511_160012_98_2263_3B_AnalyticMS_SR_8b_clip	pm5__20200506_20200523__0006	/scrfs/storage/yikebe/home/research/AR_Crop_Identification/make_dataset/raw_sentinel/pm5/pm5__20200506_20200523__0006	2020-05-10	697980.00000000,3719256.00000000,698748.00000000,3720024.00000000
train	001792	lower__20200511_160012_98_2263_3B_AnalyticMS_SR_8b_clip	pm5__20200506_20200523__0006	/scrfs/storage/yikebe/home/research/AR_Crop_Identification/make_dataset/raw_sentinel/pm5/pm5__20200506_20200523__0006	2020-05-10	690300.00000000,3718488.00000000,691068.00000000,3719256.00000000
train	001808	lower__20200511_160012_98_2263_3B_AnalyticMS_SR_8b_clip	pm5__20200506_20200523__0006	/scrfs/storage/yikebe/home/research/AR_Crop_Identification/make_dataset/raw_sentinel/pm5/pm5__20200506_20200523__0006	2020-05-10	696444.00000000,3718488.00000000,697212.00000000,3719256.00000000
train	001824	lower__20200511_160012_98_2263_3B_AnalyticMS_SR_8b_clip	pm5__20200506_20200523__0006	/scrfs/storage/yikebe/home/research/AR_Crop_Identification/make_dataset/raw_sentinel/pm5/pm5__20200506_20200523__0006	2020-05-10	697212.00000000,3718488.00000000,697980.00000000,3719256.00000000
train	001840	lower__20200511_160012_98_2263_3B_AnalyticMS_SR_8b_clip	pm5__20200506_20200523__0006	/scrfs/storage/yikebe/home/research/AR_Crop_Identification/make_dataset/raw_sentinel/pm5/pm5__20200506_20200523__0006	2020-05-10	697980.00000000,3718488.00000000,698748.00000000,3719256.00000000
train	001856	lower__20200511_160012_98_2263_3B_AnalyticMS_SR_8b_clip	pm5__20200506_20200523__0006	/scrfs/storage/yikebe/home/research/AR_Crop_Identification/make_dataset/raw_sentinel/pm5/pm5__20200506_20200523__0006	2020-05-10	690300.00000000,3717720.00000000,691068.00000000,3718488.00000000
train	001872	lower__20200511_160012_98_2263_3B_AnalyticMS_SR_8b_clip	pm5__20200506_20200523__0006	/scrfs/storage/yikebe/home/research/AR_Crop_Identification/make_dataset/raw_sentinel/pm5/pm5__20200506_20200523__0006	2020-05-10	696444.00000000,3717720.00000000,697212.00000000,3718488.00000000
train	001888	lower__20200511_160012_98_2263_3B_AnalyticMS_SR_8b_clip	pm5__20200506_20200523__0006	/scrfs/storage/yikebe/home/research/AR_Crop_Identification/make_dataset/raw_sentinel/pm5/pm5__20200506_20200523__0006	2020-05-10	697212.00000000,3717720.00000000,697980.00000000,3718488.00000000
train	001904	lower__20200511_160012_98_2263_3B_AnalyticMS_SR_8b_clip	pm5__20200506_20200523__0006	/scrfs/storage/yikebe/home/research/AR_Crop_Identification/make_dataset/raw_sentinel/pm5/pm5__20200506_20200523__0006	2020-05-10	697980.00000000,3717720.00000000,698748.00000000,3718488.00000000
train	001920	lower__20200511_160012_98_2263_3B_AnalyticMS_SR_8b_clip	pm5__20200506_20200523__0006	/scrfs/storage/yikebe/home/research/AR_Crop_Identification/make_dataset/raw_sentinel/pm5/pm5__20200506_20200523__0006	2020-05-10	690300.00000000,3716952.00000000,691068.00000000,3717720.00000000
train	001936	lower__20200511_160012_98_2263_3B_AnalyticMS_SR_8b_clip	pm5__20200506_20200523__0006	/scrfs/storage/yikebe/home/research/AR_Crop_Identification/make_dataset/raw_sentinel/pm5/pm5__20200506_20200523__0006	2020-05-10	695676.00000000,3716952.00000000,696444.00000000,3717720.00000000
train	001952	lower__20200511_160012_98_2263_3B_AnalyticMS_SR_8b_clip	pm5__20200506_20200523__0006	/scrfs/storage/yikebe/home/research/AR_Crop_Identification/make_dataset/raw_sentinel/pm5/pm5__20200506_20200523__0006	2020-05-10	696444.00000000,3716952.00000000,697212.00000000,3717720.00000000
train	001968	lower__20200511_160012_98_2263_3B_AnalyticMS_SR_8b_clip	pm5__20200506_20200523__0006	/scrfs/storage/yikebe/home/research/AR_Crop_Identification/make_dataset/raw_sentinel/pm5/pm5__20200506_20200523__0006	2020-05-10	697212.00000000,3716952.00000000,697980.00000000,3717720.00000000
train	001984	lower__20200511_160012_98_2263_3B_AnalyticMS_SR_8b_clip	pm5__20200506_20200523__0006	/scrfs/storage/yikebe/home/research/AR_Crop_Identification/make_dataset/raw_sentinel/pm5/pm5__20200506_20200523__0006	2020-05-10	697980.00000000,3716952.00000000,698748.00000000,3717720.00000000
train	002000	lower__20200511_160012_98_2263_3B_AnalyticMS_SR_8b_clip	pm5__20200506_20200523__0006	/scrfs/storage/yikebe/home/research/AR_Crop_Identification/make_dataset/raw_sentinel/pm5/pm5__20200506_20200523__0006	2020-05-10	689532.00000000,3716184.00000000,690300.00000000,3716952.00000000
train	002016	lower__20200511_160012_98_2263_3B_AnalyticMS_SR_8b_clip	pm5__20200506_20200523__0006	/scrfs/storage/yikebe/home/research/AR_Crop_Identification/make_dataset/raw_sentinel/pm5/pm5__20200506_20200523__0006	2020-05-10	690300.00000000,3716184.00000000,691068.00000000,3716952.00000000
train	002032	lower__20200511_160012_98_2263_3B_AnalyticMS_SR_8b_clip	pm5__20200506_20200523__0006	/scrfs/storage/yikebe/home/research/AR_Crop_Identification/make_dataset/raw_sentinel/pm5/pm5__20200506_20200523__0006	2020-05-10	695676.00000000,3716184.00000000,696444.00000000,3716952.00000000
train	002048	lower__20200511_160012_98_2263_3B_AnalyticMS_SR_8b_clip	pm5__20200506_20200523__0006	/scrfs/storage/yikebe/home/research/AR_Crop_Identification/make_dataset/raw_sentinel/pm5/pm5__20200506_20200523__0006	2020-05-10	696444.00000000,3716184.00000000,697212.00000000,3716952.00000000
train	002064	lower__20200511_160012_98_2263_3B_AnalyticMS_SR_8b_clip	pm5__20200506_20200523__0006	/scrfs/storage/yikebe/home/research/AR_Crop_Identification/make_dataset/raw_sentinel/pm5/pm5__20200506_20200523__0006	2020-05-10	697212.00000000,3716184.00000000,697980.00000000,3716952.00000000
train	002080	lower__20200511_160012_98_2263_3B_AnalyticMS_SR_8b_clip	pm5__20200506_20200523__0006	/scrfs/storage/yikebe/home/research/AR_Crop_Identification/make_dataset/raw_sentinel/pm5/pm5__20200506_20200523__0006	2020-05-10	697980.00000000,3716184.00000000,698748.00000000,3716952.00000000
train	002096	lower__20200511_160012_98_2263_3B_AnalyticMS_SR_8b_clip	pm5__20200506_20200523__0006	/scrfs/storage/yikebe/home/research/AR_Crop_Identification/make_dataset/raw_sentinel/pm5/pm5__20200506_20200523__0006	2020-05-10	690300.00000000,3715416.00000000,691068.00000000,3716184.00000000
train	002112	lower__20200511_160012_98_2263_3B_AnalyticMS_SR_8b_clip	pm5__20200506_20200523__0006	/scrfs/storage/yikebe/home/research/AR_Crop_Identification/make_dataset/raw_sentinel/pm5/pm5__20200506_20200523__0006	2020-05-10	691068.00000000,3715416.00000000,691836.00000000,3716184.00000000
train	002128	lower__20200511_160012_98_2263_3B_AnalyticMS_SR_8b_clip	pm5__20200506_20200523__0006	/scrfs/storage/yikebe/home/research/AR_Crop_Identification/make_dataset/raw_sentinel/pm5/pm5__20200506_20200523__0006	2020-05-10	691836.00000000,3715416.00000000,692604.00000000,3716184.00000000
train	002144	lower__20200511_160012_98_2263_3B_AnalyticMS_SR_8b_clip	pm5__20200506_20200523__0006	/scrfs/storage/yikebe/home/research/AR_Crop_Identification/make_dataset/raw_sentinel/pm5/pm5__20200506_20200523__0006	2020-05-10	695676.00000000,3715416.00000000,696444.00000000,3716184.00000000
train	002160	lower__20200511_160012_98_2263_3B_AnalyticMS_SR_8b_clip	pm5__20200506_20200523__0006	/scrfs/storage/yikebe/home/research/AR_Crop_Identification/make_dataset/raw_sentinel/pm5/pm5__20200506_20200523__0006	2020-05-10	696444.00000000,3715416.00000000,697212.00000000,3716184.00000000
train	002176	lower__20200511_160012_98_2263_3B_AnalyticMS_SR_8b_clip	pm5__20200506_20200523__0006	/scrfs/storage/yikebe/home/research/AR_Crop_Identification/make_dataset/raw_sentinel/pm5/pm5__20200506_20200523__0006	2020-05-10	697212.00000000,3715416.00000000,697980.00000000,3716184.00000000
train	002192	lower__20200511_160012_98_2263_3B_AnalyticMS_SR_8b_clip	pm5__20200506_20200523__0006	/scrfs/storage/yikebe/home/research/AR_Crop_Identification/make_dataset/raw_sentinel/pm5/pm5__20200506_20200523__0006	2020-05-10	683388.00000000,3714648.00000000,684156.00000000,3715416.00000000
train	002208	lower__20200511_160012_98_2263_3B_AnalyticMS_SR_8b_clip	pm5__20200506_20200523__0006	/scrfs/storage/yikebe/home/research/AR_Crop_Identification/make_dataset/raw_sentinel/pm5/pm5__20200506_20200523__0006	2020-05-10	684156.00000000,3714648.00000000,684924.00000000,3715416.00000000
train	002224	lower__20200511_160012_98_2263_3B_AnalyticMS_SR_8b_clip	pm5__20200506_20200523__0006	/scrfs/storage/yikebe/home/research/AR_Crop_Identification/make_dataset/raw_sentinel/pm5/pm5__20200506_20200523__0006	2020-05-10	684924.00000000,3714648.00000000,685692.00000000,3715416.00000000
train	002240	lower__20200511_160012_98_2263_3B_AnalyticMS_SR_8b_clip	pm5__20200506_20200523__0006	/scrfs/storage/yikebe/home/research/AR_Crop_Identification/make_dataset/raw_sentinel/pm5/pm5__20200506_20200523__0006	2020-05-10	686460.00000000,3714648.00000000,687228.00000000,3715416.00000000
train	002256	lower__20200511_160012_98_2263_3B_AnalyticMS_SR_8b_clip	pm5__20200506_20200523__0006	/scrfs/storage/yikebe/home/research/AR_Crop_Identification/make_dataset/raw_sentinel/pm5/pm5__20200506_20200523__0006	2020-05-10	687228.00000000,3714648.00000000,687996.00000000,3715416.00000000
train	002272	lower__20200511_160012_98_2263_3B_AnalyticMS_SR_8b_clip	pm5__20200506_20200523__0006	/scrfs/storage/yikebe/home/research/AR_Crop_Identification/make_dataset/raw_sentinel/pm5/pm5__20200506_20200523__0006	2020-05-10	688764.00000000,3714648.00000000,689532.00000000,3715416.00000000
train	002288	lower__20200511_160012_98_2263_3B_AnalyticMS_SR_8b_clip	pm5__20200506_20200523__0006	/scrfs/storage/yikebe/home/research/AR_Crop_Identification/make_dataset/raw_sentinel/pm5/pm5__20200506_20200523__0006	2020-05-10	689532.00000000,3714648.00000000,690300.00000000,3715416.00000000
train	002304	lower__20200511_160012_98_2263_3B_AnalyticMS_SR_8b_clip	pm5__20200506_20200523__0006	/scrfs/storage/yikebe/home/research/AR_Crop_Identification/make_dataset/raw_sentinel/pm5/pm5__20200506_20200523__0006	2020-05-10	690300.00000000,3714648.00000000,691068.00000000,3715416.00000000
train	002320	lower__20200511_160012_98_2263_3B_AnalyticMS_SR_8b_clip	pm5__20200506_20200523__0006	/scrfs/storage/yikebe/home/research/AR_Crop_Identification/make_dataset/raw_sentinel/pm5/pm5__20200506_20200523__0006	2020-05-10	691068.00000000,3714648.00000000,691836.00000000,3715416.00000000
train	002336	lower__20200511_160012_98_2263_3B_AnalyticMS_SR_8b_clip	pm5__20200506_20200523__0006	/scrfs/storage/yikebe/home/research/AR_Crop_Identification/make_dataset/raw_sentinel/pm5/pm5__20200506_20200523__0006	2020-05-10	691836.00000000,3714648.00000000,692604.00000000,3715416.00000000
train	002352	lower__20200511_160012_98_2263_3B_AnalyticMS_SR_8b_clip	pm5__20200506_20200523__0006	/scrfs/storage/yikebe/home/research/AR_Crop_Identification/make_dataset/raw_sentinel/pm5/pm5__20200506_20200523__0006	2020-05-10	697212.00000000,3714648.00000000,697980.00000000,3715416.00000000
train	002368	lower__20200511_160012_98_2263_3B_AnalyticMS_SR_8b_clip	pm5__20200506_20200523__0006	/scrfs/storage/yikebe/home/research/AR_Crop_Identification/make_dataset/raw_sentinel/pm5/pm5__20200506_20200523__0006	2020-05-10	686460.00000000,3713880.00000000,687228.00000000,3714648.00000000
train	002384	lower__20200511_160012_98_2263_3B_AnalyticMS_SR_8b_clip	pm5__20200506_20200523__0006	/scrfs/storage/yikebe/home/research/AR_Crop_Identification/make_dataset/raw_sentinel/pm5/pm5__20200506_20200523__0006	2020-05-10	687996.00000000,3713880.00000000,688764.00000000,3714648.00000000
train	002400	lower__20200511_160012_98_2263_3B_AnalyticMS_SR_8b_clip	pm5__20200506_20200523__0006	/scrfs/storage/yikebe/home/research/AR_Crop_Identification/make_dataset/raw_sentinel/pm5/pm5__20200506_20200523__0006	2020-05-10	688764.00000000,3713880.00000000,689532.00000000,3714648.00000000
train	002416	lower__20200511_160012_98_2263_3B_AnalyticMS_SR_8b_clip	pm5__20200506_20200523__0006	/scrfs/storage/yikebe/home/research/AR_Crop_Identification/make_dataset/raw_sentinel/pm5/pm5__20200506_20200523__0006	2020-05-10	689532.00000000,3713880.00000000,690300.00000000,3714648.00000000
train	002432	lower__20200511_160012_98_2263_3B_AnalyticMS_SR_8b_clip	pm5__20200506_20200523__0006	/scrfs/storage/yikebe/home/research/AR_Crop_Identification/make_dataset/raw_sentinel/pm5/pm5__20200506_20200523__0006	2020-05-10	690300.00000000,3713880.00000000,691068.00000000,3714648.00000000
train	002448	lower__20200511_160012_98_2263_3B_AnalyticMS_SR_8b_clip	pm5__20200506_20200523__0006	/scrfs/storage/yikebe/home/research/AR_Crop_Identification/make_dataset/raw_sentinel/pm5/pm5__20200506_20200523__0006	2020-05-10	691068.00000000,3713880.00000000,691836.00000000,3714648.00000000
train	002464	lower__20200511_160012_98_2263_3B_AnalyticMS_SR_8b_clip	pm5__20200506_20200523__0006	/scrfs/storage/yikebe/home/research/AR_Crop_Identification/make_dataset/raw_sentinel/pm5/pm5__20200506_20200523__0006	2020-05-10	691836.00000000,3713880.00000000,692604.00000000,3714648.00000000
train	002480	lower__20200511_160012_98_2263_3B_AnalyticMS_SR_8b_clip	pm5__20200506_20200523__0006	/scrfs/storage/yikebe/home/research/AR_Crop_Identification/make_dataset/raw_sentinel/pm5/pm5__20200506_20200523__0006	2020-05-10	696444.00000000,3713880.00000000,697212.00000000,3714648.00000000
train	002496	lower__20200511_160012_98_2263_3B_AnalyticMS_SR_8b_clip	pm5__20200506_20200523__0006	/scrfs/storage/yikebe/home/research/AR_Crop_Identification/make_dataset/raw_sentinel/pm5/pm5__20200506_20200523__0006	2020-05-10	697212.00000000,3713880.00000000,697980.00000000,3714648.00000000
train	002512	lower__20200511_160012_98_2263_3B_AnalyticMS_SR_8b_clip	pm5__20200506_20200523__0006	/scrfs/storage/yikebe/home/research/AR_Crop_Identification/make_dataset/raw_sentinel/pm5/pm5__20200506_20200523__0006	2020-05-10	686460.00000000,3713112.00000000,687228.00000000,3713880.00000000
train	002528	lower__20200511_160012_98_2263_3B_AnalyticMS_SR_8b_clip	pm5__20200506_20200523__0006	/scrfs/storage/yikebe/home/research/AR_Crop_Identification/make_dataset/raw_sentinel/pm5/pm5__20200506_20200523__0006	2020-05-10	688764.00000000,3713112.00000000,689532.00000000,3713880.00000000
train	002544	lower__20200511_160012_98_2263_3B_AnalyticMS_SR_8b_clip	pm5__20200506_20200523__0006	/scrfs/storage/yikebe/home/research/AR_Crop_Identification/make_dataset/raw_sentinel/pm5/pm5__20200506_20200523__0006	2020-05-10	689532.00000000,3713112.00000000,690300.00000000,3713880.00000000
train	002560	lower__20200511_160012_98_2263_3B_AnalyticMS_SR_8b_clip	pm5__20200506_20200523__0006	/scrfs/storage/yikebe/home/research/AR_Crop_Identification/make_dataset/raw_sentinel/pm5/pm5__20200506_20200523__0006	2020-05-10	690300.00000000,3713112.00000000,691068.00000000,3713880.00000000
train	002576	lower__20200511_160012_98_2263_3B_AnalyticMS_SR_8b_clip	pm5__20200506_20200523__0006	/scrfs/storage/yikebe/home/research/AR_Crop_Identification/make_dataset/raw_sentinel/pm5/pm5__20200506_20200523__0006	2020-05-10	691068.00000000,3713112.00000000,691836.00000000,3713880.00000000
train	002592	lower__20200511_160012_98_2263_3B_AnalyticMS_SR_8b_clip	pm5__20200506_20200523__0006	/scrfs/storage/yikebe/home/research/AR_Crop_Identification/make_dataset/raw_sentinel/pm5/pm5__20200506_20200523__0006	2020-05-10	694908.00000000,3713112.00000000,695676.00000000,3713880.00000000
train	002608	lower__20200511_160012_98_2263_3B_AnalyticMS_SR_8b_clip	pm5__20200506_20200523__0006	/scrfs/storage/yikebe/home/research/AR_Crop_Identification/make_dataset/raw_sentinel/pm5/pm5__20200506_20200523__0006	2020-05-10	695676.00000000,3713112.00000000,696444.00000000,3713880.00000000
train	002624	lower__20200511_160012_98_2263_3B_AnalyticMS_SR_8b_clip	pm5__20200506_20200523__0006	/scrfs/storage/yikebe/home/research/AR_Crop_Identification/make_dataset/raw_sentinel/pm5/pm5__20200506_20200523__0006	2020-05-10	696444.00000000,3713112.00000000,697212.00000000,3713880.00000000
train	002640	lower__20200511_160012_98_2263_3B_AnalyticMS_SR_8b_clip	pm5__20200506_20200523__0006	/scrfs/storage/yikebe/home/research/AR_Crop_Identification/make_dataset/raw_sentinel/pm5/pm5__20200506_20200523__0006	2020-05-10	697212.00000000,3713112.00000000,697980.00000000,3713880.00000000
train	002656	lower__20200511_160012_98_2263_3B_AnalyticMS_SR_8b_clip	pm5__20200506_20200523__0006	/scrfs/storage/yikebe/home/research/AR_Crop_Identification/make_dataset/raw_sentinel/pm5/pm5__20200506_20200523__0006	2020-05-10	684156.00000000,3712344.00000000,684924.00000000,3713112.00000000
train	002672	lower__20200511_160012_98_2263_3B_AnalyticMS_SR_8b_clip	pm5__20200506_20200523__0006	/scrfs/storage/yikebe/home/research/AR_Crop_Identification/make_dataset/raw_sentinel/pm5/pm5__20200506_20200523__0006	2020-05-10	684924.00000000,3712344.00000000,685692.00000000,3713112.00000000
train	002688	lower__20200511_160012_98_2263_3B_AnalyticMS_SR_8b_clip	pm5__20200506_20200523__0006	/scrfs/storage/yikebe/home/research/AR_Crop_Identification/make_dataset/raw_sentinel/pm5/pm5__20200506_20200523__0006	2020-05-10	694140.00000000,3712344.00000000,694908.00000000,3713112.00000000
train	002704	lower__20200511_160012_98_2263_3B_AnalyticMS_SR_8b_clip	pm5__20200506_20200523__0006	/scrfs/storage/yikebe/home/research/AR_Crop_Identification/make_dataset/raw_sentinel/pm5/pm5__20200506_20200523__0006	2020-05-10	694908.00000000,3712344.00000000,695676.00000000,3713112.00000000
train	002720	lower__20200511_160012_98_2263_3B_AnalyticMS_SR_8b_clip	pm5__20200506_20200523__0006	/scrfs/storage/yikebe/home/research/AR_Crop_Identification/make_dataset/raw_sentinel/pm5/pm5__20200506_20200523__0006	2020-05-10	695676.00000000,3712344.00000000,696444.00000000,3713112.00000000
train	002736	lower__20200511_160012_98_2263_3B_AnalyticMS_SR_8b_clip	pm5__20200506_20200523__0006	/scrfs/storage/yikebe/home/research/AR_Crop_Identification/make_dataset/raw_sentinel/pm5/pm5__20200506_20200523__0006	2020-05-10	696444.00000000,3712344.00000000,697212.00000000,3713112.00000000
train	002752	lower__20200511_160012_98_2263_3B_AnalyticMS_SR_8b_clip	pm5__20200506_20200523__0006	/scrfs/storage/yikebe/home/research/AR_Crop_Identification/make_dataset/raw_sentinel/pm5/pm5__20200506_20200523__0006	2020-05-10	697212.00000000,3712344.00000000,697980.00000000,3713112.00000000
train	002768	lower__20200511_160012_98_2263_3B_AnalyticMS_SR_8b_clip	pm5__20200506_20200523__0006	/scrfs/storage/yikebe/home/research/AR_Crop_Identification/make_dataset/raw_sentinel/pm5/pm5__20200506_20200523__0006	2020-05-10	684924.00000000,3711576.00000000,685692.00000000,3712344.00000000
train	002784	lower__20200511_160012_98_2263_3B_AnalyticMS_SR_8b_clip	pm5__20200506_20200523__0006	/scrfs/storage/yikebe/home/research/AR_Crop_Identification/make_dataset/raw_sentinel/pm5/pm5__20200506_20200523__0006	2020-05-10	687228.00000000,3711576.00000000,687996.00000000,3712344.00000000
train	002800	lower__20200511_160012_98_2263_3B_AnalyticMS_SR_8b_clip	pm5__20200506_20200523__0006	/scrfs/storage/yikebe/home/research/AR_Crop_Identification/make_dataset/raw_sentinel/pm5/pm5__20200506_20200523__0006	2020-05-10	687996.00000000,3711576.00000000,688764.00000000,3712344.00000000
train	002816	lower__20200511_160012_98_2263_3B_AnalyticMS_SR_8b_clip	pm5__20200506_20200523__0006	/scrfs/storage/yikebe/home/research/AR_Crop_Identification/make_dataset/raw_sentinel/pm5/pm5__20200506_20200523__0006	2020-05-10	693372.00000000,3711576.00000000,694140.00000000,3712344.00000000
train	002832	lower__20200511_160012_98_2263_3B_AnalyticMS_SR_8b_clip	pm5__20200506_20200523__0006	/scrfs/storage/yikebe/home/research/AR_Crop_Identification/make_dataset/raw_sentinel/pm5/pm5__20200506_20200523__0006	2020-05-10	694140.00000000,3711576.00000000,694908.00000000,3712344.00000000
train	002848	lower__20200511_160012_98_2263_3B_AnalyticMS_SR_8b_clip	pm5__20200506_20200523__0006	/scrfs/storage/yikebe/home/research/AR_Crop_Identification/make_dataset/raw_sentinel/pm5/pm5__20200506_20200523__0006	2020-05-10	696444.00000000,3711576.00000000,697212.00000000,3712344.00000000
train	002864	lower__20200511_160012_98_2263_3B_AnalyticMS_SR_8b_clip	pm5__20200506_20200523__0006	/scrfs/storage/yikebe/home/research/AR_Crop_Identification/make_dataset/raw_sentinel/pm5/pm5__20200506_20200523__0006	2020-05-10	697212.00000000,3711576.00000000,697980.00000000,3712344.00000000
train	002880	lower__20200511_160012_98_2263_3B_AnalyticMS_SR_8b_clip	pm5__20200506_20200523__0006	/scrfs/storage/yikebe/home/research/AR_Crop_Identification/make_dataset/raw_sentinel/pm5/pm5__20200506_20200523__0006	2020-05-10	687228.00000000,3710808.00000000,687996.00000000,3711576.00000000
train	002896	lower__20200511_160012_98_2263_3B_AnalyticMS_SR_8b_clip	pm5__20200506_20200523__0006	/scrfs/storage/yikebe/home/research/AR_Crop_Identification/make_dataset/raw_sentinel/pm5/pm5__20200506_20200523__0006	2020-05-10	687996.00000000,3710808.00000000,688764.00000000,3711576.00000000
train	002912	lower__20200511_160012_98_2263_3B_AnalyticMS_SR_8b_clip	pm5__20200506_20200523__0006	/scrfs/storage/yikebe/home/research/AR_Crop_Identification/make_dataset/raw_sentinel/pm5/pm5__20200506_20200523__0006	2020-05-10	689532.00000000,3710808.00000000,690300.00000000,3711576.00000000
train	002928	lower__20200511_160012_98_2263_3B_AnalyticMS_SR_8b_clip	pm5__20200506_20200523__0006	/scrfs/storage/yikebe/home/research/AR_Crop_Identification/make_dataset/raw_sentinel/pm5/pm5__20200506_20200523__0006	2020-05-10	694140.00000000,3710808.00000000,694908.00000000,3711576.00000000
train	002944	lower__20200511_160012_98_2263_3B_AnalyticMS_SR_8b_clip	pm5__20200506_20200523__0006	/scrfs/storage/yikebe/home/research/AR_Crop_Identification/make_dataset/raw_sentinel/pm5/pm5__20200506_20200523__0006	2020-05-10	695676.00000000,3710808.00000000,696444.00000000,3711576.00000000
train	002960	lower__20200511_160012_98_2263_3B_AnalyticMS_SR_8b_clip	pm5__20200506_20200523__0006	/scrfs/storage/yikebe/home/research/AR_Crop_Identification/make_dataset/raw_sentinel/pm5/pm5__20200506_20200523__0006	2020-05-10	691068.00000000,3710040.00000000,691836.00000000,3710808.00000000
train	002976	lower__20200511_160012_98_2263_3B_AnalyticMS_SR_8b_clip	pm5__20200506_20200523__0006	/scrfs/storage/yikebe/home/research/AR_Crop_Identification/make_dataset/raw_sentinel/pm5/pm5__20200506_20200523__0006	2020-05-10	691836.00000000,3710040.00000000,692604.00000000,3710808.00000000
train	002992	lower__20200511_160012_98_2263_3B_AnalyticMS_SR_8b_clip	pm5__20200506_20200523__0006	/scrfs/storage/yikebe/home/research/AR_Crop_Identification/make_dataset/raw_sentinel/pm5/pm5__20200506_20200523__0006	2020-05-10	693372.00000000,3710040.00000000,694140.00000000,3710808.00000000
train	003008	lower__20200511_160012_98_2263_3B_AnalyticMS_SR_8b_clip	pm5__20200506_20200523__0006	/scrfs/storage/yikebe/home/research/AR_Crop_Identification/make_dataset/raw_sentinel/pm5/pm5__20200506_20200523__0006	2020-05-10	694140.00000000,3710040.00000000,694908.00000000,3710808.00000000
train	003024	lower__20200511_160012_98_2263_3B_AnalyticMS_SR_8b_clip	pm5__20200506_20200523__0006	/scrfs/storage/yikebe/home/research/AR_Crop_Identification/make_dataset/raw_sentinel/pm5/pm5__20200506_20200523__0006	2020-05-10	695676.00000000,3710040.00000000,696444.00000000,3710808.00000000
train	003040	lower__20200511_160012_98_2263_3B_AnalyticMS_SR_8b_clip	pm5__20200506_20200523__0006	/scrfs/storage/yikebe/home/research/AR_Crop_Identification/make_dataset/raw_sentinel/pm5/pm5__20200506_20200523__0006	2020-05-10	691068.00000000,3709272.00000000,691836.00000000,3710040.00000000
train	003056	lower__20200511_160012_98_2263_3B_AnalyticMS_SR_8b_clip	pm5__20200506_20200523__0006	/scrfs/storage/yikebe/home/research/AR_Crop_Identification/make_dataset/raw_sentinel/pm5/pm5__20200506_20200523__0006	2020-05-10	691836.00000000,3709272.00000000,692604.00000000,3710040.00000000
train	003072	lower__20200511_160012_98_2263_3B_AnalyticMS_SR_8b_clip	pm5__20200506_20200523__0006	/scrfs/storage/yikebe/home/research/AR_Crop_Identification/make_dataset/raw_sentinel/pm5/pm5__20200506_20200523__0006	2020-05-10	694140.00000000,3709272.00000000,694908.00000000,3710040.00000000
train	003088	lower__20200511_160012_98_2263_3B_AnalyticMS_SR_8b_clip	pm5__20200506_20200523__0006	/scrfs/storage/yikebe/home/research/AR_Crop_Identification/make_dataset/raw_sentinel/pm5/pm5__20200506_20200523__0006	2020-05-10	694908.00000000,3709272.00000000,695676.00000000,3710040.00000000
train	003104	lower__20200511_160012_98_2263_3B_AnalyticMS_SR_8b_clip	pm5__20200506_20200523__0006	/scrfs/storage/yikebe/home/research/AR_Crop_Identification/make_dataset/raw_sentinel/pm5/pm5__20200506_20200523__0006	2020-05-10	695676.00000000,3709272.00000000,696444.00000000,3710040.00000000
train	003120	lower__20200511_160012_98_2263_3B_AnalyticMS_SR_8b_clip	pm5__20200506_20200523__0006	/scrfs/storage/yikebe/home/research/AR_Crop_Identification/make_dataset/raw_sentinel/pm5/pm5__20200506_20200523__0006	2020-05-10	690300.00000000,3708504.00000000,691068.00000000,3709272.00000000
train	003136	lower__20200511_160012_98_2263_3B_AnalyticMS_SR_8b_clip	pm5__20200506_20200523__0006	/scrfs/storage/yikebe/home/research/AR_Crop_Identification/make_dataset/raw_sentinel/pm5/pm5__20200506_20200523__0006	2020-05-10	694140.00000000,3708504.00000000,694908.00000000,3709272.00000000
train	003152	lower__20200511_160012_98_2263_3B_AnalyticMS_SR_8b_clip	pm5__20200506_20200523__0006	/scrfs/storage/yikebe/home/research/AR_Crop_Identification/make_dataset/raw_sentinel/pm5/pm5__20200506_20200523__0006	2020-05-10	694908.00000000,3708504.00000000,695676.00000000,3709272.00000000
train	003168	lower__20200511_160012_98_2263_3B_AnalyticMS_SR_8b_clip	pm5__20200506_20200523__0006	/scrfs/storage/yikebe/home/research/AR_Crop_Identification/make_dataset/raw_sentinel/pm5/pm5__20200506_20200523__0006	2020-05-10	698748.00000000,3708504.00000000,699516.00000000,3709272.00000000
train	003184	lower__20200518_160618_89_2304_3B_AnalyticMS_SR_8b_clip	pm5__20200506_20200523__0008	/scrfs/storage/yikebe/home/research/AR_Crop_Identification/make_dataset/raw_sentinel/pm5/pm5__20200506_20200523__0008	2020-05-18	570420.00000000,3691632.00000000,571188.00000000,3692400.00000000
train	003200	lower__20200718_160617_69_2259_3B_AnalyticMS_SR_8b_clip	pm5__20200705_20200723__0010	/scrfs/storage/yikebe/home/research/AR_Crop_Identification/make_dataset/raw_sentinel/pm5/pm5__20200705_20200723__0010	2020-07-17	626007.00000000,3771510.00000000,626775.00000000,3772278.00000000
train	003216	lower__20200718_160617_69_2259_3B_AnalyticMS_SR_8b_clip	pm5__20200705_20200723__0010	/scrfs/storage/yikebe/home/research/AR_Crop_Identification/make_dataset/raw_sentinel/pm5/pm5__20200705_20200723__0010	2020-07-17	626007.00000000,3770742.00000000,626775.00000000,3771510.00000000
train	003232	lower__20200910_155445_85_2206_3B_AnalyticMS_SR_8b_clip	pm5__20200905_20200924__0032	/scrfs/storage/yikebe/home/research/AR_Crop_Identification/make_dataset/raw_sentinel/pm5/pm5__20200905_20200924__0032	2020-09-07	758955.00000000,3750900.00000000,759723.00000000,3751668.00000000
train	003248	lower__20200910_155445_85_2206_3B_AnalyticMS_SR_8b_clip	pm5__20200905_20200924__0032	/scrfs/storage/yikebe/home/research/AR_Crop_Identification/make_dataset/raw_sentinel/pm5/pm5__20200905_20200924__0032	2020-09-07	763563.00000000,3750132.00000000,764331.00000000,3750900.00000000
train	003264	lower__20200910_155445_85_2206_3B_AnalyticMS_SR_8b_clip	pm5__20200905_20200924__0032	/scrfs/storage/yikebe/home/research/AR_Crop_Identification/make_dataset/raw_sentinel/pm5/pm5__20200905_20200924__0032	2020-09-07	757419.00000000,3747828.00000000,758187.00000000,3748596.00000000
train	003280	lower__20200910_155445_85_2206_3B_AnalyticMS_SR_8b_clip	pm5__20200905_20200924__0032	/scrfs/storage/yikebe/home/research/AR_Crop_Identification/make_dataset/raw_sentinel/pm5/pm5__20200905_20200924__0032	2020-09-07	762027.00000000,3744756.00000000,762795.00000000,3745524.00000000
train	003296	lower__20200910_155445_85_2206_3B_AnalyticMS_SR_8b_clip	pm5__20200905_20200924__0032	/scrfs/storage/yikebe/home/research/AR_Crop_Identification/make_dataset/raw_sentinel/pm5/pm5__20200905_20200924__0032	2020-09-07	761259.00000000,3743220.00000000,762027.00000000,3743988.00000000
train	003312	lower__20200910_155445_85_2206_3B_AnalyticMS_SR_8b_clip	pm5__20200905_20200924__0032	/scrfs/storage/yikebe/home/research/AR_Crop_Identification/make_dataset/raw_sentinel/pm5/pm5__20200905_20200924__0032	2020-09-07	759723.00000000,3737844.00000000,760491.00000000,3738612.00000000
train	003328	lower__20200910_155909_08_220b_3B_AnalyticMS_SR_8b_clip	pm5__20200905_20200924__0025	/scrfs/storage/yikebe/home/research/AR_Crop_Identification/make_dataset/raw_sentinel/pm5/pm5__20200905_20200924__0025	2020-09-07	699846.00000000,3657639.00000000,700614.00000000,3658407.00000000
train	003344	lower__20200910_155909_08_220b_3B_AnalyticMS_SR_8b_clip	pm5__20200905_20200924__0025	/scrfs/storage/yikebe/home/research/AR_Crop_Identification/make_dataset/raw_sentinel/pm5/pm5__20200905_20200924__0025	2020-09-07	705222.00000000,3657639.00000000,705990.00000000,3658407.00000000
train	003360	lower__20200910_155909_08_220b_3B_AnalyticMS_SR_8b_clip	pm5__20200905_20200924__0025	/scrfs/storage/yikebe/home/research/AR_Crop_Identification/make_dataset/raw_sentinel/pm5/pm5__20200905_20200924__0025	2020-09-07	692166.00000000,3656871.00000000,692934.00000000,3657639.00000000
train	003376	lower__20200910_155909_08_220b_3B_AnalyticMS_SR_8b_clip	pm5__20200905_20200924__0025	/scrfs/storage/yikebe/home/research/AR_Crop_Identification/make_dataset/raw_sentinel/pm5/pm5__20200905_20200924__0025	2020-09-07	696774.00000000,3656871.00000000,697542.00000000,3657639.00000000
train	003392	lower__20200910_155909_08_220b_3B_AnalyticMS_SR_8b_clip	pm5__20200905_20200924__0025	/scrfs/storage/yikebe/home/research/AR_Crop_Identification/make_dataset/raw_sentinel/pm5/pm5__20200905_20200924__0025	2020-09-07	699078.00000000,3656871.00000000,699846.00000000,3657639.00000000
train	003408	lower__20200910_155909_08_220b_3B_AnalyticMS_SR_8b_clip	pm5__20200905_20200924__0025	/scrfs/storage/yikebe/home/research/AR_Crop_Identification/make_dataset/raw_sentinel/pm5/pm5__20200905_20200924__0025	2020-09-07	689862.00000000,3656103.00000000,690630.00000000,3656871.00000000
train	003424	lower__20200910_155909_08_220b_3B_AnalyticMS_SR_8b_clip	pm5__20200905_20200924__0025	/scrfs/storage/yikebe/home/research/AR_Crop_Identification/make_dataset/raw_sentinel/pm5/pm5__20200905_20200924__0025	2020-09-07	690630.00000000,3656103.00000000,691398.00000000,3656871.00000000
train	003440	lower__20200910_155909_08_220b_3B_AnalyticMS_SR_8b_clip	pm5__20200905_20200924__0025	/scrfs/storage/yikebe/home/research/AR_Crop_Identification/make_dataset/raw_sentinel/pm5/pm5__20200905_20200924__0025	2020-09-07	691398.00000000,3656103.00000000,692166.00000000,3656871.00000000
train	003456	lower__20200910_155909_08_220b_3B_AnalyticMS_SR_8b_clip	pm5__20200905_20200924__0025	/scrfs/storage/yikebe/home/research/AR_Crop_Identification/make_dataset/raw_sentinel/pm5/pm5__20200905_20200924__0025	2020-09-07	692166.00000000,3656103.00000000,692934.00000000,3656871.00000000
train	003472	lower__20200910_155909_08_220b_3B_AnalyticMS_SR_8b_clip	pm5__20200905_20200924__0025	/scrfs/storage/yikebe/home/research/AR_Crop_Identification/make_dataset/raw_sentinel/pm5/pm5__20200905_20200924__0025	2020-09-07	704454.00000000,3656103.00000000,705222.00000000,3656871.00000000
train	003488	lower__20200910_155909_08_220b_3B_AnalyticMS_SR_8b_clip	pm5__20200905_20200924__0025	/scrfs/storage/yikebe/home/research/AR_Crop_Identification/make_dataset/raw_sentinel/pm5/pm5__20200905_20200924__0025	2020-09-07	692166.00000000,3655335.00000000,692934.00000000,3656103.00000000
train	003504	lower__20200910_155909_08_220b_3B_AnalyticMS_SR_8b_clip	pm5__20200905_20200924__0025	/scrfs/storage/yikebe/home/research/AR_Crop_Identification/make_dataset/raw_sentinel/pm5/pm5__20200905_20200924__0025	2020-09-07	701382.00000000,3653799.00000000,702150.00000000,3654567.00000000
train	003520	lower__20200910_155909_08_220b_3B_AnalyticMS_SR_8b_clip	pm5__20200905_20200924__0025	/scrfs/storage/yikebe/home/research/AR_Crop_Identification/make_dataset/raw_sentinel/pm5/pm5__20200905_20200924__0025	2020-09-07	702150.00000000,3653799.00000000,702918.00000000,3654567.00000000
train	003536	lower__20200911_160144_99_2235_3B_AnalyticMS_SR_8b_clip	pm5__20200905_20200924__0026	/scrfs/storage/yikebe/home/research/AR_Crop_Identification/make_dataset/raw_sentinel/pm5/pm5__20200905_20200924__0026	2020-09-07	706527.00000000,3838527.00000000,707295.00000000,3839295.00000000
train	003552	lower__20200911_160144_99_2235_3B_AnalyticMS_SR_8b_clip	pm5__20200905_20200924__0026	/scrfs/storage/yikebe/home/research/AR_Crop_Identification/make_dataset/raw_sentinel/pm5/pm5__20200905_20200924__0026	2020-09-07	718815.00000000,3838527.00000000,719583.00000000,3839295.00000000
train	003568	lower__20200911_160144_99_2235_3B_AnalyticMS_SR_8b_clip	pm5__20200905_20200924__0026	/scrfs/storage/yikebe/home/research/AR_Crop_Identification/make_dataset/raw_sentinel/pm5/pm5__20200905_20200924__0026	2020-09-07	706527.00000000,3837759.00000000,707295.00000000,3838527.00000000
train	003584	lower__20200911_160144_99_2235_3B_AnalyticMS_SR_8b_clip	pm5__20200905_20200924__0026	/scrfs/storage/yikebe/home/research/AR_Crop_Identification/make_dataset/raw_sentinel/pm5/pm5__20200905_20200924__0026	2020-09-07	734943.00000000,3836991.00000000,735711.00000000,3837759.00000000
train	003600	lower__20200911_160144_99_2235_3B_AnalyticMS_SR_8b_clip	pm5__20200905_20200924__0026	/scrfs/storage/yikebe/home/research/AR_Crop_Identification/make_dataset/raw_sentinel/pm5/pm5__20200905_20200924__0026	2020-09-07	721119.00000000,3836223.00000000,721887.00000000,3836991.00000000
train	003616	lower__20200911_160144_99_2235_3B_AnalyticMS_SR_8b_clip	pm5__20200905_20200924__0026	/scrfs/storage/yikebe/home/research/AR_Crop_Identification/make_dataset/raw_sentinel/pm5/pm5__20200905_20200924__0026	2020-09-07	734943.00000000,3834687.00000000,735711.00000000,3835455.00000000
train	003632	lower__20200911_160144_99_2235_3B_AnalyticMS_SR_8b_clip	pm5__20200905_20200924__0026	/scrfs/storage/yikebe/home/research/AR_Crop_Identification/make_dataset/raw_sentinel/pm5/pm5__20200905_20200924__0026	2020-09-07	735711.00000000,3834687.00000000,736479.00000000,3835455.00000000
train	003648	lower__20200911_160144_99_2235_3B_AnalyticMS_SR_8b_clip	pm5__20200905_20200924__0026	/scrfs/storage/yikebe/home/research/AR_Crop_Identification/make_dataset/raw_sentinel/pm5/pm5__20200905_20200924__0026	2020-09-07	736479.00000000,3834687.00000000,737247.00000000,3835455.00000000
train	003664	lower__20200911_160144_99_2235_3B_AnalyticMS_SR_8b_clip	pm5__20200905_20200924__0026	/scrfs/storage/yikebe/home/research/AR_Crop_Identification/make_dataset/raw_sentinel/pm5/pm5__20200905_20200924__0026	2020-09-07	739551.00000000,3834687.00000000,740319.00000000,3835455.00000000
train	003680	lower__20200911_160144_99_2235_3B_AnalyticMS_SR_8b_clip	pm5__20200905_20200924__0026	/scrfs/storage/yikebe/home/research/AR_Crop_Identification/make_dataset/raw_sentinel/pm5/pm5__20200905_20200924__0026	2020-09-07	734943.00000000,3833919.00000000,735711.00000000,3834687.00000000
train	003696	lower__20200911_160144_99_2235_3B_AnalyticMS_SR_8b_clip	pm5__20200905_20200924__0026	/scrfs/storage/yikebe/home/research/AR_Crop_Identification/make_dataset/raw_sentinel/pm5/pm5__20200905_20200924__0026	2020-09-07	735711.00000000,3833919.00000000,736479.00000000,3834687.00000000
train	003712	lower__20200911_160144_99_2235_3B_AnalyticMS_SR_8b_clip	pm5__20200905_20200924__0026	/scrfs/storage/yikebe/home/research/AR_Crop_Identification/make_dataset/raw_sentinel/pm5/pm5__20200905_20200924__0026	2020-09-07	738783.00000000,3833919.00000000,739551.00000000,3834687.00000000
train	003728	lower__20200911_160144_99_2235_3B_AnalyticMS_SR_8b_clip	pm5__20200905_20200924__0026	/scrfs/storage/yikebe/home/research/AR_Crop_Identification/make_dataset/raw_sentinel/pm5/pm5__20200905_20200924__0026	2020-09-07	732639.00000000,3830847.00000000,733407.00000000,3831615.00000000
train	003744	lower__20200911_160144_99_2235_3B_AnalyticMS_SR_8b_clip	pm5__20200905_20200924__0026	/scrfs/storage/yikebe/home/research/AR_Crop_Identification/make_dataset/raw_sentinel/pm5/pm5__20200905_20200924__0026	2020-09-07	734175.00000000,3830847.00000000,734943.00000000,3831615.00000000
train	003760	lower__20200911_160144_99_2235_3B_AnalyticMS_SR_8b_clip	pm5__20200905_20200924__0026	/scrfs/storage/yikebe/home/research/AR_Crop_Identification/make_dataset/raw_sentinel/pm5/pm5__20200905_20200924__0026	2020-09-07	732639.00000000,3830079.00000000,733407.00000000,3830847.00000000
train	003776	lower__20200911_160144_99_2235_3B_AnalyticMS_SR_8b_clip	pm5__20200905_20200924__0026	/scrfs/storage/yikebe/home/research/AR_Crop_Identification/make_dataset/raw_sentinel/pm5/pm5__20200905_20200924__0026	2020-09-07	733407.00000000,3830079.00000000,734175.00000000,3830847.00000000
train	003792	lower__20200911_160144_99_2235_3B_AnalyticMS_SR_8b_clip	pm5__20200905_20200924__0026	/scrfs/storage/yikebe/home/research/AR_Crop_Identification/make_dataset/raw_sentinel/pm5/pm5__20200905_20200924__0026	2020-09-07	734943.00000000,3830079.00000000,735711.00000000,3830847.00000000
train	003808	lower__20200911_160144_99_2235_3B_AnalyticMS_SR_8b_clip	pm5__20200905_20200924__0026	/scrfs/storage/yikebe/home/research/AR_Crop_Identification/make_dataset/raw_sentinel/pm5/pm5__20200905_20200924__0026	2020-09-07	722655.00000000,3829311.00000000,723423.00000000,3830079.00000000
train	003824	lower__20200911_160144_99_2235_3B_AnalyticMS_SR_8b_clip	pm5__20200905_20200924__0026	/scrfs/storage/yikebe/home/research/AR_Crop_Identification/make_dataset/raw_sentinel/pm5/pm5__20200905_20200924__0026	2020-09-07	728031.00000000,3823935.00000000,728799.00000000,3824703.00000000
train	003840	lower__20200911_160144_99_2235_3B_AnalyticMS_SR_8b_clip	pm5__20200905_20200924__0026	/scrfs/storage/yikebe/home/research/AR_Crop_Identification/make_dataset/raw_sentinel/pm5/pm5__20200905_20200924__0026	2020-09-07	734175.00000000,3823935.00000000,734943.00000000,3824703.00000000
train	003856	lower__20200911_160144_99_2235_3B_AnalyticMS_SR_8b_clip	pm5__20200905_20200924__0026	/scrfs/storage/yikebe/home/research/AR_Crop_Identification/make_dataset/raw_sentinel/pm5/pm5__20200905_20200924__0026	2020-09-07	726495.00000000,3823167.00000000,727263.00000000,3823935.00000000
train	003872	lower__20200911_160144_99_2235_3B_AnalyticMS_SR_8b_clip	pm5__20200905_20200924__0026	/scrfs/storage/yikebe/home/research/AR_Crop_Identification/make_dataset/raw_sentinel/pm5/pm5__20200905_20200924__0026	2020-09-07	733407.00000000,3819327.00000000,734175.00000000,3820095.00000000
train	003888	lower__20200911_160144_99_2235_3B_AnalyticMS_SR_8b_clip	pm5__20200905_20200924__0026	/scrfs/storage/yikebe/home/research/AR_Crop_Identification/make_dataset/raw_sentinel/pm5/pm5__20200905_20200924__0026	2020-09-07	733407.00000000,3818559.00000000,734175.00000000,3819327.00000000
train	003904	lower__20200911_160144_99_2235_3B_AnalyticMS_SR_8b_clip	pm5__20200905_20200924__0026	/scrfs/storage/yikebe/home/research/AR_Crop_Identification/make_dataset/raw_sentinel/pm5/pm5__20200905_20200924__0026	2020-09-07	735711.00000000,3818559.00000000,736479.00000000,3819327.00000000
train	003920	lower__20200911_160144_99_2235_3B_AnalyticMS_SR_8b_clip	pm5__20200905_20200924__0026	/scrfs/storage/yikebe/home/research/AR_Crop_Identification/make_dataset/raw_sentinel/pm5/pm5__20200905_20200924__0026	2020-09-07	734943.00000000,3817791.00000000,735711.00000000,3818559.00000000
train	003936	lower__20200911_160740_51_2277_3B_AnalyticMS_SR_8b_clip	pm5__20200905_20200924__0034	/scrfs/storage/yikebe/home/research/AR_Crop_Identification/make_dataset/raw_sentinel/pm5/pm5__20200905_20200924__0034	2020-09-07	598959.00000000,3732672.00000000,599727.00000000,3733440.00000000
train	003952	lower__20200911_160740_51_2277_3B_AnalyticMS_SR_8b_clip	pm5__20200905_20200924__0034	/scrfs/storage/yikebe/home/research/AR_Crop_Identification/make_dataset/raw_sentinel/pm5/pm5__20200905_20200924__0034	2020-09-07	599727.00000000,3732672.00000000,600495.00000000,3733440.00000000
train	003968	lower__20200911_160740_51_2277_3B_AnalyticMS_SR_8b_clip	pm5__20200905_20200924__0034	/scrfs/storage/yikebe/home/research/AR_Crop_Identification/make_dataset/raw_sentinel/pm5/pm5__20200905_20200924__0034	2020-09-07	600495.00000000,3732672.00000000,601263.00000000,3733440.00000000
train	003984	lower__20200911_160740_51_2277_3B_AnalyticMS_SR_8b_clip	pm5__20200905_20200924__0034	/scrfs/storage/yikebe/home/research/AR_Crop_Identification/make_dataset/raw_sentinel/pm5/pm5__20200905_20200924__0034	2020-09-07	598959.00000000,3731904.00000000,599727.00000000,3732672.00000000
train	004000	lower__20200911_160740_51_2277_3B_AnalyticMS_SR_8b_clip	pm5__20200905_20200924__0034	/scrfs/storage/yikebe/home/research/AR_Crop_Identification/make_dataset/raw_sentinel/pm5/pm5__20200905_20200924__0034	2020-09-07	599727.00000000,3731904.00000000,600495.00000000,3732672.00000000
train	004016	lower__20200911_160740_51_2277_3B_AnalyticMS_SR_8b_clip	pm5__20200905_20200924__0034	/scrfs/storage/yikebe/home/research/AR_Crop_Identification/make_dataset/raw_sentinel/pm5/pm5__20200905_20200924__0034	2020-09-07	598191.00000000,3731136.00000000,598959.00000000,3731904.00000000
train	004032	lower__20200911_160740_51_2277_3B_AnalyticMS_SR_8b_clip	pm5__20200905_20200924__0034	/scrfs/storage/yikebe/home/research/AR_Crop_Identification/make_dataset/raw_sentinel/pm5/pm5__20200905_20200924__0034	2020-09-07	598959.00000000,3731136.00000000,599727.00000000,3731904.00000000
train	004048	lower__20200911_160740_51_2277_3B_AnalyticMS_SR_8b_clip	pm5__20200905_20200924__0034	/scrfs/storage/yikebe/home/research/AR_Crop_Identification/make_dataset/raw_sentinel/pm5/pm5__20200905_20200924__0034	2020-09-07	599727.00000000,3731136.00000000,600495.00000000,3731904.00000000
train	004064	lower__20200911_160740_51_2277_3B_AnalyticMS_SR_8b_clip	pm5__20200905_20200924__0034	/scrfs/storage/yikebe/home/research/AR_Crop_Identification/make_dataset/raw_sentinel/pm5/pm5__20200905_20200924__0034	2020-09-07	598191.00000000,3730368.00000000,598959.00000000,3731136.00000000
train	004080	lower__20200911_160740_51_2277_3B_AnalyticMS_SR_8b_clip	pm5__20200905_20200924__0034	/scrfs/storage/yikebe/home/research/AR_Crop_Identification/make_dataset/raw_sentinel/pm5/pm5__20200905_20200924__0034	2020-09-07	598191.00000000,3729600.00000000,598959.00000000,3730368.00000000
train	004096	lower__20200911_160740_51_2277_3B_AnalyticMS_SR_8b_clip	pm5__20200905_20200924__0034	/scrfs/storage/yikebe/home/research/AR_Crop_Identification/make_dataset/raw_sentinel/pm5/pm5__20200905_20200924__0034	2020-09-07	601263.00000000,3728832.00000000,602031.00000000,3729600.00000000
train	004112	lower__20200911_160740_51_2277_3B_AnalyticMS_SR_8b_clip	pm5__20200905_20200924__0034	/scrfs/storage/yikebe/home/research/AR_Crop_Identification/make_dataset/raw_sentinel/pm5/pm5__20200905_20200924__0034	2020-09-07	602031.00000000,3728832.00000000,602799.00000000,3729600.00000000
train	004128	lower__20200911_160740_51_2277_3B_AnalyticMS_SR_8b_clip	pm5__20200905_20200924__0034	/scrfs/storage/yikebe/home/research/AR_Crop_Identification/make_dataset/raw_sentinel/pm5/pm5__20200905_20200924__0034	2020-09-07	607407.00000000,3728832.00000000,608175.00000000,3729600.00000000
train	004144	lower__20200911_160740_51_2277_3B_AnalyticMS_SR_8b_clip	pm5__20200905_20200924__0034	/scrfs/storage/yikebe/home/research/AR_Crop_Identification/make_dataset/raw_sentinel/pm5/pm5__20200905_20200924__0034	2020-09-07	597423.00000000,3728064.00000000,598191.00000000,3728832.00000000
train	004160	lower__20200911_160740_51_2277_3B_AnalyticMS_SR_8b_clip	pm5__20200905_20200924__0034	/scrfs/storage/yikebe/home/research/AR_Crop_Identification/make_dataset/raw_sentinel/pm5/pm5__20200905_20200924__0034	2020-09-07	597423.00000000,3727296.00000000,598191.00000000,3728064.00000000
train	004176	lower__20200911_160740_51_2277_3B_AnalyticMS_SR_8b_clip	pm5__20200905_20200924__0034	/scrfs/storage/yikebe/home/research/AR_Crop_Identification/make_dataset/raw_sentinel/pm5/pm5__20200905_20200924__0034	2020-09-07	598959.00000000,3727296.00000000,599727.00000000,3728064.00000000
train	004192	lower__20200911_160740_51_2277_3B_AnalyticMS_SR_8b_clip	pm5__20200905_20200924__0034	/scrfs/storage/yikebe/home/research/AR_Crop_Identification/make_dataset/raw_sentinel/pm5/pm5__20200905_20200924__0034	2020-09-07	597423.00000000,3726528.00000000,598191.00000000,3727296.00000000
train	004208	lower__20200911_160740_51_2277_3B_AnalyticMS_SR_8b_clip	pm5__20200905_20200924__0034	/scrfs/storage/yikebe/home/research/AR_Crop_Identification/make_dataset/raw_sentinel/pm5/pm5__20200905_20200924__0034	2020-09-07	598191.00000000,3726528.00000000,598959.00000000,3727296.00000000
train	004224	lower__20200911_160740_51_2277_3B_AnalyticMS_SR_8b_clip	pm5__20200905_20200924__0034	/scrfs/storage/yikebe/home/research/AR_Crop_Identification/make_dataset/raw_sentinel/pm5/pm5__20200905_20200924__0034	2020-09-07	598191.00000000,3725760.00000000,598959.00000000,3726528.00000000
train	004240	lower__20201112_165356_56_2274_3B_AnalyticMS_SR_8b_clip	pm5__20201105_20201124__0113	/scrfs/storage/yikebe/home/research/AR_Crop_Identification/make_dataset/raw_sentinel/pm5/pm5__20201105_20201124__0113	2020-11-11	689055.00000000,3716523.00000000,689823.00000000,3717291.00000000
train	004256	lower__20201112_165356_56_2274_3B_AnalyticMS_SR_8b_clip	pm5__20201105_20201124__0113	/scrfs/storage/yikebe/home/research/AR_Crop_Identification/make_dataset/raw_sentinel/pm5/pm5__20201105_20201124__0113	2020-11-11	707487.00000000,3711915.00000000,708255.00000000,3712683.00000000
train	004272	lower__20201112_165356_56_2274_3B_AnalyticMS_SR_8b_clip	pm5__20201105_20201124__0113	/scrfs/storage/yikebe/home/research/AR_Crop_Identification/make_dataset/raw_sentinel/pm5/pm5__20201105_20201124__0113	2020-11-11	702111.00000000,3711147.00000000,702879.00000000,3711915.00000000
train	004288	lower__20201112_165356_56_2274_3B_AnalyticMS_SR_8b_clip	pm5__20201105_20201124__0113	/scrfs/storage/yikebe/home/research/AR_Crop_Identification/make_dataset/raw_sentinel/pm5/pm5__20201105_20201124__0113	2020-11-11	705183.00000000,3711147.00000000,705951.00000000,3711915.00000000
train	004304	lower__20201112_165356_56_2274_3B_AnalyticMS_SR_8b_clip	pm5__20201105_20201124__0113	/scrfs/storage/yikebe/home/research/AR_Crop_Identification/make_dataset/raw_sentinel/pm5/pm5__20201105_20201124__0113	2020-11-11	687519.00000000,3710379.00000000,688287.00000000,3711147.00000000
train	004320	lower__20201112_165356_56_2274_3B_AnalyticMS_SR_8b_clip	pm5__20201105_20201124__0113	/scrfs/storage/yikebe/home/research/AR_Crop_Identification/make_dataset/raw_sentinel/pm5/pm5__20201105_20201124__0113	2020-11-11	702879.00000000,3710379.00000000,703647.00000000,3711147.00000000
train	004336	lower__20201112_165356_56_2274_3B_AnalyticMS_SR_8b_clip	pm5__20201105_20201124__0113	/scrfs/storage/yikebe/home/research/AR_Crop_Identification/make_dataset/raw_sentinel/pm5/pm5__20201105_20201124__0113	2020-11-11	703647.00000000,3710379.00000000,704415.00000000,3711147.00000000
train	004352	lower__20201112_165356_56_2274_3B_AnalyticMS_SR_8b_clip	pm5__20201105_20201124__0113	/scrfs/storage/yikebe/home/research/AR_Crop_Identification/make_dataset/raw_sentinel/pm5/pm5__20201105_20201124__0113	2020-11-11	704415.00000000,3710379.00000000,705183.00000000,3711147.00000000
train	004368	lower__20201112_165356_56_2274_3B_AnalyticMS_SR_8b_clip	pm5__20201105_20201124__0113	/scrfs/storage/yikebe/home/research/AR_Crop_Identification/make_dataset/raw_sentinel/pm5/pm5__20201105_20201124__0113	2020-11-11	705183.00000000,3710379.00000000,705951.00000000,3711147.00000000
train	004384	lower__20201112_165356_56_2274_3B_AnalyticMS_SR_8b_clip	pm5__20201105_20201124__0113	/scrfs/storage/yikebe/home/research/AR_Crop_Identification/make_dataset/raw_sentinel/pm5/pm5__20201105_20201124__0113	2020-11-11	720543.00000000,3710379.00000000,721311.00000000,3711147.00000000
train	004400	lower__20201112_165356_56_2274_3B_AnalyticMS_SR_8b_clip	pm5__20201105_20201124__0113	/scrfs/storage/yikebe/home/research/AR_Crop_Identification/make_dataset/raw_sentinel/pm5/pm5__20201105_20201124__0113	2020-11-11	687519.00000000,3709611.00000000,688287.00000000,3710379.00000000
train	004416	lower__20201112_165356_56_2274_3B_AnalyticMS_SR_8b_clip	pm5__20201105_20201124__0113	/scrfs/storage/yikebe/home/research/AR_Crop_Identification/make_dataset/raw_sentinel/pm5/pm5__20201105_20201124__0113	2020-11-11	704415.00000000,3709611.00000000,705183.00000000,3710379.00000000
train	004432	lower__20201112_165356_56_2274_3B_AnalyticMS_SR_8b_clip	pm5__20201105_20201124__0113	/scrfs/storage/yikebe/home/research/AR_Crop_Identification/make_dataset/raw_sentinel/pm5/pm5__20201105_20201124__0113	2020-11-11	705183.00000000,3709611.00000000,705951.00000000,3710379.00000000
train	004448	lower__20201112_165356_56_2274_3B_AnalyticMS_SR_8b_clip	pm5__20201105_20201124__0113	/scrfs/storage/yikebe/home/research/AR_Crop_Identification/make_dataset/raw_sentinel/pm5/pm5__20201105_20201124__0113	2020-11-11	713631.00000000,3709611.00000000,714399.00000000,3710379.00000000
train	004464	lower__20201112_165356_56_2274_3B_AnalyticMS_SR_8b_clip	pm5__20201105_20201124__0113	/scrfs/storage/yikebe/home/research/AR_Crop_Identification/make_dataset/raw_sentinel/pm5/pm5__20201105_20201124__0113	2020-11-11	687519.00000000,3708843.00000000,688287.00000000,3709611.00000000
train	004480	lower__20201112_165356_56_2274_3B_AnalyticMS_SR_8b_clip	pm5__20201105_20201124__0113	/scrfs/storage/yikebe/home/research/AR_Crop_Identification/make_dataset/raw_sentinel/pm5/pm5__20201105_20201124__0113	2020-11-11	704415.00000000,3708843.00000000,705183.00000000,3709611.00000000
train	004496	lower__20201112_165356_56_2274_3B_AnalyticMS_SR_8b_clip	pm5__20201105_20201124__0113	/scrfs/storage/yikebe/home/research/AR_Crop_Identification/make_dataset/raw_sentinel/pm5/pm5__20201105_20201124__0113	2020-11-11	705183.00000000,3708843.00000000,705951.00000000,3709611.00000000
train	004512	lower__20201112_165356_56_2274_3B_AnalyticMS_SR_8b_clip	pm5__20201105_20201124__0113	/scrfs/storage/yikebe/home/research/AR_Crop_Identification/make_dataset/raw_sentinel/pm5/pm5__20201105_20201124__0113	2020-11-11	713631.00000000,3708843.00000000,714399.00000000,3709611.00000000
train	004528	lower__20201112_165356_56_2274_3B_AnalyticMS_SR_8b_clip	pm5__20201105_20201124__0113	/scrfs/storage/yikebe/home/research/AR_Crop_Identification/make_dataset/raw_sentinel/pm5/pm5__20201105_20201124__0113	2020-11-11	707487.00000000,3708075.00000000,708255.00000000,3708843.00000000
train	004544	lower__20201112_165356_56_2274_3B_AnalyticMS_SR_8b_clip	pm5__20201105_20201124__0113	/scrfs/storage/yikebe/home/research/AR_Crop_Identification/make_dataset/raw_sentinel/pm5/pm5__20201105_20201124__0113	2020-11-11	713631.00000000,3708075.00000000,714399.00000000,3708843.00000000
train	004560	lower__20201112_165356_56_2274_3B_AnalyticMS_SR_8b_clip	pm5__20201105_20201124__0113	/scrfs/storage/yikebe/home/research/AR_Crop_Identification/make_dataset/raw_sentinel/pm5/pm5__20201105_20201124__0113	2020-11-11	704415.00000000,3707307.00000000,705183.00000000,3708075.00000000
train	004576	lower__20201112_165356_56_2274_3B_AnalyticMS_SR_8b_clip	pm5__20201105_20201124__0113	/scrfs/storage/yikebe/home/research/AR_Crop_Identification/make_dataset/raw_sentinel/pm5/pm5__20201105_20201124__0113	2020-11-11	712863.00000000,3707307.00000000,713631.00000000,3708075.00000000
train	004592	lower__20201112_165356_56_2274_3B_AnalyticMS_SR_8b_clip	pm5__20201105_20201124__0113	/scrfs/storage/yikebe/home/research/AR_Crop_Identification/make_dataset/raw_sentinel/pm5/pm5__20201105_20201124__0113	2020-11-11	701343.00000000,3706539.00000000,702111.00000000,3707307.00000000
train	004608	lower__20201112_165356_56_2274_3B_AnalyticMS_SR_8b_clip	pm5__20201105_20201124__0113	/scrfs/storage/yikebe/home/research/AR_Crop_Identification/make_dataset/raw_sentinel/pm5/pm5__20201105_20201124__0113	2020-11-11	702111.00000000,3706539.00000000,702879.00000000,3707307.00000000
train	004624	lower__20201112_165356_56_2274_3B_AnalyticMS_SR_8b_clip	pm5__20201105_20201124__0113	/scrfs/storage/yikebe/home/research/AR_Crop_Identification/make_dataset/raw_sentinel/pm5/pm5__20201105_20201124__0113	2020-11-11	704415.00000000,3706539.00000000,705183.00000000,3707307.00000000
train	004640	lower__20201112_165356_56_2274_3B_AnalyticMS_SR_8b_clip	pm5__20201105_20201124__0113	/scrfs/storage/yikebe/home/research/AR_Crop_Identification/make_dataset/raw_sentinel/pm5/pm5__20201105_20201124__0113	2020-11-11	699039.00000000,3705771.00000000,699807.00000000,3706539.00000000
train	004656	lower__20201112_165356_56_2274_3B_AnalyticMS_SR_8b_clip	pm5__20201105_20201124__0113	/scrfs/storage/yikebe/home/research/AR_Crop_Identification/make_dataset/raw_sentinel/pm5/pm5__20201105_20201124__0113	2020-11-11	700575.00000000,3705771.00000000,701343.00000000,3706539.00000000
train	004672	lower__20201112_165356_56_2274_3B_AnalyticMS_SR_8b_clip	pm5__20201105_20201124__0113	/scrfs/storage/yikebe/home/research/AR_Crop_Identification/make_dataset/raw_sentinel/pm5/pm5__20201105_20201124__0113	2020-11-11	701343.00000000,3705771.00000000,702111.00000000,3706539.00000000
train	004688	lower__20201112_165356_56_2274_3B_AnalyticMS_SR_8b_clip	pm5__20201105_20201124__0113	/scrfs/storage/yikebe/home/research/AR_Crop_Identification/make_dataset/raw_sentinel/pm5/pm5__20201105_20201124__0113	2020-11-11	703647.00000000,3705771.00000000,704415.00000000,3706539.00000000
train	004704	lower__20201112_165356_56_2274_3B_AnalyticMS_SR_8b_clip	pm5__20201105_20201124__0113	/scrfs/storage/yikebe/home/research/AR_Crop_Identification/make_dataset/raw_sentinel/pm5/pm5__20201105_20201124__0113	2020-11-11	721311.00000000,3705771.00000000,722079.00000000,3706539.00000000
train	004720	lower__20201112_165356_56_2274_3B_AnalyticMS_SR_8b_clip	pm5__20201105_20201124__0113	/scrfs/storage/yikebe/home/research/AR_Crop_Identification/make_dataset/raw_sentinel/pm5/pm5__20201105_20201124__0113	2020-11-11	722079.00000000,3705771.00000000,722847.00000000,3706539.00000000
train	004736	lower__20201112_165356_56_2274_3B_AnalyticMS_SR_8b_clip	pm5__20201105_20201124__0113	/scrfs/storage/yikebe/home/research/AR_Crop_Identification/make_dataset/raw_sentinel/pm5/pm5__20201105_20201124__0113	2020-11-11	700575.00000000,3705003.00000000,701343.00000000,3705771.00000000
train	004752	lower__20201112_165356_56_2274_3B_AnalyticMS_SR_8b_clip	pm5__20201105_20201124__0113	/scrfs/storage/yikebe/home/research/AR_Crop_Identification/make_dataset/raw_sentinel/pm5/pm5__20201105_20201124__0113	2020-11-11	701343.00000000,3705003.00000000,702111.00000000,3705771.00000000
train	004768	lower__20201112_165356_56_2274_3B_AnalyticMS_SR_8b_clip	pm5__20201105_20201124__0113	/scrfs/storage/yikebe/home/research/AR_Crop_Identification/make_dataset/raw_sentinel/pm5/pm5__20201105_20201124__0113	2020-11-11	712863.00000000,3705003.00000000,713631.00000000,3705771.00000000
train	004784	lower__20201112_165356_56_2274_3B_AnalyticMS_SR_8b_clip	pm5__20201105_20201124__0113	/scrfs/storage/yikebe/home/research/AR_Crop_Identification/make_dataset/raw_sentinel/pm5/pm5__20201105_20201124__0113	2020-11-11	721311.00000000,3705003.00000000,722079.00000000,3705771.00000000
train	004800	lower__20201112_165356_56_2274_3B_AnalyticMS_SR_8b_clip	pm5__20201105_20201124__0113	/scrfs/storage/yikebe/home/research/AR_Crop_Identification/make_dataset/raw_sentinel/pm5/pm5__20201105_20201124__0113	2020-11-11	697503.00000000,3704235.00000000,698271.00000000,3705003.00000000
train	004816	lower__20201112_165356_56_2274_3B_AnalyticMS_SR_8b_clip	pm5__20201105_20201124__0113	/scrfs/storage/yikebe/home/research/AR_Crop_Identification/make_dataset/raw_sentinel/pm5/pm5__20201105_20201124__0113	2020-11-11	700575.00000000,3704235.00000000,701343.00000000,3705003.00000000
train	004832	lower__20201112_165356_56_2274_3B_AnalyticMS_SR_8b_clip	pm5__20201105_20201124__0113	/scrfs/storage/yikebe/home/research/AR_Crop_Identification/make_dataset/raw_sentinel/pm5/pm5__20201105_20201124__0113	2020-11-11	701343.00000000,3704235.00000000,702111.00000000,3705003.00000000
train	004848	lower__20201112_165356_56_2274_3B_AnalyticMS_SR_8b_clip	pm5__20201105_20201124__0113	/scrfs/storage/yikebe/home/research/AR_Crop_Identification/make_dataset/raw_sentinel/pm5/pm5__20201105_20201124__0113	2020-11-11	706719.00000000,3704235.00000000,707487.00000000,3705003.00000000
train	004864	lower__20201112_165356_56_2274_3B_AnalyticMS_SR_8b_clip	pm5__20201105_20201124__0113	/scrfs/storage/yikebe/home/research/AR_Crop_Identification/make_dataset/raw_sentinel/pm5/pm5__20201105_20201124__0113	2020-11-11	712095.00000000,3704235.00000000,712863.00000000,3705003.00000000
train	004880	lower__20201112_165356_56_2274_3B_AnalyticMS_SR_8b_clip	pm5__20201105_20201124__0113	/scrfs/storage/yikebe/home/research/AR_Crop_Identification/make_dataset/raw_sentinel/pm5/pm5__20201105_20201124__0113	2020-11-11	712863.00000000,3704235.00000000,713631.00000000,3705003.00000000
train	004896	lower__20201112_165356_56_2274_3B_AnalyticMS_SR_8b_clip	pm5__20201105_20201124__0113	/scrfs/storage/yikebe/home/research/AR_Crop_Identification/make_dataset/raw_sentinel/pm5/pm5__20201105_20201124__0113	2020-11-11	696735.00000000,3703467.00000000,697503.00000000,3704235.00000000
train	004912	lower__20201112_165356_56_2274_3B_AnalyticMS_SR_8b_clip	pm5__20201105_20201124__0113	/scrfs/storage/yikebe/home/research/AR_Crop_Identification/make_dataset/raw_sentinel/pm5/pm5__20201105_20201124__0113	2020-11-11	701343.00000000,3703467.00000000,702111.00000000,3704235.00000000
train	004928	lower__20201112_165356_56_2274_3B_AnalyticMS_SR_8b_clip	pm5__20201105_20201124__0113	/scrfs/storage/yikebe/home/research/AR_Crop_Identification/make_dataset/raw_sentinel/pm5/pm5__20201105_20201124__0113	2020-11-11	712095.00000000,3703467.00000000,712863.00000000,3704235.00000000
train	004944	lower__20201112_165356_56_2274_3B_AnalyticMS_SR_8b_clip	pm5__20201105_20201124__0113	/scrfs/storage/yikebe/home/research/AR_Crop_Identification/make_dataset/raw_sentinel/pm5/pm5__20201105_20201124__0113	2020-11-11	701343.00000000,3702699.00000000,702111.00000000,3703467.00000000
train	004960	lower__20201112_165356_56_2274_3B_AnalyticMS_SR_8b_clip	pm5__20201105_20201124__0113	/scrfs/storage/yikebe/home/research/AR_Crop_Identification/make_dataset/raw_sentinel/pm5/pm5__20201105_20201124__0113	2020-11-11	706719.00000000,3702699.00000000,707487.00000000,3703467.00000000
train	004976	lower__20201112_165356_56_2274_3B_AnalyticMS_SR_8b_clip	pm5__20201105_20201124__0113	/scrfs/storage/yikebe/home/research/AR_Crop_Identification/make_dataset/raw_sentinel/pm5/pm5__20201105_20201124__0113	2020-11-11	701343.00000000,3701931.00000000,702111.00000000,3702699.00000000
train	004992	lower__20201112_165356_56_2274_3B_AnalyticMS_SR_8b_clip	pm5__20201105_20201124__0113	/scrfs/storage/yikebe/home/research/AR_Crop_Identification/make_dataset/raw_sentinel/pm5/pm5__20201105_20201124__0113	2020-11-11	705951.00000000,3701931.00000000,706719.00000000,3702699.00000000
train	005008	lower__20201112_165356_56_2274_3B_AnalyticMS_SR_8b_clip	pm5__20201105_20201124__0113	/scrfs/storage/yikebe/home/research/AR_Crop_Identification/make_dataset/raw_sentinel/pm5/pm5__20201105_20201124__0113	2020-11-11	706719.00000000,3701931.00000000,707487.00000000,3702699.00000000
train	005024	lower__20201112_165356_56_2274_3B_AnalyticMS_SR_8b_clip	pm5__20201105_20201124__0113	/scrfs/storage/yikebe/home/research/AR_Crop_Identification/make_dataset/raw_sentinel/pm5/pm5__20201105_20201124__0113	2020-11-11	692127.00000000,3701163.00000000,692895.00000000,3701931.00000000
train	005040	lower__20201112_165356_56_2274_3B_AnalyticMS_SR_8b_clip	pm5__20201105_20201124__0113	/scrfs/storage/yikebe/home/research/AR_Crop_Identification/make_dataset/raw_sentinel/pm5/pm5__20201105_20201124__0113	2020-11-11	695967.00000000,3701163.00000000,696735.00000000,3701931.00000000
train	005056	lower__20201112_165356_56_2274_3B_AnalyticMS_SR_8b_clip	pm5__20201105_20201124__0113	/scrfs/storage/yikebe/home/research/AR_Crop_Identification/make_dataset/raw_sentinel/pm5/pm5__20201105_20201124__0113	2020-11-11	701343.00000000,3701163.00000000,702111.00000000,3701931.00000000
train	005072	lower__20201112_165356_56_2274_3B_AnalyticMS_SR_8b_clip	pm5__20201105_20201124__0113	/scrfs/storage/yikebe/home/research/AR_Crop_Identification/make_dataset/raw_sentinel/pm5/pm5__20201105_20201124__0113	2020-11-11	709023.00000000,3701163.00000000,709791.00000000,3701931.00000000
train	005088	lower__20201112_165356_56_2274_3B_AnalyticMS_SR_8b_clip	pm5__20201105_20201124__0113	/scrfs/storage/yikebe/home/research/AR_Crop_Identification/make_dataset/raw_sentinel/pm5/pm5__20201105_20201124__0113	2020-11-11	709023.00000000,3700395.00000000,709791.00000000,3701163.00000000
train	005104	lower__20201112_165356_56_2274_3B_AnalyticMS_SR_8b_clip	pm5__20201105_20201124__0113	/scrfs/storage/yikebe/home/research/AR_Crop_Identification/make_dataset/raw_sentinel/pm5/pm5__20201105_20201124__0113	2020-11-11	699807.00000000,3699627.00000000,700575.00000000,3700395.00000000
train	005120	lower__20201112_165356_56_2274_3B_AnalyticMS_SR_8b_clip	pm5__20201105_20201124__0113	/scrfs/storage/yikebe/home/research/AR_Crop_Identification/make_dataset/raw_sentinel/pm5/pm5__20201105_20201124__0113	2020-11-11	714399.00000000,3699627.00000000,715167.00000000,3700395.00000000
train	005136	lower__20201112_165356_56_2274_3B_AnalyticMS_SR_8b_clip	pm5__20201105_20201124__0113	/scrfs/storage/yikebe/home/research/AR_Crop_Identification/make_dataset/raw_sentinel/pm5/pm5__20201105_20201124__0113	2020-11-11	696735.00000000,3698859.00000000,697503.00000000,3699627.00000000
train	005152	lower__20201112_165356_56_2274_3B_AnalyticMS_SR_8b_clip	pm5__20201105_20201124__0113	/scrfs/storage/yikebe/home/research/AR_Crop_Identification/make_dataset/raw_sentinel/pm5/pm5__20201105_20201124__0113	2020-11-11	702111.00000000,3698091.00000000,702879.00000000,3698859.00000000
train	005168	lower__20201112_165356_56_2274_3B_AnalyticMS_SR_8b_clip	pm5__20201105_20201124__0113	/scrfs/storage/yikebe/home/research/AR_Crop_Identification/make_dataset/raw_sentinel/pm5/pm5__20201105_20201124__0113	2020-11-11	698271.00000000,3697323.00000000,699039.00000000,3698091.00000000
train	005184	lower__20201112_165356_56_2274_3B_AnalyticMS_SR_8b_clip	pm5__20201105_20201124__0113	/scrfs/storage/yikebe/home/research/AR_Crop_Identification/make_dataset/raw_sentinel/pm5/pm5__20201105_20201124__0113	2020-11-11	705951.00000000,3697323.00000000,706719.00000000,3698091.00000000
train	005200	lower__20201112_165356_56_2274_3B_AnalyticMS_SR_8b_clip	pm5__20201105_20201124__0113	/scrfs/storage/yikebe/home/research/AR_Crop_Identification/make_dataset/raw_sentinel/pm5/pm5__20201105_20201124__0113	2020-11-11	697503.00000000,3696555.00000000,698271.00000000,3697323.00000000
train	005216	lower__20201112_165356_56_2274_3B_AnalyticMS_SR_8b_clip	pm5__20201105_20201124__0113	/scrfs/storage/yikebe/home/research/AR_Crop_Identification/make_dataset/raw_sentinel/pm5/pm5__20201105_20201124__0113	2020-11-11	715935.00000000,3696555.00000000,716703.00000000,3697323.00000000
train	005232	lower__20201112_165356_56_2274_3B_AnalyticMS_SR_8b_clip	pm5__20201105_20201124__0113	/scrfs/storage/yikebe/home/research/AR_Crop_Identification/make_dataset/raw_sentinel/pm5/pm5__20201105_20201124__0113	2020-11-11	697503.00000000,3695787.00000000,698271.00000000,3696555.00000000
train	005248	lower__20201112_165356_56_2274_3B_AnalyticMS_SR_8b_clip	pm5__20201105_20201124__0113	/scrfs/storage/yikebe/home/research/AR_Crop_Identification/make_dataset/raw_sentinel/pm5/pm5__20201105_20201124__0113	2020-11-11	695967.00000000,3695019.00000000,696735.00000000,3695787.00000000
train	005264	lower__20201112_165356_56_2274_3B_AnalyticMS_SR_8b_clip	pm5__20201105_20201124__0113	/scrfs/storage/yikebe/home/research/AR_Crop_Identification/make_dataset/raw_sentinel/pm5/pm5__20201105_20201124__0113	2020-11-11	696735.00000000,3695019.00000000,697503.00000000,3695787.00000000
train	005280	lower__20201112_165356_56_2274_3B_AnalyticMS_SR_8b_clip	pm5__20201105_20201124__0113	/scrfs/storage/yikebe/home/research/AR_Crop_Identification/make_dataset/raw_sentinel/pm5/pm5__20201105_20201124__0113	2020-11-11	700575.00000000,3695019.00000000,701343.00000000,3695787.00000000
train	005296	lower__20201112_165356_56_2274_3B_AnalyticMS_SR_8b_clip	pm5__20201105_20201124__0113	/scrfs/storage/yikebe/home/research/AR_Crop_Identification/make_dataset/raw_sentinel/pm5/pm5__20201105_20201124__0113	2020-11-11	703647.00000000,3695019.00000000,704415.00000000,3695787.00000000
train	005312	lower__20201112_165356_56_2274_3B_AnalyticMS_SR_8b_clip	pm5__20201105_20201124__0113	/scrfs/storage/yikebe/home/research/AR_Crop_Identification/make_dataset/raw_sentinel/pm5/pm5__20201105_20201124__0113	2020-11-11	708255.00000000,3695019.00000000,709023.00000000,3695787.00000000
train	005328	lower__20201112_165356_56_2274_3B_AnalyticMS_SR_8b_clip	pm5__20201105_20201124__0113	/scrfs/storage/yikebe/home/research/AR_Crop_Identification/make_dataset/raw_sentinel/pm5/pm5__20201105_20201124__0113	2020-11-11	695967.00000000,3694251.00000000,696735.00000000,3695019.00000000
train	005344	lower__20201112_165356_56_2274_3B_AnalyticMS_SR_8b_clip	pm5__20201105_20201124__0113	/scrfs/storage/yikebe/home/research/AR_Crop_Identification/make_dataset/raw_sentinel/pm5/pm5__20201105_20201124__0113	2020-11-11	696735.00000000,3694251.00000000,697503.00000000,3695019.00000000
train	005360	lower__20201112_165356_56_2274_3B_AnalyticMS_SR_8b_clip	pm5__20201105_20201124__0113	/scrfs/storage/yikebe/home/research/AR_Crop_Identification/make_dataset/raw_sentinel/pm5/pm5__20201105_20201124__0113	2020-11-11	700575.00000000,3694251.00000000,701343.00000000,3695019.00000000
train	005376	lower__20201112_165356_56_2274_3B_AnalyticMS_SR_8b_clip	pm5__20201105_20201124__0113	/scrfs/storage/yikebe/home/research/AR_Crop_Identification/make_dataset/raw_sentinel/pm5/pm5__20201105_20201124__0113	2020-11-11	713631.00000000,3694251.00000000,714399.00000000,3695019.00000000
train	005392	lower__20201112_165356_56_2274_3B_AnalyticMS_SR_8b_clip	pm5__20201105_20201124__0113	/scrfs/storage/yikebe/home/research/AR_Crop_Identification/make_dataset/raw_sentinel/pm5/pm5__20201105_20201124__0113	2020-11-11	700575.00000000,3693483.00000000,701343.00000000,3694251.00000000
train	005408	lower__20201112_165356_56_2274_3B_AnalyticMS_SR_8b_clip	pm5__20201105_20201124__0113	/scrfs/storage/yikebe/home/research/AR_Crop_Identification/make_dataset/raw_sentinel/pm5/pm5__20201105_20201124__0113	2020-11-11	703647.00000000,3693483.00000000,704415.00000000,3694251.00000000
train	005424	lower__20201112_165356_56_2274_3B_AnalyticMS_SR_8b_clip	pm5__20201105_20201124__0113	/scrfs/storage/yikebe/home/research/AR_Crop_Identification/make_dataset/raw_sentinel/pm5/pm5__20201105_20201124__0113	2020-11-11	706719.00000000,3692715.00000000,707487.00000000,3693483.00000000
train	005440	lower__20201112_165356_56_2274_3B_AnalyticMS_SR_8b_clip	pm5__20201105_20201124__0113	/scrfs/storage/yikebe/home/research/AR_Crop_Identification/make_dataset/raw_sentinel/pm5/pm5__20201105_20201124__0113	2020-11-11	708255.00000000,3691947.00000000,709023.00000000,3692715.00000000
train	005456	lower__20201112_165356_56_2274_3B_AnalyticMS_SR_8b_clip	pm5__20201105_20201124__0113	/scrfs/storage/yikebe/home/research/AR_Crop_Identification/make_dataset/raw_sentinel/pm5/pm5__20201105_20201124__0113	2020-11-11	714399.00000000,3691947.00000000,715167.00000000,3692715.00000000
train	005472	lower__20201112_165356_56_2274_3B_AnalyticMS_SR_8b_clip	pm5__20201105_20201124__0113	/scrfs/storage/yikebe/home/research/AR_Crop_Identification/make_dataset/raw_sentinel/pm5/pm5__20201105_20201124__0113	2020-11-11	718239.00000000,3691179.00000000,719007.00000000,3691947.00000000
train	005488	lower__20201112_165710_40_2405_3B_AnalyticMS_SR_8b_clip	pm5__20201105_20201124__0062	/scrfs/storage/yikebe/home/research/AR_Crop_Identification/make_dataset/raw_sentinel/pm5/pm5__20201105_20201124__0062	2020-11-09	606177.00000000,3838335.00000000,606945.00000000,3839103.00000000
train	005504	lower__20201112_165710_40_2405_3B_AnalyticMS_SR_8b_clip	pm5__20201105_20201124__0062	/scrfs/storage/yikebe/home/research/AR_Crop_Identification/make_dataset/raw_sentinel/pm5/pm5__20201105_20201124__0062	2020-11-09	610785.00000000,3837567.00000000,611553.00000000,3838335.00000000
val	000000	lower__20201115_155852_47_2212_3B_AnalyticMS_SR_8b_clip	pm5__20201105_20201124__0133	/scrfs/storage/yikebe/home/research/AR_Crop_Identification/make_dataset/raw_sentinel/pm5/pm5__20201105_20201124__0133	2020-11-11	738741.00000000,3848352.00000000,739509.00000000,3849120.00000000
val	000016	lower__20201115_155852_47_2212_3B_AnalyticMS_SR_8b_clip	pm5__20201105_20201124__0133	/scrfs/storage/yikebe/home/research/AR_Crop_Identification/make_dataset/raw_sentinel/pm5/pm5__20201105_20201124__0133	2020-11-11	739509.00000000,3848352.00000000,740277.00000000,3849120.00000000
val	000032	lower__20201115_155852_47_2212_3B_AnalyticMS_SR_8b_clip	pm5__20201105_20201124__0133	/scrfs/storage/yikebe/home/research/AR_Crop_Identification/make_dataset/raw_sentinel/pm5/pm5__20201105_20201124__0133	2020-11-11	754869.00000000,3848352.00000000,755637.00000000,3849120.00000000
val	000048	lower__20201115_155852_47_2212_3B_AnalyticMS_SR_8b_clip	pm5__20201105_20201124__0133	/scrfs/storage/yikebe/home/research/AR_Crop_Identification/make_dataset/raw_sentinel/pm5/pm5__20201105_20201124__0133	2020-11-11	756405.00000000,3848352.00000000,757173.00000000,3849120.00000000
val	000064	lower__20201115_155852_47_2212_3B_AnalyticMS_SR_8b_clip	pm5__20201105_20201124__0133	/scrfs/storage/yikebe/home/research/AR_Crop_Identification/make_dataset/raw_sentinel/pm5/pm5__20201105_20201124__0133	2020-11-11	742581.00000000,3847584.00000000,743349.00000000,3848352.00000000
val	000080	lower__20201115_155852_47_2212_3B_AnalyticMS_SR_8b_clip	pm5__20201105_20201124__0133	/scrfs/storage/yikebe/home/research/AR_Crop_Identification/make_dataset/raw_sentinel/pm5/pm5__20201105_20201124__0133	2020-11-11	756405.00000000,3847584.00000000,757173.00000000,3848352.00000000
val	000096	lower__20201115_155852_47_2212_3B_AnalyticMS_SR_8b_clip	pm5__20201105_20201124__0133	/scrfs/storage/yikebe/home/research/AR_Crop_Identification/make_dataset/raw_sentinel/pm5/pm5__20201105_20201124__0133	2020-11-11	742581.00000000,3846816.00000000,743349.00000000,3847584.00000000
val	000112	lower__20201115_155852_47_2212_3B_AnalyticMS_SR_8b_clip	pm5__20201105_20201124__0133	/scrfs/storage/yikebe/home/research/AR_Crop_Identification/make_dataset/raw_sentinel/pm5/pm5__20201105_20201124__0133	2020-11-11	756405.00000000,3846816.00000000,757173.00000000,3847584.00000000
val	000128	lower__20201115_155852_47_2212_3B_AnalyticMS_SR_8b_clip	pm5__20201105_20201124__0133	/scrfs/storage/yikebe/home/research/AR_Crop_Identification/make_dataset/raw_sentinel/pm5/pm5__20201105_20201124__0133	2020-11-11	737973.00000000,3846048.00000000,738741.00000000,3846816.00000000
val	000144	lower__20201115_155852_47_2212_3B_AnalyticMS_SR_8b_clip	pm5__20201105_20201124__0133	/scrfs/storage/yikebe/home/research/AR_Crop_Identification/make_dataset/raw_sentinel/pm5/pm5__20201105_20201124__0133	2020-11-11	753333.00000000,3846048.00000000,754101.00000000,3846816.00000000
val	000160	lower__20201115_155852_47_2212_3B_AnalyticMS_SR_8b_clip	pm5__20201105_20201124__0133	/scrfs/storage/yikebe/home/research/AR_Crop_Identification/make_dataset/raw_sentinel/pm5/pm5__20201105_20201124__0133	2020-11-11	734901.00000000,3845280.00000000,735669.00000000,3846048.00000000
val	000176	lower__20201115_155852_47_2212_3B_AnalyticMS_SR_8b_clip	pm5__20201105_20201124__0133	/scrfs/storage/yikebe/home/research/AR_Crop_Identification/make_dataset/raw_sentinel/pm5/pm5__20201105_20201124__0133	2020-11-11	737973.00000000,3845280.00000000,738741.00000000,3846048.00000000
val	000192	lower__20201115_155852_47_2212_3B_AnalyticMS_SR_8b_clip	pm5__20201105_20201124__0133	/scrfs/storage/yikebe/home/research/AR_Crop_Identification/make_dataset/raw_sentinel/pm5/pm5__20201105_20201124__0133	2020-11-11	753333.00000000,3845280.00000000,754101.00000000,3846048.00000000
val	000208	lower__20201115_155852_47_2212_3B_AnalyticMS_SR_8b_clip	pm5__20201105_20201124__0133	/scrfs/storage/yikebe/home/research/AR_Crop_Identification/make_dataset/raw_sentinel/pm5/pm5__20201105_20201124__0133	2020-11-11	737205.00000000,3844512.00000000,737973.00000000,3845280.00000000
val	000224	lower__20201115_155852_47_2212_3B_AnalyticMS_SR_8b_clip	pm5__20201105_20201124__0133	/scrfs/storage/yikebe/home/research/AR_Crop_Identification/make_dataset/raw_sentinel/pm5/pm5__20201105_20201124__0133	2020-11-11	738741.00000000,3842976.00000000,739509.00000000,3843744.00000000
val	000240	lower__20201115_155852_47_2212_3B_AnalyticMS_SR_8b_clip	pm5__20201105_20201124__0133	/scrfs/storage/yikebe/home/research/AR_Crop_Identification/make_dataset/raw_sentinel/pm5/pm5__20201105_20201124__0133	2020-11-11	738741.00000000,3842208.00000000,739509.00000000,3842976.00000000
val	000256	lower__20201115_155852_47_2212_3B_AnalyticMS_SR_8b_clip	pm5__20201105_20201124__0133	/scrfs/storage/yikebe/home/research/AR_Crop_Identification/make_dataset/raw_sentinel/pm5/pm5__20201105_20201124__0133	2020-11-11	746421.00000000,3842208.00000000,747189.00000000,3842976.00000000
val	000272	lower__20201115_155852_47_2212_3B_AnalyticMS_SR_8b_clip	pm5__20201105_20201124__0133	/scrfs/storage/yikebe/home/research/AR_Crop_Identification/make_dataset/raw_sentinel/pm5/pm5__20201105_20201124__0133	2020-11-11	743349.00000000,3841440.00000000,744117.00000000,3842208.00000000
val	000288	lower__20201115_155852_47_2212_3B_AnalyticMS_SR_8b_clip	pm5__20201105_20201124__0133	/scrfs/storage/yikebe/home/research/AR_Crop_Identification/make_dataset/raw_sentinel/pm5/pm5__20201105_20201124__0133	2020-11-11	747189.00000000,3841440.00000000,747957.00000000,3842208.00000000
val	000304	lower__20201115_155852_47_2212_3B_AnalyticMS_SR_8b_clip	pm5__20201105_20201124__0133	/scrfs/storage/yikebe/home/research/AR_Crop_Identification/make_dataset/raw_sentinel/pm5/pm5__20201105_20201124__0133	2020-11-11	749493.00000000,3840672.00000000,750261.00000000,3841440.00000000
val	000320	lower__20201115_155852_47_2212_3B_AnalyticMS_SR_8b_clip	pm5__20201105_20201124__0133	/scrfs/storage/yikebe/home/research/AR_Crop_Identification/make_dataset/raw_sentinel/pm5/pm5__20201105_20201124__0133	2020-11-11	742581.00000000,3839904.00000000,743349.00000000,3840672.00000000
val	000336	lower__20201115_155852_47_2212_3B_AnalyticMS_SR_8b_clip	pm5__20201105_20201124__0133	/scrfs/storage/yikebe/home/research/AR_Crop_Identification/make_dataset/raw_sentinel/pm5/pm5__20201105_20201124__0133	2020-11-11	745653.00000000,3839904.00000000,746421.00000000,3840672.00000000
val	000352	lower__20201115_155852_47_2212_3B_AnalyticMS_SR_8b_clip	pm5__20201105_20201124__0133	/scrfs/storage/yikebe/home/research/AR_Crop_Identification/make_dataset/raw_sentinel/pm5/pm5__20201105_20201124__0133	2020-11-11	751029.00000000,3839904.00000000,751797.00000000,3840672.00000000
val	000368	lower__20201115_155852_47_2212_3B_AnalyticMS_SR_8b_clip	pm5__20201105_20201124__0133	/scrfs/storage/yikebe/home/research/AR_Crop_Identification/make_dataset/raw_sentinel/pm5/pm5__20201105_20201124__0133	2020-11-11	750261.00000000,3839136.00000000,751029.00000000,3839904.00000000
val	000384	lower__20201115_155852_47_2212_3B_AnalyticMS_SR_8b_clip	pm5__20201105_20201124__0133	/scrfs/storage/yikebe/home/research/AR_Crop_Identification/make_dataset/raw_sentinel/pm5/pm5__20201105_20201124__0133	2020-11-11	751029.00000000,3839136.00000000,751797.00000000,3839904.00000000
val	000400	lower__20201115_155852_47_2212_3B_AnalyticMS_SR_8b_clip	pm5__20201105_20201124__0133	/scrfs/storage/yikebe/home/research/AR_Crop_Identification/make_dataset/raw_sentinel/pm5/pm5__20201105_20201124__0133	2020-11-11	750261.00000000,3838368.00000000,751029.00000000,3839136.00000000
val	000416	lower__20201115_155852_47_2212_3B_AnalyticMS_SR_8b_clip	pm5__20201105_20201124__0133	/scrfs/storage/yikebe/home/research/AR_Crop_Identification/make_dataset/raw_sentinel/pm5/pm5__20201105_20201124__0133	2020-11-11	751029.00000000,3838368.00000000,751797.00000000,3839136.00000000
val	000432	lower__20201115_161001_28_2233_3B_AnalyticMS_SR_8b_clip	pm5__20201105_20201124__0053	/scrfs/storage/yikebe/home/research/AR_Crop_Identification/make_dataset/raw_sentinel/pm5/pm5__20201105_20201124__0053	2020-11-19	582651.00000000,3822354.00000000,583419.00000000,3823122.00000000
val	000448	lower__20201115_161001_28_2233_3B_AnalyticMS_SR_8b_clip	pm5__20201105_20201124__0053	/scrfs/storage/yikebe/home/research/AR_Crop_Identification/make_dataset/raw_sentinel/pm5/pm5__20201105_20201124__0053	2020-11-19	583419.00000000,3822354.00000000,584187.00000000,3823122.00000000
val	000464	lower__20201115_161001_28_2233_3B_AnalyticMS_SR_8b_clip	pm5__20201105_20201124__0053	/scrfs/storage/yikebe/home/research/AR_Crop_Identification/make_dataset/raw_sentinel/pm5/pm5__20201105_20201124__0053	2020-11-19	584187.00000000,3822354.00000000,584955.00000000,3823122.00000000
val	000480	lower__20201115_161001_28_2233_3B_AnalyticMS_SR_8b_clip	pm5__20201105_20201124__0053	/scrfs/storage/yikebe/home/research/AR_Crop_Identification/make_dataset/raw_sentinel/pm5/pm5__20201105_20201124__0053	2020-11-19	582651.00000000,3821586.00000000,583419.00000000,3822354.00000000
val	000496	lower__20201115_161001_28_2233_3B_AnalyticMS_SR_8b_clip	pm5__20201105_20201124__0053	/scrfs/storage/yikebe/home/research/AR_Crop_Identification/make_dataset/raw_sentinel/pm5/pm5__20201105_20201124__0053	2020-11-19	583419.00000000,3821586.00000000,584187.00000000,3822354.00000000
val	000512	lower__20201115_161001_28_2233_3B_AnalyticMS_SR_8b_clip	pm5__20201105_20201124__0053	/scrfs/storage/yikebe/home/research/AR_Crop_Identification/make_dataset/raw_sentinel/pm5/pm5__20201105_20201124__0053	2020-11-19	581115.00000000,3820050.00000000,581883.00000000,3820818.00000000
val	000528	lower__20201115_161001_28_2233_3B_AnalyticMS_SR_8b_clip	pm5__20201105_20201124__0053	/scrfs/storage/yikebe/home/research/AR_Crop_Identification/make_dataset/raw_sentinel/pm5/pm5__20201105_20201124__0053	2020-11-19	578043.00000000,3818514.00000000,578811.00000000,3819282.00000000
val	000544	lower__20201115_161001_28_2233_3B_AnalyticMS_SR_8b_clip	pm5__20201105_20201124__0053	/scrfs/storage/yikebe/home/research/AR_Crop_Identification/make_dataset/raw_sentinel/pm5/pm5__20201105_20201124__0053	2020-11-19	581883.00000000,3817746.00000000,582651.00000000,3818514.00000000
train	005520	lower__20201115_165500_94_2254_3B_AnalyticMS_SR_8b_clip	pm5__20201105_20201124__0093	/scrfs/storage/yikebe/home/research/AR_Crop_Identification/make_dataset/raw_sentinel/pm5/pm5__20201105_20201124__0093	2020-11-11	646557.00000000,3709569.00000000,647325.00000000,3710337.00000000
train	005536	lower__20201115_165500_94_2254_3B_AnalyticMS_SR_8b_clip	pm5__20201105_20201124__0093	/scrfs/storage/yikebe/home/research/AR_Crop_Identification/make_dataset/raw_sentinel/pm5/pm5__20201105_20201124__0093	2020-11-11	655005.00000000,3709569.00000000,655773.00000000,3710337.00000000
train	005552	lower__20201115_165500_94_2254_3B_AnalyticMS_SR_8b_clip	pm5__20201105_20201124__0093	/scrfs/storage/yikebe/home/research/AR_Crop_Identification/make_dataset/raw_sentinel/pm5/pm5__20201105_20201124__0093	2020-11-11	651933.00000000,3708801.00000000,652701.00000000,3709569.00000000
train	005568	lower__20201115_165500_94_2254_3B_AnalyticMS_SR_8b_clip	pm5__20201105_20201124__0093	/scrfs/storage/yikebe/home/research/AR_Crop_Identification/make_dataset/raw_sentinel/pm5/pm5__20201105_20201124__0093	2020-11-11	658845.00000000,3708801.00000000,659613.00000000,3709569.00000000
train	005584	lower__20201115_165500_94_2254_3B_AnalyticMS_SR_8b_clip	pm5__20201105_20201124__0093	/scrfs/storage/yikebe/home/research/AR_Crop_Identification/make_dataset/raw_sentinel/pm5/pm5__20201105_20201124__0093	2020-11-11	660381.00000000,3708801.00000000,661149.00000000,3709569.00000000
train	005600	lower__20201115_165500_94_2254_3B_AnalyticMS_SR_8b_clip	pm5__20201105_20201124__0093	/scrfs/storage/yikebe/home/research/AR_Crop_Identification/make_dataset/raw_sentinel/pm5/pm5__20201105_20201124__0093	2020-11-11	661917.00000000,3708801.00000000,662685.00000000,3709569.00000000
train	005616	lower__20201115_165500_94_2254_3B_AnalyticMS_SR_8b_clip	pm5__20201105_20201124__0093	/scrfs/storage/yikebe/home/research/AR_Crop_Identification/make_dataset/raw_sentinel/pm5/pm5__20201105_20201124__0093	2020-11-11	645789.00000000,3708033.00000000,646557.00000000,3708801.00000000
train	005632	lower__20201115_165500_94_2254_3B_AnalyticMS_SR_8b_clip	pm5__20201105_20201124__0093	/scrfs/storage/yikebe/home/research/AR_Crop_Identification/make_dataset/raw_sentinel/pm5/pm5__20201105_20201124__0093	2020-11-11	646557.00000000,3708033.00000000,647325.00000000,3708801.00000000
train	005648	lower__20201115_165500_94_2254_3B_AnalyticMS_SR_8b_clip	pm5__20201105_20201124__0093	/scrfs/storage/yikebe/home/research/AR_Crop_Identification/make_dataset/raw_sentinel/pm5/pm5__20201105_20201124__0093	2020-11-11	647325.00000000,3708033.00000000,648093.00000000,3708801.00000000
train	005664	lower__20201115_165500_94_2254_3B_AnalyticMS_SR_8b_clip	pm5__20201105_20201124__0093	/scrfs/storage/yikebe/home/research/AR_Crop_Identification/make_dataset/raw_sentinel/pm5/pm5__20201105_20201124__0093	2020-11-11	660381.00000000,3708033.00000000,661149.00000000,3708801.00000000
train	005680	lower__20201115_165500_94_2254_3B_AnalyticMS_SR_8b_clip	pm5__20201105_20201124__0093	/scrfs/storage/yikebe/home/research/AR_Crop_Identification/make_dataset/raw_sentinel/pm5/pm5__20201105_20201124__0093	2020-11-11	661917.00000000,3708033.00000000,662685.00000000,3708801.00000000
train	005696	lower__20201115_165500_94_2254_3B_AnalyticMS_SR_8b_clip	pm5__20201105_20201124__0093	/scrfs/storage/yikebe/home/research/AR_Crop_Identification/make_dataset/raw_sentinel/pm5/pm5__20201105_20201124__0093	2020-11-11	662685.00000000,3708033.00000000,663453.00000000,3708801.00000000
train	005712	lower__20201115_165500_94_2254_3B_AnalyticMS_SR_8b_clip	pm5__20201105_20201124__0093	/scrfs/storage/yikebe/home/research/AR_Crop_Identification/make_dataset/raw_sentinel/pm5/pm5__20201105_20201124__0093	2020-11-11	661917.00000000,3707265.00000000,662685.00000000,3708033.00000000
train	005728	lower__20201115_165500_94_2254_3B_AnalyticMS_SR_8b_clip	pm5__20201105_20201124__0093	/scrfs/storage/yikebe/home/research/AR_Crop_Identification/make_dataset/raw_sentinel/pm5/pm5__20201105_20201124__0093	2020-11-11	653469.00000000,3705729.00000000,654237.00000000,3706497.00000000
train	005744	lower__20201115_165500_94_2254_3B_AnalyticMS_SR_8b_clip	pm5__20201105_20201124__0093	/scrfs/storage/yikebe/home/research/AR_Crop_Identification/make_dataset/raw_sentinel/pm5/pm5__20201105_20201124__0093	2020-11-11	651933.00000000,3704961.00000000,652701.00000000,3705729.00000000
train	005760	lower__20201115_165500_94_2254_3B_AnalyticMS_SR_8b_clip	pm5__20201105_20201124__0093	/scrfs/storage/yikebe/home/research/AR_Crop_Identification/make_dataset/raw_sentinel/pm5/pm5__20201105_20201124__0093	2020-11-11	653469.00000000,3704961.00000000,654237.00000000,3705729.00000000
train	005776	lower__20201115_165500_94_2254_3B_AnalyticMS_SR_8b_clip	pm5__20201105_20201124__0093	/scrfs/storage/yikebe/home/research/AR_Crop_Identification/make_dataset/raw_sentinel/pm5/pm5__20201105_20201124__0093	2020-11-11	645789.00000000,3704193.00000000,646557.00000000,3704961.00000000
train	005792	lower__20201115_165500_94_2254_3B_AnalyticMS_SR_8b_clip	pm5__20201105_20201124__0093	/scrfs/storage/yikebe/home/research/AR_Crop_Identification/make_dataset/raw_sentinel/pm5/pm5__20201105_20201124__0093	2020-11-11	651933.00000000,3704193.00000000,652701.00000000,3704961.00000000
train	005808	lower__20201115_165500_94_2254_3B_AnalyticMS_SR_8b_clip	pm5__20201105_20201124__0093	/scrfs/storage/yikebe/home/research/AR_Crop_Identification/make_dataset/raw_sentinel/pm5/pm5__20201105_20201124__0093	2020-11-11	652701.00000000,3704193.00000000,653469.00000000,3704961.00000000
train	005824	lower__20201115_165500_94_2254_3B_AnalyticMS_SR_8b_clip	pm5__20201105_20201124__0093	/scrfs/storage/yikebe/home/research/AR_Crop_Identification/make_dataset/raw_sentinel/pm5/pm5__20201105_20201124__0093	2020-11-11	649629.00000000,3703425.00000000,650397.00000000,3704193.00000000
train	005840	lower__20201115_165500_94_2254_3B_AnalyticMS_SR_8b_clip	pm5__20201105_20201124__0093	/scrfs/storage/yikebe/home/research/AR_Crop_Identification/make_dataset/raw_sentinel/pm5/pm5__20201105_20201124__0093	2020-11-11	658077.00000000,3703425.00000000,658845.00000000,3704193.00000000
train	005856	lower__20201115_165500_94_2254_3B_AnalyticMS_SR_8b_clip	pm5__20201105_20201124__0093	/scrfs/storage/yikebe/home/research/AR_Crop_Identification/make_dataset/raw_sentinel/pm5/pm5__20201105_20201124__0093	2020-11-11	653469.00000000,3701889.00000000,654237.00000000,3702657.00000000
train	005872	lower__20201115_165500_94_2254_3B_AnalyticMS_SR_8b_clip	pm5__20201105_20201124__0093	/scrfs/storage/yikebe/home/research/AR_Crop_Identification/make_dataset/raw_sentinel/pm5/pm5__20201105_20201124__0093	2020-11-11	653469.00000000,3701121.00000000,654237.00000000,3701889.00000000
train	005888	lower__20201115_165500_94_2254_3B_AnalyticMS_SR_8b_clip	pm5__20201105_20201124__0093	/scrfs/storage/yikebe/home/research/AR_Crop_Identification/make_dataset/raw_sentinel/pm5/pm5__20201105_20201124__0093	2020-11-11	654237.00000000,3700353.00000000,655005.00000000,3701121.00000000
train	005904	lower__20201115_165500_94_2254_3B_AnalyticMS_SR_8b_clip	pm5__20201105_20201124__0093	/scrfs/storage/yikebe/home/research/AR_Crop_Identification/make_dataset/raw_sentinel/pm5/pm5__20201105_20201124__0093	2020-11-11	661917.00000000,3700353.00000000,662685.00000000,3701121.00000000
train	005920	lower__20201115_165500_94_2254_3B_AnalyticMS_SR_8b_clip	pm5__20201105_20201124__0093	/scrfs/storage/yikebe/home/research/AR_Crop_Identification/make_dataset/raw_sentinel/pm5/pm5__20201105_20201124__0093	2020-11-11	654237.00000000,3699585.00000000,655005.00000000,3700353.00000000
train	005936	lower__20201115_165500_94_2254_3B_AnalyticMS_SR_8b_clip	pm5__20201105_20201124__0093	/scrfs/storage/yikebe/home/research/AR_Crop_Identification/make_dataset/raw_sentinel/pm5/pm5__20201105_20201124__0093	2020-11-11	655773.00000000,3699585.00000000,656541.00000000,3700353.00000000
train	005952	lower__20201115_165500_94_2254_3B_AnalyticMS_SR_8b_clip	pm5__20201105_20201124__0093	/scrfs/storage/yikebe/home/research/AR_Crop_Identification/make_dataset/raw_sentinel/pm5/pm5__20201105_20201124__0093	2020-11-11	661917.00000000,3699585.00000000,662685.00000000,3700353.00000000
train	005968	lower__20201115_165500_94_2254_3B_AnalyticMS_SR_8b_clip	pm5__20201105_20201124__0093	/scrfs/storage/yikebe/home/research/AR_Crop_Identification/make_dataset/raw_sentinel/pm5/pm5__20201105_20201124__0093	2020-11-11	647325.00000000,3698049.00000000,648093.00000000,3698817.00000000
train	005984	lower__20201115_165500_94_2254_3B_AnalyticMS_SR_8b_clip	pm5__20201105_20201124__0093	/scrfs/storage/yikebe/home/research/AR_Crop_Identification/make_dataset/raw_sentinel/pm5/pm5__20201105_20201124__0093	2020-11-11	648093.00000000,3698049.00000000,648861.00000000,3698817.00000000
train	006000	lower__20201115_165500_94_2254_3B_AnalyticMS_SR_8b_clip	pm5__20201105_20201124__0093	/scrfs/storage/yikebe/home/research/AR_Crop_Identification/make_dataset/raw_sentinel/pm5/pm5__20201105_20201124__0093	2020-11-11	649629.00000000,3696513.00000000,650397.00000000,3697281.00000000
train	006016	lower__20201115_165500_94_2254_3B_AnalyticMS_SR_8b_clip	pm5__20201105_20201124__0093	/scrfs/storage/yikebe/home/research/AR_Crop_Identification/make_dataset/raw_sentinel/pm5/pm5__20201105_20201124__0093	2020-11-11	658845.00000000,3696513.00000000,659613.00000000,3697281.00000000
train	006032	lower__20201115_165500_94_2254_3B_AnalyticMS_SR_8b_clip	pm5__20201105_20201124__0093	/scrfs/storage/yikebe/home/research/AR_Crop_Identification/make_dataset/raw_sentinel/pm5/pm5__20201105_20201124__0093	2020-11-11	659613.00000000,3696513.00000000,660381.00000000,3697281.00000000
train	006048	lower__20201115_165500_94_2254_3B_AnalyticMS_SR_8b_clip	pm5__20201105_20201124__0093	/scrfs/storage/yikebe/home/research/AR_Crop_Identification/make_dataset/raw_sentinel/pm5/pm5__20201105_20201124__0093	2020-11-11	658845.00000000,3695745.00000000,659613.00000000,3696513.00000000
train	006064	lower__20201115_165500_94_2254_3B_AnalyticMS_SR_8b_clip	pm5__20201105_20201124__0093	/scrfs/storage/yikebe/home/research/AR_Crop_Identification/make_dataset/raw_sentinel/pm5/pm5__20201105_20201124__0093	2020-11-11	659613.00000000,3695745.00000000,660381.00000000,3696513.00000000
train	006080	lower__20201115_165500_94_2254_3B_AnalyticMS_SR_8b_clip	pm5__20201105_20201124__0093	/scrfs/storage/yikebe/home/research/AR_Crop_Identification/make_dataset/raw_sentinel/pm5/pm5__20201105_20201124__0093	2020-11-11	660381.00000000,3695745.00000000,661149.00000000,3696513.00000000
train	006096	lower__20201115_165500_94_2254_3B_AnalyticMS_SR_8b_clip	pm5__20201105_20201124__0093	/scrfs/storage/yikebe/home/research/AR_Crop_Identification/make_dataset/raw_sentinel/pm5/pm5__20201105_20201124__0093	2020-11-11	658077.00000000,3694977.00000000,658845.00000000,3695745.00000000
train	006112	lower__20201115_165500_94_2254_3B_AnalyticMS_SR_8b_clip	pm5__20201105_20201124__0093	/scrfs/storage/yikebe/home/research/AR_Crop_Identification/make_dataset/raw_sentinel/pm5/pm5__20201105_20201124__0093	2020-11-11	658077.00000000,3694209.00000000,658845.00000000,3694977.00000000
train	006128	lower__20201115_165500_94_2254_3B_AnalyticMS_SR_8b_clip	pm5__20201105_20201124__0093	/scrfs/storage/yikebe/home/research/AR_Crop_Identification/make_dataset/raw_sentinel/pm5/pm5__20201105_20201124__0093	2020-11-11	658845.00000000,3694209.00000000,659613.00000000,3694977.00000000
train	006144	lower__20201115_165500_94_2254_3B_AnalyticMS_SR_8b_clip	pm5__20201105_20201124__0093	/scrfs/storage/yikebe/home/research/AR_Crop_Identification/make_dataset/raw_sentinel/pm5/pm5__20201105_20201124__0093	2020-11-11	670365.00000000,3693441.00000000,671133.00000000,3694209.00000000
train	006160	lower__20201115_165500_94_2254_3B_AnalyticMS_SR_8b_clip	pm5__20201105_20201124__0093	/scrfs/storage/yikebe/home/research/AR_Crop_Identification/make_dataset/raw_sentinel/pm5/pm5__20201105_20201124__0093	2020-11-11	671133.00000000,3693441.00000000,671901.00000000,3694209.00000000
train	006176	lower__20201115_165500_94_2254_3B_AnalyticMS_SR_8b_clip	pm5__20201105_20201124__0093	/scrfs/storage/yikebe/home/research/AR_Crop_Identification/make_dataset/raw_sentinel/pm5/pm5__20201105_20201124__0093	2020-11-11	644253.00000000,3692673.00000000,645021.00000000,3693441.00000000
train	006192	lower__20201115_165500_94_2254_3B_AnalyticMS_SR_8b_clip	pm5__20201105_20201124__0093	/scrfs/storage/yikebe/home/research/AR_Crop_Identification/make_dataset/raw_sentinel/pm5/pm5__20201105_20201124__0093	2020-11-11	645021.00000000,3692673.00000000,645789.00000000,3693441.00000000
train	006208	lower__20201116_160028_95_2257_3B_AnalyticMS_SR_8b_clip	pm5__20201105_20201124__0127	/scrfs/storage/yikebe/home/research/AR_Crop_Identification/make_dataset/raw_sentinel/pm5/pm5__20201105_20201124__0127	2020-11-21	726060.00000000,3690510.00000000,726828.00000000,3691278.00000000
train	006224	lower__20201116_160028_95_2257_3B_AnalyticMS_SR_8b_clip	pm5__20201105_20201124__0127	/scrfs/storage/yikebe/home/research/AR_Crop_Identification/make_dataset/raw_sentinel/pm5/pm5__20201105_20201124__0127	2020-11-21	726828.00000000,3690510.00000000,727596.00000000,3691278.00000000
train	006240	lower__20201116_160028_95_2257_3B_AnalyticMS_SR_8b_clip	pm5__20201105_20201124__0127	/scrfs/storage/yikebe/home/research/AR_Crop_Identification/make_dataset/raw_sentinel/pm5/pm5__20201105_20201124__0127	2020-11-21	742956.00000000,3688206.00000000,743724.00000000,3688974.00000000
train	006256	lower__20201116_160028_95_2257_3B_AnalyticMS_SR_8b_clip	pm5__20201105_20201124__0127	/scrfs/storage/yikebe/home/research/AR_Crop_Identification/make_dataset/raw_sentinel/pm5/pm5__20201105_20201124__0127	2020-11-21	732972.00000000,3683598.00000000,733740.00000000,3684366.00000000
train	006272	lower__20201116_160028_95_2257_3B_AnalyticMS_SR_8b_clip	pm5__20201105_20201124__0127	/scrfs/storage/yikebe/home/research/AR_Crop_Identification/make_dataset/raw_sentinel/pm5/pm5__20201105_20201124__0127	2020-11-21	742956.00000000,3683598.00000000,743724.00000000,3684366.00000000
train	006288	lower__20201116_160028_95_2257_3B_AnalyticMS_SR_8b_clip	pm5__20201105_20201124__0127	/scrfs/storage/yikebe/home/research/AR_Crop_Identification/make_dataset/raw_sentinel/pm5/pm5__20201105_20201124__0127	2020-11-21	735276.00000000,3680526.00000000,736044.00000000,3681294.00000000
train	006304	lower__20201116_160028_95_2257_3B_AnalyticMS_SR_8b_clip	pm5__20201105_20201124__0127	/scrfs/storage/yikebe/home/research/AR_Crop_Identification/make_dataset/raw_sentinel/pm5/pm5__20201105_20201124__0127	2020-11-21	736044.00000000,3678990.00000000,736812.00000000,3679758.00000000
train	006320	lower__20201116_160028_95_2257_3B_AnalyticMS_SR_8b_clip	pm5__20201105_20201124__0127	/scrfs/storage/yikebe/home/research/AR_Crop_Identification/make_dataset/raw_sentinel/pm5/pm5__20201105_20201124__0127	2020-11-21	730668.00000000,3677454.00000000,731436.00000000,3678222.00000000
train	006336	lower__20201116_160028_95_2257_3B_AnalyticMS_SR_8b_clip	pm5__20201105_20201124__0127	/scrfs/storage/yikebe/home/research/AR_Crop_Identification/make_dataset/raw_sentinel/pm5/pm5__20201105_20201124__0127	2020-11-21	729132.00000000,3675150.00000000,729900.00000000,3675918.00000000
train	006352	lower__20201116_160028_95_2257_3B_AnalyticMS_SR_8b_clip	pm5__20201105_20201124__0127	/scrfs/storage/yikebe/home/research/AR_Crop_Identification/make_dataset/raw_sentinel/pm5/pm5__20201105_20201124__0127	2020-11-21	726828.00000000,3674382.00000000,727596.00000000,3675150.00000000
train	006368	lower__20201116_160028_95_2257_3B_AnalyticMS_SR_8b_clip	pm5__20201105_20201124__0127	/scrfs/storage/yikebe/home/research/AR_Crop_Identification/make_dataset/raw_sentinel/pm5/pm5__20201105_20201124__0127	2020-11-21	729132.00000000,3674382.00000000,729900.00000000,3675150.00000000
train	006384	lower__20201116_160028_95_2257_3B_AnalyticMS_SR_8b_clip	pm5__20201105_20201124__0127	/scrfs/storage/yikebe/home/research/AR_Crop_Identification/make_dataset/raw_sentinel/pm5/pm5__20201105_20201124__0127	2020-11-21	726060.00000000,3672846.00000000,726828.00000000,3673614.00000000
train	006400	lower__20201116_160028_95_2257_3B_AnalyticMS_SR_8b_clip	pm5__20201105_20201124__0127	/scrfs/storage/yikebe/home/research/AR_Crop_Identification/make_dataset/raw_sentinel/pm5/pm5__20201105_20201124__0127	2020-11-21	751404.00000000,3672078.00000000,752172.00000000,3672846.00000000
train	006416	lower__20201116_160028_95_2257_3B_AnalyticMS_SR_8b_clip	pm5__20201105_20201124__0127	/scrfs/storage/yikebe/home/research/AR_Crop_Identification/make_dataset/raw_sentinel/pm5/pm5__20201105_20201124__0127	2020-11-21	745260.00000000,3670542.00000000,746028.00000000,3671310.00000000
train	006432	lower__20201116_160424_91_220b_3B_AnalyticMS_SR_8b_clip	pm5__20201105_20201124__0086	/scrfs/storage/yikebe/home/research/AR_Crop_Identification/make_dataset/raw_sentinel/pm5/pm5__20201105_20201124__0086	2020-11-19	627963.00000000,3845931.00000000,628731.00000000,3846699.00000000
train	006448	lower__20201116_160424_91_220b_3B_AnalyticMS_SR_8b_clip	pm5__20201105_20201124__0086	/scrfs/storage/yikebe/home/research/AR_Crop_Identification/make_dataset/raw_sentinel/pm5/pm5__20201105_20201124__0086	2020-11-19	629499.00000000,3845931.00000000,630267.00000000,3846699.00000000
train	006464	lower__20201116_160759_77_227e_3B_AnalyticMS_SR_8b_clip	pm5__20201105_20201124__0101	/scrfs/storage/yikebe/home/research/AR_Crop_Identification/make_dataset/raw_sentinel/pm5/pm5__20201105_20201124__0101	2020-11-19	671037.00000000,3817449.00000000,671805.00000000,3818217.00000000
train	006480	lower__20201116_160759_77_227e_3B_AnalyticMS_SR_8b_clip	pm5__20201105_20201124__0101	/scrfs/storage/yikebe/home/research/AR_Crop_Identification/make_dataset/raw_sentinel/pm5/pm5__20201105_20201124__0101	2020-11-19	682557.00000000,3817449.00000000,683325.00000000,3818217.00000000
train	006496	lower__20201116_160759_77_227e_3B_AnalyticMS_SR_8b_clip	pm5__20201105_20201124__0101	/scrfs/storage/yikebe/home/research/AR_Crop_Identification/make_dataset/raw_sentinel/pm5/pm5__20201105_20201124__0101	2020-11-19	674877.00000000,3814377.00000000,675645.00000000,3815145.00000000
train	006512	lower__20201116_160938_37_222f_3B_AnalyticMS_SR_8b_clip	pm5__20201105_20201124__0091	/scrfs/storage/yikebe/home/research/AR_Crop_Identification/make_dataset/raw_sentinel/pm5/pm5__20201105_20201124__0091	2020-11-19	635358.00000000,3807876.00000000,636126.00000000,3808644.00000000
train	006528	lower__20201116_160938_37_222f_3B_AnalyticMS_SR_8b_clip	pm5__20201105_20201124__0091	/scrfs/storage/yikebe/home/research/AR_Crop_Identification/make_dataset/raw_sentinel/pm5/pm5__20201105_20201124__0091	2020-11-19	635358.00000000,3807108.00000000,636126.00000000,3807876.00000000
train	006544	lower__20201116_160938_37_222f_3B_AnalyticMS_SR_8b_clip	pm5__20201105_20201124__0091	/scrfs/storage/yikebe/home/research/AR_Crop_Identification/make_dataset/raw_sentinel/pm5/pm5__20201105_20201124__0091	2020-11-19	636126.00000000,3807108.00000000,636894.00000000,3807876.00000000
train	006560	lower__20201116_160938_37_222f_3B_AnalyticMS_SR_8b_clip	pm5__20201105_20201124__0091	/scrfs/storage/yikebe/home/research/AR_Crop_Identification/make_dataset/raw_sentinel/pm5/pm5__20201105_20201124__0091	2020-11-19	635358.00000000,3806340.00000000,636126.00000000,3807108.00000000
train	006576	lower__20201116_160938_37_222f_3B_AnalyticMS_SR_8b_clip	pm5__20201105_20201124__0091	/scrfs/storage/yikebe/home/research/AR_Crop_Identification/make_dataset/raw_sentinel/pm5/pm5__20201105_20201124__0091	2020-11-19	636126.00000000,3806340.00000000,636894.00000000,3807108.00000000
train	006592	lower__20201116_160938_37_222f_3B_AnalyticMS_SR_8b_clip	pm5__20201105_20201124__0091	/scrfs/storage/yikebe/home/research/AR_Crop_Identification/make_dataset/raw_sentinel/pm5/pm5__20201105_20201124__0091	2020-11-19	636894.00000000,3806340.00000000,637662.00000000,3807108.00000000
train	006608	lower__20201116_160938_37_222f_3B_AnalyticMS_SR_8b_clip	pm5__20201105_20201124__0091	/scrfs/storage/yikebe/home/research/AR_Crop_Identification/make_dataset/raw_sentinel/pm5/pm5__20201105_20201124__0091	2020-11-19	640734.00000000,3806340.00000000,641502.00000000,3807108.00000000
train	006624	lower__20201116_160938_37_222f_3B_AnalyticMS_SR_8b_clip	pm5__20201105_20201124__0091	/scrfs/storage/yikebe/home/research/AR_Crop_Identification/make_dataset/raw_sentinel/pm5/pm5__20201105_20201124__0091	2020-11-19	643038.00000000,3806340.00000000,643806.00000000,3807108.00000000
train	006640	lower__20201116_160938_37_222f_3B_AnalyticMS_SR_8b_clip	pm5__20201105_20201124__0091	/scrfs/storage/yikebe/home/research/AR_Crop_Identification/make_dataset/raw_sentinel/pm5/pm5__20201105_20201124__0091	2020-11-19	635358.00000000,3805572.00000000,636126.00000000,3806340.00000000
train	006656	lower__20201116_160938_37_222f_3B_AnalyticMS_SR_8b_clip	pm5__20201105_20201124__0091	/scrfs/storage/yikebe/home/research/AR_Crop_Identification/make_dataset/raw_sentinel/pm5/pm5__20201105_20201124__0091	2020-11-19	638430.00000000,3805572.00000000,639198.00000000,3806340.00000000
train	006672	lower__20201116_160938_37_222f_3B_AnalyticMS_SR_8b_clip	pm5__20201105_20201124__0091	/scrfs/storage/yikebe/home/research/AR_Crop_Identification/make_dataset/raw_sentinel/pm5/pm5__20201105_20201124__0091	2020-11-19	635358.00000000,3804804.00000000,636126.00000000,3805572.00000000
train	006688	lower__20201116_160938_37_222f_3B_AnalyticMS_SR_8b_clip	pm5__20201105_20201124__0091	/scrfs/storage/yikebe/home/research/AR_Crop_Identification/make_dataset/raw_sentinel/pm5/pm5__20201105_20201124__0091	2020-11-19	645342.00000000,3804804.00000000,646110.00000000,3805572.00000000
train	006704	lower__20201116_160938_37_222f_3B_AnalyticMS_SR_8b_clip	pm5__20201105_20201124__0091	/scrfs/storage/yikebe/home/research/AR_Crop_Identification/make_dataset/raw_sentinel/pm5/pm5__20201105_20201124__0091	2020-11-19	650718.00000000,3804804.00000000,651486.00000000,3805572.00000000
train	006720	lower__20201116_160938_37_222f_3B_AnalyticMS_SR_8b_clip	pm5__20201105_20201124__0091	/scrfs/storage/yikebe/home/research/AR_Crop_Identification/make_dataset/raw_sentinel/pm5/pm5__20201105_20201124__0091	2020-11-19	636126.00000000,3804036.00000000,636894.00000000,3804804.00000000
train	006736	lower__20201116_160938_37_222f_3B_AnalyticMS_SR_8b_clip	pm5__20201105_20201124__0091	/scrfs/storage/yikebe/home/research/AR_Crop_Identification/make_dataset/raw_sentinel/pm5/pm5__20201105_20201124__0091	2020-11-19	650718.00000000,3804036.00000000,651486.00000000,3804804.00000000
train	006752	lower__20201116_160938_37_222f_3B_AnalyticMS_SR_8b_clip	pm5__20201105_20201124__0091	/scrfs/storage/yikebe/home/research/AR_Crop_Identification/make_dataset/raw_sentinel/pm5/pm5__20201105_20201124__0091	2020-11-19	635358.00000000,3803268.00000000,636126.00000000,3804036.00000000
train	006768	lower__20201116_160938_37_222f_3B_AnalyticMS_SR_8b_clip	pm5__20201105_20201124__0091	/scrfs/storage/yikebe/home/research/AR_Crop_Identification/make_dataset/raw_sentinel/pm5/pm5__20201105_20201124__0091	2020-11-19	633054.00000000,3801732.00000000,633822.00000000,3802500.00000000
train	006784	lower__20201116_160938_37_222f_3B_AnalyticMS_SR_8b_clip	pm5__20201105_20201124__0091	/scrfs/storage/yikebe/home/research/AR_Crop_Identification/make_dataset/raw_sentinel/pm5/pm5__20201105_20201124__0091	2020-11-19	638430.00000000,3798660.00000000,639198.00000000,3799428.00000000
train	006800	lower__20201116_160938_37_222f_3B_AnalyticMS_SR_8b_clip	pm5__20201105_20201124__0091	/scrfs/storage/yikebe/home/research/AR_Crop_Identification/make_dataset/raw_sentinel/pm5/pm5__20201105_20201124__0091	2020-11-19	639966.00000000,3797892.00000000,640734.00000000,3798660.00000000
train	006816	lower__20201116_160938_37_222f_3B_AnalyticMS_SR_8b_clip	pm5__20201105_20201124__0091	/scrfs/storage/yikebe/home/research/AR_Crop_Identification/make_dataset/raw_sentinel/pm5/pm5__20201105_20201124__0091	2020-11-19	638430.00000000,3797124.00000000,639198.00000000,3797892.00000000
train	006832	lower__20201116_160938_37_222f_3B_AnalyticMS_SR_8b_clip	pm5__20201105_20201124__0091	/scrfs/storage/yikebe/home/research/AR_Crop_Identification/make_dataset/raw_sentinel/pm5/pm5__20201105_20201124__0091	2020-11-19	662238.00000000,3797124.00000000,663006.00000000,3797892.00000000
train	006848	lower__20201116_160938_37_222f_3B_AnalyticMS_SR_8b_clip	pm5__20201105_20201124__0091	/scrfs/storage/yikebe/home/research/AR_Crop_Identification/make_dataset/raw_sentinel/pm5/pm5__20201105_20201124__0091	2020-11-19	646878.00000000,3796356.00000000,647646.00000000,3797124.00000000
train	006864	lower__20201116_160938_37_222f_3B_AnalyticMS_SR_8b_clip	pm5__20201105_20201124__0091	/scrfs/storage/yikebe/home/research/AR_Crop_Identification/make_dataset/raw_sentinel/pm5/pm5__20201105_20201124__0091	2020-11-19	662238.00000000,3796356.00000000,663006.00000000,3797124.00000000
train	006880	lower__20201116_160938_37_222f_3B_AnalyticMS_SR_8b_clip	pm5__20201105_20201124__0091	/scrfs/storage/yikebe/home/research/AR_Crop_Identification/make_dataset/raw_sentinel/pm5/pm5__20201105_20201124__0091	2020-11-19	646878.00000000,3795588.00000000,647646.00000000,3796356.00000000
train	006896	lower__20201116_160938_37_222f_3B_AnalyticMS_SR_8b_clip	pm5__20201105_20201124__0091	/scrfs/storage/yikebe/home/research/AR_Crop_Identification/make_dataset/raw_sentinel/pm5/pm5__20201105_20201124__0091	2020-11-19	647646.00000000,3795588.00000000,648414.00000000,3796356.00000000
train	006912	lower__20201116_160938_37_222f_3B_AnalyticMS_SR_8b_clip	pm5__20201105_20201124__0091	/scrfs/storage/yikebe/home/research/AR_Crop_Identification/make_dataset/raw_sentinel/pm5/pm5__20201105_20201124__0091	2020-11-19	635358.00000000,3794820.00000000,636126.00000000,3795588.00000000
train	006928	lower__20201116_160938_37_222f_3B_AnalyticMS_SR_8b_clip	pm5__20201105_20201124__0091	/scrfs/storage/yikebe/home/research/AR_Crop_Identification/make_dataset/raw_sentinel/pm5/pm5__20201105_20201124__0091	2020-11-19	639198.00000000,3792516.00000000,639966.00000000,3793284.00000000
train	006944	lower__20201116_160938_37_222f_3B_AnalyticMS_SR_8b_clip	pm5__20201105_20201124__0091	/scrfs/storage/yikebe/home/research/AR_Crop_Identification/make_dataset/raw_sentinel/pm5/pm5__20201105_20201124__0091	2020-11-19	648414.00000000,3792516.00000000,649182.00000000,3793284.00000000
train	006960	lower__20201116_160938_37_222f_3B_AnalyticMS_SR_8b_clip	pm5__20201105_20201124__0091	/scrfs/storage/yikebe/home/research/AR_Crop_Identification/make_dataset/raw_sentinel/pm5/pm5__20201105_20201124__0091	2020-11-19	639198.00000000,3791748.00000000,639966.00000000,3792516.00000000
train	006976	lower__20201116_160938_37_222f_3B_AnalyticMS_SR_8b_clip	pm5__20201105_20201124__0091	/scrfs/storage/yikebe/home/research/AR_Crop_Identification/make_dataset/raw_sentinel/pm5/pm5__20201105_20201124__0091	2020-11-19	646878.00000000,3791748.00000000,647646.00000000,3792516.00000000
train	006992	lower__20201116_160938_37_222f_3B_AnalyticMS_SR_8b_clip	pm5__20201105_20201124__0091	/scrfs/storage/yikebe/home/research/AR_Crop_Identification/make_dataset/raw_sentinel/pm5/pm5__20201105_20201124__0091	2020-11-19	631518.00000000,3790980.00000000,632286.00000000,3791748.00000000
train	007008	lower__20201116_160938_37_222f_3B_AnalyticMS_SR_8b_clip	pm5__20201105_20201124__0091	/scrfs/storage/yikebe/home/research/AR_Crop_Identification/make_dataset/raw_sentinel/pm5/pm5__20201105_20201124__0091	2020-11-19	656862.00000000,3790212.00000000,657630.00000000,3790980.00000000
train	007024	lower__20201116_160938_37_222f_3B_AnalyticMS_SR_8b_clip	pm5__20201105_20201124__0091	/scrfs/storage/yikebe/home/research/AR_Crop_Identification/make_dataset/raw_sentinel/pm5/pm5__20201105_20201124__0091	2020-11-19	657630.00000000,3790212.00000000,658398.00000000,3790980.00000000
train	007040	lower__20201116_160938_37_222f_3B_AnalyticMS_SR_8b_clip	pm5__20201105_20201124__0091	/scrfs/storage/yikebe/home/research/AR_Crop_Identification/make_dataset/raw_sentinel/pm5/pm5__20201105_20201124__0091	2020-11-19	639198.00000000,3789444.00000000,639966.00000000,3790212.00000000
train	007056	lower__20201116_160938_37_222f_3B_AnalyticMS_SR_8b_clip	pm5__20201105_20201124__0091	/scrfs/storage/yikebe/home/research/AR_Crop_Identification/make_dataset/raw_sentinel/pm5/pm5__20201105_20201124__0091	2020-11-19	650718.00000000,3788676.00000000,651486.00000000,3789444.00000000
train	007072	lower__20201116_160938_37_222f_3B_AnalyticMS_SR_8b_clip	pm5__20201105_20201124__0091	/scrfs/storage/yikebe/home/research/AR_Crop_Identification/make_dataset/raw_sentinel/pm5/pm5__20201105_20201124__0091	2020-11-19	654558.00000000,3788676.00000000,655326.00000000,3789444.00000000
train	007088	lower__20201116_160938_37_222f_3B_AnalyticMS_SR_8b_clip	pm5__20201105_20201124__0091	/scrfs/storage/yikebe/home/research/AR_Crop_Identification/make_dataset/raw_sentinel/pm5/pm5__20201105_20201124__0091	2020-11-19	654558.00000000,3787908.00000000,655326.00000000,3788676.00000000
train	007104	lower__20201116_160938_37_222f_3B_AnalyticMS_SR_8b_clip	pm5__20201105_20201124__0091	/scrfs/storage/yikebe/home/research/AR_Crop_Identification/make_dataset/raw_sentinel/pm5/pm5__20201105_20201124__0091	2020-11-19	654558.00000000,3787140.00000000,655326.00000000,3787908.00000000
train	007120	lower__20201116_160938_37_222f_3B_AnalyticMS_SR_8b_clip	pm5__20201105_20201124__0091	/scrfs/storage/yikebe/home/research/AR_Crop_Identification/make_dataset/raw_sentinel/pm5/pm5__20201105_20201124__0091	2020-11-19	655326.00000000,3787140.00000000,656094.00000000,3787908.00000000
train	007136	lower__20201116_160938_37_222f_3B_AnalyticMS_SR_8b_clip	pm5__20201105_20201124__0091	/scrfs/storage/yikebe/home/research/AR_Crop_Identification/make_dataset/raw_sentinel/pm5/pm5__20201105_20201124__0091	2020-11-19	651486.00000000,3786372.00000000,652254.00000000,3787140.00000000
train	007152	lower__20201116_160938_37_222f_3B_AnalyticMS_SR_8b_clip	pm5__20201105_20201124__0091	/scrfs/storage/yikebe/home/research/AR_Crop_Identification/make_dataset/raw_sentinel/pm5/pm5__20201105_20201124__0091	2020-11-19	653790.00000000,3786372.00000000,654558.00000000,3787140.00000000
train	007168	lower__20201116_160938_37_222f_3B_AnalyticMS_SR_8b_clip	pm5__20201105_20201124__0091	/scrfs/storage/yikebe/home/research/AR_Crop_Identification/make_dataset/raw_sentinel/pm5/pm5__20201105_20201124__0091	2020-11-19	653790.00000000,3785604.00000000,654558.00000000,3786372.00000000
train	007184	lower__20201117_165355_08_2414_3B_AnalyticMS_SR_8b_clip	pm5__20201105_20201124__0082	/scrfs/storage/yikebe/home/research/AR_Crop_Identification/make_dataset/raw_sentinel/pm5/pm5__20201105_20201124__0082	2020-11-19	616566.00000000,3768753.00000000,617334.00000000,3769521.00000000
train	007200	lower__20201117_165355_08_2414_3B_AnalyticMS_SR_8b_clip	pm5__20201105_20201124__0082	/scrfs/storage/yikebe/home/research/AR_Crop_Identification/make_dataset/raw_sentinel/pm5/pm5__20201105_20201124__0082	2020-11-19	622710.00000000,3765681.00000000,623478.00000000,3766449.00000000
train	007216	lower__20201117_165355_08_2414_3B_AnalyticMS_SR_8b_clip	pm5__20201105_20201124__0082	/scrfs/storage/yikebe/home/research/AR_Crop_Identification/make_dataset/raw_sentinel/pm5/pm5__20201105_20201124__0082	2020-11-19	631926.00000000,3765681.00000000,632694.00000000,3766449.00000000
train	007232	lower__20201117_165355_08_2414_3B_AnalyticMS_SR_8b_clip	pm5__20201105_20201124__0082	/scrfs/storage/yikebe/home/research/AR_Crop_Identification/make_dataset/raw_sentinel/pm5/pm5__20201105_20201124__0082	2020-11-19	621942.00000000,3764913.00000000,622710.00000000,3765681.00000000
train	007248	lower__20201117_165355_08_2414_3B_AnalyticMS_SR_8b_clip	pm5__20201105_20201124__0082	/scrfs/storage/yikebe/home/research/AR_Crop_Identification/make_dataset/raw_sentinel/pm5/pm5__20201105_20201124__0082	2020-11-19	632694.00000000,3764913.00000000,633462.00000000,3765681.00000000
train	007264	lower__20201117_165355_08_2414_3B_AnalyticMS_SR_8b_clip	pm5__20201105_20201124__0082	/scrfs/storage/yikebe/home/research/AR_Crop_Identification/make_dataset/raw_sentinel/pm5/pm5__20201105_20201124__0082	2020-11-19	633462.00000000,3764913.00000000,634230.00000000,3765681.00000000
train	007280	lower__20201117_165355_08_2414_3B_AnalyticMS_SR_8b_clip	pm5__20201105_20201124__0082	/scrfs/storage/yikebe/home/research/AR_Crop_Identification/make_dataset/raw_sentinel/pm5/pm5__20201105_20201124__0082	2020-11-19	621174.00000000,3764145.00000000,621942.00000000,3764913.00000000
train	007296	lower__20201117_165355_08_2414_3B_AnalyticMS_SR_8b_clip	pm5__20201105_20201124__0082	/scrfs/storage/yikebe/home/research/AR_Crop_Identification/make_dataset/raw_sentinel/pm5/pm5__20201105_20201124__0082	2020-11-19	636534.00000000,3763377.00000000,637302.00000000,3764145.00000000
train	007312	lower__20201117_165355_08_2414_3B_AnalyticMS_SR_8b_clip	pm5__20201105_20201124__0082	/scrfs/storage/yikebe/home/research/AR_Crop_Identification/make_dataset/raw_sentinel/pm5/pm5__20201105_20201124__0082	2020-11-19	622710.00000000,3762609.00000000,623478.00000000,3763377.00000000
train	007328	lower__20201117_165355_08_2414_3B_AnalyticMS_SR_8b_clip	pm5__20201105_20201124__0082	/scrfs/storage/yikebe/home/research/AR_Crop_Identification/make_dataset/raw_sentinel/pm5/pm5__20201105_20201124__0082	2020-11-19	631926.00000000,3762609.00000000,632694.00000000,3763377.00000000
train	007344	lower__20201117_165355_08_2414_3B_AnalyticMS_SR_8b_clip	pm5__20201105_20201124__0082	/scrfs/storage/yikebe/home/research/AR_Crop_Identification/make_dataset/raw_sentinel/pm5/pm5__20201105_20201124__0082	2020-11-19	617334.00000000,3761841.00000000,618102.00000000,3762609.00000000
train	007360	lower__20201117_165355_08_2414_3B_AnalyticMS_SR_8b_clip	pm5__20201105_20201124__0082	/scrfs/storage/yikebe/home/research/AR_Crop_Identification/make_dataset/raw_sentinel/pm5/pm5__20201105_20201124__0082	2020-11-19	621942.00000000,3761841.00000000,622710.00000000,3762609.00000000
train	007376	lower__20201117_165355_08_2414_3B_AnalyticMS_SR_8b_clip	pm5__20201105_20201124__0082	/scrfs/storage/yikebe/home/research/AR_Crop_Identification/make_dataset/raw_sentinel/pm5/pm5__20201105_20201124__0082	2020-11-19	617334.00000000,3761073.00000000,618102.00000000,3761841.00000000
train	007392	lower__20201117_165355_08_2414_3B_AnalyticMS_SR_8b_clip	pm5__20201105_20201124__0082	/scrfs/storage/yikebe/home/research/AR_Crop_Identification/make_dataset/raw_sentinel/pm5/pm5__20201105_20201124__0082	2020-11-19	621942.00000000,3761073.00000000,622710.00000000,3761841.00000000
train	007408	lower__20201117_165355_08_2414_3B_AnalyticMS_SR_8b_clip	pm5__20201105_20201124__0082	/scrfs/storage/yikebe/home/research/AR_Crop_Identification/make_dataset/raw_sentinel/pm5/pm5__20201105_20201124__0082	2020-11-19	622710.00000000,3761073.00000000,623478.00000000,3761841.00000000
train	007424	lower__20201117_165355_08_2414_3B_AnalyticMS_SR_8b_clip	pm5__20201105_20201124__0082	/scrfs/storage/yikebe/home/research/AR_Crop_Identification/make_dataset/raw_sentinel/pm5/pm5__20201105_20201124__0082	2020-11-19	635766.00000000,3761073.00000000,636534.00000000,3761841.00000000
train	007440	lower__20201117_165355_08_2414_3B_AnalyticMS_SR_8b_clip	pm5__20201105_20201124__0082	/scrfs/storage/yikebe/home/research/AR_Crop_Identification/make_dataset/raw_sentinel/pm5/pm5__20201105_20201124__0082	2020-11-19	637302.00000000,3761073.00000000,638070.00000000,3761841.00000000
train	007456	lower__20201117_165355_08_2414_3B_AnalyticMS_SR_8b_clip	pm5__20201105_20201124__0082	/scrfs/storage/yikebe/home/research/AR_Crop_Identification/make_dataset/raw_sentinel/pm5/pm5__20201105_20201124__0082	2020-11-19	638070.00000000,3761073.00000000,638838.00000000,3761841.00000000
train	007472	lower__20201117_165355_08_2414_3B_AnalyticMS_SR_8b_clip	pm5__20201105_20201124__0082	/scrfs/storage/yikebe/home/research/AR_Crop_Identification/make_dataset/raw_sentinel/pm5/pm5__20201105_20201124__0082	2020-11-19	638838.00000000,3761073.00000000,639606.00000000,3761841.00000000
train	007488	lower__20201117_165355_08_2414_3B_AnalyticMS_SR_8b_clip	pm5__20201105_20201124__0082	/scrfs/storage/yikebe/home/research/AR_Crop_Identification/make_dataset/raw_sentinel/pm5/pm5__20201105_20201124__0082	2020-11-19	621942.00000000,3760305.00000000,622710.00000000,3761073.00000000
train	007504	lower__20201117_165355_08_2414_3B_AnalyticMS_SR_8b_clip	pm5__20201105_20201124__0082	/scrfs/storage/yikebe/home/research/AR_Crop_Identification/make_dataset/raw_sentinel/pm5/pm5__20201105_20201124__0082	2020-11-19	634230.00000000,3760305.00000000,634998.00000000,3761073.00000000
train	007520	lower__20201117_165355_08_2414_3B_AnalyticMS_SR_8b_clip	pm5__20201105_20201124__0082	/scrfs/storage/yikebe/home/research/AR_Crop_Identification/make_dataset/raw_sentinel/pm5/pm5__20201105_20201124__0082	2020-11-19	634998.00000000,3760305.00000000,635766.00000000,3761073.00000000
train	007536	lower__20201117_165355_08_2414_3B_AnalyticMS_SR_8b_clip	pm5__20201105_20201124__0082	/scrfs/storage/yikebe/home/research/AR_Crop_Identification/make_dataset/raw_sentinel/pm5/pm5__20201105_20201124__0082	2020-11-19	635766.00000000,3760305.00000000,636534.00000000,3761073.00000000
train	007552	lower__20201117_165355_08_2414_3B_AnalyticMS_SR_8b_clip	pm5__20201105_20201124__0082	/scrfs/storage/yikebe/home/research/AR_Crop_Identification/make_dataset/raw_sentinel/pm5/pm5__20201105_20201124__0082	2020-11-19	638070.00000000,3760305.00000000,638838.00000000,3761073.00000000
train	007568	lower__20201117_165355_08_2414_3B_AnalyticMS_SR_8b_clip	pm5__20201105_20201124__0082	/scrfs/storage/yikebe/home/research/AR_Crop_Identification/make_dataset/raw_sentinel/pm5/pm5__20201105_20201124__0082	2020-11-19	621942.00000000,3759537.00000000,622710.00000000,3760305.00000000
train	007584	lower__20201117_165355_08_2414_3B_AnalyticMS_SR_8b_clip	pm5__20201105_20201124__0082	/scrfs/storage/yikebe/home/research/AR_Crop_Identification/make_dataset/raw_sentinel/pm5/pm5__20201105_20201124__0082	2020-11-19	626550.00000000,3759537.00000000,627318.00000000,3760305.00000000
train	007600	lower__20201117_165355_08_2414_3B_AnalyticMS_SR_8b_clip	pm5__20201105_20201124__0082	/scrfs/storage/yikebe/home/research/AR_Crop_Identification/make_dataset/raw_sentinel/pm5/pm5__20201105_20201124__0082	2020-11-19	628854.00000000,3759537.00000000,629622.00000000,3760305.00000000
train	007616	lower__20201117_165355_08_2414_3B_AnalyticMS_SR_8b_clip	pm5__20201105_20201124__0082	/scrfs/storage/yikebe/home/research/AR_Crop_Identification/make_dataset/raw_sentinel/pm5/pm5__20201105_20201124__0082	2020-11-19	632694.00000000,3759537.00000000,633462.00000000,3760305.00000000
train	007632	lower__20201117_165355_08_2414_3B_AnalyticMS_SR_8b_clip	pm5__20201105_20201124__0082	/scrfs/storage/yikebe/home/research/AR_Crop_Identification/make_dataset/raw_sentinel/pm5/pm5__20201105_20201124__0082	2020-11-19	633462.00000000,3759537.00000000,634230.00000000,3760305.00000000
train	007648	lower__20201117_165355_08_2414_3B_AnalyticMS_SR_8b_clip	pm5__20201105_20201124__0082	/scrfs/storage/yikebe/home/research/AR_Crop_Identification/make_dataset/raw_sentinel/pm5/pm5__20201105_20201124__0082	2020-11-19	634230.00000000,3759537.00000000,634998.00000000,3760305.00000000
train	007664	lower__20201117_165355_08_2414_3B_AnalyticMS_SR_8b_clip	pm5__20201105_20201124__0082	/scrfs/storage/yikebe/home/research/AR_Crop_Identification/make_dataset/raw_sentinel/pm5/pm5__20201105_20201124__0082	2020-11-19	634998.00000000,3759537.00000000,635766.00000000,3760305.00000000
train	007680	lower__20201117_165355_08_2414_3B_AnalyticMS_SR_8b_clip	pm5__20201105_20201124__0082	/scrfs/storage/yikebe/home/research/AR_Crop_Identification/make_dataset/raw_sentinel/pm5/pm5__20201105_20201124__0082	2020-11-19	635766.00000000,3759537.00000000,636534.00000000,3760305.00000000
train	007696	lower__20201117_165355_08_2414_3B_AnalyticMS_SR_8b_clip	pm5__20201105_20201124__0082	/scrfs/storage/yikebe/home/research/AR_Crop_Identification/make_dataset/raw_sentinel/pm5/pm5__20201105_20201124__0082	2020-11-19	636534.00000000,3759537.00000000,637302.00000000,3760305.00000000
train	007712	lower__20201117_165355_08_2414_3B_AnalyticMS_SR_8b_clip	pm5__20201105_20201124__0082	/scrfs/storage/yikebe/home/research/AR_Crop_Identification/make_dataset/raw_sentinel/pm5/pm5__20201105_20201124__0082	2020-11-19	641910.00000000,3759537.00000000,642678.00000000,3760305.00000000
train	007728	lower__20201117_165355_08_2414_3B_AnalyticMS_SR_8b_clip	pm5__20201105_20201124__0082	/scrfs/storage/yikebe/home/research/AR_Crop_Identification/make_dataset/raw_sentinel/pm5/pm5__20201105_20201124__0082	2020-11-19	642678.00000000,3759537.00000000,643446.00000000,3760305.00000000
train	007744	lower__20201117_165355_08_2414_3B_AnalyticMS_SR_8b_clip	pm5__20201105_20201124__0082	/scrfs/storage/yikebe/home/research/AR_Crop_Identification/make_dataset/raw_sentinel/pm5/pm5__20201105_20201124__0082	2020-11-19	618102.00000000,3758769.00000000,618870.00000000,3759537.00000000
train	007760	lower__20201117_165355_08_2414_3B_AnalyticMS_SR_8b_clip	pm5__20201105_20201124__0082	/scrfs/storage/yikebe/home/research/AR_Crop_Identification/make_dataset/raw_sentinel/pm5/pm5__20201105_20201124__0082	2020-11-19	618870.00000000,3758769.00000000,619638.00000000,3759537.00000000
train	007776	lower__20201117_165355_08_2414_3B_AnalyticMS_SR_8b_clip	pm5__20201105_20201124__0082	/scrfs/storage/yikebe/home/research/AR_Crop_Identification/make_dataset/raw_sentinel/pm5/pm5__20201105_20201124__0082	2020-11-19	621174.00000000,3758769.00000000,621942.00000000,3759537.00000000
train	007792	lower__20201117_165355_08_2414_3B_AnalyticMS_SR_8b_clip	pm5__20201105_20201124__0082	/scrfs/storage/yikebe/home/research/AR_Crop_Identification/make_dataset/raw_sentinel/pm5/pm5__20201105_20201124__0082	2020-11-19	625782.00000000,3758769.00000000,626550.00000000,3759537.00000000
train	007808	lower__20201117_165355_08_2414_3B_AnalyticMS_SR_8b_clip	pm5__20201105_20201124__0082	/scrfs/storage/yikebe/home/research/AR_Crop_Identification/make_dataset/raw_sentinel/pm5/pm5__20201105_20201124__0082	2020-11-19	626550.00000000,3758769.00000000,627318.00000000,3759537.00000000
train	007824	lower__20201117_165355_08_2414_3B_AnalyticMS_SR_8b_clip	pm5__20201105_20201124__0082	/scrfs/storage/yikebe/home/research/AR_Crop_Identification/make_dataset/raw_sentinel/pm5/pm5__20201105_20201124__0082	2020-11-19	627318.00000000,3758769.00000000,628086.00000000,3759537.00000000
train	007840	lower__20201117_165355_08_2414_3B_AnalyticMS_SR_8b_clip	pm5__20201105_20201124__0082	/scrfs/storage/yikebe/home/research/AR_Crop_Identification/make_dataset/raw_sentinel/pm5/pm5__20201105_20201124__0082	2020-11-19	628086.00000000,3758769.00000000,628854.00000000,3759537.00000000
train	007856	lower__20201117_165355_08_2414_3B_AnalyticMS_SR_8b_clip	pm5__20201105_20201124__0082	/scrfs/storage/yikebe/home/research/AR_Crop_Identification/make_dataset/raw_sentinel/pm5/pm5__20201105_20201124__0082	2020-11-19	628854.00000000,3758769.00000000,629622.00000000,3759537.00000000
train	007872	lower__20201117_165355_08_2414_3B_AnalyticMS_SR_8b_clip	pm5__20201105_20201124__0082	/scrfs/storage/yikebe/home/research/AR_Crop_Identification/make_dataset/raw_sentinel/pm5/pm5__20201105_20201124__0082	2020-11-19	634998.00000000,3758769.00000000,635766.00000000,3759537.00000000
train	007888	lower__20201117_165355_08_2414_3B_AnalyticMS_SR_8b_clip	pm5__20201105_20201124__0082	/scrfs/storage/yikebe/home/research/AR_Crop_Identification/make_dataset/raw_sentinel/pm5/pm5__20201105_20201124__0082	2020-11-19	640374.00000000,3758769.00000000,641142.00000000,3759537.00000000
train	007904	lower__20201117_165355_08_2414_3B_AnalyticMS_SR_8b_clip	pm5__20201105_20201124__0082	/scrfs/storage/yikebe/home/research/AR_Crop_Identification/make_dataset/raw_sentinel/pm5/pm5__20201105_20201124__0082	2020-11-19	641910.00000000,3758769.00000000,642678.00000000,3759537.00000000
train	007920	lower__20201117_165355_08_2414_3B_AnalyticMS_SR_8b_clip	pm5__20201105_20201124__0082	/scrfs/storage/yikebe/home/research/AR_Crop_Identification/make_dataset/raw_sentinel/pm5/pm5__20201105_20201124__0082	2020-11-19	621942.00000000,3758001.00000000,622710.00000000,3758769.00000000
train	007936	lower__20201117_165355_08_2414_3B_AnalyticMS_SR_8b_clip	pm5__20201105_20201124__0082	/scrfs/storage/yikebe/home/research/AR_Crop_Identification/make_dataset/raw_sentinel/pm5/pm5__20201105_20201124__0082	2020-11-19	625782.00000000,3758001.00000000,626550.00000000,3758769.00000000
train	007952	lower__20201117_165355_08_2414_3B_AnalyticMS_SR_8b_clip	pm5__20201105_20201124__0082	/scrfs/storage/yikebe/home/research/AR_Crop_Identification/make_dataset/raw_sentinel/pm5/pm5__20201105_20201124__0082	2020-11-19	626550.00000000,3758001.00000000,627318.00000000,3758769.00000000
train	007968	lower__20201117_165355_08_2414_3B_AnalyticMS_SR_8b_clip	pm5__20201105_20201124__0082	/scrfs/storage/yikebe/home/research/AR_Crop_Identification/make_dataset/raw_sentinel/pm5/pm5__20201105_20201124__0082	2020-11-19	629622.00000000,3758001.00000000,630390.00000000,3758769.00000000
train	007984	lower__20201117_165355_08_2414_3B_AnalyticMS_SR_8b_clip	pm5__20201105_20201124__0082	/scrfs/storage/yikebe/home/research/AR_Crop_Identification/make_dataset/raw_sentinel/pm5/pm5__20201105_20201124__0082	2020-11-19	632694.00000000,3758001.00000000,633462.00000000,3758769.00000000
train	008000	lower__20201117_165355_08_2414_3B_AnalyticMS_SR_8b_clip	pm5__20201105_20201124__0082	/scrfs/storage/yikebe/home/research/AR_Crop_Identification/make_dataset/raw_sentinel/pm5/pm5__20201105_20201124__0082	2020-11-19	641910.00000000,3758001.00000000,642678.00000000,3758769.00000000
train	008016	lower__20201117_165355_08_2414_3B_AnalyticMS_SR_8b_clip	pm5__20201105_20201124__0082	/scrfs/storage/yikebe/home/research/AR_Crop_Identification/make_dataset/raw_sentinel/pm5/pm5__20201105_20201124__0082	2020-11-19	620406.00000000,3757233.00000000,621174.00000000,3758001.00000000
train	008032	lower__20201117_165355_08_2414_3B_AnalyticMS_SR_8b_clip	pm5__20201105_20201124__0082	/scrfs/storage/yikebe/home/research/AR_Crop_Identification/make_dataset/raw_sentinel/pm5/pm5__20201105_20201124__0082	2020-11-19	621942.00000000,3757233.00000000,622710.00000000,3758001.00000000
train	008048	lower__20201117_165355_08_2414_3B_AnalyticMS_SR_8b_clip	pm5__20201105_20201124__0082	/scrfs/storage/yikebe/home/research/AR_Crop_Identification/make_dataset/raw_sentinel/pm5/pm5__20201105_20201124__0082	2020-11-19	622710.00000000,3757233.00000000,623478.00000000,3758001.00000000
train	008064	lower__20201117_165355_08_2414_3B_AnalyticMS_SR_8b_clip	pm5__20201105_20201124__0082	/scrfs/storage/yikebe/home/research/AR_Crop_Identification/make_dataset/raw_sentinel/pm5/pm5__20201105_20201124__0082	2020-11-19	626550.00000000,3757233.00000000,627318.00000000,3758001.00000000
train	008080	lower__20201117_165355_08_2414_3B_AnalyticMS_SR_8b_clip	pm5__20201105_20201124__0082	/scrfs/storage/yikebe/home/research/AR_Crop_Identification/make_dataset/raw_sentinel/pm5/pm5__20201105_20201124__0082	2020-11-19	635766.00000000,3757233.00000000,636534.00000000,3758001.00000000
train	008096	lower__20201117_165355_08_2414_3B_AnalyticMS_SR_8b_clip	pm5__20201105_20201124__0082	/scrfs/storage/yikebe/home/research/AR_Crop_Identification/make_dataset/raw_sentinel/pm5/pm5__20201105_20201124__0082	2020-11-19	622710.00000000,3756465.00000000,623478.00000000,3757233.00000000
train	008112	lower__20201117_165355_08_2414_3B_AnalyticMS_SR_8b_clip	pm5__20201105_20201124__0082	/scrfs/storage/yikebe/home/research/AR_Crop_Identification/make_dataset/raw_sentinel/pm5/pm5__20201105_20201124__0082	2020-11-19	640374.00000000,3756465.00000000,641142.00000000,3757233.00000000
train	008128	lower__20201117_165355_08_2414_3B_AnalyticMS_SR_8b_clip	pm5__20201105_20201124__0082	/scrfs/storage/yikebe/home/research/AR_Crop_Identification/make_dataset/raw_sentinel/pm5/pm5__20201105_20201124__0082	2020-11-19	642678.00000000,3756465.00000000,643446.00000000,3757233.00000000
train	008144	lower__20201117_165355_08_2414_3B_AnalyticMS_SR_8b_clip	pm5__20201105_20201124__0082	/scrfs/storage/yikebe/home/research/AR_Crop_Identification/make_dataset/raw_sentinel/pm5/pm5__20201105_20201124__0082	2020-11-19	625782.00000000,3755697.00000000,626550.00000000,3756465.00000000
train	008160	lower__20201117_165355_08_2414_3B_AnalyticMS_SR_8b_clip	pm5__20201105_20201124__0082	/scrfs/storage/yikebe/home/research/AR_Crop_Identification/make_dataset/raw_sentinel/pm5/pm5__20201105_20201124__0082	2020-11-19	626550.00000000,3755697.00000000,627318.00000000,3756465.00000000
train	008176	lower__20201117_165355_08_2414_3B_AnalyticMS_SR_8b_clip	pm5__20201105_20201124__0082	/scrfs/storage/yikebe/home/research/AR_Crop_Identification/make_dataset/raw_sentinel/pm5/pm5__20201105_20201124__0082	2020-11-19	627318.00000000,3755697.00000000,628086.00000000,3756465.00000000
train	008192	lower__20201117_165355_08_2414_3B_AnalyticMS_SR_8b_clip	pm5__20201105_20201124__0082	/scrfs/storage/yikebe/home/research/AR_Crop_Identification/make_dataset/raw_sentinel/pm5/pm5__20201105_20201124__0082	2020-11-19	641142.00000000,3754929.00000000,641910.00000000,3755697.00000000
train	008208	lower__20201117_165355_08_2414_3B_AnalyticMS_SR_8b_clip	pm5__20201105_20201124__0082	/scrfs/storage/yikebe/home/research/AR_Crop_Identification/make_dataset/raw_sentinel/pm5/pm5__20201105_20201124__0082	2020-11-19	620406.00000000,3754161.00000000,621174.00000000,3754929.00000000
train	008224	lower__20201117_165355_08_2414_3B_AnalyticMS_SR_8b_clip	pm5__20201105_20201124__0082	/scrfs/storage/yikebe/home/research/AR_Crop_Identification/make_dataset/raw_sentinel/pm5/pm5__20201105_20201124__0082	2020-11-19	619638.00000000,3752625.00000000,620406.00000000,3753393.00000000
train	008240	lower__20201117_165355_08_2414_3B_AnalyticMS_SR_8b_clip	pm5__20201105_20201124__0082	/scrfs/storage/yikebe/home/research/AR_Crop_Identification/make_dataset/raw_sentinel/pm5/pm5__20201105_20201124__0082	2020-11-19	624246.00000000,3752625.00000000,625014.00000000,3753393.00000000
train	008256	lower__20201117_165355_08_2414_3B_AnalyticMS_SR_8b_clip	pm5__20201105_20201124__0082	/scrfs/storage/yikebe/home/research/AR_Crop_Identification/make_dataset/raw_sentinel/pm5/pm5__20201105_20201124__0082	2020-11-19	628086.00000000,3752625.00000000,628854.00000000,3753393.00000000
train	008272	lower__20201117_165355_08_2414_3B_AnalyticMS_SR_8b_clip	pm5__20201105_20201124__0082	/scrfs/storage/yikebe/home/research/AR_Crop_Identification/make_dataset/raw_sentinel/pm5/pm5__20201105_20201124__0082	2020-11-19	631926.00000000,3752625.00000000,632694.00000000,3753393.00000000
train	008288	lower__20201117_165355_08_2414_3B_AnalyticMS_SR_8b_clip	pm5__20201105_20201124__0082	/scrfs/storage/yikebe/home/research/AR_Crop_Identification/make_dataset/raw_sentinel/pm5/pm5__20201105_20201124__0082	2020-11-19	639606.00000000,3752625.00000000,640374.00000000,3753393.00000000
train	008304	lower__20201117_165355_08_2414_3B_AnalyticMS_SR_8b_clip	pm5__20201105_20201124__0082	/scrfs/storage/yikebe/home/research/AR_Crop_Identification/make_dataset/raw_sentinel/pm5/pm5__20201105_20201124__0082	2020-11-19	641142.00000000,3752625.00000000,641910.00000000,3753393.00000000
train	008320	lower__20201117_165355_08_2414_3B_AnalyticMS_SR_8b_clip	pm5__20201105_20201124__0082	/scrfs/storage/yikebe/home/research/AR_Crop_Identification/make_dataset/raw_sentinel/pm5/pm5__20201105_20201124__0082	2020-11-19	624246.00000000,3751857.00000000,625014.00000000,3752625.00000000
train	008336	lower__20201117_165355_08_2414_3B_AnalyticMS_SR_8b_clip	pm5__20201105_20201124__0082	/scrfs/storage/yikebe/home/research/AR_Crop_Identification/make_dataset/raw_sentinel/pm5/pm5__20201105_20201124__0082	2020-11-19	625014.00000000,3751857.00000000,625782.00000000,3752625.00000000
train	008352	lower__20201117_165355_08_2414_3B_AnalyticMS_SR_8b_clip	pm5__20201105_20201124__0082	/scrfs/storage/yikebe/home/research/AR_Crop_Identification/make_dataset/raw_sentinel/pm5/pm5__20201105_20201124__0082	2020-11-19	636534.00000000,3751857.00000000,637302.00000000,3752625.00000000
train	008368	lower__20201117_165355_08_2414_3B_AnalyticMS_SR_8b_clip	pm5__20201105_20201124__0082	/scrfs/storage/yikebe/home/research/AR_Crop_Identification/make_dataset/raw_sentinel/pm5/pm5__20201105_20201124__0082	2020-11-19	641142.00000000,3751857.00000000,641910.00000000,3752625.00000000
train	008384	lower__20201117_165355_08_2414_3B_AnalyticMS_SR_8b_clip	pm5__20201105_20201124__0082	/scrfs/storage/yikebe/home/research/AR_Crop_Identification/make_dataset/raw_sentinel/pm5/pm5__20201105_20201124__0082	2020-11-19	642678.00000000,3751857.00000000,643446.00000000,3752625.00000000
train	008400	lower__20201117_165355_08_2414_3B_AnalyticMS_SR_8b_clip	pm5__20201105_20201124__0082	/scrfs/storage/yikebe/home/research/AR_Crop_Identification/make_dataset/raw_sentinel/pm5/pm5__20201105_20201124__0082	2020-11-19	631158.00000000,3751089.00000000,631926.00000000,3751857.00000000
train	008416	lower__20201117_165355_08_2414_3B_AnalyticMS_SR_8b_clip	pm5__20201105_20201124__0082	/scrfs/storage/yikebe/home/research/AR_Crop_Identification/make_dataset/raw_sentinel/pm5/pm5__20201105_20201124__0082	2020-11-19	625014.00000000,3750321.00000000,625782.00000000,3751089.00000000
train	008432	lower__20201117_165355_08_2414_3B_AnalyticMS_SR_8b_clip	pm5__20201105_20201124__0082	/scrfs/storage/yikebe/home/research/AR_Crop_Identification/make_dataset/raw_sentinel/pm5/pm5__20201105_20201124__0082	2020-11-19	631158.00000000,3750321.00000000,631926.00000000,3751089.00000000
train	008448	lower__20201117_165355_08_2414_3B_AnalyticMS_SR_8b_clip	pm5__20201105_20201124__0082	/scrfs/storage/yikebe/home/research/AR_Crop_Identification/make_dataset/raw_sentinel/pm5/pm5__20201105_20201124__0082	2020-11-19	631926.00000000,3750321.00000000,632694.00000000,3751089.00000000
train	008464	lower__20201117_165355_08_2414_3B_AnalyticMS_SR_8b_clip	pm5__20201105_20201124__0082	/scrfs/storage/yikebe/home/research/AR_Crop_Identification/make_dataset/raw_sentinel/pm5/pm5__20201105_20201124__0082	2020-11-19	629622.00000000,3749553.00000000,630390.00000000,3750321.00000000
train	008480	lower__20201117_165355_08_2414_3B_AnalyticMS_SR_8b_clip	pm5__20201105_20201124__0082	/scrfs/storage/yikebe/home/research/AR_Crop_Identification/make_dataset/raw_sentinel/pm5/pm5__20201105_20201124__0082	2020-11-19	630390.00000000,3749553.00000000,631158.00000000,3750321.00000000
train	008496	lower__20201117_165355_08_2414_3B_AnalyticMS_SR_8b_clip	pm5__20201105_20201124__0082	/scrfs/storage/yikebe/home/research/AR_Crop_Identification/make_dataset/raw_sentinel/pm5/pm5__20201105_20201124__0082	2020-11-19	631158.00000000,3749553.00000000,631926.00000000,3750321.00000000
train	008512	lower__20201117_165355_08_2414_3B_AnalyticMS_SR_8b_clip	pm5__20201105_20201124__0082	/scrfs/storage/yikebe/home/research/AR_Crop_Identification/make_dataset/raw_sentinel/pm5/pm5__20201105_20201124__0082	2020-11-19	631926.00000000,3749553.00000000,632694.00000000,3750321.00000000
train	008528	lower__20201117_165355_08_2414_3B_AnalyticMS_SR_8b_clip	pm5__20201105_20201124__0082	/scrfs/storage/yikebe/home/research/AR_Crop_Identification/make_dataset/raw_sentinel/pm5/pm5__20201105_20201124__0082	2020-11-19	632694.00000000,3749553.00000000,633462.00000000,3750321.00000000
train	008544	lower__20201117_165355_08_2414_3B_AnalyticMS_SR_8b_clip	pm5__20201105_20201124__0082	/scrfs/storage/yikebe/home/research/AR_Crop_Identification/make_dataset/raw_sentinel/pm5/pm5__20201105_20201124__0082	2020-11-19	632694.00000000,3748785.00000000,633462.00000000,3749553.00000000
train	008560	lower__20201117_165355_08_2414_3B_AnalyticMS_SR_8b_clip	pm5__20201105_20201124__0082	/scrfs/storage/yikebe/home/research/AR_Crop_Identification/make_dataset/raw_sentinel/pm5/pm5__20201105_20201124__0082	2020-11-19	633462.00000000,3748785.00000000,634230.00000000,3749553.00000000
train	008576	lower__20201117_165355_08_2414_3B_AnalyticMS_SR_8b_clip	pm5__20201105_20201124__0082	/scrfs/storage/yikebe/home/research/AR_Crop_Identification/make_dataset/raw_sentinel/pm5/pm5__20201105_20201124__0082	2020-11-19	626550.00000000,3747249.00000000,627318.00000000,3748017.00000000
train	008592	lower__20201117_165355_08_2414_3B_AnalyticMS_SR_8b_clip	pm5__20201105_20201124__0082	/scrfs/storage/yikebe/home/research/AR_Crop_Identification/make_dataset/raw_sentinel/pm5/pm5__20201105_20201124__0082	2020-11-19	640374.00000000,3747249.00000000,641142.00000000,3748017.00000000
train	008608	lower__20201117_165355_08_2414_3B_AnalyticMS_SR_8b_clip	pm5__20201105_20201124__0082	/scrfs/storage/yikebe/home/research/AR_Crop_Identification/make_dataset/raw_sentinel/pm5/pm5__20201105_20201124__0082	2020-11-19	633462.00000000,3746481.00000000,634230.00000000,3747249.00000000
train	008624	lower__20201117_165355_08_2414_3B_AnalyticMS_SR_8b_clip	pm5__20201105_20201124__0082	/scrfs/storage/yikebe/home/research/AR_Crop_Identification/make_dataset/raw_sentinel/pm5/pm5__20201105_20201124__0082	2020-11-19	634230.00000000,3746481.00000000,634998.00000000,3747249.00000000
train	008640	lower__20201117_165355_08_2414_3B_AnalyticMS_SR_8b_clip	pm5__20201105_20201124__0082	/scrfs/storage/yikebe/home/research/AR_Crop_Identification/make_dataset/raw_sentinel/pm5/pm5__20201105_20201124__0082	2020-11-19	634998.00000000,3746481.00000000,635766.00000000,3747249.00000000
train	008656	lower__20201117_165355_08_2414_3B_AnalyticMS_SR_8b_clip	pm5__20201105_20201124__0082	/scrfs/storage/yikebe/home/research/AR_Crop_Identification/make_dataset/raw_sentinel/pm5/pm5__20201105_20201124__0082	2020-11-19	640374.00000000,3746481.00000000,641142.00000000,3747249.00000000
train	008672	lower__20201117_165355_08_2414_3B_AnalyticMS_SR_8b_clip	pm5__20201105_20201124__0082	/scrfs/storage/yikebe/home/research/AR_Crop_Identification/make_dataset/raw_sentinel/pm5/pm5__20201105_20201124__0082	2020-11-19	641142.00000000,3746481.00000000,641910.00000000,3747249.00000000
train	008688	lower__20201117_165355_08_2414_3B_AnalyticMS_SR_8b_clip	pm5__20201105_20201124__0082	/scrfs/storage/yikebe/home/research/AR_Crop_Identification/make_dataset/raw_sentinel/pm5/pm5__20201105_20201124__0082	2020-11-19	635766.00000000,3745713.00000000,636534.00000000,3746481.00000000
train	008704	lower__20201117_165355_08_2414_3B_AnalyticMS_SR_8b_clip	pm5__20201105_20201124__0082	/scrfs/storage/yikebe/home/research/AR_Crop_Identification/make_dataset/raw_sentinel/pm5/pm5__20201105_20201124__0082	2020-11-19	636534.00000000,3744177.00000000,637302.00000000,3744945.00000000
train	008720	lower__20201117_165355_08_2414_3B_AnalyticMS_SR_8b_clip	pm5__20201105_20201124__0082	/scrfs/storage/yikebe/home/research/AR_Crop_Identification/make_dataset/raw_sentinel/pm5/pm5__20201105_20201124__0082	2020-11-19	641142.00000000,3744177.00000000,641910.00000000,3744945.00000000
train	008736	lower__20201118_155741_63_222b_3B_AnalyticMS_SR_8b_clip	pm5__20201105_20201124__0121	/scrfs/storage/yikebe/home/research/AR_Crop_Identification/make_dataset/raw_sentinel/pm5/pm5__20201105_20201124__0121	2020-11-21	743409.00000000,3733008.00000000,744177.00000000,3733776.00000000
train	008752	lower__20201118_155741_63_222b_3B_AnalyticMS_SR_8b_clip	pm5__20201105_20201124__0121	/scrfs/storage/yikebe/home/research/AR_Crop_Identification/make_dataset/raw_sentinel/pm5/pm5__20201105_20201124__0121	2020-11-21	748785.00000000,3732240.00000000,749553.00000000,3733008.00000000
train	008768	lower__20201118_155741_63_222b_3B_AnalyticMS_SR_8b_clip	pm5__20201105_20201124__0121	/scrfs/storage/yikebe/home/research/AR_Crop_Identification/make_dataset/raw_sentinel/pm5/pm5__20201105_20201124__0121	2020-11-21	748785.00000000,3731472.00000000,749553.00000000,3732240.00000000
train	008784	lower__20201118_155741_63_222b_3B_AnalyticMS_SR_8b_clip	pm5__20201105_20201124__0121	/scrfs/storage/yikebe/home/research/AR_Crop_Identification/make_dataset/raw_sentinel/pm5/pm5__20201105_20201124__0121	2020-11-21	745713.00000000,3730704.00000000,746481.00000000,3731472.00000000
train	008800	lower__20201118_155741_63_222b_3B_AnalyticMS_SR_8b_clip	pm5__20201105_20201124__0121	/scrfs/storage/yikebe/home/research/AR_Crop_Identification/make_dataset/raw_sentinel/pm5/pm5__20201105_20201124__0121	2020-11-21	741873.00000000,3727632.00000000,742641.00000000,3728400.00000000
train	008816	lower__20201118_155741_63_222b_3B_AnalyticMS_SR_8b_clip	pm5__20201105_20201124__0121	/scrfs/storage/yikebe/home/research/AR_Crop_Identification/make_dataset/raw_sentinel/pm5/pm5__20201105_20201124__0121	2020-11-21	741873.00000000,3726864.00000000,742641.00000000,3727632.00000000
train	008832	lower__20201118_155741_63_222b_3B_AnalyticMS_SR_8b_clip	pm5__20201105_20201124__0121	/scrfs/storage/yikebe/home/research/AR_Crop_Identification/make_dataset/raw_sentinel/pm5/pm5__20201105_20201124__0121	2020-11-21	741105.00000000,3726096.00000000,741873.00000000,3726864.00000000
train	008848	lower__20201118_155741_63_222b_3B_AnalyticMS_SR_8b_clip	pm5__20201105_20201124__0121	/scrfs/storage/yikebe/home/research/AR_Crop_Identification/make_dataset/raw_sentinel/pm5/pm5__20201105_20201124__0121	2020-11-21	741873.00000000,3726096.00000000,742641.00000000,3726864.00000000
train	008864	lower__20201118_155741_63_222b_3B_AnalyticMS_SR_8b_clip	pm5__20201105_20201124__0121	/scrfs/storage/yikebe/home/research/AR_Crop_Identification/make_dataset/raw_sentinel/pm5/pm5__20201105_20201124__0121	2020-11-21	744177.00000000,3724560.00000000,744945.00000000,3725328.00000000
train	008880	lower__20201118_155741_63_222b_3B_AnalyticMS_SR_8b_clip	pm5__20201105_20201124__0121	/scrfs/storage/yikebe/home/research/AR_Crop_Identification/make_dataset/raw_sentinel/pm5/pm5__20201105_20201124__0121	2020-11-21	741105.00000000,3722256.00000000,741873.00000000,3723024.00000000
train	008896	lower__20201118_155741_63_222b_3B_AnalyticMS_SR_8b_clip	pm5__20201105_20201124__0121	/scrfs/storage/yikebe/home/research/AR_Crop_Identification/make_dataset/raw_sentinel/pm5/pm5__20201105_20201124__0121	2020-11-21	740337.00000000,3721488.00000000,741105.00000000,3722256.00000000
train	008912	lower__20201118_155741_63_222b_3B_AnalyticMS_SR_8b_clip	pm5__20201105_20201124__0121	/scrfs/storage/yikebe/home/research/AR_Crop_Identification/make_dataset/raw_sentinel/pm5/pm5__20201105_20201124__0121	2020-11-21	741105.00000000,3721488.00000000,741873.00000000,3722256.00000000
train	008928	lower__20201118_155741_63_222b_3B_AnalyticMS_SR_8b_clip	pm5__20201105_20201124__0121	/scrfs/storage/yikebe/home/research/AR_Crop_Identification/make_dataset/raw_sentinel/pm5/pm5__20201105_20201124__0121	2020-11-21	741105.00000000,3720720.00000000,741873.00000000,3721488.00000000
train	008944	lower__20201118_155741_63_222b_3B_AnalyticMS_SR_8b_clip	pm5__20201105_20201124__0121	/scrfs/storage/yikebe/home/research/AR_Crop_Identification/make_dataset/raw_sentinel/pm5/pm5__20201105_20201124__0121	2020-11-21	741873.00000000,3720720.00000000,742641.00000000,3721488.00000000
train	008960	lower__20201118_155741_63_222b_3B_AnalyticMS_SR_8b_clip	pm5__20201105_20201124__0121	/scrfs/storage/yikebe/home/research/AR_Crop_Identification/make_dataset/raw_sentinel/pm5/pm5__20201105_20201124__0121	2020-11-21	724977.00000000,3719952.00000000,725745.00000000,3720720.00000000
train	008976	lower__20201118_155741_63_222b_3B_AnalyticMS_SR_8b_clip	pm5__20201105_20201124__0121	/scrfs/storage/yikebe/home/research/AR_Crop_Identification/make_dataset/raw_sentinel/pm5/pm5__20201105_20201124__0121	2020-11-21	744177.00000000,3719952.00000000,744945.00000000,3720720.00000000
train	008992	lower__20201118_155741_63_222b_3B_AnalyticMS_SR_8b_clip	pm5__20201105_20201124__0121	/scrfs/storage/yikebe/home/research/AR_Crop_Identification/make_dataset/raw_sentinel/pm5/pm5__20201105_20201124__0121	2020-11-21	747249.00000000,3719952.00000000,748017.00000000,3720720.00000000
train	009008	lower__20201118_155741_63_222b_3B_AnalyticMS_SR_8b_clip	pm5__20201105_20201124__0121	/scrfs/storage/yikebe/home/research/AR_Crop_Identification/make_dataset/raw_sentinel/pm5/pm5__20201105_20201124__0121	2020-11-21	744177.00000000,3719184.00000000,744945.00000000,3719952.00000000
train	009024	lower__20201118_155741_63_222b_3B_AnalyticMS_SR_8b_clip	pm5__20201105_20201124__0121	/scrfs/storage/yikebe/home/research/AR_Crop_Identification/make_dataset/raw_sentinel/pm5/pm5__20201105_20201124__0121	2020-11-21	744945.00000000,3719184.00000000,745713.00000000,3719952.00000000
train	009040	lower__20201118_155741_63_222b_3B_AnalyticMS_SR_8b_clip	pm5__20201105_20201124__0121	/scrfs/storage/yikebe/home/research/AR_Crop_Identification/make_dataset/raw_sentinel/pm5/pm5__20201105_20201124__0121	2020-11-21	725745.00000000,3718416.00000000,726513.00000000,3719184.00000000
train	009056	lower__20201118_155741_63_222b_3B_AnalyticMS_SR_8b_clip	pm5__20201105_20201124__0121	/scrfs/storage/yikebe/home/research/AR_Crop_Identification/make_dataset/raw_sentinel/pm5/pm5__20201105_20201124__0121	2020-11-21	726513.00000000,3718416.00000000,727281.00000000,3719184.00000000
train	009072	lower__20201118_155741_63_222b_3B_AnalyticMS_SR_8b_clip	pm5__20201105_20201124__0121	/scrfs/storage/yikebe/home/research/AR_Crop_Identification/make_dataset/raw_sentinel/pm5/pm5__20201105_20201124__0121	2020-11-21	740337.00000000,3718416.00000000,741105.00000000,3719184.00000000
train	009088	lower__20201118_155741_63_222b_3B_AnalyticMS_SR_8b_clip	pm5__20201105_20201124__0121	/scrfs/storage/yikebe/home/research/AR_Crop_Identification/make_dataset/raw_sentinel/pm5/pm5__20201105_20201124__0121	2020-11-21	744945.00000000,3718416.00000000,745713.00000000,3719184.00000000
train	009104	lower__20201118_155741_63_222b_3B_AnalyticMS_SR_8b_clip	pm5__20201105_20201124__0121	/scrfs/storage/yikebe/home/research/AR_Crop_Identification/make_dataset/raw_sentinel/pm5/pm5__20201105_20201124__0121	2020-11-21	745713.00000000,3718416.00000000,746481.00000000,3719184.00000000
train	009120	lower__20201118_155741_63_222b_3B_AnalyticMS_SR_8b_clip	pm5__20201105_20201124__0121	/scrfs/storage/yikebe/home/research/AR_Crop_Identification/make_dataset/raw_sentinel/pm5/pm5__20201105_20201124__0121	2020-11-21	728817.00000000,3717648.00000000,729585.00000000,3718416.00000000
train	009136	lower__20201118_155741_63_222b_3B_AnalyticMS_SR_8b_clip	pm5__20201105_20201124__0121	/scrfs/storage/yikebe/home/research/AR_Crop_Identification/make_dataset/raw_sentinel/pm5/pm5__20201105_20201124__0121	2020-11-21	744945.00000000,3717648.00000000,745713.00000000,3718416.00000000
train	009152	lower__20201118_155741_63_222b_3B_AnalyticMS_SR_8b_clip	pm5__20201105_20201124__0121	/scrfs/storage/yikebe/home/research/AR_Crop_Identification/make_dataset/raw_sentinel/pm5/pm5__20201105_20201124__0121	2020-11-21	746481.00000000,3717648.00000000,747249.00000000,3718416.00000000
train	009168	lower__20201118_155741_63_222b_3B_AnalyticMS_SR_8b_clip	pm5__20201105_20201124__0121	/scrfs/storage/yikebe/home/research/AR_Crop_Identification/make_dataset/raw_sentinel/pm5/pm5__20201105_20201124__0121	2020-11-21	729585.00000000,3716880.00000000,730353.00000000,3717648.00000000
train	009184	lower__20201118_155741_63_222b_3B_AnalyticMS_SR_8b_clip	pm5__20201105_20201124__0121	/scrfs/storage/yikebe/home/research/AR_Crop_Identification/make_dataset/raw_sentinel/pm5/pm5__20201105_20201124__0121	2020-11-21	730353.00000000,3716880.00000000,731121.00000000,3717648.00000000
train	009200	lower__20201118_155741_63_222b_3B_AnalyticMS_SR_8b_clip	pm5__20201105_20201124__0121	/scrfs/storage/yikebe/home/research/AR_Crop_Identification/make_dataset/raw_sentinel/pm5/pm5__20201105_20201124__0121	2020-11-21	730353.00000000,3716112.00000000,731121.00000000,3716880.00000000
train	009216	lower__20201118_155741_63_222b_3B_AnalyticMS_SR_8b_clip	pm5__20201105_20201124__0121	/scrfs/storage/yikebe/home/research/AR_Crop_Identification/make_dataset/raw_sentinel/pm5/pm5__20201105_20201124__0121	2020-11-21	731121.00000000,3716112.00000000,731889.00000000,3716880.00000000
train	009232	lower__20201118_155741_63_222b_3B_AnalyticMS_SR_8b_clip	pm5__20201105_20201124__0121	/scrfs/storage/yikebe/home/research/AR_Crop_Identification/make_dataset/raw_sentinel/pm5/pm5__20201105_20201124__0121	2020-11-21	734193.00000000,3716112.00000000,734961.00000000,3716880.00000000
train	009248	lower__20201118_155741_63_222b_3B_AnalyticMS_SR_8b_clip	pm5__20201105_20201124__0121	/scrfs/storage/yikebe/home/research/AR_Crop_Identification/make_dataset/raw_sentinel/pm5/pm5__20201105_20201124__0121	2020-11-21	732657.00000000,3715344.00000000,733425.00000000,3716112.00000000
train	009264	lower__20201118_155741_63_222b_3B_AnalyticMS_SR_8b_clip	pm5__20201105_20201124__0121	/scrfs/storage/yikebe/home/research/AR_Crop_Identification/make_dataset/raw_sentinel/pm5/pm5__20201105_20201124__0121	2020-11-21	734193.00000000,3715344.00000000,734961.00000000,3716112.00000000
train	009280	lower__20201118_160521_58_2264_3B_AnalyticMS_SR_8b_clip	pm5__20201105_20201124__0115	/scrfs/storage/yikebe/home/research/AR_Crop_Identification/make_dataset/raw_sentinel/pm5/pm5__20201105_20201124__0115	2020-11-21	700404.00000000,3703326.00000000,701172.00000000,3704094.00000000
train	009296	lower__20201118_160521_58_2264_3B_AnalyticMS_SR_8b_clip	pm5__20201105_20201124__0115	/scrfs/storage/yikebe/home/research/AR_Crop_Identification/make_dataset/raw_sentinel/pm5/pm5__20201105_20201124__0115	2020-11-21	691956.00000000,3698718.00000000,692724.00000000,3699486.00000000
train	009312	lower__20201118_160521_58_2264_3B_AnalyticMS_SR_8b_clip	pm5__20201105_20201124__0115	/scrfs/storage/yikebe/home/research/AR_Crop_Identification/make_dataset/raw_sentinel/pm5/pm5__20201105_20201124__0115	2020-11-21	719604.00000000,3697950.00000000,720372.00000000,3698718.00000000
train	009328	lower__20201118_160521_58_2264_3B_AnalyticMS_SR_8b_clip	pm5__20201105_20201124__0115	/scrfs/storage/yikebe/home/research/AR_Crop_Identification/make_dataset/raw_sentinel/pm5/pm5__20201105_20201124__0115	2020-11-21	701172.00000000,3696414.00000000,701940.00000000,3697182.00000000
train	009344	lower__20201118_160521_58_2264_3B_AnalyticMS_SR_8b_clip	pm5__20201105_20201124__0115	/scrfs/storage/yikebe/home/research/AR_Crop_Identification/make_dataset/raw_sentinel/pm5/pm5__20201105_20201124__0115	2020-11-21	697332.00000000,3695646.00000000,698100.00000000,3696414.00000000
train	009360	lower__20201118_160521_58_2264_3B_AnalyticMS_SR_8b_clip	pm5__20201105_20201124__0115	/scrfs/storage/yikebe/home/research/AR_Crop_Identification/make_dataset/raw_sentinel/pm5/pm5__20201105_20201124__0115	2020-11-21	715764.00000000,3695646.00000000,716532.00000000,3696414.00000000
train	009376	lower__20201118_160521_58_2264_3B_AnalyticMS_SR_8b_clip	pm5__20201105_20201124__0115	/scrfs/storage/yikebe/home/research/AR_Crop_Identification/make_dataset/raw_sentinel/pm5/pm5__20201105_20201124__0115	2020-11-21	722676.00000000,3695646.00000000,723444.00000000,3696414.00000000
train	009392	lower__20201118_160521_58_2264_3B_AnalyticMS_SR_8b_clip	pm5__20201105_20201124__0115	/scrfs/storage/yikebe/home/research/AR_Crop_Identification/make_dataset/raw_sentinel/pm5/pm5__20201105_20201124__0115	2020-11-21	696564.00000000,3694878.00000000,697332.00000000,3695646.00000000
train	009408	lower__20201118_160521_58_2264_3B_AnalyticMS_SR_8b_clip	pm5__20201105_20201124__0115	/scrfs/storage/yikebe/home/research/AR_Crop_Identification/make_dataset/raw_sentinel/pm5/pm5__20201105_20201124__0115	2020-11-21	697332.00000000,3694878.00000000,698100.00000000,3695646.00000000
train	009424	lower__20201118_160521_58_2264_3B_AnalyticMS_SR_8b_clip	pm5__20201105_20201124__0115	/scrfs/storage/yikebe/home/research/AR_Crop_Identification/make_dataset/raw_sentinel/pm5/pm5__20201105_20201124__0115	2020-11-21	703476.00000000,3694878.00000000,704244.00000000,3695646.00000000
train	009440	lower__20201118_160521_58_2264_3B_AnalyticMS_SR_8b_clip	pm5__20201105_20201124__0115	/scrfs/storage/yikebe/home/research/AR_Crop_Identification/make_dataset/raw_sentinel/pm5/pm5__20201105_20201124__0115	2020-11-21	708084.00000000,3694878.00000000,708852.00000000,3695646.00000000
train	009456	lower__20201118_160521_58_2264_3B_AnalyticMS_SR_8b_clip	pm5__20201105_20201124__0115	/scrfs/storage/yikebe/home/research/AR_Crop_Identification/make_dataset/raw_sentinel/pm5/pm5__20201105_20201124__0115	2020-11-21	718068.00000000,3694878.00000000,718836.00000000,3695646.00000000
train	009472	lower__20201118_160521_58_2264_3B_AnalyticMS_SR_8b_clip	pm5__20201105_20201124__0115	/scrfs/storage/yikebe/home/research/AR_Crop_Identification/make_dataset/raw_sentinel/pm5/pm5__20201105_20201124__0115	2020-11-21	722676.00000000,3694878.00000000,723444.00000000,3695646.00000000
train	009488	lower__20201118_160521_58_2264_3B_AnalyticMS_SR_8b_clip	pm5__20201105_20201124__0115	/scrfs/storage/yikebe/home/research/AR_Crop_Identification/make_dataset/raw_sentinel/pm5/pm5__20201105_20201124__0115	2020-11-21	696564.00000000,3694110.00000000,697332.00000000,3694878.00000000
train	009504	lower__20201118_160521_58_2264_3B_AnalyticMS_SR_8b_clip	pm5__20201105_20201124__0115	/scrfs/storage/yikebe/home/research/AR_Crop_Identification/make_dataset/raw_sentinel/pm5/pm5__20201105_20201124__0115	2020-11-21	697332.00000000,3694110.00000000,698100.00000000,3694878.00000000
train	009520	lower__20201118_160521_58_2264_3B_AnalyticMS_SR_8b_clip	pm5__20201105_20201124__0115	/scrfs/storage/yikebe/home/research/AR_Crop_Identification/make_dataset/raw_sentinel/pm5/pm5__20201105_20201124__0115	2020-11-21	700404.00000000,3694110.00000000,701172.00000000,3694878.00000000
train	009536	lower__20201118_160521_58_2264_3B_AnalyticMS_SR_8b_clip	pm5__20201105_20201124__0115	/scrfs/storage/yikebe/home/research/AR_Crop_Identification/make_dataset/raw_sentinel/pm5/pm5__20201105_20201124__0115	2020-11-21	696564.00000000,3693342.00000000,697332.00000000,3694110.00000000
train	009552	lower__20201118_160521_58_2264_3B_AnalyticMS_SR_8b_clip	pm5__20201105_20201124__0115	/scrfs/storage/yikebe/home/research/AR_Crop_Identification/make_dataset/raw_sentinel/pm5/pm5__20201105_20201124__0115	2020-11-21	697332.00000000,3693342.00000000,698100.00000000,3694110.00000000
train	009568	lower__20201118_160521_58_2264_3B_AnalyticMS_SR_8b_clip	pm5__20201105_20201124__0115	/scrfs/storage/yikebe/home/research/AR_Crop_Identification/make_dataset/raw_sentinel/pm5/pm5__20201105_20201124__0115	2020-11-21	700404.00000000,3693342.00000000,701172.00000000,3694110.00000000
train	009584	lower__20201118_160521_58_2264_3B_AnalyticMS_SR_8b_clip	pm5__20201105_20201124__0115	/scrfs/storage/yikebe/home/research/AR_Crop_Identification/make_dataset/raw_sentinel/pm5/pm5__20201105_20201124__0115	2020-11-21	709620.00000000,3693342.00000000,710388.00000000,3694110.00000000
train	009600	lower__20201118_160521_58_2264_3B_AnalyticMS_SR_8b_clip	pm5__20201105_20201124__0115	/scrfs/storage/yikebe/home/research/AR_Crop_Identification/make_dataset/raw_sentinel/pm5/pm5__20201105_20201124__0115	2020-11-21	714228.00000000,3693342.00000000,714996.00000000,3694110.00000000
train	009616	lower__20201118_160521_58_2264_3B_AnalyticMS_SR_8b_clip	pm5__20201105_20201124__0115	/scrfs/storage/yikebe/home/research/AR_Crop_Identification/make_dataset/raw_sentinel/pm5/pm5__20201105_20201124__0115	2020-11-21	695796.00000000,3692574.00000000,696564.00000000,3693342.00000000
train	009632	lower__20201118_160521_58_2264_3B_AnalyticMS_SR_8b_clip	pm5__20201105_20201124__0115	/scrfs/storage/yikebe/home/research/AR_Crop_Identification/make_dataset/raw_sentinel/pm5/pm5__20201105_20201124__0115	2020-11-21	696564.00000000,3692574.00000000,697332.00000000,3693342.00000000
train	009648	lower__20201118_160521_58_2264_3B_AnalyticMS_SR_8b_clip	pm5__20201105_20201124__0115	/scrfs/storage/yikebe/home/research/AR_Crop_Identification/make_dataset/raw_sentinel/pm5/pm5__20201105_20201124__0115	2020-11-21	697332.00000000,3692574.00000000,698100.00000000,3693342.00000000
train	009664	lower__20201118_160521_58_2264_3B_AnalyticMS_SR_8b_clip	pm5__20201105_20201124__0115	/scrfs/storage/yikebe/home/research/AR_Crop_Identification/make_dataset/raw_sentinel/pm5/pm5__20201105_20201124__0115	2020-11-21	700404.00000000,3692574.00000000,701172.00000000,3693342.00000000
train	009680	lower__20201118_160521_58_2264_3B_AnalyticMS_SR_8b_clip	pm5__20201105_20201124__0115	/scrfs/storage/yikebe/home/research/AR_Crop_Identification/make_dataset/raw_sentinel/pm5/pm5__20201105_20201124__0115	2020-11-21	696564.00000000,3691806.00000000,697332.00000000,3692574.00000000
train	009696	lower__20201118_160521_58_2264_3B_AnalyticMS_SR_8b_clip	pm5__20201105_20201124__0115	/scrfs/storage/yikebe/home/research/AR_Crop_Identification/make_dataset/raw_sentinel/pm5/pm5__20201105_20201124__0115	2020-11-21	700404.00000000,3691806.00000000,701172.00000000,3692574.00000000
train	009712	lower__20201118_160521_58_2264_3B_AnalyticMS_SR_8b_clip	pm5__20201105_20201124__0115	/scrfs/storage/yikebe/home/research/AR_Crop_Identification/make_dataset/raw_sentinel/pm5/pm5__20201105_20201124__0115	2020-11-21	705780.00000000,3691806.00000000,706548.00000000,3692574.00000000
train	009728	lower__20201118_160521_58_2264_3B_AnalyticMS_SR_8b_clip	pm5__20201105_20201124__0115	/scrfs/storage/yikebe/home/research/AR_Crop_Identification/make_dataset/raw_sentinel/pm5/pm5__20201105_20201124__0115	2020-11-21	708084.00000000,3691806.00000000,708852.00000000,3692574.00000000
train	009744	lower__20201118_160521_58_2264_3B_AnalyticMS_SR_8b_clip	pm5__20201105_20201124__0115	/scrfs/storage/yikebe/home/research/AR_Crop_Identification/make_dataset/raw_sentinel/pm5/pm5__20201105_20201124__0115	2020-11-21	708852.00000000,3691806.00000000,709620.00000000,3692574.00000000
train	009760	lower__20201118_160521_58_2264_3B_AnalyticMS_SR_8b_clip	pm5__20201105_20201124__0115	/scrfs/storage/yikebe/home/research/AR_Crop_Identification/make_dataset/raw_sentinel/pm5/pm5__20201105_20201124__0115	2020-11-21	709620.00000000,3691806.00000000,710388.00000000,3692574.00000000
train	009776	lower__20201118_160521_58_2264_3B_AnalyticMS_SR_8b_clip	pm5__20201105_20201124__0115	/scrfs/storage/yikebe/home/research/AR_Crop_Identification/make_dataset/raw_sentinel/pm5/pm5__20201105_20201124__0115	2020-11-21	705780.00000000,3691038.00000000,706548.00000000,3691806.00000000
train	009792	lower__20201118_160521_58_2264_3B_AnalyticMS_SR_8b_clip	pm5__20201105_20201124__0115	/scrfs/storage/yikebe/home/research/AR_Crop_Identification/make_dataset/raw_sentinel/pm5/pm5__20201105_20201124__0115	2020-11-21	698100.00000000,3690270.00000000,698868.00000000,3691038.00000000
train	009808	lower__20201118_160521_58_2264_3B_AnalyticMS_SR_8b_clip	pm5__20201105_20201124__0115	/scrfs/storage/yikebe/home/research/AR_Crop_Identification/make_dataset/raw_sentinel/pm5/pm5__20201105_20201124__0115	2020-11-21	701172.00000000,3690270.00000000,701940.00000000,3691038.00000000
train	009824	lower__20201118_160521_58_2264_3B_AnalyticMS_SR_8b_clip	pm5__20201105_20201124__0115	/scrfs/storage/yikebe/home/research/AR_Crop_Identification/make_dataset/raw_sentinel/pm5/pm5__20201105_20201124__0115	2020-11-21	701940.00000000,3690270.00000000,702708.00000000,3691038.00000000
train	009840	lower__20201118_160521_58_2264_3B_AnalyticMS_SR_8b_clip	pm5__20201105_20201124__0115	/scrfs/storage/yikebe/home/research/AR_Crop_Identification/make_dataset/raw_sentinel/pm5/pm5__20201105_20201124__0115	2020-11-21	702708.00000000,3690270.00000000,703476.00000000,3691038.00000000
train	009856	lower__20201118_160521_58_2264_3B_AnalyticMS_SR_8b_clip	pm5__20201105_20201124__0115	/scrfs/storage/yikebe/home/research/AR_Crop_Identification/make_dataset/raw_sentinel/pm5/pm5__20201105_20201124__0115	2020-11-21	705780.00000000,3690270.00000000,706548.00000000,3691038.00000000
train	009872	lower__20201118_160521_58_2264_3B_AnalyticMS_SR_8b_clip	pm5__20201105_20201124__0115	/scrfs/storage/yikebe/home/research/AR_Crop_Identification/make_dataset/raw_sentinel/pm5/pm5__20201105_20201124__0115	2020-11-21	708084.00000000,3690270.00000000,708852.00000000,3691038.00000000
train	009888	lower__20201118_160521_58_2264_3B_AnalyticMS_SR_8b_clip	pm5__20201105_20201124__0115	/scrfs/storage/yikebe/home/research/AR_Crop_Identification/make_dataset/raw_sentinel/pm5/pm5__20201105_20201124__0115	2020-11-21	705780.00000000,3689502.00000000,706548.00000000,3690270.00000000
train	009904	lower__20201118_160521_58_2264_3B_AnalyticMS_SR_8b_clip	pm5__20201105_20201124__0115	/scrfs/storage/yikebe/home/research/AR_Crop_Identification/make_dataset/raw_sentinel/pm5/pm5__20201105_20201124__0115	2020-11-21	708084.00000000,3689502.00000000,708852.00000000,3690270.00000000
train	009920	lower__20201118_160521_58_2264_3B_AnalyticMS_SR_8b_clip	pm5__20201105_20201124__0115	/scrfs/storage/yikebe/home/research/AR_Crop_Identification/make_dataset/raw_sentinel/pm5/pm5__20201105_20201124__0115	2020-11-21	706548.00000000,3688734.00000000,707316.00000000,3689502.00000000
train	009936	lower__20201118_160521_58_2264_3B_AnalyticMS_SR_8b_clip	pm5__20201105_20201124__0115	/scrfs/storage/yikebe/home/research/AR_Crop_Identification/make_dataset/raw_sentinel/pm5/pm5__20201105_20201124__0115	2020-11-21	708084.00000000,3688734.00000000,708852.00000000,3689502.00000000
train	009952	lower__20201118_160521_58_2264_3B_AnalyticMS_SR_8b_clip	pm5__20201105_20201124__0115	/scrfs/storage/yikebe/home/research/AR_Crop_Identification/make_dataset/raw_sentinel/pm5/pm5__20201105_20201124__0115	2020-11-21	708852.00000000,3688734.00000000,709620.00000000,3689502.00000000
train	009968	lower__20201118_160521_58_2264_3B_AnalyticMS_SR_8b_clip	pm5__20201105_20201124__0115	/scrfs/storage/yikebe/home/research/AR_Crop_Identification/make_dataset/raw_sentinel/pm5/pm5__20201105_20201124__0115	2020-11-21	708084.00000000,3687966.00000000,708852.00000000,3688734.00000000
train	009984	lower__20201118_160521_58_2264_3B_AnalyticMS_SR_8b_clip	pm5__20201105_20201124__0115	/scrfs/storage/yikebe/home/research/AR_Crop_Identification/make_dataset/raw_sentinel/pm5/pm5__20201105_20201124__0115	2020-11-21	711156.00000000,3687966.00000000,711924.00000000,3688734.00000000
train	010000	lower__20201118_160521_58_2264_3B_AnalyticMS_SR_8b_clip	pm5__20201105_20201124__0115	/scrfs/storage/yikebe/home/research/AR_Crop_Identification/make_dataset/raw_sentinel/pm5/pm5__20201105_20201124__0115	2020-11-21	700404.00000000,3687198.00000000,701172.00000000,3687966.00000000
train	010016	lower__20201118_160521_58_2264_3B_AnalyticMS_SR_8b_clip	pm5__20201105_20201124__0115	/scrfs/storage/yikebe/home/research/AR_Crop_Identification/make_dataset/raw_sentinel/pm5/pm5__20201105_20201124__0115	2020-11-21	701172.00000000,3687198.00000000,701940.00000000,3687966.00000000
train	010032	lower__20201118_160521_58_2264_3B_AnalyticMS_SR_8b_clip	pm5__20201105_20201124__0115	/scrfs/storage/yikebe/home/research/AR_Crop_Identification/make_dataset/raw_sentinel/pm5/pm5__20201105_20201124__0115	2020-11-21	701940.00000000,3687198.00000000,702708.00000000,3687966.00000000
train	010048	lower__20201118_160521_58_2264_3B_AnalyticMS_SR_8b_clip	pm5__20201105_20201124__0115	/scrfs/storage/yikebe/home/research/AR_Crop_Identification/make_dataset/raw_sentinel/pm5/pm5__20201105_20201124__0115	2020-11-21	714228.00000000,3687198.00000000,714996.00000000,3687966.00000000
train	010064	lower__20201118_160521_58_2264_3B_AnalyticMS_SR_8b_clip	pm5__20201105_20201124__0115	/scrfs/storage/yikebe/home/research/AR_Crop_Identification/make_dataset/raw_sentinel/pm5/pm5__20201105_20201124__0115	2020-11-21	715764.00000000,3687198.00000000,716532.00000000,3687966.00000000
train	010080	lower__20201118_160521_58_2264_3B_AnalyticMS_SR_8b_clip	pm5__20201105_20201124__0115	/scrfs/storage/yikebe/home/research/AR_Crop_Identification/make_dataset/raw_sentinel/pm5/pm5__20201105_20201124__0115	2020-11-21	700404.00000000,3686430.00000000,701172.00000000,3687198.00000000
train	010096	lower__20201118_160521_58_2264_3B_AnalyticMS_SR_8b_clip	pm5__20201105_20201124__0115	/scrfs/storage/yikebe/home/research/AR_Crop_Identification/make_dataset/raw_sentinel/pm5/pm5__20201105_20201124__0115	2020-11-21	701172.00000000,3686430.00000000,701940.00000000,3687198.00000000
train	010112	lower__20201118_160521_58_2264_3B_AnalyticMS_SR_8b_clip	pm5__20201105_20201124__0115	/scrfs/storage/yikebe/home/research/AR_Crop_Identification/make_dataset/raw_sentinel/pm5/pm5__20201105_20201124__0115	2020-11-21	701940.00000000,3686430.00000000,702708.00000000,3687198.00000000
train	010128	lower__20201118_160521_58_2264_3B_AnalyticMS_SR_8b_clip	pm5__20201105_20201124__0115	/scrfs/storage/yikebe/home/research/AR_Crop_Identification/make_dataset/raw_sentinel/pm5/pm5__20201105_20201124__0115	2020-11-21	695028.00000000,3685662.00000000,695796.00000000,3686430.00000000
train	010144	lower__20201118_160521_58_2264_3B_AnalyticMS_SR_8b_clip	pm5__20201105_20201124__0115	/scrfs/storage/yikebe/home/research/AR_Crop_Identification/make_dataset/raw_sentinel/pm5/pm5__20201105_20201124__0115	2020-11-21	698868.00000000,3685662.00000000,699636.00000000,3686430.00000000
train	010160	lower__20201118_160521_58_2264_3B_AnalyticMS_SR_8b_clip	pm5__20201105_20201124__0115	/scrfs/storage/yikebe/home/research/AR_Crop_Identification/make_dataset/raw_sentinel/pm5/pm5__20201105_20201124__0115	2020-11-21	709620.00000000,3685662.00000000,710388.00000000,3686430.00000000
train	010176	lower__20201118_160521_58_2264_3B_AnalyticMS_SR_8b_clip	pm5__20201105_20201124__0115	/scrfs/storage/yikebe/home/research/AR_Crop_Identification/make_dataset/raw_sentinel/pm5/pm5__20201105_20201124__0115	2020-11-21	695796.00000000,3684894.00000000,696564.00000000,3685662.00000000
train	010192	lower__20201118_160521_58_2264_3B_AnalyticMS_SR_8b_clip	pm5__20201105_20201124__0115	/scrfs/storage/yikebe/home/research/AR_Crop_Identification/make_dataset/raw_sentinel/pm5/pm5__20201105_20201124__0115	2020-11-21	698868.00000000,3684894.00000000,699636.00000000,3685662.00000000
train	010208	lower__20201118_160521_58_2264_3B_AnalyticMS_SR_8b_clip	pm5__20201105_20201124__0115	/scrfs/storage/yikebe/home/research/AR_Crop_Identification/make_dataset/raw_sentinel/pm5/pm5__20201105_20201124__0115	2020-11-21	709620.00000000,3684894.00000000,710388.00000000,3685662.00000000
train	010224	lower__20201118_160521_58_2264_3B_AnalyticMS_SR_8b_clip	pm5__20201105_20201124__0115	/scrfs/storage/yikebe/home/research/AR_Crop_Identification/make_dataset/raw_sentinel/pm5/pm5__20201105_20201124__0115	2020-11-21	695796.00000000,3684126.00000000,696564.00000000,3684894.00000000
train	010240	lower__20201118_160521_58_2264_3B_AnalyticMS_SR_8b_clip	pm5__20201105_20201124__0115	/scrfs/storage/yikebe/home/research/AR_Crop_Identification/make_dataset/raw_sentinel/pm5/pm5__20201105_20201124__0115	2020-11-21	696564.00000000,3684126.00000000,697332.00000000,3684894.00000000
train	010256	lower__20201118_160521_58_2264_3B_AnalyticMS_SR_8b_clip	pm5__20201105_20201124__0115	/scrfs/storage/yikebe/home/research/AR_Crop_Identification/make_dataset/raw_sentinel/pm5/pm5__20201105_20201124__0115	2020-11-21	700404.00000000,3684126.00000000,701172.00000000,3684894.00000000
train	010272	lower__20201118_160521_58_2264_3B_AnalyticMS_SR_8b_clip	pm5__20201105_20201124__0115	/scrfs/storage/yikebe/home/research/AR_Crop_Identification/make_dataset/raw_sentinel/pm5/pm5__20201105_20201124__0115	2020-11-21	707316.00000000,3684126.00000000,708084.00000000,3684894.00000000
train	010288	lower__20201118_160737_84_2278_3B_AnalyticMS_SR_8b_clip	pm5__20201105_20201124__0057	/scrfs/storage/yikebe/home/research/AR_Crop_Identification/make_dataset/raw_sentinel/pm5/pm5__20201105_20201124__0057	2020-11-19	570648.00000000,3672513.00000000,571416.00000000,3673281.00000000
train	010304	lower__20201118_160737_84_2278_3B_AnalyticMS_SR_8b_clip	pm5__20201105_20201124__0057	/scrfs/storage/yikebe/home/research/AR_Crop_Identification/make_dataset/raw_sentinel/pm5/pm5__20201105_20201124__0057	2020-11-19	578328.00000000,3662529.00000000,579096.00000000,3663297.00000000
train	010320	lower__20201118_165044_47_2401_3B_AnalyticMS_SR_8b_clip	pm5__20201105_20201124__0106	/scrfs/storage/yikebe/home/research/AR_Crop_Identification/make_dataset/raw_sentinel/pm5/pm5__20201105_20201124__0106	2020-11-21	687291.00000000,3741102.00000000,688059.00000000,3741870.00000000
train	010336	lower__20201119_160558_46_2271_3B_AnalyticMS_SR_8b_clip	pm5__20201105_20201124__0099	/scrfs/storage/yikebe/home/research/AR_Crop_Identification/make_dataset/raw_sentinel/pm5/pm5__20201105_20201124__0099	2020-11-19	647583.00000000,3699018.00000000,648351.00000000,3699786.00000000
train	010352	lower__20201119_160558_46_2271_3B_AnalyticMS_SR_8b_clip	pm5__20201105_20201124__0099	/scrfs/storage/yikebe/home/research/AR_Crop_Identification/make_dataset/raw_sentinel/pm5/pm5__20201105_20201124__0099	2020-11-19	654495.00000000,3699018.00000000,655263.00000000,3699786.00000000
train	010368	lower__20201119_160558_46_2271_3B_AnalyticMS_SR_8b_clip	pm5__20201105_20201124__0099	/scrfs/storage/yikebe/home/research/AR_Crop_Identification/make_dataset/raw_sentinel/pm5/pm5__20201105_20201124__0099	2020-11-19	655263.00000000,3699018.00000000,656031.00000000,3699786.00000000
train	010384	lower__20201119_160558_46_2271_3B_AnalyticMS_SR_8b_clip	pm5__20201105_20201124__0099	/scrfs/storage/yikebe/home/research/AR_Crop_Identification/make_dataset/raw_sentinel/pm5/pm5__20201105_20201124__0099	2020-11-19	656031.00000000,3699018.00000000,656799.00000000,3699786.00000000
train	010400	lower__20201119_160558_46_2271_3B_AnalyticMS_SR_8b_clip	pm5__20201105_20201124__0099	/scrfs/storage/yikebe/home/research/AR_Crop_Identification/make_dataset/raw_sentinel/pm5/pm5__20201105_20201124__0099	2020-11-19	652191.00000000,3698250.00000000,652959.00000000,3699018.00000000
train	010416	lower__20201119_160558_46_2271_3B_AnalyticMS_SR_8b_clip	pm5__20201105_20201124__0099	/scrfs/storage/yikebe/home/research/AR_Crop_Identification/make_dataset/raw_sentinel/pm5/pm5__20201105_20201124__0099	2020-11-19	647583.00000000,3697482.00000000,648351.00000000,3698250.00000000
train	010432	lower__20201119_160558_46_2271_3B_AnalyticMS_SR_8b_clip	pm5__20201105_20201124__0099	/scrfs/storage/yikebe/home/research/AR_Crop_Identification/make_dataset/raw_sentinel/pm5/pm5__20201105_20201124__0099	2020-11-19	648351.00000000,3697482.00000000,649119.00000000,3698250.00000000
train	010448	lower__20201119_160558_46_2271_3B_AnalyticMS_SR_8b_clip	pm5__20201105_20201124__0099	/scrfs/storage/yikebe/home/research/AR_Crop_Identification/make_dataset/raw_sentinel/pm5/pm5__20201105_20201124__0099	2020-11-19	649887.00000000,3695946.00000000,650655.00000000,3696714.00000000
train	010464	lower__20201119_160558_46_2271_3B_AnalyticMS_SR_8b_clip	pm5__20201105_20201124__0099	/scrfs/storage/yikebe/home/research/AR_Crop_Identification/make_dataset/raw_sentinel/pm5/pm5__20201105_20201124__0099	2020-11-19	653727.00000000,3694410.00000000,654495.00000000,3695178.00000000
train	010480	lower__20201119_160558_46_2271_3B_AnalyticMS_SR_8b_clip	pm5__20201105_20201124__0099	/scrfs/storage/yikebe/home/research/AR_Crop_Identification/make_dataset/raw_sentinel/pm5/pm5__20201105_20201124__0099	2020-11-19	648351.00000000,3691338.00000000,649119.00000000,3692106.00000000
train	010496	lower__20201119_160558_46_2271_3B_AnalyticMS_SR_8b_clip	pm5__20201105_20201124__0099	/scrfs/storage/yikebe/home/research/AR_Crop_Identification/make_dataset/raw_sentinel/pm5/pm5__20201105_20201124__0099	2020-11-19	652191.00000000,3691338.00000000,652959.00000000,3692106.00000000
train	010512	lower__20201119_160558_46_2271_3B_AnalyticMS_SR_8b_clip	pm5__20201105_20201124__0099	/scrfs/storage/yikebe/home/research/AR_Crop_Identification/make_dataset/raw_sentinel/pm5/pm5__20201105_20201124__0099	2020-11-19	646815.00000000,3690570.00000000,647583.00000000,3691338.00000000
train	010528	lower__20201119_160558_46_2271_3B_AnalyticMS_SR_8b_clip	pm5__20201105_20201124__0099	/scrfs/storage/yikebe/home/research/AR_Crop_Identification/make_dataset/raw_sentinel/pm5/pm5__20201105_20201124__0099	2020-11-19	647583.00000000,3690570.00000000,648351.00000000,3691338.00000000
train	010544	lower__20201119_160558_46_2271_3B_AnalyticMS_SR_8b_clip	pm5__20201105_20201124__0099	/scrfs/storage/yikebe/home/research/AR_Crop_Identification/make_dataset/raw_sentinel/pm5/pm5__20201105_20201124__0099	2020-11-19	648351.00000000,3690570.00000000,649119.00000000,3691338.00000000
train	010560	lower__20201119_160558_46_2271_3B_AnalyticMS_SR_8b_clip	pm5__20201105_20201124__0099	/scrfs/storage/yikebe/home/research/AR_Crop_Identification/make_dataset/raw_sentinel/pm5/pm5__20201105_20201124__0099	2020-11-19	649119.00000000,3690570.00000000,649887.00000000,3691338.00000000
train	010576	lower__20201119_160558_46_2271_3B_AnalyticMS_SR_8b_clip	pm5__20201105_20201124__0099	/scrfs/storage/yikebe/home/research/AR_Crop_Identification/make_dataset/raw_sentinel/pm5/pm5__20201105_20201124__0099	2020-11-19	649887.00000000,3690570.00000000,650655.00000000,3691338.00000000
train	010592	lower__20201119_160558_46_2271_3B_AnalyticMS_SR_8b_clip	pm5__20201105_20201124__0099	/scrfs/storage/yikebe/home/research/AR_Crop_Identification/make_dataset/raw_sentinel/pm5/pm5__20201105_20201124__0099	2020-11-19	653727.00000000,3690570.00000000,654495.00000000,3691338.00000000
train	010608	lower__20201119_160558_46_2271_3B_AnalyticMS_SR_8b_clip	pm5__20201105_20201124__0099	/scrfs/storage/yikebe/home/research/AR_Crop_Identification/make_dataset/raw_sentinel/pm5/pm5__20201105_20201124__0099	2020-11-19	653727.00000000,3689802.00000000,654495.00000000,3690570.00000000
train	010624	lower__20201119_160558_46_2271_3B_AnalyticMS_SR_8b_clip	pm5__20201105_20201124__0099	/scrfs/storage/yikebe/home/research/AR_Crop_Identification/make_dataset/raw_sentinel/pm5/pm5__20201105_20201124__0099	2020-11-19	646815.00000000,3689034.00000000,647583.00000000,3689802.00000000
train	010640	lower__20201119_160558_46_2271_3B_AnalyticMS_SR_8b_clip	pm5__20201105_20201124__0099	/scrfs/storage/yikebe/home/research/AR_Crop_Identification/make_dataset/raw_sentinel/pm5/pm5__20201105_20201124__0099	2020-11-19	653727.00000000,3689034.00000000,654495.00000000,3689802.00000000
train	010656	lower__20201119_160558_46_2271_3B_AnalyticMS_SR_8b_clip	pm5__20201105_20201124__0099	/scrfs/storage/yikebe/home/research/AR_Crop_Identification/make_dataset/raw_sentinel/pm5/pm5__20201105_20201124__0099	2020-11-19	654495.00000000,3689034.00000000,655263.00000000,3689802.00000000
train	010672	lower__20201119_160558_46_2271_3B_AnalyticMS_SR_8b_clip	pm5__20201105_20201124__0099	/scrfs/storage/yikebe/home/research/AR_Crop_Identification/make_dataset/raw_sentinel/pm5/pm5__20201105_20201124__0099	2020-11-19	653727.00000000,3688266.00000000,654495.00000000,3689034.00000000
train	010688	lower__20201119_160558_46_2271_3B_AnalyticMS_SR_8b_clip	pm5__20201105_20201124__0099	/scrfs/storage/yikebe/home/research/AR_Crop_Identification/make_dataset/raw_sentinel/pm5/pm5__20201105_20201124__0099	2020-11-19	654495.00000000,3688266.00000000,655263.00000000,3689034.00000000
train	010704	lower__20201119_160558_46_2271_3B_AnalyticMS_SR_8b_clip	pm5__20201105_20201124__0099	/scrfs/storage/yikebe/home/research/AR_Crop_Identification/make_dataset/raw_sentinel/pm5/pm5__20201105_20201124__0099	2020-11-19	652959.00000000,3687498.00000000,653727.00000000,3688266.00000000
train	010720	lower__20201119_165107_57_240f_3B_AnalyticMS_SR_8b_clip	pm5__20201105_20201124__0119	/scrfs/storage/yikebe/home/research/AR_Crop_Identification/make_dataset/raw_sentinel/pm5/pm5__20201105_20201124__0119	2020-11-21	726855.00000000,3781011.00000000,727623.00000000,3781779.00000000
train	010736	lower__20201119_165107_57_240f_3B_AnalyticMS_SR_8b_clip	pm5__20201105_20201124__0119	/scrfs/storage/yikebe/home/research/AR_Crop_Identification/make_dataset/raw_sentinel/pm5/pm5__20201105_20201124__0119	2020-11-21	729159.00000000,3776403.00000000,729927.00000000,3777171.00000000
train	010752	lower__20201119_165213_49_225b_3B_AnalyticMS_SR_8b_clip	pm5__20201105_20201124__0132	/scrfs/storage/yikebe/home/research/AR_Crop_Identification/make_dataset/raw_sentinel/pm5/pm5__20201105_20201124__0132	2020-11-21	741519.00000000,3726906.00000000,742287.00000000,3727674.00000000
train	010768	lower__20201119_165213_49_225b_3B_AnalyticMS_SR_8b_clip	pm5__20201105_20201124__0132	/scrfs/storage/yikebe/home/research/AR_Crop_Identification/make_dataset/raw_sentinel/pm5/pm5__20201105_20201124__0132	2020-11-21	741519.00000000,3726138.00000000,742287.00000000,3726906.00000000
train	010784	lower__20201119_165213_49_225b_3B_AnalyticMS_SR_8b_clip	pm5__20201105_20201124__0132	/scrfs/storage/yikebe/home/research/AR_Crop_Identification/make_dataset/raw_sentinel/pm5/pm5__20201105_20201124__0132	2020-11-21	741519.00000000,3725370.00000000,742287.00000000,3726138.00000000
train	010800	lower__20201119_165213_49_225b_3B_AnalyticMS_SR_8b_clip	pm5__20201105_20201124__0132	/scrfs/storage/yikebe/home/research/AR_Crop_Identification/make_dataset/raw_sentinel/pm5/pm5__20201105_20201124__0132	2020-11-21	744591.00000000,3724602.00000000,745359.00000000,3725370.00000000
train	010816	lower__20201119_165213_49_225b_3B_AnalyticMS_SR_8b_clip	pm5__20201105_20201124__0132	/scrfs/storage/yikebe/home/research/AR_Crop_Identification/make_dataset/raw_sentinel/pm5/pm5__20201105_20201124__0132	2020-11-21	753039.00000000,3724602.00000000,753807.00000000,3725370.00000000
train	010832	lower__20201119_165213_49_225b_3B_AnalyticMS_SR_8b_clip	pm5__20201105_20201124__0132	/scrfs/storage/yikebe/home/research/AR_Crop_Identification/make_dataset/raw_sentinel/pm5/pm5__20201105_20201124__0132	2020-11-21	752271.00000000,3723834.00000000,753039.00000000,3724602.00000000
train	010848	lower__20201119_165213_49_225b_3B_AnalyticMS_SR_8b_clip	pm5__20201105_20201124__0132	/scrfs/storage/yikebe/home/research/AR_Crop_Identification/make_dataset/raw_sentinel/pm5/pm5__20201105_20201124__0132	2020-11-21	753807.00000000,3723834.00000000,754575.00000000,3724602.00000000
train	010864	lower__20201119_165213_49_225b_3B_AnalyticMS_SR_8b_clip	pm5__20201105_20201124__0132	/scrfs/storage/yikebe/home/research/AR_Crop_Identification/make_dataset/raw_sentinel/pm5/pm5__20201105_20201124__0132	2020-11-21	752271.00000000,3723066.00000000,753039.00000000,3723834.00000000
train	010880	lower__20201119_165213_49_225b_3B_AnalyticMS_SR_8b_clip	pm5__20201105_20201124__0132	/scrfs/storage/yikebe/home/research/AR_Crop_Identification/make_dataset/raw_sentinel/pm5/pm5__20201105_20201124__0132	2020-11-21	753039.00000000,3723066.00000000,753807.00000000,3723834.00000000
train	010896	lower__20201119_165213_49_225b_3B_AnalyticMS_SR_8b_clip	pm5__20201105_20201124__0132	/scrfs/storage/yikebe/home/research/AR_Crop_Identification/make_dataset/raw_sentinel/pm5/pm5__20201105_20201124__0132	2020-11-21	741519.00000000,3722298.00000000,742287.00000000,3723066.00000000
train	010912	lower__20201119_165213_49_225b_3B_AnalyticMS_SR_8b_clip	pm5__20201105_20201124__0132	/scrfs/storage/yikebe/home/research/AR_Crop_Identification/make_dataset/raw_sentinel/pm5/pm5__20201105_20201124__0132	2020-11-21	752271.00000000,3722298.00000000,753039.00000000,3723066.00000000
train	010928	lower__20201119_165213_49_225b_3B_AnalyticMS_SR_8b_clip	pm5__20201105_20201124__0132	/scrfs/storage/yikebe/home/research/AR_Crop_Identification/make_dataset/raw_sentinel/pm5/pm5__20201105_20201124__0132	2020-11-21	753039.00000000,3722298.00000000,753807.00000000,3723066.00000000
train	010944	lower__20201119_165213_49_225b_3B_AnalyticMS_SR_8b_clip	pm5__20201105_20201124__0132	/scrfs/storage/yikebe/home/research/AR_Crop_Identification/make_dataset/raw_sentinel/pm5/pm5__20201105_20201124__0132	2020-11-21	741519.00000000,3721530.00000000,742287.00000000,3722298.00000000
train	010960	lower__20201119_165213_49_225b_3B_AnalyticMS_SR_8b_clip	pm5__20201105_20201124__0132	/scrfs/storage/yikebe/home/research/AR_Crop_Identification/make_dataset/raw_sentinel/pm5/pm5__20201105_20201124__0132	2020-11-21	741519.00000000,3720762.00000000,742287.00000000,3721530.00000000
train	010976	lower__20201119_165213_49_225b_3B_AnalyticMS_SR_8b_clip	pm5__20201105_20201124__0132	/scrfs/storage/yikebe/home/research/AR_Crop_Identification/make_dataset/raw_sentinel/pm5/pm5__20201105_20201124__0132	2020-11-21	749967.00000000,3720762.00000000,750735.00000000,3721530.00000000
train	010992	lower__20201119_165213_49_225b_3B_AnalyticMS_SR_8b_clip	pm5__20201105_20201124__0132	/scrfs/storage/yikebe/home/research/AR_Crop_Identification/make_dataset/raw_sentinel/pm5/pm5__20201105_20201124__0132	2020-11-21	753807.00000000,3720762.00000000,754575.00000000,3721530.00000000
train	011008	lower__20201119_165213_49_225b_3B_AnalyticMS_SR_8b_clip	pm5__20201105_20201124__0132	/scrfs/storage/yikebe/home/research/AR_Crop_Identification/make_dataset/raw_sentinel/pm5/pm5__20201105_20201124__0132	2020-11-21	742287.00000000,3719994.00000000,743055.00000000,3720762.00000000
train	011024	lower__20201119_165213_49_225b_3B_AnalyticMS_SR_8b_clip	pm5__20201105_20201124__0132	/scrfs/storage/yikebe/home/research/AR_Crop_Identification/make_dataset/raw_sentinel/pm5/pm5__20201105_20201124__0132	2020-11-21	743823.00000000,3719994.00000000,744591.00000000,3720762.00000000
train	011040	lower__20201119_165213_49_225b_3B_AnalyticMS_SR_8b_clip	pm5__20201105_20201124__0132	/scrfs/storage/yikebe/home/research/AR_Crop_Identification/make_dataset/raw_sentinel/pm5/pm5__20201105_20201124__0132	2020-11-21	751503.00000000,3719994.00000000,752271.00000000,3720762.00000000
train	011056	lower__20201119_165213_49_225b_3B_AnalyticMS_SR_8b_clip	pm5__20201105_20201124__0132	/scrfs/storage/yikebe/home/research/AR_Crop_Identification/make_dataset/raw_sentinel/pm5/pm5__20201105_20201124__0132	2020-11-21	743823.00000000,3719226.00000000,744591.00000000,3719994.00000000
train	011072	lower__20201119_165213_49_225b_3B_AnalyticMS_SR_8b_clip	pm5__20201105_20201124__0132	/scrfs/storage/yikebe/home/research/AR_Crop_Identification/make_dataset/raw_sentinel/pm5/pm5__20201105_20201124__0132	2020-11-21	744591.00000000,3719226.00000000,745359.00000000,3719994.00000000
train	011088	lower__20201119_165213_49_225b_3B_AnalyticMS_SR_8b_clip	pm5__20201105_20201124__0132	/scrfs/storage/yikebe/home/research/AR_Crop_Identification/make_dataset/raw_sentinel/pm5/pm5__20201105_20201124__0132	2020-11-21	745359.00000000,3719226.00000000,746127.00000000,3719994.00000000
train	011104	lower__20201119_165213_49_225b_3B_AnalyticMS_SR_8b_clip	pm5__20201105_20201124__0132	/scrfs/storage/yikebe/home/research/AR_Crop_Identification/make_dataset/raw_sentinel/pm5/pm5__20201105_20201124__0132	2020-11-21	751503.00000000,3719226.00000000,752271.00000000,3719994.00000000
train	011120	lower__20201119_165213_49_225b_3B_AnalyticMS_SR_8b_clip	pm5__20201105_20201124__0132	/scrfs/storage/yikebe/home/research/AR_Crop_Identification/make_dataset/raw_sentinel/pm5/pm5__20201105_20201124__0132	2020-11-21	756879.00000000,3719226.00000000,757647.00000000,3719994.00000000
train	011136	lower__20201119_165213_49_225b_3B_AnalyticMS_SR_8b_clip	pm5__20201105_20201124__0132	/scrfs/storage/yikebe/home/research/AR_Crop_Identification/make_dataset/raw_sentinel/pm5/pm5__20201105_20201124__0132	2020-11-21	739983.00000000,3718458.00000000,740751.00000000,3719226.00000000
train	011152	lower__20201119_165213_49_225b_3B_AnalyticMS_SR_8b_clip	pm5__20201105_20201124__0132	/scrfs/storage/yikebe/home/research/AR_Crop_Identification/make_dataset/raw_sentinel/pm5/pm5__20201105_20201124__0132	2020-11-21	745359.00000000,3718458.00000000,746127.00000000,3719226.00000000
train	011168	lower__20201119_165213_49_225b_3B_AnalyticMS_SR_8b_clip	pm5__20201105_20201124__0132	/scrfs/storage/yikebe/home/research/AR_Crop_Identification/make_dataset/raw_sentinel/pm5/pm5__20201105_20201124__0132	2020-11-21	746127.00000000,3718458.00000000,746895.00000000,3719226.00000000
train	011184	lower__20201119_165213_49_225b_3B_AnalyticMS_SR_8b_clip	pm5__20201105_20201124__0132	/scrfs/storage/yikebe/home/research/AR_Crop_Identification/make_dataset/raw_sentinel/pm5/pm5__20201105_20201124__0132	2020-11-21	729231.00000000,3717690.00000000,729999.00000000,3718458.00000000
train	011200	lower__20201119_165213_49_225b_3B_AnalyticMS_SR_8b_clip	pm5__20201105_20201124__0132	/scrfs/storage/yikebe/home/research/AR_Crop_Identification/make_dataset/raw_sentinel/pm5/pm5__20201105_20201124__0132	2020-11-21	746895.00000000,3717690.00000000,747663.00000000,3718458.00000000
train	011216	lower__20201119_165213_49_225b_3B_AnalyticMS_SR_8b_clip	pm5__20201105_20201124__0132	/scrfs/storage/yikebe/home/research/AR_Crop_Identification/make_dataset/raw_sentinel/pm5/pm5__20201105_20201124__0132	2020-11-21	757647.00000000,3717690.00000000,758415.00000000,3718458.00000000
train	011232	lower__20201119_165213_49_225b_3B_AnalyticMS_SR_8b_clip	pm5__20201105_20201124__0132	/scrfs/storage/yikebe/home/research/AR_Crop_Identification/make_dataset/raw_sentinel/pm5/pm5__20201105_20201124__0132	2020-11-21	729231.00000000,3716922.00000000,729999.00000000,3717690.00000000
train	011248	lower__20201119_165213_49_225b_3B_AnalyticMS_SR_8b_clip	pm5__20201105_20201124__0132	/scrfs/storage/yikebe/home/research/AR_Crop_Identification/make_dataset/raw_sentinel/pm5/pm5__20201105_20201124__0132	2020-11-21	729999.00000000,3716922.00000000,730767.00000000,3717690.00000000
train	011264	lower__20201119_165213_49_225b_3B_AnalyticMS_SR_8b_clip	pm5__20201105_20201124__0132	/scrfs/storage/yikebe/home/research/AR_Crop_Identification/make_dataset/raw_sentinel/pm5/pm5__20201105_20201124__0132	2020-11-21	755343.00000000,3716922.00000000,756111.00000000,3717690.00000000
train	011280	lower__20201119_165213_49_225b_3B_AnalyticMS_SR_8b_clip	pm5__20201105_20201124__0132	/scrfs/storage/yikebe/home/research/AR_Crop_Identification/make_dataset/raw_sentinel/pm5/pm5__20201105_20201124__0132	2020-11-21	730767.00000000,3716154.00000000,731535.00000000,3716922.00000000
train	011296	lower__20201119_165213_49_225b_3B_AnalyticMS_SR_8b_clip	pm5__20201105_20201124__0132	/scrfs/storage/yikebe/home/research/AR_Crop_Identification/make_dataset/raw_sentinel/pm5/pm5__20201105_20201124__0132	2020-11-21	731535.00000000,3716154.00000000,732303.00000000,3716922.00000000
train	011312	lower__20201119_165213_49_225b_3B_AnalyticMS_SR_8b_clip	pm5__20201105_20201124__0132	/scrfs/storage/yikebe/home/research/AR_Crop_Identification/make_dataset/raw_sentinel/pm5/pm5__20201105_20201124__0132	2020-11-21	734607.00000000,3716154.00000000,735375.00000000,3716922.00000000
train	011328	lower__20201119_165213_49_225b_3B_AnalyticMS_SR_8b_clip	pm5__20201105_20201124__0132	/scrfs/storage/yikebe/home/research/AR_Crop_Identification/make_dataset/raw_sentinel/pm5/pm5__20201105_20201124__0132	2020-11-21	749199.00000000,3716154.00000000,749967.00000000,3716922.00000000
train	011344	lower__20201119_165213_49_225b_3B_AnalyticMS_SR_8b_clip	pm5__20201105_20201124__0132	/scrfs/storage/yikebe/home/research/AR_Crop_Identification/make_dataset/raw_sentinel/pm5/pm5__20201105_20201124__0132	2020-11-21	749967.00000000,3716154.00000000,750735.00000000,3716922.00000000
train	011360	lower__20201119_165213_49_225b_3B_AnalyticMS_SR_8b_clip	pm5__20201105_20201124__0132	/scrfs/storage/yikebe/home/research/AR_Crop_Identification/make_dataset/raw_sentinel/pm5/pm5__20201105_20201124__0132	2020-11-21	730767.00000000,3715386.00000000,731535.00000000,3716154.00000000
train	011376	lower__20201119_165213_49_225b_3B_AnalyticMS_SR_8b_clip	pm5__20201105_20201124__0132	/scrfs/storage/yikebe/home/research/AR_Crop_Identification/make_dataset/raw_sentinel/pm5/pm5__20201105_20201124__0132	2020-11-21	731535.00000000,3715386.00000000,732303.00000000,3716154.00000000
train	011392	lower__20201119_165213_49_225b_3B_AnalyticMS_SR_8b_clip	pm5__20201105_20201124__0132	/scrfs/storage/yikebe/home/research/AR_Crop_Identification/make_dataset/raw_sentinel/pm5/pm5__20201105_20201124__0132	2020-11-21	733839.00000000,3715386.00000000,734607.00000000,3716154.00000000
train	011408	lower__20201119_165213_49_225b_3B_AnalyticMS_SR_8b_clip	pm5__20201105_20201124__0132	/scrfs/storage/yikebe/home/research/AR_Crop_Identification/make_dataset/raw_sentinel/pm5/pm5__20201105_20201124__0132	2020-11-21	734607.00000000,3715386.00000000,735375.00000000,3716154.00000000
train	011424	lower__20201119_165213_49_225b_3B_AnalyticMS_SR_8b_clip	pm5__20201105_20201124__0132	/scrfs/storage/yikebe/home/research/AR_Crop_Identification/make_dataset/raw_sentinel/pm5/pm5__20201105_20201124__0132	2020-11-21	749199.00000000,3715386.00000000,749967.00000000,3716154.00000000
train	011440	lower__20201119_165213_49_225b_3B_AnalyticMS_SR_8b_clip	pm5__20201105_20201124__0132	/scrfs/storage/yikebe/home/research/AR_Crop_Identification/make_dataset/raw_sentinel/pm5/pm5__20201105_20201124__0132	2020-11-21	749967.00000000,3715386.00000000,750735.00000000,3716154.00000000
train	011456	lower__20201119_165213_49_225b_3B_AnalyticMS_SR_8b_clip	pm5__20201105_20201124__0132	/scrfs/storage/yikebe/home/research/AR_Crop_Identification/make_dataset/raw_sentinel/pm5/pm5__20201105_20201124__0132	2020-11-21	730767.00000000,3714618.00000000,731535.00000000,3715386.00000000
train	011472	lower__20201119_165213_49_225b_3B_AnalyticMS_SR_8b_clip	pm5__20201105_20201124__0132	/scrfs/storage/yikebe/home/research/AR_Crop_Identification/make_dataset/raw_sentinel/pm5/pm5__20201105_20201124__0132	2020-11-21	731535.00000000,3714618.00000000,732303.00000000,3715386.00000000
train	011488	lower__20201119_165213_49_225b_3B_AnalyticMS_SR_8b_clip	pm5__20201105_20201124__0132	/scrfs/storage/yikebe/home/research/AR_Crop_Identification/make_dataset/raw_sentinel/pm5/pm5__20201105_20201124__0132	2020-11-21	734607.00000000,3714618.00000000,735375.00000000,3715386.00000000
train	011504	lower__20201119_165213_49_225b_3B_AnalyticMS_SR_8b_clip	pm5__20201105_20201124__0132	/scrfs/storage/yikebe/home/research/AR_Crop_Identification/make_dataset/raw_sentinel/pm5/pm5__20201105_20201124__0132	2020-11-21	731535.00000000,3713850.00000000,732303.00000000,3714618.00000000
train	011520	lower__20201119_165213_49_225b_3B_AnalyticMS_SR_8b_clip	pm5__20201105_20201124__0132	/scrfs/storage/yikebe/home/research/AR_Crop_Identification/make_dataset/raw_sentinel/pm5/pm5__20201105_20201124__0132	2020-11-21	733071.00000000,3713850.00000000,733839.00000000,3714618.00000000
train	011536	lower__20201119_165213_49_225b_3B_AnalyticMS_SR_8b_clip	pm5__20201105_20201124__0132	/scrfs/storage/yikebe/home/research/AR_Crop_Identification/make_dataset/raw_sentinel/pm5/pm5__20201105_20201124__0132	2020-11-21	731535.00000000,3713082.00000000,732303.00000000,3713850.00000000
train	011552	lower__20201119_165213_49_225b_3B_AnalyticMS_SR_8b_clip	pm5__20201105_20201124__0132	/scrfs/storage/yikebe/home/research/AR_Crop_Identification/make_dataset/raw_sentinel/pm5/pm5__20201105_20201124__0132	2020-11-21	733839.00000000,3713082.00000000,734607.00000000,3713850.00000000
train	011568	lower__20201119_165213_49_225b_3B_AnalyticMS_SR_8b_clip	pm5__20201105_20201124__0132	/scrfs/storage/yikebe/home/research/AR_Crop_Identification/make_dataset/raw_sentinel/pm5/pm5__20201105_20201124__0132	2020-11-21	735375.00000000,3713082.00000000,736143.00000000,3713850.00000000
train	011584	lower__20201119_165213_49_225b_3B_AnalyticMS_SR_8b_clip	pm5__20201105_20201124__0132	/scrfs/storage/yikebe/home/research/AR_Crop_Identification/make_dataset/raw_sentinel/pm5/pm5__20201105_20201124__0132	2020-11-21	727695.00000000,3712314.00000000,728463.00000000,3713082.00000000
train	011600	lower__20201119_165213_49_225b_3B_AnalyticMS_SR_8b_clip	pm5__20201105_20201124__0132	/scrfs/storage/yikebe/home/research/AR_Crop_Identification/make_dataset/raw_sentinel/pm5/pm5__20201105_20201124__0132	2020-11-21	728463.00000000,3711546.00000000,729231.00000000,3712314.00000000
train	011616	lower__20201119_165213_49_225b_3B_AnalyticMS_SR_8b_clip	pm5__20201105_20201124__0132	/scrfs/storage/yikebe/home/research/AR_Crop_Identification/make_dataset/raw_sentinel/pm5/pm5__20201105_20201124__0132	2020-11-21	743823.00000000,3710778.00000000,744591.00000000,3711546.00000000
train	011632	lower__20201119_165213_49_225b_3B_AnalyticMS_SR_8b_clip	pm5__20201105_20201124__0132	/scrfs/storage/yikebe/home/research/AR_Crop_Identification/make_dataset/raw_sentinel/pm5/pm5__20201105_20201124__0132	2020-11-21	749967.00000000,3710778.00000000,750735.00000000,3711546.00000000
train	011648	lower__20201119_165213_49_225b_3B_AnalyticMS_SR_8b_clip	pm5__20201105_20201124__0132	/scrfs/storage/yikebe/home/research/AR_Crop_Identification/make_dataset/raw_sentinel/pm5/pm5__20201105_20201124__0132	2020-11-21	725391.00000000,3710010.00000000,726159.00000000,3710778.00000000
train	011664	lower__20201119_165213_49_225b_3B_AnalyticMS_SR_8b_clip	pm5__20201105_20201124__0132	/scrfs/storage/yikebe/home/research/AR_Crop_Identification/make_dataset/raw_sentinel/pm5/pm5__20201105_20201124__0132	2020-11-21	726159.00000000,3710010.00000000,726927.00000000,3710778.00000000
train	011680	lower__20201119_165213_49_225b_3B_AnalyticMS_SR_8b_clip	pm5__20201105_20201124__0132	/scrfs/storage/yikebe/home/research/AR_Crop_Identification/make_dataset/raw_sentinel/pm5/pm5__20201105_20201124__0132	2020-11-21	733839.00000000,3710010.00000000,734607.00000000,3710778.00000000
train	011696	lower__20201119_165213_49_225b_3B_AnalyticMS_SR_8b_clip	pm5__20201105_20201124__0132	/scrfs/storage/yikebe/home/research/AR_Crop_Identification/make_dataset/raw_sentinel/pm5/pm5__20201105_20201124__0132	2020-11-21	743823.00000000,3710010.00000000,744591.00000000,3710778.00000000
train	011712	lower__20201119_165213_49_225b_3B_AnalyticMS_SR_8b_clip	pm5__20201105_20201124__0132	/scrfs/storage/yikebe/home/research/AR_Crop_Identification/make_dataset/raw_sentinel/pm5/pm5__20201105_20201124__0132	2020-11-21	744591.00000000,3710010.00000000,745359.00000000,3710778.00000000
train	011728	lower__20201119_165213_49_225b_3B_AnalyticMS_SR_8b_clip	pm5__20201105_20201124__0132	/scrfs/storage/yikebe/home/research/AR_Crop_Identification/make_dataset/raw_sentinel/pm5/pm5__20201105_20201124__0132	2020-11-21	751503.00000000,3710010.00000000,752271.00000000,3710778.00000000
train	011744	lower__20201119_165213_49_225b_3B_AnalyticMS_SR_8b_clip	pm5__20201105_20201124__0132	/scrfs/storage/yikebe/home/research/AR_Crop_Identification/make_dataset/raw_sentinel/pm5/pm5__20201105_20201124__0132	2020-11-21	727695.00000000,3709242.00000000,728463.00000000,3710010.00000000
train	011760	lower__20201119_165213_49_225b_3B_AnalyticMS_SR_8b_clip	pm5__20201105_20201124__0132	/scrfs/storage/yikebe/home/research/AR_Crop_Identification/make_dataset/raw_sentinel/pm5/pm5__20201105_20201124__0132	2020-11-21	733839.00000000,3709242.00000000,734607.00000000,3710010.00000000
train	011776	lower__20201119_165213_49_225b_3B_AnalyticMS_SR_8b_clip	pm5__20201105_20201124__0132	/scrfs/storage/yikebe/home/research/AR_Crop_Identification/make_dataset/raw_sentinel/pm5/pm5__20201105_20201124__0132	2020-11-21	742287.00000000,3709242.00000000,743055.00000000,3710010.00000000
train	011792	lower__20201119_165213_49_225b_3B_AnalyticMS_SR_8b_clip	pm5__20201105_20201124__0132	/scrfs/storage/yikebe/home/research/AR_Crop_Identification/make_dataset/raw_sentinel/pm5/pm5__20201105_20201124__0132	2020-11-21	742287.00000000,3708474.00000000,743055.00000000,3709242.00000000
train	011808	lower__20201119_165213_49_225b_3B_AnalyticMS_SR_8b_clip	pm5__20201105_20201124__0132	/scrfs/storage/yikebe/home/research/AR_Crop_Identification/make_dataset/raw_sentinel/pm5/pm5__20201105_20201124__0132	2020-11-21	731535.00000000,3707706.00000000,732303.00000000,3708474.00000000
train	011824	lower__20201119_165213_49_225b_3B_AnalyticMS_SR_8b_clip	pm5__20201105_20201124__0132	/scrfs/storage/yikebe/home/research/AR_Crop_Identification/make_dataset/raw_sentinel/pm5/pm5__20201105_20201124__0132	2020-11-21	732303.00000000,3707706.00000000,733071.00000000,3708474.00000000
train	011840	lower__20201119_165213_49_225b_3B_AnalyticMS_SR_8b_clip	pm5__20201105_20201124__0132	/scrfs/storage/yikebe/home/research/AR_Crop_Identification/make_dataset/raw_sentinel/pm5/pm5__20201105_20201124__0132	2020-11-21	742287.00000000,3707706.00000000,743055.00000000,3708474.00000000
train	011856	lower__20201119_165213_49_225b_3B_AnalyticMS_SR_8b_clip	pm5__20201105_20201124__0132	/scrfs/storage/yikebe/home/research/AR_Crop_Identification/make_dataset/raw_sentinel/pm5/pm5__20201105_20201124__0132	2020-11-21	748431.00000000,3707706.00000000,749199.00000000,3708474.00000000
train	011872	lower__20201119_165213_49_225b_3B_AnalyticMS_SR_8b_clip	pm5__20201105_20201124__0132	/scrfs/storage/yikebe/home/research/AR_Crop_Identification/make_dataset/raw_sentinel/pm5/pm5__20201105_20201124__0132	2020-11-21	748431.00000000,3706938.00000000,749199.00000000,3707706.00000000
train	011888	lower__20201119_165213_49_225b_3B_AnalyticMS_SR_8b_clip	pm5__20201105_20201124__0132	/scrfs/storage/yikebe/home/research/AR_Crop_Identification/make_dataset/raw_sentinel/pm5/pm5__20201105_20201124__0132	2020-11-21	741519.00000000,3706170.00000000,742287.00000000,3706938.00000000
train	011904	lower__20201119_165213_49_225b_3B_AnalyticMS_SR_8b_clip	pm5__20201105_20201124__0132	/scrfs/storage/yikebe/home/research/AR_Crop_Identification/make_dataset/raw_sentinel/pm5/pm5__20201105_20201124__0132	2020-11-21	742287.00000000,3706170.00000000,743055.00000000,3706938.00000000
