scene_id	source_side	planet_date	year_month	planet_path	reason	available_stage_count	available_stages	available_candidate_count	best_candidate_date	best_candidate_day_diff
lower__20200326_160131_11_2277_3B_AnalyticMS_SR_8b_clip	lower	2020-03-26	2020-03	/scrfs/storage/thanyu/home/data/analytic_8b_sr_udm2/Lower/2020_03_cf5b8a65-366f-4b70-946f-44166d008371/cf5b8a65-366f-4b70-946f-44166d008371/PSScene/20200326_160131_11_2277_3B_AnalyticMS_SR_8b_clip.tif	empty_patch	1	pm5	4	2020-03-26	0
lower__20200712_155912_18_2271_3B_AnalyticMS_SR_8b_clip	lower	2020-07-12	2020-07	/scrfs/storage/thanyu/home/data/analytic_8b_sr_udm2/Lower/2020_07_fa1621d8-017b-4bb1-9d9f-030250057dab/fa1621d8-017b-4bb1-9d9f-030250057dab/PSScene/20200712_155912_18_2271_3B_AnalyticMS_SR_8b_clip.tif	empty_patch	1	pm5	2	2020-07-14	2
lower__20200717_160351_01_2271_3B_AnalyticMS_SR_8b_clip	lower	2020-07-17	2020-07	/scrfs/storage/thanyu/home/data/analytic_8b_sr_udm2/Lower/2020_07_fa1621d8-017b-4bb1-9d9f-030250057dab/fa1621d8-017b-4bb1-9d9f-030250057dab/PSScene/20200717_160351_01_2271_3B_AnalyticMS_SR_8b_clip.tif	empty_patch	1	pm5	5	2020-07-17	0
lower__20200914_165148_87_2307_3B_AnalyticMS_SR_8b_clip	lower	2020-09-14	2020-09	/scrfs/storage/thanyu/home/data/analytic_8b_sr_udm2/Lower/2020_09_81157e7e-4169-49ad-8e40-ecee46d8a07e/81157e7e-4169-49ad-8e40-ecee46d8a07e/PSScene/20200914_165148_87_2307_3B_AnalyticMS_SR_8b_clip.tif	empty_patch	1	pm5	2	2020-09-12	2
lower__20200915_160318_13_222f_3B_AnalyticMS_SR_8b_clip	lower	2020-09-15	2020-09	/scrfs/storage/thanyu/home/data/analytic_8b_sr_udm2/Lower/2020_09_81157e7e-4169-49ad-8e40-ecee46d8a07e/81157e7e-4169-49ad-8e40-ecee46d8a07e/PSScene/20200915_160318_13_222f_3B_AnalyticMS_SR_8b_clip.tif	empty_patch	1	pm5	2	2020-09-17	2
lower__20200919_155908_63_220b_3B_AnalyticMS_SR_8b_clip	lower	2020-09-19	2020-09	/scrfs/storage/thanyu/home/data/analytic_8b_sr_udm2/Lower/2020_09_81157e7e-4169-49ad-8e40-ecee46d8a07e/81157e7e-4169-49ad-8e40-ecee46d8a07e/PSScene/20200919_155908_63_220b_3B_AnalyticMS_SR_8b_clip.tif	empty_patch	1	pm5	2	2020-09-17	2
lower__20201110_161002_42_2279_3B_AnalyticMS_SR_8b_clip	lower	2020-11-10	2020-11	/scrfs/storage/thanyu/home/data/analytic_8b_sr_udm2/Lower/2020_11_cc31b59f-00b7-4460-b59c-69397cbac98c/cc31b59f-00b7-4460-b59c-69397cbac98c/PSScene/20201110_161002_42_2279_3B_AnalyticMS_SR_8b_clip.tif	empty_patch	1	pm5	4	2020-11-09	1
lower__20201111_161246_04_2441_3B_AnalyticMS_SR_8b_clip	lower	2020-11-11	2020-11	/scrfs/storage/thanyu/home/data/analytic_8b_sr_udm2/Lower/2020_11_cc31b59f-00b7-4460-b59c-69397cbac98c/cc31b59f-00b7-4460-b59c-69397cbac98c/PSScene/20201111_161246_04_2441_3B_AnalyticMS_SR_8b_clip.tif	empty_patch	1	pm5	4	2020-11-11	0
lower__20201112_155504_64_220b_3B_AnalyticMS_SR_8b_clip	lower	2020-11-12	2020-11	/scrfs/storage/thanyu/home/data/analytic_8b_sr_udm2/Lower/2020_11_b0121492-7902-41de-9b36-dc9af277c715/b0121492-7902-41de-9b36-dc9af277c715/PSScene/20201112_155504_64_220b_3B_AnalyticMS_SR_8b_clip.tif	empty_patch	1	pm5	1	2020-11-11	1
lower__20201112_164755_71_240a_3B_AnalyticMS_SR_8b_clip	lower	2020-11-12	2020-11	/scrfs/storage/thanyu/home/data/analytic_8b_sr_udm2/Lower/2020_11_cc31b59f-00b7-4460-b59c-69397cbac98c/cc31b59f-00b7-4460-b59c-69397cbac98c/PSScene/20201112_164755_71_240a_3B_AnalyticMS_SR_8b_clip.tif	no_overlap	1	pm5	1	2020-11-11	1
lower__20201112_165511_18_2412_3B_AnalyticMS_SR_8b_clip	lower	2020-11-12	2020-11	/scrfs/storage/thanyu/home/data/analytic_8b_sr_udm2/Lower/2020_11_b0121492-7902-41de-9b36-dc9af277c715/b0121492-7902-41de-9b36-dc9af277c715/PSScene/20201112_165511_18_2412_3B_AnalyticMS_SR_8b_clip.tif	empty_patch	1	pm5	3	2020-11-11	1
lower__20201112_165806_08_227c_3B_AnalyticMS_SR_8b_clip	lower	2020-11-12	2020-11	/scrfs/storage/thanyu/home/data/analytic_8b_sr_udm2/Lower/2020_11_b0121492-7902-41de-9b36-dc9af277c715/b0121492-7902-41de-9b36-dc9af277c715/PSScene/20201112_165806_08_227c_3B_AnalyticMS_SR_8b_clip.tif	empty_patch	1	pm5	3	2020-11-11	1
lower__20201113_155654_97_2235_3B_AnalyticMS_SR_8b_clip	lower	2020-11-13	2020-11	/scrfs/storage/thanyu/home/data/analytic_8b_sr_udm2/Lower/2020_11_b0121492-7902-41de-9b36-dc9af277c715/b0121492-7902-41de-9b36-dc9af277c715/PSScene/20201113_155654_97_2235_3B_AnalyticMS_SR_8b_clip.tif	empty_patch	1	pm5	1	2020-11-11	2
lower__20201115_160235_00_2259_3B_AnalyticMS_SR_8b_clip	lower	2020-11-15	2020-11	/scrfs/storage/thanyu/home/data/analytic_8b_sr_udm2/Lower/2020_11_b0121492-7902-41de-9b36-dc9af277c715/b0121492-7902-41de-9b36-dc9af277c715/PSScene/20201115_160235_00_2259_3B_AnalyticMS_SR_8b_clip.tif	empty_patch	1	pm5	1	2020-11-11	4
lower__20201115_165244_52_241c_3B_AnalyticMS_SR_8b_clip	lower	2020-11-15	2020-11	/scrfs/storage/thanyu/home/data/analytic_8b_sr_udm2/Lower/2020_11_b0121492-7902-41de-9b36-dc9af277c715/b0121492-7902-41de-9b36-dc9af277c715/PSScene/20201115_165244_52_241c_3B_AnalyticMS_SR_8b_clip.tif	empty_patch	1	pm5	1	2020-11-11	4
lower__20201117_160006_51_2304_3B_AnalyticMS_SR_8b_clip	lower	2020-11-17	2020-11	/scrfs/storage/thanyu/home/data/analytic_8b_sr_udm2/Lower/2020_11_cc31b59f-00b7-4460-b59c-69397cbac98c/cc31b59f-00b7-4460-b59c-69397cbac98c/PSScene/20201117_160006_51_2304_3B_AnalyticMS_SR_8b_clip.tif	empty_patch	1	pm5	1	2020-11-21	4
lower__20201117_160523_59_2280_3B_AnalyticMS_SR_8b_clip	lower	2020-11-17	2020-11	/scrfs/storage/thanyu/home/data/analytic_8b_sr_udm2/Lower/2020_11_cc31b59f-00b7-4460-b59c-69397cbac98c/cc31b59f-00b7-4460-b59c-69397cbac98c/PSScene/20201117_160523_59_2280_3B_AnalyticMS_SR_8b_clip.tif	empty_patch	1	pm5	1	2020-11-21	4
lower__20201117_160602_89_2235_3B_AnalyticMS_SR_8b_clip	lower	2020-11-17	2020-11	/scrfs/storage/thanyu/home/data/analytic_8b_sr_udm2/Lower/2020_11_cc31b59f-00b7-4460-b59c-69397cbac98c/cc31b59f-00b7-4460-b59c-69397cbac98c/PSScene/20201117_160602_89_2235_3B_AnalyticMS_SR_8b_clip.tif	empty_patch	1	pm5	3	2020-11-19	2
lower__20201118_161213_78_2262_3B_AnalyticMS_SR_8b_clip	lower	2020-11-18	2020-11	/scrfs/storage/thanyu/home/data/analytic_8b_sr_udm2/Lower/2020_11_cc31b59f-00b7-4460-b59c-69397cbac98c/cc31b59f-00b7-4460-b59c-69397cbac98c/PSScene/20201118_161213_78_2262_3B_AnalyticMS_SR_8b_clip.tif	empty_patch	1	pm5	2	2020-11-19	1
lower__20201118_164955_28_240c_3B_AnalyticMS_SR_8b_clip	lower	2020-11-18	2020-11	/scrfs/storage/thanyu/home/data/analytic_8b_sr_udm2/Lower/2020_11_cc31b59f-00b7-4460-b59c-69397cbac98c/cc31b59f-00b7-4460-b59c-69397cbac98c/PSScene/20201118_164955_28_240c_3B_AnalyticMS_SR_8b_clip.tif	planet_read_error	1	pm5	1	2020-11-21	3
lower__20201118_165936_58_227b_3B_AnalyticMS_SR_8b_clip	lower	2020-11-18	2020-11	/scrfs/storage/thanyu/home/data/analytic_8b_sr_udm2/Lower/2020_11_cc31b59f-00b7-4460-b59c-69397cbac98c/cc31b59f-00b7-4460-b59c-69397cbac98c/PSScene/20201118_165936_58_227b_3B_AnalyticMS_SR_8b_clip.tif	empty_patch	1	pm5	2	2020-11-19	1
lower__20201119_165033_48_227b_3B_AnalyticMS_SR_8b_clip	lower	2020-11-19	2020-11	/scrfs/storage/thanyu/home/data/analytic_8b_sr_udm2/Lower/2020_11_cc31b59f-00b7-4460-b59c-69397cbac98c/cc31b59f-00b7-4460-b59c-69397cbac98c/PSScene/20201119_165033_48_227b_3B_AnalyticMS_SR_8b_clip.tif	empty_patch	1	pm5	1	2020-11-21	2
lower__20201119_165213_49_225b_3B_AnalyticMS_SR_8b_clip	lower	2020-11-19	2020-11	/scrfs/storage/thanyu/home/data/analytic_8b_sr_udm2/Lower/2020_11_cc31b59f-00b7-4460-b59c-69397cbac98c/cc31b59f-00b7-4460-b59c-69397cbac98c/PSScene/20201119_165213_49_225b_3B_AnalyticMS_SR_8b_clip.tif	planet_read_error	1	pm5	1	2020-11-21	2
lower__20201119_165511_65_2416_3B_AnalyticMS_SR_8b_clip	lower	2020-11-19	2020-11	/scrfs/storage/thanyu/home/data/analytic_8b_sr_udm2/Lower/2020_11_cc31b59f-00b7-4460-b59c-69397cbac98c/cc31b59f-00b7-4460-b59c-69397cbac98c/PSScene/20201119_165511_65_2416_3B_AnalyticMS_SR_8b_clip.tif	empty_patch	1	pm5	3	2020-11-19	0
lower__20201119_165821_53_227a_3B_AnalyticMS_SR_8b_clip	lower	2020-11-19	2020-11	/scrfs/storage/thanyu/home/data/analytic_8b_sr_udm2/Lower/2020_11_cc31b59f-00b7-4460-b59c-69397cbac98c/cc31b59f-00b7-4460-b59c-69397cbac98c/PSScene/20201119_165821_53_227a_3B_AnalyticMS_SR_8b_clip.tif	empty_patch	1	pm5	2	2020-11-19	0
lower__20200518_160621_09_2304_3B_AnalyticMS_SR_8b_clip	lower	2020-05-18	2020-05	/scrfs/storage/thanyu/home/data/analytic_8b_sr_udm2/Lower/2020_05_347144c1-6706-4f8a-bb48-becf953da024/347144c1-6706-4f8a-bb48-becf953da024/PSScene/20200518_160621_09_2304_3B_AnalyticMS_SR_8b_clip.tif	empty_patch	1	pm5	4	2020-05-18	0
lower__20200712_155914_37_2271_3B_AnalyticMS_SR_8b_clip	lower	2020-07-12	2020-07	/scrfs/storage/thanyu/home/data/analytic_8b_sr_udm2/Lower/2020_07_fa1621d8-017b-4bb1-9d9f-030250057dab/fa1621d8-017b-4bb1-9d9f-030250057dab/PSScene/20200712_155914_37_2271_3B_AnalyticMS_SR_8b_clip.tif	empty_patch	1	pm5	2	2020-07-14	2
lower__20200717_160353_20_2271_3B_AnalyticMS_SR_8b_clip	lower	2020-07-17	2020-07	/scrfs/storage/thanyu/home/data/analytic_8b_sr_udm2/Lower/2020_07_fa1621d8-017b-4bb1-9d9f-030250057dab/fa1621d8-017b-4bb1-9d9f-030250057dab/PSScene/20200717_160353_20_2271_3B_AnalyticMS_SR_8b_clip.tif	empty_patch	1	pm5	5	2020-07-17	0
lower__20200910_160117_36_222c_3B_AnalyticMS_SR_8b_clip	lower	2020-09-10	2020-09	/scrfs/storage/thanyu/home/data/analytic_8b_sr_udm2/Lower/2020_09_81157e7e-4169-49ad-8e40-ecee46d8a07e/81157e7e-4169-49ad-8e40-ecee46d8a07e/PSScene/20200910_160117_36_222c_3B_AnalyticMS_SR_8b_clip.tif	empty_patch	1	pm5	5	2020-09-10	0
lower__20200914_165151_23_2307_3B_AnalyticMS_SR_8b_clip	lower	2020-09-14	2020-09	/scrfs/storage/thanyu/home/data/analytic_8b_sr_udm2/Lower/2020_09_81157e7e-4169-49ad-8e40-ecee46d8a07e/81157e7e-4169-49ad-8e40-ecee46d8a07e/PSScene/20200914_165151_23_2307_3B_AnalyticMS_SR_8b_clip.tif	empty_patch	1	pm5	2	2020-09-12	2
lower__20200915_160320_48_222f_3B_AnalyticMS_SR_8b_clip	lower	2020-09-15	2020-09	/scrfs/storage/thanyu/home/data/analytic_8b_sr_udm2/Lower/2020_09_81157e7e-4169-49ad-8e40-ecee46d8a07e/81157e7e-4169-49ad-8e40-ecee46d8a07e/PSScene/20200915_160320_48_222f_3B_AnalyticMS_SR_8b_clip.tif	empty_patch	1	pm5	2	2020-09-17	2
lower__20200919_155910_84_220b_3B_AnalyticMS_SR_8b_clip	lower	2020-09-19	2020-09	/scrfs/storage/thanyu/home/data/analytic_8b_sr_udm2/Lower/2020_09_81157e7e-4169-49ad-8e40-ecee46d8a07e/81157e7e-4169-49ad-8e40-ecee46d8a07e/PSScene/20200919_155910_84_220b_3B_AnalyticMS_SR_8b_clip.tif	empty_patch	1	pm5	2	2020-09-17	2
lower__20201111_160638_63_222f_3B_AnalyticMS_SR_8b_clip	lower	2020-11-11	2020-11	/scrfs/storage/thanyu/home/data/analytic_8b_sr_udm2/Lower/2020_11_b0121492-7902-41de-9b36-dc9af277c715/b0121492-7902-41de-9b36-dc9af277c715/PSScene/20201111_160638_63_222f_3B_AnalyticMS_SR_8b_clip.tif	empty_patch	1	pm5	4	2020-11-11	0
lower__20201111_161248_32_2441_3B_AnalyticMS_SR_8b_clip	lower	2020-11-11	2020-11	/scrfs/storage/thanyu/home/data/analytic_8b_sr_udm2/Lower/2020_11_cc31b59f-00b7-4460-b59c-69397cbac98c/cc31b59f-00b7-4460-b59c-69397cbac98c/PSScene/20201111_161248_32_2441_3B_AnalyticMS_SR_8b_clip.tif	empty_patch	1	pm5	2	2020-11-09	2
lower__20201112_155506_85_220b_3B_AnalyticMS_SR_8b_clip	lower	2020-11-12	2020-11	/scrfs/storage/thanyu/home/data/analytic_8b_sr_udm2/Lower/2020_11_b0121492-7902-41de-9b36-dc9af277c715/b0121492-7902-41de-9b36-dc9af277c715/PSScene/20201112_155506_85_220b_3B_AnalyticMS_SR_8b_clip.tif	empty_patch	1	pm5	1	2020-11-11	1
lower__20201112_164758_06_240a_3B_AnalyticMS_SR_8b_clip	lower	2020-11-12	2020-11	/scrfs/storage/thanyu/home/data/analytic_8b_sr_udm2/Lower/2020_11_cc31b59f-00b7-4460-b59c-69397cbac98c/cc31b59f-00b7-4460-b59c-69397cbac98c/PSScene/20201112_164758_06_240a_3B_AnalyticMS_SR_8b_clip.tif	no_overlap	1	pm5	1	2020-11-11	1
lower__20201112_165358_92_2274_3B_AnalyticMS_SR_8b_clip	lower	2020-11-12	2020-11	/scrfs/storage/thanyu/home/data/analytic_8b_sr_udm2/Lower/2020_11_cc31b59f-00b7-4460-b59c-69397cbac98c/cc31b59f-00b7-4460-b59c-69397cbac98c/PSScene/20201112_165358_92_2274_3B_AnalyticMS_SR_8b_clip.tif	planet_read_error	1	pm5	3	2020-11-11	1
lower__20201112_165512_69_2407_3B_AnalyticMS_SR_8b_clip	lower	2020-11-12	2020-11	/scrfs/storage/thanyu/home/data/analytic_8b_sr_udm2/Lower/2020_11_cc31b59f-00b7-4460-b59c-69397cbac98c/cc31b59f-00b7-4460-b59c-69397cbac98c/PSScene/20201112_165512_69_2407_3B_AnalyticMS_SR_8b_clip.tif	empty_patch	1	pm5	3	2020-11-11	1
lower__20201112_165712_68_2405_3B_AnalyticMS_SR_8b_clip	lower	2020-11-12	2020-11	/scrfs/storage/thanyu/home/data/analytic_8b_sr_udm2/Lower/2020_11_cc31b59f-00b7-4460-b59c-69397cbac98c/cc31b59f-00b7-4460-b59c-69397cbac98c/PSScene/20201112_165712_68_2405_3B_AnalyticMS_SR_8b_clip.tif	planet_read_error	1	pm5	3	2020-11-11	1
lower__20201112_165808_43_227c_3B_AnalyticMS_SR_8b_clip	lower	2020-11-12	2020-11	/scrfs/storage/thanyu/home/data/analytic_8b_sr_udm2/Lower/2020_11_b0121492-7902-41de-9b36-dc9af277c715/b0121492-7902-41de-9b36-dc9af277c715/PSScene/20201112_165808_43_227c_3B_AnalyticMS_SR_8b_clip.tif	empty_patch	1	pm5	3	2020-11-11	1
lower__20201115_160536_96_222c_3B_AnalyticMS_SR_8b_clip	lower	2020-11-15	2020-11	/scrfs/storage/thanyu/home/data/analytic_8b_sr_udm2/Lower/2020_11_cc31b59f-00b7-4460-b59c-69397cbac98c/cc31b59f-00b7-4460-b59c-69397cbac98c/PSScene/20201115_160536_96_222c_3B_AnalyticMS_SR_8b_clip.tif	empty_patch	1	pm5	3	2020-11-14	1
lower__20201115_165246_87_241c_3B_AnalyticMS_SR_8b_clip	lower	2020-11-15	2020-11	/scrfs/storage/thanyu/home/data/analytic_8b_sr_udm2/Lower/2020_11_b0121492-7902-41de-9b36-dc9af277c715/b0121492-7902-41de-9b36-dc9af277c715/PSScene/20201115_165246_87_241c_3B_AnalyticMS_SR_8b_clip.tif	empty_patch	1	pm5	1	2020-11-11	4
lower__20201115_165503_29_2254_3B_AnalyticMS_SR_8b_clip	lower	2020-11-15	2020-11	/scrfs/storage/thanyu/home/data/analytic_8b_sr_udm2/Lower/2020_11_cc31b59f-00b7-4460-b59c-69397cbac98c/cc31b59f-00b7-4460-b59c-69397cbac98c/PSScene/20201115_165503_29_2254_3B_AnalyticMS_SR_8b_clip.tif	planet_read_error	1	pm5	3	2020-11-14	1
lower__20201116_160802_02_227e_3B_AnalyticMS_SR_8b_clip	lower	2020-11-16	2020-11	/scrfs/storage/thanyu/home/data/analytic_8b_sr_udm2/Lower/2020_11_cc31b59f-00b7-4460-b59c-69397cbac98c/cc31b59f-00b7-4460-b59c-69397cbac98c/PSScene/20201116_160802_02_227e_3B_AnalyticMS_SR_8b_clip.tif	planet_read_error	1	pm5	4	2020-11-14	2
lower__20201117_160008_73_2304_3B_AnalyticMS_SR_8b_clip	lower	2020-11-17	2020-11	/scrfs/storage/thanyu/home/data/analytic_8b_sr_udm2/Lower/2020_11_cc31b59f-00b7-4460-b59c-69397cbac98c/cc31b59f-00b7-4460-b59c-69397cbac98c/PSScene/20201117_160008_73_2304_3B_AnalyticMS_SR_8b_clip.tif	empty_patch	1	pm5	1	2020-11-21	4
lower__20201117_160525_85_2280_3B_AnalyticMS_SR_8b_clip	lower	2020-11-17	2020-11	/scrfs/storage/thanyu/home/data/analytic_8b_sr_udm2/Lower/2020_11_cc31b59f-00b7-4460-b59c-69397cbac98c/cc31b59f-00b7-4460-b59c-69397cbac98c/PSScene/20201117_160525_85_2280_3B_AnalyticMS_SR_8b_clip.tif	empty_patch	1	pm5	1	2020-11-21	4
lower__20201117_160605_10_2235_3B_AnalyticMS_SR_8b_clip	lower	2020-11-17	2020-11	/scrfs/storage/thanyu/home/data/analytic_8b_sr_udm2/Lower/2020_11_cc31b59f-00b7-4460-b59c-69397cbac98c/cc31b59f-00b7-4460-b59c-69397cbac98c/PSScene/20201117_160605_10_2235_3B_AnalyticMS_SR_8b_clip.tif	empty_patch	1	pm5	3	2020-11-19	2
lower__20201118_160523_84_2264_3B_AnalyticMS_SR_8b_clip	lower	2020-11-18	2020-11	/scrfs/storage/thanyu/home/data/analytic_8b_sr_udm2/Lower/2020_11_cc31b59f-00b7-4460-b59c-69397cbac98c/cc31b59f-00b7-4460-b59c-69397cbac98c/PSScene/20201118_160523_84_2264_3B_AnalyticMS_SR_8b_clip.tif	planet_read_error	1	pm5	3	2020-11-19	1
lower__20201118_160740_06_2278_3B_AnalyticMS_SR_8b_clip	lower	2020-11-18	2020-11	/scrfs/storage/thanyu/home/data/analytic_8b_sr_udm2/Lower/2020_11_cc31b59f-00b7-4460-b59c-69397cbac98c/cc31b59f-00b7-4460-b59c-69397cbac98c/PSScene/20201118_160740_06_2278_3B_AnalyticMS_SR_8b_clip.tif	empty_patch	1	pm5	3	2020-11-19	1
lower__20201118_164612_14_2408_3B_AnalyticMS_SR_8b_clip	lower	2020-11-18	2020-11	/scrfs/storage/thanyu/home/data/analytic_8b_sr_udm2/Lower/2020_11_cc31b59f-00b7-4460-b59c-69397cbac98c/cc31b59f-00b7-4460-b59c-69397cbac98c/PSScene/20201118_164612_14_2408_3B_AnalyticMS_SR_8b_clip.tif	empty_patch	1	pm5	1	2020-11-21	3
lower__20201119_165035_85_227b_3B_AnalyticMS_SR_8b_clip	lower	2020-11-19	2020-11	/scrfs/storage/thanyu/home/data/analytic_8b_sr_udm2/Lower/2020_11_cc31b59f-00b7-4460-b59c-69397cbac98c/cc31b59f-00b7-4460-b59c-69397cbac98c/PSScene/20201119_165035_85_227b_3B_AnalyticMS_SR_8b_clip.tif	empty_patch	1	pm5	1	2020-11-21	2
lower__20201119_165109_94_240f_3B_AnalyticMS_SR_8b_clip	lower	2020-11-19	2020-11	/scrfs/storage/thanyu/home/data/analytic_8b_sr_udm2/Lower/2020_11_cc31b59f-00b7-4460-b59c-69397cbac98c/cc31b59f-00b7-4460-b59c-69397cbac98c/PSScene/20201119_165109_94_240f_3B_AnalyticMS_SR_8b_clip.tif	planet_read_error	1	pm5	1	2020-11-21	2
lower__20201119_165757_69_227a_3B_AnalyticMS_SR_8b_clip	lower	2020-11-19	2020-11	/scrfs/storage/thanyu/home/data/analytic_8b_sr_udm2/Lower/2020_11_cc31b59f-00b7-4460-b59c-69397cbac98c/cc31b59f-00b7-4460-b59c-69397cbac98c/PSScene/20201119_165757_69_227a_3B_AnalyticMS_SR_8b_clip.tif	empty_patch	1	pm5	2	2020-11-19	0
lower__20201119_165822_47_2407_3B_AnalyticMS_SR_8b_clip	lower	2020-11-19	2020-11	/scrfs/storage/thanyu/home/data/analytic_8b_sr_udm2/Lower/2020_11_cc31b59f-00b7-4460-b59c-69397cbac98c/cc31b59f-00b7-4460-b59c-69397cbac98c/PSScene/20201119_165822_47_2407_3B_AnalyticMS_SR_8b_clip.tif	empty_patch	1	pm5	3	2020-11-19	0
lower__20200518_160623_30_2304_3B_AnalyticMS_SR_8b_clip	lower	2020-05-18	2020-05	/scrfs/storage/thanyu/home/data/analytic_8b_sr_udm2/Lower/2020_05_347144c1-6706-4f8a-bb48-becf953da024/347144c1-6706-4f8a-bb48-becf953da024/PSScene/20200518_160623_30_2304_3B_AnalyticMS_SR_8b_clip.tif	empty_patch	1	pm5	4	2020-05-18	0
lower__20200712_155916_56_2271_3B_AnalyticMS_SR_8b_clip	lower	2020-07-12	2020-07	/scrfs/storage/thanyu/home/data/analytic_8b_sr_udm2/Lower/2020_07_fa1621d8-017b-4bb1-9d9f-030250057dab/fa1621d8-017b-4bb1-9d9f-030250057dab/PSScene/20200712_155916_56_2271_3B_AnalyticMS_SR_8b_clip.tif	empty_patch	1	pm5	2	2020-07-14	2
lower__20200718_160622_10_2259_3B_AnalyticMS_SR_8b_clip	lower	2020-07-18	2020-07	/scrfs/storage/thanyu/home/data/analytic_8b_sr_udm2/Lower/2020_07_fa1621d8-017b-4bb1-9d9f-030250057dab/fa1621d8-017b-4bb1-9d9f-030250057dab/PSScene/20200718_160622_10_2259_3B_AnalyticMS_SR_8b_clip.tif	empty_patch	1	pm5	4	2020-07-17	1
lower__20200914_165153_59_2307_3B_AnalyticMS_SR_8b_clip	lower	2020-09-14	2020-09	/scrfs/storage/thanyu/home/data/analytic_8b_sr_udm2/Lower/2020_09_81157e7e-4169-49ad-8e40-ecee46d8a07e/81157e7e-4169-49ad-8e40-ecee46d8a07e/PSScene/20200914_165153_59_2307_3B_AnalyticMS_SR_8b_clip.tif	empty_patch	1	pm5	2	2020-09-12	2
lower__20200915_160322_83_222f_3B_AnalyticMS_SR_8b_clip	lower	2020-09-15	2020-09	/scrfs/storage/thanyu/home/data/analytic_8b_sr_udm2/Lower/2020_09_81157e7e-4169-49ad-8e40-ecee46d8a07e/81157e7e-4169-49ad-8e40-ecee46d8a07e/PSScene/20200915_160322_83_222f_3B_AnalyticMS_SR_8b_clip.tif	empty_patch	1	pm5	2	2020-09-17	2
lower__20200919_155913_05_220b_3B_AnalyticMS_SR_8b_clip	lower	2020-09-19	2020-09	/scrfs/storage/thanyu/home/data/analytic_8b_sr_udm2/Lower/2020_09_81157e7e-4169-49ad-8e40-ecee46d8a07e/81157e7e-4169-49ad-8e40-ecee46d8a07e/PSScene/20200919_155913_05_220b_3B_AnalyticMS_SR_8b_clip.tif	empty_patch	1	pm5	2	2020-09-17	2
lower__20201111_161250_61_2441_3B_AnalyticMS_SR_8b_clip	lower	2020-11-11	2020-11	/scrfs/storage/thanyu/home/data/analytic_8b_sr_udm2/Lower/2020_11_cc31b59f-00b7-4460-b59c-69397cbac98c/cc31b59f-00b7-4460-b59c-69397cbac98c/PSScene/20201111_161250_61_2441_3B_AnalyticMS_SR_8b_clip.tif	empty_patch	1	pm5	2	2020-11-09	2
lower__20201112_155509_06_220b_3B_AnalyticMS_SR_8b_clip	lower	2020-11-12	2020-11	/scrfs/storage/thanyu/home/data/analytic_8b_sr_udm2/Lower/2020_11_b0121492-7902-41de-9b36-dc9af277c715/b0121492-7902-41de-9b36-dc9af277c715/PSScene/20201112_155509_06_220b_3B_AnalyticMS_SR_8b_clip.tif	no_overlap	1	pm5	1	2020-11-11	1
lower__20201112_164800_41_240a_3B_AnalyticMS_SR_8b_clip	lower	2020-11-12	2020-11	/scrfs/storage/thanyu/home/data/analytic_8b_sr_udm2/Lower/2020_11_cc31b59f-00b7-4460-b59c-69397cbac98c/cc31b59f-00b7-4460-b59c-69397cbac98c/PSScene/20201112_164800_41_240a_3B_AnalyticMS_SR_8b_clip.tif	no_overlap	1	pm5	1	2020-11-11	1
lower__20201112_165513_54_2412_3B_AnalyticMS_SR_8b_clip	lower	2020-11-12	2020-11	/scrfs/storage/thanyu/home/data/analytic_8b_sr_udm2/Lower/2020_11_b0121492-7902-41de-9b36-dc9af277c715/b0121492-7902-41de-9b36-dc9af277c715/PSScene/20201112_165513_54_2412_3B_AnalyticMS_SR_8b_clip.tif	empty_patch	1	pm5	3	2020-11-11	1
lower__20201112_165810_79_227c_3B_AnalyticMS_SR_8b_clip	lower	2020-11-12	2020-11	/scrfs/storage/thanyu/home/data/analytic_8b_sr_udm2/Lower/2020_11_b0121492-7902-41de-9b36-dc9af277c715/b0121492-7902-41de-9b36-dc9af277c715/PSScene/20201112_165810_79_227c_3B_AnalyticMS_SR_8b_clip.tif	empty_patch	1	pm5	3	2020-11-11	1
lower__20201115_161005_70_2233_3B_AnalyticMS_SR_8b_clip	lower	2020-11-15	2020-11	/scrfs/storage/thanyu/home/data/analytic_8b_sr_udm2/Lower/2020_11_b0121492-7902-41de-9b36-dc9af277c715/b0121492-7902-41de-9b36-dc9af277c715/PSScene/20201115_161005_70_2233_3B_AnalyticMS_SR_8b_clip.tif	empty_patch	1	pm5	2	2020-11-14	1
lower__20201115_165249_22_241c_3B_AnalyticMS_SR_8b_clip	lower	2020-11-15	2020-11	/scrfs/storage/thanyu/home/data/analytic_8b_sr_udm2/Lower/2020_11_b0121492-7902-41de-9b36-dc9af277c715/b0121492-7902-41de-9b36-dc9af277c715/PSScene/20201115_165249_22_241c_3B_AnalyticMS_SR_8b_clip.tif	empty_patch	1	pm5	1	2020-11-11	4
lower__20201116_160804_27_227e_3B_AnalyticMS_SR_8b_clip	lower	2020-11-16	2020-11	/scrfs/storage/thanyu/home/data/analytic_8b_sr_udm2/Lower/2020_11_cc31b59f-00b7-4460-b59c-69397cbac98c/cc31b59f-00b7-4460-b59c-69397cbac98c/PSScene/20201116_160804_27_227e_3B_AnalyticMS_SR_8b_clip.tif	empty_patch	1	pm5	4	2020-11-14	2
lower__20201117_160010_96_2304_3B_AnalyticMS_SR_8b_clip	lower	2020-11-17	2020-11	/scrfs/storage/thanyu/home/data/analytic_8b_sr_udm2/Lower/2020_11_cc31b59f-00b7-4460-b59c-69397cbac98c/cc31b59f-00b7-4460-b59c-69397cbac98c/PSScene/20201117_160010_96_2304_3B_AnalyticMS_SR_8b_clip.tif	empty_patch	1	pm5	1	2020-11-21	4
lower__20201118_164614_42_2408_3B_AnalyticMS_SR_8b_clip	lower	2020-11-18	2020-11	/scrfs/storage/thanyu/home/data/analytic_8b_sr_udm2/Lower/2020_11_cc31b59f-00b7-4460-b59c-69397cbac98c/cc31b59f-00b7-4460-b59c-69397cbac98c/PSScene/20201118_164614_42_2408_3B_AnalyticMS_SR_8b_clip.tif	empty_patch	1	pm5	1	2020-11-21	3
lower__20201118_165939_06_240f_3B_AnalyticMS_SR_8b_clip	lower	2020-11-18	2020-11	/scrfs/storage/thanyu/home/data/analytic_8b_sr_udm2/Lower/2020_11_cc31b59f-00b7-4460-b59c-69397cbac98c/cc31b59f-00b7-4460-b59c-69397cbac98c/PSScene/20201118_165939_06_240f_3B_AnalyticMS_SR_8b_clip.tif	empty_patch	1	pm5	2	2020-11-19	1
lower__20201119_165038_22_227b_3B_AnalyticMS_SR_8b_clip	lower	2020-11-19	2020-11	/scrfs/storage/thanyu/home/data/analytic_8b_sr_udm2/Lower/2020_11_cc31b59f-00b7-4460-b59c-69397cbac98c/cc31b59f-00b7-4460-b59c-69397cbac98c/PSScene/20201119_165038_22_227b_3B_AnalyticMS_SR_8b_clip.tif	no_overlap	1	pm5	1	2020-11-21	2
lower__20201119_165823_91_227a_3B_AnalyticMS_SR_8b_clip	lower	2020-11-19	2020-11	/scrfs/storage/thanyu/home/data/analytic_8b_sr_udm2/Lower/2020_11_cc31b59f-00b7-4460-b59c-69397cbac98c/cc31b59f-00b7-4460-b59c-69397cbac98c/PSScene/20201119_165823_91_227a_3B_AnalyticMS_SR_8b_clip.tif	empty_patch	1	pm5	3	2020-11-19	0
lower__20200518_160625_50_2304_3B_AnalyticMS_SR_8b_clip	lower	2020-05-18	2020-05	/scrfs/storage/thanyu/home/data/analytic_8b_sr_udm2/Lower/2020_05_347144c1-6706-4f8a-bb48-becf953da024/347144c1-6706-4f8a-bb48-becf953da024/PSScene/20200518_160625_50_2304_3B_AnalyticMS_SR_8b_clip.tif	empty_patch	1	pm5	4	2020-05-18	0
lower__20200712_155918_76_2271_3B_AnalyticMS_SR_8b_clip	lower	2020-07-12	2020-07	/scrfs/storage/thanyu/home/data/analytic_8b_sr_udm2/Lower/2020_07_fa1621d8-017b-4bb1-9d9f-030250057dab/fa1621d8-017b-4bb1-9d9f-030250057dab/PSScene/20200712_155918_76_2271_3B_AnalyticMS_SR_8b_clip.tif	empty_patch	1	pm5	2	2020-07-14	2
lower__20200718_160624_31_2259_3B_AnalyticMS_SR_8b_clip	lower	2020-07-18	2020-07	/scrfs/storage/thanyu/home/data/analytic_8b_sr_udm2/Lower/2020_07_fa1621d8-017b-4bb1-9d9f-030250057dab/fa1621d8-017b-4bb1-9d9f-030250057dab/PSScene/20200718_160624_31_2259_3B_AnalyticMS_SR_8b_clip.tif	empty_patch	1	pm5	4	2020-07-17	1
lower__20200914_165155_95_2307_3B_AnalyticMS_SR_8b_clip	lower	2020-09-14	2020-09	/scrfs/storage/thanyu/home/data/analytic_8b_sr_udm2/Lower/2020_09_81157e7e-4169-49ad-8e40-ecee46d8a07e/81157e7e-4169-49ad-8e40-ecee46d8a07e/PSScene/20200914_165155_95_2307_3B_AnalyticMS_SR_8b_clip.tif	empty_patch	1	pm5	2	2020-09-12	2
lower__20200915_160325_18_222f_3B_AnalyticMS_SR_8b_clip	lower	2020-09-15	2020-09	/scrfs/storage/thanyu/home/data/analytic_8b_sr_udm2/Lower/2020_09_81157e7e-4169-49ad-8e40-ecee46d8a07e/81157e7e-4169-49ad-8e40-ecee46d8a07e/PSScene/20200915_160325_18_222f_3B_AnalyticMS_SR_8b_clip.tif	empty_patch	1	pm5	2	2020-09-17	2
lower__20200919_155915_26_220b_3B_AnalyticMS_SR_8b_clip	lower	2020-09-19	2020-09	/scrfs/storage/thanyu/home/data/analytic_8b_sr_udm2/Lower/2020_09_81157e7e-4169-49ad-8e40-ecee46d8a07e/81157e7e-4169-49ad-8e40-ecee46d8a07e/PSScene/20200919_155915_26_220b_3B_AnalyticMS_SR_8b_clip.tif	empty_patch	1	pm5	2	2020-09-17	2
lower__20201111_161252_90_2441_3B_AnalyticMS_SR_8b_clip	lower	2020-11-11	2020-11	/scrfs/storage/thanyu/home/data/analytic_8b_sr_udm2/Lower/2020_11_cc31b59f-00b7-4460-b59c-69397cbac98c/cc31b59f-00b7-4460-b59c-69397cbac98c/PSScene/20201111_161252_90_2441_3B_AnalyticMS_SR_8b_clip.tif	empty_patch	1	pm5	2	2020-11-09	2
lower__20201112_155511_27_220b_3B_AnalyticMS_SR_8b_clip	lower	2020-11-12	2020-11	/scrfs/storage/thanyu/home/data/analytic_8b_sr_udm2/Lower/2020_11_b0121492-7902-41de-9b36-dc9af277c715/b0121492-7902-41de-9b36-dc9af277c715/PSScene/20201112_155511_27_220b_3B_AnalyticMS_SR_8b_clip.tif	no_overlap	1	pm5	1	2020-11-11	1
lower__20201112_164802_76_240a_3B_AnalyticMS_SR_8b_clip	lower	2020-11-12	2020-11	/scrfs/storage/thanyu/home/data/analytic_8b_sr_udm2/Lower/2020_11_cc31b59f-00b7-4460-b59c-69397cbac98c/cc31b59f-00b7-4460-b59c-69397cbac98c/PSScene/20201112_164802_76_240a_3B_AnalyticMS_SR_8b_clip.tif	empty_patch	1	pm5	1	2020-11-11	1
lower__20201112_165514_97_2407_3B_AnalyticMS_SR_8b_clip	lower	2020-11-12	2020-11	/scrfs/storage/thanyu/home/data/analytic_8b_sr_udm2/Lower/2020_11_cc31b59f-00b7-4460-b59c-69397cbac98c/cc31b59f-00b7-4460-b59c-69397cbac98c/PSScene/20201112_165514_97_2407_3B_AnalyticMS_SR_8b_clip.tif	empty_patch	1	pm5	3	2020-11-11	1
lower__20201112_165813_14_227c_3B_AnalyticMS_SR_8b_clip	lower	2020-11-12	2020-11	/scrfs/storage/thanyu/home/data/analytic_8b_sr_udm2/Lower/2020_11_b0121492-7902-41de-9b36-dc9af277c715/b0121492-7902-41de-9b36-dc9af277c715/PSScene/20201112_165813_14_227c_3B_AnalyticMS_SR_8b_clip.tif	empty_patch	1	pm5	3	2020-11-11	1
lower__20201115_161007_91_2233_3B_AnalyticMS_SR_8b_clip	lower	2020-11-15	2020-11	/scrfs/storage/thanyu/home/data/analytic_8b_sr_udm2/Lower/2020_11_b0121492-7902-41de-9b36-dc9af277c715/b0121492-7902-41de-9b36-dc9af277c715/PSScene/20201115_161007_91_2233_3B_AnalyticMS_SR_8b_clip.tif	empty_patch	1	pm5	3	2020-11-14	1
lower__20201116_160032_84_2206_3B_AnalyticMS_SR_8b_clip	lower	2020-11-16	2020-11	/scrfs/storage/thanyu/home/data/analytic_8b_sr_udm2/Lower/2020_11_cc31b59f-00b7-4460-b59c-69397cbac98c/cc31b59f-00b7-4460-b59c-69397cbac98c/PSScene/20201116_160032_84_2206_3B_AnalyticMS_SR_8b_clip.tif	planet_read_error	1	pm5	4	2020-11-14	2
lower__20201116_160806_51_227e_3B_AnalyticMS_SR_8b_clip	lower	2020-11-16	2020-11	/scrfs/storage/thanyu/home/data/analytic_8b_sr_udm2/Lower/2020_11_cc31b59f-00b7-4460-b59c-69397cbac98c/cc31b59f-00b7-4460-b59c-69397cbac98c/PSScene/20201116_160806_51_227e_3B_AnalyticMS_SR_8b_clip.tif	planet_read_error	1	pm5	4	2020-11-14	2
lower__20201117_160013_18_2304_3B_AnalyticMS_SR_8b_clip	lower	2020-11-17	2020-11	/scrfs/storage/thanyu/home/data/analytic_8b_sr_udm2/Lower/2020_11_cc31b59f-00b7-4460-b59c-69397cbac98c/cc31b59f-00b7-4460-b59c-69397cbac98c/PSScene/20201117_160013_18_2304_3B_AnalyticMS_SR_8b_clip.tif	empty_patch	1	pm5	1	2020-11-21	4
lower__20201117_160609_53_2235_3B_AnalyticMS_SR_8b_clip	lower	2020-11-17	2020-11	/scrfs/storage/thanyu/home/data/analytic_8b_sr_udm2/Lower/2020_11_cc31b59f-00b7-4460-b59c-69397cbac98c/cc31b59f-00b7-4460-b59c-69397cbac98c/PSScene/20201117_160609_53_2235_3B_AnalyticMS_SR_8b_clip.tif	empty_patch	1	pm5	3	2020-11-19	2
lower__20201117_165401_90_2414_3B_AnalyticMS_SR_8b_clip	lower	2020-11-17	2020-11	/scrfs/storage/thanyu/home/data/analytic_8b_sr_udm2/Lower/2020_11_cc31b59f-00b7-4460-b59c-69397cbac98c/cc31b59f-00b7-4460-b59c-69397cbac98c/PSScene/20201117_165401_90_2414_3B_AnalyticMS_SR_8b_clip.tif	empty_patch	1	pm5	3	2020-11-19	2
lower__20201118_164616_69_2408_3B_AnalyticMS_SR_8b_clip	lower	2020-11-18	2020-11	/scrfs/storage/thanyu/home/data/analytic_8b_sr_udm2/Lower/2020_11_cc31b59f-00b7-4460-b59c-69397cbac98c/cc31b59f-00b7-4460-b59c-69397cbac98c/PSScene/20201118_164616_69_2408_3B_AnalyticMS_SR_8b_clip.tif	empty_patch	1	pm5	1	2020-11-21	3
lower__20201118_165002_11_240c_3B_AnalyticMS_SR_8b_clip	lower	2020-11-18	2020-11	/scrfs/storage/thanyu/home/data/analytic_8b_sr_udm2/Lower/2020_11_cc31b59f-00b7-4460-b59c-69397cbac98c/cc31b59f-00b7-4460-b59c-69397cbac98c/PSScene/20201118_165002_11_240c_3B_AnalyticMS_SR_8b_clip.tif	planet_read_error	1	pm5	1	2020-11-21	3
lower__20201118_165941_33_227b_3B_AnalyticMS_SR_8b_clip	lower	2020-11-18	2020-11	/scrfs/storage/thanyu/home/data/analytic_8b_sr_udm2/Lower/2020_11_cc31b59f-00b7-4460-b59c-69397cbac98c/cc31b59f-00b7-4460-b59c-69397cbac98c/PSScene/20201118_165941_33_227b_3B_AnalyticMS_SR_8b_clip.tif	empty_patch	1	pm5	2	2020-11-19	1
lower__20201119_164735_80_240a_3B_AnalyticMS_SR_8b_clip	lower	2020-11-19	2020-11	/scrfs/storage/thanyu/home/data/analytic_8b_sr_udm2/Lower/2020_11_cc31b59f-00b7-4460-b59c-69397cbac98c/cc31b59f-00b7-4460-b59c-69397cbac98c/PSScene/20201119_164735_80_240a_3B_AnalyticMS_SR_8b_clip.tif	empty_patch	1	pm5	1	2020-11-21	2
lower__20201119_165040_60_227b_3B_AnalyticMS_SR_8b_clip	lower	2020-11-19	2020-11	/scrfs/storage/thanyu/home/data/analytic_8b_sr_udm2/Lower/2020_11_cc31b59f-00b7-4460-b59c-69397cbac98c/cc31b59f-00b7-4460-b59c-69397cbac98c/PSScene/20201119_165040_60_227b_3B_AnalyticMS_SR_8b_clip.tif	no_overlap	1	pm5	1	2020-11-21	2
lower__20201119_165824_75_2407_3B_AnalyticMS_SR_8b_clip	lower	2020-11-19	2020-11	/scrfs/storage/thanyu/home/data/analytic_8b_sr_udm2/Lower/2020_11_cc31b59f-00b7-4460-b59c-69397cbac98c/cc31b59f-00b7-4460-b59c-69397cbac98c/PSScene/20201119_165824_75_2407_3B_AnalyticMS_SR_8b_clip.tif	empty_patch	1	pm5	2	2020-11-19	0
lower__20200326_160404_38_2278_3B_AnalyticMS_SR_8b_clip	lower	2020-03-26	2020-03	/scrfs/storage/thanyu/home/data/analytic_8b_sr_udm2/Lower/2020_03_cf5b8a65-366f-4b70-946f-44166d008371/cf5b8a65-366f-4b70-946f-44166d008371/PSScene/20200326_160404_38_2278_3B_AnalyticMS_SR_8b_clip.tif	empty_patch	1	pm5	2	2020-03-24	2
lower__20200710_155918_17_2304_3B_AnalyticMS_SR_8b_clip	lower	2020-07-10	2020-07	/scrfs/storage/thanyu/home/data/analytic_8b_sr_udm2/Lower/2020_07_fa1621d8-017b-4bb1-9d9f-030250057dab/fa1621d8-017b-4bb1-9d9f-030250057dab/PSScene/20200710_155918_17_2304_3B_AnalyticMS_SR_8b_clip.tif	empty_patch	1	pm5	2	2020-07-09	1
lower__20200712_155920_95_2271_3B_AnalyticMS_SR_8b_clip	lower	2020-07-12	2020-07	/scrfs/storage/thanyu/home/data/analytic_8b_sr_udm2/Lower/2020_07_fa1621d8-017b-4bb1-9d9f-030250057dab/fa1621d8-017b-4bb1-9d9f-030250057dab/PSScene/20200712_155920_95_2271_3B_AnalyticMS_SR_8b_clip.tif	empty_patch	1	pm5	2	2020-07-14	2
lower__20200718_160626_51_2259_3B_AnalyticMS_SR_8b_clip	lower	2020-07-18	2020-07	/scrfs/storage/thanyu/home/data/analytic_8b_sr_udm2/Lower/2020_07_fa1621d8-017b-4bb1-9d9f-030250057dab/fa1621d8-017b-4bb1-9d9f-030250057dab/PSScene/20200718_160626_51_2259_3B_AnalyticMS_SR_8b_clip.tif	empty_patch	1	pm5	4	2020-07-17	1
lower__20200914_165158_31_2307_3B_AnalyticMS_SR_8b_clip	lower	2020-09-14	2020-09	/scrfs/storage/thanyu/home/data/analytic_8b_sr_udm2/Lower/2020_09_81157e7e-4169-49ad-8e40-ecee46d8a07e/81157e7e-4169-49ad-8e40-ecee46d8a07e/PSScene/20200914_165158_31_2307_3B_AnalyticMS_SR_8b_clip.tif	empty_patch	1	pm5	2	2020-09-12	2
lower__20200915_160327_53_222f_3B_AnalyticMS_SR_8b_clip	lower	2020-09-15	2020-09	/scrfs/storage/thanyu/home/data/analytic_8b_sr_udm2/Lower/2020_09_81157e7e-4169-49ad-8e40-ecee46d8a07e/81157e7e-4169-49ad-8e40-ecee46d8a07e/PSScene/20200915_160327_53_222f_3B_AnalyticMS_SR_8b_clip.tif	empty_patch	1	pm5	2	2020-09-17	2
lower__20200919_155917_48_220b_3B_AnalyticMS_SR_8b_clip	lower	2020-09-19	2020-09	/scrfs/storage/thanyu/home/data/analytic_8b_sr_udm2/Lower/2020_09_81157e7e-4169-49ad-8e40-ecee46d8a07e/81157e7e-4169-49ad-8e40-ecee46d8a07e/PSScene/20200919_155917_48_220b_3B_AnalyticMS_SR_8b_clip.tif	empty_patch	1	pm5	4	2020-09-20	1
lower__20201111_161255_18_2441_3B_AnalyticMS_SR_8b_clip	lower	2020-11-11	2020-11	/scrfs/storage/thanyu/home/data/analytic_8b_sr_udm2/Lower/2020_11_cc31b59f-00b7-4460-b59c-69397cbac98c/cc31b59f-00b7-4460-b59c-69397cbac98c/PSScene/20201111_161255_18_2441_3B_AnalyticMS_SR_8b_clip.tif	empty_patch	1	pm5	2	2020-11-09	2
lower__20201112_155513_48_220b_3B_AnalyticMS_SR_8b_clip	lower	2020-11-12	2020-11	/scrfs/storage/thanyu/home/data/analytic_8b_sr_udm2/Lower/2020_11_b0121492-7902-41de-9b36-dc9af277c715/b0121492-7902-41de-9b36-dc9af277c715/PSScene/20201112_155513_48_220b_3B_AnalyticMS_SR_8b_clip.tif	no_overlap	1	pm5	1	2020-11-11	1
lower__20201112_164812_15_240a_3B_AnalyticMS_SR_8b_clip	lower	2020-11-12	2020-11	/scrfs/storage/thanyu/home/data/analytic_8b_sr_udm2/Lower/2020_11_cc31b59f-00b7-4460-b59c-69397cbac98c/cc31b59f-00b7-4460-b59c-69397cbac98c/PSScene/20201112_164812_15_240a_3B_AnalyticMS_SR_8b_clip.tif	empty_patch	1	pm5	1	2020-11-11	1
lower__20201112_165515_89_2412_3B_AnalyticMS_SR_8b_clip	lower	2020-11-12	2020-11	/scrfs/storage/thanyu/home/data/analytic_8b_sr_udm2/Lower/2020_11_b0121492-7902-41de-9b36-dc9af277c715/b0121492-7902-41de-9b36-dc9af277c715/PSScene/20201112_165515_89_2412_3B_AnalyticMS_SR_8b_clip.tif	empty_patch	1	pm5	3	2020-11-11	1
lower__20201112_165728_69_2405_3B_AnalyticMS_SR_8b_clip	lower	2020-11-12	2020-11	/scrfs/storage/thanyu/home/data/analytic_8b_sr_udm2/Lower/2020_11_cc31b59f-00b7-4460-b59c-69397cbac98c/cc31b59f-00b7-4460-b59c-69397cbac98c/PSScene/20201112_165728_69_2405_3B_AnalyticMS_SR_8b_clip.tif	empty_patch	1	pm5	3	2020-11-11	1
lower__20201112_165815_50_227c_3B_AnalyticMS_SR_8b_clip	lower	2020-11-12	2020-11	/scrfs/storage/thanyu/home/data/analytic_8b_sr_udm2/Lower/2020_11_b0121492-7902-41de-9b36-dc9af277c715/b0121492-7902-41de-9b36-dc9af277c715/PSScene/20201112_165815_50_227c_3B_AnalyticMS_SR_8b_clip.tif	empty_patch	1	pm5	3	2020-11-11	1
lower__20201115_161010_12_2233_3B_AnalyticMS_SR_8b_clip	lower	2020-11-15	2020-11	/scrfs/storage/thanyu/home/data/analytic_8b_sr_udm2/Lower/2020_11_b0121492-7902-41de-9b36-dc9af277c715/b0121492-7902-41de-9b36-dc9af277c715/PSScene/20201115_161010_12_2233_3B_AnalyticMS_SR_8b_clip.tif	empty_patch	1	pm5	2	2020-11-14	1
lower__20201115_165253_93_241c_3B_AnalyticMS_SR_8b_clip	lower	2020-11-15	2020-11	/scrfs/storage/thanyu/home/data/analytic_8b_sr_udm2/Lower/2020_11_cc31b59f-00b7-4460-b59c-69397cbac98c/cc31b59f-00b7-4460-b59c-69397cbac98c/PSScene/20201115_165253_93_241c_3B_AnalyticMS_SR_8b_clip.tif	empty_patch	1	pm5	1	2020-11-11	4
lower__20201116_160033_40_2257_3B_AnalyticMS_SR_8b_clip	lower	2020-11-16	2020-11	/scrfs/storage/thanyu/home/data/analytic_8b_sr_udm2/Lower/2020_11_cc31b59f-00b7-4460-b59c-69397cbac98c/cc31b59f-00b7-4460-b59c-69397cbac98c/PSScene/20201116_160033_40_2257_3B_AnalyticMS_SR_8b_clip.tif	empty_patch	1	pm5	2	2020-11-11	5
lower__20201117_160015_41_2304_3B_AnalyticMS_SR_8b_clip	lower	2020-11-17	2020-11	/scrfs/storage/thanyu/home/data/analytic_8b_sr_udm2/Lower/2020_11_cc31b59f-00b7-4460-b59c-69397cbac98c/cc31b59f-00b7-4460-b59c-69397cbac98c/PSScene/20201117_160015_41_2304_3B_AnalyticMS_SR_8b_clip.tif	no_overlap	1	pm5	1	2020-11-21	4
lower__20201117_160611_74_2235_3B_AnalyticMS_SR_8b_clip	lower	2020-11-17	2020-11	/scrfs/storage/thanyu/home/data/analytic_8b_sr_udm2/Lower/2020_11_cc31b59f-00b7-4460-b59c-69397cbac98c/cc31b59f-00b7-4460-b59c-69397cbac98c/PSScene/20201117_160611_74_2235_3B_AnalyticMS_SR_8b_clip.tif	empty_patch	1	pm5	2	2020-11-19	2
lower__20201118_164621_25_2408_3B_AnalyticMS_SR_8b_clip	lower	2020-11-18	2020-11	/scrfs/storage/thanyu/home/data/analytic_8b_sr_udm2/Lower/2020_11_cc31b59f-00b7-4460-b59c-69397cbac98c/cc31b59f-00b7-4460-b59c-69397cbac98c/PSScene/20201118_164621_25_2408_3B_AnalyticMS_SR_8b_clip.tif	empty_patch	1	pm5	1	2020-11-21	3
lower__20201118_165943_79_240f_3B_AnalyticMS_SR_8b_clip	lower	2020-11-18	2020-11	/scrfs/storage/thanyu/home/data/analytic_8b_sr_udm2/Lower/2020_11_cc31b59f-00b7-4460-b59c-69397cbac98c/cc31b59f-00b7-4460-b59c-69397cbac98c/PSScene/20201118_165943_79_240f_3B_AnalyticMS_SR_8b_clip.tif	empty_patch	1	pm5	2	2020-11-19	1
lower__20201119_164740_49_240a_3B_AnalyticMS_SR_8b_clip	lower	2020-11-19	2020-11	/scrfs/storage/thanyu/home/data/analytic_8b_sr_udm2/Lower/2020_11_cc31b59f-00b7-4460-b59c-69397cbac98c/cc31b59f-00b7-4460-b59c-69397cbac98c/PSScene/20201119_164740_49_240a_3B_AnalyticMS_SR_8b_clip.tif	empty_patch	1	pm5	1	2020-11-21	2
lower__20201119_165042_97_227b_3B_AnalyticMS_SR_8b_clip	lower	2020-11-19	2020-11	/scrfs/storage/thanyu/home/data/analytic_8b_sr_udm2/Lower/2020_11_cc31b59f-00b7-4460-b59c-69397cbac98c/cc31b59f-00b7-4460-b59c-69397cbac98c/PSScene/20201119_165042_97_227b_3B_AnalyticMS_SR_8b_clip.tif	no_overlap	1	pm5	1	2020-11-21	2
lower__20200326_160406_18_2278_3B_AnalyticMS_SR_8b_clip	lower	2020-03-26	2020-03	/scrfs/storage/thanyu/home/data/analytic_8b_sr_udm2/Lower/2020_03_cf5b8a65-366f-4b70-946f-44166d008371/cf5b8a65-366f-4b70-946f-44166d008371/PSScene/20200326_160406_18_2278_3B_AnalyticMS_SR_8b_clip.tif	empty_patch	1	pm5	2	2020-03-24	2
lower__20200710_155920_37_2304_3B_AnalyticMS_SR_8b_clip	lower	2020-07-10	2020-07	/scrfs/storage/thanyu/home/data/analytic_8b_sr_udm2/Lower/2020_07_fa1621d8-017b-4bb1-9d9f-030250057dab/fa1621d8-017b-4bb1-9d9f-030250057dab/PSScene/20200710_155920_37_2304_3B_AnalyticMS_SR_8b_clip.tif	empty_patch	1	pm5	2	2020-07-09	1
lower__20200712_155923_14_2271_3B_AnalyticMS_SR_8b_clip	lower	2020-07-12	2020-07	/scrfs/storage/thanyu/home/data/analytic_8b_sr_udm2/Lower/2020_07_fa1621d8-017b-4bb1-9d9f-030250057dab/fa1621d8-017b-4bb1-9d9f-030250057dab/PSScene/20200712_155923_14_2271_3B_AnalyticMS_SR_8b_clip.tif	empty_patch	1	pm5	2	2020-07-14	2
lower__20200717_160401_99_2271_3B_AnalyticMS_SR_8b_clip	lower	2020-07-17	2020-07	/scrfs/storage/thanyu/home/data/analytic_8b_sr_udm2/Lower/2020_07_fa1621d8-017b-4bb1-9d9f-030250057dab/fa1621d8-017b-4bb1-9d9f-030250057dab/PSScene/20200717_160401_99_2271_3B_AnalyticMS_SR_8b_clip.tif	empty_patch	1	pm5	5	2020-07-17	0
lower__20200718_160628_72_2259_3B_AnalyticMS_SR_8b_clip	lower	2020-07-18	2020-07	/scrfs/storage/thanyu/home/data/analytic_8b_sr_udm2/Lower/2020_07_fa1621d8-017b-4bb1-9d9f-030250057dab/fa1621d8-017b-4bb1-9d9f-030250057dab/PSScene/20200718_160628_72_2259_3B_AnalyticMS_SR_8b_clip.tif	empty_patch	1	pm5	4	2020-07-17	1
lower__20200911_160752_47_2277_3B_AnalyticMS_SR_8b_clip	lower	2020-09-11	2020-09	/scrfs/storage/thanyu/home/data/analytic_8b_sr_udm2/Lower/2020_09_81157e7e-4169-49ad-8e40-ecee46d8a07e/81157e7e-4169-49ad-8e40-ecee46d8a07e/PSScene/20200911_160752_47_2277_3B_AnalyticMS_SR_8b_clip.tif	empty_patch	1	pm5	4	2020-09-10	1
lower__20200914_165200_68_2307_3B_AnalyticMS_SR_8b_clip	lower	2020-09-14	2020-09	/scrfs/storage/thanyu/home/data/analytic_8b_sr_udm2/Lower/2020_09_81157e7e-4169-49ad-8e40-ecee46d8a07e/81157e7e-4169-49ad-8e40-ecee46d8a07e/PSScene/20200914_165200_68_2307_3B_AnalyticMS_SR_8b_clip.tif	empty_patch	1	pm5	2	2020-09-12	2
lower__20200915_160329_88_222f_3B_AnalyticMS_SR_8b_clip	lower	2020-09-15	2020-09	/scrfs/storage/thanyu/home/data/analytic_8b_sr_udm2/Lower/2020_09_81157e7e-4169-49ad-8e40-ecee46d8a07e/81157e7e-4169-49ad-8e40-ecee46d8a07e/PSScene/20200915_160329_88_222f_3B_AnalyticMS_SR_8b_clip.tif	empty_patch	1	pm5	2	2020-09-17	2
lower__20200919_155919_69_220b_3B_AnalyticMS_SR_8b_clip	lower	2020-09-19	2020-09	/scrfs/storage/thanyu/home/data/analytic_8b_sr_udm2/Lower/2020_09_81157e7e-4169-49ad-8e40-ecee46d8a07e/81157e7e-4169-49ad-8e40-ecee46d8a07e/PSScene/20200919_155919_69_220b_3B_AnalyticMS_SR_8b_clip.tif	empty_patch	1	pm5	4	2020-09-20	1
lower__20201111_161257_47_2441_3B_AnalyticMS_SR_8b_clip	lower	2020-11-11	2020-11	/scrfs/storage/thanyu/home/data/analytic_8b_sr_udm2/Lower/2020_11_cc31b59f-00b7-4460-b59c-69397cbac98c/cc31b59f-00b7-4460-b59c-69397cbac98c/PSScene/20201111_161257_47_2441_3B_AnalyticMS_SR_8b_clip.tif	empty_patch	1	pm5	2	2020-11-09	2
lower__20201112_155515_69_220b_3B_AnalyticMS_SR_8b_clip	lower	2020-11-12	2020-11	/scrfs/storage/thanyu/home/data/analytic_8b_sr_udm2/Lower/2020_11_b0121492-7902-41de-9b36-dc9af277c715/b0121492-7902-41de-9b36-dc9af277c715/PSScene/20201112_155515_69_220b_3B_AnalyticMS_SR_8b_clip.tif	no_overlap	1	pm5	1	2020-11-11	1
lower__20201112_164814_50_240a_3B_AnalyticMS_SR_8b_clip	lower	2020-11-12	2020-11	/scrfs/storage/thanyu/home/data/analytic_8b_sr_udm2/Lower/2020_11_cc31b59f-00b7-4460-b59c-69397cbac98c/cc31b59f-00b7-4460-b59c-69397cbac98c/PSScene/20201112_164814_50_240a_3B_AnalyticMS_SR_8b_clip.tif	empty_patch	1	pm5	1	2020-11-11	1
lower__20201112_165730_98_2405_3B_AnalyticMS_SR_8b_clip	lower	2020-11-12	2020-11	/scrfs/storage/thanyu/home/data/analytic_8b_sr_udm2/Lower/2020_11_cc31b59f-00b7-4460-b59c-69397cbac98c/cc31b59f-00b7-4460-b59c-69397cbac98c/PSScene/20201112_165730_98_2405_3B_AnalyticMS_SR_8b_clip.tif	empty_patch	1	pm5	2	2020-11-14	2
lower__20201112_165817_85_227c_3B_AnalyticMS_SR_8b_clip	lower	2020-11-12	2020-11	/scrfs/storage/thanyu/home/data/analytic_8b_sr_udm2/Lower/2020_11_b0121492-7902-41de-9b36-dc9af277c715/b0121492-7902-41de-9b36-dc9af277c715/PSScene/20201112_165817_85_227c_3B_AnalyticMS_SR_8b_clip.tif	empty_patch	1	pm5	3	2020-11-11	1
lower__20201113_164819_17_227c_3B_AnalyticMS_SR_8b_clip	lower	2020-11-13	2020-11	/scrfs/storage/thanyu/home/data/analytic_8b_sr_udm2/Lower/2020_11_b0121492-7902-41de-9b36-dc9af277c715/b0121492-7902-41de-9b36-dc9af277c715/PSScene/20201113_164819_17_227c_3B_AnalyticMS_SR_8b_clip.tif	empty_patch	1	pm5	1	2020-11-11	2
lower__20201115_161012_33_2233_3B_AnalyticMS_SR_8b_clip	lower	2020-11-15	2020-11	/scrfs/storage/thanyu/home/data/analytic_8b_sr_udm2/Lower/2020_11_b0121492-7902-41de-9b36-dc9af277c715/b0121492-7902-41de-9b36-dc9af277c715/PSScene/20201115_161012_33_2233_3B_AnalyticMS_SR_8b_clip.tif	empty_patch	1	pm5	2	2020-11-14	1
lower__20201115_165256_28_241c_3B_AnalyticMS_SR_8b_clip	lower	2020-11-15	2020-11	/scrfs/storage/thanyu/home/data/analytic_8b_sr_udm2/Lower/2020_11_cc31b59f-00b7-4460-b59c-69397cbac98c/cc31b59f-00b7-4460-b59c-69397cbac98c/PSScene/20201115_165256_28_241c_3B_AnalyticMS_SR_8b_clip.tif	empty_patch	1	pm5	1	2020-11-11	4
lower__20201116_160006_65_2257_3B_AnalyticMS_SR_8b_clip	lower	2020-11-16	2020-11	/scrfs/storage/thanyu/home/data/analytic_8b_sr_udm2/Lower/2020_11_cc31b59f-00b7-4460-b59c-69397cbac98c/cc31b59f-00b7-4460-b59c-69397cbac98c/PSScene/20201116_160006_65_2257_3B_AnalyticMS_SR_8b_clip.tif	empty_patch	1	pm5	2	2020-11-11	5
lower__20201117_160017_63_2304_3B_AnalyticMS_SR_8b_clip	lower	2020-11-17	2020-11	/scrfs/storage/thanyu/home/data/analytic_8b_sr_udm2/Lower/2020_11_cc31b59f-00b7-4460-b59c-69397cbac98c/cc31b59f-00b7-4460-b59c-69397cbac98c/PSScene/20201117_160017_63_2304_3B_AnalyticMS_SR_8b_clip.tif	no_overlap	1	pm5	1	2020-11-21	4
lower__20201117_160534_86_2280_3B_AnalyticMS_SR_8b_clip	lower	2020-11-17	2020-11	/scrfs/storage/thanyu/home/data/analytic_8b_sr_udm2/Lower/2020_11_cc31b59f-00b7-4460-b59c-69397cbac98c/cc31b59f-00b7-4460-b59c-69397cbac98c/PSScene/20201117_160534_86_2280_3B_AnalyticMS_SR_8b_clip.tif	planet_read_error	1	pm5	1	2020-11-21	4
lower__20201117_160613_95_2235_3B_AnalyticMS_SR_8b_clip	lower	2020-11-17	2020-11	/scrfs/storage/thanyu/home/data/analytic_8b_sr_udm2/Lower/2020_11_cc31b59f-00b7-4460-b59c-69397cbac98c/cc31b59f-00b7-4460-b59c-69397cbac98c/PSScene/20201117_160613_95_2235_3B_AnalyticMS_SR_8b_clip.tif	empty_patch	1	pm5	3	2020-11-19	2
lower__20201118_164623_53_2408_3B_AnalyticMS_SR_8b_clip	lower	2020-11-18	2020-11	/scrfs/storage/thanyu/home/data/analytic_8b_sr_udm2/Lower/2020_11_cc31b59f-00b7-4460-b59c-69397cbac98c/cc31b59f-00b7-4460-b59c-69397cbac98c/PSScene/20201118_164623_53_2408_3B_AnalyticMS_SR_8b_clip.tif	no_overlap	1	pm5	1	2020-11-21	3
lower__20201118_165946_16_240f_3B_AnalyticMS_SR_8b_clip	lower	2020-11-18	2020-11	/scrfs/storage/thanyu/home/data/analytic_8b_sr_udm2/Lower/2020_11_cc31b59f-00b7-4460-b59c-69397cbac98c/cc31b59f-00b7-4460-b59c-69397cbac98c/PSScene/20201118_165946_16_240f_3B_AnalyticMS_SR_8b_clip.tif	empty_patch	1	pm5	2	2020-11-19	1
lower__20201119_164742_84_240a_3B_AnalyticMS_SR_8b_clip	lower	2020-11-19	2020-11	/scrfs/storage/thanyu/home/data/analytic_8b_sr_udm2/Lower/2020_11_cc31b59f-00b7-4460-b59c-69397cbac98c/cc31b59f-00b7-4460-b59c-69397cbac98c/PSScene/20201119_164742_84_240a_3B_AnalyticMS_SR_8b_clip.tif	planet_read_error	1	pm5	1	2020-11-21	2
lower__20201119_165045_34_227b_3B_AnalyticMS_SR_8b_clip	lower	2020-11-19	2020-11	/scrfs/storage/thanyu/home/data/analytic_8b_sr_udm2/Lower/2020_11_cc31b59f-00b7-4460-b59c-69397cbac98c/cc31b59f-00b7-4460-b59c-69397cbac98c/PSScene/20201119_165045_34_227b_3B_AnalyticMS_SR_8b_clip.tif	no_overlap	1	pm5	1	2020-11-21	2
lower__20201119_165828_68_227a_3B_AnalyticMS_SR_8b_clip	lower	2020-11-19	2020-11	/scrfs/storage/thanyu/home/data/analytic_8b_sr_udm2/Lower/2020_11_cc31b59f-00b7-4460-b59c-69397cbac98c/cc31b59f-00b7-4460-b59c-69397cbac98c/PSScene/20201119_165828_68_227a_3B_AnalyticMS_SR_8b_clip.tif	empty_patch	1	pm5	2	2020-11-19	0
lower__20200326_160407_98_2278_3B_AnalyticMS_SR_8b_clip	lower	2020-03-26	2020-03	/scrfs/storage/thanyu/home/data/analytic_8b_sr_udm2/Lower/2020_03_cf5b8a65-366f-4b70-946f-44166d008371/cf5b8a65-366f-4b70-946f-44166d008371/PSScene/20200326_160407_98_2278_3B_AnalyticMS_SR_8b_clip.tif	empty_patch	1	pm5	2	2020-03-24	2
lower__20200713_160148_27_2259_3B_AnalyticMS_SR_8b_clip	lower	2020-07-13	2020-07	/scrfs/storage/thanyu/home/data/analytic_8b_sr_udm2/Lower/2020_07_fa1621d8-017b-4bb1-9d9f-030250057dab/fa1621d8-017b-4bb1-9d9f-030250057dab/PSScene/20200713_160148_27_2259_3B_AnalyticMS_SR_8b_clip.tif	empty_patch	1	pm5	4	2020-07-12	1
lower__20200717_160404_19_2271_3B_AnalyticMS_SR_8b_clip	lower	2020-07-17	2020-07	/scrfs/storage/thanyu/home/data/analytic_8b_sr_udm2/Lower/2020_07_fa1621d8-017b-4bb1-9d9f-030250057dab/fa1621d8-017b-4bb1-9d9f-030250057dab/PSScene/20200717_160404_19_2271_3B_AnalyticMS_SR_8b_clip.tif	empty_patch	1	pm5	5	2020-07-17	0
lower__20200718_160630_93_2259_3B_AnalyticMS_SR_8b_clip	lower	2020-07-18	2020-07	/scrfs/storage/thanyu/home/data/analytic_8b_sr_udm2/Lower/2020_07_fa1621d8-017b-4bb1-9d9f-030250057dab/fa1621d8-017b-4bb1-9d9f-030250057dab/PSScene/20200718_160630_93_2259_3B_AnalyticMS_SR_8b_clip.tif	empty_patch	1	pm5	4	2020-07-17	1
lower__20200912_170020_27_2256_3B_AnalyticMS_SR_8b_clip	lower	2020-09-12	2020-09	/scrfs/storage/thanyu/home/data/analytic_8b_sr_udm2/Lower/2020_09_81157e7e-4169-49ad-8e40-ecee46d8a07e/81157e7e-4169-49ad-8e40-ecee46d8a07e/PSScene/20200912_170020_27_2256_3B_AnalyticMS_SR_8b_clip.tif	empty_patch	1	pm5	2	2020-09-10	2
lower__20200914_165201_83_2419_3B_AnalyticMS_SR_8b_clip	lower	2020-09-14	2020-09	/scrfs/storage/thanyu/home/data/analytic_8b_sr_udm2/Lower/2020_09_81157e7e-4169-49ad-8e40-ecee46d8a07e/81157e7e-4169-49ad-8e40-ecee46d8a07e/PSScene/20200914_165201_83_2419_3B_AnalyticMS_SR_8b_clip.tif	empty_patch	1	pm5	2	2020-09-12	2
lower__20200915_160332_23_222f_3B_AnalyticMS_SR_8b_clip	lower	2020-09-15	2020-09	/scrfs/storage/thanyu/home/data/analytic_8b_sr_udm2/Lower/2020_09_81157e7e-4169-49ad-8e40-ecee46d8a07e/81157e7e-4169-49ad-8e40-ecee46d8a07e/PSScene/20200915_160332_23_222f_3B_AnalyticMS_SR_8b_clip.tif	empty_patch	1	pm5	2	2020-09-17	2
lower__20201111_161023_91_2264_3B_AnalyticMS_SR_8b_clip	lower	2020-11-11	2020-11	/scrfs/storage/thanyu/home/data/analytic_8b_sr_udm2/Lower/2020_11_cc31b59f-00b7-4460-b59c-69397cbac98c/cc31b59f-00b7-4460-b59c-69397cbac98c/PSScene/20201111_161023_91_2264_3B_AnalyticMS_SR_8b_clip.tif	planet_read_error	1	pm5	4	2020-11-11	0
lower__20201111_165317_93_2401_3B_AnalyticMS_SR_8b_clip	lower	2020-11-11	2020-11	/scrfs/storage/thanyu/home/data/analytic_8b_sr_udm2/Lower/2020_11_cc31b59f-00b7-4460-b59c-69397cbac98c/cc31b59f-00b7-4460-b59c-69397cbac98c/PSScene/20201111_165317_93_2401_3B_AnalyticMS_SR_8b_clip.tif	planet_read_error	1	pm5	2	2020-11-11	0
lower__20201112_155517_90_220b_3B_AnalyticMS_SR_8b_clip	lower	2020-11-12	2020-11	/scrfs/storage/thanyu/home/data/analytic_8b_sr_udm2/Lower/2020_11_b0121492-7902-41de-9b36-dc9af277c715/b0121492-7902-41de-9b36-dc9af277c715/PSScene/20201112_155517_90_220b_3B_AnalyticMS_SR_8b_clip.tif	empty_patch	1	pm5	1	2020-11-11	1
lower__20201112_164816_85_240a_3B_AnalyticMS_SR_8b_clip	lower	2020-11-12	2020-11	/scrfs/storage/thanyu/home/data/analytic_8b_sr_udm2/Lower/2020_11_cc31b59f-00b7-4460-b59c-69397cbac98c/cc31b59f-00b7-4460-b59c-69397cbac98c/PSScene/20201112_164816_85_240a_3B_AnalyticMS_SR_8b_clip.tif	empty_patch	1	pm5	1	2020-11-11	1
lower__20201112_165518_24_2412_3B_AnalyticMS_SR_8b_clip	lower	2020-11-12	2020-11	/scrfs/storage/thanyu/home/data/analytic_8b_sr_udm2/Lower/2020_11_b0121492-7902-41de-9b36-dc9af277c715/b0121492-7902-41de-9b36-dc9af277c715/PSScene/20201112_165518_24_2412_3B_AnalyticMS_SR_8b_clip.tif	empty_patch	1	pm5	3	2020-11-11	1
lower__20201112_165733_26_2405_3B_AnalyticMS_SR_8b_clip	lower	2020-11-12	2020-11	/scrfs/storage/thanyu/home/data/analytic_8b_sr_udm2/Lower/2020_11_cc31b59f-00b7-4460-b59c-69397cbac98c/cc31b59f-00b7-4460-b59c-69397cbac98c/PSScene/20201112_165733_26_2405_3B_AnalyticMS_SR_8b_clip.tif	empty_patch	1	pm5	3	2020-11-11	1
lower__20201112_170055_18_2413_3B_AnalyticMS_SR_8b_clip	lower	2020-11-12	2020-11	/scrfs/storage/thanyu/home/data/analytic_8b_sr_udm2/Lower/2020_11_b0121492-7902-41de-9b36-dc9af277c715/b0121492-7902-41de-9b36-dc9af277c715/PSScene/20201112_170055_18_2413_3B_AnalyticMS_SR_8b_clip.tif	empty_patch	1	pm5	2	2020-11-14	2
lower__20201113_164823_88_227c_3B_AnalyticMS_SR_8b_clip	lower	2020-11-13	2020-11	/scrfs/storage/thanyu/home/data/analytic_8b_sr_udm2/Lower/2020_11_b0121492-7902-41de-9b36-dc9af277c715/b0121492-7902-41de-9b36-dc9af277c715/PSScene/20201113_164823_88_227c_3B_AnalyticMS_SR_8b_clip.tif	no_overlap	1	pm5	1	2020-11-11	2
lower__20201115_161014_54_2233_3B_AnalyticMS_SR_8b_clip	lower	2020-11-15	2020-11	/scrfs/storage/thanyu/home/data/analytic_8b_sr_udm2/Lower/2020_11_b0121492-7902-41de-9b36-dc9af277c715/b0121492-7902-41de-9b36-dc9af277c715/PSScene/20201115_161014_54_2233_3B_AnalyticMS_SR_8b_clip.tif	empty_patch	1	pm5	2	2020-11-14	1
lower__20201115_165258_64_241c_3B_AnalyticMS_SR_8b_clip	lower	2020-11-15	2020-11	/scrfs/storage/thanyu/home/data/analytic_8b_sr_udm2/Lower/2020_11_cc31b59f-00b7-4460-b59c-69397cbac98c/cc31b59f-00b7-4460-b59c-69397cbac98c/PSScene/20201115_165258_64_241c_3B_AnalyticMS_SR_8b_clip.tif	empty_patch	1	pm5	1	2020-11-11	4
lower__20201116_160008_88_2257_3B_AnalyticMS_SR_8b_clip	lower	2020-11-16	2020-11	/scrfs/storage/thanyu/home/data/analytic_8b_sr_udm2/Lower/2020_11_cc31b59f-00b7-4460-b59c-69397cbac98c/cc31b59f-00b7-4460-b59c-69397cbac98c/PSScene/20201116_160008_88_2257_3B_AnalyticMS_SR_8b_clip.tif	empty_patch	1	pm5	2	2020-11-11	5
lower__20201117_160155_59_2251_3B_AnalyticMS_SR_8b_clip	lower	2020-11-17	2020-11	/scrfs/storage/thanyu/home/data/analytic_8b_sr_udm2/Lower/2020_11_cc31b59f-00b7-4460-b59c-69397cbac98c/cc31b59f-00b7-4460-b59c-69397cbac98c/PSScene/20201117_160155_59_2251_3B_AnalyticMS_SR_8b_clip.tif	empty_patch	1	pm5	1	2020-11-21	4
lower__20201117_160616_16_2235_3B_AnalyticMS_SR_8b_clip	lower	2020-11-17	2020-11	/scrfs/storage/thanyu/home/data/analytic_8b_sr_udm2/Lower/2020_11_cc31b59f-00b7-4460-b59c-69397cbac98c/cc31b59f-00b7-4460-b59c-69397cbac98c/PSScene/20201117_160616_16_2235_3B_AnalyticMS_SR_8b_clip.tif	empty_patch	1	pm5	2	2020-11-19	2
lower__20201117_165408_72_2414_3B_AnalyticMS_SR_8b_clip	lower	2020-11-17	2020-11	/scrfs/storage/thanyu/home/data/analytic_8b_sr_udm2/Lower/2020_11_cc31b59f-00b7-4460-b59c-69397cbac98c/cc31b59f-00b7-4460-b59c-69397cbac98c/PSScene/20201117_165408_72_2414_3B_AnalyticMS_SR_8b_clip.tif	empty_patch	1	pm5	3	2020-11-19	2
lower__20201118_160458_92_2264_3B_AnalyticMS_SR_8b_clip	lower	2020-11-18	2020-11	/scrfs/storage/thanyu/home/data/analytic_8b_sr_udm2/Lower/2020_11_cc31b59f-00b7-4460-b59c-69397cbac98c/cc31b59f-00b7-4460-b59c-69397cbac98c/PSScene/20201118_160458_92_2264_3B_AnalyticMS_SR_8b_clip.tif	empty_patch	1	pm5	1	2020-11-21	3
lower__20201118_160838_23_2441_3B_AnalyticMS_SR_8b_clip	lower	2020-11-18	2020-11	/scrfs/storage/thanyu/home/data/analytic_8b_sr_udm2/Lower/2020_11_cc31b59f-00b7-4460-b59c-69397cbac98c/cc31b59f-00b7-4460-b59c-69397cbac98c/PSScene/20201118_160838_23_2441_3B_AnalyticMS_SR_8b_clip.tif	planet_read_error	1	pm5	3	2020-11-19	1
lower__20201118_164625_81_2408_3B_AnalyticMS_SR_8b_clip	lower	2020-11-18	2020-11	/scrfs/storage/thanyu/home/data/analytic_8b_sr_udm2/Lower/2020_11_cc31b59f-00b7-4460-b59c-69397cbac98c/cc31b59f-00b7-4460-b59c-69397cbac98c/PSScene/20201118_164625_81_2408_3B_AnalyticMS_SR_8b_clip.tif	no_overlap	1	pm5	1	2020-11-21	3
lower__20201119_165804_84_227a_3B_AnalyticMS_SR_8b_clip	lower	2020-11-19	2020-11	/scrfs/storage/thanyu/home/data/analytic_8b_sr_udm2/Lower/2020_11_cc31b59f-00b7-4460-b59c-69397cbac98c/cc31b59f-00b7-4460-b59c-69397cbac98c/PSScene/20201119_165804_84_227a_3B_AnalyticMS_SR_8b_clip.tif	planet_read_error	1	pm5	3	2020-11-19	0
lower__20201119_165911_74_2424_3B_AnalyticMS_SR_8b_clip	lower	2020-11-19	2020-11	/scrfs/storage/thanyu/home/data/analytic_8b_sr_udm2/Lower/2020_11_cc31b59f-00b7-4460-b59c-69397cbac98c/cc31b59f-00b7-4460-b59c-69397cbac98c/PSScene/20201119_165911_74_2424_3B_AnalyticMS_SR_8b_clip.tif	empty_patch	1	pm5	2	2020-11-19	0
lower__20200511_155953_25_2263_3B_AnalyticMS_SR_8b_clip	lower	2020-05-11	2020-05	/scrfs/storage/thanyu/home/data/analytic_8b_sr_udm2/Lower/2020_05_347144c1-6706-4f8a-bb48-becf953da024/347144c1-6706-4f8a-bb48-becf953da024/PSScene/20200511_155953_25_2263_3B_AnalyticMS_SR_8b_clip.tif	empty_patch	1	pm5	4	2020-05-10	1
lower__20200713_160150_47_2259_3B_AnalyticMS_SR_8b_clip	lower	2020-07-13	2020-07	/scrfs/storage/thanyu/home/data/analytic_8b_sr_udm2/Lower/2020_07_fa1621d8-017b-4bb1-9d9f-030250057dab/fa1621d8-017b-4bb1-9d9f-030250057dab/PSScene/20200713_160150_47_2259_3B_AnalyticMS_SR_8b_clip.tif	empty_patch	1	pm5	4	2020-07-12	1
lower__20200718_160633_13_2259_3B_AnalyticMS_SR_8b_clip	lower	2020-07-18	2020-07	/scrfs/storage/thanyu/home/data/analytic_8b_sr_udm2/Lower/2020_07_fa1621d8-017b-4bb1-9d9f-030250057dab/fa1621d8-017b-4bb1-9d9f-030250057dab/PSScene/20200718_160633_13_2259_3B_AnalyticMS_SR_8b_clip.tif	empty_patch	1	pm5	4	2020-07-17	1
lower__20200914_165017_61_227b_3B_AnalyticMS_SR_8b_clip	lower	2020-09-14	2020-09	/scrfs/storage/thanyu/home/data/analytic_8b_sr_udm2/Lower/2020_09_81157e7e-4169-49ad-8e40-ecee46d8a07e/81157e7e-4169-49ad-8e40-ecee46d8a07e/PSScene/20200914_165017_61_227b_3B_AnalyticMS_SR_8b_clip.tif	empty_patch	1	pm5	2	2020-09-12	2
lower__20200914_165204_18_2419_3B_AnalyticMS_SR_8b_clip	lower	2020-09-14	2020-09	/scrfs/storage/thanyu/home/data/analytic_8b_sr_udm2/Lower/2020_09_81157e7e-4169-49ad-8e40-ecee46d8a07e/81157e7e-4169-49ad-8e40-ecee46d8a07e/PSScene/20200914_165204_18_2419_3B_AnalyticMS_SR_8b_clip.tif	empty_patch	1	pm5	2	2020-09-12	2
lower__20201112_155520_11_220b_3B_AnalyticMS_SR_8b_clip	lower	2020-11-12	2020-11	/scrfs/storage/thanyu/home/data/analytic_8b_sr_udm2/Lower/2020_11_b0121492-7902-41de-9b36-dc9af277c715/b0121492-7902-41de-9b36-dc9af277c715/PSScene/20201112_155520_11_220b_3B_AnalyticMS_SR_8b_clip.tif	empty_patch	1	pm5	1	2020-11-11	1
lower__20201112_165735_55_2405_3B_AnalyticMS_SR_8b_clip	lower	2020-11-12	2020-11	/scrfs/storage/thanyu/home/data/analytic_8b_sr_udm2/Lower/2020_11_cc31b59f-00b7-4460-b59c-69397cbac98c/cc31b59f-00b7-4460-b59c-69397cbac98c/PSScene/20201112_165735_55_2405_3B_AnalyticMS_SR_8b_clip.tif	empty_patch	1	pm5	2	2020-11-14	2
lower__20201112_170057_46_2413_3B_AnalyticMS_SR_8b_clip	lower	2020-11-12	2020-11	/scrfs/storage/thanyu/home/data/analytic_8b_sr_udm2/Lower/2020_11_b0121492-7902-41de-9b36-dc9af277c715/b0121492-7902-41de-9b36-dc9af277c715/PSScene/20201112_170057_46_2413_3B_AnalyticMS_SR_8b_clip.tif	empty_patch	1	pm5	2	2020-11-14	2
lower__20201113_164826_23_227c_3B_AnalyticMS_SR_8b_clip	lower	2020-11-13	2020-11	/scrfs/storage/thanyu/home/data/analytic_8b_sr_udm2/Lower/2020_11_b0121492-7902-41de-9b36-dc9af277c715/b0121492-7902-41de-9b36-dc9af277c715/PSScene/20201113_164826_23_227c_3B_AnalyticMS_SR_8b_clip.tif	no_overlap	1	pm5	1	2020-11-11	2
lower__20201115_161016_75_2233_3B_AnalyticMS_SR_8b_clip	lower	2020-11-15	2020-11	/scrfs/storage/thanyu/home/data/analytic_8b_sr_udm2/Lower/2020_11_b0121492-7902-41de-9b36-dc9af277c715/b0121492-7902-41de-9b36-dc9af277c715/PSScene/20201115_161016_75_2233_3B_AnalyticMS_SR_8b_clip.tif	empty_patch	1	pm5	2	2020-11-14	1
lower__20201116_160011_11_2257_3B_AnalyticMS_SR_8b_clip	lower	2020-11-16	2020-11	/scrfs/storage/thanyu/home/data/analytic_8b_sr_udm2/Lower/2020_11_cc31b59f-00b7-4460-b59c-69397cbac98c/cc31b59f-00b7-4460-b59c-69397cbac98c/PSScene/20201116_160011_11_2257_3B_AnalyticMS_SR_8b_clip.tif	empty_patch	1	pm5	2	2020-11-11	5
lower__20201116_160815_51_227e_3B_AnalyticMS_SR_8b_clip	lower	2020-11-16	2020-11	/scrfs/storage/thanyu/home/data/analytic_8b_sr_udm2/Lower/2020_11_cc31b59f-00b7-4460-b59c-69397cbac98c/cc31b59f-00b7-4460-b59c-69397cbac98c/PSScene/20201116_160815_51_227e_3B_AnalyticMS_SR_8b_clip.tif	planet_read_error	1	pm5	4	2020-11-14	2
lower__20201117_160157_84_2251_3B_AnalyticMS_SR_8b_clip	lower	2020-11-17	2020-11	/scrfs/storage/thanyu/home/data/analytic_8b_sr_udm2/Lower/2020_11_cc31b59f-00b7-4460-b59c-69397cbac98c/cc31b59f-00b7-4460-b59c-69397cbac98c/PSScene/20201117_160157_84_2251_3B_AnalyticMS_SR_8b_clip.tif	empty_patch	1	pm5	1	2020-11-21	4
lower__20201117_160539_37_2280_3B_AnalyticMS_SR_8b_clip	lower	2020-11-17	2020-11	/scrfs/storage/thanyu/home/data/analytic_8b_sr_udm2/Lower/2020_11_cc31b59f-00b7-4460-b59c-69397cbac98c/cc31b59f-00b7-4460-b59c-69397cbac98c/PSScene/20201117_160539_37_2280_3B_AnalyticMS_SR_8b_clip.tif	planet_read_error	1	pm5	1	2020-11-21	4
lower__20201117_160618_37_2235_3B_AnalyticMS_SR_8b_clip	lower	2020-11-17	2020-11	/scrfs/storage/thanyu/home/data/analytic_8b_sr_udm2/Lower/2020_11_cc31b59f-00b7-4460-b59c-69397cbac98c/cc31b59f-00b7-4460-b59c-69397cbac98c/PSScene/20201117_160618_37_2235_3B_AnalyticMS_SR_8b_clip.tif	empty_patch	1	pm5	2	2020-11-19	2
lower__20201117_165410_99_2414_3B_AnalyticMS_SR_8b_clip	lower	2020-11-17	2020-11	/scrfs/storage/thanyu/home/data/analytic_8b_sr_udm2/Lower/2020_11_cc31b59f-00b7-4460-b59c-69397cbac98c/cc31b59f-00b7-4460-b59c-69397cbac98c/PSScene/20201117_165410_99_2414_3B_AnalyticMS_SR_8b_clip.tif	planet_read_error	1	pm5	3	2020-11-19	2
lower__20201118_160501_19_2264_3B_AnalyticMS_SR_8b_clip	lower	2020-11-18	2020-11	/scrfs/storage/thanyu/home/data/analytic_8b_sr_udm2/Lower/2020_11_cc31b59f-00b7-4460-b59c-69397cbac98c/cc31b59f-00b7-4460-b59c-69397cbac98c/PSScene/20201118_160501_19_2264_3B_AnalyticMS_SR_8b_clip.tif	empty_patch	1	pm5	1	2020-11-21	3
lower__20201118_164628_09_2408_3B_AnalyticMS_SR_8b_clip	lower	2020-11-18	2020-11	/scrfs/storage/thanyu/home/data/analytic_8b_sr_udm2/Lower/2020_11_cc31b59f-00b7-4460-b59c-69397cbac98c/cc31b59f-00b7-4460-b59c-69397cbac98c/PSScene/20201118_164628_09_2408_3B_AnalyticMS_SR_8b_clip.tif	no_overlap	1	pm5	1	2020-11-21	3
lower__20201119_165914_09_2424_3B_AnalyticMS_SR_8b_clip	lower	2020-11-19	2020-11	/scrfs/storage/thanyu/home/data/analytic_8b_sr_udm2/Lower/2020_11_cc31b59f-00b7-4460-b59c-69397cbac98c/cc31b59f-00b7-4460-b59c-69397cbac98c/PSScene/20201119_165914_09_2424_3B_AnalyticMS_SR_8b_clip.tif	empty_patch	1	pm5	2	2020-11-19	0
lower__20200717_160408_58_2271_3B_AnalyticMS_SR_8b_clip	lower	2020-07-17	2020-07	/scrfs/storage/thanyu/home/data/analytic_8b_sr_udm2/Lower/2020_07_fa1621d8-017b-4bb1-9d9f-030250057dab/fa1621d8-017b-4bb1-9d9f-030250057dab/PSScene/20200717_160408_58_2271_3B_AnalyticMS_SR_8b_clip.tif	empty_patch	1	pm5	5	2020-07-17	0
lower__20200718_160635_34_2259_3B_AnalyticMS_SR_8b_clip	lower	2020-07-18	2020-07	/scrfs/storage/thanyu/home/data/analytic_8b_sr_udm2/Lower/2020_07_fa1621d8-017b-4bb1-9d9f-030250057dab/fa1621d8-017b-4bb1-9d9f-030250057dab/PSScene/20200718_160635_34_2259_3B_AnalyticMS_SR_8b_clip.tif	empty_patch	1	pm5	4	2020-07-17	1
lower__20200914_165019_97_227b_3B_AnalyticMS_SR_8b_clip	lower	2020-09-14	2020-09	/scrfs/storage/thanyu/home/data/analytic_8b_sr_udm2/Lower/2020_09_81157e7e-4169-49ad-8e40-ecee46d8a07e/81157e7e-4169-49ad-8e40-ecee46d8a07e/PSScene/20200914_165019_97_227b_3B_AnalyticMS_SR_8b_clip.tif	empty_patch	1	pm5	2	2020-09-12	2
lower__20200914_165206_54_2419_3B_AnalyticMS_SR_8b_clip	lower	2020-09-14	2020-09	/scrfs/storage/thanyu/home/data/analytic_8b_sr_udm2/Lower/2020_09_81157e7e-4169-49ad-8e40-ecee46d8a07e/81157e7e-4169-49ad-8e40-ecee46d8a07e/PSScene/20200914_165206_54_2419_3B_AnalyticMS_SR_8b_clip.tif	empty_patch	1	pm5	2	2020-09-12	2
lower__20200915_160336_93_222f_3B_AnalyticMS_SR_8b_clip	lower	2020-09-15	2020-09	/scrfs/storage/thanyu/home/data/analytic_8b_sr_udm2/Lower/2020_09_81157e7e-4169-49ad-8e40-ecee46d8a07e/81157e7e-4169-49ad-8e40-ecee46d8a07e/PSScene/20200915_160336_93_222f_3B_AnalyticMS_SR_8b_clip.tif	empty_patch	1	pm5	2	2020-09-17	2
lower__20201111_161028_45_2264_3B_AnalyticMS_SR_8b_clip	lower	2020-11-11	2020-11	/scrfs/storage/thanyu/home/data/analytic_8b_sr_udm2/Lower/2020_11_cc31b59f-00b7-4460-b59c-69397cbac98c/cc31b59f-00b7-4460-b59c-69397cbac98c/PSScene/20201111_161028_45_2264_3B_AnalyticMS_SR_8b_clip.tif	empty_patch	1	pm5	4	2020-11-11	0
lower__20201112_155522_32_220b_3B_AnalyticMS_SR_8b_clip	lower	2020-11-12	2020-11	/scrfs/storage/thanyu/home/data/analytic_8b_sr_udm2/Lower/2020_11_b0121492-7902-41de-9b36-dc9af277c715/b0121492-7902-41de-9b36-dc9af277c715/PSScene/20201112_155522_32_220b_3B_AnalyticMS_SR_8b_clip.tif	empty_patch	1	pm5	1	2020-11-11	1
lower__20201112_165520_60_2412_3B_AnalyticMS_SR_8b_clip	lower	2020-11-12	2020-11	/scrfs/storage/thanyu/home/data/analytic_8b_sr_udm2/Lower/2020_11_b0121492-7902-41de-9b36-dc9af277c715/b0121492-7902-41de-9b36-dc9af277c715/PSScene/20201112_165520_60_2412_3B_AnalyticMS_SR_8b_clip.tif	empty_patch	1	pm5	3	2020-11-11	1
lower__20201112_165737_84_2405_3B_AnalyticMS_SR_8b_clip	lower	2020-11-12	2020-11	/scrfs/storage/thanyu/home/data/analytic_8b_sr_udm2/Lower/2020_11_cc31b59f-00b7-4460-b59c-69397cbac98c/cc31b59f-00b7-4460-b59c-69397cbac98c/PSScene/20201112_165737_84_2405_3B_AnalyticMS_SR_8b_clip.tif	empty_patch	1	pm5	2	2020-11-14	2
lower__20201112_170059_73_2413_3B_AnalyticMS_SR_8b_clip	lower	2020-11-12	2020-11	/scrfs/storage/thanyu/home/data/analytic_8b_sr_udm2/Lower/2020_11_b0121492-7902-41de-9b36-dc9af277c715/b0121492-7902-41de-9b36-dc9af277c715/PSScene/20201112_170059_73_2413_3B_AnalyticMS_SR_8b_clip.tif	empty_patch	1	pm5	2	2020-11-14	2
lower__20201113_164828_59_227c_3B_AnalyticMS_SR_8b_clip	lower	2020-11-13	2020-11	/scrfs/storage/thanyu/home/data/analytic_8b_sr_udm2/Lower/2020_11_b0121492-7902-41de-9b36-dc9af277c715/b0121492-7902-41de-9b36-dc9af277c715/PSScene/20201113_164828_59_227c_3B_AnalyticMS_SR_8b_clip.tif	no_overlap	1	pm5	1	2020-11-11	2
lower__20201115_161018_96_2233_3B_AnalyticMS_SR_8b_clip	lower	2020-11-15	2020-11	/scrfs/storage/thanyu/home/data/analytic_8b_sr_udm2/Lower/2020_11_b0121492-7902-41de-9b36-dc9af277c715/b0121492-7902-41de-9b36-dc9af277c715/PSScene/20201115_161018_96_2233_3B_AnalyticMS_SR_8b_clip.tif	empty_patch	1	pm5	2	2020-11-14	1
lower__20201116_160442_60_220b_3B_AnalyticMS_SR_8b_clip	lower	2020-11-16	2020-11	/scrfs/storage/thanyu/home/data/analytic_8b_sr_udm2/Lower/2020_11_cc31b59f-00b7-4460-b59c-69397cbac98c/cc31b59f-00b7-4460-b59c-69397cbac98c/PSScene/20201116_160442_60_220b_3B_AnalyticMS_SR_8b_clip.tif	empty_patch	1	pm5	4	2020-11-14	2
lower__20201117_160200_09_2251_3B_AnalyticMS_SR_8b_clip	lower	2020-11-17	2020-11	/scrfs/storage/thanyu/home/data/analytic_8b_sr_udm2/Lower/2020_11_cc31b59f-00b7-4460-b59c-69397cbac98c/cc31b59f-00b7-4460-b59c-69397cbac98c/PSScene/20201117_160200_09_2251_3B_AnalyticMS_SR_8b_clip.tif	empty_patch	1	pm5	1	2020-11-21	4
lower__20201117_160620_58_2235_3B_AnalyticMS_SR_8b_clip	lower	2020-11-17	2020-11	/scrfs/storage/thanyu/home/data/analytic_8b_sr_udm2/Lower/2020_11_cc31b59f-00b7-4460-b59c-69397cbac98c/cc31b59f-00b7-4460-b59c-69397cbac98c/PSScene/20201117_160620_58_2235_3B_AnalyticMS_SR_8b_clip.tif	empty_patch	1	pm5	2	2020-11-19	2
lower__20201118_155723_95_222b_3B_AnalyticMS_SR_8b_clip	lower	2020-11-18	2020-11	/scrfs/storage/thanyu/home/data/analytic_8b_sr_udm2/Lower/2020_11_cc31b59f-00b7-4460-b59c-69397cbac98c/cc31b59f-00b7-4460-b59c-69397cbac98c/PSScene/20201118_155723_95_222b_3B_AnalyticMS_SR_8b_clip.tif	empty_patch	1	pm5	1	2020-11-21	3
lower__20201118_160503_45_2264_3B_AnalyticMS_SR_8b_clip	lower	2020-11-18	2020-11	/scrfs/storage/thanyu/home/data/analytic_8b_sr_udm2/Lower/2020_11_cc31b59f-00b7-4460-b59c-69397cbac98c/cc31b59f-00b7-4460-b59c-69397cbac98c/PSScene/20201118_160503_45_2264_3B_AnalyticMS_SR_8b_clip.tif	empty_patch	1	pm5	1	2020-11-21	3
lower__20201118_160842_79_2441_3B_AnalyticMS_SR_8b_clip	lower	2020-11-18	2020-11	/scrfs/storage/thanyu/home/data/analytic_8b_sr_udm2/Lower/2020_11_cc31b59f-00b7-4460-b59c-69397cbac98c/cc31b59f-00b7-4460-b59c-69397cbac98c/PSScene/20201118_160842_79_2441_3B_AnalyticMS_SR_8b_clip.tif	planet_read_error	1	pm5	3	2020-11-19	1
lower__20201118_164630_37_2408_3B_AnalyticMS_SR_8b_clip	lower	2020-11-18	2020-11	/scrfs/storage/thanyu/home/data/analytic_8b_sr_udm2/Lower/2020_11_cc31b59f-00b7-4460-b59c-69397cbac98c/cc31b59f-00b7-4460-b59c-69397cbac98c/PSScene/20201118_164630_37_2408_3B_AnalyticMS_SR_8b_clip.tif	empty_patch	1	pm5	1	2020-11-21	3
lower__20201119_165154_47_225b_3B_AnalyticMS_SR_8b_clip	lower	2020-11-19	2020-11	/scrfs/storage/thanyu/home/data/analytic_8b_sr_udm2/Lower/2020_11_cc31b59f-00b7-4460-b59c-69397cbac98c/cc31b59f-00b7-4460-b59c-69397cbac98c/PSScene/20201119_165154_47_225b_3B_AnalyticMS_SR_8b_clip.tif	empty_patch	1	pm5	1	2020-11-21	2
lower__20201119_165916_45_2424_3B_AnalyticMS_SR_8b_clip	lower	2020-11-19	2020-11	/scrfs/storage/thanyu/home/data/analytic_8b_sr_udm2/Lower/2020_11_cc31b59f-00b7-4460-b59c-69397cbac98c/cc31b59f-00b7-4460-b59c-69397cbac98c/PSScene/20201119_165916_45_2424_3B_AnalyticMS_SR_8b_clip.tif	empty_patch	1	pm5	2	2020-11-19	0
lower__20200326_160118_49_2277_3B_AnalyticMS_SR_8b_clip	lower	2020-03-26	2020-03	/scrfs/storage/thanyu/home/data/analytic_8b_sr_udm2/Lower/2020_03_cf5b8a65-366f-4b70-946f-44166d008371/cf5b8a65-366f-4b70-946f-44166d008371/PSScene/20200326_160118_49_2277_3B_AnalyticMS_SR_8b_clip.tif	empty_patch	1	pm5	4	2020-03-26	0
lower__20200710_155933_61_2304_3B_AnalyticMS_SR_8b_clip	lower	2020-07-10	2020-07	/scrfs/storage/thanyu/home/data/analytic_8b_sr_udm2/Lower/2020_07_fa1621d8-017b-4bb1-9d9f-030250057dab/fa1621d8-017b-4bb1-9d9f-030250057dab/PSScene/20200710_155933_61_2304_3B_AnalyticMS_SR_8b_clip.tif	empty_patch	1	pm5	4	2020-07-09	1
lower__20200713_160154_87_2259_3B_AnalyticMS_SR_8b_clip	lower	2020-07-13	2020-07	/scrfs/storage/thanyu/home/data/analytic_8b_sr_udm2/Lower/2020_07_fa1621d8-017b-4bb1-9d9f-030250057dab/fa1621d8-017b-4bb1-9d9f-030250057dab/PSScene/20200713_160154_87_2259_3B_AnalyticMS_SR_8b_clip.tif	empty_patch	1	pm5	4	2020-07-12	1
lower__20200717_160410_78_2271_3B_AnalyticMS_SR_8b_clip	lower	2020-07-17	2020-07	/scrfs/storage/thanyu/home/data/analytic_8b_sr_udm2/Lower/2020_07_fa1621d8-017b-4bb1-9d9f-030250057dab/fa1621d8-017b-4bb1-9d9f-030250057dab/PSScene/20200717_160410_78_2271_3B_AnalyticMS_SR_8b_clip.tif	empty_patch	1	pm5	5	2020-07-17	0
lower__20200910_155430_38_2206_3B_AnalyticMS_SR_8b_clip	lower	2020-09-10	2020-09	/scrfs/storage/thanyu/home/data/analytic_8b_sr_udm2/Lower/2020_09_81157e7e-4169-49ad-8e40-ecee46d8a07e/81157e7e-4169-49ad-8e40-ecee46d8a07e/PSScene/20200910_155430_38_2206_3B_AnalyticMS_SR_8b_clip.tif	no_overlap	1	pm5	2	2020-09-12	2
lower__20200914_165134_05_2424_3B_AnalyticMS_SR_8b_clip	lower	2020-09-14	2020-09	/scrfs/storage/thanyu/home/data/analytic_8b_sr_udm2/Lower/2020_09_81157e7e-4169-49ad-8e40-ecee46d8a07e/81157e7e-4169-49ad-8e40-ecee46d8a07e/PSScene/20200914_165134_05_2424_3B_AnalyticMS_SR_8b_clip.tif	empty_patch	1	pm5	2	2020-09-12	2
lower__20200914_165208_90_2419_3B_AnalyticMS_SR_8b_clip	lower	2020-09-14	2020-09	/scrfs/storage/thanyu/home/data/analytic_8b_sr_udm2/Lower/2020_09_81157e7e-4169-49ad-8e40-ecee46d8a07e/81157e7e-4169-49ad-8e40-ecee46d8a07e/PSScene/20200914_165208_90_2419_3B_AnalyticMS_SR_8b_clip.tif	empty_patch	1	pm5	2	2020-09-12	2
lower__20200915_160339_27_222f_3B_AnalyticMS_SR_8b_clip	lower	2020-09-15	2020-09	/scrfs/storage/thanyu/home/data/analytic_8b_sr_udm2/Lower/2020_09_81157e7e-4169-49ad-8e40-ecee46d8a07e/81157e7e-4169-49ad-8e40-ecee46d8a07e/PSScene/20200915_160339_27_222f_3B_AnalyticMS_SR_8b_clip.tif	empty_patch	1	pm5	2	2020-09-17	2
lower__20201110_160946_64_2279_3B_AnalyticMS_SR_8b_clip	lower	2020-11-10	2020-11	/scrfs/storage/thanyu/home/data/analytic_8b_sr_udm2/Lower/2020_11_cc31b59f-00b7-4460-b59c-69397cbac98c/cc31b59f-00b7-4460-b59c-69397cbac98c/PSScene/20201110_160946_64_2279_3B_AnalyticMS_SR_8b_clip.tif	planet_read_error	1	pm5	4	2020-11-09	1
lower__20201112_155524_54_220b_3B_AnalyticMS_SR_8b_clip	lower	2020-11-12	2020-11	/scrfs/storage/thanyu/home/data/analytic_8b_sr_udm2/Lower/2020_11_b0121492-7902-41de-9b36-dc9af277c715/b0121492-7902-41de-9b36-dc9af277c715/PSScene/20201112_155524_54_220b_3B_AnalyticMS_SR_8b_clip.tif	empty_patch	1	pm5	1	2020-11-11	1
lower__20201112_170102_01_2413_3B_AnalyticMS_SR_8b_clip	lower	2020-11-12	2020-11	/scrfs/storage/thanyu/home/data/analytic_8b_sr_udm2/Lower/2020_11_b0121492-7902-41de-9b36-dc9af277c715/b0121492-7902-41de-9b36-dc9af277c715/PSScene/20201112_170102_01_2413_3B_AnalyticMS_SR_8b_clip.tif	empty_patch	1	pm5	2	2020-11-14	2
lower__20201113_164830_94_227c_3B_AnalyticMS_SR_8b_clip	lower	2020-11-13	2020-11	/scrfs/storage/thanyu/home/data/analytic_8b_sr_udm2/Lower/2020_11_b0121492-7902-41de-9b36-dc9af277c715/b0121492-7902-41de-9b36-dc9af277c715/PSScene/20201113_164830_94_227c_3B_AnalyticMS_SR_8b_clip.tif	no_overlap	1	pm5	1	2020-11-11	2
lower__20201115_165228_05_241c_3B_AnalyticMS_SR_8b_clip	lower	2020-11-15	2020-11	/scrfs/storage/thanyu/home/data/analytic_8b_sr_udm2/Lower/2020_11_b0121492-7902-41de-9b36-dc9af277c715/b0121492-7902-41de-9b36-dc9af277c715/PSScene/20201115_165228_05_241c_3B_AnalyticMS_SR_8b_clip.tif	empty_patch	1	pm5	1	2020-11-11	4
lower__20201117_160202_34_2251_3B_AnalyticMS_SR_8b_clip	lower	2020-11-17	2020-11	/scrfs/storage/thanyu/home/data/analytic_8b_sr_udm2/Lower/2020_11_cc31b59f-00b7-4460-b59c-69397cbac98c/cc31b59f-00b7-4460-b59c-69397cbac98c/PSScene/20201117_160202_34_2251_3B_AnalyticMS_SR_8b_clip.tif	empty_patch	1	pm5	1	2020-11-21	4
lower__20201117_160622_79_2235_3B_AnalyticMS_SR_8b_clip	lower	2020-11-17	2020-11	/scrfs/storage/thanyu/home/data/analytic_8b_sr_udm2/Lower/2020_11_cc31b59f-00b7-4460-b59c-69397cbac98c/cc31b59f-00b7-4460-b59c-69397cbac98c/PSScene/20201117_160622_79_2235_3B_AnalyticMS_SR_8b_clip.tif	empty_patch	1	pm5	2	2020-11-19	2
lower__20201118_155726_16_222b_3B_AnalyticMS_SR_8b_clip	lower	2020-11-18	2020-11	/scrfs/storage/thanyu/home/data/analytic_8b_sr_udm2/Lower/2020_11_cc31b59f-00b7-4460-b59c-69397cbac98c/cc31b59f-00b7-4460-b59c-69397cbac98c/PSScene/20201118_155726_16_222b_3B_AnalyticMS_SR_8b_clip.tif	empty_patch	1	pm5	1	2020-11-21	3
lower__20201118_160505_72_2264_3B_AnalyticMS_SR_8b_clip	lower	2020-11-18	2020-11	/scrfs/storage/thanyu/home/data/analytic_8b_sr_udm2/Lower/2020_11_cc31b59f-00b7-4460-b59c-69397cbac98c/cc31b59f-00b7-4460-b59c-69397cbac98c/PSScene/20201118_160505_72_2264_3B_AnalyticMS_SR_8b_clip.tif	planet_read_error	1	pm5	1	2020-11-21	3
lower__20201118_160845_07_2441_3B_AnalyticMS_SR_8b_clip	lower	2020-11-18	2020-11	/scrfs/storage/thanyu/home/data/analytic_8b_sr_udm2/Lower/2020_11_cc31b59f-00b7-4460-b59c-69397cbac98c/cc31b59f-00b7-4460-b59c-69397cbac98c/PSScene/20201118_160845_07_2441_3B_AnalyticMS_SR_8b_clip.tif	planet_read_error	1	pm5	3	2020-11-19	1
lower__20201119_165156_85_225b_3B_AnalyticMS_SR_8b_clip	lower	2020-11-19	2020-11	/scrfs/storage/thanyu/home/data/analytic_8b_sr_udm2/Lower/2020_11_cc31b59f-00b7-4460-b59c-69397cbac98c/cc31b59f-00b7-4460-b59c-69397cbac98c/PSScene/20201119_165156_85_225b_3B_AnalyticMS_SR_8b_clip.tif	empty_patch	1	pm5	1	2020-11-21	2
lower__20201119_165918_80_2424_3B_AnalyticMS_SR_8b_clip	lower	2020-11-19	2020-11	/scrfs/storage/thanyu/home/data/analytic_8b_sr_udm2/Lower/2020_11_cc31b59f-00b7-4460-b59c-69397cbac98c/cc31b59f-00b7-4460-b59c-69397cbac98c/PSScene/20201119_165918_80_2424_3B_AnalyticMS_SR_8b_clip.tif	empty_patch	1	pm5	2	2020-11-19	0
lower__20200710_155935_82_2304_3B_AnalyticMS_SR_8b_clip	lower	2020-07-10	2020-07	/scrfs/storage/thanyu/home/data/analytic_8b_sr_udm2/Lower/2020_07_fa1621d8-017b-4bb1-9d9f-030250057dab/fa1621d8-017b-4bb1-9d9f-030250057dab/PSScene/20200710_155935_82_2304_3B_AnalyticMS_SR_8b_clip.tif	empty_patch	1	pm5	4	2020-07-09	1
lower__20200713_160157_07_2259_3B_AnalyticMS_SR_8b_clip	lower	2020-07-13	2020-07	/scrfs/storage/thanyu/home/data/analytic_8b_sr_udm2/Lower/2020_07_fa1621d8-017b-4bb1-9d9f-030250057dab/fa1621d8-017b-4bb1-9d9f-030250057dab/PSScene/20200713_160157_07_2259_3B_AnalyticMS_SR_8b_clip.tif	empty_patch	1	pm5	4	2020-07-12	1
lower__20200718_160604_46_2259_3B_AnalyticMS_SR_8b_clip	lower	2020-07-18	2020-07	/scrfs/storage/thanyu/home/data/analytic_8b_sr_udm2/Lower/2020_07_fa1621d8-017b-4bb1-9d9f-030250057dab/fa1621d8-017b-4bb1-9d9f-030250057dab/PSScene/20200718_160604_46_2259_3B_AnalyticMS_SR_8b_clip.tif	empty_patch	1	pm5	4	2020-07-17	1
lower__20200910_155432_59_2206_3B_AnalyticMS_SR_8b_clip	lower	2020-09-10	2020-09	/scrfs/storage/thanyu/home/data/analytic_8b_sr_udm2/Lower/2020_09_81157e7e-4169-49ad-8e40-ecee46d8a07e/81157e7e-4169-49ad-8e40-ecee46d8a07e/PSScene/20200910_155432_59_2206_3B_AnalyticMS_SR_8b_clip.tif	no_overlap	1	pm5	2	2020-09-12	2
lower__20200914_165136_40_2424_3B_AnalyticMS_SR_8b_clip	lower	2020-09-14	2020-09	/scrfs/storage/thanyu/home/data/analytic_8b_sr_udm2/Lower/2020_09_81157e7e-4169-49ad-8e40-ecee46d8a07e/81157e7e-4169-49ad-8e40-ecee46d8a07e/PSScene/20200914_165136_40_2424_3B_AnalyticMS_SR_8b_clip.tif	empty_patch	1	pm5	2	2020-09-12	2
lower__20200914_165211_25_2419_3B_AnalyticMS_SR_8b_clip	lower	2020-09-14	2020-09	/scrfs/storage/thanyu/home/data/analytic_8b_sr_udm2/Lower/2020_09_81157e7e-4169-49ad-8e40-ecee46d8a07e/81157e7e-4169-49ad-8e40-ecee46d8a07e/PSScene/20200914_165211_25_2419_3B_AnalyticMS_SR_8b_clip.tif	empty_patch	1	pm5	2	2020-09-12	2
lower__20200915_160341_62_222f_3B_AnalyticMS_SR_8b_clip	lower	2020-09-15	2020-09	/scrfs/storage/thanyu/home/data/analytic_8b_sr_udm2/Lower/2020_09_81157e7e-4169-49ad-8e40-ecee46d8a07e/81157e7e-4169-49ad-8e40-ecee46d8a07e/PSScene/20200915_160341_62_222f_3B_AnalyticMS_SR_8b_clip.tif	empty_patch	1	pm5	5	2020-09-15	0
lower__20201110_160948_90_2279_3B_AnalyticMS_SR_8b_clip	lower	2020-11-10	2020-11	/scrfs/storage/thanyu/home/data/analytic_8b_sr_udm2/Lower/2020_11_cc31b59f-00b7-4460-b59c-69397cbac98c/cc31b59f-00b7-4460-b59c-69397cbac98c/PSScene/20201110_160948_90_2279_3B_AnalyticMS_SR_8b_clip.tif	planet_read_error	1	pm5	4	2020-11-09	1
lower__20201111_161035_26_2264_3B_AnalyticMS_SR_8b_clip	lower	2020-11-11	2020-11	/scrfs/storage/thanyu/home/data/analytic_8b_sr_udm2/Lower/2020_11_cc31b59f-00b7-4460-b59c-69397cbac98c/cc31b59f-00b7-4460-b59c-69397cbac98c/PSScene/20201111_161035_26_2264_3B_AnalyticMS_SR_8b_clip.tif	empty_patch	1	pm5	4	2020-11-11	0
lower__20201112_155526_75_220b_3B_AnalyticMS_SR_8b_clip	lower	2020-11-12	2020-11	/scrfs/storage/thanyu/home/data/analytic_8b_sr_udm2/Lower/2020_11_b0121492-7902-41de-9b36-dc9af277c715/b0121492-7902-41de-9b36-dc9af277c715/PSScene/20201112_155526_75_220b_3B_AnalyticMS_SR_8b_clip.tif	empty_patch	1	pm5	1	2020-11-11	1
lower__20201112_165342_44_2274_3B_AnalyticMS_SR_8b_clip	lower	2020-11-12	2020-11	/scrfs/storage/thanyu/home/data/analytic_8b_sr_udm2/Lower/2020_11_cc31b59f-00b7-4460-b59c-69397cbac98c/cc31b59f-00b7-4460-b59c-69397cbac98c/PSScene/20201112_165342_44_2274_3B_AnalyticMS_SR_8b_clip.tif	planet_read_error	1	pm5	1	2020-11-11	1
lower__20201112_165522_95_2412_3B_AnalyticMS_SR_8b_clip	lower	2020-11-12	2020-11	/scrfs/storage/thanyu/home/data/analytic_8b_sr_udm2/Lower/2020_11_b0121492-7902-41de-9b36-dc9af277c715/b0121492-7902-41de-9b36-dc9af277c715/PSScene/20201112_165522_95_2412_3B_AnalyticMS_SR_8b_clip.tif	empty_patch	1	pm5	3	2020-11-11	1
lower__20201112_170104_29_2413_3B_AnalyticMS_SR_8b_clip	lower	2020-11-12	2020-11	/scrfs/storage/thanyu/home/data/analytic_8b_sr_udm2/Lower/2020_11_b0121492-7902-41de-9b36-dc9af277c715/b0121492-7902-41de-9b36-dc9af277c715/PSScene/20201112_170104_29_2413_3B_AnalyticMS_SR_8b_clip.tif	empty_patch	1	pm5	2	2020-11-14	2
lower__20201115_155914_58_2212_3B_AnalyticMS_SR_8b_clip	lower	2020-11-15	2020-11	/scrfs/storage/thanyu/home/data/analytic_8b_sr_udm2/Lower/2020_11_cc31b59f-00b7-4460-b59c-69397cbac98c/cc31b59f-00b7-4460-b59c-69397cbac98c/PSScene/20201115_155914_58_2212_3B_AnalyticMS_SR_8b_clip.tif	planet_read_error	1	pm5	1	2020-11-11	4
lower__20201115_160556_86_222c_3B_AnalyticMS_SR_8b_clip	lower	2020-11-15	2020-11	/scrfs/storage/thanyu/home/data/analytic_8b_sr_udm2/Lower/2020_11_cc31b59f-00b7-4460-b59c-69397cbac98c/cc31b59f-00b7-4460-b59c-69397cbac98c/PSScene/20201115_160556_86_222c_3B_AnalyticMS_SR_8b_clip.tif	empty_patch	1	pm5	3	2020-11-14	1
lower__20201116_160447_02_220b_3B_AnalyticMS_SR_8b_clip	lower	2020-11-16	2020-11	/scrfs/storage/thanyu/home/data/analytic_8b_sr_udm2/Lower/2020_11_cc31b59f-00b7-4460-b59c-69397cbac98c/cc31b59f-00b7-4460-b59c-69397cbac98c/PSScene/20201116_160447_02_220b_3B_AnalyticMS_SR_8b_clip.tif	empty_patch	1	pm5	4	2020-11-14	2
lower__20201116_161000_47_222f_3B_AnalyticMS_SR_8b_clip	lower	2020-11-16	2020-11	/scrfs/storage/thanyu/home/data/analytic_8b_sr_udm2/Lower/2020_11_cc31b59f-00b7-4460-b59c-69397cbac98c/cc31b59f-00b7-4460-b59c-69397cbac98c/PSScene/20201116_161000_47_222f_3B_AnalyticMS_SR_8b_clip.tif	empty_patch	1	pm5	4	2020-11-14	2
lower__20201117_160206_84_2251_3B_AnalyticMS_SR_8b_clip	lower	2020-11-17	2020-11	/scrfs/storage/thanyu/home/data/analytic_8b_sr_udm2/Lower/2020_11_cc31b59f-00b7-4460-b59c-69397cbac98c/cc31b59f-00b7-4460-b59c-69397cbac98c/PSScene/20201117_160206_84_2251_3B_AnalyticMS_SR_8b_clip.tif	no_overlap	1	pm5	1	2020-11-21	4
lower__20201118_155728_37_222b_3B_AnalyticMS_SR_8b_clip	lower	2020-11-18	2020-11	/scrfs/storage/thanyu/home/data/analytic_8b_sr_udm2/Lower/2020_11_cc31b59f-00b7-4460-b59c-69397cbac98c/cc31b59f-00b7-4460-b59c-69397cbac98c/PSScene/20201118_155728_37_222b_3B_AnalyticMS_SR_8b_clip.tif	empty_patch	1	pm5	1	2020-11-21	3
lower__20201118_160724_53_2278_3B_AnalyticMS_SR_8b_clip	lower	2020-11-18	2020-11	/scrfs/storage/thanyu/home/data/analytic_8b_sr_udm2/Lower/2020_11_cc31b59f-00b7-4460-b59c-69397cbac98c/cc31b59f-00b7-4460-b59c-69397cbac98c/PSScene/20201118_160724_53_2278_3B_AnalyticMS_SR_8b_clip.tif	empty_patch	1	pm5	3	2020-11-19	1
lower__20201118_164634_93_2408_3B_AnalyticMS_SR_8b_clip	lower	2020-11-18	2020-11	/scrfs/storage/thanyu/home/data/analytic_8b_sr_udm2/Lower/2020_11_cc31b59f-00b7-4460-b59c-69397cbac98c/cc31b59f-00b7-4460-b59c-69397cbac98c/PSScene/20201118_164634_93_2408_3B_AnalyticMS_SR_8b_clip.tif	empty_patch	1	pm5	1	2020-11-21	3
lower__20201118_165029_65_2401_3B_AnalyticMS_SR_8b_clip	lower	2020-11-18	2020-11	/scrfs/storage/thanyu/home/data/analytic_8b_sr_udm2/Lower/2020_11_cc31b59f-00b7-4460-b59c-69397cbac98c/cc31b59f-00b7-4460-b59c-69397cbac98c/PSScene/20201118_165029_65_2401_3B_AnalyticMS_SR_8b_clip.tif	empty_patch	1	pm5	3	2020-11-19	1
lower__20201118_165922_35_227b_3B_AnalyticMS_SR_8b_clip	lower	2020-11-18	2020-11	/scrfs/storage/thanyu/home/data/analytic_8b_sr_udm2/Lower/2020_11_cc31b59f-00b7-4460-b59c-69397cbac98c/cc31b59f-00b7-4460-b59c-69397cbac98c/PSScene/20201118_165922_35_227b_3B_AnalyticMS_SR_8b_clip.tif	empty_patch	1	pm5	3	2020-11-19	1
lower__20201119_165159_23_225b_3B_AnalyticMS_SR_8b_clip	lower	2020-11-19	2020-11	/scrfs/storage/thanyu/home/data/analytic_8b_sr_udm2/Lower/2020_11_cc31b59f-00b7-4460-b59c-69397cbac98c/cc31b59f-00b7-4460-b59c-69397cbac98c/PSScene/20201119_165159_23_225b_3B_AnalyticMS_SR_8b_clip.tif	empty_patch	1	pm5	1	2020-11-21	2
lower__20201119_165457_47_2416_3B_AnalyticMS_SR_8b_clip	lower	2020-11-19	2020-11	/scrfs/storage/thanyu/home/data/analytic_8b_sr_udm2/Lower/2020_11_cc31b59f-00b7-4460-b59c-69397cbac98c/cc31b59f-00b7-4460-b59c-69397cbac98c/PSScene/20201119_165457_47_2416_3B_AnalyticMS_SR_8b_clip.tif	planet_read_error	1	pm5	3	2020-11-19	0
lower__20200326_160122_10_2277_3B_AnalyticMS_SR_8b_clip	lower	2020-03-26	2020-03	/scrfs/storage/thanyu/home/data/analytic_8b_sr_udm2/Lower/2020_03_cf5b8a65-366f-4b70-946f-44166d008371/cf5b8a65-366f-4b70-946f-44166d008371/PSScene/20200326_160122_10_2277_3B_AnalyticMS_SR_8b_clip.tif	empty_patch	1	pm5	4	2020-03-26	0
lower__20200518_160607_87_2304_3B_AnalyticMS_SR_8b_clip	lower	2020-05-18	2020-05	/scrfs/storage/thanyu/home/data/analytic_8b_sr_udm2/Lower/2020_05_347144c1-6706-4f8a-bb48-becf953da024/347144c1-6706-4f8a-bb48-becf953da024/PSScene/20200518_160607_87_2304_3B_AnalyticMS_SR_8b_clip.tif	empty_patch	1	pm5	4	2020-05-18	0
lower__20200710_160530_85_2277_3B_AnalyticMS_SR_8b_clip	lower	2020-07-10	2020-07	/scrfs/storage/thanyu/home/data/analytic_8b_sr_udm2/Lower/2020_07_fa1621d8-017b-4bb1-9d9f-030250057dab/fa1621d8-017b-4bb1-9d9f-030250057dab/PSScene/20200710_160530_85_2277_3B_AnalyticMS_SR_8b_clip.tif	empty_patch	1	pm5	2	2020-07-12	2
lower__20200718_160606_67_2259_3B_AnalyticMS_SR_8b_clip	lower	2020-07-18	2020-07	/scrfs/storage/thanyu/home/data/analytic_8b_sr_udm2/Lower/2020_07_fa1621d8-017b-4bb1-9d9f-030250057dab/fa1621d8-017b-4bb1-9d9f-030250057dab/PSScene/20200718_160606_67_2259_3B_AnalyticMS_SR_8b_clip.tif	empty_patch	1	pm5	4	2020-07-17	1
lower__20200910_155434_80_2206_3B_AnalyticMS_SR_8b_clip	lower	2020-09-10	2020-09	/scrfs/storage/thanyu/home/data/analytic_8b_sr_udm2/Lower/2020_09_81157e7e-4169-49ad-8e40-ecee46d8a07e/81157e7e-4169-49ad-8e40-ecee46d8a07e/PSScene/20200910_155434_80_2206_3B_AnalyticMS_SR_8b_clip.tif	no_overlap	1	pm5	2	2020-09-12	2
lower__20200914_165138_75_2424_3B_AnalyticMS_SR_8b_clip	lower	2020-09-14	2020-09	/scrfs/storage/thanyu/home/data/analytic_8b_sr_udm2/Lower/2020_09_81157e7e-4169-49ad-8e40-ecee46d8a07e/81157e7e-4169-49ad-8e40-ecee46d8a07e/PSScene/20200914_165138_75_2424_3B_AnalyticMS_SR_8b_clip.tif	empty_patch	1	pm5	2	2020-09-12	2
lower__20200914_165213_61_2419_3B_AnalyticMS_SR_8b_clip	lower	2020-09-14	2020-09	/scrfs/storage/thanyu/home/data/analytic_8b_sr_udm2/Lower/2020_09_81157e7e-4169-49ad-8e40-ecee46d8a07e/81157e7e-4169-49ad-8e40-ecee46d8a07e/PSScene/20200914_165213_61_2419_3B_AnalyticMS_SR_8b_clip.tif	empty_patch	1	pm5	2	2020-09-12	2
lower__20200917_160033_65_2278_3B_AnalyticMS_SR_8b_clip	lower	2020-09-17	2020-09	/scrfs/storage/thanyu/home/data/analytic_8b_sr_udm2/Lower/2020_09_81157e7e-4169-49ad-8e40-ecee46d8a07e/81157e7e-4169-49ad-8e40-ecee46d8a07e/PSScene/20200917_160033_65_2278_3B_AnalyticMS_SR_8b_clip.tif	empty_patch	1	pm5	3	2020-09-17	0
lower__20201110_160951_15_2279_3B_AnalyticMS_SR_8b_clip	lower	2020-11-10	2020-11	/scrfs/storage/thanyu/home/data/analytic_8b_sr_udm2/Lower/2020_11_cc31b59f-00b7-4460-b59c-69397cbac98c/cc31b59f-00b7-4460-b59c-69397cbac98c/PSScene/20201110_160951_15_2279_3B_AnalyticMS_SR_8b_clip.tif	planet_read_error	1	pm5	4	2020-11-09	1
lower__20201111_161037_54_2264_3B_AnalyticMS_SR_8b_clip	lower	2020-11-11	2020-11	/scrfs/storage/thanyu/home/data/analytic_8b_sr_udm2/Lower/2020_11_cc31b59f-00b7-4460-b59c-69397cbac98c/cc31b59f-00b7-4460-b59c-69397cbac98c/PSScene/20201111_161037_54_2264_3B_AnalyticMS_SR_8b_clip.tif	empty_patch	1	pm5	4	2020-11-11	0
lower__20201112_160133_33_2262_3B_AnalyticMS_SR_8b_clip	lower	2020-11-12	2020-11	/scrfs/storage/thanyu/home/data/analytic_8b_sr_udm2/Lower/2020_11_cc31b59f-00b7-4460-b59c-69397cbac98c/cc31b59f-00b7-4460-b59c-69397cbac98c/PSScene/20201112_160133_33_2262_3B_AnalyticMS_SR_8b_clip.tif	empty_patch	1	pm5	1	2020-11-11	1
lower__20201112_165524_10_2407_3B_AnalyticMS_SR_8b_clip	lower	2020-11-12	2020-11	/scrfs/storage/thanyu/home/data/analytic_8b_sr_udm2/Lower/2020_11_cc31b59f-00b7-4460-b59c-69397cbac98c/cc31b59f-00b7-4460-b59c-69397cbac98c/PSScene/20201112_165524_10_2407_3B_AnalyticMS_SR_8b_clip.tif	planet_read_error	1	pm5	3	2020-11-11	1
lower__20201112_170106_57_2413_3B_AnalyticMS_SR_8b_clip	lower	2020-11-12	2020-11	/scrfs/storage/thanyu/home/data/analytic_8b_sr_udm2/Lower/2020_11_b0121492-7902-41de-9b36-dc9af277c715/b0121492-7902-41de-9b36-dc9af277c715/PSScene/20201112_170106_57_2413_3B_AnalyticMS_SR_8b_clip.tif	empty_patch	1	pm5	2	2020-11-14	2
lower__20201113_164842_72_227c_3B_AnalyticMS_SR_8b_clip	lower	2020-11-13	2020-11	/scrfs/storage/thanyu/home/data/analytic_8b_sr_udm2/Lower/2020_11_b0121492-7902-41de-9b36-dc9af277c715/b0121492-7902-41de-9b36-dc9af277c715/PSScene/20201113_164842_72_227c_3B_AnalyticMS_SR_8b_clip.tif	empty_patch	1	pm5	1	2020-11-11	2
lower__20201115_160559_07_222c_3B_AnalyticMS_SR_8b_clip	lower	2020-11-15	2020-11	/scrfs/storage/thanyu/home/data/analytic_8b_sr_udm2/Lower/2020_11_cc31b59f-00b7-4460-b59c-69397cbac98c/cc31b59f-00b7-4460-b59c-69397cbac98c/PSScene/20201115_160559_07_222c_3B_AnalyticMS_SR_8b_clip.tif	empty_patch	1	pm5	3	2020-11-14	1
lower__20201115_165232_75_241c_3B_AnalyticMS_SR_8b_clip	lower	2020-11-15	2020-11	/scrfs/storage/thanyu/home/data/analytic_8b_sr_udm2/Lower/2020_11_b0121492-7902-41de-9b36-dc9af277c715/b0121492-7902-41de-9b36-dc9af277c715/PSScene/20201115_165232_75_241c_3B_AnalyticMS_SR_8b_clip.tif	empty_patch	1	pm5	1	2020-11-11	4
lower__20201115_165449_17_2254_3B_AnalyticMS_SR_8b_clip	lower	2020-11-15	2020-11	/scrfs/storage/thanyu/home/data/analytic_8b_sr_udm2/Lower/2020_11_cc31b59f-00b7-4460-b59c-69397cbac98c/cc31b59f-00b7-4460-b59c-69397cbac98c/PSScene/20201115_165449_17_2254_3B_AnalyticMS_SR_8b_clip.tif	empty_patch	1	pm5	3	2020-11-14	1
lower__20201116_160824_51_227e_3B_AnalyticMS_SR_8b_clip	lower	2020-11-16	2020-11	/scrfs/storage/thanyu/home/data/analytic_8b_sr_udm2/Lower/2020_11_cc31b59f-00b7-4460-b59c-69397cbac98c/cc31b59f-00b7-4460-b59c-69397cbac98c/PSScene/20201116_160824_51_227e_3B_AnalyticMS_SR_8b_clip.tif	empty_patch	1	pm5	4	2020-11-14	2
lower__20201116_161137_63_2279_3B_AnalyticMS_SR_8b_clip	lower	2020-11-16	2020-11	/scrfs/storage/thanyu/home/data/analytic_8b_sr_udm2/Lower/2020_11_cc31b59f-00b7-4460-b59c-69397cbac98c/cc31b59f-00b7-4460-b59c-69397cbac98c/PSScene/20201116_161137_63_2279_3B_AnalyticMS_SR_8b_clip.tif	empty_patch	1	pm5	2	2020-11-14	2
lower__20201117_160209_09_2251_3B_AnalyticMS_SR_8b_clip	lower	2020-11-17	2020-11	/scrfs/storage/thanyu/home/data/analytic_8b_sr_udm2/Lower/2020_11_cc31b59f-00b7-4460-b59c-69397cbac98c/cc31b59f-00b7-4460-b59c-69397cbac98c/PSScene/20201117_160209_09_2251_3B_AnalyticMS_SR_8b_clip.tif	no_overlap	1	pm5	1	2020-11-21	4
lower__20201118_155730_58_222b_3B_AnalyticMS_SR_8b_clip	lower	2020-11-18	2020-11	/scrfs/storage/thanyu/home/data/analytic_8b_sr_udm2/Lower/2020_11_cc31b59f-00b7-4460-b59c-69397cbac98c/cc31b59f-00b7-4460-b59c-69397cbac98c/PSScene/20201118_155730_58_222b_3B_AnalyticMS_SR_8b_clip.tif	planet_read_error	1	pm5	1	2020-11-21	3
lower__20201118_160726_74_2278_3B_AnalyticMS_SR_8b_clip	lower	2020-11-18	2020-11	/scrfs/storage/thanyu/home/data/analytic_8b_sr_udm2/Lower/2020_11_cc31b59f-00b7-4460-b59c-69397cbac98c/cc31b59f-00b7-4460-b59c-69397cbac98c/PSScene/20201118_160726_74_2278_3B_AnalyticMS_SR_8b_clip.tif	empty_patch	1	pm5	3	2020-11-19	1
lower__20201118_160849_63_2441_3B_AnalyticMS_SR_8b_clip	lower	2020-11-18	2020-11	/scrfs/storage/thanyu/home/data/analytic_8b_sr_udm2/Lower/2020_11_cc31b59f-00b7-4460-b59c-69397cbac98c/cc31b59f-00b7-4460-b59c-69397cbac98c/PSScene/20201118_160849_63_2441_3B_AnalyticMS_SR_8b_clip.tif	planet_read_error	1	pm5	3	2020-11-19	1
lower__20201118_164637_20_2408_3B_AnalyticMS_SR_8b_clip	lower	2020-11-18	2020-11	/scrfs/storage/thanyu/home/data/analytic_8b_sr_udm2/Lower/2020_11_cc31b59f-00b7-4460-b59c-69397cbac98c/cc31b59f-00b7-4460-b59c-69397cbac98c/PSScene/20201118_164637_20_2408_3B_AnalyticMS_SR_8b_clip.tif	empty_patch	1	pm5	1	2020-11-21	3
lower__20201118_165032_12_2401_3B_AnalyticMS_SR_8b_clip	lower	2020-11-18	2020-11	/scrfs/storage/thanyu/home/data/analytic_8b_sr_udm2/Lower/2020_11_cc31b59f-00b7-4460-b59c-69397cbac98c/cc31b59f-00b7-4460-b59c-69397cbac98c/PSScene/20201118_165032_12_2401_3B_AnalyticMS_SR_8b_clip.tif	planet_read_error	1	pm5	3	2020-11-19	1
lower__20201119_160547_40_2271_3B_AnalyticMS_SR_8b_clip	lower	2020-11-19	2020-11	/scrfs/storage/thanyu/home/data/analytic_8b_sr_udm2/Lower/2020_11_cc31b59f-00b7-4460-b59c-69397cbac98c/cc31b59f-00b7-4460-b59c-69397cbac98c/PSScene/20201119_160547_40_2271_3B_AnalyticMS_SR_8b_clip.tif	empty_patch	1	pm5	3	2020-11-19	0
lower__20201119_165058_10_240f_3B_AnalyticMS_SR_8b_clip	lower	2020-11-19	2020-11	/scrfs/storage/thanyu/home/data/analytic_8b_sr_udm2/Lower/2020_11_cc31b59f-00b7-4460-b59c-69397cbac98c/cc31b59f-00b7-4460-b59c-69397cbac98c/PSScene/20201119_165058_10_240f_3B_AnalyticMS_SR_8b_clip.tif	empty_patch	1	pm5	1	2020-11-21	2
lower__20201119_165201_60_225b_3B_AnalyticMS_SR_8b_clip	lower	2020-11-19	2020-11	/scrfs/storage/thanyu/home/data/analytic_8b_sr_udm2/Lower/2020_11_cc31b59f-00b7-4460-b59c-69397cbac98c/cc31b59f-00b7-4460-b59c-69397cbac98c/PSScene/20201119_165201_60_225b_3B_AnalyticMS_SR_8b_clip.tif	planet_read_error	1	pm5	1	2020-11-21	2
lower__20201119_165811_08_2407_3B_AnalyticMS_SR_8b_clip	lower	2020-11-19	2020-11	/scrfs/storage/thanyu/home/data/analytic_8b_sr_udm2/Lower/2020_11_cc31b59f-00b7-4460-b59c-69397cbac98c/cc31b59f-00b7-4460-b59c-69397cbac98c/PSScene/20201119_165811_08_2407_3B_AnalyticMS_SR_8b_clip.tif	empty_patch	1	pm5	3	2020-11-19	0
lower__20200518_160610_07_2304_3B_AnalyticMS_SR_8b_clip	lower	2020-05-18	2020-05	/scrfs/storage/thanyu/home/data/analytic_8b_sr_udm2/Lower/2020_05_347144c1-6706-4f8a-bb48-becf953da024/347144c1-6706-4f8a-bb48-becf953da024/PSScene/20200518_160610_07_2304_3B_AnalyticMS_SR_8b_clip.tif	empty_patch	1	pm5	4	2020-05-18	0
lower__20200712_155903_42_2271_3B_AnalyticMS_SR_8b_clip	lower	2020-07-12	2020-07	/scrfs/storage/thanyu/home/data/analytic_8b_sr_udm2/Lower/2020_07_fa1621d8-017b-4bb1-9d9f-030250057dab/fa1621d8-017b-4bb1-9d9f-030250057dab/PSScene/20200712_155903_42_2271_3B_AnalyticMS_SR_8b_clip.tif	empty_patch	1	pm5	2	2020-07-14	2
lower__20200718_160608_87_2259_3B_AnalyticMS_SR_8b_clip	lower	2020-07-18	2020-07	/scrfs/storage/thanyu/home/data/analytic_8b_sr_udm2/Lower/2020_07_fa1621d8-017b-4bb1-9d9f-030250057dab/fa1621d8-017b-4bb1-9d9f-030250057dab/PSScene/20200718_160608_87_2259_3B_AnalyticMS_SR_8b_clip.tif	empty_patch	1	pm5	4	2020-07-17	1
lower__20200910_155437_01_2206_3B_AnalyticMS_SR_8b_clip	lower	2020-09-10	2020-09	/scrfs/storage/thanyu/home/data/analytic_8b_sr_udm2/Lower/2020_09_81157e7e-4169-49ad-8e40-ecee46d8a07e/81157e7e-4169-49ad-8e40-ecee46d8a07e/PSScene/20200910_155437_01_2206_3B_AnalyticMS_SR_8b_clip.tif	no_overlap	1	pm5	2	2020-09-12	2
lower__20200914_165141_09_2424_3B_AnalyticMS_SR_8b_clip	lower	2020-09-14	2020-09	/scrfs/storage/thanyu/home/data/analytic_8b_sr_udm2/Lower/2020_09_81157e7e-4169-49ad-8e40-ecee46d8a07e/81157e7e-4169-49ad-8e40-ecee46d8a07e/PSScene/20200914_165141_09_2424_3B_AnalyticMS_SR_8b_clip.tif	empty_patch	1	pm5	2	2020-09-12	2
lower__20200917_160036_04_2278_3B_AnalyticMS_SR_8b_clip	lower	2020-09-17	2020-09	/scrfs/storage/thanyu/home/data/analytic_8b_sr_udm2/Lower/2020_09_81157e7e-4169-49ad-8e40-ecee46d8a07e/81157e7e-4169-49ad-8e40-ecee46d8a07e/PSScene/20200917_160036_04_2278_3B_AnalyticMS_SR_8b_clip.tif	empty_patch	1	pm5	3	2020-09-17	0
lower__20201110_160953_40_2279_3B_AnalyticMS_SR_8b_clip	lower	2020-11-10	2020-11	/scrfs/storage/thanyu/home/data/analytic_8b_sr_udm2/Lower/2020_11_cc31b59f-00b7-4460-b59c-69397cbac98c/cc31b59f-00b7-4460-b59c-69397cbac98c/PSScene/20201110_160953_40_2279_3B_AnalyticMS_SR_8b_clip.tif	empty_patch	1	pm5	4	2020-11-09	1
lower__20201112_160135_61_2262_3B_AnalyticMS_SR_8b_clip	lower	2020-11-12	2020-11	/scrfs/storage/thanyu/home/data/analytic_8b_sr_udm2/Lower/2020_11_cc31b59f-00b7-4460-b59c-69397cbac98c/cc31b59f-00b7-4460-b59c-69397cbac98c/PSScene/20201112_160135_61_2262_3B_AnalyticMS_SR_8b_clip.tif	empty_patch	1	pm5	1	2020-11-11	1
lower__20201112_165347_15_2274_3B_AnalyticMS_SR_8b_clip	lower	2020-11-12	2020-11	/scrfs/storage/thanyu/home/data/analytic_8b_sr_udm2/Lower/2020_11_cc31b59f-00b7-4460-b59c-69397cbac98c/cc31b59f-00b7-4460-b59c-69397cbac98c/PSScene/20201112_165347_15_2274_3B_AnalyticMS_SR_8b_clip.tif	planet_read_error	1	pm5	1	2020-11-11	1
lower__20201112_165525_30_2412_3B_AnalyticMS_SR_8b_clip	lower	2020-11-12	2020-11	/scrfs/storage/thanyu/home/data/analytic_8b_sr_udm2/Lower/2020_11_b0121492-7902-41de-9b36-dc9af277c715/b0121492-7902-41de-9b36-dc9af277c715/PSScene/20201112_165525_30_2412_3B_AnalyticMS_SR_8b_clip.tif	empty_patch	1	pm5	3	2020-11-11	1
lower__20201112_170108_84_2413_3B_AnalyticMS_SR_8b_clip	lower	2020-11-12	2020-11	/scrfs/storage/thanyu/home/data/analytic_8b_sr_udm2/Lower/2020_11_b0121492-7902-41de-9b36-dc9af277c715/b0121492-7902-41de-9b36-dc9af277c715/PSScene/20201112_170108_84_2413_3B_AnalyticMS_SR_8b_clip.tif	empty_patch	1	pm5	2	2020-11-14	2
lower__20201113_164847_43_227c_3B_AnalyticMS_SR_8b_clip	lower	2020-11-13	2020-11	/scrfs/storage/thanyu/home/data/analytic_8b_sr_udm2/Lower/2020_11_b0121492-7902-41de-9b36-dc9af277c715/b0121492-7902-41de-9b36-dc9af277c715/PSScene/20201113_164847_43_227c_3B_AnalyticMS_SR_8b_clip.tif	empty_patch	1	pm5	1	2020-11-11	2
lower__20201115_155919_01_2212_3B_AnalyticMS_SR_8b_clip	lower	2020-11-15	2020-11	/scrfs/storage/thanyu/home/data/analytic_8b_sr_udm2/Lower/2020_11_cc31b59f-00b7-4460-b59c-69397cbac98c/cc31b59f-00b7-4460-b59c-69397cbac98c/PSScene/20201115_155919_01_2212_3B_AnalyticMS_SR_8b_clip.tif	empty_patch	1	pm5	1	2020-11-11	4
lower__20201115_165235_11_241c_3B_AnalyticMS_SR_8b_clip	lower	2020-11-15	2020-11	/scrfs/storage/thanyu/home/data/analytic_8b_sr_udm2/Lower/2020_11_b0121492-7902-41de-9b36-dc9af277c715/b0121492-7902-41de-9b36-dc9af277c715/PSScene/20201115_165235_11_241c_3B_AnalyticMS_SR_8b_clip.tif	empty_patch	1	pm5	1	2020-11-11	4
lower__20201115_165451_52_2254_3B_AnalyticMS_SR_8b_clip	lower	2020-11-15	2020-11	/scrfs/storage/thanyu/home/data/analytic_8b_sr_udm2/Lower/2020_11_cc31b59f-00b7-4460-b59c-69397cbac98c/cc31b59f-00b7-4460-b59c-69397cbac98c/PSScene/20201115_165451_52_2254_3B_AnalyticMS_SR_8b_clip.tif	empty_patch	1	pm5	3	2020-11-14	1
lower__20201116_160451_44_220b_3B_AnalyticMS_SR_8b_clip	lower	2020-11-16	2020-11	/scrfs/storage/thanyu/home/data/analytic_8b_sr_udm2/Lower/2020_11_cc31b59f-00b7-4460-b59c-69397cbac98c/cc31b59f-00b7-4460-b59c-69397cbac98c/PSScene/20201116_160451_44_220b_3B_AnalyticMS_SR_8b_clip.tif	empty_patch	1	pm5	4	2020-11-14	2
lower__20201116_161139_88_2279_3B_AnalyticMS_SR_8b_clip	lower	2020-11-16	2020-11	/scrfs/storage/thanyu/home/data/analytic_8b_sr_udm2/Lower/2020_11_cc31b59f-00b7-4460-b59c-69397cbac98c/cc31b59f-00b7-4460-b59c-69397cbac98c/PSScene/20201116_161139_88_2279_3B_AnalyticMS_SR_8b_clip.tif	empty_patch	1	pm5	2	2020-11-14	2
lower__20201117_160213_59_2251_3B_AnalyticMS_SR_8b_clip	lower	2020-11-17	2020-11	/scrfs/storage/thanyu/home/data/analytic_8b_sr_udm2/Lower/2020_11_cc31b59f-00b7-4460-b59c-69397cbac98c/cc31b59f-00b7-4460-b59c-69397cbac98c/PSScene/20201117_160213_59_2251_3B_AnalyticMS_SR_8b_clip.tif	empty_patch	1	pm5	1	2020-11-21	4
lower__20201118_160512_51_2264_3B_AnalyticMS_SR_8b_clip	lower	2020-11-18	2020-11	/scrfs/storage/thanyu/home/data/analytic_8b_sr_udm2/Lower/2020_11_cc31b59f-00b7-4460-b59c-69397cbac98c/cc31b59f-00b7-4460-b59c-69397cbac98c/PSScene/20201118_160512_51_2264_3B_AnalyticMS_SR_8b_clip.tif	planet_read_error	1	pm5	1	2020-11-21	3
lower__20201118_160728_96_2278_3B_AnalyticMS_SR_8b_clip	lower	2020-11-18	2020-11	/scrfs/storage/thanyu/home/data/analytic_8b_sr_udm2/Lower/2020_11_cc31b59f-00b7-4460-b59c-69397cbac98c/cc31b59f-00b7-4460-b59c-69397cbac98c/PSScene/20201118_160728_96_2278_3B_AnalyticMS_SR_8b_clip.tif	empty_patch	1	pm5	3	2020-11-19	1
lower__20201118_160851_91_2441_3B_AnalyticMS_SR_8b_clip	lower	2020-11-18	2020-11	/scrfs/storage/thanyu/home/data/analytic_8b_sr_udm2/Lower/2020_11_cc31b59f-00b7-4460-b59c-69397cbac98c/cc31b59f-00b7-4460-b59c-69397cbac98c/PSScene/20201118_160851_91_2441_3B_AnalyticMS_SR_8b_clip.tif	empty_patch	1	pm5	3	2020-11-19	1
lower__20201118_164946_18_240c_3B_AnalyticMS_SR_8b_clip	lower	2020-11-18	2020-11	/scrfs/storage/thanyu/home/data/analytic_8b_sr_udm2/Lower/2020_11_cc31b59f-00b7-4460-b59c-69397cbac98c/cc31b59f-00b7-4460-b59c-69397cbac98c/PSScene/20201118_164946_18_240c_3B_AnalyticMS_SR_8b_clip.tif	empty_patch	1	pm5	1	2020-11-21	3
lower__20201118_165034_59_2401_3B_AnalyticMS_SR_8b_clip	lower	2020-11-18	2020-11	/scrfs/storage/thanyu/home/data/analytic_8b_sr_udm2/Lower/2020_11_cc31b59f-00b7-4460-b59c-69397cbac98c/cc31b59f-00b7-4460-b59c-69397cbac98c/PSScene/20201118_165034_59_2401_3B_AnalyticMS_SR_8b_clip.tif	empty_patch	1	pm5	3	2020-11-19	1
lower__20201119_165059_58_227b_3B_AnalyticMS_SR_8b_clip	lower	2020-11-19	2020-11	/scrfs/storage/thanyu/home/data/analytic_8b_sr_udm2/Lower/2020_11_cc31b59f-00b7-4460-b59c-69397cbac98c/cc31b59f-00b7-4460-b59c-69397cbac98c/PSScene/20201119_165059_58_227b_3B_AnalyticMS_SR_8b_clip.tif	empty_patch	1	pm5	1	2020-11-21	2
lower__20201119_165502_19_2416_3B_AnalyticMS_SR_8b_clip	lower	2020-11-19	2020-11	/scrfs/storage/thanyu/home/data/analytic_8b_sr_udm2/Lower/2020_11_cc31b59f-00b7-4460-b59c-69397cbac98c/cc31b59f-00b7-4460-b59c-69397cbac98c/PSScene/20201119_165502_19_2416_3B_AnalyticMS_SR_8b_clip.tif	planet_read_error	1	pm5	3	2020-11-19	0
lower__20201119_165811_99_227a_3B_AnalyticMS_SR_8b_clip	lower	2020-11-19	2020-11	/scrfs/storage/thanyu/home/data/analytic_8b_sr_udm2/Lower/2020_11_cc31b59f-00b7-4460-b59c-69397cbac98c/cc31b59f-00b7-4460-b59c-69397cbac98c/PSScene/20201119_165811_99_227a_3B_AnalyticMS_SR_8b_clip.tif	empty_patch	1	pm5	3	2020-11-19	0
lower__20200326_160125_70_2277_3B_AnalyticMS_SR_8b_clip	lower	2020-03-26	2020-03	/scrfs/storage/thanyu/home/data/analytic_8b_sr_udm2/Lower/2020_03_cf5b8a65-366f-4b70-946f-44166d008371/cf5b8a65-366f-4b70-946f-44166d008371/PSScene/20200326_160125_70_2277_3B_AnalyticMS_SR_8b_clip.tif	empty_patch	1	pm5	4	2020-03-26	0
lower__20200518_160612_28_2304_3B_AnalyticMS_SR_8b_clip	lower	2020-05-18	2020-05	/scrfs/storage/thanyu/home/data/analytic_8b_sr_udm2/Lower/2020_05_347144c1-6706-4f8a-bb48-becf953da024/347144c1-6706-4f8a-bb48-becf953da024/PSScene/20200518_160612_28_2304_3B_AnalyticMS_SR_8b_clip.tif	empty_patch	1	pm5	4	2020-05-18	0
lower__20200712_155905_61_2271_3B_AnalyticMS_SR_8b_clip	lower	2020-07-12	2020-07	/scrfs/storage/thanyu/home/data/analytic_8b_sr_udm2/Lower/2020_07_fa1621d8-017b-4bb1-9d9f-030250057dab/fa1621d8-017b-4bb1-9d9f-030250057dab/PSScene/20200712_155905_61_2271_3B_AnalyticMS_SR_8b_clip.tif	empty_patch	1	pm5	2	2020-07-14	2
lower__20200718_160611_08_2259_3B_AnalyticMS_SR_8b_clip	lower	2020-07-18	2020-07	/scrfs/storage/thanyu/home/data/analytic_8b_sr_udm2/Lower/2020_07_fa1621d8-017b-4bb1-9d9f-030250057dab/fa1621d8-017b-4bb1-9d9f-030250057dab/PSScene/20200718_160611_08_2259_3B_AnalyticMS_SR_8b_clip.tif	empty_patch	1	pm5	4	2020-07-17	1
lower__20200910_155439_22_2206_3B_AnalyticMS_SR_8b_clip	lower	2020-09-10	2020-09	/scrfs/storage/thanyu/home/data/analytic_8b_sr_udm2/Lower/2020_09_81157e7e-4169-49ad-8e40-ecee46d8a07e/81157e7e-4169-49ad-8e40-ecee46d8a07e/PSScene/20200910_155439_22_2206_3B_AnalyticMS_SR_8b_clip.tif	empty_patch	1	pm5	2	2020-09-12	2
lower__20200910_160148_32_222c_3B_AnalyticMS_SR_8b_clip	lower	2020-09-10	2020-09	/scrfs/storage/thanyu/home/data/analytic_8b_sr_udm2/Lower/2020_09_81157e7e-4169-49ad-8e40-ecee46d8a07e/81157e7e-4169-49ad-8e40-ecee46d8a07e/PSScene/20200910_160148_32_222c_3B_AnalyticMS_SR_8b_clip.tif	empty_patch	1	pm5	5	2020-09-10	0
lower__20200914_165143_44_2424_3B_AnalyticMS_SR_8b_clip	lower	2020-09-14	2020-09	/scrfs/storage/thanyu/home/data/analytic_8b_sr_udm2/Lower/2020_09_81157e7e-4169-49ad-8e40-ecee46d8a07e/81157e7e-4169-49ad-8e40-ecee46d8a07e/PSScene/20200914_165143_44_2424_3B_AnalyticMS_SR_8b_clip.tif	empty_patch	1	pm5	2	2020-09-12	2
lower__20200915_160311_09_222f_3B_AnalyticMS_SR_8b_clip	lower	2020-09-15	2020-09	/scrfs/storage/thanyu/home/data/analytic_8b_sr_udm2/Lower/2020_09_81157e7e-4169-49ad-8e40-ecee46d8a07e/81157e7e-4169-49ad-8e40-ecee46d8a07e/PSScene/20200915_160311_09_222f_3B_AnalyticMS_SR_8b_clip.tif	empty_patch	1	pm5	2	2020-09-17	2
lower__20200917_160038_44_2278_3B_AnalyticMS_SR_8b_clip	lower	2020-09-17	2020-09	/scrfs/storage/thanyu/home/data/analytic_8b_sr_udm2/Lower/2020_09_81157e7e-4169-49ad-8e40-ecee46d8a07e/81157e7e-4169-49ad-8e40-ecee46d8a07e/PSScene/20200917_160038_44_2278_3B_AnalyticMS_SR_8b_clip.tif	empty_patch	1	pm5	3	2020-09-17	0
lower__20201111_161239_18_2441_3B_AnalyticMS_SR_8b_clip	lower	2020-11-11	2020-11	/scrfs/storage/thanyu/home/data/analytic_8b_sr_udm2/Lower/2020_11_cc31b59f-00b7-4460-b59c-69397cbac98c/cc31b59f-00b7-4460-b59c-69397cbac98c/PSScene/20201111_161239_18_2441_3B_AnalyticMS_SR_8b_clip.tif	empty_patch	1	pm5	2	2020-11-09	2
lower__20201112_164748_66_240a_3B_AnalyticMS_SR_8b_clip	lower	2020-11-12	2020-11	/scrfs/storage/thanyu/home/data/analytic_8b_sr_udm2/Lower/2020_11_cc31b59f-00b7-4460-b59c-69397cbac98c/cc31b59f-00b7-4460-b59c-69397cbac98c/PSScene/20201112_164748_66_240a_3B_AnalyticMS_SR_8b_clip.tif	empty_patch	1	pm5	1	2020-11-11	1
lower__20201112_165349_50_2274_3B_AnalyticMS_SR_8b_clip	lower	2020-11-12	2020-11	/scrfs/storage/thanyu/home/data/analytic_8b_sr_udm2/Lower/2020_11_cc31b59f-00b7-4460-b59c-69397cbac98c/cc31b59f-00b7-4460-b59c-69397cbac98c/PSScene/20201112_165349_50_2274_3B_AnalyticMS_SR_8b_clip.tif	planet_read_error	1	pm5	1	2020-11-11	1
lower__20201113_164849_79_227c_3B_AnalyticMS_SR_8b_clip	lower	2020-11-13	2020-11	/scrfs/storage/thanyu/home/data/analytic_8b_sr_udm2/Lower/2020_11_b0121492-7902-41de-9b36-dc9af277c715/b0121492-7902-41de-9b36-dc9af277c715/PSScene/20201113_164849_79_227c_3B_AnalyticMS_SR_8b_clip.tif	empty_patch	1	pm5	1	2020-11-11	2
lower__20201115_160603_50_222c_3B_AnalyticMS_SR_8b_clip	lower	2020-11-15	2020-11	/scrfs/storage/thanyu/home/data/analytic_8b_sr_udm2/Lower/2020_11_cc31b59f-00b7-4460-b59c-69397cbac98c/cc31b59f-00b7-4460-b59c-69397cbac98c/PSScene/20201115_160603_50_222c_3B_AnalyticMS_SR_8b_clip.tif	empty_patch	1	pm5	3	2020-11-14	1
lower__20201116_160453_65_220b_3B_AnalyticMS_SR_8b_clip	lower	2020-11-16	2020-11	/scrfs/storage/thanyu/home/data/analytic_8b_sr_udm2/Lower/2020_11_cc31b59f-00b7-4460-b59c-69397cbac98c/cc31b59f-00b7-4460-b59c-69397cbac98c/PSScene/20201116_160453_65_220b_3B_AnalyticMS_SR_8b_clip.tif	empty_patch	1	pm5	4	2020-11-14	2
lower__20201116_161142_12_2279_3B_AnalyticMS_SR_8b_clip	lower	2020-11-16	2020-11	/scrfs/storage/thanyu/home/data/analytic_8b_sr_udm2/Lower/2020_11_cc31b59f-00b7-4460-b59c-69397cbac98c/cc31b59f-00b7-4460-b59c-69397cbac98c/PSScene/20201116_161142_12_2279_3B_AnalyticMS_SR_8b_clip.tif	empty_patch	1	pm5	2	2020-11-14	2
lower__20201117_160215_84_2251_3B_AnalyticMS_SR_8b_clip	lower	2020-11-17	2020-11	/scrfs/storage/thanyu/home/data/analytic_8b_sr_udm2/Lower/2020_11_cc31b59f-00b7-4460-b59c-69397cbac98c/cc31b59f-00b7-4460-b59c-69397cbac98c/PSScene/20201117_160215_84_2251_3B_AnalyticMS_SR_8b_clip.tif	empty_patch	1	pm5	1	2020-11-21	4
lower__20201118_160514_78_2264_3B_AnalyticMS_SR_8b_clip	lower	2020-11-18	2020-11	/scrfs/storage/thanyu/home/data/analytic_8b_sr_udm2/Lower/2020_11_cc31b59f-00b7-4460-b59c-69397cbac98c/cc31b59f-00b7-4460-b59c-69397cbac98c/PSScene/20201118_160514_78_2264_3B_AnalyticMS_SR_8b_clip.tif	planet_read_error	1	pm5	1	2020-11-21	3
lower__20201118_160731_18_2278_3B_AnalyticMS_SR_8b_clip	lower	2020-11-18	2020-11	/scrfs/storage/thanyu/home/data/analytic_8b_sr_udm2/Lower/2020_11_cc31b59f-00b7-4460-b59c-69397cbac98c/cc31b59f-00b7-4460-b59c-69397cbac98c/PSScene/20201118_160731_18_2278_3B_AnalyticMS_SR_8b_clip.tif	empty_patch	1	pm5	3	2020-11-19	1
lower__20201118_160856_47_2441_3B_AnalyticMS_SR_8b_clip	lower	2020-11-18	2020-11	/scrfs/storage/thanyu/home/data/analytic_8b_sr_udm2/Lower/2020_11_cc31b59f-00b7-4460-b59c-69397cbac98c/cc31b59f-00b7-4460-b59c-69397cbac98c/PSScene/20201118_160856_47_2441_3B_AnalyticMS_SR_8b_clip.tif	empty_patch	1	pm5	3	2020-11-19	1
lower__20201118_164948_45_240c_3B_AnalyticMS_SR_8b_clip	lower	2020-11-18	2020-11	/scrfs/storage/thanyu/home/data/analytic_8b_sr_udm2/Lower/2020_11_cc31b59f-00b7-4460-b59c-69397cbac98c/cc31b59f-00b7-4460-b59c-69397cbac98c/PSScene/20201118_164948_45_240c_3B_AnalyticMS_SR_8b_clip.tif	empty_patch	1	pm5	1	2020-11-21	3
lower__20201118_165929_46_227b_3B_AnalyticMS_SR_8b_clip	lower	2020-11-18	2020-11	/scrfs/storage/thanyu/home/data/analytic_8b_sr_udm2/Lower/2020_11_cc31b59f-00b7-4460-b59c-69397cbac98c/cc31b59f-00b7-4460-b59c-69397cbac98c/PSScene/20201118_165929_46_227b_3B_AnalyticMS_SR_8b_clip.tif	empty_patch	1	pm5	3	2020-11-19	1
lower__20201119_165100_47_240f_3B_AnalyticMS_SR_8b_clip	lower	2020-11-19	2020-11	/scrfs/storage/thanyu/home/data/analytic_8b_sr_udm2/Lower/2020_11_cc31b59f-00b7-4460-b59c-69397cbac98c/cc31b59f-00b7-4460-b59c-69397cbac98c/PSScene/20201119_165100_47_240f_3B_AnalyticMS_SR_8b_clip.tif	empty_patch	1	pm5	1	2020-11-21	2
lower__20201119_165815_63_2407_3B_AnalyticMS_SR_8b_clip	lower	2020-11-19	2020-11	/scrfs/storage/thanyu/home/data/analytic_8b_sr_udm2/Lower/2020_11_cc31b59f-00b7-4460-b59c-69397cbac98c/cc31b59f-00b7-4460-b59c-69397cbac98c/PSScene/20201119_165815_63_2407_3B_AnalyticMS_SR_8b_clip.tif	empty_patch	1	pm5	3	2020-11-19	0
lower__20200326_160127_51_2277_3B_AnalyticMS_SR_8b_clip	lower	2020-03-26	2020-03	/scrfs/storage/thanyu/home/data/analytic_8b_sr_udm2/Lower/2020_03_cf5b8a65-366f-4b70-946f-44166d008371/cf5b8a65-366f-4b70-946f-44166d008371/PSScene/20200326_160127_51_2277_3B_AnalyticMS_SR_8b_clip.tif	empty_patch	1	pm5	4	2020-03-26	0
lower__20200518_160614_48_2304_3B_AnalyticMS_SR_8b_clip	lower	2020-05-18	2020-05	/scrfs/storage/thanyu/home/data/analytic_8b_sr_udm2/Lower/2020_05_347144c1-6706-4f8a-bb48-becf953da024/347144c1-6706-4f8a-bb48-becf953da024/PSScene/20200518_160614_48_2304_3B_AnalyticMS_SR_8b_clip.tif	empty_patch	1	pm5	4	2020-05-18	0
lower__20200712_155907_80_2271_3B_AnalyticMS_SR_8b_clip	lower	2020-07-12	2020-07	/scrfs/storage/thanyu/home/data/analytic_8b_sr_udm2/Lower/2020_07_fa1621d8-017b-4bb1-9d9f-030250057dab/fa1621d8-017b-4bb1-9d9f-030250057dab/PSScene/20200712_155907_80_2271_3B_AnalyticMS_SR_8b_clip.tif	empty_patch	1	pm5	2	2020-07-14	2
lower__20200911_160140_57_2235_3B_AnalyticMS_SR_8b_clip	lower	2020-09-11	2020-09	/scrfs/storage/thanyu/home/data/analytic_8b_sr_udm2/Lower/2020_09_81157e7e-4169-49ad-8e40-ecee46d8a07e/81157e7e-4169-49ad-8e40-ecee46d8a07e/PSScene/20200911_160140_57_2235_3B_AnalyticMS_SR_8b_clip.tif	empty_patch	1	pm5	2	2020-09-12	1
lower__20200914_165145_79_2424_3B_AnalyticMS_SR_8b_clip	lower	2020-09-14	2020-09	/scrfs/storage/thanyu/home/data/analytic_8b_sr_udm2/Lower/2020_09_81157e7e-4169-49ad-8e40-ecee46d8a07e/81157e7e-4169-49ad-8e40-ecee46d8a07e/PSScene/20200914_165145_79_2424_3B_AnalyticMS_SR_8b_clip.tif	empty_patch	1	pm5	2	2020-09-12	2
lower__20200915_160313_43_222f_3B_AnalyticMS_SR_8b_clip	lower	2020-09-15	2020-09	/scrfs/storage/thanyu/home/data/analytic_8b_sr_udm2/Lower/2020_09_81157e7e-4169-49ad-8e40-ecee46d8a07e/81157e7e-4169-49ad-8e40-ecee46d8a07e/PSScene/20200915_160313_43_222f_3B_AnalyticMS_SR_8b_clip.tif	empty_patch	1	pm5	2	2020-09-17	2
lower__20201110_160957_91_2279_3B_AnalyticMS_SR_8b_clip	lower	2020-11-10	2020-11	/scrfs/storage/thanyu/home/data/analytic_8b_sr_udm2/Lower/2020_11_cc31b59f-00b7-4460-b59c-69397cbac98c/cc31b59f-00b7-4460-b59c-69397cbac98c/PSScene/20201110_160957_91_2279_3B_AnalyticMS_SR_8b_clip.tif	planet_read_error	1	pm5	4	2020-11-09	1
lower__20201111_161241_47_2441_3B_AnalyticMS_SR_8b_clip	lower	2020-11-11	2020-11	/scrfs/storage/thanyu/home/data/analytic_8b_sr_udm2/Lower/2020_11_cc31b59f-00b7-4460-b59c-69397cbac98c/cc31b59f-00b7-4460-b59c-69397cbac98c/PSScene/20201111_161241_47_2441_3B_AnalyticMS_SR_8b_clip.tif	empty_patch	1	pm5	4	2020-11-11	0
lower__20201112_155500_22_220b_3B_AnalyticMS_SR_8b_clip	lower	2020-11-12	2020-11	/scrfs/storage/thanyu/home/data/analytic_8b_sr_udm2/Lower/2020_11_b0121492-7902-41de-9b36-dc9af277c715/b0121492-7902-41de-9b36-dc9af277c715/PSScene/20201112_155500_22_220b_3B_AnalyticMS_SR_8b_clip.tif	empty_patch	1	pm5	1	2020-11-11	1
lower__20201112_164751_01_240a_3B_AnalyticMS_SR_8b_clip	lower	2020-11-12	2020-11	/scrfs/storage/thanyu/home/data/analytic_8b_sr_udm2/Lower/2020_11_cc31b59f-00b7-4460-b59c-69397cbac98c/cc31b59f-00b7-4460-b59c-69397cbac98c/PSScene/20201112_164751_01_240a_3B_AnalyticMS_SR_8b_clip.tif	empty_patch	1	pm5	1	2020-11-11	1
lower__20201112_165508_83_2412_3B_AnalyticMS_SR_8b_clip	lower	2020-11-12	2020-11	/scrfs/storage/thanyu/home/data/analytic_8b_sr_udm2/Lower/2020_11_b0121492-7902-41de-9b36-dc9af277c715/b0121492-7902-41de-9b36-dc9af277c715/PSScene/20201112_165508_83_2412_3B_AnalyticMS_SR_8b_clip.tif	empty_patch	1	pm5	3	2020-11-11	1
lower__20201112_165528_66_2407_3B_AnalyticMS_SR_8b_clip	lower	2020-11-12	2020-11	/scrfs/storage/thanyu/home/data/analytic_8b_sr_udm2/Lower/2020_11_cc31b59f-00b7-4460-b59c-69397cbac98c/cc31b59f-00b7-4460-b59c-69397cbac98c/PSScene/20201112_165528_66_2407_3B_AnalyticMS_SR_8b_clip.tif	planet_read_error	1	pm5	3	2020-11-11	1
lower__20201112_165801_37_227c_3B_AnalyticMS_SR_8b_clip	lower	2020-11-12	2020-11	/scrfs/storage/thanyu/home/data/analytic_8b_sr_udm2/Lower/2020_11_b0121492-7902-41de-9b36-dc9af277c715/b0121492-7902-41de-9b36-dc9af277c715/PSScene/20201112_165801_37_227c_3B_AnalyticMS_SR_8b_clip.tif	empty_patch	1	pm5	3	2020-11-11	1
lower__20201113_155628_44_2235_3B_AnalyticMS_SR_8b_clip	lower	2020-11-13	2020-11	/scrfs/storage/thanyu/home/data/analytic_8b_sr_udm2/Lower/2020_11_b0121492-7902-41de-9b36-dc9af277c715/b0121492-7902-41de-9b36-dc9af277c715/PSScene/20201113_155628_44_2235_3B_AnalyticMS_SR_8b_clip.tif	empty_patch	1	pm5	1	2020-11-11	2
lower__20201115_160230_56_2259_3B_AnalyticMS_SR_8b_clip	lower	2020-11-15	2020-11	/scrfs/storage/thanyu/home/data/analytic_8b_sr_udm2/Lower/2020_11_b0121492-7902-41de-9b36-dc9af277c715/b0121492-7902-41de-9b36-dc9af277c715/PSScene/20201115_160230_56_2259_3B_AnalyticMS_SR_8b_clip.tif	no_overlap	1	pm5	1	2020-11-11	4
lower__20201115_160607_92_222c_3B_AnalyticMS_SR_8b_clip	lower	2020-11-15	2020-11	/scrfs/storage/thanyu/home/data/analytic_8b_sr_udm2/Lower/2020_11_cc31b59f-00b7-4460-b59c-69397cbac98c/cc31b59f-00b7-4460-b59c-69397cbac98c/PSScene/20201115_160607_92_222c_3B_AnalyticMS_SR_8b_clip.tif	empty_patch	1	pm5	3	2020-11-14	1
lower__20201116_165848_19_2426_3B_AnalyticMS_SR_8b_clip	lower	2020-11-16	2020-11	/scrfs/storage/thanyu/home/data/analytic_8b_sr_udm2/Lower/2020_11_cc31b59f-00b7-4460-b59c-69397cbac98c/cc31b59f-00b7-4460-b59c-69397cbac98c/PSScene/20201116_165848_19_2426_3B_AnalyticMS_SR_8b_clip.tif	empty_patch	1	pm5	2	2020-11-14	2
lower__20201117_160218_09_2251_3B_AnalyticMS_SR_8b_clip	lower	2020-11-17	2020-11	/scrfs/storage/thanyu/home/data/analytic_8b_sr_udm2/Lower/2020_11_cc31b59f-00b7-4460-b59c-69397cbac98c/cc31b59f-00b7-4460-b59c-69397cbac98c/PSScene/20201117_160218_09_2251_3B_AnalyticMS_SR_8b_clip.tif	empty_patch	1	pm5	1	2020-11-21	4
lower__20201118_160517_05_2264_3B_AnalyticMS_SR_8b_clip	lower	2020-11-18	2020-11	/scrfs/storage/thanyu/home/data/analytic_8b_sr_udm2/Lower/2020_11_cc31b59f-00b7-4460-b59c-69397cbac98c/cc31b59f-00b7-4460-b59c-69397cbac98c/PSScene/20201118_160517_05_2264_3B_AnalyticMS_SR_8b_clip.tif	planet_read_error	1	pm5	3	2020-11-19	1
lower__20201118_160733_40_2278_3B_AnalyticMS_SR_8b_clip	lower	2020-11-18	2020-11	/scrfs/storage/thanyu/home/data/analytic_8b_sr_udm2/Lower/2020_11_cc31b59f-00b7-4460-b59c-69397cbac98c/cc31b59f-00b7-4460-b59c-69397cbac98c/PSScene/20201118_160733_40_2278_3B_AnalyticMS_SR_8b_clip.tif	empty_patch	1	pm5	3	2020-11-19	1
lower__20201118_161209_21_2262_3B_AnalyticMS_SR_8b_clip	lower	2020-11-18	2020-11	/scrfs/storage/thanyu/home/data/analytic_8b_sr_udm2/Lower/2020_11_cc31b59f-00b7-4460-b59c-69397cbac98c/cc31b59f-00b7-4460-b59c-69397cbac98c/PSScene/20201118_161209_21_2262_3B_AnalyticMS_SR_8b_clip.tif	empty_patch	1	pm5	2	2020-11-19	1
lower__20201118_164950_73_240c_3B_AnalyticMS_SR_8b_clip	lower	2020-11-18	2020-11	/scrfs/storage/thanyu/home/data/analytic_8b_sr_udm2/Lower/2020_11_cc31b59f-00b7-4460-b59c-69397cbac98c/cc31b59f-00b7-4460-b59c-69397cbac98c/PSScene/20201118_164950_73_240c_3B_AnalyticMS_SR_8b_clip.tif	empty_patch	1	pm5	1	2020-11-21	3
lower__20201118_165039_53_2401_3B_AnalyticMS_SR_8b_clip	lower	2020-11-18	2020-11	/scrfs/storage/thanyu/home/data/analytic_8b_sr_udm2/Lower/2020_11_cc31b59f-00b7-4460-b59c-69397cbac98c/cc31b59f-00b7-4460-b59c-69397cbac98c/PSScene/20201118_165039_53_2401_3B_AnalyticMS_SR_8b_clip.tif	empty_patch	1	pm5	3	2020-11-19	1
lower__20201118_165931_84_227b_3B_AnalyticMS_SR_8b_clip	lower	2020-11-18	2020-11	/scrfs/storage/thanyu/home/data/analytic_8b_sr_udm2/Lower/2020_11_cc31b59f-00b7-4460-b59c-69397cbac98c/cc31b59f-00b7-4460-b59c-69397cbac98c/PSScene/20201118_165931_84_227b_3B_AnalyticMS_SR_8b_clip.tif	empty_patch	1	pm5	2	2020-11-19	1
lower__20201119_165102_84_240f_3B_AnalyticMS_SR_8b_clip	lower	2020-11-19	2020-11	/scrfs/storage/thanyu/home/data/analytic_8b_sr_udm2/Lower/2020_11_cc31b59f-00b7-4460-b59c-69397cbac98c/cc31b59f-00b7-4460-b59c-69397cbac98c/PSScene/20201119_165102_84_240f_3B_AnalyticMS_SR_8b_clip.tif	empty_patch	1	pm5	1	2020-11-21	2
lower__20201119_165506_92_2416_3B_AnalyticMS_SR_8b_clip	lower	2020-11-19	2020-11	/scrfs/storage/thanyu/home/data/analytic_8b_sr_udm2/Lower/2020_11_cc31b59f-00b7-4460-b59c-69397cbac98c/cc31b59f-00b7-4460-b59c-69397cbac98c/PSScene/20201119_165506_92_2416_3B_AnalyticMS_SR_8b_clip.tif	planet_read_error	1	pm5	3	2020-11-19	0
lower__20201119_165816_76_227a_3B_AnalyticMS_SR_8b_clip	lower	2020-11-19	2020-11	/scrfs/storage/thanyu/home/data/analytic_8b_sr_udm2/Lower/2020_11_cc31b59f-00b7-4460-b59c-69397cbac98c/cc31b59f-00b7-4460-b59c-69397cbac98c/PSScene/20201119_165816_76_227a_3B_AnalyticMS_SR_8b_clip.tif	empty_patch	1	pm5	3	2020-11-19	0
lower__20200518_160616_68_2304_3B_AnalyticMS_SR_8b_clip	lower	2020-05-18	2020-05	/scrfs/storage/thanyu/home/data/analytic_8b_sr_udm2/Lower/2020_05_347144c1-6706-4f8a-bb48-becf953da024/347144c1-6706-4f8a-bb48-becf953da024/PSScene/20200518_160616_68_2304_3B_AnalyticMS_SR_8b_clip.tif	empty_patch	1	pm5	4	2020-05-18	0
lower__20200712_155909_99_2271_3B_AnalyticMS_SR_8b_clip	lower	2020-07-12	2020-07	/scrfs/storage/thanyu/home/data/analytic_8b_sr_udm2/Lower/2020_07_fa1621d8-017b-4bb1-9d9f-030250057dab/fa1621d8-017b-4bb1-9d9f-030250057dab/PSScene/20200712_155909_99_2271_3B_AnalyticMS_SR_8b_clip.tif	empty_patch	1	pm5	2	2020-07-14	2
lower__20200713_160216_87_2259_3B_AnalyticMS_SR_8b_clip	lower	2020-07-13	2020-07	/scrfs/storage/thanyu/home/data/analytic_8b_sr_udm2/Lower/2020_07_fa1621d8-017b-4bb1-9d9f-030250057dab/fa1621d8-017b-4bb1-9d9f-030250057dab/PSScene/20200713_160216_87_2259_3B_AnalyticMS_SR_8b_clip.tif	empty_patch	1	pm5	4	2020-07-12	1
lower__20200914_165146_51_2307_3B_AnalyticMS_SR_8b_clip	lower	2020-09-14	2020-09	/scrfs/storage/thanyu/home/data/analytic_8b_sr_udm2/Lower/2020_09_81157e7e-4169-49ad-8e40-ecee46d8a07e/81157e7e-4169-49ad-8e40-ecee46d8a07e/PSScene/20200914_165146_51_2307_3B_AnalyticMS_SR_8b_clip.tif	empty_patch	1	pm5	2	2020-09-12	2
lower__20200915_160315_78_222f_3B_AnalyticMS_SR_8b_clip	lower	2020-09-15	2020-09	/scrfs/storage/thanyu/home/data/analytic_8b_sr_udm2/Lower/2020_09_81157e7e-4169-49ad-8e40-ecee46d8a07e/81157e7e-4169-49ad-8e40-ecee46d8a07e/PSScene/20200915_160315_78_222f_3B_AnalyticMS_SR_8b_clip.tif	empty_patch	1	pm5	2	2020-09-17	2
lower__20200918_160034_63_2263_3B_AnalyticMS_SR_8b_clip	lower	2020-09-18	2020-09	/scrfs/storage/thanyu/home/data/analytic_8b_sr_udm2/Lower/2020_09_81157e7e-4169-49ad-8e40-ecee46d8a07e/81157e7e-4169-49ad-8e40-ecee46d8a07e/PSScene/20200918_160034_63_2263_3B_AnalyticMS_SR_8b_clip.tif	no_overlap	1	pm5	2	2020-09-17	1
lower__20201110_161000_17_2279_3B_AnalyticMS_SR_8b_clip	lower	2020-11-10	2020-11	/scrfs/storage/thanyu/home/data/analytic_8b_sr_udm2/Lower/2020_11_cc31b59f-00b7-4460-b59c-69397cbac98c/cc31b59f-00b7-4460-b59c-69397cbac98c/PSScene/20201110_161000_17_2279_3B_AnalyticMS_SR_8b_clip.tif	empty_patch	1	pm5	4	2020-11-09	1
lower__20201111_161243_75_2441_3B_AnalyticMS_SR_8b_clip	lower	2020-11-11	2020-11	/scrfs/storage/thanyu/home/data/analytic_8b_sr_udm2/Lower/2020_11_cc31b59f-00b7-4460-b59c-69397cbac98c/cc31b59f-00b7-4460-b59c-69397cbac98c/PSScene/20201111_161243_75_2441_3B_AnalyticMS_SR_8b_clip.tif	empty_patch	1	pm5	2	2020-11-09	2
lower__20201112_155502_43_220b_3B_AnalyticMS_SR_8b_clip	lower	2020-11-12	2020-11	/scrfs/storage/thanyu/home/data/analytic_8b_sr_udm2/Lower/2020_11_b0121492-7902-41de-9b36-dc9af277c715/b0121492-7902-41de-9b36-dc9af277c715/PSScene/20201112_155502_43_220b_3B_AnalyticMS_SR_8b_clip.tif	empty_patch	1	pm5	1	2020-11-11	1
lower__20201112_164753_36_240a_3B_AnalyticMS_SR_8b_clip	lower	2020-11-12	2020-11	/scrfs/storage/thanyu/home/data/analytic_8b_sr_udm2/Lower/2020_11_cc31b59f-00b7-4460-b59c-69397cbac98c/cc31b59f-00b7-4460-b59c-69397cbac98c/PSScene/20201112_164753_36_240a_3B_AnalyticMS_SR_8b_clip.tif	no_overlap	1	pm5	1	2020-11-11	1
lower__20201112_165803_72_227c_3B_AnalyticMS_SR_8b_clip	lower	2020-11-12	2020-11	/scrfs/storage/thanyu/home/data/analytic_8b_sr_udm2/Lower/2020_11_b0121492-7902-41de-9b36-dc9af277c715/b0121492-7902-41de-9b36-dc9af277c715/PSScene/20201112_165803_72_227c_3B_AnalyticMS_SR_8b_clip.tif	empty_patch	1	pm5	3	2020-11-11	1
lower__20201113_155630_65_2235_3B_AnalyticMS_SR_8b_clip	lower	2020-11-13	2020-11	/scrfs/storage/thanyu/home/data/analytic_8b_sr_udm2/Lower/2020_11_b0121492-7902-41de-9b36-dc9af277c715/b0121492-7902-41de-9b36-dc9af277c715/PSScene/20201113_155630_65_2235_3B_AnalyticMS_SR_8b_clip.tif	empty_patch	1	pm5	1	2020-11-11	2
lower__20201115_160232_78_2259_3B_AnalyticMS_SR_8b_clip	lower	2020-11-15	2020-11	/scrfs/storage/thanyu/home/data/analytic_8b_sr_udm2/Lower/2020_11_b0121492-7902-41de-9b36-dc9af277c715/b0121492-7902-41de-9b36-dc9af277c715/PSScene/20201115_160232_78_2259_3B_AnalyticMS_SR_8b_clip.tif	empty_patch	1	pm5	1	2020-11-11	4
lower__20201116_165850_45_2426_3B_AnalyticMS_SR_8b_clip	lower	2020-11-16	2020-11	/scrfs/storage/thanyu/home/data/analytic_8b_sr_udm2/Lower/2020_11_cc31b59f-00b7-4460-b59c-69397cbac98c/cc31b59f-00b7-4460-b59c-69397cbac98c/PSScene/20201116_165850_45_2426_3B_AnalyticMS_SR_8b_clip.tif	empty_patch	1	pm5	2	2020-11-14	2
lower__20201117_160521_34_2280_3B_AnalyticMS_SR_8b_clip	lower	2020-11-17	2020-11	/scrfs/storage/thanyu/home/data/analytic_8b_sr_udm2/Lower/2020_11_cc31b59f-00b7-4460-b59c-69397cbac98c/cc31b59f-00b7-4460-b59c-69397cbac98c/PSScene/20201117_160521_34_2280_3B_AnalyticMS_SR_8b_clip.tif	empty_patch	1	pm5	1	2020-11-21	4
lower__20201118_161211_49_2262_3B_AnalyticMS_SR_8b_clip	lower	2020-11-18	2020-11	/scrfs/storage/thanyu/home/data/analytic_8b_sr_udm2/Lower/2020_11_cc31b59f-00b7-4460-b59c-69397cbac98c/cc31b59f-00b7-4460-b59c-69397cbac98c/PSScene/20201118_161211_49_2262_3B_AnalyticMS_SR_8b_clip.tif	empty_patch	1	pm5	2	2020-11-19	1
lower__20201118_164953_00_240c_3B_AnalyticMS_SR_8b_clip	lower	2020-11-18	2020-11	/scrfs/storage/thanyu/home/data/analytic_8b_sr_udm2/Lower/2020_11_cc31b59f-00b7-4460-b59c-69397cbac98c/cc31b59f-00b7-4460-b59c-69397cbac98c/PSScene/20201118_164953_00_240c_3B_AnalyticMS_SR_8b_clip.tif	empty_patch	1	pm5	1	2020-11-21	3
lower__20201118_165042_00_2401_3B_AnalyticMS_SR_8b_clip	lower	2020-11-18	2020-11	/scrfs/storage/thanyu/home/data/analytic_8b_sr_udm2/Lower/2020_11_cc31b59f-00b7-4460-b59c-69397cbac98c/cc31b59f-00b7-4460-b59c-69397cbac98c/PSScene/20201118_165042_00_2401_3B_AnalyticMS_SR_8b_clip.tif	empty_patch	1	pm5	3	2020-11-19	1
lower__20201118_165934_21_227b_3B_AnalyticMS_SR_8b_clip	lower	2020-11-18	2020-11	/scrfs/storage/thanyu/home/data/analytic_8b_sr_udm2/Lower/2020_11_cc31b59f-00b7-4460-b59c-69397cbac98c/cc31b59f-00b7-4460-b59c-69397cbac98c/PSScene/20201118_165934_21_227b_3B_AnalyticMS_SR_8b_clip.tif	empty_patch	1	pm5	2	2020-11-19	1
lower__20201119_165031_11_227b_3B_AnalyticMS_SR_8b_clip	lower	2020-11-19	2020-11	/scrfs/storage/thanyu/home/data/analytic_8b_sr_udm2/Lower/2020_11_cc31b59f-00b7-4460-b59c-69397cbac98c/cc31b59f-00b7-4460-b59c-69397cbac98c/PSScene/20201119_165031_11_227b_3B_AnalyticMS_SR_8b_clip.tif	empty_patch	1	pm5	1	2020-11-21	2
lower__20201119_165105_20_240f_3B_AnalyticMS_SR_8b_clip	lower	2020-11-19	2020-11	/scrfs/storage/thanyu/home/data/analytic_8b_sr_udm2/Lower/2020_11_cc31b59f-00b7-4460-b59c-69397cbac98c/cc31b59f-00b7-4460-b59c-69397cbac98c/PSScene/20201119_165105_20_240f_3B_AnalyticMS_SR_8b_clip.tif	planet_read_error	1	pm5	1	2020-11-21	2
lower__20201119_165819_14_227a_3B_AnalyticMS_SR_8b_clip	lower	2020-11-19	2020-11	/scrfs/storage/thanyu/home/data/analytic_8b_sr_udm2/Lower/2020_11_cc31b59f-00b7-4460-b59c-69397cbac98c/cc31b59f-00b7-4460-b59c-69397cbac98c/PSScene/20201119_165819_14_227a_3B_AnalyticMS_SR_8b_clip.tif	empty_patch	1	pm5	3	2020-11-19	0
