split	sample_id	scene_id	sentinel_request_id	sentinel_request_root	sentinel_date	planet_bounds
train	000005	lower__20200326_160111_29_2277_3B_AnalyticMS_SR_8b_clip	pm5__20200311_20200331__0002	/scrfs/storage/yikebe/home/research/AR_Crop_Identification/make_dataset/raw_sentinel/pm5/pm5__20200311_20200331__0002	2020-03-26	616320.00000000,3789843.00000000,617088.00000000,3790611.00000000
train	000021	lower__20200326_160111_29_2277_3B_AnalyticMS_SR_8b_clip	pm5__20200311_20200331__0002	/scrfs/storage/yikebe/home/research/AR_Crop_Identification/make_dataset/raw_sentinel/pm5/pm5__20200311_20200331__0002	2020-03-26	616320.00000000,3789075.00000000,617088.00000000,3789843.00000000
train	000037	lower__20200326_160111_29_2277_3B_AnalyticMS_SR_8b_clip	pm5__20200311_20200331__0002	/scrfs/storage/yikebe/home/research/AR_Crop_Identification/make_dataset/raw_sentinel/pm5/pm5__20200311_20200331__0002	2020-03-26	620160.00000000,3788307.00000000,620928.00000000,3789075.00000000
train	000053	lower__20200326_160111_29_2277_3B_AnalyticMS_SR_8b_clip	pm5__20200311_20200331__0002	/scrfs/storage/yikebe/home/research/AR_Crop_Identification/make_dataset/raw_sentinel/pm5/pm5__20200311_20200331__0002	2020-03-26	624768.00000000,3788307.00000000,625536.00000000,3789075.00000000
train	000069	lower__20200326_160111_29_2277_3B_AnalyticMS_SR_8b_clip	pm5__20200311_20200331__0002	/scrfs/storage/yikebe/home/research/AR_Crop_Identification/make_dataset/raw_sentinel/pm5/pm5__20200311_20200331__0002	2020-03-26	625536.00000000,3788307.00000000,626304.00000000,3789075.00000000
train	000085	lower__20200326_160111_29_2277_3B_AnalyticMS_SR_8b_clip	pm5__20200311_20200331__0002	/scrfs/storage/yikebe/home/research/AR_Crop_Identification/make_dataset/raw_sentinel/pm5/pm5__20200311_20200331__0002	2020-03-26	630912.00000000,3785235.00000000,631680.00000000,3786003.00000000
train	000101	lower__20200326_160111_29_2277_3B_AnalyticMS_SR_8b_clip	pm5__20200311_20200331__0002	/scrfs/storage/yikebe/home/research/AR_Crop_Identification/make_dataset/raw_sentinel/pm5/pm5__20200311_20200331__0002	2020-03-26	632448.00000000,3784467.00000000,633216.00000000,3785235.00000000
train	000117	lower__20200326_160111_29_2277_3B_AnalyticMS_SR_8b_clip	pm5__20200311_20200331__0002	/scrfs/storage/yikebe/home/research/AR_Crop_Identification/make_dataset/raw_sentinel/pm5/pm5__20200311_20200331__0002	2020-03-26	641664.00000000,3782931.00000000,642432.00000000,3783699.00000000
train	000133	lower__20200326_160111_29_2277_3B_AnalyticMS_SR_8b_clip	pm5__20200311_20200331__0002	/scrfs/storage/yikebe/home/research/AR_Crop_Identification/make_dataset/raw_sentinel/pm5/pm5__20200311_20200331__0002	2020-03-26	624768.00000000,3780627.00000000,625536.00000000,3781395.00000000
train	000149	lower__20200326_160111_29_2277_3B_AnalyticMS_SR_8b_clip	pm5__20200311_20200331__0002	/scrfs/storage/yikebe/home/research/AR_Crop_Identification/make_dataset/raw_sentinel/pm5/pm5__20200311_20200331__0002	2020-03-26	624000.00000000,3779859.00000000,624768.00000000,3780627.00000000
train	000165	lower__20200326_160111_29_2277_3B_AnalyticMS_SR_8b_clip	pm5__20200311_20200331__0002	/scrfs/storage/yikebe/home/research/AR_Crop_Identification/make_dataset/raw_sentinel/pm5/pm5__20200311_20200331__0002	2020-03-26	629376.00000000,3779859.00000000,630144.00000000,3780627.00000000
train	000181	lower__20200326_160111_29_2277_3B_AnalyticMS_SR_8b_clip	pm5__20200311_20200331__0002	/scrfs/storage/yikebe/home/research/AR_Crop_Identification/make_dataset/raw_sentinel/pm5/pm5__20200311_20200331__0002	2020-03-26	624768.00000000,3779091.00000000,625536.00000000,3779859.00000000
train	000197	lower__20200326_160111_29_2277_3B_AnalyticMS_SR_8b_clip	pm5__20200311_20200331__0002	/scrfs/storage/yikebe/home/research/AR_Crop_Identification/make_dataset/raw_sentinel/pm5/pm5__20200311_20200331__0002	2020-03-26	631680.00000000,3777555.00000000,632448.00000000,3778323.00000000
train	000213	lower__20200326_160111_29_2277_3B_AnalyticMS_SR_8b_clip	pm5__20200311_20200331__0002	/scrfs/storage/yikebe/home/research/AR_Crop_Identification/make_dataset/raw_sentinel/pm5/pm5__20200311_20200331__0002	2020-03-26	633216.00000000,3776787.00000000,633984.00000000,3777555.00000000
train	000229	lower__20200326_160111_29_2277_3B_AnalyticMS_SR_8b_clip	pm5__20200311_20200331__0002	/scrfs/storage/yikebe/home/research/AR_Crop_Identification/make_dataset/raw_sentinel/pm5/pm5__20200311_20200331__0002	2020-03-26	636288.00000000,3775251.00000000,637056.00000000,3776019.00000000
train	000245	lower__20200326_160111_29_2277_3B_AnalyticMS_SR_8b_clip	pm5__20200311_20200331__0002	/scrfs/storage/yikebe/home/research/AR_Crop_Identification/make_dataset/raw_sentinel/pm5/pm5__20200311_20200331__0002	2020-03-26	640128.00000000,3775251.00000000,640896.00000000,3776019.00000000
train	000261	lower__20200326_160111_29_2277_3B_AnalyticMS_SR_8b_clip	pm5__20200311_20200331__0002	/scrfs/storage/yikebe/home/research/AR_Crop_Identification/make_dataset/raw_sentinel/pm5/pm5__20200311_20200331__0002	2020-03-26	640896.00000000,3775251.00000000,641664.00000000,3776019.00000000
train	000277	lower__20200326_160111_29_2277_3B_AnalyticMS_SR_8b_clip	pm5__20200311_20200331__0002	/scrfs/storage/yikebe/home/research/AR_Crop_Identification/make_dataset/raw_sentinel/pm5/pm5__20200311_20200331__0002	2020-03-26	641664.00000000,3774483.00000000,642432.00000000,3775251.00000000
train	000293	lower__20200326_160111_29_2277_3B_AnalyticMS_SR_8b_clip	pm5__20200311_20200331__0002	/scrfs/storage/yikebe/home/research/AR_Crop_Identification/make_dataset/raw_sentinel/pm5/pm5__20200311_20200331__0002	2020-03-26	622464.00000000,3772947.00000000,623232.00000000,3773715.00000000
train	000309	lower__20200511_160023_94_2263_3B_AnalyticMS_SR_8b_clip	pm5__20200506_20200523__0006	/scrfs/storage/yikebe/home/research/AR_Crop_Identification/make_dataset/raw_sentinel/pm5/pm5__20200506_20200523__0006	2020-05-10	664548.00000000,3654342.00000000,665316.00000000,3655110.00000000
train	000325	lower__20200511_160023_94_2263_3B_AnalyticMS_SR_8b_clip	pm5__20200506_20200523__0006	/scrfs/storage/yikebe/home/research/AR_Crop_Identification/make_dataset/raw_sentinel/pm5/pm5__20200506_20200523__0006	2020-05-10	665316.00000000,3654342.00000000,666084.00000000,3655110.00000000
train	000341	lower__20200511_160023_94_2263_3B_AnalyticMS_SR_8b_clip	pm5__20200506_20200523__0006	/scrfs/storage/yikebe/home/research/AR_Crop_Identification/make_dataset/raw_sentinel/pm5/pm5__20200506_20200523__0006	2020-05-10	663780.00000000,3653574.00000000,664548.00000000,3654342.00000000
train	000357	lower__20200511_160023_94_2263_3B_AnalyticMS_SR_8b_clip	pm5__20200506_20200523__0006	/scrfs/storage/yikebe/home/research/AR_Crop_Identification/make_dataset/raw_sentinel/pm5/pm5__20200506_20200523__0006	2020-05-10	664548.00000000,3653574.00000000,665316.00000000,3654342.00000000
train	000373	lower__20200910_155844_76_220b_3B_AnalyticMS_SR_8b_clip	pm5__20200905_20200924__0030	/scrfs/storage/yikebe/home/research/AR_Crop_Identification/make_dataset/raw_sentinel/pm5/pm5__20200905_20200924__0030	2020-09-07	724011.00000000,3827439.00000000,724779.00000000,3828207.00000000
train	000389	lower__20200910_155844_76_220b_3B_AnalyticMS_SR_8b_clip	pm5__20200905_20200924__0030	/scrfs/storage/yikebe/home/research/AR_Crop_Identification/make_dataset/raw_sentinel/pm5/pm5__20200905_20200924__0030	2020-09-07	743211.00000000,3827439.00000000,743979.00000000,3828207.00000000
train	000405	lower__20200910_155844_76_220b_3B_AnalyticMS_SR_8b_clip	pm5__20200905_20200924__0030	/scrfs/storage/yikebe/home/research/AR_Crop_Identification/make_dataset/raw_sentinel/pm5/pm5__20200905_20200924__0030	2020-09-07	740907.00000000,3826671.00000000,741675.00000000,3827439.00000000
train	000421	lower__20200910_155844_76_220b_3B_AnalyticMS_SR_8b_clip	pm5__20200905_20200924__0030	/scrfs/storage/yikebe/home/research/AR_Crop_Identification/make_dataset/raw_sentinel/pm5/pm5__20200905_20200924__0030	2020-09-07	741675.00000000,3826671.00000000,742443.00000000,3827439.00000000
train	000437	lower__20200910_155844_76_220b_3B_AnalyticMS_SR_8b_clip	pm5__20200905_20200924__0030	/scrfs/storage/yikebe/home/research/AR_Crop_Identification/make_dataset/raw_sentinel/pm5/pm5__20200905_20200924__0030	2020-09-07	740907.00000000,3825903.00000000,741675.00000000,3826671.00000000
train	000453	lower__20200910_155844_76_220b_3B_AnalyticMS_SR_8b_clip	pm5__20200905_20200924__0030	/scrfs/storage/yikebe/home/research/AR_Crop_Identification/make_dataset/raw_sentinel/pm5/pm5__20200905_20200924__0030	2020-09-07	740139.00000000,3825135.00000000,740907.00000000,3825903.00000000
train	000469	lower__20200910_155844_76_220b_3B_AnalyticMS_SR_8b_clip	pm5__20200905_20200924__0030	/scrfs/storage/yikebe/home/research/AR_Crop_Identification/make_dataset/raw_sentinel/pm5/pm5__20200905_20200924__0030	2020-09-07	740907.00000000,3825135.00000000,741675.00000000,3825903.00000000
train	000485	lower__20200910_155844_76_220b_3B_AnalyticMS_SR_8b_clip	pm5__20200905_20200924__0030	/scrfs/storage/yikebe/home/research/AR_Crop_Identification/make_dataset/raw_sentinel/pm5/pm5__20200905_20200924__0030	2020-09-07	734763.00000000,3824367.00000000,735531.00000000,3825135.00000000
train	000501	lower__20200910_155844_76_220b_3B_AnalyticMS_SR_8b_clip	pm5__20200905_20200924__0030	/scrfs/storage/yikebe/home/research/AR_Crop_Identification/make_dataset/raw_sentinel/pm5/pm5__20200905_20200924__0030	2020-09-07	727083.00000000,3823599.00000000,727851.00000000,3824367.00000000
train	000517	lower__20200910_155844_76_220b_3B_AnalyticMS_SR_8b_clip	pm5__20200905_20200924__0030	/scrfs/storage/yikebe/home/research/AR_Crop_Identification/make_dataset/raw_sentinel/pm5/pm5__20200905_20200924__0030	2020-09-07	727851.00000000,3823599.00000000,728619.00000000,3824367.00000000
train	000533	lower__20200910_155844_76_220b_3B_AnalyticMS_SR_8b_clip	pm5__20200905_20200924__0030	/scrfs/storage/yikebe/home/research/AR_Crop_Identification/make_dataset/raw_sentinel/pm5/pm5__20200905_20200924__0030	2020-09-07	734763.00000000,3823599.00000000,735531.00000000,3824367.00000000
train	000549	lower__20200910_155844_76_220b_3B_AnalyticMS_SR_8b_clip	pm5__20200905_20200924__0030	/scrfs/storage/yikebe/home/research/AR_Crop_Identification/make_dataset/raw_sentinel/pm5/pm5__20200905_20200924__0030	2020-09-07	719403.00000000,3818991.00000000,720171.00000000,3819759.00000000
train	000565	lower__20200910_155844_76_220b_3B_AnalyticMS_SR_8b_clip	pm5__20200905_20200924__0030	/scrfs/storage/yikebe/home/research/AR_Crop_Identification/make_dataset/raw_sentinel/pm5/pm5__20200905_20200924__0030	2020-09-07	720939.00000000,3818991.00000000,721707.00000000,3819759.00000000
train	000581	lower__20200910_155844_76_220b_3B_AnalyticMS_SR_8b_clip	pm5__20200905_20200924__0030	/scrfs/storage/yikebe/home/research/AR_Crop_Identification/make_dataset/raw_sentinel/pm5/pm5__20200905_20200924__0030	2020-09-07	733227.00000000,3818991.00000000,733995.00000000,3819759.00000000
train	000597	lower__20200910_155844_76_220b_3B_AnalyticMS_SR_8b_clip	pm5__20200905_20200924__0030	/scrfs/storage/yikebe/home/research/AR_Crop_Identification/make_dataset/raw_sentinel/pm5/pm5__20200905_20200924__0030	2020-09-07	735531.00000000,3818991.00000000,736299.00000000,3819759.00000000
train	000613	lower__20200910_155844_76_220b_3B_AnalyticMS_SR_8b_clip	pm5__20200905_20200924__0030	/scrfs/storage/yikebe/home/research/AR_Crop_Identification/make_dataset/raw_sentinel/pm5/pm5__20200905_20200924__0030	2020-09-07	740907.00000000,3818223.00000000,741675.00000000,3818991.00000000
train	000629	lower__20200910_155844_76_220b_3B_AnalyticMS_SR_8b_clip	pm5__20200905_20200924__0030	/scrfs/storage/yikebe/home/research/AR_Crop_Identification/make_dataset/raw_sentinel/pm5/pm5__20200905_20200924__0030	2020-09-07	720939.00000000,3817455.00000000,721707.00000000,3818223.00000000
train	000645	lower__20200910_155844_76_220b_3B_AnalyticMS_SR_8b_clip	pm5__20200905_20200924__0030	/scrfs/storage/yikebe/home/research/AR_Crop_Identification/make_dataset/raw_sentinel/pm5/pm5__20200905_20200924__0030	2020-09-07	734763.00000000,3817455.00000000,735531.00000000,3818223.00000000
train	000661	lower__20200910_155844_76_220b_3B_AnalyticMS_SR_8b_clip	pm5__20200905_20200924__0030	/scrfs/storage/yikebe/home/research/AR_Crop_Identification/make_dataset/raw_sentinel/pm5/pm5__20200905_20200924__0030	2020-09-07	735531.00000000,3817455.00000000,736299.00000000,3818223.00000000
train	000677	lower__20200910_155844_76_220b_3B_AnalyticMS_SR_8b_clip	pm5__20200905_20200924__0030	/scrfs/storage/yikebe/home/research/AR_Crop_Identification/make_dataset/raw_sentinel/pm5/pm5__20200905_20200924__0030	2020-09-07	730923.00000000,3816687.00000000,731691.00000000,3817455.00000000
train	000693	lower__20200910_155844_76_220b_3B_AnalyticMS_SR_8b_clip	pm5__20200905_20200924__0030	/scrfs/storage/yikebe/home/research/AR_Crop_Identification/make_dataset/raw_sentinel/pm5/pm5__20200905_20200924__0030	2020-09-07	738603.00000000,3816687.00000000,739371.00000000,3817455.00000000
train	000709	lower__20200910_155844_76_220b_3B_AnalyticMS_SR_8b_clip	pm5__20200905_20200924__0030	/scrfs/storage/yikebe/home/research/AR_Crop_Identification/make_dataset/raw_sentinel/pm5/pm5__20200905_20200924__0030	2020-09-07	739371.00000000,3816687.00000000,740139.00000000,3817455.00000000
train	000725	lower__20200910_155844_76_220b_3B_AnalyticMS_SR_8b_clip	pm5__20200905_20200924__0030	/scrfs/storage/yikebe/home/research/AR_Crop_Identification/make_dataset/raw_sentinel/pm5/pm5__20200905_20200924__0030	2020-09-07	718635.00000000,3815919.00000000,719403.00000000,3816687.00000000
train	000741	lower__20200910_155844_76_220b_3B_AnalyticMS_SR_8b_clip	pm5__20200905_20200924__0030	/scrfs/storage/yikebe/home/research/AR_Crop_Identification/make_dataset/raw_sentinel/pm5/pm5__20200905_20200924__0030	2020-09-07	724779.00000000,3815919.00000000,725547.00000000,3816687.00000000
train	000757	lower__20200910_155844_76_220b_3B_AnalyticMS_SR_8b_clip	pm5__20200905_20200924__0030	/scrfs/storage/yikebe/home/research/AR_Crop_Identification/make_dataset/raw_sentinel/pm5/pm5__20200905_20200924__0030	2020-09-07	725547.00000000,3815919.00000000,726315.00000000,3816687.00000000
train	000773	lower__20200910_155844_76_220b_3B_AnalyticMS_SR_8b_clip	pm5__20200905_20200924__0030	/scrfs/storage/yikebe/home/research/AR_Crop_Identification/make_dataset/raw_sentinel/pm5/pm5__20200905_20200924__0030	2020-09-07	730155.00000000,3815919.00000000,730923.00000000,3816687.00000000
train	000789	lower__20200910_155844_76_220b_3B_AnalyticMS_SR_8b_clip	pm5__20200905_20200924__0030	/scrfs/storage/yikebe/home/research/AR_Crop_Identification/make_dataset/raw_sentinel/pm5/pm5__20200905_20200924__0030	2020-09-07	716331.00000000,3815151.00000000,717099.00000000,3815919.00000000
train	000805	lower__20200910_155844_76_220b_3B_AnalyticMS_SR_8b_clip	pm5__20200905_20200924__0030	/scrfs/storage/yikebe/home/research/AR_Crop_Identification/make_dataset/raw_sentinel/pm5/pm5__20200905_20200924__0030	2020-09-07	721707.00000000,3814383.00000000,722475.00000000,3815151.00000000
train	000821	lower__20200910_155844_76_220b_3B_AnalyticMS_SR_8b_clip	pm5__20200905_20200924__0030	/scrfs/storage/yikebe/home/research/AR_Crop_Identification/make_dataset/raw_sentinel/pm5/pm5__20200905_20200924__0030	2020-09-07	737835.00000000,3814383.00000000,738603.00000000,3815151.00000000
train	000837	lower__20200910_155844_76_220b_3B_AnalyticMS_SR_8b_clip	pm5__20200905_20200924__0030	/scrfs/storage/yikebe/home/research/AR_Crop_Identification/make_dataset/raw_sentinel/pm5/pm5__20200905_20200924__0030	2020-09-07	744747.00000000,3814383.00000000,745515.00000000,3815151.00000000
train	000853	lower__20200910_155844_76_220b_3B_AnalyticMS_SR_8b_clip	pm5__20200905_20200924__0030	/scrfs/storage/yikebe/home/research/AR_Crop_Identification/make_dataset/raw_sentinel/pm5/pm5__20200905_20200924__0030	2020-09-07	737067.00000000,3813615.00000000,737835.00000000,3814383.00000000
train	000869	lower__20200910_155844_76_220b_3B_AnalyticMS_SR_8b_clip	pm5__20200905_20200924__0030	/scrfs/storage/yikebe/home/research/AR_Crop_Identification/make_dataset/raw_sentinel/pm5/pm5__20200905_20200924__0030	2020-09-07	748587.00000000,3812847.00000000,749355.00000000,3813615.00000000
train	000885	lower__20200910_155844_76_220b_3B_AnalyticMS_SR_8b_clip	pm5__20200905_20200924__0030	/scrfs/storage/yikebe/home/research/AR_Crop_Identification/make_dataset/raw_sentinel/pm5/pm5__20200905_20200924__0030	2020-09-07	719403.00000000,3812079.00000000,720171.00000000,3812847.00000000
train	000901	lower__20200910_155844_76_220b_3B_AnalyticMS_SR_8b_clip	pm5__20200905_20200924__0030	/scrfs/storage/yikebe/home/research/AR_Crop_Identification/make_dataset/raw_sentinel/pm5/pm5__20200905_20200924__0030	2020-09-07	725547.00000000,3812079.00000000,726315.00000000,3812847.00000000
train	000917	lower__20200910_155844_76_220b_3B_AnalyticMS_SR_8b_clip	pm5__20200905_20200924__0030	/scrfs/storage/yikebe/home/research/AR_Crop_Identification/make_dataset/raw_sentinel/pm5/pm5__20200905_20200924__0030	2020-09-07	747051.00000000,3812079.00000000,747819.00000000,3812847.00000000
train	000933	lower__20200910_155844_76_220b_3B_AnalyticMS_SR_8b_clip	pm5__20200905_20200924__0030	/scrfs/storage/yikebe/home/research/AR_Crop_Identification/make_dataset/raw_sentinel/pm5/pm5__20200905_20200924__0030	2020-09-07	745515.00000000,3809775.00000000,746283.00000000,3810543.00000000
train	000949	lower__20200910_155844_76_220b_3B_AnalyticMS_SR_8b_clip	pm5__20200905_20200924__0030	/scrfs/storage/yikebe/home/research/AR_Crop_Identification/make_dataset/raw_sentinel/pm5/pm5__20200905_20200924__0030	2020-09-07	734763.00000000,3809007.00000000,735531.00000000,3809775.00000000
train	000965	lower__20200910_160126_21_222c_3B_AnalyticMS_SR_8b_clip	pm5__20200905_20200924__0024	/scrfs/storage/yikebe/home/research/AR_Crop_Identification/make_dataset/raw_sentinel/pm5/pm5__20200905_20200924__0024	2020-09-10	659361.00000000,3808665.00000000,660129.00000000,3809433.00000000
train	000981	lower__20200910_160126_21_222c_3B_AnalyticMS_SR_8b_clip	pm5__20200905_20200924__0024	/scrfs/storage/yikebe/home/research/AR_Crop_Identification/make_dataset/raw_sentinel/pm5/pm5__20200905_20200924__0024	2020-09-10	664737.00000000,3807897.00000000,665505.00000000,3808665.00000000
train	000997	lower__20200910_160126_21_222c_3B_AnalyticMS_SR_8b_clip	pm5__20200905_20200924__0024	/scrfs/storage/yikebe/home/research/AR_Crop_Identification/make_dataset/raw_sentinel/pm5/pm5__20200905_20200924__0024	2020-09-10	661665.00000000,3807129.00000000,662433.00000000,3807897.00000000
train	001013	lower__20200910_160126_21_222c_3B_AnalyticMS_SR_8b_clip	pm5__20200905_20200924__0024	/scrfs/storage/yikebe/home/research/AR_Crop_Identification/make_dataset/raw_sentinel/pm5/pm5__20200905_20200924__0024	2020-09-10	660897.00000000,3806361.00000000,661665.00000000,3807129.00000000
train	001029	lower__20200910_160126_21_222c_3B_AnalyticMS_SR_8b_clip	pm5__20200905_20200924__0024	/scrfs/storage/yikebe/home/research/AR_Crop_Identification/make_dataset/raw_sentinel/pm5/pm5__20200905_20200924__0024	2020-09-10	663201.00000000,3805593.00000000,663969.00000000,3806361.00000000
train	001045	lower__20200910_160126_21_222c_3B_AnalyticMS_SR_8b_clip	pm5__20200905_20200924__0024	/scrfs/storage/yikebe/home/research/AR_Crop_Identification/make_dataset/raw_sentinel/pm5/pm5__20200905_20200924__0024	2020-09-10	665505.00000000,3805593.00000000,666273.00000000,3806361.00000000
train	001061	lower__20200910_160126_21_222c_3B_AnalyticMS_SR_8b_clip	pm5__20200905_20200924__0024	/scrfs/storage/yikebe/home/research/AR_Crop_Identification/make_dataset/raw_sentinel/pm5/pm5__20200905_20200924__0024	2020-09-10	666273.00000000,3805593.00000000,667041.00000000,3806361.00000000
train	001077	lower__20200910_160126_21_222c_3B_AnalyticMS_SR_8b_clip	pm5__20200905_20200924__0024	/scrfs/storage/yikebe/home/research/AR_Crop_Identification/make_dataset/raw_sentinel/pm5/pm5__20200905_20200924__0024	2020-09-10	666273.00000000,3804825.00000000,667041.00000000,3805593.00000000
train	001093	lower__20200910_160126_21_222c_3B_AnalyticMS_SR_8b_clip	pm5__20200905_20200924__0024	/scrfs/storage/yikebe/home/research/AR_Crop_Identification/make_dataset/raw_sentinel/pm5/pm5__20200905_20200924__0024	2020-09-10	667041.00000000,3804825.00000000,667809.00000000,3805593.00000000
train	001109	lower__20200910_160126_21_222c_3B_AnalyticMS_SR_8b_clip	pm5__20200905_20200924__0024	/scrfs/storage/yikebe/home/research/AR_Crop_Identification/make_dataset/raw_sentinel/pm5/pm5__20200905_20200924__0024	2020-09-10	667809.00000000,3804825.00000000,668577.00000000,3805593.00000000
train	001125	lower__20200910_160126_21_222c_3B_AnalyticMS_SR_8b_clip	pm5__20200905_20200924__0024	/scrfs/storage/yikebe/home/research/AR_Crop_Identification/make_dataset/raw_sentinel/pm5/pm5__20200905_20200924__0024	2020-09-10	660129.00000000,3804057.00000000,660897.00000000,3804825.00000000
train	001141	lower__20200910_160126_21_222c_3B_AnalyticMS_SR_8b_clip	pm5__20200905_20200924__0024	/scrfs/storage/yikebe/home/research/AR_Crop_Identification/make_dataset/raw_sentinel/pm5/pm5__20200905_20200924__0024	2020-09-10	660129.00000000,3803289.00000000,660897.00000000,3804057.00000000
train	001157	lower__20200910_160126_21_222c_3B_AnalyticMS_SR_8b_clip	pm5__20200905_20200924__0024	/scrfs/storage/yikebe/home/research/AR_Crop_Identification/make_dataset/raw_sentinel/pm5/pm5__20200905_20200924__0024	2020-09-10	660129.00000000,3802521.00000000,660897.00000000,3803289.00000000
train	001173	lower__20200910_160126_21_222c_3B_AnalyticMS_SR_8b_clip	pm5__20200905_20200924__0024	/scrfs/storage/yikebe/home/research/AR_Crop_Identification/make_dataset/raw_sentinel/pm5/pm5__20200905_20200924__0024	2020-09-10	664737.00000000,3802521.00000000,665505.00000000,3803289.00000000
train	001189	lower__20200910_160126_21_222c_3B_AnalyticMS_SR_8b_clip	pm5__20200905_20200924__0024	/scrfs/storage/yikebe/home/research/AR_Crop_Identification/make_dataset/raw_sentinel/pm5/pm5__20200905_20200924__0024	2020-09-10	667809.00000000,3802521.00000000,668577.00000000,3803289.00000000
train	001205	lower__20200910_160126_21_222c_3B_AnalyticMS_SR_8b_clip	pm5__20200905_20200924__0024	/scrfs/storage/yikebe/home/research/AR_Crop_Identification/make_dataset/raw_sentinel/pm5/pm5__20200905_20200924__0024	2020-09-10	668577.00000000,3802521.00000000,669345.00000000,3803289.00000000
train	001221	lower__20200910_160126_21_222c_3B_AnalyticMS_SR_8b_clip	pm5__20200905_20200924__0024	/scrfs/storage/yikebe/home/research/AR_Crop_Identification/make_dataset/raw_sentinel/pm5/pm5__20200905_20200924__0024	2020-09-10	660897.00000000,3801753.00000000,661665.00000000,3802521.00000000
train	001237	lower__20200910_160126_21_222c_3B_AnalyticMS_SR_8b_clip	pm5__20200905_20200924__0024	/scrfs/storage/yikebe/home/research/AR_Crop_Identification/make_dataset/raw_sentinel/pm5/pm5__20200905_20200924__0024	2020-09-10	661665.00000000,3801753.00000000,662433.00000000,3802521.00000000
train	001253	lower__20200910_160126_21_222c_3B_AnalyticMS_SR_8b_clip	pm5__20200905_20200924__0024	/scrfs/storage/yikebe/home/research/AR_Crop_Identification/make_dataset/raw_sentinel/pm5/pm5__20200905_20200924__0024	2020-09-10	666273.00000000,3801753.00000000,667041.00000000,3802521.00000000
train	001269	lower__20200910_160126_21_222c_3B_AnalyticMS_SR_8b_clip	pm5__20200905_20200924__0024	/scrfs/storage/yikebe/home/research/AR_Crop_Identification/make_dataset/raw_sentinel/pm5/pm5__20200905_20200924__0024	2020-09-10	660897.00000000,3800985.00000000,661665.00000000,3801753.00000000
train	001285	lower__20200910_160126_21_222c_3B_AnalyticMS_SR_8b_clip	pm5__20200905_20200924__0024	/scrfs/storage/yikebe/home/research/AR_Crop_Identification/make_dataset/raw_sentinel/pm5/pm5__20200905_20200924__0024	2020-09-10	668577.00000000,3800217.00000000,669345.00000000,3800985.00000000
train	001301	lower__20200910_160126_21_222c_3B_AnalyticMS_SR_8b_clip	pm5__20200905_20200924__0024	/scrfs/storage/yikebe/home/research/AR_Crop_Identification/make_dataset/raw_sentinel/pm5/pm5__20200905_20200924__0024	2020-09-10	660129.00000000,3799449.00000000,660897.00000000,3800217.00000000
train	001317	lower__20200910_160126_21_222c_3B_AnalyticMS_SR_8b_clip	pm5__20200905_20200924__0024	/scrfs/storage/yikebe/home/research/AR_Crop_Identification/make_dataset/raw_sentinel/pm5/pm5__20200905_20200924__0024	2020-09-10	668577.00000000,3799449.00000000,669345.00000000,3800217.00000000
train	001333	lower__20200910_160126_21_222c_3B_AnalyticMS_SR_8b_clip	pm5__20200905_20200924__0024	/scrfs/storage/yikebe/home/research/AR_Crop_Identification/make_dataset/raw_sentinel/pm5/pm5__20200905_20200924__0024	2020-09-10	660129.00000000,3798681.00000000,660897.00000000,3799449.00000000
train	001349	lower__20200910_160126_21_222c_3B_AnalyticMS_SR_8b_clip	pm5__20200905_20200924__0024	/scrfs/storage/yikebe/home/research/AR_Crop_Identification/make_dataset/raw_sentinel/pm5/pm5__20200905_20200924__0024	2020-09-10	660129.00000000,3797913.00000000,660897.00000000,3798681.00000000
train	001365	lower__20200910_160126_21_222c_3B_AnalyticMS_SR_8b_clip	pm5__20200905_20200924__0024	/scrfs/storage/yikebe/home/research/AR_Crop_Identification/make_dataset/raw_sentinel/pm5/pm5__20200905_20200924__0024	2020-09-10	660897.00000000,3797145.00000000,661665.00000000,3797913.00000000
train	001381	lower__20200910_160126_21_222c_3B_AnalyticMS_SR_8b_clip	pm5__20200905_20200924__0024	/scrfs/storage/yikebe/home/research/AR_Crop_Identification/make_dataset/raw_sentinel/pm5/pm5__20200905_20200924__0024	2020-09-10	661665.00000000,3797145.00000000,662433.00000000,3797913.00000000
train	001397	lower__20200910_160126_21_222c_3B_AnalyticMS_SR_8b_clip	pm5__20200905_20200924__0024	/scrfs/storage/yikebe/home/research/AR_Crop_Identification/make_dataset/raw_sentinel/pm5/pm5__20200905_20200924__0024	2020-09-10	661665.00000000,3796377.00000000,662433.00000000,3797145.00000000
train	001413	lower__20200910_160126_21_222c_3B_AnalyticMS_SR_8b_clip	pm5__20200905_20200924__0024	/scrfs/storage/yikebe/home/research/AR_Crop_Identification/make_dataset/raw_sentinel/pm5/pm5__20200905_20200924__0024	2020-09-10	658593.00000000,3790233.00000000,659361.00000000,3791001.00000000
train	001429	lower__20200911_160156_04_2235_3B_AnalyticMS_SR_8b_clip	pm5__20200905_20200924__0025	/scrfs/storage/yikebe/home/research/AR_Crop_Identification/make_dataset/raw_sentinel/pm5/pm5__20200905_20200924__0025	2020-09-07	703059.00000000,3761016.00000000,703827.00000000,3761784.00000000
train	001445	lower__20200911_160156_04_2235_3B_AnalyticMS_SR_8b_clip	pm5__20200905_20200924__0025	/scrfs/storage/yikebe/home/research/AR_Crop_Identification/make_dataset/raw_sentinel/pm5/pm5__20200905_20200924__0025	2020-09-07	696915.00000000,3760248.00000000,697683.00000000,3761016.00000000
train	001461	lower__20200911_160156_04_2235_3B_AnalyticMS_SR_8b_clip	pm5__20200905_20200924__0025	/scrfs/storage/yikebe/home/research/AR_Crop_Identification/make_dataset/raw_sentinel/pm5/pm5__20200905_20200924__0025	2020-09-07	701523.00000000,3759480.00000000,702291.00000000,3760248.00000000
train	001477	lower__20200911_160156_04_2235_3B_AnalyticMS_SR_8b_clip	pm5__20200905_20200924__0025	/scrfs/storage/yikebe/home/research/AR_Crop_Identification/make_dataset/raw_sentinel/pm5/pm5__20200905_20200924__0025	2020-09-07	721491.00000000,3759480.00000000,722259.00000000,3760248.00000000
train	001493	lower__20200911_160156_04_2235_3B_AnalyticMS_SR_8b_clip	pm5__20200905_20200924__0025	/scrfs/storage/yikebe/home/research/AR_Crop_Identification/make_dataset/raw_sentinel/pm5/pm5__20200905_20200924__0025	2020-09-07	722259.00000000,3759480.00000000,723027.00000000,3760248.00000000
train	001509	lower__20200911_160156_04_2235_3B_AnalyticMS_SR_8b_clip	pm5__20200905_20200924__0025	/scrfs/storage/yikebe/home/research/AR_Crop_Identification/make_dataset/raw_sentinel/pm5/pm5__20200905_20200924__0025	2020-09-07	708435.00000000,3758712.00000000,709203.00000000,3759480.00000000
train	001525	lower__20200911_160156_04_2235_3B_AnalyticMS_SR_8b_clip	pm5__20200905_20200924__0025	/scrfs/storage/yikebe/home/research/AR_Crop_Identification/make_dataset/raw_sentinel/pm5/pm5__20200905_20200924__0025	2020-09-07	722259.00000000,3758712.00000000,723027.00000000,3759480.00000000
train	001541	lower__20200911_160156_04_2235_3B_AnalyticMS_SR_8b_clip	pm5__20200905_20200924__0025	/scrfs/storage/yikebe/home/research/AR_Crop_Identification/make_dataset/raw_sentinel/pm5/pm5__20200905_20200924__0025	2020-09-07	723795.00000000,3758712.00000000,724563.00000000,3759480.00000000
train	001557	lower__20200911_160156_04_2235_3B_AnalyticMS_SR_8b_clip	pm5__20200905_20200924__0025	/scrfs/storage/yikebe/home/research/AR_Crop_Identification/make_dataset/raw_sentinel/pm5/pm5__20200905_20200924__0025	2020-09-07	695379.00000000,3757944.00000000,696147.00000000,3758712.00000000
train	001573	lower__20200911_160156_04_2235_3B_AnalyticMS_SR_8b_clip	pm5__20200905_20200924__0025	/scrfs/storage/yikebe/home/research/AR_Crop_Identification/make_dataset/raw_sentinel/pm5/pm5__20200905_20200924__0025	2020-09-07	702291.00000000,3757944.00000000,703059.00000000,3758712.00000000
train	001589	lower__20200911_160156_04_2235_3B_AnalyticMS_SR_8b_clip	pm5__20200905_20200924__0025	/scrfs/storage/yikebe/home/research/AR_Crop_Identification/make_dataset/raw_sentinel/pm5/pm5__20200905_20200924__0025	2020-09-07	710739.00000000,3757944.00000000,711507.00000000,3758712.00000000
train	001605	lower__20200911_160156_04_2235_3B_AnalyticMS_SR_8b_clip	pm5__20200905_20200924__0025	/scrfs/storage/yikebe/home/research/AR_Crop_Identification/make_dataset/raw_sentinel/pm5/pm5__20200905_20200924__0025	2020-09-07	695379.00000000,3757176.00000000,696147.00000000,3757944.00000000
train	001621	lower__20200911_160156_04_2235_3B_AnalyticMS_SR_8b_clip	pm5__20200905_20200924__0025	/scrfs/storage/yikebe/home/research/AR_Crop_Identification/make_dataset/raw_sentinel/pm5/pm5__20200905_20200924__0025	2020-09-07	702291.00000000,3757176.00000000,703059.00000000,3757944.00000000
train	001637	lower__20200911_160156_04_2235_3B_AnalyticMS_SR_8b_clip	pm5__20200905_20200924__0025	/scrfs/storage/yikebe/home/research/AR_Crop_Identification/make_dataset/raw_sentinel/pm5/pm5__20200905_20200924__0025	2020-09-07	703059.00000000,3757176.00000000,703827.00000000,3757944.00000000
train	001653	lower__20200911_160156_04_2235_3B_AnalyticMS_SR_8b_clip	pm5__20200905_20200924__0025	/scrfs/storage/yikebe/home/research/AR_Crop_Identification/make_dataset/raw_sentinel/pm5/pm5__20200905_20200924__0025	2020-09-07	695379.00000000,3756408.00000000,696147.00000000,3757176.00000000
train	001669	lower__20200911_160156_04_2235_3B_AnalyticMS_SR_8b_clip	pm5__20200905_20200924__0025	/scrfs/storage/yikebe/home/research/AR_Crop_Identification/make_dataset/raw_sentinel/pm5/pm5__20200905_20200924__0025	2020-09-07	692307.00000000,3755640.00000000,693075.00000000,3756408.00000000
train	001685	lower__20200911_160156_04_2235_3B_AnalyticMS_SR_8b_clip	pm5__20200905_20200924__0025	/scrfs/storage/yikebe/home/research/AR_Crop_Identification/make_dataset/raw_sentinel/pm5/pm5__20200905_20200924__0025	2020-09-07	694611.00000000,3755640.00000000,695379.00000000,3756408.00000000
train	001701	lower__20200911_160156_04_2235_3B_AnalyticMS_SR_8b_clip	pm5__20200905_20200924__0025	/scrfs/storage/yikebe/home/research/AR_Crop_Identification/make_dataset/raw_sentinel/pm5/pm5__20200905_20200924__0025	2020-09-07	695379.00000000,3755640.00000000,696147.00000000,3756408.00000000
train	001717	lower__20200911_160156_04_2235_3B_AnalyticMS_SR_8b_clip	pm5__20200905_20200924__0025	/scrfs/storage/yikebe/home/research/AR_Crop_Identification/make_dataset/raw_sentinel/pm5/pm5__20200905_20200924__0025	2020-09-07	695379.00000000,3754872.00000000,696147.00000000,3755640.00000000
train	001733	lower__20200911_160156_04_2235_3B_AnalyticMS_SR_8b_clip	pm5__20200905_20200924__0025	/scrfs/storage/yikebe/home/research/AR_Crop_Identification/make_dataset/raw_sentinel/pm5/pm5__20200905_20200924__0025	2020-09-07	700755.00000000,3754872.00000000,701523.00000000,3755640.00000000
train	001749	lower__20200911_160156_04_2235_3B_AnalyticMS_SR_8b_clip	pm5__20200905_20200924__0025	/scrfs/storage/yikebe/home/research/AR_Crop_Identification/make_dataset/raw_sentinel/pm5/pm5__20200905_20200924__0025	2020-09-07	703827.00000000,3754872.00000000,704595.00000000,3755640.00000000
train	001765	lower__20200911_160156_04_2235_3B_AnalyticMS_SR_8b_clip	pm5__20200905_20200924__0025	/scrfs/storage/yikebe/home/research/AR_Crop_Identification/make_dataset/raw_sentinel/pm5/pm5__20200905_20200924__0025	2020-09-07	708435.00000000,3754872.00000000,709203.00000000,3755640.00000000
train	001781	lower__20200911_160156_04_2235_3B_AnalyticMS_SR_8b_clip	pm5__20200905_20200924__0025	/scrfs/storage/yikebe/home/research/AR_Crop_Identification/make_dataset/raw_sentinel/pm5/pm5__20200905_20200924__0025	2020-09-07	693075.00000000,3754104.00000000,693843.00000000,3754872.00000000
train	001797	lower__20200911_160156_04_2235_3B_AnalyticMS_SR_8b_clip	pm5__20200905_20200924__0025	/scrfs/storage/yikebe/home/research/AR_Crop_Identification/make_dataset/raw_sentinel/pm5/pm5__20200905_20200924__0025	2020-09-07	693843.00000000,3754104.00000000,694611.00000000,3754872.00000000
train	001813	lower__20200911_160156_04_2235_3B_AnalyticMS_SR_8b_clip	pm5__20200905_20200924__0025	/scrfs/storage/yikebe/home/research/AR_Crop_Identification/make_dataset/raw_sentinel/pm5/pm5__20200905_20200924__0025	2020-09-07	722259.00000000,3754104.00000000,723027.00000000,3754872.00000000
train	001829	lower__20200911_160156_04_2235_3B_AnalyticMS_SR_8b_clip	pm5__20200905_20200924__0025	/scrfs/storage/yikebe/home/research/AR_Crop_Identification/make_dataset/raw_sentinel/pm5/pm5__20200905_20200924__0025	2020-09-07	723027.00000000,3754104.00000000,723795.00000000,3754872.00000000
train	001845	lower__20200911_160156_04_2235_3B_AnalyticMS_SR_8b_clip	pm5__20200905_20200924__0025	/scrfs/storage/yikebe/home/research/AR_Crop_Identification/make_dataset/raw_sentinel/pm5/pm5__20200905_20200924__0025	2020-09-07	690771.00000000,3753336.00000000,691539.00000000,3754104.00000000
train	001861	lower__20200911_160156_04_2235_3B_AnalyticMS_SR_8b_clip	pm5__20200905_20200924__0025	/scrfs/storage/yikebe/home/research/AR_Crop_Identification/make_dataset/raw_sentinel/pm5/pm5__20200905_20200924__0025	2020-09-07	693075.00000000,3753336.00000000,693843.00000000,3754104.00000000
train	001877	lower__20200911_160156_04_2235_3B_AnalyticMS_SR_8b_clip	pm5__20200905_20200924__0025	/scrfs/storage/yikebe/home/research/AR_Crop_Identification/make_dataset/raw_sentinel/pm5/pm5__20200905_20200924__0025	2020-09-07	693843.00000000,3753336.00000000,694611.00000000,3754104.00000000
train	001893	lower__20200911_160156_04_2235_3B_AnalyticMS_SR_8b_clip	pm5__20200905_20200924__0025	/scrfs/storage/yikebe/home/research/AR_Crop_Identification/make_dataset/raw_sentinel/pm5/pm5__20200905_20200924__0025	2020-09-07	700755.00000000,3753336.00000000,701523.00000000,3754104.00000000
train	001909	lower__20200911_160156_04_2235_3B_AnalyticMS_SR_8b_clip	pm5__20200905_20200924__0025	/scrfs/storage/yikebe/home/research/AR_Crop_Identification/make_dataset/raw_sentinel/pm5/pm5__20200905_20200924__0025	2020-09-07	701523.00000000,3753336.00000000,702291.00000000,3754104.00000000
train	001925	lower__20200911_160156_04_2235_3B_AnalyticMS_SR_8b_clip	pm5__20200905_20200924__0025	/scrfs/storage/yikebe/home/research/AR_Crop_Identification/make_dataset/raw_sentinel/pm5/pm5__20200905_20200924__0025	2020-09-07	706899.00000000,3753336.00000000,707667.00000000,3754104.00000000
train	001941	lower__20200911_160156_04_2235_3B_AnalyticMS_SR_8b_clip	pm5__20200905_20200924__0025	/scrfs/storage/yikebe/home/research/AR_Crop_Identification/make_dataset/raw_sentinel/pm5/pm5__20200905_20200924__0025	2020-09-07	707667.00000000,3753336.00000000,708435.00000000,3754104.00000000
train	001957	lower__20200911_160156_04_2235_3B_AnalyticMS_SR_8b_clip	pm5__20200905_20200924__0025	/scrfs/storage/yikebe/home/research/AR_Crop_Identification/make_dataset/raw_sentinel/pm5/pm5__20200905_20200924__0025	2020-09-07	723027.00000000,3753336.00000000,723795.00000000,3754104.00000000
train	001973	lower__20200911_160156_04_2235_3B_AnalyticMS_SR_8b_clip	pm5__20200905_20200924__0025	/scrfs/storage/yikebe/home/research/AR_Crop_Identification/make_dataset/raw_sentinel/pm5/pm5__20200905_20200924__0025	2020-09-07	690771.00000000,3752568.00000000,691539.00000000,3753336.00000000
train	001989	lower__20200911_160156_04_2235_3B_AnalyticMS_SR_8b_clip	pm5__20200905_20200924__0025	/scrfs/storage/yikebe/home/research/AR_Crop_Identification/make_dataset/raw_sentinel/pm5/pm5__20200905_20200924__0025	2020-09-07	691539.00000000,3752568.00000000,692307.00000000,3753336.00000000
train	002005	lower__20200911_160156_04_2235_3B_AnalyticMS_SR_8b_clip	pm5__20200905_20200924__0025	/scrfs/storage/yikebe/home/research/AR_Crop_Identification/make_dataset/raw_sentinel/pm5/pm5__20200905_20200924__0025	2020-09-07	697683.00000000,3752568.00000000,698451.00000000,3753336.00000000
train	002021	lower__20200911_160156_04_2235_3B_AnalyticMS_SR_8b_clip	pm5__20200905_20200924__0025	/scrfs/storage/yikebe/home/research/AR_Crop_Identification/make_dataset/raw_sentinel/pm5/pm5__20200905_20200924__0025	2020-09-07	698451.00000000,3752568.00000000,699219.00000000,3753336.00000000
train	002037	lower__20200911_160156_04_2235_3B_AnalyticMS_SR_8b_clip	pm5__20200905_20200924__0025	/scrfs/storage/yikebe/home/research/AR_Crop_Identification/make_dataset/raw_sentinel/pm5/pm5__20200905_20200924__0025	2020-09-07	703059.00000000,3752568.00000000,703827.00000000,3753336.00000000
train	002053	lower__20200911_160156_04_2235_3B_AnalyticMS_SR_8b_clip	pm5__20200905_20200924__0025	/scrfs/storage/yikebe/home/research/AR_Crop_Identification/make_dataset/raw_sentinel/pm5/pm5__20200905_20200924__0025	2020-09-07	703827.00000000,3752568.00000000,704595.00000000,3753336.00000000
train	002069	lower__20200911_160156_04_2235_3B_AnalyticMS_SR_8b_clip	pm5__20200905_20200924__0025	/scrfs/storage/yikebe/home/research/AR_Crop_Identification/make_dataset/raw_sentinel/pm5/pm5__20200905_20200924__0025	2020-09-07	723027.00000000,3752568.00000000,723795.00000000,3753336.00000000
train	002085	lower__20200911_160156_04_2235_3B_AnalyticMS_SR_8b_clip	pm5__20200905_20200924__0025	/scrfs/storage/yikebe/home/research/AR_Crop_Identification/make_dataset/raw_sentinel/pm5/pm5__20200905_20200924__0025	2020-09-07	702291.00000000,3751800.00000000,703059.00000000,3752568.00000000
train	002101	lower__20200911_160156_04_2235_3B_AnalyticMS_SR_8b_clip	pm5__20200905_20200924__0025	/scrfs/storage/yikebe/home/research/AR_Crop_Identification/make_dataset/raw_sentinel/pm5/pm5__20200905_20200924__0025	2020-09-07	703827.00000000,3751800.00000000,704595.00000000,3752568.00000000
train	002117	lower__20200911_160156_04_2235_3B_AnalyticMS_SR_8b_clip	pm5__20200905_20200924__0025	/scrfs/storage/yikebe/home/research/AR_Crop_Identification/make_dataset/raw_sentinel/pm5/pm5__20200905_20200924__0025	2020-09-07	717651.00000000,3751800.00000000,718419.00000000,3752568.00000000
train	002133	lower__20200911_160156_04_2235_3B_AnalyticMS_SR_8b_clip	pm5__20200905_20200924__0025	/scrfs/storage/yikebe/home/research/AR_Crop_Identification/make_dataset/raw_sentinel/pm5/pm5__20200905_20200924__0025	2020-09-07	702291.00000000,3751032.00000000,703059.00000000,3751800.00000000
train	002149	lower__20200911_160156_04_2235_3B_AnalyticMS_SR_8b_clip	pm5__20200905_20200924__0025	/scrfs/storage/yikebe/home/research/AR_Crop_Identification/make_dataset/raw_sentinel/pm5/pm5__20200905_20200924__0025	2020-09-07	704595.00000000,3751032.00000000,705363.00000000,3751800.00000000
train	002165	lower__20200911_160156_04_2235_3B_AnalyticMS_SR_8b_clip	pm5__20200905_20200924__0025	/scrfs/storage/yikebe/home/research/AR_Crop_Identification/make_dataset/raw_sentinel/pm5/pm5__20200905_20200924__0025	2020-09-07	706899.00000000,3751032.00000000,707667.00000000,3751800.00000000
train	002181	lower__20200911_160156_04_2235_3B_AnalyticMS_SR_8b_clip	pm5__20200905_20200924__0025	/scrfs/storage/yikebe/home/research/AR_Crop_Identification/make_dataset/raw_sentinel/pm5/pm5__20200905_20200924__0025	2020-09-07	707667.00000000,3751032.00000000,708435.00000000,3751800.00000000
train	002197	lower__20200911_160156_04_2235_3B_AnalyticMS_SR_8b_clip	pm5__20200905_20200924__0025	/scrfs/storage/yikebe/home/research/AR_Crop_Identification/make_dataset/raw_sentinel/pm5/pm5__20200905_20200924__0025	2020-09-07	699219.00000000,3750264.00000000,699987.00000000,3751032.00000000
train	002213	lower__20200911_160156_04_2235_3B_AnalyticMS_SR_8b_clip	pm5__20200905_20200924__0025	/scrfs/storage/yikebe/home/research/AR_Crop_Identification/make_dataset/raw_sentinel/pm5/pm5__20200905_20200924__0025	2020-09-07	699987.00000000,3750264.00000000,700755.00000000,3751032.00000000
train	002229	lower__20200911_160156_04_2235_3B_AnalyticMS_SR_8b_clip	pm5__20200905_20200924__0025	/scrfs/storage/yikebe/home/research/AR_Crop_Identification/make_dataset/raw_sentinel/pm5/pm5__20200905_20200924__0025	2020-09-07	702291.00000000,3750264.00000000,703059.00000000,3751032.00000000
train	002245	lower__20200911_160156_04_2235_3B_AnalyticMS_SR_8b_clip	pm5__20200905_20200924__0025	/scrfs/storage/yikebe/home/research/AR_Crop_Identification/make_dataset/raw_sentinel/pm5/pm5__20200905_20200924__0025	2020-09-07	703059.00000000,3750264.00000000,703827.00000000,3751032.00000000
train	002261	lower__20200911_160156_04_2235_3B_AnalyticMS_SR_8b_clip	pm5__20200905_20200924__0025	/scrfs/storage/yikebe/home/research/AR_Crop_Identification/make_dataset/raw_sentinel/pm5/pm5__20200905_20200924__0025	2020-09-07	703827.00000000,3750264.00000000,704595.00000000,3751032.00000000
train	002277	lower__20200911_160156_04_2235_3B_AnalyticMS_SR_8b_clip	pm5__20200905_20200924__0025	/scrfs/storage/yikebe/home/research/AR_Crop_Identification/make_dataset/raw_sentinel/pm5/pm5__20200905_20200924__0025	2020-09-07	708435.00000000,3750264.00000000,709203.00000000,3751032.00000000
train	002293	lower__20200911_160156_04_2235_3B_AnalyticMS_SR_8b_clip	pm5__20200905_20200924__0025	/scrfs/storage/yikebe/home/research/AR_Crop_Identification/make_dataset/raw_sentinel/pm5/pm5__20200905_20200924__0025	2020-09-07	713811.00000000,3750264.00000000,714579.00000000,3751032.00000000
train	002309	lower__20200911_160156_04_2235_3B_AnalyticMS_SR_8b_clip	pm5__20200905_20200924__0025	/scrfs/storage/yikebe/home/research/AR_Crop_Identification/make_dataset/raw_sentinel/pm5/pm5__20200905_20200924__0025	2020-09-07	696915.00000000,3749496.00000000,697683.00000000,3750264.00000000
train	002325	lower__20200911_160156_04_2235_3B_AnalyticMS_SR_8b_clip	pm5__20200905_20200924__0025	/scrfs/storage/yikebe/home/research/AR_Crop_Identification/make_dataset/raw_sentinel/pm5/pm5__20200905_20200924__0025	2020-09-07	701523.00000000,3749496.00000000,702291.00000000,3750264.00000000
train	002341	lower__20200911_160156_04_2235_3B_AnalyticMS_SR_8b_clip	pm5__20200905_20200924__0025	/scrfs/storage/yikebe/home/research/AR_Crop_Identification/make_dataset/raw_sentinel/pm5/pm5__20200905_20200924__0025	2020-09-07	702291.00000000,3749496.00000000,703059.00000000,3750264.00000000
train	002357	lower__20200911_160156_04_2235_3B_AnalyticMS_SR_8b_clip	pm5__20200905_20200924__0025	/scrfs/storage/yikebe/home/research/AR_Crop_Identification/make_dataset/raw_sentinel/pm5/pm5__20200905_20200924__0025	2020-09-07	703059.00000000,3749496.00000000,703827.00000000,3750264.00000000
train	002373	lower__20200911_160156_04_2235_3B_AnalyticMS_SR_8b_clip	pm5__20200905_20200924__0025	/scrfs/storage/yikebe/home/research/AR_Crop_Identification/make_dataset/raw_sentinel/pm5/pm5__20200905_20200924__0025	2020-09-07	703827.00000000,3749496.00000000,704595.00000000,3750264.00000000
train	002389	lower__20200911_160156_04_2235_3B_AnalyticMS_SR_8b_clip	pm5__20200905_20200924__0025	/scrfs/storage/yikebe/home/research/AR_Crop_Identification/make_dataset/raw_sentinel/pm5/pm5__20200905_20200924__0025	2020-09-07	704595.00000000,3749496.00000000,705363.00000000,3750264.00000000
train	002405	lower__20200911_160156_04_2235_3B_AnalyticMS_SR_8b_clip	pm5__20200905_20200924__0025	/scrfs/storage/yikebe/home/research/AR_Crop_Identification/make_dataset/raw_sentinel/pm5/pm5__20200905_20200924__0025	2020-09-07	713043.00000000,3749496.00000000,713811.00000000,3750264.00000000
train	002421	lower__20200911_160156_04_2235_3B_AnalyticMS_SR_8b_clip	pm5__20200905_20200924__0025	/scrfs/storage/yikebe/home/research/AR_Crop_Identification/make_dataset/raw_sentinel/pm5/pm5__20200905_20200924__0025	2020-09-07	713811.00000000,3749496.00000000,714579.00000000,3750264.00000000
train	002437	lower__20200911_160156_04_2235_3B_AnalyticMS_SR_8b_clip	pm5__20200905_20200924__0025	/scrfs/storage/yikebe/home/research/AR_Crop_Identification/make_dataset/raw_sentinel/pm5/pm5__20200905_20200924__0025	2020-09-07	697683.00000000,3748728.00000000,698451.00000000,3749496.00000000
train	002453	lower__20200911_160156_04_2235_3B_AnalyticMS_SR_8b_clip	pm5__20200905_20200924__0025	/scrfs/storage/yikebe/home/research/AR_Crop_Identification/make_dataset/raw_sentinel/pm5/pm5__20200905_20200924__0025	2020-09-07	704595.00000000,3748728.00000000,705363.00000000,3749496.00000000
train	002469	lower__20200911_160156_04_2235_3B_AnalyticMS_SR_8b_clip	pm5__20200905_20200924__0025	/scrfs/storage/yikebe/home/research/AR_Crop_Identification/make_dataset/raw_sentinel/pm5/pm5__20200905_20200924__0025	2020-09-07	705363.00000000,3748728.00000000,706131.00000000,3749496.00000000
train	002485	lower__20200911_160156_04_2235_3B_AnalyticMS_SR_8b_clip	pm5__20200905_20200924__0025	/scrfs/storage/yikebe/home/research/AR_Crop_Identification/make_dataset/raw_sentinel/pm5/pm5__20200905_20200924__0025	2020-09-07	713043.00000000,3748728.00000000,713811.00000000,3749496.00000000
train	002501	lower__20200911_160156_04_2235_3B_AnalyticMS_SR_8b_clip	pm5__20200905_20200924__0025	/scrfs/storage/yikebe/home/research/AR_Crop_Identification/make_dataset/raw_sentinel/pm5/pm5__20200905_20200924__0025	2020-09-07	696147.00000000,3747960.00000000,696915.00000000,3748728.00000000
train	002517	lower__20200911_160156_04_2235_3B_AnalyticMS_SR_8b_clip	pm5__20200905_20200924__0025	/scrfs/storage/yikebe/home/research/AR_Crop_Identification/make_dataset/raw_sentinel/pm5/pm5__20200905_20200924__0025	2020-09-07	698451.00000000,3747960.00000000,699219.00000000,3748728.00000000
train	002533	lower__20200911_160156_04_2235_3B_AnalyticMS_SR_8b_clip	pm5__20200905_20200924__0025	/scrfs/storage/yikebe/home/research/AR_Crop_Identification/make_dataset/raw_sentinel/pm5/pm5__20200905_20200924__0025	2020-09-07	703059.00000000,3747960.00000000,703827.00000000,3748728.00000000
train	002549	lower__20200911_160156_04_2235_3B_AnalyticMS_SR_8b_clip	pm5__20200905_20200924__0025	/scrfs/storage/yikebe/home/research/AR_Crop_Identification/make_dataset/raw_sentinel/pm5/pm5__20200905_20200924__0025	2020-09-07	704595.00000000,3747960.00000000,705363.00000000,3748728.00000000
train	002565	lower__20200911_160156_04_2235_3B_AnalyticMS_SR_8b_clip	pm5__20200905_20200924__0025	/scrfs/storage/yikebe/home/research/AR_Crop_Identification/make_dataset/raw_sentinel/pm5/pm5__20200905_20200924__0025	2020-09-07	700755.00000000,3747192.00000000,701523.00000000,3747960.00000000
train	002581	lower__20200911_160156_04_2235_3B_AnalyticMS_SR_8b_clip	pm5__20200905_20200924__0025	/scrfs/storage/yikebe/home/research/AR_Crop_Identification/make_dataset/raw_sentinel/pm5/pm5__20200905_20200924__0025	2020-09-07	701523.00000000,3747192.00000000,702291.00000000,3747960.00000000
train	002597	lower__20200911_160156_04_2235_3B_AnalyticMS_SR_8b_clip	pm5__20200905_20200924__0025	/scrfs/storage/yikebe/home/research/AR_Crop_Identification/make_dataset/raw_sentinel/pm5/pm5__20200905_20200924__0025	2020-09-07	703059.00000000,3747192.00000000,703827.00000000,3747960.00000000
train	002613	lower__20200911_160156_04_2235_3B_AnalyticMS_SR_8b_clip	pm5__20200905_20200924__0025	/scrfs/storage/yikebe/home/research/AR_Crop_Identification/make_dataset/raw_sentinel/pm5/pm5__20200905_20200924__0025	2020-09-07	706131.00000000,3747192.00000000,706899.00000000,3747960.00000000
train	002629	lower__20200911_160156_04_2235_3B_AnalyticMS_SR_8b_clip	pm5__20200905_20200924__0025	/scrfs/storage/yikebe/home/research/AR_Crop_Identification/make_dataset/raw_sentinel/pm5/pm5__20200905_20200924__0025	2020-09-07	706899.00000000,3747192.00000000,707667.00000000,3747960.00000000
train	002645	lower__20200911_160156_04_2235_3B_AnalyticMS_SR_8b_clip	pm5__20200905_20200924__0025	/scrfs/storage/yikebe/home/research/AR_Crop_Identification/make_dataset/raw_sentinel/pm5/pm5__20200905_20200924__0025	2020-09-07	708435.00000000,3747192.00000000,709203.00000000,3747960.00000000
train	002661	lower__20200911_160156_04_2235_3B_AnalyticMS_SR_8b_clip	pm5__20200905_20200924__0025	/scrfs/storage/yikebe/home/research/AR_Crop_Identification/make_dataset/raw_sentinel/pm5/pm5__20200905_20200924__0025	2020-09-07	710739.00000000,3747192.00000000,711507.00000000,3747960.00000000
train	002677	lower__20200911_160156_04_2235_3B_AnalyticMS_SR_8b_clip	pm5__20200905_20200924__0025	/scrfs/storage/yikebe/home/research/AR_Crop_Identification/make_dataset/raw_sentinel/pm5/pm5__20200905_20200924__0025	2020-09-07	696915.00000000,3746424.00000000,697683.00000000,3747192.00000000
train	002693	lower__20200911_160156_04_2235_3B_AnalyticMS_SR_8b_clip	pm5__20200905_20200924__0025	/scrfs/storage/yikebe/home/research/AR_Crop_Identification/make_dataset/raw_sentinel/pm5/pm5__20200905_20200924__0025	2020-09-07	700755.00000000,3746424.00000000,701523.00000000,3747192.00000000
train	002709	lower__20200911_160156_04_2235_3B_AnalyticMS_SR_8b_clip	pm5__20200905_20200924__0025	/scrfs/storage/yikebe/home/research/AR_Crop_Identification/make_dataset/raw_sentinel/pm5/pm5__20200905_20200924__0025	2020-09-07	701523.00000000,3746424.00000000,702291.00000000,3747192.00000000
train	002725	lower__20200911_160156_04_2235_3B_AnalyticMS_SR_8b_clip	pm5__20200905_20200924__0025	/scrfs/storage/yikebe/home/research/AR_Crop_Identification/make_dataset/raw_sentinel/pm5/pm5__20200905_20200924__0025	2020-09-07	710739.00000000,3746424.00000000,711507.00000000,3747192.00000000
train	002741	lower__20200911_160156_04_2235_3B_AnalyticMS_SR_8b_clip	pm5__20200905_20200924__0025	/scrfs/storage/yikebe/home/research/AR_Crop_Identification/make_dataset/raw_sentinel/pm5/pm5__20200905_20200924__0025	2020-09-07	719187.00000000,3746424.00000000,719955.00000000,3747192.00000000
train	002757	lower__20200911_160156_04_2235_3B_AnalyticMS_SR_8b_clip	pm5__20200905_20200924__0025	/scrfs/storage/yikebe/home/research/AR_Crop_Identification/make_dataset/raw_sentinel/pm5/pm5__20200905_20200924__0025	2020-09-07	696915.00000000,3745656.00000000,697683.00000000,3746424.00000000
train	002773	lower__20200911_160156_04_2235_3B_AnalyticMS_SR_8b_clip	pm5__20200905_20200924__0025	/scrfs/storage/yikebe/home/research/AR_Crop_Identification/make_dataset/raw_sentinel/pm5/pm5__20200905_20200924__0025	2020-09-07	698451.00000000,3745656.00000000,699219.00000000,3746424.00000000
train	002789	lower__20200911_160156_04_2235_3B_AnalyticMS_SR_8b_clip	pm5__20200905_20200924__0025	/scrfs/storage/yikebe/home/research/AR_Crop_Identification/make_dataset/raw_sentinel/pm5/pm5__20200905_20200924__0025	2020-09-07	699987.00000000,3745656.00000000,700755.00000000,3746424.00000000
train	002805	lower__20200911_160156_04_2235_3B_AnalyticMS_SR_8b_clip	pm5__20200905_20200924__0025	/scrfs/storage/yikebe/home/research/AR_Crop_Identification/make_dataset/raw_sentinel/pm5/pm5__20200905_20200924__0025	2020-09-07	700755.00000000,3745656.00000000,701523.00000000,3746424.00000000
train	002821	lower__20200911_160156_04_2235_3B_AnalyticMS_SR_8b_clip	pm5__20200905_20200924__0025	/scrfs/storage/yikebe/home/research/AR_Crop_Identification/make_dataset/raw_sentinel/pm5/pm5__20200905_20200924__0025	2020-09-07	698451.00000000,3744888.00000000,699219.00000000,3745656.00000000
train	002837	lower__20200911_160156_04_2235_3B_AnalyticMS_SR_8b_clip	pm5__20200905_20200924__0025	/scrfs/storage/yikebe/home/research/AR_Crop_Identification/make_dataset/raw_sentinel/pm5/pm5__20200905_20200924__0025	2020-09-07	699219.00000000,3744888.00000000,699987.00000000,3745656.00000000
train	002853	lower__20200911_160156_04_2235_3B_AnalyticMS_SR_8b_clip	pm5__20200905_20200924__0025	/scrfs/storage/yikebe/home/research/AR_Crop_Identification/make_dataset/raw_sentinel/pm5/pm5__20200905_20200924__0025	2020-09-07	701523.00000000,3744888.00000000,702291.00000000,3745656.00000000
train	002869	lower__20200911_160156_04_2235_3B_AnalyticMS_SR_8b_clip	pm5__20200905_20200924__0025	/scrfs/storage/yikebe/home/research/AR_Crop_Identification/make_dataset/raw_sentinel/pm5/pm5__20200905_20200924__0025	2020-09-07	713043.00000000,3744888.00000000,713811.00000000,3745656.00000000
train	002885	lower__20200911_160156_04_2235_3B_AnalyticMS_SR_8b_clip	pm5__20200905_20200924__0025	/scrfs/storage/yikebe/home/research/AR_Crop_Identification/make_dataset/raw_sentinel/pm5/pm5__20200905_20200924__0025	2020-09-07	720723.00000000,3744888.00000000,721491.00000000,3745656.00000000
train	002901	lower__20200911_160156_04_2235_3B_AnalyticMS_SR_8b_clip	pm5__20200905_20200924__0025	/scrfs/storage/yikebe/home/research/AR_Crop_Identification/make_dataset/raw_sentinel/pm5/pm5__20200905_20200924__0025	2020-09-07	699987.00000000,3744120.00000000,700755.00000000,3744888.00000000
train	002917	lower__20200911_160156_04_2235_3B_AnalyticMS_SR_8b_clip	pm5__20200905_20200924__0025	/scrfs/storage/yikebe/home/research/AR_Crop_Identification/make_dataset/raw_sentinel/pm5/pm5__20200905_20200924__0025	2020-09-07	700755.00000000,3744120.00000000,701523.00000000,3744888.00000000
train	002933	lower__20200911_160156_04_2235_3B_AnalyticMS_SR_8b_clip	pm5__20200905_20200924__0025	/scrfs/storage/yikebe/home/research/AR_Crop_Identification/make_dataset/raw_sentinel/pm5/pm5__20200905_20200924__0025	2020-09-07	703827.00000000,3744120.00000000,704595.00000000,3744888.00000000
train	002949	lower__20200911_160156_04_2235_3B_AnalyticMS_SR_8b_clip	pm5__20200905_20200924__0025	/scrfs/storage/yikebe/home/research/AR_Crop_Identification/make_dataset/raw_sentinel/pm5/pm5__20200905_20200924__0025	2020-09-07	713043.00000000,3744120.00000000,713811.00000000,3744888.00000000
train	002965	lower__20200911_160156_04_2235_3B_AnalyticMS_SR_8b_clip	pm5__20200905_20200924__0025	/scrfs/storage/yikebe/home/research/AR_Crop_Identification/make_dataset/raw_sentinel/pm5/pm5__20200905_20200924__0025	2020-09-07	713811.00000000,3744120.00000000,714579.00000000,3744888.00000000
train	002981	lower__20200911_160156_04_2235_3B_AnalyticMS_SR_8b_clip	pm5__20200905_20200924__0025	/scrfs/storage/yikebe/home/research/AR_Crop_Identification/make_dataset/raw_sentinel/pm5/pm5__20200905_20200924__0025	2020-09-07	715347.00000000,3744120.00000000,716115.00000000,3744888.00000000
train	002997	lower__20200911_160156_04_2235_3B_AnalyticMS_SR_8b_clip	pm5__20200905_20200924__0025	/scrfs/storage/yikebe/home/research/AR_Crop_Identification/make_dataset/raw_sentinel/pm5/pm5__20200905_20200924__0025	2020-09-07	716883.00000000,3744120.00000000,717651.00000000,3744888.00000000
train	003013	lower__20200911_160156_04_2235_3B_AnalyticMS_SR_8b_clip	pm5__20200905_20200924__0025	/scrfs/storage/yikebe/home/research/AR_Crop_Identification/make_dataset/raw_sentinel/pm5/pm5__20200905_20200924__0025	2020-09-07	720723.00000000,3744120.00000000,721491.00000000,3744888.00000000
train	003029	lower__20200911_160156_04_2235_3B_AnalyticMS_SR_8b_clip	pm5__20200905_20200924__0025	/scrfs/storage/yikebe/home/research/AR_Crop_Identification/make_dataset/raw_sentinel/pm5/pm5__20200905_20200924__0025	2020-09-07	708435.00000000,3743352.00000000,709203.00000000,3744120.00000000
train	003045	lower__20200911_160156_04_2235_3B_AnalyticMS_SR_8b_clip	pm5__20200905_20200924__0025	/scrfs/storage/yikebe/home/research/AR_Crop_Identification/make_dataset/raw_sentinel/pm5/pm5__20200905_20200924__0025	2020-09-07	711507.00000000,3743352.00000000,712275.00000000,3744120.00000000
train	003061	lower__20200911_160156_04_2235_3B_AnalyticMS_SR_8b_clip	pm5__20200905_20200924__0025	/scrfs/storage/yikebe/home/research/AR_Crop_Identification/make_dataset/raw_sentinel/pm5/pm5__20200905_20200924__0025	2020-09-07	712275.00000000,3743352.00000000,713043.00000000,3744120.00000000
train	003077	lower__20200911_160156_04_2235_3B_AnalyticMS_SR_8b_clip	pm5__20200905_20200924__0025	/scrfs/storage/yikebe/home/research/AR_Crop_Identification/make_dataset/raw_sentinel/pm5/pm5__20200905_20200924__0025	2020-09-07	717651.00000000,3743352.00000000,718419.00000000,3744120.00000000
train	003093	lower__20200911_160156_04_2235_3B_AnalyticMS_SR_8b_clip	pm5__20200905_20200924__0025	/scrfs/storage/yikebe/home/research/AR_Crop_Identification/make_dataset/raw_sentinel/pm5/pm5__20200905_20200924__0025	2020-09-07	718419.00000000,3743352.00000000,719187.00000000,3744120.00000000
train	003109	lower__20200911_160156_04_2235_3B_AnalyticMS_SR_8b_clip	pm5__20200905_20200924__0025	/scrfs/storage/yikebe/home/research/AR_Crop_Identification/make_dataset/raw_sentinel/pm5/pm5__20200905_20200924__0025	2020-09-07	719187.00000000,3743352.00000000,719955.00000000,3744120.00000000
train	003125	lower__20200911_160156_04_2235_3B_AnalyticMS_SR_8b_clip	pm5__20200905_20200924__0025	/scrfs/storage/yikebe/home/research/AR_Crop_Identification/make_dataset/raw_sentinel/pm5/pm5__20200905_20200924__0025	2020-09-07	719955.00000000,3743352.00000000,720723.00000000,3744120.00000000
train	003141	lower__20200911_160156_04_2235_3B_AnalyticMS_SR_8b_clip	pm5__20200905_20200924__0025	/scrfs/storage/yikebe/home/research/AR_Crop_Identification/make_dataset/raw_sentinel/pm5/pm5__20200905_20200924__0025	2020-09-07	720723.00000000,3743352.00000000,721491.00000000,3744120.00000000
train	003157	lower__20200911_160156_04_2235_3B_AnalyticMS_SR_8b_clip	pm5__20200905_20200924__0025	/scrfs/storage/yikebe/home/research/AR_Crop_Identification/make_dataset/raw_sentinel/pm5/pm5__20200905_20200924__0025	2020-09-07	721491.00000000,3743352.00000000,722259.00000000,3744120.00000000
train	003173	lower__20200911_160156_04_2235_3B_AnalyticMS_SR_8b_clip	pm5__20200905_20200924__0025	/scrfs/storage/yikebe/home/research/AR_Crop_Identification/make_dataset/raw_sentinel/pm5/pm5__20200905_20200924__0025	2020-09-07	711507.00000000,3742584.00000000,712275.00000000,3743352.00000000
train	003189	lower__20200911_160156_04_2235_3B_AnalyticMS_SR_8b_clip	pm5__20200905_20200924__0025	/scrfs/storage/yikebe/home/research/AR_Crop_Identification/make_dataset/raw_sentinel/pm5/pm5__20200905_20200924__0025	2020-09-07	712275.00000000,3742584.00000000,713043.00000000,3743352.00000000
train	003205	lower__20200911_160156_04_2235_3B_AnalyticMS_SR_8b_clip	pm5__20200905_20200924__0025	/scrfs/storage/yikebe/home/research/AR_Crop_Identification/make_dataset/raw_sentinel/pm5/pm5__20200905_20200924__0025	2020-09-07	719955.00000000,3742584.00000000,720723.00000000,3743352.00000000
train	003221	lower__20200911_160156_04_2235_3B_AnalyticMS_SR_8b_clip	pm5__20200905_20200924__0025	/scrfs/storage/yikebe/home/research/AR_Crop_Identification/make_dataset/raw_sentinel/pm5/pm5__20200905_20200924__0025	2020-09-07	720723.00000000,3742584.00000000,721491.00000000,3743352.00000000
train	003237	lower__20200911_160156_04_2235_3B_AnalyticMS_SR_8b_clip	pm5__20200905_20200924__0025	/scrfs/storage/yikebe/home/research/AR_Crop_Identification/make_dataset/raw_sentinel/pm5/pm5__20200905_20200924__0025	2020-09-07	721491.00000000,3742584.00000000,722259.00000000,3743352.00000000
train	003253	lower__20200911_160156_04_2235_3B_AnalyticMS_SR_8b_clip	pm5__20200905_20200924__0025	/scrfs/storage/yikebe/home/research/AR_Crop_Identification/make_dataset/raw_sentinel/pm5/pm5__20200905_20200924__0025	2020-09-07	712275.00000000,3741816.00000000,713043.00000000,3742584.00000000
train	003269	lower__20200911_160156_04_2235_3B_AnalyticMS_SR_8b_clip	pm5__20200905_20200924__0025	/scrfs/storage/yikebe/home/research/AR_Crop_Identification/make_dataset/raw_sentinel/pm5/pm5__20200905_20200924__0025	2020-09-07	714579.00000000,3741816.00000000,715347.00000000,3742584.00000000
train	003285	lower__20200911_160156_04_2235_3B_AnalyticMS_SR_8b_clip	pm5__20200905_20200924__0025	/scrfs/storage/yikebe/home/research/AR_Crop_Identification/make_dataset/raw_sentinel/pm5/pm5__20200905_20200924__0025	2020-09-07	718419.00000000,3741816.00000000,719187.00000000,3742584.00000000
train	003301	lower__20200911_160156_04_2235_3B_AnalyticMS_SR_8b_clip	pm5__20200905_20200924__0025	/scrfs/storage/yikebe/home/research/AR_Crop_Identification/make_dataset/raw_sentinel/pm5/pm5__20200905_20200924__0025	2020-09-07	719955.00000000,3741816.00000000,720723.00000000,3742584.00000000
train	003317	lower__20200911_160156_04_2235_3B_AnalyticMS_SR_8b_clip	pm5__20200905_20200924__0025	/scrfs/storage/yikebe/home/research/AR_Crop_Identification/make_dataset/raw_sentinel/pm5/pm5__20200905_20200924__0025	2020-09-07	721491.00000000,3741816.00000000,722259.00000000,3742584.00000000
train	003333	lower__20200911_160156_04_2235_3B_AnalyticMS_SR_8b_clip	pm5__20200905_20200924__0025	/scrfs/storage/yikebe/home/research/AR_Crop_Identification/make_dataset/raw_sentinel/pm5/pm5__20200905_20200924__0025	2020-09-07	716115.00000000,3741048.00000000,716883.00000000,3741816.00000000
train	003349	lower__20200911_160156_04_2235_3B_AnalyticMS_SR_8b_clip	pm5__20200905_20200924__0025	/scrfs/storage/yikebe/home/research/AR_Crop_Identification/make_dataset/raw_sentinel/pm5/pm5__20200905_20200924__0025	2020-09-07	716883.00000000,3741048.00000000,717651.00000000,3741816.00000000
train	003365	lower__20200911_160156_04_2235_3B_AnalyticMS_SR_8b_clip	pm5__20200905_20200924__0025	/scrfs/storage/yikebe/home/research/AR_Crop_Identification/make_dataset/raw_sentinel/pm5/pm5__20200905_20200924__0025	2020-09-07	717651.00000000,3741048.00000000,718419.00000000,3741816.00000000
train	003381	lower__20200911_160156_04_2235_3B_AnalyticMS_SR_8b_clip	pm5__20200905_20200924__0025	/scrfs/storage/yikebe/home/research/AR_Crop_Identification/make_dataset/raw_sentinel/pm5/pm5__20200905_20200924__0025	2020-09-07	718419.00000000,3741048.00000000,719187.00000000,3741816.00000000
train	003397	lower__20200911_160156_04_2235_3B_AnalyticMS_SR_8b_clip	pm5__20200905_20200924__0025	/scrfs/storage/yikebe/home/research/AR_Crop_Identification/make_dataset/raw_sentinel/pm5/pm5__20200905_20200924__0025	2020-09-07	719187.00000000,3741048.00000000,719955.00000000,3741816.00000000
train	003413	lower__20200911_160156_04_2235_3B_AnalyticMS_SR_8b_clip	pm5__20200905_20200924__0025	/scrfs/storage/yikebe/home/research/AR_Crop_Identification/make_dataset/raw_sentinel/pm5/pm5__20200905_20200924__0025	2020-09-07	719955.00000000,3741048.00000000,720723.00000000,3741816.00000000
train	003429	lower__20200911_160156_04_2235_3B_AnalyticMS_SR_8b_clip	pm5__20200905_20200924__0025	/scrfs/storage/yikebe/home/research/AR_Crop_Identification/make_dataset/raw_sentinel/pm5/pm5__20200905_20200924__0025	2020-09-07	720723.00000000,3741048.00000000,721491.00000000,3741816.00000000
train	003445	lower__20201111_161021_63_2264_3B_AnalyticMS_SR_8b_clip	pm5__20201105_20201124__0078	/scrfs/storage/yikebe/home/research/AR_Crop_Identification/make_dataset/raw_sentinel/pm5/pm5__20201105_20201124__0078	2020-11-11	622464.00000000,3839424.00000000,623232.00000000,3840192.00000000
train	003461	lower__20201111_161021_63_2264_3B_AnalyticMS_SR_8b_clip	pm5__20201105_20201124__0078	/scrfs/storage/yikebe/home/research/AR_Crop_Identification/make_dataset/raw_sentinel/pm5/pm5__20201105_20201124__0078	2020-11-11	627840.00000000,3839424.00000000,628608.00000000,3840192.00000000
train	003477	lower__20201111_161021_63_2264_3B_AnalyticMS_SR_8b_clip	pm5__20201105_20201124__0078	/scrfs/storage/yikebe/home/research/AR_Crop_Identification/make_dataset/raw_sentinel/pm5/pm5__20201105_20201124__0078	2020-11-11	623232.00000000,3837120.00000000,624000.00000000,3837888.00000000
train	003493	lower__20201111_161021_63_2264_3B_AnalyticMS_SR_8b_clip	pm5__20201105_20201124__0078	/scrfs/storage/yikebe/home/research/AR_Crop_Identification/make_dataset/raw_sentinel/pm5/pm5__20201105_20201124__0078	2020-11-11	623232.00000000,3836352.00000000,624000.00000000,3837120.00000000
train	003509	lower__20201111_161021_63_2264_3B_AnalyticMS_SR_8b_clip	pm5__20201105_20201124__0078	/scrfs/storage/yikebe/home/research/AR_Crop_Identification/make_dataset/raw_sentinel/pm5/pm5__20201105_20201124__0078	2020-11-11	627840.00000000,3834816.00000000,628608.00000000,3835584.00000000
train	003525	lower__20201111_161021_63_2264_3B_AnalyticMS_SR_8b_clip	pm5__20201105_20201124__0078	/scrfs/storage/yikebe/home/research/AR_Crop_Identification/make_dataset/raw_sentinel/pm5/pm5__20201105_20201124__0078	2020-11-11	633216.00000000,3834048.00000000,633984.00000000,3834816.00000000
train	003541	lower__20201111_161021_63_2264_3B_AnalyticMS_SR_8b_clip	pm5__20201105_20201124__0078	/scrfs/storage/yikebe/home/research/AR_Crop_Identification/make_dataset/raw_sentinel/pm5/pm5__20201105_20201124__0078	2020-11-11	619392.00000000,3833280.00000000,620160.00000000,3834048.00000000
train	003557	lower__20201111_161021_63_2264_3B_AnalyticMS_SR_8b_clip	pm5__20201105_20201124__0078	/scrfs/storage/yikebe/home/research/AR_Crop_Identification/make_dataset/raw_sentinel/pm5/pm5__20201105_20201124__0078	2020-11-11	633984.00000000,3832512.00000000,634752.00000000,3833280.00000000
train	003573	lower__20201111_161021_63_2264_3B_AnalyticMS_SR_8b_clip	pm5__20201105_20201124__0078	/scrfs/storage/yikebe/home/research/AR_Crop_Identification/make_dataset/raw_sentinel/pm5/pm5__20201105_20201124__0078	2020-11-11	634752.00000000,3831744.00000000,635520.00000000,3832512.00000000
train	003589	lower__20201111_161021_63_2264_3B_AnalyticMS_SR_8b_clip	pm5__20201105_20201124__0078	/scrfs/storage/yikebe/home/research/AR_Crop_Identification/make_dataset/raw_sentinel/pm5/pm5__20201105_20201124__0078	2020-11-11	634752.00000000,3829440.00000000,635520.00000000,3830208.00000000
train	003605	lower__20201111_161021_63_2264_3B_AnalyticMS_SR_8b_clip	pm5__20201105_20201124__0078	/scrfs/storage/yikebe/home/research/AR_Crop_Identification/make_dataset/raw_sentinel/pm5/pm5__20201105_20201124__0078	2020-11-11	624000.00000000,3827136.00000000,624768.00000000,3827904.00000000
train	003621	lower__20201111_161021_63_2264_3B_AnalyticMS_SR_8b_clip	pm5__20201105_20201124__0078	/scrfs/storage/yikebe/home/research/AR_Crop_Identification/make_dataset/raw_sentinel/pm5/pm5__20201105_20201124__0078	2020-11-11	627072.00000000,3826368.00000000,627840.00000000,3827136.00000000
train	003637	lower__20201111_161021_63_2264_3B_AnalyticMS_SR_8b_clip	pm5__20201105_20201124__0078	/scrfs/storage/yikebe/home/research/AR_Crop_Identification/make_dataset/raw_sentinel/pm5/pm5__20201105_20201124__0078	2020-11-11	627840.00000000,3826368.00000000,628608.00000000,3827136.00000000
train	003653	lower__20201111_161021_63_2264_3B_AnalyticMS_SR_8b_clip	pm5__20201105_20201124__0078	/scrfs/storage/yikebe/home/research/AR_Crop_Identification/make_dataset/raw_sentinel/pm5/pm5__20201105_20201124__0078	2020-11-11	625536.00000000,3825600.00000000,626304.00000000,3826368.00000000
train	003669	lower__20201111_161021_63_2264_3B_AnalyticMS_SR_8b_clip	pm5__20201105_20201124__0078	/scrfs/storage/yikebe/home/research/AR_Crop_Identification/make_dataset/raw_sentinel/pm5/pm5__20201105_20201124__0078	2020-11-11	631680.00000000,3825600.00000000,632448.00000000,3826368.00000000
train	003685	lower__20201111_161021_63_2264_3B_AnalyticMS_SR_8b_clip	pm5__20201105_20201124__0078	/scrfs/storage/yikebe/home/research/AR_Crop_Identification/make_dataset/raw_sentinel/pm5/pm5__20201105_20201124__0078	2020-11-11	627072.00000000,3824832.00000000,627840.00000000,3825600.00000000
train	003701	lower__20201111_161021_63_2264_3B_AnalyticMS_SR_8b_clip	pm5__20201105_20201124__0078	/scrfs/storage/yikebe/home/research/AR_Crop_Identification/make_dataset/raw_sentinel/pm5/pm5__20201105_20201124__0078	2020-11-11	627840.00000000,3824832.00000000,628608.00000000,3825600.00000000
train	003717	lower__20201111_161021_63_2264_3B_AnalyticMS_SR_8b_clip	pm5__20201105_20201124__0078	/scrfs/storage/yikebe/home/research/AR_Crop_Identification/make_dataset/raw_sentinel/pm5/pm5__20201105_20201124__0078	2020-11-11	634752.00000000,3824832.00000000,635520.00000000,3825600.00000000
train	003733	lower__20201111_161021_63_2264_3B_AnalyticMS_SR_8b_clip	pm5__20201105_20201124__0078	/scrfs/storage/yikebe/home/research/AR_Crop_Identification/make_dataset/raw_sentinel/pm5/pm5__20201105_20201124__0078	2020-11-11	633216.00000000,3824064.00000000,633984.00000000,3824832.00000000
train	003749	lower__20201111_161021_63_2264_3B_AnalyticMS_SR_8b_clip	pm5__20201105_20201124__0078	/scrfs/storage/yikebe/home/research/AR_Crop_Identification/make_dataset/raw_sentinel/pm5/pm5__20201105_20201124__0078	2020-11-11	634752.00000000,3824064.00000000,635520.00000000,3824832.00000000
train	003765	lower__20201111_161021_63_2264_3B_AnalyticMS_SR_8b_clip	pm5__20201105_20201124__0078	/scrfs/storage/yikebe/home/research/AR_Crop_Identification/make_dataset/raw_sentinel/pm5/pm5__20201105_20201124__0078	2020-11-11	632448.00000000,3821760.00000000,633216.00000000,3822528.00000000
train	003781	lower__20201111_161021_63_2264_3B_AnalyticMS_SR_8b_clip	pm5__20201105_20201124__0078	/scrfs/storage/yikebe/home/research/AR_Crop_Identification/make_dataset/raw_sentinel/pm5/pm5__20201105_20201124__0078	2020-11-11	628608.00000000,3820992.00000000,629376.00000000,3821760.00000000
train	003797	lower__20201111_161021_63_2264_3B_AnalyticMS_SR_8b_clip	pm5__20201105_20201124__0078	/scrfs/storage/yikebe/home/research/AR_Crop_Identification/make_dataset/raw_sentinel/pm5/pm5__20201105_20201124__0078	2020-11-11	633216.00000000,3820992.00000000,633984.00000000,3821760.00000000
train	003813	lower__20201112_165457_06_2412_3B_AnalyticMS_SR_8b_clip	pm5__20201105_20201124__0076	/scrfs/storage/yikebe/home/research/AR_Crop_Identification/make_dataset/raw_sentinel/pm5/pm5__20201105_20201124__0076	2020-11-11	622446.00000000,3845502.00000000,623214.00000000,3846270.00000000
train	003829	lower__20201112_165457_06_2412_3B_AnalyticMS_SR_8b_clip	pm5__20201105_20201124__0076	/scrfs/storage/yikebe/home/research/AR_Crop_Identification/make_dataset/raw_sentinel/pm5/pm5__20201105_20201124__0076	2020-11-11	630894.00000000,3843198.00000000,631662.00000000,3843966.00000000
train	003845	lower__20201112_165457_06_2412_3B_AnalyticMS_SR_8b_clip	pm5__20201105_20201124__0076	/scrfs/storage/yikebe/home/research/AR_Crop_Identification/make_dataset/raw_sentinel/pm5/pm5__20201105_20201124__0076	2020-11-11	621678.00000000,3838590.00000000,622446.00000000,3839358.00000000
train	003861	lower__20201112_165457_06_2412_3B_AnalyticMS_SR_8b_clip	pm5__20201105_20201124__0076	/scrfs/storage/yikebe/home/research/AR_Crop_Identification/make_dataset/raw_sentinel/pm5/pm5__20201105_20201124__0076	2020-11-11	623214.00000000,3837054.00000000,623982.00000000,3837822.00000000
train	003877	lower__20201112_165457_06_2412_3B_AnalyticMS_SR_8b_clip	pm5__20201105_20201124__0076	/scrfs/storage/yikebe/home/research/AR_Crop_Identification/make_dataset/raw_sentinel/pm5/pm5__20201105_20201124__0076	2020-11-11	629358.00000000,3836286.00000000,630126.00000000,3837054.00000000
train	003893	lower__20201112_165457_06_2412_3B_AnalyticMS_SR_8b_clip	pm5__20201105_20201124__0076	/scrfs/storage/yikebe/home/research/AR_Crop_Identification/make_dataset/raw_sentinel/pm5/pm5__20201105_20201124__0076	2020-11-11	627822.00000000,3834750.00000000,628590.00000000,3835518.00000000
train	003909	lower__20201112_165457_06_2412_3B_AnalyticMS_SR_8b_clip	pm5__20201105_20201124__0076	/scrfs/storage/yikebe/home/research/AR_Crop_Identification/make_dataset/raw_sentinel/pm5/pm5__20201105_20201124__0076	2020-11-11	619374.00000000,3833982.00000000,620142.00000000,3834750.00000000
train	003925	lower__20201112_165457_06_2412_3B_AnalyticMS_SR_8b_clip	pm5__20201105_20201124__0076	/scrfs/storage/yikebe/home/research/AR_Crop_Identification/make_dataset/raw_sentinel/pm5/pm5__20201105_20201124__0076	2020-11-11	619374.00000000,3833214.00000000,620142.00000000,3833982.00000000
train	003941	lower__20201112_165457_06_2412_3B_AnalyticMS_SR_8b_clip	pm5__20201105_20201124__0076	/scrfs/storage/yikebe/home/research/AR_Crop_Identification/make_dataset/raw_sentinel/pm5/pm5__20201105_20201124__0076	2020-11-11	630126.00000000,3832446.00000000,630894.00000000,3833214.00000000
train	003957	lower__20201112_165457_06_2412_3B_AnalyticMS_SR_8b_clip	pm5__20201105_20201124__0076	/scrfs/storage/yikebe/home/research/AR_Crop_Identification/make_dataset/raw_sentinel/pm5/pm5__20201105_20201124__0076	2020-11-11	629358.00000000,3827838.00000000,630126.00000000,3828606.00000000
val	000005	lower__20201112_165517_25_2407_3B_AnalyticMS_SR_8b_clip	pm5__20201105_20201124__0098	/scrfs/storage/yikebe/home/research/AR_Crop_Identification/make_dataset/raw_sentinel/pm5/pm5__20201105_20201124__0098	2020-11-11	656484.00000000,3746211.00000000,657252.00000000,3746979.00000000
val	000021	lower__20201112_165517_25_2407_3B_AnalyticMS_SR_8b_clip	pm5__20201105_20201124__0098	/scrfs/storage/yikebe/home/research/AR_Crop_Identification/make_dataset/raw_sentinel/pm5/pm5__20201105_20201124__0098	2020-11-11	662628.00000000,3745443.00000000,663396.00000000,3746211.00000000
val	000037	lower__20201112_165517_25_2407_3B_AnalyticMS_SR_8b_clip	pm5__20201105_20201124__0098	/scrfs/storage/yikebe/home/research/AR_Crop_Identification/make_dataset/raw_sentinel/pm5/pm5__20201105_20201124__0098	2020-11-11	654948.00000000,3744675.00000000,655716.00000000,3745443.00000000
val	000053	lower__20201112_165517_25_2407_3B_AnalyticMS_SR_8b_clip	pm5__20201105_20201124__0098	/scrfs/storage/yikebe/home/research/AR_Crop_Identification/make_dataset/raw_sentinel/pm5/pm5__20201105_20201124__0098	2020-11-11	650340.00000000,3738531.00000000,651108.00000000,3739299.00000000
val	000069	lower__20201115_155903_53_2212_3B_AnalyticMS_SR_8b_clip	pm5__20201105_20201124__0124	/scrfs/storage/yikebe/home/research/AR_Crop_Identification/make_dataset/raw_sentinel/pm5/pm5__20201105_20201124__0124	2020-11-11	718251.00000000,3783915.00000000,719019.00000000,3784683.00000000
val	000085	lower__20201115_155903_53_2212_3B_AnalyticMS_SR_8b_clip	pm5__20201105_20201124__0124	/scrfs/storage/yikebe/home/research/AR_Crop_Identification/make_dataset/raw_sentinel/pm5/pm5__20201105_20201124__0124	2020-11-11	719787.00000000,3782379.00000000,720555.00000000,3783147.00000000
val	000101	lower__20201115_155903_53_2212_3B_AnalyticMS_SR_8b_clip	pm5__20201105_20201124__0124	/scrfs/storage/yikebe/home/research/AR_Crop_Identification/make_dataset/raw_sentinel/pm5/pm5__20201105_20201124__0124	2020-11-11	723627.00000000,3780843.00000000,724395.00000000,3781611.00000000
val	000117	lower__20201115_155903_53_2212_3B_AnalyticMS_SR_8b_clip	pm5__20201105_20201124__0124	/scrfs/storage/yikebe/home/research/AR_Crop_Identification/make_dataset/raw_sentinel/pm5/pm5__20201105_20201124__0124	2020-11-11	724395.00000000,3780843.00000000,725163.00000000,3781611.00000000
val	000133	lower__20201115_155903_53_2212_3B_AnalyticMS_SR_8b_clip	pm5__20201105_20201124__0124	/scrfs/storage/yikebe/home/research/AR_Crop_Identification/make_dataset/raw_sentinel/pm5/pm5__20201105_20201124__0124	2020-11-11	726699.00000000,3780843.00000000,727467.00000000,3781611.00000000
val	000149	lower__20201115_155903_53_2212_3B_AnalyticMS_SR_8b_clip	pm5__20201105_20201124__0124	/scrfs/storage/yikebe/home/research/AR_Crop_Identification/make_dataset/raw_sentinel/pm5/pm5__20201105_20201124__0124	2020-11-11	717483.00000000,3780075.00000000,718251.00000000,3780843.00000000
val	000165	lower__20201115_155903_53_2212_3B_AnalyticMS_SR_8b_clip	pm5__20201105_20201124__0124	/scrfs/storage/yikebe/home/research/AR_Crop_Identification/make_dataset/raw_sentinel/pm5/pm5__20201105_20201124__0124	2020-11-11	718251.00000000,3780075.00000000,719019.00000000,3780843.00000000
val	000181	lower__20201115_155903_53_2212_3B_AnalyticMS_SR_8b_clip	pm5__20201105_20201124__0124	/scrfs/storage/yikebe/home/research/AR_Crop_Identification/make_dataset/raw_sentinel/pm5/pm5__20201105_20201124__0124	2020-11-11	729003.00000000,3780075.00000000,729771.00000000,3780843.00000000
val	000197	lower__20201115_155903_53_2212_3B_AnalyticMS_SR_8b_clip	pm5__20201105_20201124__0124	/scrfs/storage/yikebe/home/research/AR_Crop_Identification/make_dataset/raw_sentinel/pm5/pm5__20201105_20201124__0124	2020-11-11	717483.00000000,3779307.00000000,718251.00000000,3780075.00000000
val	000213	lower__20201115_155903_53_2212_3B_AnalyticMS_SR_8b_clip	pm5__20201105_20201124__0124	/scrfs/storage/yikebe/home/research/AR_Crop_Identification/make_dataset/raw_sentinel/pm5/pm5__20201105_20201124__0124	2020-11-11	721323.00000000,3779307.00000000,722091.00000000,3780075.00000000
val	000229	lower__20201115_155903_53_2212_3B_AnalyticMS_SR_8b_clip	pm5__20201105_20201124__0124	/scrfs/storage/yikebe/home/research/AR_Crop_Identification/make_dataset/raw_sentinel/pm5/pm5__20201105_20201124__0124	2020-11-11	717483.00000000,3778539.00000000,718251.00000000,3779307.00000000
val	000245	lower__20201115_155903_53_2212_3B_AnalyticMS_SR_8b_clip	pm5__20201105_20201124__0124	/scrfs/storage/yikebe/home/research/AR_Crop_Identification/make_dataset/raw_sentinel/pm5/pm5__20201105_20201124__0124	2020-11-11	726699.00000000,3777771.00000000,727467.00000000,3778539.00000000
val	000261	lower__20201115_155903_53_2212_3B_AnalyticMS_SR_8b_clip	pm5__20201105_20201124__0124	/scrfs/storage/yikebe/home/research/AR_Crop_Identification/make_dataset/raw_sentinel/pm5/pm5__20201105_20201124__0124	2020-11-11	725931.00000000,3777003.00000000,726699.00000000,3777771.00000000
val	000277	lower__20201115_155903_53_2212_3B_AnalyticMS_SR_8b_clip	pm5__20201105_20201124__0124	/scrfs/storage/yikebe/home/research/AR_Crop_Identification/make_dataset/raw_sentinel/pm5/pm5__20201105_20201124__0124	2020-11-11	727467.00000000,3775467.00000000,728235.00000000,3776235.00000000
val	000293	lower__20201115_155903_53_2212_3B_AnalyticMS_SR_8b_clip	pm5__20201105_20201124__0124	/scrfs/storage/yikebe/home/research/AR_Crop_Identification/make_dataset/raw_sentinel/pm5/pm5__20201105_20201124__0124	2020-11-11	742059.00000000,3774699.00000000,742827.00000000,3775467.00000000
val	000309	lower__20201115_155903_53_2212_3B_AnalyticMS_SR_8b_clip	pm5__20201105_20201124__0124	/scrfs/storage/yikebe/home/research/AR_Crop_Identification/make_dataset/raw_sentinel/pm5/pm5__20201105_20201124__0124	2020-11-11	716715.00000000,3772395.00000000,717483.00000000,3773163.00000000
val	000325	lower__20201115_155903_53_2212_3B_AnalyticMS_SR_8b_clip	pm5__20201105_20201124__0124	/scrfs/storage/yikebe/home/research/AR_Crop_Identification/make_dataset/raw_sentinel/pm5/pm5__20201105_20201124__0124	2020-11-11	717483.00000000,3772395.00000000,718251.00000000,3773163.00000000
val	000341	lower__20201115_155903_53_2212_3B_AnalyticMS_SR_8b_clip	pm5__20201105_20201124__0124	/scrfs/storage/yikebe/home/research/AR_Crop_Identification/make_dataset/raw_sentinel/pm5/pm5__20201105_20201124__0124	2020-11-11	723627.00000000,3771627.00000000,724395.00000000,3772395.00000000
val	000357	lower__20201115_155903_53_2212_3B_AnalyticMS_SR_8b_clip	pm5__20201105_20201124__0124	/scrfs/storage/yikebe/home/research/AR_Crop_Identification/make_dataset/raw_sentinel/pm5/pm5__20201105_20201124__0124	2020-11-11	724395.00000000,3771627.00000000,725163.00000000,3772395.00000000
val	000373	lower__20201115_155903_53_2212_3B_AnalyticMS_SR_8b_clip	pm5__20201105_20201124__0124	/scrfs/storage/yikebe/home/research/AR_Crop_Identification/make_dataset/raw_sentinel/pm5/pm5__20201105_20201124__0124	2020-11-11	720555.00000000,3770091.00000000,721323.00000000,3770859.00000000
val	000389	lower__20201115_155903_53_2212_3B_AnalyticMS_SR_8b_clip	pm5__20201105_20201124__0124	/scrfs/storage/yikebe/home/research/AR_Crop_Identification/make_dataset/raw_sentinel/pm5/pm5__20201105_20201124__0124	2020-11-11	725931.00000000,3770091.00000000,726699.00000000,3770859.00000000
val	000405	lower__20201115_155903_53_2212_3B_AnalyticMS_SR_8b_clip	pm5__20201105_20201124__0124	/scrfs/storage/yikebe/home/research/AR_Crop_Identification/make_dataset/raw_sentinel/pm5/pm5__20201105_20201124__0124	2020-11-11	725163.00000000,3769323.00000000,725931.00000000,3770091.00000000
val	000421	lower__20201115_155903_53_2212_3B_AnalyticMS_SR_8b_clip	pm5__20201105_20201124__0124	/scrfs/storage/yikebe/home/research/AR_Crop_Identification/make_dataset/raw_sentinel/pm5/pm5__20201105_20201124__0124	2020-11-11	715947.00000000,3768555.00000000,716715.00000000,3769323.00000000
val	000437	lower__20201115_155903_53_2212_3B_AnalyticMS_SR_8b_clip	pm5__20201105_20201124__0124	/scrfs/storage/yikebe/home/research/AR_Crop_Identification/make_dataset/raw_sentinel/pm5/pm5__20201105_20201124__0124	2020-11-11	716715.00000000,3768555.00000000,717483.00000000,3769323.00000000
val	000453	lower__20201115_155903_53_2212_3B_AnalyticMS_SR_8b_clip	pm5__20201105_20201124__0124	/scrfs/storage/yikebe/home/research/AR_Crop_Identification/make_dataset/raw_sentinel/pm5/pm5__20201105_20201124__0124	2020-11-11	725163.00000000,3767019.00000000,725931.00000000,3767787.00000000
val	000469	lower__20201115_155903_53_2212_3B_AnalyticMS_SR_8b_clip	pm5__20201105_20201124__0124	/scrfs/storage/yikebe/home/research/AR_Crop_Identification/make_dataset/raw_sentinel/pm5/pm5__20201105_20201124__0124	2020-11-11	747435.00000000,3767019.00000000,748203.00000000,3767787.00000000
val	000485	lower__20201115_155903_53_2212_3B_AnalyticMS_SR_8b_clip	pm5__20201105_20201124__0124	/scrfs/storage/yikebe/home/research/AR_Crop_Identification/make_dataset/raw_sentinel/pm5/pm5__20201105_20201124__0124	2020-11-11	716715.00000000,3765483.00000000,717483.00000000,3766251.00000000
val	000501	lower__20201115_155903_53_2212_3B_AnalyticMS_SR_8b_clip	pm5__20201105_20201124__0124	/scrfs/storage/yikebe/home/research/AR_Crop_Identification/make_dataset/raw_sentinel/pm5/pm5__20201105_20201124__0124	2020-11-11	741291.00000000,3764715.00000000,742059.00000000,3765483.00000000
val	000517	lower__20201115_155903_53_2212_3B_AnalyticMS_SR_8b_clip	pm5__20201105_20201124__0124	/scrfs/storage/yikebe/home/research/AR_Crop_Identification/make_dataset/raw_sentinel/pm5/pm5__20201105_20201124__0124	2020-11-11	729771.00000000,3763947.00000000,730539.00000000,3764715.00000000
val	000533	lower__20201115_155903_53_2212_3B_AnalyticMS_SR_8b_clip	pm5__20201105_20201124__0124	/scrfs/storage/yikebe/home/research/AR_Crop_Identification/make_dataset/raw_sentinel/pm5/pm5__20201105_20201124__0124	2020-11-11	746667.00000000,3763947.00000000,747435.00000000,3764715.00000000
val	000549	lower__20201115_155903_53_2212_3B_AnalyticMS_SR_8b_clip	pm5__20201105_20201124__0124	/scrfs/storage/yikebe/home/research/AR_Crop_Identification/make_dataset/raw_sentinel/pm5/pm5__20201105_20201124__0124	2020-11-11	725931.00000000,3763179.00000000,726699.00000000,3763947.00000000
train	003973	lower__20201115_160545_81_222c_3B_AnalyticMS_SR_8b_clip	pm5__20201105_20201124__0082	/scrfs/storage/yikebe/home/research/AR_Crop_Identification/make_dataset/raw_sentinel/pm5/pm5__20201105_20201124__0082	2020-11-11	613674.00000000,3790278.00000000,614442.00000000,3791046.00000000
train	003989	lower__20201115_160545_81_222c_3B_AnalyticMS_SR_8b_clip	pm5__20201105_20201124__0082	/scrfs/storage/yikebe/home/research/AR_Crop_Identification/make_dataset/raw_sentinel/pm5/pm5__20201105_20201124__0082	2020-11-11	614442.00000000,3790278.00000000,615210.00000000,3791046.00000000
train	004005	lower__20201115_160545_81_222c_3B_AnalyticMS_SR_8b_clip	pm5__20201105_20201124__0082	/scrfs/storage/yikebe/home/research/AR_Crop_Identification/make_dataset/raw_sentinel/pm5/pm5__20201105_20201124__0082	2020-11-11	615210.00000000,3790278.00000000,615978.00000000,3791046.00000000
train	004021	lower__20201116_160035_05_2206_3B_AnalyticMS_SR_8b_clip	pm5__20201105_20201124__0105	/scrfs/storage/yikebe/home/research/AR_Crop_Identification/make_dataset/raw_sentinel/pm5/pm5__20201105_20201124__0105	2020-11-19	682428.00000000,3817257.00000000,683196.00000000,3818025.00000000
train	004037	lower__20201116_160035_05_2206_3B_AnalyticMS_SR_8b_clip	pm5__20201105_20201124__0105	/scrfs/storage/yikebe/home/research/AR_Crop_Identification/make_dataset/raw_sentinel/pm5/pm5__20201105_20201124__0105	2020-11-19	674748.00000000,3814185.00000000,675516.00000000,3814953.00000000
train	004053	lower__20201116_160035_05_2206_3B_AnalyticMS_SR_8b_clip	pm5__20201105_20201124__0105	/scrfs/storage/yikebe/home/research/AR_Crop_Identification/make_dataset/raw_sentinel/pm5/pm5__20201105_20201124__0105	2020-11-19	680892.00000000,3798057.00000000,681660.00000000,3798825.00000000
train	004069	lower__20201116_160435_96_220b_3B_AnalyticMS_SR_8b_clip	pm5__20201105_20201124__0081	/scrfs/storage/yikebe/home/research/AR_Crop_Identification/make_dataset/raw_sentinel/pm5/pm5__20201105_20201124__0081	2020-11-19	613467.00000000,3783771.00000000,614235.00000000,3784539.00000000
train	004085	lower__20201116_160435_96_220b_3B_AnalyticMS_SR_8b_clip	pm5__20201105_20201124__0081	/scrfs/storage/yikebe/home/research/AR_Crop_Identification/make_dataset/raw_sentinel/pm5/pm5__20201105_20201124__0081	2020-11-19	615003.00000000,3782235.00000000,615771.00000000,3783003.00000000
train	004101	lower__20201116_160435_96_220b_3B_AnalyticMS_SR_8b_clip	pm5__20201105_20201124__0081	/scrfs/storage/yikebe/home/research/AR_Crop_Identification/make_dataset/raw_sentinel/pm5/pm5__20201105_20201124__0081	2020-11-19	622683.00000000,3781467.00000000,623451.00000000,3782235.00000000
train	004117	lower__20201116_160435_96_220b_3B_AnalyticMS_SR_8b_clip	pm5__20201105_20201124__0081	/scrfs/storage/yikebe/home/research/AR_Crop_Identification/make_dataset/raw_sentinel/pm5/pm5__20201105_20201124__0081	2020-11-19	623451.00000000,3780699.00000000,624219.00000000,3781467.00000000
train	004133	lower__20201116_160435_96_220b_3B_AnalyticMS_SR_8b_clip	pm5__20201105_20201124__0081	/scrfs/storage/yikebe/home/research/AR_Crop_Identification/make_dataset/raw_sentinel/pm5/pm5__20201105_20201124__0081	2020-11-19	624219.00000000,3780699.00000000,624987.00000000,3781467.00000000
train	004149	lower__20201116_160435_96_220b_3B_AnalyticMS_SR_8b_clip	pm5__20201105_20201124__0081	/scrfs/storage/yikebe/home/research/AR_Crop_Identification/make_dataset/raw_sentinel/pm5/pm5__20201105_20201124__0081	2020-11-19	624987.00000000,3780699.00000000,625755.00000000,3781467.00000000
train	004165	lower__20201116_160435_96_220b_3B_AnalyticMS_SR_8b_clip	pm5__20201105_20201124__0081	/scrfs/storage/yikebe/home/research/AR_Crop_Identification/make_dataset/raw_sentinel/pm5/pm5__20201105_20201124__0081	2020-11-19	628059.00000000,3779931.00000000,628827.00000000,3780699.00000000
train	004181	lower__20201116_160435_96_220b_3B_AnalyticMS_SR_8b_clip	pm5__20201105_20201124__0081	/scrfs/storage/yikebe/home/research/AR_Crop_Identification/make_dataset/raw_sentinel/pm5/pm5__20201105_20201124__0081	2020-11-19	640347.00000000,3776859.00000000,641115.00000000,3777627.00000000
train	004197	lower__20201116_160435_96_220b_3B_AnalyticMS_SR_8b_clip	pm5__20201105_20201124__0081	/scrfs/storage/yikebe/home/research/AR_Crop_Identification/make_dataset/raw_sentinel/pm5/pm5__20201105_20201124__0081	2020-11-19	641115.00000000,3776859.00000000,641883.00000000,3777627.00000000
train	004213	lower__20201116_160435_96_220b_3B_AnalyticMS_SR_8b_clip	pm5__20201105_20201124__0081	/scrfs/storage/yikebe/home/research/AR_Crop_Identification/make_dataset/raw_sentinel/pm5/pm5__20201105_20201124__0081	2020-11-19	641883.00000000,3776859.00000000,642651.00000000,3777627.00000000
train	004229	lower__20201116_160435_96_220b_3B_AnalyticMS_SR_8b_clip	pm5__20201105_20201124__0081	/scrfs/storage/yikebe/home/research/AR_Crop_Identification/make_dataset/raw_sentinel/pm5/pm5__20201105_20201124__0081	2020-11-19	637275.00000000,3776091.00000000,638043.00000000,3776859.00000000
train	004245	lower__20201116_160435_96_220b_3B_AnalyticMS_SR_8b_clip	pm5__20201105_20201124__0081	/scrfs/storage/yikebe/home/research/AR_Crop_Identification/make_dataset/raw_sentinel/pm5/pm5__20201105_20201124__0081	2020-11-19	638043.00000000,3776091.00000000,638811.00000000,3776859.00000000
train	004261	lower__20201116_160435_96_220b_3B_AnalyticMS_SR_8b_clip	pm5__20201105_20201124__0081	/scrfs/storage/yikebe/home/research/AR_Crop_Identification/make_dataset/raw_sentinel/pm5/pm5__20201105_20201124__0081	2020-11-19	638811.00000000,3776091.00000000,639579.00000000,3776859.00000000
train	004277	lower__20201116_160435_96_220b_3B_AnalyticMS_SR_8b_clip	pm5__20201105_20201124__0081	/scrfs/storage/yikebe/home/research/AR_Crop_Identification/make_dataset/raw_sentinel/pm5/pm5__20201105_20201124__0081	2020-11-19	639579.00000000,3776091.00000000,640347.00000000,3776859.00000000
train	004293	lower__20201116_160435_96_220b_3B_AnalyticMS_SR_8b_clip	pm5__20201105_20201124__0081	/scrfs/storage/yikebe/home/research/AR_Crop_Identification/make_dataset/raw_sentinel/pm5/pm5__20201105_20201124__0081	2020-11-19	640347.00000000,3776091.00000000,641115.00000000,3776859.00000000
train	004309	lower__20201116_160435_96_220b_3B_AnalyticMS_SR_8b_clip	pm5__20201105_20201124__0081	/scrfs/storage/yikebe/home/research/AR_Crop_Identification/make_dataset/raw_sentinel/pm5/pm5__20201105_20201124__0081	2020-11-19	641115.00000000,3776091.00000000,641883.00000000,3776859.00000000
train	004325	lower__20201116_160435_96_220b_3B_AnalyticMS_SR_8b_clip	pm5__20201105_20201124__0081	/scrfs/storage/yikebe/home/research/AR_Crop_Identification/make_dataset/raw_sentinel/pm5/pm5__20201105_20201124__0081	2020-11-19	635739.00000000,3775323.00000000,636507.00000000,3776091.00000000
train	004341	lower__20201116_160435_96_220b_3B_AnalyticMS_SR_8b_clip	pm5__20201105_20201124__0081	/scrfs/storage/yikebe/home/research/AR_Crop_Identification/make_dataset/raw_sentinel/pm5/pm5__20201105_20201124__0081	2020-11-19	636507.00000000,3775323.00000000,637275.00000000,3776091.00000000
train	004357	lower__20201116_160435_96_220b_3B_AnalyticMS_SR_8b_clip	pm5__20201105_20201124__0081	/scrfs/storage/yikebe/home/research/AR_Crop_Identification/make_dataset/raw_sentinel/pm5/pm5__20201105_20201124__0081	2020-11-19	640347.00000000,3775323.00000000,641115.00000000,3776091.00000000
train	004373	lower__20201116_160435_96_220b_3B_AnalyticMS_SR_8b_clip	pm5__20201105_20201124__0081	/scrfs/storage/yikebe/home/research/AR_Crop_Identification/make_dataset/raw_sentinel/pm5/pm5__20201105_20201124__0081	2020-11-19	641115.00000000,3775323.00000000,641883.00000000,3776091.00000000
train	004389	lower__20201116_160435_96_220b_3B_AnalyticMS_SR_8b_clip	pm5__20201105_20201124__0081	/scrfs/storage/yikebe/home/research/AR_Crop_Identification/make_dataset/raw_sentinel/pm5/pm5__20201105_20201124__0081	2020-11-19	612699.00000000,3774555.00000000,613467.00000000,3775323.00000000
train	004405	lower__20201116_160435_96_220b_3B_AnalyticMS_SR_8b_clip	pm5__20201105_20201124__0081	/scrfs/storage/yikebe/home/research/AR_Crop_Identification/make_dataset/raw_sentinel/pm5/pm5__20201105_20201124__0081	2020-11-19	620379.00000000,3774555.00000000,621147.00000000,3775323.00000000
train	004421	lower__20201116_160435_96_220b_3B_AnalyticMS_SR_8b_clip	pm5__20201105_20201124__0081	/scrfs/storage/yikebe/home/research/AR_Crop_Identification/make_dataset/raw_sentinel/pm5/pm5__20201105_20201124__0081	2020-11-19	625755.00000000,3774555.00000000,626523.00000000,3775323.00000000
train	004437	lower__20201116_160435_96_220b_3B_AnalyticMS_SR_8b_clip	pm5__20201105_20201124__0081	/scrfs/storage/yikebe/home/research/AR_Crop_Identification/make_dataset/raw_sentinel/pm5/pm5__20201105_20201124__0081	2020-11-19	626523.00000000,3774555.00000000,627291.00000000,3775323.00000000
train	004453	lower__20201116_160435_96_220b_3B_AnalyticMS_SR_8b_clip	pm5__20201105_20201124__0081	/scrfs/storage/yikebe/home/research/AR_Crop_Identification/make_dataset/raw_sentinel/pm5/pm5__20201105_20201124__0081	2020-11-19	641115.00000000,3774555.00000000,641883.00000000,3775323.00000000
train	004469	lower__20201116_160435_96_220b_3B_AnalyticMS_SR_8b_clip	pm5__20201105_20201124__0081	/scrfs/storage/yikebe/home/research/AR_Crop_Identification/make_dataset/raw_sentinel/pm5/pm5__20201105_20201124__0081	2020-11-19	641883.00000000,3774555.00000000,642651.00000000,3775323.00000000
train	004485	lower__20201116_160435_96_220b_3B_AnalyticMS_SR_8b_clip	pm5__20201105_20201124__0081	/scrfs/storage/yikebe/home/research/AR_Crop_Identification/make_dataset/raw_sentinel/pm5/pm5__20201105_20201124__0081	2020-11-19	642651.00000000,3774555.00000000,643419.00000000,3775323.00000000
train	004501	lower__20201116_160435_96_220b_3B_AnalyticMS_SR_8b_clip	pm5__20201105_20201124__0081	/scrfs/storage/yikebe/home/research/AR_Crop_Identification/make_dataset/raw_sentinel/pm5/pm5__20201105_20201124__0081	2020-11-19	625755.00000000,3773787.00000000,626523.00000000,3774555.00000000
train	004517	lower__20201116_160435_96_220b_3B_AnalyticMS_SR_8b_clip	pm5__20201105_20201124__0081	/scrfs/storage/yikebe/home/research/AR_Crop_Identification/make_dataset/raw_sentinel/pm5/pm5__20201105_20201124__0081	2020-11-19	612699.00000000,3773019.00000000,613467.00000000,3773787.00000000
train	004533	lower__20201116_160435_96_220b_3B_AnalyticMS_SR_8b_clip	pm5__20201105_20201124__0081	/scrfs/storage/yikebe/home/research/AR_Crop_Identification/make_dataset/raw_sentinel/pm5/pm5__20201105_20201124__0081	2020-11-19	626523.00000000,3773019.00000000,627291.00000000,3773787.00000000
train	004549	lower__20201116_160435_96_220b_3B_AnalyticMS_SR_8b_clip	pm5__20201105_20201124__0081	/scrfs/storage/yikebe/home/research/AR_Crop_Identification/make_dataset/raw_sentinel/pm5/pm5__20201105_20201124__0081	2020-11-19	615003.00000000,3772251.00000000,615771.00000000,3773019.00000000
train	004565	lower__20201116_160435_96_220b_3B_AnalyticMS_SR_8b_clip	pm5__20201105_20201124__0081	/scrfs/storage/yikebe/home/research/AR_Crop_Identification/make_dataset/raw_sentinel/pm5/pm5__20201105_20201124__0081	2020-11-19	615771.00000000,3772251.00000000,616539.00000000,3773019.00000000
train	004581	lower__20201116_160435_96_220b_3B_AnalyticMS_SR_8b_clip	pm5__20201105_20201124__0081	/scrfs/storage/yikebe/home/research/AR_Crop_Identification/make_dataset/raw_sentinel/pm5/pm5__20201105_20201124__0081	2020-11-19	625755.00000000,3772251.00000000,626523.00000000,3773019.00000000
train	004597	lower__20201116_160435_96_220b_3B_AnalyticMS_SR_8b_clip	pm5__20201105_20201124__0081	/scrfs/storage/yikebe/home/research/AR_Crop_Identification/make_dataset/raw_sentinel/pm5/pm5__20201105_20201124__0081	2020-11-19	626523.00000000,3772251.00000000,627291.00000000,3773019.00000000
train	004613	lower__20201116_160435_96_220b_3B_AnalyticMS_SR_8b_clip	pm5__20201105_20201124__0081	/scrfs/storage/yikebe/home/research/AR_Crop_Identification/make_dataset/raw_sentinel/pm5/pm5__20201105_20201124__0081	2020-11-19	626523.00000000,3771483.00000000,627291.00000000,3772251.00000000
train	004629	lower__20201116_160435_96_220b_3B_AnalyticMS_SR_8b_clip	pm5__20201105_20201124__0081	/scrfs/storage/yikebe/home/research/AR_Crop_Identification/make_dataset/raw_sentinel/pm5/pm5__20201105_20201124__0081	2020-11-19	627291.00000000,3771483.00000000,628059.00000000,3772251.00000000
train	004645	lower__20201116_160435_96_220b_3B_AnalyticMS_SR_8b_clip	pm5__20201105_20201124__0081	/scrfs/storage/yikebe/home/research/AR_Crop_Identification/make_dataset/raw_sentinel/pm5/pm5__20201105_20201124__0081	2020-11-19	628059.00000000,3771483.00000000,628827.00000000,3772251.00000000
train	004661	lower__20201116_160435_96_220b_3B_AnalyticMS_SR_8b_clip	pm5__20201105_20201124__0081	/scrfs/storage/yikebe/home/research/AR_Crop_Identification/make_dataset/raw_sentinel/pm5/pm5__20201105_20201124__0081	2020-11-19	616539.00000000,3769947.00000000,617307.00000000,3770715.00000000
train	004677	lower__20201116_160435_96_220b_3B_AnalyticMS_SR_8b_clip	pm5__20201105_20201124__0081	/scrfs/storage/yikebe/home/research/AR_Crop_Identification/make_dataset/raw_sentinel/pm5/pm5__20201105_20201124__0081	2020-11-19	629595.00000000,3769947.00000000,630363.00000000,3770715.00000000
train	004693	lower__20201116_160435_96_220b_3B_AnalyticMS_SR_8b_clip	pm5__20201105_20201124__0081	/scrfs/storage/yikebe/home/research/AR_Crop_Identification/make_dataset/raw_sentinel/pm5/pm5__20201105_20201124__0081	2020-11-19	616539.00000000,3769179.00000000,617307.00000000,3769947.00000000
train	004709	lower__20201116_160435_96_220b_3B_AnalyticMS_SR_8b_clip	pm5__20201105_20201124__0081	/scrfs/storage/yikebe/home/research/AR_Crop_Identification/make_dataset/raw_sentinel/pm5/pm5__20201105_20201124__0081	2020-11-19	616539.00000000,3768411.00000000,617307.00000000,3769179.00000000
train	004725	lower__20201116_160435_96_220b_3B_AnalyticMS_SR_8b_clip	pm5__20201105_20201124__0081	/scrfs/storage/yikebe/home/research/AR_Crop_Identification/make_dataset/raw_sentinel/pm5/pm5__20201105_20201124__0081	2020-11-19	628827.00000000,3767643.00000000,629595.00000000,3768411.00000000
train	004741	lower__20201116_160435_96_220b_3B_AnalyticMS_SR_8b_clip	pm5__20201105_20201124__0081	/scrfs/storage/yikebe/home/research/AR_Crop_Identification/make_dataset/raw_sentinel/pm5/pm5__20201105_20201124__0081	2020-11-19	633435.00000000,3767643.00000000,634203.00000000,3768411.00000000
train	004757	lower__20201116_160435_96_220b_3B_AnalyticMS_SR_8b_clip	pm5__20201105_20201124__0081	/scrfs/storage/yikebe/home/research/AR_Crop_Identification/make_dataset/raw_sentinel/pm5/pm5__20201105_20201124__0081	2020-11-19	633435.00000000,3766875.00000000,634203.00000000,3767643.00000000
train	004773	lower__20201116_160435_96_220b_3B_AnalyticMS_SR_8b_clip	pm5__20201105_20201124__0081	/scrfs/storage/yikebe/home/research/AR_Crop_Identification/make_dataset/raw_sentinel/pm5/pm5__20201105_20201124__0081	2020-11-19	634203.00000000,3766875.00000000,634971.00000000,3767643.00000000
train	004789	lower__20201116_160435_96_220b_3B_AnalyticMS_SR_8b_clip	pm5__20201105_20201124__0081	/scrfs/storage/yikebe/home/research/AR_Crop_Identification/make_dataset/raw_sentinel/pm5/pm5__20201105_20201124__0081	2020-11-19	638043.00000000,3766875.00000000,638811.00000000,3767643.00000000
train	004805	lower__20201116_160435_96_220b_3B_AnalyticMS_SR_8b_clip	pm5__20201105_20201124__0081	/scrfs/storage/yikebe/home/research/AR_Crop_Identification/make_dataset/raw_sentinel/pm5/pm5__20201105_20201124__0081	2020-11-19	634203.00000000,3766107.00000000,634971.00000000,3766875.00000000
train	004821	lower__20201116_160435_96_220b_3B_AnalyticMS_SR_8b_clip	pm5__20201105_20201124__0081	/scrfs/storage/yikebe/home/research/AR_Crop_Identification/make_dataset/raw_sentinel/pm5/pm5__20201105_20201124__0081	2020-11-19	638043.00000000,3766107.00000000,638811.00000000,3766875.00000000
train	004837	lower__20201116_160435_96_220b_3B_AnalyticMS_SR_8b_clip	pm5__20201105_20201124__0081	/scrfs/storage/yikebe/home/research/AR_Crop_Identification/make_dataset/raw_sentinel/pm5/pm5__20201105_20201124__0081	2020-11-19	638811.00000000,3766107.00000000,639579.00000000,3766875.00000000
train	004853	lower__20201116_160435_96_220b_3B_AnalyticMS_SR_8b_clip	pm5__20201105_20201124__0081	/scrfs/storage/yikebe/home/research/AR_Crop_Identification/make_dataset/raw_sentinel/pm5/pm5__20201105_20201124__0081	2020-11-19	639579.00000000,3766107.00000000,640347.00000000,3766875.00000000
train	004869	lower__20201116_160435_96_220b_3B_AnalyticMS_SR_8b_clip	pm5__20201105_20201124__0081	/scrfs/storage/yikebe/home/research/AR_Crop_Identification/make_dataset/raw_sentinel/pm5/pm5__20201105_20201124__0081	2020-11-19	631899.00000000,3765339.00000000,632667.00000000,3766107.00000000
train	004885	lower__20201116_160435_96_220b_3B_AnalyticMS_SR_8b_clip	pm5__20201105_20201124__0081	/scrfs/storage/yikebe/home/research/AR_Crop_Identification/make_dataset/raw_sentinel/pm5/pm5__20201105_20201124__0081	2020-11-19	632667.00000000,3765339.00000000,633435.00000000,3766107.00000000
train	004901	lower__20201116_160435_96_220b_3B_AnalyticMS_SR_8b_clip	pm5__20201105_20201124__0081	/scrfs/storage/yikebe/home/research/AR_Crop_Identification/make_dataset/raw_sentinel/pm5/pm5__20201105_20201124__0081	2020-11-19	623451.00000000,3763035.00000000,624219.00000000,3763803.00000000
train	004917	lower__20201116_160435_96_220b_3B_AnalyticMS_SR_8b_clip	pm5__20201105_20201124__0081	/scrfs/storage/yikebe/home/research/AR_Crop_Identification/make_dataset/raw_sentinel/pm5/pm5__20201105_20201124__0081	2020-11-19	636507.00000000,3763035.00000000,637275.00000000,3763803.00000000
train	004933	lower__20201116_160435_96_220b_3B_AnalyticMS_SR_8b_clip	pm5__20201105_20201124__0081	/scrfs/storage/yikebe/home/research/AR_Crop_Identification/make_dataset/raw_sentinel/pm5/pm5__20201105_20201124__0081	2020-11-19	640347.00000000,3762267.00000000,641115.00000000,3763035.00000000
train	004949	lower__20201116_160435_96_220b_3B_AnalyticMS_SR_8b_clip	pm5__20201105_20201124__0081	/scrfs/storage/yikebe/home/research/AR_Crop_Identification/make_dataset/raw_sentinel/pm5/pm5__20201105_20201124__0081	2020-11-19	638043.00000000,3761499.00000000,638811.00000000,3762267.00000000
train	004965	lower__20201116_160435_96_220b_3B_AnalyticMS_SR_8b_clip	pm5__20201105_20201124__0081	/scrfs/storage/yikebe/home/research/AR_Crop_Identification/make_dataset/raw_sentinel/pm5/pm5__20201105_20201124__0081	2020-11-19	638043.00000000,3760731.00000000,638811.00000000,3761499.00000000
train	004981	lower__20201116_160435_96_220b_3B_AnalyticMS_SR_8b_clip	pm5__20201105_20201124__0081	/scrfs/storage/yikebe/home/research/AR_Crop_Identification/make_dataset/raw_sentinel/pm5/pm5__20201105_20201124__0081	2020-11-19	635739.00000000,3759963.00000000,636507.00000000,3760731.00000000
train	004997	lower__20201116_160811_01_227e_3B_AnalyticMS_SR_8b_clip	pm5__20201105_20201124__0098	/scrfs/storage/yikebe/home/research/AR_Crop_Identification/make_dataset/raw_sentinel/pm5/pm5__20201105_20201124__0098	2020-11-19	650964.00000000,3747765.00000000,651732.00000000,3748533.00000000
train	005013	lower__20201116_160811_01_227e_3B_AnalyticMS_SR_8b_clip	pm5__20201105_20201124__0098	/scrfs/storage/yikebe/home/research/AR_Crop_Identification/make_dataset/raw_sentinel/pm5/pm5__20201105_20201124__0098	2020-11-19	657108.00000000,3747765.00000000,657876.00000000,3748533.00000000
train	005029	lower__20201116_160811_01_227e_3B_AnalyticMS_SR_8b_clip	pm5__20201105_20201124__0098	/scrfs/storage/yikebe/home/research/AR_Crop_Identification/make_dataset/raw_sentinel/pm5/pm5__20201105_20201124__0098	2020-11-19	654036.00000000,3746997.00000000,654804.00000000,3747765.00000000
train	005045	lower__20201116_160811_01_227e_3B_AnalyticMS_SR_8b_clip	pm5__20201105_20201124__0098	/scrfs/storage/yikebe/home/research/AR_Crop_Identification/make_dataset/raw_sentinel/pm5/pm5__20201105_20201124__0098	2020-11-19	655572.00000000,3746997.00000000,656340.00000000,3747765.00000000
train	005061	lower__20201116_160811_01_227e_3B_AnalyticMS_SR_8b_clip	pm5__20201105_20201124__0098	/scrfs/storage/yikebe/home/research/AR_Crop_Identification/make_dataset/raw_sentinel/pm5/pm5__20201105_20201124__0098	2020-11-19	654036.00000000,3746229.00000000,654804.00000000,3746997.00000000
train	005077	lower__20201116_160811_01_227e_3B_AnalyticMS_SR_8b_clip	pm5__20201105_20201124__0098	/scrfs/storage/yikebe/home/research/AR_Crop_Identification/make_dataset/raw_sentinel/pm5/pm5__20201105_20201124__0098	2020-11-19	661716.00000000,3746229.00000000,662484.00000000,3746997.00000000
train	005093	lower__20201116_160811_01_227e_3B_AnalyticMS_SR_8b_clip	pm5__20201105_20201124__0098	/scrfs/storage/yikebe/home/research/AR_Crop_Identification/make_dataset/raw_sentinel/pm5/pm5__20201105_20201124__0098	2020-11-19	662484.00000000,3746229.00000000,663252.00000000,3746997.00000000
train	005109	lower__20201116_160811_01_227e_3B_AnalyticMS_SR_8b_clip	pm5__20201105_20201124__0098	/scrfs/storage/yikebe/home/research/AR_Crop_Identification/make_dataset/raw_sentinel/pm5/pm5__20201105_20201124__0098	2020-11-19	660180.00000000,3745461.00000000,660948.00000000,3746229.00000000
train	005125	lower__20201116_160811_01_227e_3B_AnalyticMS_SR_8b_clip	pm5__20201105_20201124__0098	/scrfs/storage/yikebe/home/research/AR_Crop_Identification/make_dataset/raw_sentinel/pm5/pm5__20201105_20201124__0098	2020-11-19	663252.00000000,3745461.00000000,664020.00000000,3746229.00000000
train	005141	lower__20201116_160811_01_227e_3B_AnalyticMS_SR_8b_clip	pm5__20201105_20201124__0098	/scrfs/storage/yikebe/home/research/AR_Crop_Identification/make_dataset/raw_sentinel/pm5/pm5__20201105_20201124__0098	2020-11-19	653268.00000000,3744693.00000000,654036.00000000,3745461.00000000
train	005157	lower__20201116_160811_01_227e_3B_AnalyticMS_SR_8b_clip	pm5__20201105_20201124__0098	/scrfs/storage/yikebe/home/research/AR_Crop_Identification/make_dataset/raw_sentinel/pm5/pm5__20201105_20201124__0098	2020-11-19	664020.00000000,3744693.00000000,664788.00000000,3745461.00000000
train	005173	lower__20201116_160811_01_227e_3B_AnalyticMS_SR_8b_clip	pm5__20201105_20201124__0098	/scrfs/storage/yikebe/home/research/AR_Crop_Identification/make_dataset/raw_sentinel/pm5/pm5__20201105_20201124__0098	2020-11-19	667860.00000000,3744693.00000000,668628.00000000,3745461.00000000
train	005189	lower__20201116_160811_01_227e_3B_AnalyticMS_SR_8b_clip	pm5__20201105_20201124__0098	/scrfs/storage/yikebe/home/research/AR_Crop_Identification/make_dataset/raw_sentinel/pm5/pm5__20201105_20201124__0098	2020-11-19	648660.00000000,3743925.00000000,649428.00000000,3744693.00000000
train	005205	lower__20201116_160811_01_227e_3B_AnalyticMS_SR_8b_clip	pm5__20201105_20201124__0098	/scrfs/storage/yikebe/home/research/AR_Crop_Identification/make_dataset/raw_sentinel/pm5/pm5__20201105_20201124__0098	2020-11-19	649428.00000000,3743925.00000000,650196.00000000,3744693.00000000
train	005221	lower__20201116_160811_01_227e_3B_AnalyticMS_SR_8b_clip	pm5__20201105_20201124__0098	/scrfs/storage/yikebe/home/research/AR_Crop_Identification/make_dataset/raw_sentinel/pm5/pm5__20201105_20201124__0098	2020-11-19	657876.00000000,3743925.00000000,658644.00000000,3744693.00000000
train	005237	lower__20201116_160811_01_227e_3B_AnalyticMS_SR_8b_clip	pm5__20201105_20201124__0098	/scrfs/storage/yikebe/home/research/AR_Crop_Identification/make_dataset/raw_sentinel/pm5/pm5__20201105_20201124__0098	2020-11-19	649428.00000000,3743157.00000000,650196.00000000,3743925.00000000
train	005253	lower__20201116_160811_01_227e_3B_AnalyticMS_SR_8b_clip	pm5__20201105_20201124__0098	/scrfs/storage/yikebe/home/research/AR_Crop_Identification/make_dataset/raw_sentinel/pm5/pm5__20201105_20201124__0098	2020-11-19	664020.00000000,3743157.00000000,664788.00000000,3743925.00000000
train	005269	lower__20201116_160811_01_227e_3B_AnalyticMS_SR_8b_clip	pm5__20201105_20201124__0098	/scrfs/storage/yikebe/home/research/AR_Crop_Identification/make_dataset/raw_sentinel/pm5/pm5__20201105_20201124__0098	2020-11-19	665556.00000000,3743157.00000000,666324.00000000,3743925.00000000
train	005285	lower__20201116_160811_01_227e_3B_AnalyticMS_SR_8b_clip	pm5__20201105_20201124__0098	/scrfs/storage/yikebe/home/research/AR_Crop_Identification/make_dataset/raw_sentinel/pm5/pm5__20201105_20201124__0098	2020-11-19	646356.00000000,3742389.00000000,647124.00000000,3743157.00000000
train	005301	lower__20201116_160811_01_227e_3B_AnalyticMS_SR_8b_clip	pm5__20201105_20201124__0098	/scrfs/storage/yikebe/home/research/AR_Crop_Identification/make_dataset/raw_sentinel/pm5/pm5__20201105_20201124__0098	2020-11-19	657108.00000000,3742389.00000000,657876.00000000,3743157.00000000
train	005317	lower__20201116_160811_01_227e_3B_AnalyticMS_SR_8b_clip	pm5__20201105_20201124__0098	/scrfs/storage/yikebe/home/research/AR_Crop_Identification/make_dataset/raw_sentinel/pm5/pm5__20201105_20201124__0098	2020-11-19	662484.00000000,3742389.00000000,663252.00000000,3743157.00000000
train	005333	lower__20201116_160811_01_227e_3B_AnalyticMS_SR_8b_clip	pm5__20201105_20201124__0098	/scrfs/storage/yikebe/home/research/AR_Crop_Identification/make_dataset/raw_sentinel/pm5/pm5__20201105_20201124__0098	2020-11-19	662484.00000000,3741621.00000000,663252.00000000,3742389.00000000
train	005349	lower__20201116_160811_01_227e_3B_AnalyticMS_SR_8b_clip	pm5__20201105_20201124__0098	/scrfs/storage/yikebe/home/research/AR_Crop_Identification/make_dataset/raw_sentinel/pm5/pm5__20201105_20201124__0098	2020-11-19	647124.00000000,3740085.00000000,647892.00000000,3740853.00000000
train	005365	lower__20201116_160811_01_227e_3B_AnalyticMS_SR_8b_clip	pm5__20201105_20201124__0098	/scrfs/storage/yikebe/home/research/AR_Crop_Identification/make_dataset/raw_sentinel/pm5/pm5__20201105_20201124__0098	2020-11-19	649428.00000000,3740085.00000000,650196.00000000,3740853.00000000
train	005381	lower__20201116_160811_01_227e_3B_AnalyticMS_SR_8b_clip	pm5__20201105_20201124__0098	/scrfs/storage/yikebe/home/research/AR_Crop_Identification/make_dataset/raw_sentinel/pm5/pm5__20201105_20201124__0098	2020-11-19	647124.00000000,3739317.00000000,647892.00000000,3740085.00000000
train	005397	lower__20201116_160811_01_227e_3B_AnalyticMS_SR_8b_clip	pm5__20201105_20201124__0098	/scrfs/storage/yikebe/home/research/AR_Crop_Identification/make_dataset/raw_sentinel/pm5/pm5__20201105_20201124__0098	2020-11-19	651732.00000000,3739317.00000000,652500.00000000,3740085.00000000
train	005413	lower__20201116_160811_01_227e_3B_AnalyticMS_SR_8b_clip	pm5__20201105_20201124__0098	/scrfs/storage/yikebe/home/research/AR_Crop_Identification/make_dataset/raw_sentinel/pm5/pm5__20201105_20201124__0098	2020-11-19	655572.00000000,3739317.00000000,656340.00000000,3740085.00000000
train	005429	lower__20201116_160811_01_227e_3B_AnalyticMS_SR_8b_clip	pm5__20201105_20201124__0098	/scrfs/storage/yikebe/home/research/AR_Crop_Identification/make_dataset/raw_sentinel/pm5/pm5__20201105_20201124__0098	2020-11-19	657876.00000000,3739317.00000000,658644.00000000,3740085.00000000
train	005445	lower__20201116_160811_01_227e_3B_AnalyticMS_SR_8b_clip	pm5__20201105_20201124__0098	/scrfs/storage/yikebe/home/research/AR_Crop_Identification/make_dataset/raw_sentinel/pm5/pm5__20201105_20201124__0098	2020-11-19	646356.00000000,3738549.00000000,647124.00000000,3739317.00000000
train	005461	lower__20201116_160811_01_227e_3B_AnalyticMS_SR_8b_clip	pm5__20201105_20201124__0098	/scrfs/storage/yikebe/home/research/AR_Crop_Identification/make_dataset/raw_sentinel/pm5/pm5__20201105_20201124__0098	2020-11-19	647124.00000000,3738549.00000000,647892.00000000,3739317.00000000
train	005477	lower__20201116_160811_01_227e_3B_AnalyticMS_SR_8b_clip	pm5__20201105_20201124__0098	/scrfs/storage/yikebe/home/research/AR_Crop_Identification/make_dataset/raw_sentinel/pm5/pm5__20201105_20201124__0098	2020-11-19	647892.00000000,3738549.00000000,648660.00000000,3739317.00000000
train	005493	lower__20201116_160811_01_227e_3B_AnalyticMS_SR_8b_clip	pm5__20201105_20201124__0098	/scrfs/storage/yikebe/home/research/AR_Crop_Identification/make_dataset/raw_sentinel/pm5/pm5__20201105_20201124__0098	2020-11-19	650964.00000000,3738549.00000000,651732.00000000,3739317.00000000
train	005509	lower__20201116_160811_01_227e_3B_AnalyticMS_SR_8b_clip	pm5__20201105_20201124__0098	/scrfs/storage/yikebe/home/research/AR_Crop_Identification/make_dataset/raw_sentinel/pm5/pm5__20201105_20201124__0098	2020-11-19	651732.00000000,3738549.00000000,652500.00000000,3739317.00000000
train	005525	lower__20201116_160811_01_227e_3B_AnalyticMS_SR_8b_clip	pm5__20201105_20201124__0098	/scrfs/storage/yikebe/home/research/AR_Crop_Identification/make_dataset/raw_sentinel/pm5/pm5__20201105_20201124__0098	2020-11-19	652500.00000000,3738549.00000000,653268.00000000,3739317.00000000
train	005541	lower__20201116_160811_01_227e_3B_AnalyticMS_SR_8b_clip	pm5__20201105_20201124__0098	/scrfs/storage/yikebe/home/research/AR_Crop_Identification/make_dataset/raw_sentinel/pm5/pm5__20201105_20201124__0098	2020-11-19	645588.00000000,3737781.00000000,646356.00000000,3738549.00000000
train	005557	lower__20201116_160811_01_227e_3B_AnalyticMS_SR_8b_clip	pm5__20201105_20201124__0098	/scrfs/storage/yikebe/home/research/AR_Crop_Identification/make_dataset/raw_sentinel/pm5/pm5__20201105_20201124__0098	2020-11-19	646356.00000000,3737781.00000000,647124.00000000,3738549.00000000
train	005573	lower__20201116_160811_01_227e_3B_AnalyticMS_SR_8b_clip	pm5__20201105_20201124__0098	/scrfs/storage/yikebe/home/research/AR_Crop_Identification/make_dataset/raw_sentinel/pm5/pm5__20201105_20201124__0098	2020-11-19	647124.00000000,3737781.00000000,647892.00000000,3738549.00000000
train	005589	lower__20201116_160811_01_227e_3B_AnalyticMS_SR_8b_clip	pm5__20201105_20201124__0098	/scrfs/storage/yikebe/home/research/AR_Crop_Identification/make_dataset/raw_sentinel/pm5/pm5__20201105_20201124__0098	2020-11-19	647892.00000000,3737781.00000000,648660.00000000,3738549.00000000
train	005605	lower__20201116_160811_01_227e_3B_AnalyticMS_SR_8b_clip	pm5__20201105_20201124__0098	/scrfs/storage/yikebe/home/research/AR_Crop_Identification/make_dataset/raw_sentinel/pm5/pm5__20201105_20201124__0098	2020-11-19	648660.00000000,3737781.00000000,649428.00000000,3738549.00000000
train	005621	lower__20201116_160811_01_227e_3B_AnalyticMS_SR_8b_clip	pm5__20201105_20201124__0098	/scrfs/storage/yikebe/home/research/AR_Crop_Identification/make_dataset/raw_sentinel/pm5/pm5__20201105_20201124__0098	2020-11-19	652500.00000000,3737781.00000000,653268.00000000,3738549.00000000
train	005637	lower__20201116_160811_01_227e_3B_AnalyticMS_SR_8b_clip	pm5__20201105_20201124__0098	/scrfs/storage/yikebe/home/research/AR_Crop_Identification/make_dataset/raw_sentinel/pm5/pm5__20201105_20201124__0098	2020-11-19	654036.00000000,3737781.00000000,654804.00000000,3738549.00000000
train	005653	lower__20201116_160811_01_227e_3B_AnalyticMS_SR_8b_clip	pm5__20201105_20201124__0098	/scrfs/storage/yikebe/home/research/AR_Crop_Identification/make_dataset/raw_sentinel/pm5/pm5__20201105_20201124__0098	2020-11-19	660948.00000000,3737781.00000000,661716.00000000,3738549.00000000
train	005669	lower__20201116_160811_01_227e_3B_AnalyticMS_SR_8b_clip	pm5__20201105_20201124__0098	/scrfs/storage/yikebe/home/research/AR_Crop_Identification/make_dataset/raw_sentinel/pm5/pm5__20201105_20201124__0098	2020-11-19	645588.00000000,3737013.00000000,646356.00000000,3737781.00000000
train	005685	lower__20201116_160811_01_227e_3B_AnalyticMS_SR_8b_clip	pm5__20201105_20201124__0098	/scrfs/storage/yikebe/home/research/AR_Crop_Identification/make_dataset/raw_sentinel/pm5/pm5__20201105_20201124__0098	2020-11-19	646356.00000000,3737013.00000000,647124.00000000,3737781.00000000
train	005701	lower__20201116_160811_01_227e_3B_AnalyticMS_SR_8b_clip	pm5__20201105_20201124__0098	/scrfs/storage/yikebe/home/research/AR_Crop_Identification/make_dataset/raw_sentinel/pm5/pm5__20201105_20201124__0098	2020-11-19	654036.00000000,3737013.00000000,654804.00000000,3737781.00000000
train	005717	lower__20201116_160811_01_227e_3B_AnalyticMS_SR_8b_clip	pm5__20201105_20201124__0098	/scrfs/storage/yikebe/home/research/AR_Crop_Identification/make_dataset/raw_sentinel/pm5/pm5__20201105_20201124__0098	2020-11-19	654036.00000000,3736245.00000000,654804.00000000,3737013.00000000
train	005733	lower__20201116_160811_01_227e_3B_AnalyticMS_SR_8b_clip	pm5__20201105_20201124__0098	/scrfs/storage/yikebe/home/research/AR_Crop_Identification/make_dataset/raw_sentinel/pm5/pm5__20201105_20201124__0098	2020-11-19	654036.00000000,3735477.00000000,654804.00000000,3736245.00000000
train	005749	lower__20201116_160811_01_227e_3B_AnalyticMS_SR_8b_clip	pm5__20201105_20201124__0098	/scrfs/storage/yikebe/home/research/AR_Crop_Identification/make_dataset/raw_sentinel/pm5/pm5__20201105_20201124__0098	2020-11-19	647124.00000000,3734709.00000000,647892.00000000,3735477.00000000
train	005765	lower__20201116_160811_01_227e_3B_AnalyticMS_SR_8b_clip	pm5__20201105_20201124__0098	/scrfs/storage/yikebe/home/research/AR_Crop_Identification/make_dataset/raw_sentinel/pm5/pm5__20201105_20201124__0098	2020-11-19	647892.00000000,3734709.00000000,648660.00000000,3735477.00000000
train	005781	lower__20201116_160811_01_227e_3B_AnalyticMS_SR_8b_clip	pm5__20201105_20201124__0098	/scrfs/storage/yikebe/home/research/AR_Crop_Identification/make_dataset/raw_sentinel/pm5/pm5__20201105_20201124__0098	2020-11-19	646356.00000000,3733941.00000000,647124.00000000,3734709.00000000
train	005797	lower__20201116_160811_01_227e_3B_AnalyticMS_SR_8b_clip	pm5__20201105_20201124__0098	/scrfs/storage/yikebe/home/research/AR_Crop_Identification/make_dataset/raw_sentinel/pm5/pm5__20201105_20201124__0098	2020-11-19	647124.00000000,3733941.00000000,647892.00000000,3734709.00000000
train	005813	lower__20201116_160811_01_227e_3B_AnalyticMS_SR_8b_clip	pm5__20201105_20201124__0098	/scrfs/storage/yikebe/home/research/AR_Crop_Identification/make_dataset/raw_sentinel/pm5/pm5__20201105_20201124__0098	2020-11-19	647892.00000000,3733941.00000000,648660.00000000,3734709.00000000
train	005829	lower__20201116_160811_01_227e_3B_AnalyticMS_SR_8b_clip	pm5__20201105_20201124__0098	/scrfs/storage/yikebe/home/research/AR_Crop_Identification/make_dataset/raw_sentinel/pm5/pm5__20201105_20201124__0098	2020-11-19	647124.00000000,3733173.00000000,647892.00000000,3733941.00000000
train	005845	lower__20201116_160811_01_227e_3B_AnalyticMS_SR_8b_clip	pm5__20201105_20201124__0098	/scrfs/storage/yikebe/home/research/AR_Crop_Identification/make_dataset/raw_sentinel/pm5/pm5__20201105_20201124__0098	2020-11-19	658644.00000000,3733173.00000000,659412.00000000,3733941.00000000
train	005861	lower__20201116_160811_01_227e_3B_AnalyticMS_SR_8b_clip	pm5__20201105_20201124__0098	/scrfs/storage/yikebe/home/research/AR_Crop_Identification/make_dataset/raw_sentinel/pm5/pm5__20201105_20201124__0098	2020-11-19	644052.00000000,3732405.00000000,644820.00000000,3733173.00000000
train	005877	lower__20201116_160811_01_227e_3B_AnalyticMS_SR_8b_clip	pm5__20201105_20201124__0098	/scrfs/storage/yikebe/home/research/AR_Crop_Identification/make_dataset/raw_sentinel/pm5/pm5__20201105_20201124__0098	2020-11-19	650964.00000000,3732405.00000000,651732.00000000,3733173.00000000
train	005893	lower__20201116_160811_01_227e_3B_AnalyticMS_SR_8b_clip	pm5__20201105_20201124__0098	/scrfs/storage/yikebe/home/research/AR_Crop_Identification/make_dataset/raw_sentinel/pm5/pm5__20201105_20201124__0098	2020-11-19	654804.00000000,3732405.00000000,655572.00000000,3733173.00000000
train	005909	lower__20201116_160811_01_227e_3B_AnalyticMS_SR_8b_clip	pm5__20201105_20201124__0098	/scrfs/storage/yikebe/home/research/AR_Crop_Identification/make_dataset/raw_sentinel/pm5/pm5__20201105_20201124__0098	2020-11-19	661716.00000000,3732405.00000000,662484.00000000,3733173.00000000
train	005925	lower__20201116_160811_01_227e_3B_AnalyticMS_SR_8b_clip	pm5__20201105_20201124__0098	/scrfs/storage/yikebe/home/research/AR_Crop_Identification/make_dataset/raw_sentinel/pm5/pm5__20201105_20201124__0098	2020-11-19	662484.00000000,3732405.00000000,663252.00000000,3733173.00000000
train	005941	lower__20201116_160811_01_227e_3B_AnalyticMS_SR_8b_clip	pm5__20201105_20201124__0098	/scrfs/storage/yikebe/home/research/AR_Crop_Identification/make_dataset/raw_sentinel/pm5/pm5__20201105_20201124__0098	2020-11-19	663252.00000000,3732405.00000000,664020.00000000,3733173.00000000
train	005957	lower__20201116_160811_01_227e_3B_AnalyticMS_SR_8b_clip	pm5__20201105_20201124__0098	/scrfs/storage/yikebe/home/research/AR_Crop_Identification/make_dataset/raw_sentinel/pm5/pm5__20201105_20201124__0098	2020-11-19	644052.00000000,3731637.00000000,644820.00000000,3732405.00000000
train	005973	lower__20201116_160811_01_227e_3B_AnalyticMS_SR_8b_clip	pm5__20201105_20201124__0098	/scrfs/storage/yikebe/home/research/AR_Crop_Identification/make_dataset/raw_sentinel/pm5/pm5__20201105_20201124__0098	2020-11-19	644820.00000000,3731637.00000000,645588.00000000,3732405.00000000
train	005989	lower__20201116_160811_01_227e_3B_AnalyticMS_SR_8b_clip	pm5__20201105_20201124__0098	/scrfs/storage/yikebe/home/research/AR_Crop_Identification/make_dataset/raw_sentinel/pm5/pm5__20201105_20201124__0098	2020-11-19	652500.00000000,3731637.00000000,653268.00000000,3732405.00000000
train	006005	lower__20201116_160811_01_227e_3B_AnalyticMS_SR_8b_clip	pm5__20201105_20201124__0098	/scrfs/storage/yikebe/home/research/AR_Crop_Identification/make_dataset/raw_sentinel/pm5/pm5__20201105_20201124__0098	2020-11-19	652500.00000000,3730869.00000000,653268.00000000,3731637.00000000
train	006021	lower__20201116_160811_01_227e_3B_AnalyticMS_SR_8b_clip	pm5__20201105_20201124__0098	/scrfs/storage/yikebe/home/research/AR_Crop_Identification/make_dataset/raw_sentinel/pm5/pm5__20201105_20201124__0098	2020-11-19	646356.00000000,3730101.00000000,647124.00000000,3730869.00000000
train	006037	lower__20201116_160811_01_227e_3B_AnalyticMS_SR_8b_clip	pm5__20201105_20201124__0098	/scrfs/storage/yikebe/home/research/AR_Crop_Identification/make_dataset/raw_sentinel/pm5/pm5__20201105_20201124__0098	2020-11-19	654036.00000000,3730101.00000000,654804.00000000,3730869.00000000
train	006053	lower__20201116_160811_01_227e_3B_AnalyticMS_SR_8b_clip	pm5__20201105_20201124__0098	/scrfs/storage/yikebe/home/research/AR_Crop_Identification/make_dataset/raw_sentinel/pm5/pm5__20201105_20201124__0098	2020-11-19	661716.00000000,3730101.00000000,662484.00000000,3730869.00000000
train	006069	lower__20201116_160949_42_222f_3B_AnalyticMS_SR_8b_clip	pm5__20201105_20201124__0082	/scrfs/storage/yikebe/home/research/AR_Crop_Identification/make_dataset/raw_sentinel/pm5/pm5__20201105_20201124__0082	2020-11-19	637917.00000000,3726663.00000000,638685.00000000,3727431.00000000
train	006085	lower__20201116_160949_42_222f_3B_AnalyticMS_SR_8b_clip	pm5__20201105_20201124__0082	/scrfs/storage/yikebe/home/research/AR_Crop_Identification/make_dataset/raw_sentinel/pm5/pm5__20201105_20201124__0082	2020-11-19	637917.00000000,3725895.00000000,638685.00000000,3726663.00000000
train	006101	lower__20201116_160949_42_222f_3B_AnalyticMS_SR_8b_clip	pm5__20201105_20201124__0082	/scrfs/storage/yikebe/home/research/AR_Crop_Identification/make_dataset/raw_sentinel/pm5/pm5__20201105_20201124__0082	2020-11-19	637149.00000000,3723591.00000000,637917.00000000,3724359.00000000
train	006117	lower__20201116_160949_42_222f_3B_AnalyticMS_SR_8b_clip	pm5__20201105_20201124__0082	/scrfs/storage/yikebe/home/research/AR_Crop_Identification/make_dataset/raw_sentinel/pm5/pm5__20201105_20201124__0082	2020-11-19	645597.00000000,3718215.00000000,646365.00000000,3718983.00000000
train	006133	lower__20201116_160949_42_222f_3B_AnalyticMS_SR_8b_clip	pm5__20201105_20201124__0082	/scrfs/storage/yikebe/home/research/AR_Crop_Identification/make_dataset/raw_sentinel/pm5/pm5__20201105_20201124__0082	2020-11-19	647133.00000000,3714375.00000000,647901.00000000,3715143.00000000
train	006149	lower__20201116_160949_42_222f_3B_AnalyticMS_SR_8b_clip	pm5__20201105_20201124__0082	/scrfs/storage/yikebe/home/research/AR_Crop_Identification/make_dataset/raw_sentinel/pm5/pm5__20201105_20201124__0082	2020-11-19	617949.00000000,3713607.00000000,618717.00000000,3714375.00000000
train	006165	lower__20201116_160949_42_222f_3B_AnalyticMS_SR_8b_clip	pm5__20201105_20201124__0082	/scrfs/storage/yikebe/home/research/AR_Crop_Identification/make_dataset/raw_sentinel/pm5/pm5__20201105_20201124__0082	2020-11-19	618717.00000000,3713607.00000000,619485.00000000,3714375.00000000
train	006181	lower__20201116_160949_42_222f_3B_AnalyticMS_SR_8b_clip	pm5__20201105_20201124__0082	/scrfs/storage/yikebe/home/research/AR_Crop_Identification/make_dataset/raw_sentinel/pm5/pm5__20201105_20201124__0082	2020-11-19	617949.00000000,3712839.00000000,618717.00000000,3713607.00000000
train	006197	lower__20201116_160949_42_222f_3B_AnalyticMS_SR_8b_clip	pm5__20201105_20201124__0082	/scrfs/storage/yikebe/home/research/AR_Crop_Identification/make_dataset/raw_sentinel/pm5/pm5__20201105_20201124__0082	2020-11-19	647133.00000000,3712839.00000000,647901.00000000,3713607.00000000
train	006213	lower__20201116_160949_42_222f_3B_AnalyticMS_SR_8b_clip	pm5__20201105_20201124__0082	/scrfs/storage/yikebe/home/research/AR_Crop_Identification/make_dataset/raw_sentinel/pm5/pm5__20201105_20201124__0082	2020-11-19	637149.00000000,3710535.00000000,637917.00000000,3711303.00000000
train	006229	lower__20201116_160949_42_222f_3B_AnalyticMS_SR_8b_clip	pm5__20201105_20201124__0082	/scrfs/storage/yikebe/home/research/AR_Crop_Identification/make_dataset/raw_sentinel/pm5/pm5__20201105_20201124__0082	2020-11-19	635613.00000000,3709767.00000000,636381.00000000,3710535.00000000
train	006245	lower__20201116_160949_42_222f_3B_AnalyticMS_SR_8b_clip	pm5__20201105_20201124__0082	/scrfs/storage/yikebe/home/research/AR_Crop_Identification/make_dataset/raw_sentinel/pm5/pm5__20201105_20201124__0082	2020-11-19	636381.00000000,3709767.00000000,637149.00000000,3710535.00000000
train	006261	lower__20201116_160949_42_222f_3B_AnalyticMS_SR_8b_clip	pm5__20201105_20201124__0082	/scrfs/storage/yikebe/home/research/AR_Crop_Identification/make_dataset/raw_sentinel/pm5/pm5__20201105_20201124__0082	2020-11-19	646365.00000000,3709767.00000000,647133.00000000,3710535.00000000
train	006277	lower__20201116_160949_42_222f_3B_AnalyticMS_SR_8b_clip	pm5__20201105_20201124__0082	/scrfs/storage/yikebe/home/research/AR_Crop_Identification/make_dataset/raw_sentinel/pm5/pm5__20201105_20201124__0082	2020-11-19	637149.00000000,3708231.00000000,637917.00000000,3708999.00000000
train	006293	lower__20201116_160949_42_222f_3B_AnalyticMS_SR_8b_clip	pm5__20201105_20201124__0082	/scrfs/storage/yikebe/home/research/AR_Crop_Identification/make_dataset/raw_sentinel/pm5/pm5__20201105_20201124__0082	2020-11-19	637917.00000000,3708231.00000000,638685.00000000,3708999.00000000
train	006309	lower__20201116_160949_42_222f_3B_AnalyticMS_SR_8b_clip	pm5__20201105_20201124__0082	/scrfs/storage/yikebe/home/research/AR_Crop_Identification/make_dataset/raw_sentinel/pm5/pm5__20201105_20201124__0082	2020-11-19	645597.00000000,3708231.00000000,646365.00000000,3708999.00000000
train	006325	lower__20201117_160534_86_2280_3B_AnalyticMS_SR_8b_clip	pm5__20201105_20201124__0119	/scrfs/storage/yikebe/home/research/AR_Crop_Identification/make_dataset/raw_sentinel/pm5/pm5__20201105_20201124__0119	2020-11-21	714138.00000000,3750018.00000000,714906.00000000,3750786.00000000
train	006341	lower__20201117_160534_86_2280_3B_AnalyticMS_SR_8b_clip	pm5__20201105_20201124__0119	/scrfs/storage/yikebe/home/research/AR_Crop_Identification/make_dataset/raw_sentinel/pm5/pm5__20201105_20201124__0119	2020-11-21	716442.00000000,3746946.00000000,717210.00000000,3747714.00000000
train	006357	lower__20201117_160534_86_2280_3B_AnalyticMS_SR_8b_clip	pm5__20201105_20201124__0119	/scrfs/storage/yikebe/home/research/AR_Crop_Identification/make_dataset/raw_sentinel/pm5/pm5__20201105_20201124__0119	2020-11-21	735642.00000000,3745410.00000000,736410.00000000,3746178.00000000
train	006373	lower__20201117_165406_45_2414_3B_AnalyticMS_SR_8b_clip	pm5__20201105_20201124__0071	/scrfs/storage/yikebe/home/research/AR_Crop_Identification/make_dataset/raw_sentinel/pm5/pm5__20201105_20201124__0071	2020-11-19	617916.00000000,3685491.00000000,618684.00000000,3686259.00000000
train	006389	lower__20201117_165406_45_2414_3B_AnalyticMS_SR_8b_clip	pm5__20201105_20201124__0071	/scrfs/storage/yikebe/home/research/AR_Crop_Identification/make_dataset/raw_sentinel/pm5/pm5__20201105_20201124__0071	2020-11-19	618684.00000000,3685491.00000000,619452.00000000,3686259.00000000
train	006405	lower__20201117_165406_45_2414_3B_AnalyticMS_SR_8b_clip	pm5__20201105_20201124__0071	/scrfs/storage/yikebe/home/research/AR_Crop_Identification/make_dataset/raw_sentinel/pm5/pm5__20201105_20201124__0071	2020-11-19	616380.00000000,3683187.00000000,617148.00000000,3683955.00000000
train	006421	lower__20201118_155752_69_222b_3B_AnalyticMS_SR_8b_clip	pm5__20201105_20201124__0119	/scrfs/storage/yikebe/home/research/AR_Crop_Identification/make_dataset/raw_sentinel/pm5/pm5__20201105_20201124__0119	2020-11-21	725994.00000000,3655737.00000000,726762.00000000,3656505.00000000
train	006437	lower__20201118_155752_69_222b_3B_AnalyticMS_SR_8b_clip	pm5__20201105_20201124__0119	/scrfs/storage/yikebe/home/research/AR_Crop_Identification/make_dataset/raw_sentinel/pm5/pm5__20201105_20201124__0119	2020-11-21	724458.00000000,3654969.00000000,725226.00000000,3655737.00000000
train	006453	lower__20201118_155752_69_222b_3B_AnalyticMS_SR_8b_clip	pm5__20201105_20201124__0119	/scrfs/storage/yikebe/home/research/AR_Crop_Identification/make_dataset/raw_sentinel/pm5/pm5__20201105_20201124__0119	2020-11-21	721386.00000000,3654201.00000000,722154.00000000,3654969.00000000
train	006469	lower__20201118_160713_43_2278_3B_AnalyticMS_SR_8b_clip	pm5__20201105_20201124__0074	/scrfs/storage/yikebe/home/research/AR_Crop_Identification/make_dataset/raw_sentinel/pm5/pm5__20201105_20201124__0074	2020-11-19	606618.00000000,3842136.00000000,607386.00000000,3842904.00000000
train	006485	lower__20201118_160713_43_2278_3B_AnalyticMS_SR_8b_clip	pm5__20201105_20201124__0074	/scrfs/storage/yikebe/home/research/AR_Crop_Identification/make_dataset/raw_sentinel/pm5/pm5__20201105_20201124__0074	2020-11-19	609690.00000000,3840600.00000000,610458.00000000,3841368.00000000
train	006501	lower__20201118_160713_43_2278_3B_AnalyticMS_SR_8b_clip	pm5__20201105_20201124__0074	/scrfs/storage/yikebe/home/research/AR_Crop_Identification/make_dataset/raw_sentinel/pm5/pm5__20201105_20201124__0074	2020-11-19	611994.00000000,3839832.00000000,612762.00000000,3840600.00000000
train	006517	lower__20201118_160713_43_2278_3B_AnalyticMS_SR_8b_clip	pm5__20201105_20201124__0074	/scrfs/storage/yikebe/home/research/AR_Crop_Identification/make_dataset/raw_sentinel/pm5/pm5__20201105_20201124__0074	2020-11-19	620442.00000000,3839832.00000000,621210.00000000,3840600.00000000
train	006533	lower__20201118_160713_43_2278_3B_AnalyticMS_SR_8b_clip	pm5__20201105_20201124__0074	/scrfs/storage/yikebe/home/research/AR_Crop_Identification/make_dataset/raw_sentinel/pm5/pm5__20201105_20201124__0074	2020-11-19	611994.00000000,3839064.00000000,612762.00000000,3839832.00000000
train	006549	lower__20201118_160713_43_2278_3B_AnalyticMS_SR_8b_clip	pm5__20201105_20201124__0074	/scrfs/storage/yikebe/home/research/AR_Crop_Identification/make_dataset/raw_sentinel/pm5/pm5__20201105_20201124__0074	2020-11-19	620442.00000000,3839064.00000000,621210.00000000,3839832.00000000
train	006565	lower__20201118_160713_43_2278_3B_AnalyticMS_SR_8b_clip	pm5__20201105_20201124__0074	/scrfs/storage/yikebe/home/research/AR_Crop_Identification/make_dataset/raw_sentinel/pm5/pm5__20201105_20201124__0074	2020-11-19	606618.00000000,3838296.00000000,607386.00000000,3839064.00000000
train	006581	lower__20201118_160713_43_2278_3B_AnalyticMS_SR_8b_clip	pm5__20201105_20201124__0074	/scrfs/storage/yikebe/home/research/AR_Crop_Identification/make_dataset/raw_sentinel/pm5/pm5__20201105_20201124__0074	2020-11-19	610458.00000000,3838296.00000000,611226.00000000,3839064.00000000
train	006597	lower__20201118_160713_43_2278_3B_AnalyticMS_SR_8b_clip	pm5__20201105_20201124__0074	/scrfs/storage/yikebe/home/research/AR_Crop_Identification/make_dataset/raw_sentinel/pm5/pm5__20201105_20201124__0074	2020-11-19	613530.00000000,3838296.00000000,614298.00000000,3839064.00000000
train	006613	lower__20201118_160713_43_2278_3B_AnalyticMS_SR_8b_clip	pm5__20201105_20201124__0074	/scrfs/storage/yikebe/home/research/AR_Crop_Identification/make_dataset/raw_sentinel/pm5/pm5__20201105_20201124__0074	2020-11-19	614298.00000000,3838296.00000000,615066.00000000,3839064.00000000
train	006629	lower__20201118_160713_43_2278_3B_AnalyticMS_SR_8b_clip	pm5__20201105_20201124__0074	/scrfs/storage/yikebe/home/research/AR_Crop_Identification/make_dataset/raw_sentinel/pm5/pm5__20201105_20201124__0074	2020-11-19	620442.00000000,3838296.00000000,621210.00000000,3839064.00000000
train	006645	lower__20201118_160713_43_2278_3B_AnalyticMS_SR_8b_clip	pm5__20201105_20201124__0074	/scrfs/storage/yikebe/home/research/AR_Crop_Identification/make_dataset/raw_sentinel/pm5/pm5__20201105_20201124__0074	2020-11-19	600474.00000000,3837528.00000000,601242.00000000,3838296.00000000
train	006661	lower__20201118_160713_43_2278_3B_AnalyticMS_SR_8b_clip	pm5__20201105_20201124__0074	/scrfs/storage/yikebe/home/research/AR_Crop_Identification/make_dataset/raw_sentinel/pm5/pm5__20201105_20201124__0074	2020-11-19	610458.00000000,3837528.00000000,611226.00000000,3838296.00000000
train	006677	lower__20201118_160713_43_2278_3B_AnalyticMS_SR_8b_clip	pm5__20201105_20201124__0074	/scrfs/storage/yikebe/home/research/AR_Crop_Identification/make_dataset/raw_sentinel/pm5/pm5__20201105_20201124__0074	2020-11-19	611994.00000000,3837528.00000000,612762.00000000,3838296.00000000
train	006693	lower__20201118_160713_43_2278_3B_AnalyticMS_SR_8b_clip	pm5__20201105_20201124__0074	/scrfs/storage/yikebe/home/research/AR_Crop_Identification/make_dataset/raw_sentinel/pm5/pm5__20201105_20201124__0074	2020-11-19	612762.00000000,3837528.00000000,613530.00000000,3838296.00000000
train	006709	lower__20201118_160713_43_2278_3B_AnalyticMS_SR_8b_clip	pm5__20201105_20201124__0074	/scrfs/storage/yikebe/home/research/AR_Crop_Identification/make_dataset/raw_sentinel/pm5/pm5__20201105_20201124__0074	2020-11-19	613530.00000000,3837528.00000000,614298.00000000,3838296.00000000
train	006725	lower__20201118_160713_43_2278_3B_AnalyticMS_SR_8b_clip	pm5__20201105_20201124__0074	/scrfs/storage/yikebe/home/research/AR_Crop_Identification/make_dataset/raw_sentinel/pm5/pm5__20201105_20201124__0074	2020-11-19	614298.00000000,3837528.00000000,615066.00000000,3838296.00000000
train	006741	lower__20201118_160713_43_2278_3B_AnalyticMS_SR_8b_clip	pm5__20201105_20201124__0074	/scrfs/storage/yikebe/home/research/AR_Crop_Identification/make_dataset/raw_sentinel/pm5/pm5__20201105_20201124__0074	2020-11-19	609690.00000000,3836760.00000000,610458.00000000,3837528.00000000
train	006757	lower__20201118_160713_43_2278_3B_AnalyticMS_SR_8b_clip	pm5__20201105_20201124__0074	/scrfs/storage/yikebe/home/research/AR_Crop_Identification/make_dataset/raw_sentinel/pm5/pm5__20201105_20201124__0074	2020-11-19	617370.00000000,3836760.00000000,618138.00000000,3837528.00000000
train	006773	lower__20201118_160713_43_2278_3B_AnalyticMS_SR_8b_clip	pm5__20201105_20201124__0074	/scrfs/storage/yikebe/home/research/AR_Crop_Identification/make_dataset/raw_sentinel/pm5/pm5__20201105_20201124__0074	2020-11-19	611226.00000000,3835992.00000000,611994.00000000,3836760.00000000
train	006789	lower__20201118_160713_43_2278_3B_AnalyticMS_SR_8b_clip	pm5__20201105_20201124__0074	/scrfs/storage/yikebe/home/research/AR_Crop_Identification/make_dataset/raw_sentinel/pm5/pm5__20201105_20201124__0074	2020-11-19	611994.00000000,3835992.00000000,612762.00000000,3836760.00000000
train	006805	lower__20201118_160713_43_2278_3B_AnalyticMS_SR_8b_clip	pm5__20201105_20201124__0074	/scrfs/storage/yikebe/home/research/AR_Crop_Identification/make_dataset/raw_sentinel/pm5/pm5__20201105_20201124__0074	2020-11-19	602778.00000000,3835224.00000000,603546.00000000,3835992.00000000
train	006821	lower__20201118_160713_43_2278_3B_AnalyticMS_SR_8b_clip	pm5__20201105_20201124__0074	/scrfs/storage/yikebe/home/research/AR_Crop_Identification/make_dataset/raw_sentinel/pm5/pm5__20201105_20201124__0074	2020-11-19	613530.00000000,3835224.00000000,614298.00000000,3835992.00000000
train	006837	lower__20201118_160713_43_2278_3B_AnalyticMS_SR_8b_clip	pm5__20201105_20201124__0074	/scrfs/storage/yikebe/home/research/AR_Crop_Identification/make_dataset/raw_sentinel/pm5/pm5__20201105_20201124__0074	2020-11-19	628122.00000000,3834456.00000000,628890.00000000,3835224.00000000
train	006853	lower__20201118_160713_43_2278_3B_AnalyticMS_SR_8b_clip	pm5__20201105_20201124__0074	/scrfs/storage/yikebe/home/research/AR_Crop_Identification/make_dataset/raw_sentinel/pm5/pm5__20201105_20201124__0074	2020-11-19	631194.00000000,3834456.00000000,631962.00000000,3835224.00000000
train	006869	lower__20201118_160713_43_2278_3B_AnalyticMS_SR_8b_clip	pm5__20201105_20201124__0074	/scrfs/storage/yikebe/home/research/AR_Crop_Identification/make_dataset/raw_sentinel/pm5/pm5__20201105_20201124__0074	2020-11-19	600474.00000000,3833688.00000000,601242.00000000,3834456.00000000
train	006885	lower__20201118_160713_43_2278_3B_AnalyticMS_SR_8b_clip	pm5__20201105_20201124__0074	/scrfs/storage/yikebe/home/research/AR_Crop_Identification/make_dataset/raw_sentinel/pm5/pm5__20201105_20201124__0074	2020-11-19	617370.00000000,3833688.00000000,618138.00000000,3834456.00000000
train	006901	lower__20201118_160713_43_2278_3B_AnalyticMS_SR_8b_clip	pm5__20201105_20201124__0074	/scrfs/storage/yikebe/home/research/AR_Crop_Identification/make_dataset/raw_sentinel/pm5/pm5__20201105_20201124__0074	2020-11-19	618906.00000000,3833688.00000000,619674.00000000,3834456.00000000
train	006917	lower__20201118_160713_43_2278_3B_AnalyticMS_SR_8b_clip	pm5__20201105_20201124__0074	/scrfs/storage/yikebe/home/research/AR_Crop_Identification/make_dataset/raw_sentinel/pm5/pm5__20201105_20201124__0074	2020-11-19	603546.00000000,3832920.00000000,604314.00000000,3833688.00000000
train	006933	lower__20201118_160713_43_2278_3B_AnalyticMS_SR_8b_clip	pm5__20201105_20201124__0074	/scrfs/storage/yikebe/home/research/AR_Crop_Identification/make_dataset/raw_sentinel/pm5/pm5__20201105_20201124__0074	2020-11-19	618906.00000000,3832920.00000000,619674.00000000,3833688.00000000
train	006949	lower__20201118_160713_43_2278_3B_AnalyticMS_SR_8b_clip	pm5__20201105_20201124__0074	/scrfs/storage/yikebe/home/research/AR_Crop_Identification/make_dataset/raw_sentinel/pm5/pm5__20201105_20201124__0074	2020-11-19	628122.00000000,3832920.00000000,628890.00000000,3833688.00000000
train	006965	lower__20201118_160713_43_2278_3B_AnalyticMS_SR_8b_clip	pm5__20201105_20201124__0074	/scrfs/storage/yikebe/home/research/AR_Crop_Identification/make_dataset/raw_sentinel/pm5/pm5__20201105_20201124__0074	2020-11-19	601242.00000000,3832152.00000000,602010.00000000,3832920.00000000
train	006981	lower__20201118_160713_43_2278_3B_AnalyticMS_SR_8b_clip	pm5__20201105_20201124__0074	/scrfs/storage/yikebe/home/research/AR_Crop_Identification/make_dataset/raw_sentinel/pm5/pm5__20201105_20201124__0074	2020-11-19	603546.00000000,3832152.00000000,604314.00000000,3832920.00000000
train	006997	lower__20201118_160713_43_2278_3B_AnalyticMS_SR_8b_clip	pm5__20201105_20201124__0074	/scrfs/storage/yikebe/home/research/AR_Crop_Identification/make_dataset/raw_sentinel/pm5/pm5__20201105_20201124__0074	2020-11-19	605082.00000000,3830616.00000000,605850.00000000,3831384.00000000
train	007013	lower__20201118_160713_43_2278_3B_AnalyticMS_SR_8b_clip	pm5__20201105_20201124__0074	/scrfs/storage/yikebe/home/research/AR_Crop_Identification/make_dataset/raw_sentinel/pm5/pm5__20201105_20201124__0074	2020-11-19	624282.00000000,3829080.00000000,625050.00000000,3829848.00000000
train	007029	lower__20201118_160713_43_2278_3B_AnalyticMS_SR_8b_clip	pm5__20201105_20201124__0074	/scrfs/storage/yikebe/home/research/AR_Crop_Identification/make_dataset/raw_sentinel/pm5/pm5__20201105_20201124__0074	2020-11-19	629658.00000000,3829080.00000000,630426.00000000,3829848.00000000
train	007045	lower__20201118_160713_43_2278_3B_AnalyticMS_SR_8b_clip	pm5__20201105_20201124__0074	/scrfs/storage/yikebe/home/research/AR_Crop_Identification/make_dataset/raw_sentinel/pm5/pm5__20201105_20201124__0074	2020-11-19	624282.00000000,3828312.00000000,625050.00000000,3829080.00000000
train	007061	lower__20201118_160713_43_2278_3B_AnalyticMS_SR_8b_clip	pm5__20201105_20201124__0074	/scrfs/storage/yikebe/home/research/AR_Crop_Identification/make_dataset/raw_sentinel/pm5/pm5__20201105_20201124__0074	2020-11-19	629658.00000000,3828312.00000000,630426.00000000,3829080.00000000
train	007077	lower__20201118_160713_43_2278_3B_AnalyticMS_SR_8b_clip	pm5__20201105_20201124__0074	/scrfs/storage/yikebe/home/research/AR_Crop_Identification/make_dataset/raw_sentinel/pm5/pm5__20201105_20201124__0074	2020-11-19	624282.00000000,3826776.00000000,625050.00000000,3827544.00000000
train	007093	lower__20201118_160713_43_2278_3B_AnalyticMS_SR_8b_clip	pm5__20201105_20201124__0074	/scrfs/storage/yikebe/home/research/AR_Crop_Identification/make_dataset/raw_sentinel/pm5/pm5__20201105_20201124__0074	2020-11-19	628890.00000000,3826776.00000000,629658.00000000,3827544.00000000
train	007109	lower__20201118_160713_43_2278_3B_AnalyticMS_SR_8b_clip	pm5__20201105_20201124__0074	/scrfs/storage/yikebe/home/research/AR_Crop_Identification/make_dataset/raw_sentinel/pm5/pm5__20201105_20201124__0074	2020-11-19	602778.00000000,3825240.00000000,603546.00000000,3826008.00000000
train	007125	lower__20201118_160713_43_2278_3B_AnalyticMS_SR_8b_clip	pm5__20201105_20201124__0074	/scrfs/storage/yikebe/home/research/AR_Crop_Identification/make_dataset/raw_sentinel/pm5/pm5__20201105_20201124__0074	2020-11-19	618138.00000000,3824472.00000000,618906.00000000,3825240.00000000
train	007141	lower__20201118_160835_95_2441_3B_AnalyticMS_SR_8b_clip	pm5__20201105_20201124__0082	/scrfs/storage/yikebe/home/research/AR_Crop_Identification/make_dataset/raw_sentinel/pm5/pm5__20201105_20201124__0082	2020-11-19	638442.00000000,3798738.00000000,639210.00000000,3799506.00000000
train	007157	lower__20201118_160835_95_2441_3B_AnalyticMS_SR_8b_clip	pm5__20201105_20201124__0082	/scrfs/storage/yikebe/home/research/AR_Crop_Identification/make_dataset/raw_sentinel/pm5/pm5__20201105_20201124__0082	2020-11-19	646122.00000000,3798738.00000000,646890.00000000,3799506.00000000
train	007173	lower__20201118_160835_95_2441_3B_AnalyticMS_SR_8b_clip	pm5__20201105_20201124__0082	/scrfs/storage/yikebe/home/research/AR_Crop_Identification/make_dataset/raw_sentinel/pm5/pm5__20201105_20201124__0082	2020-11-19	639978.00000000,3797970.00000000,640746.00000000,3798738.00000000
train	007189	lower__20201118_160835_95_2441_3B_AnalyticMS_SR_8b_clip	pm5__20201105_20201124__0082	/scrfs/storage/yikebe/home/research/AR_Crop_Identification/make_dataset/raw_sentinel/pm5/pm5__20201105_20201124__0082	2020-11-19	638442.00000000,3797202.00000000,639210.00000000,3797970.00000000
train	007205	lower__20201118_160835_95_2441_3B_AnalyticMS_SR_8b_clip	pm5__20201105_20201124__0082	/scrfs/storage/yikebe/home/research/AR_Crop_Identification/make_dataset/raw_sentinel/pm5/pm5__20201105_20201124__0082	2020-11-19	637674.00000000,3796434.00000000,638442.00000000,3797202.00000000
train	007221	lower__20201118_160835_95_2441_3B_AnalyticMS_SR_8b_clip	pm5__20201105_20201124__0082	/scrfs/storage/yikebe/home/research/AR_Crop_Identification/make_dataset/raw_sentinel/pm5/pm5__20201105_20201124__0082	2020-11-19	646890.00000000,3796434.00000000,647658.00000000,3797202.00000000
train	007237	lower__20201118_160835_95_2441_3B_AnalyticMS_SR_8b_clip	pm5__20201105_20201124__0082	/scrfs/storage/yikebe/home/research/AR_Crop_Identification/make_dataset/raw_sentinel/pm5/pm5__20201105_20201124__0082	2020-11-19	646890.00000000,3795666.00000000,647658.00000000,3796434.00000000
train	007253	lower__20201118_160835_95_2441_3B_AnalyticMS_SR_8b_clip	pm5__20201105_20201124__0082	/scrfs/storage/yikebe/home/research/AR_Crop_Identification/make_dataset/raw_sentinel/pm5/pm5__20201105_20201124__0082	2020-11-19	647658.00000000,3795666.00000000,648426.00000000,3796434.00000000
train	007269	lower__20201118_160835_95_2441_3B_AnalyticMS_SR_8b_clip	pm5__20201105_20201124__0082	/scrfs/storage/yikebe/home/research/AR_Crop_Identification/make_dataset/raw_sentinel/pm5/pm5__20201105_20201124__0082	2020-11-19	635370.00000000,3794898.00000000,636138.00000000,3795666.00000000
train	007285	lower__20201118_160835_95_2441_3B_AnalyticMS_SR_8b_clip	pm5__20201105_20201124__0082	/scrfs/storage/yikebe/home/research/AR_Crop_Identification/make_dataset/raw_sentinel/pm5/pm5__20201105_20201124__0082	2020-11-19	639210.00000000,3792594.00000000,639978.00000000,3793362.00000000
train	007301	lower__20201118_160835_95_2441_3B_AnalyticMS_SR_8b_clip	pm5__20201105_20201124__0082	/scrfs/storage/yikebe/home/research/AR_Crop_Identification/make_dataset/raw_sentinel/pm5/pm5__20201105_20201124__0082	2020-11-19	643050.00000000,3791826.00000000,643818.00000000,3792594.00000000
train	007317	lower__20201118_160835_95_2441_3B_AnalyticMS_SR_8b_clip	pm5__20201105_20201124__0082	/scrfs/storage/yikebe/home/research/AR_Crop_Identification/make_dataset/raw_sentinel/pm5/pm5__20201105_20201124__0082	2020-11-19	646890.00000000,3791826.00000000,647658.00000000,3792594.00000000
train	007333	lower__20201118_160835_95_2441_3B_AnalyticMS_SR_8b_clip	pm5__20201105_20201124__0082	/scrfs/storage/yikebe/home/research/AR_Crop_Identification/make_dataset/raw_sentinel/pm5/pm5__20201105_20201124__0082	2020-11-19	647658.00000000,3791826.00000000,648426.00000000,3792594.00000000
train	007349	lower__20201118_160835_95_2441_3B_AnalyticMS_SR_8b_clip	pm5__20201105_20201124__0082	/scrfs/storage/yikebe/home/research/AR_Crop_Identification/make_dataset/raw_sentinel/pm5/pm5__20201105_20201124__0082	2020-11-19	648426.00000000,3791826.00000000,649194.00000000,3792594.00000000
train	007365	lower__20201118_160835_95_2441_3B_AnalyticMS_SR_8b_clip	pm5__20201105_20201124__0082	/scrfs/storage/yikebe/home/research/AR_Crop_Identification/make_dataset/raw_sentinel/pm5/pm5__20201105_20201124__0082	2020-11-19	615402.00000000,3790290.00000000,616170.00000000,3791058.00000000
train	007381	lower__20201118_160835_95_2441_3B_AnalyticMS_SR_8b_clip	pm5__20201105_20201124__0082	/scrfs/storage/yikebe/home/research/AR_Crop_Identification/make_dataset/raw_sentinel/pm5/pm5__20201105_20201124__0082	2020-11-19	616938.00000000,3790290.00000000,617706.00000000,3791058.00000000
train	007397	lower__20201118_160835_95_2441_3B_AnalyticMS_SR_8b_clip	pm5__20201105_20201124__0082	/scrfs/storage/yikebe/home/research/AR_Crop_Identification/make_dataset/raw_sentinel/pm5/pm5__20201105_20201124__0082	2020-11-19	617706.00000000,3790290.00000000,618474.00000000,3791058.00000000
train	007413	lower__20201118_160835_95_2441_3B_AnalyticMS_SR_8b_clip	pm5__20201105_20201124__0082	/scrfs/storage/yikebe/home/research/AR_Crop_Identification/make_dataset/raw_sentinel/pm5/pm5__20201105_20201124__0082	2020-11-19	615402.00000000,3789522.00000000,616170.00000000,3790290.00000000
train	007429	lower__20201118_160835_95_2441_3B_AnalyticMS_SR_8b_clip	pm5__20201105_20201124__0082	/scrfs/storage/yikebe/home/research/AR_Crop_Identification/make_dataset/raw_sentinel/pm5/pm5__20201105_20201124__0082	2020-11-19	616170.00000000,3789522.00000000,616938.00000000,3790290.00000000
train	007445	lower__20201118_160835_95_2441_3B_AnalyticMS_SR_8b_clip	pm5__20201105_20201124__0082	/scrfs/storage/yikebe/home/research/AR_Crop_Identification/make_dataset/raw_sentinel/pm5/pm5__20201105_20201124__0082	2020-11-19	617706.00000000,3789522.00000000,618474.00000000,3790290.00000000
train	007461	lower__20201118_160835_95_2441_3B_AnalyticMS_SR_8b_clip	pm5__20201105_20201124__0082	/scrfs/storage/yikebe/home/research/AR_Crop_Identification/make_dataset/raw_sentinel/pm5/pm5__20201105_20201124__0082	2020-11-19	618474.00000000,3789522.00000000,619242.00000000,3790290.00000000
train	007477	lower__20201118_160835_95_2441_3B_AnalyticMS_SR_8b_clip	pm5__20201105_20201124__0082	/scrfs/storage/yikebe/home/research/AR_Crop_Identification/make_dataset/raw_sentinel/pm5/pm5__20201105_20201124__0082	2020-11-19	637674.00000000,3789522.00000000,638442.00000000,3790290.00000000
train	007493	lower__20201118_160835_95_2441_3B_AnalyticMS_SR_8b_clip	pm5__20201105_20201124__0082	/scrfs/storage/yikebe/home/research/AR_Crop_Identification/make_dataset/raw_sentinel/pm5/pm5__20201105_20201124__0082	2020-11-19	615402.00000000,3788754.00000000,616170.00000000,3789522.00000000
train	007509	lower__20201118_160835_95_2441_3B_AnalyticMS_SR_8b_clip	pm5__20201105_20201124__0082	/scrfs/storage/yikebe/home/research/AR_Crop_Identification/make_dataset/raw_sentinel/pm5/pm5__20201105_20201124__0082	2020-11-19	616170.00000000,3788754.00000000,616938.00000000,3789522.00000000
train	007525	lower__20201118_160835_95_2441_3B_AnalyticMS_SR_8b_clip	pm5__20201105_20201124__0082	/scrfs/storage/yikebe/home/research/AR_Crop_Identification/make_dataset/raw_sentinel/pm5/pm5__20201105_20201124__0082	2020-11-19	618474.00000000,3788754.00000000,619242.00000000,3789522.00000000
train	007541	lower__20201118_160835_95_2441_3B_AnalyticMS_SR_8b_clip	pm5__20201105_20201124__0082	/scrfs/storage/yikebe/home/research/AR_Crop_Identification/make_dataset/raw_sentinel/pm5/pm5__20201105_20201124__0082	2020-11-19	619242.00000000,3788754.00000000,620010.00000000,3789522.00000000
train	007557	lower__20201118_160835_95_2441_3B_AnalyticMS_SR_8b_clip	pm5__20201105_20201124__0082	/scrfs/storage/yikebe/home/research/AR_Crop_Identification/make_dataset/raw_sentinel/pm5/pm5__20201105_20201124__0082	2020-11-19	620010.00000000,3788754.00000000,620778.00000000,3789522.00000000
train	007573	lower__20201118_160835_95_2441_3B_AnalyticMS_SR_8b_clip	pm5__20201105_20201124__0082	/scrfs/storage/yikebe/home/research/AR_Crop_Identification/make_dataset/raw_sentinel/pm5/pm5__20201105_20201124__0082	2020-11-19	639210.00000000,3788754.00000000,639978.00000000,3789522.00000000
train	007589	lower__20201118_160835_95_2441_3B_AnalyticMS_SR_8b_clip	pm5__20201105_20201124__0082	/scrfs/storage/yikebe/home/research/AR_Crop_Identification/make_dataset/raw_sentinel/pm5/pm5__20201105_20201124__0082	2020-11-19	619242.00000000,3787986.00000000,620010.00000000,3788754.00000000
train	007605	lower__20201118_160835_95_2441_3B_AnalyticMS_SR_8b_clip	pm5__20201105_20201124__0082	/scrfs/storage/yikebe/home/research/AR_Crop_Identification/make_dataset/raw_sentinel/pm5/pm5__20201105_20201124__0082	2020-11-19	620010.00000000,3787986.00000000,620778.00000000,3788754.00000000
train	007621	lower__20201118_160835_95_2441_3B_AnalyticMS_SR_8b_clip	pm5__20201105_20201124__0082	/scrfs/storage/yikebe/home/research/AR_Crop_Identification/make_dataset/raw_sentinel/pm5/pm5__20201105_20201124__0082	2020-11-19	620778.00000000,3787218.00000000,621546.00000000,3787986.00000000
train	007637	lower__20201118_160835_95_2441_3B_AnalyticMS_SR_8b_clip	pm5__20201105_20201124__0082	/scrfs/storage/yikebe/home/research/AR_Crop_Identification/make_dataset/raw_sentinel/pm5/pm5__20201105_20201124__0082	2020-11-19	616938.00000000,3785682.00000000,617706.00000000,3786450.00000000
train	007653	lower__20201118_160835_95_2441_3B_AnalyticMS_SR_8b_clip	pm5__20201105_20201124__0082	/scrfs/storage/yikebe/home/research/AR_Crop_Identification/make_dataset/raw_sentinel/pm5/pm5__20201105_20201124__0082	2020-11-19	630762.00000000,3784914.00000000,631530.00000000,3785682.00000000
train	007669	lower__20201118_160835_95_2441_3B_AnalyticMS_SR_8b_clip	pm5__20201105_20201124__0082	/scrfs/storage/yikebe/home/research/AR_Crop_Identification/make_dataset/raw_sentinel/pm5/pm5__20201105_20201124__0082	2020-11-19	617706.00000000,3784146.00000000,618474.00000000,3784914.00000000
train	007685	lower__20201118_160835_95_2441_3B_AnalyticMS_SR_8b_clip	pm5__20201105_20201124__0082	/scrfs/storage/yikebe/home/research/AR_Crop_Identification/make_dataset/raw_sentinel/pm5/pm5__20201105_20201124__0082	2020-11-19	618474.00000000,3784146.00000000,619242.00000000,3784914.00000000
train	007701	lower__20201118_160835_95_2441_3B_AnalyticMS_SR_8b_clip	pm5__20201105_20201124__0082	/scrfs/storage/yikebe/home/research/AR_Crop_Identification/make_dataset/raw_sentinel/pm5/pm5__20201105_20201124__0082	2020-11-19	625386.00000000,3784146.00000000,626154.00000000,3784914.00000000
train	007717	lower__20201118_160835_95_2441_3B_AnalyticMS_SR_8b_clip	pm5__20201105_20201124__0082	/scrfs/storage/yikebe/home/research/AR_Crop_Identification/make_dataset/raw_sentinel/pm5/pm5__20201105_20201124__0082	2020-11-19	626154.00000000,3784146.00000000,626922.00000000,3784914.00000000
train	007733	lower__20201118_160835_95_2441_3B_AnalyticMS_SR_8b_clip	pm5__20201105_20201124__0082	/scrfs/storage/yikebe/home/research/AR_Crop_Identification/make_dataset/raw_sentinel/pm5/pm5__20201105_20201124__0082	2020-11-19	634602.00000000,3784146.00000000,635370.00000000,3784914.00000000
train	007749	lower__20201118_160835_95_2441_3B_AnalyticMS_SR_8b_clip	pm5__20201105_20201124__0082	/scrfs/storage/yikebe/home/research/AR_Crop_Identification/make_dataset/raw_sentinel/pm5/pm5__20201105_20201124__0082	2020-11-19	622314.00000000,3783378.00000000,623082.00000000,3784146.00000000
train	007765	lower__20201118_160835_95_2441_3B_AnalyticMS_SR_8b_clip	pm5__20201105_20201124__0082	/scrfs/storage/yikebe/home/research/AR_Crop_Identification/make_dataset/raw_sentinel/pm5/pm5__20201105_20201124__0082	2020-11-19	626154.00000000,3782610.00000000,626922.00000000,3783378.00000000
train	007781	lower__20201118_160835_95_2441_3B_AnalyticMS_SR_8b_clip	pm5__20201105_20201124__0082	/scrfs/storage/yikebe/home/research/AR_Crop_Identification/make_dataset/raw_sentinel/pm5/pm5__20201105_20201124__0082	2020-11-19	626922.00000000,3782610.00000000,627690.00000000,3783378.00000000
train	007797	lower__20201118_160835_95_2441_3B_AnalyticMS_SR_8b_clip	pm5__20201105_20201124__0082	/scrfs/storage/yikebe/home/research/AR_Crop_Identification/make_dataset/raw_sentinel/pm5/pm5__20201105_20201124__0082	2020-11-19	639210.00000000,3782610.00000000,639978.00000000,3783378.00000000
train	007813	lower__20201118_160835_95_2441_3B_AnalyticMS_SR_8b_clip	pm5__20201105_20201124__0082	/scrfs/storage/yikebe/home/research/AR_Crop_Identification/make_dataset/raw_sentinel/pm5/pm5__20201105_20201124__0082	2020-11-19	646890.00000000,3781074.00000000,647658.00000000,3781842.00000000
train	007829	lower__20201118_160835_95_2441_3B_AnalyticMS_SR_8b_clip	pm5__20201105_20201124__0082	/scrfs/storage/yikebe/home/research/AR_Crop_Identification/make_dataset/raw_sentinel/pm5/pm5__20201105_20201124__0082	2020-11-19	647658.00000000,3781074.00000000,648426.00000000,3781842.00000000
train	007845	lower__20201118_160835_95_2441_3B_AnalyticMS_SR_8b_clip	pm5__20201105_20201124__0082	/scrfs/storage/yikebe/home/research/AR_Crop_Identification/make_dataset/raw_sentinel/pm5/pm5__20201105_20201124__0082	2020-11-19	648426.00000000,3781074.00000000,649194.00000000,3781842.00000000
train	007861	lower__20201118_160835_95_2441_3B_AnalyticMS_SR_8b_clip	pm5__20201105_20201124__0082	/scrfs/storage/yikebe/home/research/AR_Crop_Identification/make_dataset/raw_sentinel/pm5/pm5__20201105_20201124__0082	2020-11-19	647658.00000000,3780306.00000000,648426.00000000,3781074.00000000
train	007877	lower__20201118_165006_66_240c_3B_AnalyticMS_SR_8b_clip	pm5__20201105_20201124__0133	/scrfs/storage/yikebe/home/research/AR_Crop_Identification/make_dataset/raw_sentinel/pm5/pm5__20201105_20201124__0133	2020-11-21	741531.00000000,3726240.00000000,742299.00000000,3727008.00000000
train	007893	lower__20201118_165006_66_240c_3B_AnalyticMS_SR_8b_clip	pm5__20201105_20201124__0133	/scrfs/storage/yikebe/home/research/AR_Crop_Identification/make_dataset/raw_sentinel/pm5/pm5__20201105_20201124__0133	2020-11-21	741531.00000000,3725472.00000000,742299.00000000,3726240.00000000
train	007909	lower__20201118_165006_66_240c_3B_AnalyticMS_SR_8b_clip	pm5__20201105_20201124__0133	/scrfs/storage/yikebe/home/research/AR_Crop_Identification/make_dataset/raw_sentinel/pm5/pm5__20201105_20201124__0133	2020-11-21	753819.00000000,3723936.00000000,754587.00000000,3724704.00000000
train	007925	lower__20201118_165006_66_240c_3B_AnalyticMS_SR_8b_clip	pm5__20201105_20201124__0133	/scrfs/storage/yikebe/home/research/AR_Crop_Identification/make_dataset/raw_sentinel/pm5/pm5__20201105_20201124__0133	2020-11-21	752283.00000000,3723168.00000000,753051.00000000,3723936.00000000
train	007941	lower__20201118_165006_66_240c_3B_AnalyticMS_SR_8b_clip	pm5__20201105_20201124__0133	/scrfs/storage/yikebe/home/research/AR_Crop_Identification/make_dataset/raw_sentinel/pm5/pm5__20201105_20201124__0133	2020-11-21	753051.00000000,3723168.00000000,753819.00000000,3723936.00000000
train	007957	lower__20201118_165006_66_240c_3B_AnalyticMS_SR_8b_clip	pm5__20201105_20201124__0133	/scrfs/storage/yikebe/home/research/AR_Crop_Identification/make_dataset/raw_sentinel/pm5/pm5__20201105_20201124__0133	2020-11-21	740763.00000000,3722400.00000000,741531.00000000,3723168.00000000
train	007973	lower__20201118_165006_66_240c_3B_AnalyticMS_SR_8b_clip	pm5__20201105_20201124__0133	/scrfs/storage/yikebe/home/research/AR_Crop_Identification/make_dataset/raw_sentinel/pm5/pm5__20201105_20201124__0133	2020-11-21	741531.00000000,3722400.00000000,742299.00000000,3723168.00000000
train	007989	lower__20201118_165006_66_240c_3B_AnalyticMS_SR_8b_clip	pm5__20201105_20201124__0133	/scrfs/storage/yikebe/home/research/AR_Crop_Identification/make_dataset/raw_sentinel/pm5/pm5__20201105_20201124__0133	2020-11-21	752283.00000000,3722400.00000000,753051.00000000,3723168.00000000
train	008005	lower__20201118_165006_66_240c_3B_AnalyticMS_SR_8b_clip	pm5__20201105_20201124__0133	/scrfs/storage/yikebe/home/research/AR_Crop_Identification/make_dataset/raw_sentinel/pm5/pm5__20201105_20201124__0133	2020-11-21	753051.00000000,3722400.00000000,753819.00000000,3723168.00000000
train	008021	lower__20201118_165006_66_240c_3B_AnalyticMS_SR_8b_clip	pm5__20201105_20201124__0133	/scrfs/storage/yikebe/home/research/AR_Crop_Identification/make_dataset/raw_sentinel/pm5/pm5__20201105_20201124__0133	2020-11-21	741531.00000000,3721632.00000000,742299.00000000,3722400.00000000
train	008037	lower__20201118_165006_66_240c_3B_AnalyticMS_SR_8b_clip	pm5__20201105_20201124__0133	/scrfs/storage/yikebe/home/research/AR_Crop_Identification/make_dataset/raw_sentinel/pm5/pm5__20201105_20201124__0133	2020-11-21	740763.00000000,3720864.00000000,741531.00000000,3721632.00000000
train	008053	lower__20201118_165006_66_240c_3B_AnalyticMS_SR_8b_clip	pm5__20201105_20201124__0133	/scrfs/storage/yikebe/home/research/AR_Crop_Identification/make_dataset/raw_sentinel/pm5/pm5__20201105_20201124__0133	2020-11-21	741531.00000000,3720864.00000000,742299.00000000,3721632.00000000
train	008069	lower__20201118_165006_66_240c_3B_AnalyticMS_SR_8b_clip	pm5__20201105_20201124__0133	/scrfs/storage/yikebe/home/research/AR_Crop_Identification/make_dataset/raw_sentinel/pm5/pm5__20201105_20201124__0133	2020-11-21	749979.00000000,3720864.00000000,750747.00000000,3721632.00000000
train	008085	lower__20201118_165006_66_240c_3B_AnalyticMS_SR_8b_clip	pm5__20201105_20201124__0133	/scrfs/storage/yikebe/home/research/AR_Crop_Identification/make_dataset/raw_sentinel/pm5/pm5__20201105_20201124__0133	2020-11-21	741531.00000000,3720096.00000000,742299.00000000,3720864.00000000
train	008101	lower__20201118_165006_66_240c_3B_AnalyticMS_SR_8b_clip	pm5__20201105_20201124__0133	/scrfs/storage/yikebe/home/research/AR_Crop_Identification/make_dataset/raw_sentinel/pm5/pm5__20201105_20201124__0133	2020-11-21	742299.00000000,3720096.00000000,743067.00000000,3720864.00000000
train	008117	lower__20201118_165006_66_240c_3B_AnalyticMS_SR_8b_clip	pm5__20201105_20201124__0133	/scrfs/storage/yikebe/home/research/AR_Crop_Identification/make_dataset/raw_sentinel/pm5/pm5__20201105_20201124__0133	2020-11-21	743835.00000000,3720096.00000000,744603.00000000,3720864.00000000
train	008133	lower__20201118_165006_66_240c_3B_AnalyticMS_SR_8b_clip	pm5__20201105_20201124__0133	/scrfs/storage/yikebe/home/research/AR_Crop_Identification/make_dataset/raw_sentinel/pm5/pm5__20201105_20201124__0133	2020-11-21	751515.00000000,3720096.00000000,752283.00000000,3720864.00000000
train	008149	lower__20201118_165006_66_240c_3B_AnalyticMS_SR_8b_clip	pm5__20201105_20201124__0133	/scrfs/storage/yikebe/home/research/AR_Crop_Identification/make_dataset/raw_sentinel/pm5/pm5__20201105_20201124__0133	2020-11-21	743835.00000000,3719328.00000000,744603.00000000,3720096.00000000
train	008165	lower__20201118_165006_66_240c_3B_AnalyticMS_SR_8b_clip	pm5__20201105_20201124__0133	/scrfs/storage/yikebe/home/research/AR_Crop_Identification/make_dataset/raw_sentinel/pm5/pm5__20201105_20201124__0133	2020-11-21	744603.00000000,3719328.00000000,745371.00000000,3720096.00000000
train	008181	lower__20201118_165006_66_240c_3B_AnalyticMS_SR_8b_clip	pm5__20201105_20201124__0133	/scrfs/storage/yikebe/home/research/AR_Crop_Identification/make_dataset/raw_sentinel/pm5/pm5__20201105_20201124__0133	2020-11-21	745371.00000000,3719328.00000000,746139.00000000,3720096.00000000
train	008197	lower__20201118_165006_66_240c_3B_AnalyticMS_SR_8b_clip	pm5__20201105_20201124__0133	/scrfs/storage/yikebe/home/research/AR_Crop_Identification/make_dataset/raw_sentinel/pm5/pm5__20201105_20201124__0133	2020-11-21	751515.00000000,3719328.00000000,752283.00000000,3720096.00000000
train	008213	lower__20201118_165006_66_240c_3B_AnalyticMS_SR_8b_clip	pm5__20201105_20201124__0133	/scrfs/storage/yikebe/home/research/AR_Crop_Identification/make_dataset/raw_sentinel/pm5/pm5__20201105_20201124__0133	2020-11-21	744603.00000000,3718560.00000000,745371.00000000,3719328.00000000
train	008229	lower__20201118_165006_66_240c_3B_AnalyticMS_SR_8b_clip	pm5__20201105_20201124__0133	/scrfs/storage/yikebe/home/research/AR_Crop_Identification/make_dataset/raw_sentinel/pm5/pm5__20201105_20201124__0133	2020-11-21	745371.00000000,3718560.00000000,746139.00000000,3719328.00000000
train	008245	lower__20201118_165006_66_240c_3B_AnalyticMS_SR_8b_clip	pm5__20201105_20201124__0133	/scrfs/storage/yikebe/home/research/AR_Crop_Identification/make_dataset/raw_sentinel/pm5/pm5__20201105_20201124__0133	2020-11-21	746139.00000000,3718560.00000000,746907.00000000,3719328.00000000
train	008261	lower__20201118_165006_66_240c_3B_AnalyticMS_SR_8b_clip	pm5__20201105_20201124__0133	/scrfs/storage/yikebe/home/research/AR_Crop_Identification/make_dataset/raw_sentinel/pm5/pm5__20201105_20201124__0133	2020-11-21	746139.00000000,3717792.00000000,746907.00000000,3718560.00000000
train	008277	lower__20201118_165006_66_240c_3B_AnalyticMS_SR_8b_clip	pm5__20201105_20201124__0133	/scrfs/storage/yikebe/home/research/AR_Crop_Identification/make_dataset/raw_sentinel/pm5/pm5__20201105_20201124__0133	2020-11-21	746907.00000000,3717792.00000000,747675.00000000,3718560.00000000
train	008293	lower__20201118_165006_66_240c_3B_AnalyticMS_SR_8b_clip	pm5__20201105_20201124__0133	/scrfs/storage/yikebe/home/research/AR_Crop_Identification/make_dataset/raw_sentinel/pm5/pm5__20201105_20201124__0133	2020-11-21	757659.00000000,3717792.00000000,758427.00000000,3718560.00000000
train	008309	lower__20201118_165006_66_240c_3B_AnalyticMS_SR_8b_clip	pm5__20201105_20201124__0133	/scrfs/storage/yikebe/home/research/AR_Crop_Identification/make_dataset/raw_sentinel/pm5/pm5__20201105_20201124__0133	2020-11-21	730011.00000000,3717024.00000000,730779.00000000,3717792.00000000
train	008325	lower__20201118_165006_66_240c_3B_AnalyticMS_SR_8b_clip	pm5__20201105_20201124__0133	/scrfs/storage/yikebe/home/research/AR_Crop_Identification/make_dataset/raw_sentinel/pm5/pm5__20201105_20201124__0133	2020-11-21	743835.00000000,3717024.00000000,744603.00000000,3717792.00000000
train	008341	lower__20201118_165006_66_240c_3B_AnalyticMS_SR_8b_clip	pm5__20201105_20201124__0133	/scrfs/storage/yikebe/home/research/AR_Crop_Identification/make_dataset/raw_sentinel/pm5/pm5__20201105_20201124__0133	2020-11-21	753819.00000000,3717024.00000000,754587.00000000,3717792.00000000
train	008357	lower__20201118_165006_66_240c_3B_AnalyticMS_SR_8b_clip	pm5__20201105_20201124__0133	/scrfs/storage/yikebe/home/research/AR_Crop_Identification/make_dataset/raw_sentinel/pm5/pm5__20201105_20201124__0133	2020-11-21	730011.00000000,3716256.00000000,730779.00000000,3717024.00000000
train	008373	lower__20201118_165006_66_240c_3B_AnalyticMS_SR_8b_clip	pm5__20201105_20201124__0133	/scrfs/storage/yikebe/home/research/AR_Crop_Identification/make_dataset/raw_sentinel/pm5/pm5__20201105_20201124__0133	2020-11-21	730779.00000000,3716256.00000000,731547.00000000,3717024.00000000
train	008389	lower__20201118_165006_66_240c_3B_AnalyticMS_SR_8b_clip	pm5__20201105_20201124__0133	/scrfs/storage/yikebe/home/research/AR_Crop_Identification/make_dataset/raw_sentinel/pm5/pm5__20201105_20201124__0133	2020-11-21	734619.00000000,3716256.00000000,735387.00000000,3717024.00000000
train	008405	lower__20201118_165006_66_240c_3B_AnalyticMS_SR_8b_clip	pm5__20201105_20201124__0133	/scrfs/storage/yikebe/home/research/AR_Crop_Identification/make_dataset/raw_sentinel/pm5/pm5__20201105_20201124__0133	2020-11-21	749211.00000000,3716256.00000000,749979.00000000,3717024.00000000
train	008421	lower__20201118_165006_66_240c_3B_AnalyticMS_SR_8b_clip	pm5__20201105_20201124__0133	/scrfs/storage/yikebe/home/research/AR_Crop_Identification/make_dataset/raw_sentinel/pm5/pm5__20201105_20201124__0133	2020-11-21	749979.00000000,3716256.00000000,750747.00000000,3717024.00000000
train	008437	lower__20201118_165006_66_240c_3B_AnalyticMS_SR_8b_clip	pm5__20201105_20201124__0133	/scrfs/storage/yikebe/home/research/AR_Crop_Identification/make_dataset/raw_sentinel/pm5/pm5__20201105_20201124__0133	2020-11-21	758427.00000000,3716256.00000000,759195.00000000,3717024.00000000
train	008453	lower__20201118_165006_66_240c_3B_AnalyticMS_SR_8b_clip	pm5__20201105_20201124__0133	/scrfs/storage/yikebe/home/research/AR_Crop_Identification/make_dataset/raw_sentinel/pm5/pm5__20201105_20201124__0133	2020-11-21	730779.00000000,3715488.00000000,731547.00000000,3716256.00000000
train	008469	lower__20201118_165006_66_240c_3B_AnalyticMS_SR_8b_clip	pm5__20201105_20201124__0133	/scrfs/storage/yikebe/home/research/AR_Crop_Identification/make_dataset/raw_sentinel/pm5/pm5__20201105_20201124__0133	2020-11-21	731547.00000000,3715488.00000000,732315.00000000,3716256.00000000
train	008485	lower__20201118_165006_66_240c_3B_AnalyticMS_SR_8b_clip	pm5__20201105_20201124__0133	/scrfs/storage/yikebe/home/research/AR_Crop_Identification/make_dataset/raw_sentinel/pm5/pm5__20201105_20201124__0133	2020-11-21	733083.00000000,3715488.00000000,733851.00000000,3716256.00000000
train	008501	lower__20201118_165006_66_240c_3B_AnalyticMS_SR_8b_clip	pm5__20201105_20201124__0133	/scrfs/storage/yikebe/home/research/AR_Crop_Identification/make_dataset/raw_sentinel/pm5/pm5__20201105_20201124__0133	2020-11-21	734619.00000000,3715488.00000000,735387.00000000,3716256.00000000
train	008517	lower__20201118_165006_66_240c_3B_AnalyticMS_SR_8b_clip	pm5__20201105_20201124__0133	/scrfs/storage/yikebe/home/research/AR_Crop_Identification/make_dataset/raw_sentinel/pm5/pm5__20201105_20201124__0133	2020-11-21	749211.00000000,3715488.00000000,749979.00000000,3716256.00000000
train	008533	lower__20201118_165006_66_240c_3B_AnalyticMS_SR_8b_clip	pm5__20201105_20201124__0133	/scrfs/storage/yikebe/home/research/AR_Crop_Identification/make_dataset/raw_sentinel/pm5/pm5__20201105_20201124__0133	2020-11-21	749979.00000000,3715488.00000000,750747.00000000,3716256.00000000
train	008549	lower__20201118_165006_66_240c_3B_AnalyticMS_SR_8b_clip	pm5__20201105_20201124__0133	/scrfs/storage/yikebe/home/research/AR_Crop_Identification/make_dataset/raw_sentinel/pm5/pm5__20201105_20201124__0133	2020-11-21	759195.00000000,3715488.00000000,759963.00000000,3716256.00000000
train	008565	lower__20201118_165006_66_240c_3B_AnalyticMS_SR_8b_clip	pm5__20201105_20201124__0133	/scrfs/storage/yikebe/home/research/AR_Crop_Identification/make_dataset/raw_sentinel/pm5/pm5__20201105_20201124__0133	2020-11-21	730779.00000000,3714720.00000000,731547.00000000,3715488.00000000
train	008581	lower__20201118_165006_66_240c_3B_AnalyticMS_SR_8b_clip	pm5__20201105_20201124__0133	/scrfs/storage/yikebe/home/research/AR_Crop_Identification/make_dataset/raw_sentinel/pm5/pm5__20201105_20201124__0133	2020-11-21	731547.00000000,3714720.00000000,732315.00000000,3715488.00000000
train	008597	lower__20201118_165006_66_240c_3B_AnalyticMS_SR_8b_clip	pm5__20201105_20201124__0133	/scrfs/storage/yikebe/home/research/AR_Crop_Identification/make_dataset/raw_sentinel/pm5/pm5__20201105_20201124__0133	2020-11-21	734619.00000000,3714720.00000000,735387.00000000,3715488.00000000
train	008613	lower__20201118_165006_66_240c_3B_AnalyticMS_SR_8b_clip	pm5__20201105_20201124__0133	/scrfs/storage/yikebe/home/research/AR_Crop_Identification/make_dataset/raw_sentinel/pm5/pm5__20201105_20201124__0133	2020-11-21	754587.00000000,3714720.00000000,755355.00000000,3715488.00000000
train	008629	lower__20201118_165006_66_240c_3B_AnalyticMS_SR_8b_clip	pm5__20201105_20201124__0133	/scrfs/storage/yikebe/home/research/AR_Crop_Identification/make_dataset/raw_sentinel/pm5/pm5__20201105_20201124__0133	2020-11-21	733083.00000000,3713952.00000000,733851.00000000,3714720.00000000
train	008645	lower__20201118_165006_66_240c_3B_AnalyticMS_SR_8b_clip	pm5__20201105_20201124__0133	/scrfs/storage/yikebe/home/research/AR_Crop_Identification/make_dataset/raw_sentinel/pm5/pm5__20201105_20201124__0133	2020-11-21	733851.00000000,3713184.00000000,734619.00000000,3713952.00000000
train	008661	lower__20201118_165006_66_240c_3B_AnalyticMS_SR_8b_clip	pm5__20201105_20201124__0133	/scrfs/storage/yikebe/home/research/AR_Crop_Identification/make_dataset/raw_sentinel/pm5/pm5__20201105_20201124__0133	2020-11-21	735387.00000000,3713184.00000000,736155.00000000,3713952.00000000
train	008677	lower__20201118_165006_66_240c_3B_AnalyticMS_SR_8b_clip	pm5__20201105_20201124__0133	/scrfs/storage/yikebe/home/research/AR_Crop_Identification/make_dataset/raw_sentinel/pm5/pm5__20201105_20201124__0133	2020-11-21	748443.00000000,3711648.00000000,749211.00000000,3712416.00000000
train	008693	lower__20201118_165006_66_240c_3B_AnalyticMS_SR_8b_clip	pm5__20201105_20201124__0133	/scrfs/storage/yikebe/home/research/AR_Crop_Identification/make_dataset/raw_sentinel/pm5/pm5__20201105_20201124__0133	2020-11-21	743835.00000000,3710880.00000000,744603.00000000,3711648.00000000
train	008709	lower__20201118_165006_66_240c_3B_AnalyticMS_SR_8b_clip	pm5__20201105_20201124__0133	/scrfs/storage/yikebe/home/research/AR_Crop_Identification/make_dataset/raw_sentinel/pm5/pm5__20201105_20201124__0133	2020-11-21	749979.00000000,3710880.00000000,750747.00000000,3711648.00000000
train	008725	lower__20201118_165006_66_240c_3B_AnalyticMS_SR_8b_clip	pm5__20201105_20201124__0133	/scrfs/storage/yikebe/home/research/AR_Crop_Identification/make_dataset/raw_sentinel/pm5/pm5__20201105_20201124__0133	2020-11-21	733851.00000000,3710112.00000000,734619.00000000,3710880.00000000
train	008741	lower__20201118_165006_66_240c_3B_AnalyticMS_SR_8b_clip	pm5__20201105_20201124__0133	/scrfs/storage/yikebe/home/research/AR_Crop_Identification/make_dataset/raw_sentinel/pm5/pm5__20201105_20201124__0133	2020-11-21	743835.00000000,3710112.00000000,744603.00000000,3710880.00000000
train	008757	lower__20201118_165006_66_240c_3B_AnalyticMS_SR_8b_clip	pm5__20201105_20201124__0133	/scrfs/storage/yikebe/home/research/AR_Crop_Identification/make_dataset/raw_sentinel/pm5/pm5__20201105_20201124__0133	2020-11-21	733851.00000000,3709344.00000000,734619.00000000,3710112.00000000
train	008773	lower__20201118_165006_66_240c_3B_AnalyticMS_SR_8b_clip	pm5__20201105_20201124__0133	/scrfs/storage/yikebe/home/research/AR_Crop_Identification/make_dataset/raw_sentinel/pm5/pm5__20201105_20201124__0133	2020-11-21	742299.00000000,3708576.00000000,743067.00000000,3709344.00000000
train	008789	lower__20201118_165006_66_240c_3B_AnalyticMS_SR_8b_clip	pm5__20201105_20201124__0133	/scrfs/storage/yikebe/home/research/AR_Crop_Identification/make_dataset/raw_sentinel/pm5/pm5__20201105_20201124__0133	2020-11-21	761499.00000000,3708576.00000000,762267.00000000,3709344.00000000
train	008805	lower__20201118_165006_66_240c_3B_AnalyticMS_SR_8b_clip	pm5__20201105_20201124__0133	/scrfs/storage/yikebe/home/research/AR_Crop_Identification/make_dataset/raw_sentinel/pm5/pm5__20201105_20201124__0133	2020-11-21	731547.00000000,3707808.00000000,732315.00000000,3708576.00000000
train	008821	lower__20201118_165006_66_240c_3B_AnalyticMS_SR_8b_clip	pm5__20201105_20201124__0133	/scrfs/storage/yikebe/home/research/AR_Crop_Identification/make_dataset/raw_sentinel/pm5/pm5__20201105_20201124__0133	2020-11-21	742299.00000000,3707808.00000000,743067.00000000,3708576.00000000
train	008837	lower__20201118_165006_66_240c_3B_AnalyticMS_SR_8b_clip	pm5__20201105_20201124__0133	/scrfs/storage/yikebe/home/research/AR_Crop_Identification/make_dataset/raw_sentinel/pm5/pm5__20201105_20201124__0133	2020-11-21	748443.00000000,3707808.00000000,749211.00000000,3708576.00000000
train	008853	lower__20201118_165006_66_240c_3B_AnalyticMS_SR_8b_clip	pm5__20201105_20201124__0133	/scrfs/storage/yikebe/home/research/AR_Crop_Identification/make_dataset/raw_sentinel/pm5/pm5__20201105_20201124__0133	2020-11-21	748443.00000000,3707040.00000000,749211.00000000,3707808.00000000
train	008869	lower__20201118_165006_66_240c_3B_AnalyticMS_SR_8b_clip	pm5__20201105_20201124__0133	/scrfs/storage/yikebe/home/research/AR_Crop_Identification/make_dataset/raw_sentinel/pm5/pm5__20201105_20201124__0133	2020-11-21	741531.00000000,3706272.00000000,742299.00000000,3707040.00000000
train	008885	lower__20201118_165006_66_240c_3B_AnalyticMS_SR_8b_clip	pm5__20201105_20201124__0133	/scrfs/storage/yikebe/home/research/AR_Crop_Identification/make_dataset/raw_sentinel/pm5/pm5__20201105_20201124__0133	2020-11-21	742299.00000000,3706272.00000000,743067.00000000,3707040.00000000
train	008901	lower__20201118_165006_66_240c_3B_AnalyticMS_SR_8b_clip	pm5__20201105_20201124__0133	/scrfs/storage/yikebe/home/research/AR_Crop_Identification/make_dataset/raw_sentinel/pm5/pm5__20201105_20201124__0133	2020-11-21	742299.00000000,3705504.00000000,743067.00000000,3706272.00000000
train	008917	lower__20201118_165006_66_240c_3B_AnalyticMS_SR_8b_clip	pm5__20201105_20201124__0133	/scrfs/storage/yikebe/home/research/AR_Crop_Identification/make_dataset/raw_sentinel/pm5/pm5__20201105_20201124__0133	2020-11-21	755355.00000000,3704736.00000000,756123.00000000,3705504.00000000
train	008933	lower__20201118_165059_29_2401_3B_AnalyticMS_SR_8b_clip	pm5__20201105_20201124__0099	/scrfs/storage/yikebe/home/research/AR_Crop_Identification/make_dataset/raw_sentinel/pm5/pm5__20201105_20201124__0099	2020-11-21	665484.00000000,3654879.00000000,666252.00000000,3655647.00000000
train	008949	lower__20201118_165059_29_2401_3B_AnalyticMS_SR_8b_clip	pm5__20201105_20201124__0099	/scrfs/storage/yikebe/home/research/AR_Crop_Identification/make_dataset/raw_sentinel/pm5/pm5__20201105_20201124__0099	2020-11-21	666252.00000000,3654879.00000000,667020.00000000,3655647.00000000
train	008965	lower__20201118_165059_29_2401_3B_AnalyticMS_SR_8b_clip	pm5__20201105_20201124__0099	/scrfs/storage/yikebe/home/research/AR_Crop_Identification/make_dataset/raw_sentinel/pm5/pm5__20201105_20201124__0099	2020-11-21	665484.00000000,3654111.00000000,666252.00000000,3654879.00000000
train	008981	lower__20201118_165059_29_2401_3B_AnalyticMS_SR_8b_clip	pm5__20201105_20201124__0099	/scrfs/storage/yikebe/home/research/AR_Crop_Identification/make_dataset/raw_sentinel/pm5/pm5__20201105_20201124__0099	2020-11-21	664716.00000000,3653343.00000000,665484.00000000,3654111.00000000
train	008997	lower__20201119_165119_41_240f_3B_AnalyticMS_SR_8b_clip	pm5__20201105_20201124__0114	/scrfs/storage/yikebe/home/research/AR_Crop_Identification/make_dataset/raw_sentinel/pm5/pm5__20201105_20201124__0114	2020-11-21	715776.00000000,3706365.00000000,716544.00000000,3707133.00000000
train	009013	lower__20201119_165119_41_240f_3B_AnalyticMS_SR_8b_clip	pm5__20201105_20201124__0114	/scrfs/storage/yikebe/home/research/AR_Crop_Identification/make_dataset/raw_sentinel/pm5/pm5__20201105_20201124__0114	2020-11-21	703488.00000000,3705597.00000000,704256.00000000,3706365.00000000
train	009029	lower__20201119_165119_41_240f_3B_AnalyticMS_SR_8b_clip	pm5__20201105_20201124__0114	/scrfs/storage/yikebe/home/research/AR_Crop_Identification/make_dataset/raw_sentinel/pm5/pm5__20201105_20201124__0114	2020-11-21	721152.00000000,3705597.00000000,721920.00000000,3706365.00000000
train	009045	lower__20201119_165119_41_240f_3B_AnalyticMS_SR_8b_clip	pm5__20201105_20201124__0114	/scrfs/storage/yikebe/home/research/AR_Crop_Identification/make_dataset/raw_sentinel/pm5/pm5__20201105_20201124__0114	2020-11-21	721920.00000000,3705597.00000000,722688.00000000,3706365.00000000
train	009061	lower__20201119_165119_41_240f_3B_AnalyticMS_SR_8b_clip	pm5__20201105_20201124__0114	/scrfs/storage/yikebe/home/research/AR_Crop_Identification/make_dataset/raw_sentinel/pm5/pm5__20201105_20201124__0114	2020-11-21	700416.00000000,3704829.00000000,701184.00000000,3705597.00000000
train	009077	lower__20201119_165119_41_240f_3B_AnalyticMS_SR_8b_clip	pm5__20201105_20201124__0114	/scrfs/storage/yikebe/home/research/AR_Crop_Identification/make_dataset/raw_sentinel/pm5/pm5__20201105_20201124__0114	2020-11-21	701184.00000000,3704829.00000000,701952.00000000,3705597.00000000
train	009093	lower__20201119_165119_41_240f_3B_AnalyticMS_SR_8b_clip	pm5__20201105_20201124__0114	/scrfs/storage/yikebe/home/research/AR_Crop_Identification/make_dataset/raw_sentinel/pm5/pm5__20201105_20201124__0114	2020-11-21	700416.00000000,3704061.00000000,701184.00000000,3704829.00000000
train	009109	lower__20201119_165119_41_240f_3B_AnalyticMS_SR_8b_clip	pm5__20201105_20201124__0114	/scrfs/storage/yikebe/home/research/AR_Crop_Identification/make_dataset/raw_sentinel/pm5/pm5__20201105_20201124__0114	2020-11-21	701184.00000000,3704061.00000000,701952.00000000,3704829.00000000
train	009125	lower__20201119_165119_41_240f_3B_AnalyticMS_SR_8b_clip	pm5__20201105_20201124__0114	/scrfs/storage/yikebe/home/research/AR_Crop_Identification/make_dataset/raw_sentinel/pm5/pm5__20201105_20201124__0114	2020-11-21	711936.00000000,3704061.00000000,712704.00000000,3704829.00000000
train	009141	lower__20201119_165119_41_240f_3B_AnalyticMS_SR_8b_clip	pm5__20201105_20201124__0114	/scrfs/storage/yikebe/home/research/AR_Crop_Identification/make_dataset/raw_sentinel/pm5/pm5__20201105_20201124__0114	2020-11-21	712704.00000000,3704061.00000000,713472.00000000,3704829.00000000
train	009157	lower__20201119_165119_41_240f_3B_AnalyticMS_SR_8b_clip	pm5__20201105_20201124__0114	/scrfs/storage/yikebe/home/research/AR_Crop_Identification/make_dataset/raw_sentinel/pm5/pm5__20201105_20201124__0114	2020-11-21	696576.00000000,3703293.00000000,697344.00000000,3704061.00000000
train	009173	lower__20201119_165119_41_240f_3B_AnalyticMS_SR_8b_clip	pm5__20201105_20201124__0114	/scrfs/storage/yikebe/home/research/AR_Crop_Identification/make_dataset/raw_sentinel/pm5/pm5__20201105_20201124__0114	2020-11-21	700416.00000000,3703293.00000000,701184.00000000,3704061.00000000
train	009189	lower__20201119_165119_41_240f_3B_AnalyticMS_SR_8b_clip	pm5__20201105_20201124__0114	/scrfs/storage/yikebe/home/research/AR_Crop_Identification/make_dataset/raw_sentinel/pm5/pm5__20201105_20201124__0114	2020-11-21	707328.00000000,3703293.00000000,708096.00000000,3704061.00000000
train	009205	lower__20201119_165119_41_240f_3B_AnalyticMS_SR_8b_clip	pm5__20201105_20201124__0114	/scrfs/storage/yikebe/home/research/AR_Crop_Identification/make_dataset/raw_sentinel/pm5/pm5__20201105_20201124__0114	2020-11-21	690432.00000000,3702525.00000000,691200.00000000,3703293.00000000
train	009221	lower__20201119_165119_41_240f_3B_AnalyticMS_SR_8b_clip	pm5__20201105_20201124__0114	/scrfs/storage/yikebe/home/research/AR_Crop_Identification/make_dataset/raw_sentinel/pm5/pm5__20201105_20201124__0114	2020-11-21	701184.00000000,3702525.00000000,701952.00000000,3703293.00000000
train	009237	lower__20201119_165119_41_240f_3B_AnalyticMS_SR_8b_clip	pm5__20201105_20201124__0114	/scrfs/storage/yikebe/home/research/AR_Crop_Identification/make_dataset/raw_sentinel/pm5/pm5__20201105_20201124__0114	2020-11-21	706560.00000000,3702525.00000000,707328.00000000,3703293.00000000
train	009253	lower__20201119_165119_41_240f_3B_AnalyticMS_SR_8b_clip	pm5__20201105_20201124__0114	/scrfs/storage/yikebe/home/research/AR_Crop_Identification/make_dataset/raw_sentinel/pm5/pm5__20201105_20201124__0114	2020-11-21	691968.00000000,3698685.00000000,692736.00000000,3699453.00000000
train	009269	lower__20201119_165119_41_240f_3B_AnalyticMS_SR_8b_clip	pm5__20201105_20201124__0114	/scrfs/storage/yikebe/home/research/AR_Crop_Identification/make_dataset/raw_sentinel/pm5/pm5__20201105_20201124__0114	2020-11-21	698112.00000000,3698685.00000000,698880.00000000,3699453.00000000
train	009285	lower__20201119_165119_41_240f_3B_AnalyticMS_SR_8b_clip	pm5__20201105_20201124__0114	/scrfs/storage/yikebe/home/research/AR_Crop_Identification/make_dataset/raw_sentinel/pm5/pm5__20201105_20201124__0114	2020-11-21	719616.00000000,3697917.00000000,720384.00000000,3698685.00000000
train	009301	lower__20201119_165119_41_240f_3B_AnalyticMS_SR_8b_clip	pm5__20201105_20201124__0114	/scrfs/storage/yikebe/home/research/AR_Crop_Identification/make_dataset/raw_sentinel/pm5/pm5__20201105_20201124__0114	2020-11-21	693504.00000000,3696381.00000000,694272.00000000,3697149.00000000
train	009317	lower__20201119_165119_41_240f_3B_AnalyticMS_SR_8b_clip	pm5__20201105_20201124__0114	/scrfs/storage/yikebe/home/research/AR_Crop_Identification/make_dataset/raw_sentinel/pm5/pm5__20201105_20201124__0114	2020-11-21	697344.00000000,3696381.00000000,698112.00000000,3697149.00000000
train	009333	lower__20201119_165119_41_240f_3B_AnalyticMS_SR_8b_clip	pm5__20201105_20201124__0114	/scrfs/storage/yikebe/home/research/AR_Crop_Identification/make_dataset/raw_sentinel/pm5/pm5__20201105_20201124__0114	2020-11-21	697344.00000000,3695613.00000000,698112.00000000,3696381.00000000
train	009349	lower__20201119_165119_41_240f_3B_AnalyticMS_SR_8b_clip	pm5__20201105_20201124__0114	/scrfs/storage/yikebe/home/research/AR_Crop_Identification/make_dataset/raw_sentinel/pm5/pm5__20201105_20201124__0114	2020-11-21	715776.00000000,3695613.00000000,716544.00000000,3696381.00000000
train	009365	lower__20201119_165119_41_240f_3B_AnalyticMS_SR_8b_clip	pm5__20201105_20201124__0114	/scrfs/storage/yikebe/home/research/AR_Crop_Identification/make_dataset/raw_sentinel/pm5/pm5__20201105_20201124__0114	2020-11-21	696576.00000000,3694845.00000000,697344.00000000,3695613.00000000
train	009381	lower__20201119_165119_41_240f_3B_AnalyticMS_SR_8b_clip	pm5__20201105_20201124__0114	/scrfs/storage/yikebe/home/research/AR_Crop_Identification/make_dataset/raw_sentinel/pm5/pm5__20201105_20201124__0114	2020-11-21	697344.00000000,3694845.00000000,698112.00000000,3695613.00000000
train	009397	lower__20201119_165119_41_240f_3B_AnalyticMS_SR_8b_clip	pm5__20201105_20201124__0114	/scrfs/storage/yikebe/home/research/AR_Crop_Identification/make_dataset/raw_sentinel/pm5/pm5__20201105_20201124__0114	2020-11-21	700416.00000000,3694845.00000000,701184.00000000,3695613.00000000
train	009413	lower__20201119_165119_41_240f_3B_AnalyticMS_SR_8b_clip	pm5__20201105_20201124__0114	/scrfs/storage/yikebe/home/research/AR_Crop_Identification/make_dataset/raw_sentinel/pm5/pm5__20201105_20201124__0114	2020-11-21	703488.00000000,3694845.00000000,704256.00000000,3695613.00000000
train	009429	lower__20201119_165119_41_240f_3B_AnalyticMS_SR_8b_clip	pm5__20201105_20201124__0114	/scrfs/storage/yikebe/home/research/AR_Crop_Identification/make_dataset/raw_sentinel/pm5/pm5__20201105_20201124__0114	2020-11-21	708096.00000000,3694845.00000000,708864.00000000,3695613.00000000
train	009445	lower__20201119_165119_41_240f_3B_AnalyticMS_SR_8b_clip	pm5__20201105_20201124__0114	/scrfs/storage/yikebe/home/research/AR_Crop_Identification/make_dataset/raw_sentinel/pm5/pm5__20201105_20201124__0114	2020-11-21	696576.00000000,3694077.00000000,697344.00000000,3694845.00000000
train	009461	lower__20201119_165119_41_240f_3B_AnalyticMS_SR_8b_clip	pm5__20201105_20201124__0114	/scrfs/storage/yikebe/home/research/AR_Crop_Identification/make_dataset/raw_sentinel/pm5/pm5__20201105_20201124__0114	2020-11-21	697344.00000000,3694077.00000000,698112.00000000,3694845.00000000
train	009477	lower__20201119_165119_41_240f_3B_AnalyticMS_SR_8b_clip	pm5__20201105_20201124__0114	/scrfs/storage/yikebe/home/research/AR_Crop_Identification/make_dataset/raw_sentinel/pm5/pm5__20201105_20201124__0114	2020-11-21	700416.00000000,3694077.00000000,701184.00000000,3694845.00000000
train	009493	lower__20201119_165119_41_240f_3B_AnalyticMS_SR_8b_clip	pm5__20201105_20201124__0114	/scrfs/storage/yikebe/home/research/AR_Crop_Identification/make_dataset/raw_sentinel/pm5/pm5__20201105_20201124__0114	2020-11-21	696576.00000000,3693309.00000000,697344.00000000,3694077.00000000
train	009509	lower__20201119_165119_41_240f_3B_AnalyticMS_SR_8b_clip	pm5__20201105_20201124__0114	/scrfs/storage/yikebe/home/research/AR_Crop_Identification/make_dataset/raw_sentinel/pm5/pm5__20201105_20201124__0114	2020-11-21	697344.00000000,3693309.00000000,698112.00000000,3694077.00000000
train	009525	lower__20201119_165119_41_240f_3B_AnalyticMS_SR_8b_clip	pm5__20201105_20201124__0114	/scrfs/storage/yikebe/home/research/AR_Crop_Identification/make_dataset/raw_sentinel/pm5/pm5__20201105_20201124__0114	2020-11-21	700416.00000000,3693309.00000000,701184.00000000,3694077.00000000
train	009541	lower__20201119_165119_41_240f_3B_AnalyticMS_SR_8b_clip	pm5__20201105_20201124__0114	/scrfs/storage/yikebe/home/research/AR_Crop_Identification/make_dataset/raw_sentinel/pm5/pm5__20201105_20201124__0114	2020-11-21	703488.00000000,3693309.00000000,704256.00000000,3694077.00000000
train	009557	lower__20201119_165119_41_240f_3B_AnalyticMS_SR_8b_clip	pm5__20201105_20201124__0114	/scrfs/storage/yikebe/home/research/AR_Crop_Identification/make_dataset/raw_sentinel/pm5/pm5__20201105_20201124__0114	2020-11-21	709632.00000000,3693309.00000000,710400.00000000,3694077.00000000
train	009573	lower__20201119_165119_41_240f_3B_AnalyticMS_SR_8b_clip	pm5__20201105_20201124__0114	/scrfs/storage/yikebe/home/research/AR_Crop_Identification/make_dataset/raw_sentinel/pm5/pm5__20201105_20201124__0114	2020-11-21	714240.00000000,3693309.00000000,715008.00000000,3694077.00000000
train	009589	lower__20201119_165119_41_240f_3B_AnalyticMS_SR_8b_clip	pm5__20201105_20201124__0114	/scrfs/storage/yikebe/home/research/AR_Crop_Identification/make_dataset/raw_sentinel/pm5/pm5__20201105_20201124__0114	2020-11-21	695808.00000000,3692541.00000000,696576.00000000,3693309.00000000
train	009605	lower__20201119_165119_41_240f_3B_AnalyticMS_SR_8b_clip	pm5__20201105_20201124__0114	/scrfs/storage/yikebe/home/research/AR_Crop_Identification/make_dataset/raw_sentinel/pm5/pm5__20201105_20201124__0114	2020-11-21	696576.00000000,3692541.00000000,697344.00000000,3693309.00000000
train	009621	lower__20201119_165119_41_240f_3B_AnalyticMS_SR_8b_clip	pm5__20201105_20201124__0114	/scrfs/storage/yikebe/home/research/AR_Crop_Identification/make_dataset/raw_sentinel/pm5/pm5__20201105_20201124__0114	2020-11-21	700416.00000000,3692541.00000000,701184.00000000,3693309.00000000
train	009637	lower__20201119_165119_41_240f_3B_AnalyticMS_SR_8b_clip	pm5__20201105_20201124__0114	/scrfs/storage/yikebe/home/research/AR_Crop_Identification/make_dataset/raw_sentinel/pm5/pm5__20201105_20201124__0114	2020-11-21	696576.00000000,3691773.00000000,697344.00000000,3692541.00000000
train	009653	lower__20201119_165119_41_240f_3B_AnalyticMS_SR_8b_clip	pm5__20201105_20201124__0114	/scrfs/storage/yikebe/home/research/AR_Crop_Identification/make_dataset/raw_sentinel/pm5/pm5__20201105_20201124__0114	2020-11-21	700416.00000000,3691773.00000000,701184.00000000,3692541.00000000
train	009669	lower__20201119_165119_41_240f_3B_AnalyticMS_SR_8b_clip	pm5__20201105_20201124__0114	/scrfs/storage/yikebe/home/research/AR_Crop_Identification/make_dataset/raw_sentinel/pm5/pm5__20201105_20201124__0114	2020-11-21	705792.00000000,3691773.00000000,706560.00000000,3692541.00000000
train	009685	lower__20201119_165119_41_240f_3B_AnalyticMS_SR_8b_clip	pm5__20201105_20201124__0114	/scrfs/storage/yikebe/home/research/AR_Crop_Identification/make_dataset/raw_sentinel/pm5/pm5__20201105_20201124__0114	2020-11-21	708096.00000000,3691773.00000000,708864.00000000,3692541.00000000
train	009701	lower__20201119_165119_41_240f_3B_AnalyticMS_SR_8b_clip	pm5__20201105_20201124__0114	/scrfs/storage/yikebe/home/research/AR_Crop_Identification/make_dataset/raw_sentinel/pm5/pm5__20201105_20201124__0114	2020-11-21	708864.00000000,3691773.00000000,709632.00000000,3692541.00000000
train	009717	lower__20201119_165119_41_240f_3B_AnalyticMS_SR_8b_clip	pm5__20201105_20201124__0114	/scrfs/storage/yikebe/home/research/AR_Crop_Identification/make_dataset/raw_sentinel/pm5/pm5__20201105_20201124__0114	2020-11-21	709632.00000000,3691773.00000000,710400.00000000,3692541.00000000
train	009733	lower__20201119_165119_41_240f_3B_AnalyticMS_SR_8b_clip	pm5__20201105_20201124__0114	/scrfs/storage/yikebe/home/research/AR_Crop_Identification/make_dataset/raw_sentinel/pm5/pm5__20201105_20201124__0114	2020-11-21	710400.00000000,3691773.00000000,711168.00000000,3692541.00000000
train	009749	lower__20201119_165119_41_240f_3B_AnalyticMS_SR_8b_clip	pm5__20201105_20201124__0114	/scrfs/storage/yikebe/home/research/AR_Crop_Identification/make_dataset/raw_sentinel/pm5/pm5__20201105_20201124__0114	2020-11-21	696576.00000000,3691005.00000000,697344.00000000,3691773.00000000
train	009765	lower__20201119_165119_41_240f_3B_AnalyticMS_SR_8b_clip	pm5__20201105_20201124__0114	/scrfs/storage/yikebe/home/research/AR_Crop_Identification/make_dataset/raw_sentinel/pm5/pm5__20201105_20201124__0114	2020-11-21	705792.00000000,3691005.00000000,706560.00000000,3691773.00000000
train	009781	lower__20201119_165119_41_240f_3B_AnalyticMS_SR_8b_clip	pm5__20201105_20201124__0114	/scrfs/storage/yikebe/home/research/AR_Crop_Identification/make_dataset/raw_sentinel/pm5/pm5__20201105_20201124__0114	2020-11-21	701184.00000000,3690237.00000000,701952.00000000,3691005.00000000
train	009797	lower__20201119_165119_41_240f_3B_AnalyticMS_SR_8b_clip	pm5__20201105_20201124__0114	/scrfs/storage/yikebe/home/research/AR_Crop_Identification/make_dataset/raw_sentinel/pm5/pm5__20201105_20201124__0114	2020-11-21	701952.00000000,3690237.00000000,702720.00000000,3691005.00000000
train	009813	lower__20201119_165119_41_240f_3B_AnalyticMS_SR_8b_clip	pm5__20201105_20201124__0114	/scrfs/storage/yikebe/home/research/AR_Crop_Identification/make_dataset/raw_sentinel/pm5/pm5__20201105_20201124__0114	2020-11-21	702720.00000000,3690237.00000000,703488.00000000,3691005.00000000
train	009829	lower__20201119_165119_41_240f_3B_AnalyticMS_SR_8b_clip	pm5__20201105_20201124__0114	/scrfs/storage/yikebe/home/research/AR_Crop_Identification/make_dataset/raw_sentinel/pm5/pm5__20201105_20201124__0114	2020-11-21	705792.00000000,3690237.00000000,706560.00000000,3691005.00000000
train	009845	lower__20201119_165119_41_240f_3B_AnalyticMS_SR_8b_clip	pm5__20201105_20201124__0114	/scrfs/storage/yikebe/home/research/AR_Crop_Identification/make_dataset/raw_sentinel/pm5/pm5__20201105_20201124__0114	2020-11-21	708096.00000000,3690237.00000000,708864.00000000,3691005.00000000
train	009861	lower__20201119_165119_41_240f_3B_AnalyticMS_SR_8b_clip	pm5__20201105_20201124__0114	/scrfs/storage/yikebe/home/research/AR_Crop_Identification/make_dataset/raw_sentinel/pm5/pm5__20201105_20201124__0114	2020-11-21	705792.00000000,3689469.00000000,706560.00000000,3690237.00000000
train	009877	lower__20201119_165119_41_240f_3B_AnalyticMS_SR_8b_clip	pm5__20201105_20201124__0114	/scrfs/storage/yikebe/home/research/AR_Crop_Identification/make_dataset/raw_sentinel/pm5/pm5__20201105_20201124__0114	2020-11-21	708096.00000000,3689469.00000000,708864.00000000,3690237.00000000
train	009893	lower__20201119_165119_41_240f_3B_AnalyticMS_SR_8b_clip	pm5__20201105_20201124__0114	/scrfs/storage/yikebe/home/research/AR_Crop_Identification/make_dataset/raw_sentinel/pm5/pm5__20201105_20201124__0114	2020-11-21	708864.00000000,3688701.00000000,709632.00000000,3689469.00000000
train	009909	lower__20201119_165119_41_240f_3B_AnalyticMS_SR_8b_clip	pm5__20201105_20201124__0114	/scrfs/storage/yikebe/home/research/AR_Crop_Identification/make_dataset/raw_sentinel/pm5/pm5__20201105_20201124__0114	2020-11-21	720384.00000000,3688701.00000000,721152.00000000,3689469.00000000
train	009925	lower__20201119_165445_65_2416_3B_AnalyticMS_SR_8b_clip	pm5__20201105_20201124__0082	/scrfs/storage/yikebe/home/research/AR_Crop_Identification/make_dataset/raw_sentinel/pm5/pm5__20201105_20201124__0082	2020-11-19	620028.00000000,3830367.00000000,620796.00000000,3831135.00000000
train	009941	lower__20201119_165445_65_2416_3B_AnalyticMS_SR_8b_clip	pm5__20201105_20201124__0082	/scrfs/storage/yikebe/home/research/AR_Crop_Identification/make_dataset/raw_sentinel/pm5/pm5__20201105_20201124__0082	2020-11-19	626172.00000000,3829599.00000000,626940.00000000,3830367.00000000
train	009957	lower__20201119_165445_65_2416_3B_AnalyticMS_SR_8b_clip	pm5__20201105_20201124__0082	/scrfs/storage/yikebe/home/research/AR_Crop_Identification/make_dataset/raw_sentinel/pm5/pm5__20201105_20201124__0082	2020-11-19	629244.00000000,3828831.00000000,630012.00000000,3829599.00000000
train	009973	lower__20201119_165445_65_2416_3B_AnalyticMS_SR_8b_clip	pm5__20201105_20201124__0082	/scrfs/storage/yikebe/home/research/AR_Crop_Identification/make_dataset/raw_sentinel/pm5/pm5__20201105_20201124__0082	2020-11-19	630012.00000000,3828831.00000000,630780.00000000,3829599.00000000
train	009989	lower__20201119_165445_65_2416_3B_AnalyticMS_SR_8b_clip	pm5__20201105_20201124__0082	/scrfs/storage/yikebe/home/research/AR_Crop_Identification/make_dataset/raw_sentinel/pm5/pm5__20201105_20201124__0082	2020-11-19	623868.00000000,3828063.00000000,624636.00000000,3828831.00000000
train	010005	lower__20201119_165445_65_2416_3B_AnalyticMS_SR_8b_clip	pm5__20201105_20201124__0082	/scrfs/storage/yikebe/home/research/AR_Crop_Identification/make_dataset/raw_sentinel/pm5/pm5__20201105_20201124__0082	2020-11-19	629244.00000000,3828063.00000000,630012.00000000,3828831.00000000
train	010021	lower__20201119_165445_65_2416_3B_AnalyticMS_SR_8b_clip	pm5__20201105_20201124__0082	/scrfs/storage/yikebe/home/research/AR_Crop_Identification/make_dataset/raw_sentinel/pm5/pm5__20201105_20201124__0082	2020-11-19	632316.00000000,3828063.00000000,633084.00000000,3828831.00000000
train	010037	lower__20201119_165445_65_2416_3B_AnalyticMS_SR_8b_clip	pm5__20201105_20201124__0082	/scrfs/storage/yikebe/home/research/AR_Crop_Identification/make_dataset/raw_sentinel/pm5/pm5__20201105_20201124__0082	2020-11-19	632316.00000000,3827295.00000000,633084.00000000,3828063.00000000
train	010053	lower__20201119_165445_65_2416_3B_AnalyticMS_SR_8b_clip	pm5__20201105_20201124__0082	/scrfs/storage/yikebe/home/research/AR_Crop_Identification/make_dataset/raw_sentinel/pm5/pm5__20201105_20201124__0082	2020-11-19	631548.00000000,3826527.00000000,632316.00000000,3827295.00000000
train	010069	lower__20201119_165445_65_2416_3B_AnalyticMS_SR_8b_clip	pm5__20201105_20201124__0082	/scrfs/storage/yikebe/home/research/AR_Crop_Identification/make_dataset/raw_sentinel/pm5/pm5__20201105_20201124__0082	2020-11-19	633852.00000000,3826527.00000000,634620.00000000,3827295.00000000
train	010085	lower__20201119_165445_65_2416_3B_AnalyticMS_SR_8b_clip	pm5__20201105_20201124__0082	/scrfs/storage/yikebe/home/research/AR_Crop_Identification/make_dataset/raw_sentinel/pm5/pm5__20201105_20201124__0082	2020-11-19	626940.00000000,3825759.00000000,627708.00000000,3826527.00000000
train	010101	lower__20201119_165445_65_2416_3B_AnalyticMS_SR_8b_clip	pm5__20201105_20201124__0082	/scrfs/storage/yikebe/home/research/AR_Crop_Identification/make_dataset/raw_sentinel/pm5/pm5__20201105_20201124__0082	2020-11-19	626940.00000000,3824991.00000000,627708.00000000,3825759.00000000
train	010117	lower__20201119_165445_65_2416_3B_AnalyticMS_SR_8b_clip	pm5__20201105_20201124__0082	/scrfs/storage/yikebe/home/research/AR_Crop_Identification/make_dataset/raw_sentinel/pm5/pm5__20201105_20201124__0082	2020-11-19	640764.00000000,3824991.00000000,641532.00000000,3825759.00000000
train	010133	lower__20201119_165445_65_2416_3B_AnalyticMS_SR_8b_clip	pm5__20201105_20201124__0082	/scrfs/storage/yikebe/home/research/AR_Crop_Identification/make_dataset/raw_sentinel/pm5/pm5__20201105_20201124__0082	2020-11-19	645372.00000000,3824991.00000000,646140.00000000,3825759.00000000
train	010149	lower__20201119_165445_65_2416_3B_AnalyticMS_SR_8b_clip	pm5__20201105_20201124__0082	/scrfs/storage/yikebe/home/research/AR_Crop_Identification/make_dataset/raw_sentinel/pm5/pm5__20201105_20201124__0082	2020-11-19	632316.00000000,3824223.00000000,633084.00000000,3824991.00000000
train	010165	lower__20201119_165445_65_2416_3B_AnalyticMS_SR_8b_clip	pm5__20201105_20201124__0082	/scrfs/storage/yikebe/home/research/AR_Crop_Identification/make_dataset/raw_sentinel/pm5/pm5__20201105_20201124__0082	2020-11-19	634620.00000000,3824223.00000000,635388.00000000,3824991.00000000
train	010181	lower__20201119_165445_65_2416_3B_AnalyticMS_SR_8b_clip	pm5__20201105_20201124__0082	/scrfs/storage/yikebe/home/research/AR_Crop_Identification/make_dataset/raw_sentinel/pm5/pm5__20201105_20201124__0082	2020-11-19	635388.00000000,3824223.00000000,636156.00000000,3824991.00000000
train	010197	lower__20201119_165445_65_2416_3B_AnalyticMS_SR_8b_clip	pm5__20201105_20201124__0082	/scrfs/storage/yikebe/home/research/AR_Crop_Identification/make_dataset/raw_sentinel/pm5/pm5__20201105_20201124__0082	2020-11-19	632316.00000000,3823455.00000000,633084.00000000,3824223.00000000
train	010213	lower__20201119_165445_65_2416_3B_AnalyticMS_SR_8b_clip	pm5__20201105_20201124__0082	/scrfs/storage/yikebe/home/research/AR_Crop_Identification/make_dataset/raw_sentinel/pm5/pm5__20201105_20201124__0082	2020-11-19	633084.00000000,3823455.00000000,633852.00000000,3824223.00000000
train	010229	lower__20201119_165445_65_2416_3B_AnalyticMS_SR_8b_clip	pm5__20201105_20201124__0082	/scrfs/storage/yikebe/home/research/AR_Crop_Identification/make_dataset/raw_sentinel/pm5/pm5__20201105_20201124__0082	2020-11-19	636924.00000000,3823455.00000000,637692.00000000,3824223.00000000
train	010245	lower__20201119_165445_65_2416_3B_AnalyticMS_SR_8b_clip	pm5__20201105_20201124__0082	/scrfs/storage/yikebe/home/research/AR_Crop_Identification/make_dataset/raw_sentinel/pm5/pm5__20201105_20201124__0082	2020-11-19	637692.00000000,3823455.00000000,638460.00000000,3824223.00000000
train	010261	lower__20201119_165445_65_2416_3B_AnalyticMS_SR_8b_clip	pm5__20201105_20201124__0082	/scrfs/storage/yikebe/home/research/AR_Crop_Identification/make_dataset/raw_sentinel/pm5/pm5__20201105_20201124__0082	2020-11-19	644604.00000000,3823455.00000000,645372.00000000,3824223.00000000
train	010277	lower__20201119_165445_65_2416_3B_AnalyticMS_SR_8b_clip	pm5__20201105_20201124__0082	/scrfs/storage/yikebe/home/research/AR_Crop_Identification/make_dataset/raw_sentinel/pm5/pm5__20201105_20201124__0082	2020-11-19	645372.00000000,3823455.00000000,646140.00000000,3824223.00000000
train	010293	lower__20201119_165445_65_2416_3B_AnalyticMS_SR_8b_clip	pm5__20201105_20201124__0082	/scrfs/storage/yikebe/home/research/AR_Crop_Identification/make_dataset/raw_sentinel/pm5/pm5__20201105_20201124__0082	2020-11-19	631548.00000000,3822687.00000000,632316.00000000,3823455.00000000
train	010309	lower__20201119_165445_65_2416_3B_AnalyticMS_SR_8b_clip	pm5__20201105_20201124__0082	/scrfs/storage/yikebe/home/research/AR_Crop_Identification/make_dataset/raw_sentinel/pm5/pm5__20201105_20201124__0082	2020-11-19	646140.00000000,3822687.00000000,646908.00000000,3823455.00000000
train	010325	lower__20201119_165445_65_2416_3B_AnalyticMS_SR_8b_clip	pm5__20201105_20201124__0082	/scrfs/storage/yikebe/home/research/AR_Crop_Identification/make_dataset/raw_sentinel/pm5/pm5__20201105_20201124__0082	2020-11-19	646908.00000000,3822687.00000000,647676.00000000,3823455.00000000
train	010341	lower__20201119_165445_65_2416_3B_AnalyticMS_SR_8b_clip	pm5__20201105_20201124__0082	/scrfs/storage/yikebe/home/research/AR_Crop_Identification/make_dataset/raw_sentinel/pm5/pm5__20201105_20201124__0082	2020-11-19	632316.00000000,3821919.00000000,633084.00000000,3822687.00000000
train	010357	lower__20201119_165445_65_2416_3B_AnalyticMS_SR_8b_clip	pm5__20201105_20201124__0082	/scrfs/storage/yikebe/home/research/AR_Crop_Identification/make_dataset/raw_sentinel/pm5/pm5__20201105_20201124__0082	2020-11-19	637692.00000000,3821919.00000000,638460.00000000,3822687.00000000
train	010373	lower__20201119_165445_65_2416_3B_AnalyticMS_SR_8b_clip	pm5__20201105_20201124__0082	/scrfs/storage/yikebe/home/research/AR_Crop_Identification/make_dataset/raw_sentinel/pm5/pm5__20201105_20201124__0082	2020-11-19	647676.00000000,3821919.00000000,648444.00000000,3822687.00000000
train	010389	lower__20201119_165445_65_2416_3B_AnalyticMS_SR_8b_clip	pm5__20201105_20201124__0082	/scrfs/storage/yikebe/home/research/AR_Crop_Identification/make_dataset/raw_sentinel/pm5/pm5__20201105_20201124__0082	2020-11-19	648444.00000000,3821919.00000000,649212.00000000,3822687.00000000
train	010405	lower__20201119_165445_65_2416_3B_AnalyticMS_SR_8b_clip	pm5__20201105_20201124__0082	/scrfs/storage/yikebe/home/research/AR_Crop_Identification/make_dataset/raw_sentinel/pm5/pm5__20201105_20201124__0082	2020-11-19	624636.00000000,3821151.00000000,625404.00000000,3821919.00000000
train	010421	lower__20201119_165445_65_2416_3B_AnalyticMS_SR_8b_clip	pm5__20201105_20201124__0082	/scrfs/storage/yikebe/home/research/AR_Crop_Identification/make_dataset/raw_sentinel/pm5/pm5__20201105_20201124__0082	2020-11-19	627708.00000000,3821151.00000000,628476.00000000,3821919.00000000
train	010437	lower__20201119_165445_65_2416_3B_AnalyticMS_SR_8b_clip	pm5__20201105_20201124__0082	/scrfs/storage/yikebe/home/research/AR_Crop_Identification/make_dataset/raw_sentinel/pm5/pm5__20201105_20201124__0082	2020-11-19	632316.00000000,3821151.00000000,633084.00000000,3821919.00000000
train	010453	lower__20201119_165445_65_2416_3B_AnalyticMS_SR_8b_clip	pm5__20201105_20201124__0082	/scrfs/storage/yikebe/home/research/AR_Crop_Identification/make_dataset/raw_sentinel/pm5/pm5__20201105_20201124__0082	2020-11-19	633084.00000000,3821151.00000000,633852.00000000,3821919.00000000
train	010469	lower__20201119_165445_65_2416_3B_AnalyticMS_SR_8b_clip	pm5__20201105_20201124__0082	/scrfs/storage/yikebe/home/research/AR_Crop_Identification/make_dataset/raw_sentinel/pm5/pm5__20201105_20201124__0082	2020-11-19	643836.00000000,3821151.00000000,644604.00000000,3821919.00000000
train	010485	lower__20201119_165445_65_2416_3B_AnalyticMS_SR_8b_clip	pm5__20201105_20201124__0082	/scrfs/storage/yikebe/home/research/AR_Crop_Identification/make_dataset/raw_sentinel/pm5/pm5__20201105_20201124__0082	2020-11-19	645372.00000000,3821151.00000000,646140.00000000,3821919.00000000
train	010501	lower__20201119_165445_65_2416_3B_AnalyticMS_SR_8b_clip	pm5__20201105_20201124__0082	/scrfs/storage/yikebe/home/research/AR_Crop_Identification/make_dataset/raw_sentinel/pm5/pm5__20201105_20201124__0082	2020-11-19	646140.00000000,3821151.00000000,646908.00000000,3821919.00000000
train	010517	lower__20201119_165445_65_2416_3B_AnalyticMS_SR_8b_clip	pm5__20201105_20201124__0082	/scrfs/storage/yikebe/home/research/AR_Crop_Identification/make_dataset/raw_sentinel/pm5/pm5__20201105_20201124__0082	2020-11-19	646908.00000000,3821151.00000000,647676.00000000,3821919.00000000
train	010533	lower__20201119_165445_65_2416_3B_AnalyticMS_SR_8b_clip	pm5__20201105_20201124__0082	/scrfs/storage/yikebe/home/research/AR_Crop_Identification/make_dataset/raw_sentinel/pm5/pm5__20201105_20201124__0082	2020-11-19	645372.00000000,3820383.00000000,646140.00000000,3821151.00000000
train	010549	lower__20201119_165445_65_2416_3B_AnalyticMS_SR_8b_clip	pm5__20201105_20201124__0082	/scrfs/storage/yikebe/home/research/AR_Crop_Identification/make_dataset/raw_sentinel/pm5/pm5__20201105_20201124__0082	2020-11-19	642300.00000000,3819615.00000000,643068.00000000,3820383.00000000
train	010565	lower__20201119_165445_65_2416_3B_AnalyticMS_SR_8b_clip	pm5__20201105_20201124__0082	/scrfs/storage/yikebe/home/research/AR_Crop_Identification/make_dataset/raw_sentinel/pm5/pm5__20201105_20201124__0082	2020-11-19	643068.00000000,3819615.00000000,643836.00000000,3820383.00000000
train	010581	lower__20201119_165445_65_2416_3B_AnalyticMS_SR_8b_clip	pm5__20201105_20201124__0082	/scrfs/storage/yikebe/home/research/AR_Crop_Identification/make_dataset/raw_sentinel/pm5/pm5__20201105_20201124__0082	2020-11-19	637692.00000000,3817311.00000000,638460.00000000,3818079.00000000
train	010597	lower__20201119_165445_65_2416_3B_AnalyticMS_SR_8b_clip	pm5__20201105_20201124__0082	/scrfs/storage/yikebe/home/research/AR_Crop_Identification/make_dataset/raw_sentinel/pm5/pm5__20201105_20201124__0082	2020-11-19	639228.00000000,3816543.00000000,639996.00000000,3817311.00000000
train	010613	lower__20201119_165445_65_2416_3B_AnalyticMS_SR_8b_clip	pm5__20201105_20201124__0082	/scrfs/storage/yikebe/home/research/AR_Crop_Identification/make_dataset/raw_sentinel/pm5/pm5__20201105_20201124__0082	2020-11-19	635388.00000000,3815775.00000000,636156.00000000,3816543.00000000
train	010629	lower__20201119_165445_65_2416_3B_AnalyticMS_SR_8b_clip	pm5__20201105_20201124__0082	/scrfs/storage/yikebe/home/research/AR_Crop_Identification/make_dataset/raw_sentinel/pm5/pm5__20201105_20201124__0082	2020-11-19	636924.00000000,3815775.00000000,637692.00000000,3816543.00000000
train	010645	lower__20201119_165445_65_2416_3B_AnalyticMS_SR_8b_clip	pm5__20201105_20201124__0082	/scrfs/storage/yikebe/home/research/AR_Crop_Identification/make_dataset/raw_sentinel/pm5/pm5__20201105_20201124__0082	2020-11-19	633852.00000000,3815007.00000000,634620.00000000,3815775.00000000
train	010661	lower__20201119_165445_65_2416_3B_AnalyticMS_SR_8b_clip	pm5__20201105_20201124__0082	/scrfs/storage/yikebe/home/research/AR_Crop_Identification/make_dataset/raw_sentinel/pm5/pm5__20201105_20201124__0082	2020-11-19	635388.00000000,3815007.00000000,636156.00000000,3815775.00000000
train	010677	lower__20201119_165445_65_2416_3B_AnalyticMS_SR_8b_clip	pm5__20201105_20201124__0082	/scrfs/storage/yikebe/home/research/AR_Crop_Identification/make_dataset/raw_sentinel/pm5/pm5__20201105_20201124__0082	2020-11-19	636924.00000000,3815007.00000000,637692.00000000,3815775.00000000
train	010693	lower__20201119_165445_65_2416_3B_AnalyticMS_SR_8b_clip	pm5__20201105_20201124__0082	/scrfs/storage/yikebe/home/research/AR_Crop_Identification/make_dataset/raw_sentinel/pm5/pm5__20201105_20201124__0082	2020-11-19	642300.00000000,3815007.00000000,643068.00000000,3815775.00000000
train	010709	lower__20201119_165445_65_2416_3B_AnalyticMS_SR_8b_clip	pm5__20201105_20201124__0082	/scrfs/storage/yikebe/home/research/AR_Crop_Identification/make_dataset/raw_sentinel/pm5/pm5__20201105_20201124__0082	2020-11-19	628476.00000000,3814239.00000000,629244.00000000,3815007.00000000
train	010725	lower__20201119_165445_65_2416_3B_AnalyticMS_SR_8b_clip	pm5__20201105_20201124__0082	/scrfs/storage/yikebe/home/research/AR_Crop_Identification/make_dataset/raw_sentinel/pm5/pm5__20201105_20201124__0082	2020-11-19	637692.00000000,3814239.00000000,638460.00000000,3815007.00000000
train	010741	lower__20201119_165445_65_2416_3B_AnalyticMS_SR_8b_clip	pm5__20201105_20201124__0082	/scrfs/storage/yikebe/home/research/AR_Crop_Identification/make_dataset/raw_sentinel/pm5/pm5__20201105_20201124__0082	2020-11-19	649212.00000000,3814239.00000000,649980.00000000,3815007.00000000
train	010757	lower__20201119_165445_65_2416_3B_AnalyticMS_SR_8b_clip	pm5__20201105_20201124__0082	/scrfs/storage/yikebe/home/research/AR_Crop_Identification/make_dataset/raw_sentinel/pm5/pm5__20201105_20201124__0082	2020-11-19	613116.00000000,3813471.00000000,613884.00000000,3814239.00000000
train	010773	lower__20201119_165445_65_2416_3B_AnalyticMS_SR_8b_clip	pm5__20201105_20201124__0082	/scrfs/storage/yikebe/home/research/AR_Crop_Identification/make_dataset/raw_sentinel/pm5/pm5__20201105_20201124__0082	2020-11-19	628476.00000000,3813471.00000000,629244.00000000,3814239.00000000
train	010789	lower__20201119_165445_65_2416_3B_AnalyticMS_SR_8b_clip	pm5__20201105_20201124__0082	/scrfs/storage/yikebe/home/research/AR_Crop_Identification/make_dataset/raw_sentinel/pm5/pm5__20201105_20201124__0082	2020-11-19	634620.00000000,3813471.00000000,635388.00000000,3814239.00000000
train	010805	lower__20201119_165445_65_2416_3B_AnalyticMS_SR_8b_clip	pm5__20201105_20201124__0082	/scrfs/storage/yikebe/home/research/AR_Crop_Identification/make_dataset/raw_sentinel/pm5/pm5__20201105_20201124__0082	2020-11-19	649212.00000000,3813471.00000000,649980.00000000,3814239.00000000
train	010821	lower__20201119_165445_65_2416_3B_AnalyticMS_SR_8b_clip	pm5__20201105_20201124__0082	/scrfs/storage/yikebe/home/research/AR_Crop_Identification/make_dataset/raw_sentinel/pm5/pm5__20201105_20201124__0082	2020-11-19	628476.00000000,3812703.00000000,629244.00000000,3813471.00000000
train	010837	lower__20201119_165445_65_2416_3B_AnalyticMS_SR_8b_clip	pm5__20201105_20201124__0082	/scrfs/storage/yikebe/home/research/AR_Crop_Identification/make_dataset/raw_sentinel/pm5/pm5__20201105_20201124__0082	2020-11-19	632316.00000000,3812703.00000000,633084.00000000,3813471.00000000
train	010853	lower__20201119_165445_65_2416_3B_AnalyticMS_SR_8b_clip	pm5__20201105_20201124__0082	/scrfs/storage/yikebe/home/research/AR_Crop_Identification/make_dataset/raw_sentinel/pm5/pm5__20201105_20201124__0082	2020-11-19	629244.00000000,3811935.00000000,630012.00000000,3812703.00000000
train	010869	lower__20201119_165445_65_2416_3B_AnalyticMS_SR_8b_clip	pm5__20201105_20201124__0082	/scrfs/storage/yikebe/home/research/AR_Crop_Identification/make_dataset/raw_sentinel/pm5/pm5__20201105_20201124__0082	2020-11-19	630012.00000000,3811935.00000000,630780.00000000,3812703.00000000
train	010885	lower__20201119_165445_65_2416_3B_AnalyticMS_SR_8b_clip	pm5__20201105_20201124__0082	/scrfs/storage/yikebe/home/research/AR_Crop_Identification/make_dataset/raw_sentinel/pm5/pm5__20201105_20201124__0082	2020-11-19	621564.00000000,3811167.00000000,622332.00000000,3811935.00000000
train	010901	lower__20201119_165445_65_2416_3B_AnalyticMS_SR_8b_clip	pm5__20201105_20201124__0082	/scrfs/storage/yikebe/home/research/AR_Crop_Identification/make_dataset/raw_sentinel/pm5/pm5__20201105_20201124__0082	2020-11-19	632316.00000000,3811167.00000000,633084.00000000,3811935.00000000
train	010917	lower__20201119_165445_65_2416_3B_AnalyticMS_SR_8b_clip	pm5__20201105_20201124__0082	/scrfs/storage/yikebe/home/research/AR_Crop_Identification/make_dataset/raw_sentinel/pm5/pm5__20201105_20201124__0082	2020-11-19	637692.00000000,3811167.00000000,638460.00000000,3811935.00000000
train	010933	lower__20201119_165445_65_2416_3B_AnalyticMS_SR_8b_clip	pm5__20201105_20201124__0082	/scrfs/storage/yikebe/home/research/AR_Crop_Identification/make_dataset/raw_sentinel/pm5/pm5__20201105_20201124__0082	2020-11-19	638460.00000000,3811167.00000000,639228.00000000,3811935.00000000
train	010949	lower__20201119_165445_65_2416_3B_AnalyticMS_SR_8b_clip	pm5__20201105_20201124__0082	/scrfs/storage/yikebe/home/research/AR_Crop_Identification/make_dataset/raw_sentinel/pm5/pm5__20201105_20201124__0082	2020-11-19	639228.00000000,3811167.00000000,639996.00000000,3811935.00000000
train	010965	lower__20201119_165445_65_2416_3B_AnalyticMS_SR_8b_clip	pm5__20201105_20201124__0082	/scrfs/storage/yikebe/home/research/AR_Crop_Identification/make_dataset/raw_sentinel/pm5/pm5__20201105_20201124__0082	2020-11-19	643068.00000000,3811167.00000000,643836.00000000,3811935.00000000
train	010981	lower__20201119_165445_65_2416_3B_AnalyticMS_SR_8b_clip	pm5__20201105_20201124__0082	/scrfs/storage/yikebe/home/research/AR_Crop_Identification/make_dataset/raw_sentinel/pm5/pm5__20201105_20201124__0082	2020-11-19	630012.00000000,3810399.00000000,630780.00000000,3811167.00000000
train	010997	lower__20201119_165445_65_2416_3B_AnalyticMS_SR_8b_clip	pm5__20201105_20201124__0082	/scrfs/storage/yikebe/home/research/AR_Crop_Identification/make_dataset/raw_sentinel/pm5/pm5__20201105_20201124__0082	2020-11-19	632316.00000000,3810399.00000000,633084.00000000,3811167.00000000
train	011013	lower__20201119_165445_65_2416_3B_AnalyticMS_SR_8b_clip	pm5__20201105_20201124__0082	/scrfs/storage/yikebe/home/research/AR_Crop_Identification/make_dataset/raw_sentinel/pm5/pm5__20201105_20201124__0082	2020-11-19	634620.00000000,3810399.00000000,635388.00000000,3811167.00000000
train	011029	lower__20201119_165445_65_2416_3B_AnalyticMS_SR_8b_clip	pm5__20201105_20201124__0082	/scrfs/storage/yikebe/home/research/AR_Crop_Identification/make_dataset/raw_sentinel/pm5/pm5__20201105_20201124__0082	2020-11-19	629244.00000000,3809631.00000000,630012.00000000,3810399.00000000
train	011045	lower__20201119_165445_65_2416_3B_AnalyticMS_SR_8b_clip	pm5__20201105_20201124__0082	/scrfs/storage/yikebe/home/research/AR_Crop_Identification/make_dataset/raw_sentinel/pm5/pm5__20201105_20201124__0082	2020-11-19	630012.00000000,3809631.00000000,630780.00000000,3810399.00000000
train	011061	lower__20201119_165445_65_2416_3B_AnalyticMS_SR_8b_clip	pm5__20201105_20201124__0082	/scrfs/storage/yikebe/home/research/AR_Crop_Identification/make_dataset/raw_sentinel/pm5/pm5__20201105_20201124__0082	2020-11-19	629244.00000000,3808863.00000000,630012.00000000,3809631.00000000
train	011077	lower__20201119_165445_65_2416_3B_AnalyticMS_SR_8b_clip	pm5__20201105_20201124__0082	/scrfs/storage/yikebe/home/research/AR_Crop_Identification/make_dataset/raw_sentinel/pm5/pm5__20201105_20201124__0082	2020-11-19	643068.00000000,3808863.00000000,643836.00000000,3809631.00000000
train	011093	lower__20201119_165445_65_2416_3B_AnalyticMS_SR_8b_clip	pm5__20201105_20201124__0082	/scrfs/storage/yikebe/home/research/AR_Crop_Identification/make_dataset/raw_sentinel/pm5/pm5__20201105_20201124__0082	2020-11-19	636156.00000000,3808095.00000000,636924.00000000,3808863.00000000
train	011109	lower__20201119_165445_65_2416_3B_AnalyticMS_SR_8b_clip	pm5__20201105_20201124__0082	/scrfs/storage/yikebe/home/research/AR_Crop_Identification/make_dataset/raw_sentinel/pm5/pm5__20201105_20201124__0082	2020-11-19	643068.00000000,3808095.00000000,643836.00000000,3808863.00000000
train	011125	lower__20201119_165445_65_2416_3B_AnalyticMS_SR_8b_clip	pm5__20201105_20201124__0082	/scrfs/storage/yikebe/home/research/AR_Crop_Identification/make_dataset/raw_sentinel/pm5/pm5__20201105_20201124__0082	2020-11-19	644604.00000000,3808095.00000000,645372.00000000,3808863.00000000
train	011141	lower__20201119_165445_65_2416_3B_AnalyticMS_SR_8b_clip	pm5__20201105_20201124__0082	/scrfs/storage/yikebe/home/research/AR_Crop_Identification/make_dataset/raw_sentinel/pm5/pm5__20201105_20201124__0082	2020-11-19	635388.00000000,3807327.00000000,636156.00000000,3808095.00000000
train	011157	lower__20201119_165445_65_2416_3B_AnalyticMS_SR_8b_clip	pm5__20201105_20201124__0082	/scrfs/storage/yikebe/home/research/AR_Crop_Identification/make_dataset/raw_sentinel/pm5/pm5__20201105_20201124__0082	2020-11-19	638460.00000000,3807327.00000000,639228.00000000,3808095.00000000
train	011173	lower__20201119_165445_65_2416_3B_AnalyticMS_SR_8b_clip	pm5__20201105_20201124__0082	/scrfs/storage/yikebe/home/research/AR_Crop_Identification/make_dataset/raw_sentinel/pm5/pm5__20201105_20201124__0082	2020-11-19	639228.00000000,3807327.00000000,639996.00000000,3808095.00000000
train	011189	lower__20201119_165445_65_2416_3B_AnalyticMS_SR_8b_clip	pm5__20201105_20201124__0082	/scrfs/storage/yikebe/home/research/AR_Crop_Identification/make_dataset/raw_sentinel/pm5/pm5__20201105_20201124__0082	2020-11-19	643836.00000000,3807327.00000000,644604.00000000,3808095.00000000
train	011205	lower__20201119_165445_65_2416_3B_AnalyticMS_SR_8b_clip	pm5__20201105_20201124__0082	/scrfs/storage/yikebe/home/research/AR_Crop_Identification/make_dataset/raw_sentinel/pm5/pm5__20201105_20201124__0082	2020-11-19	644604.00000000,3807327.00000000,645372.00000000,3808095.00000000
train	011221	lower__20201119_165445_65_2416_3B_AnalyticMS_SR_8b_clip	pm5__20201105_20201124__0082	/scrfs/storage/yikebe/home/research/AR_Crop_Identification/make_dataset/raw_sentinel/pm5/pm5__20201105_20201124__0082	2020-11-19	635388.00000000,3806559.00000000,636156.00000000,3807327.00000000
train	011237	lower__20201119_165445_65_2416_3B_AnalyticMS_SR_8b_clip	pm5__20201105_20201124__0082	/scrfs/storage/yikebe/home/research/AR_Crop_Identification/make_dataset/raw_sentinel/pm5/pm5__20201105_20201124__0082	2020-11-19	636924.00000000,3806559.00000000,637692.00000000,3807327.00000000
train	011253	lower__20201119_165445_65_2416_3B_AnalyticMS_SR_8b_clip	pm5__20201105_20201124__0082	/scrfs/storage/yikebe/home/research/AR_Crop_Identification/make_dataset/raw_sentinel/pm5/pm5__20201105_20201124__0082	2020-11-19	643068.00000000,3806559.00000000,643836.00000000,3807327.00000000
train	011269	lower__20201119_165445_65_2416_3B_AnalyticMS_SR_8b_clip	pm5__20201105_20201124__0082	/scrfs/storage/yikebe/home/research/AR_Crop_Identification/make_dataset/raw_sentinel/pm5/pm5__20201105_20201124__0082	2020-11-19	645372.00000000,3805791.00000000,646140.00000000,3806559.00000000
train	011285	lower__20201119_165445_65_2416_3B_AnalyticMS_SR_8b_clip	pm5__20201105_20201124__0082	/scrfs/storage/yikebe/home/research/AR_Crop_Identification/make_dataset/raw_sentinel/pm5/pm5__20201105_20201124__0082	2020-11-19	645372.00000000,3805023.00000000,646140.00000000,3805791.00000000
train	011301	lower__20201119_165445_65_2416_3B_AnalyticMS_SR_8b_clip	pm5__20201105_20201124__0082	/scrfs/storage/yikebe/home/research/AR_Crop_Identification/make_dataset/raw_sentinel/pm5/pm5__20201105_20201124__0082	2020-11-19	646140.00000000,3805023.00000000,646908.00000000,3805791.00000000
train	011317	lower__20201119_165804_24_2407_3B_AnalyticMS_SR_8b_clip	pm5__20201105_20201124__0062	/scrfs/storage/yikebe/home/research/AR_Crop_Identification/make_dataset/raw_sentinel/pm5/pm5__20201105_20201124__0062	2020-11-19	590730.00000000,3826236.00000000,591498.00000000,3827004.00000000
train	011333	lower__20201119_165804_24_2407_3B_AnalyticMS_SR_8b_clip	pm5__20201105_20201124__0062	/scrfs/storage/yikebe/home/research/AR_Crop_Identification/make_dataset/raw_sentinel/pm5/pm5__20201105_20201124__0062	2020-11-19	590730.00000000,3825468.00000000,591498.00000000,3826236.00000000
train	011349	lower__20201119_165804_24_2407_3B_AnalyticMS_SR_8b_clip	pm5__20201105_20201124__0062	/scrfs/storage/yikebe/home/research/AR_Crop_Identification/make_dataset/raw_sentinel/pm5/pm5__20201105_20201124__0062	2020-11-19	583818.00000000,3823164.00000000,584586.00000000,3823932.00000000
train	011365	lower__20201119_165804_24_2407_3B_AnalyticMS_SR_8b_clip	pm5__20201105_20201124__0062	/scrfs/storage/yikebe/home/research/AR_Crop_Identification/make_dataset/raw_sentinel/pm5/pm5__20201105_20201124__0062	2020-11-19	583818.00000000,3822396.00000000,584586.00000000,3823164.00000000
train	011381	lower__20201119_165804_24_2407_3B_AnalyticMS_SR_8b_clip	pm5__20201105_20201124__0062	/scrfs/storage/yikebe/home/research/AR_Crop_Identification/make_dataset/raw_sentinel/pm5/pm5__20201105_20201124__0062	2020-11-19	606090.00000000,3822396.00000000,606858.00000000,3823164.00000000
train	011397	lower__20201119_165804_24_2407_3B_AnalyticMS_SR_8b_clip	pm5__20201105_20201124__0062	/scrfs/storage/yikebe/home/research/AR_Crop_Identification/make_dataset/raw_sentinel/pm5/pm5__20201105_20201124__0062	2020-11-19	583050.00000000,3821628.00000000,583818.00000000,3822396.00000000
train	011413	lower__20201119_165804_24_2407_3B_AnalyticMS_SR_8b_clip	pm5__20201105_20201124__0062	/scrfs/storage/yikebe/home/research/AR_Crop_Identification/make_dataset/raw_sentinel/pm5/pm5__20201105_20201124__0062	2020-11-19	583818.00000000,3821628.00000000,584586.00000000,3822396.00000000
train	011429	lower__20201119_165804_24_2407_3B_AnalyticMS_SR_8b_clip	pm5__20201105_20201124__0062	/scrfs/storage/yikebe/home/research/AR_Crop_Identification/make_dataset/raw_sentinel/pm5/pm5__20201105_20201124__0062	2020-11-19	582282.00000000,3820860.00000000,583050.00000000,3821628.00000000
train	011445	lower__20201119_165804_24_2407_3B_AnalyticMS_SR_8b_clip	pm5__20201105_20201124__0062	/scrfs/storage/yikebe/home/research/AR_Crop_Identification/make_dataset/raw_sentinel/pm5/pm5__20201105_20201124__0062	2020-11-19	583050.00000000,3820860.00000000,583818.00000000,3821628.00000000
train	011461	lower__20201119_165804_24_2407_3B_AnalyticMS_SR_8b_clip	pm5__20201105_20201124__0062	/scrfs/storage/yikebe/home/research/AR_Crop_Identification/make_dataset/raw_sentinel/pm5/pm5__20201105_20201124__0062	2020-11-19	605322.00000000,3820860.00000000,606090.00000000,3821628.00000000
train	011477	lower__20201119_165804_24_2407_3B_AnalyticMS_SR_8b_clip	pm5__20201105_20201124__0062	/scrfs/storage/yikebe/home/research/AR_Crop_Identification/make_dataset/raw_sentinel/pm5/pm5__20201105_20201124__0062	2020-11-19	581514.00000000,3820092.00000000,582282.00000000,3820860.00000000
train	011493	lower__20201119_165804_24_2407_3B_AnalyticMS_SR_8b_clip	pm5__20201105_20201124__0062	/scrfs/storage/yikebe/home/research/AR_Crop_Identification/make_dataset/raw_sentinel/pm5/pm5__20201105_20201124__0062	2020-11-19	587658.00000000,3820092.00000000,588426.00000000,3820860.00000000
train	011509	lower__20201119_165804_24_2407_3B_AnalyticMS_SR_8b_clip	pm5__20201105_20201124__0062	/scrfs/storage/yikebe/home/research/AR_Crop_Identification/make_dataset/raw_sentinel/pm5/pm5__20201105_20201124__0062	2020-11-19	606090.00000000,3819324.00000000,606858.00000000,3820092.00000000
train	011525	lower__20201119_165804_24_2407_3B_AnalyticMS_SR_8b_clip	pm5__20201105_20201124__0062	/scrfs/storage/yikebe/home/research/AR_Crop_Identification/make_dataset/raw_sentinel/pm5/pm5__20201105_20201124__0062	2020-11-19	595338.00000000,3818556.00000000,596106.00000000,3819324.00000000
train	011541	lower__20201119_165804_24_2407_3B_AnalyticMS_SR_8b_clip	pm5__20201105_20201124__0062	/scrfs/storage/yikebe/home/research/AR_Crop_Identification/make_dataset/raw_sentinel/pm5/pm5__20201105_20201124__0062	2020-11-19	603786.00000000,3818556.00000000,604554.00000000,3819324.00000000
train	011557	lower__20201119_165804_24_2407_3B_AnalyticMS_SR_8b_clip	pm5__20201105_20201124__0062	/scrfs/storage/yikebe/home/research/AR_Crop_Identification/make_dataset/raw_sentinel/pm5/pm5__20201105_20201124__0062	2020-11-19	606090.00000000,3818556.00000000,606858.00000000,3819324.00000000
train	011573	lower__20201119_165804_24_2407_3B_AnalyticMS_SR_8b_clip	pm5__20201105_20201124__0062	/scrfs/storage/yikebe/home/research/AR_Crop_Identification/make_dataset/raw_sentinel/pm5/pm5__20201105_20201124__0062	2020-11-19	596874.00000000,3817020.00000000,597642.00000000,3817788.00000000
train	011589	lower__20201119_165804_24_2407_3B_AnalyticMS_SR_8b_clip	pm5__20201105_20201124__0062	/scrfs/storage/yikebe/home/research/AR_Crop_Identification/make_dataset/raw_sentinel/pm5/pm5__20201105_20201124__0062	2020-11-19	602250.00000000,3816252.00000000,603018.00000000,3817020.00000000
train	011605	lower__20201119_165804_24_2407_3B_AnalyticMS_SR_8b_clip	pm5__20201105_20201124__0062	/scrfs/storage/yikebe/home/research/AR_Crop_Identification/make_dataset/raw_sentinel/pm5/pm5__20201105_20201124__0062	2020-11-19	609930.00000000,3816252.00000000,610698.00000000,3817020.00000000
train	011621	lower__20201119_165804_24_2407_3B_AnalyticMS_SR_8b_clip	pm5__20201105_20201124__0062	/scrfs/storage/yikebe/home/research/AR_Crop_Identification/make_dataset/raw_sentinel/pm5/pm5__20201105_20201124__0062	2020-11-19	612234.00000000,3816252.00000000,613002.00000000,3817020.00000000
train	011637	lower__20201119_165804_24_2407_3B_AnalyticMS_SR_8b_clip	pm5__20201105_20201124__0062	/scrfs/storage/yikebe/home/research/AR_Crop_Identification/make_dataset/raw_sentinel/pm5/pm5__20201105_20201124__0062	2020-11-19	609930.00000000,3815484.00000000,610698.00000000,3816252.00000000
train	011653	lower__20201119_165804_24_2407_3B_AnalyticMS_SR_8b_clip	pm5__20201105_20201124__0062	/scrfs/storage/yikebe/home/research/AR_Crop_Identification/make_dataset/raw_sentinel/pm5/pm5__20201105_20201124__0062	2020-11-19	611466.00000000,3815484.00000000,612234.00000000,3816252.00000000
train	011669	lower__20201119_165804_24_2407_3B_AnalyticMS_SR_8b_clip	pm5__20201105_20201124__0062	/scrfs/storage/yikebe/home/research/AR_Crop_Identification/make_dataset/raw_sentinel/pm5/pm5__20201105_20201124__0062	2020-11-19	608394.00000000,3814716.00000000,609162.00000000,3815484.00000000
train	011685	lower__20201119_165804_24_2407_3B_AnalyticMS_SR_8b_clip	pm5__20201105_20201124__0062	/scrfs/storage/yikebe/home/research/AR_Crop_Identification/make_dataset/raw_sentinel/pm5/pm5__20201105_20201124__0062	2020-11-19	607626.00000000,3813948.00000000,608394.00000000,3814716.00000000
train	011701	lower__20201119_165804_24_2407_3B_AnalyticMS_SR_8b_clip	pm5__20201105_20201124__0062	/scrfs/storage/yikebe/home/research/AR_Crop_Identification/make_dataset/raw_sentinel/pm5/pm5__20201105_20201124__0062	2020-11-19	608394.00000000,3813948.00000000,609162.00000000,3814716.00000000
train	011717	lower__20201119_165804_24_2407_3B_AnalyticMS_SR_8b_clip	pm5__20201105_20201124__0062	/scrfs/storage/yikebe/home/research/AR_Crop_Identification/make_dataset/raw_sentinel/pm5/pm5__20201105_20201124__0062	2020-11-19	588426.00000000,3812412.00000000,589194.00000000,3813180.00000000
train	011733	lower__20201119_165804_24_2407_3B_AnalyticMS_SR_8b_clip	pm5__20201105_20201124__0062	/scrfs/storage/yikebe/home/research/AR_Crop_Identification/make_dataset/raw_sentinel/pm5/pm5__20201105_20201124__0062	2020-11-19	609162.00000000,3812412.00000000,609930.00000000,3813180.00000000
train	011749	lower__20201119_165804_24_2407_3B_AnalyticMS_SR_8b_clip	pm5__20201105_20201124__0062	/scrfs/storage/yikebe/home/research/AR_Crop_Identification/make_dataset/raw_sentinel/pm5/pm5__20201105_20201124__0062	2020-11-19	587658.00000000,3811644.00000000,588426.00000000,3812412.00000000
train	011765	lower__20201119_165804_24_2407_3B_AnalyticMS_SR_8b_clip	pm5__20201105_20201124__0062	/scrfs/storage/yikebe/home/research/AR_Crop_Identification/make_dataset/raw_sentinel/pm5/pm5__20201105_20201124__0062	2020-11-19	586890.00000000,3810876.00000000,587658.00000000,3811644.00000000
train	011781	lower__20201119_165804_24_2407_3B_AnalyticMS_SR_8b_clip	pm5__20201105_20201124__0062	/scrfs/storage/yikebe/home/research/AR_Crop_Identification/make_dataset/raw_sentinel/pm5/pm5__20201105_20201124__0062	2020-11-19	587658.00000000,3810876.00000000,588426.00000000,3811644.00000000
train	011797	lower__20201119_165804_24_2407_3B_AnalyticMS_SR_8b_clip	pm5__20201105_20201124__0062	/scrfs/storage/yikebe/home/research/AR_Crop_Identification/make_dataset/raw_sentinel/pm5/pm5__20201105_20201124__0062	2020-11-19	602250.00000000,3810876.00000000,603018.00000000,3811644.00000000
train	011813	lower__20201119_165804_24_2407_3B_AnalyticMS_SR_8b_clip	pm5__20201105_20201124__0062	/scrfs/storage/yikebe/home/research/AR_Crop_Identification/make_dataset/raw_sentinel/pm5/pm5__20201105_20201124__0062	2020-11-19	586890.00000000,3810108.00000000,587658.00000000,3810876.00000000
train	011829	lower__20201119_165804_24_2407_3B_AnalyticMS_SR_8b_clip	pm5__20201105_20201124__0062	/scrfs/storage/yikebe/home/research/AR_Crop_Identification/make_dataset/raw_sentinel/pm5/pm5__20201105_20201124__0062	2020-11-19	587658.00000000,3810108.00000000,588426.00000000,3810876.00000000
train	011845	lower__20201119_165804_24_2407_3B_AnalyticMS_SR_8b_clip	pm5__20201105_20201124__0062	/scrfs/storage/yikebe/home/research/AR_Crop_Identification/make_dataset/raw_sentinel/pm5/pm5__20201105_20201124__0062	2020-11-19	588426.00000000,3810108.00000000,589194.00000000,3810876.00000000
train	011861	lower__20201119_165804_24_2407_3B_AnalyticMS_SR_8b_clip	pm5__20201105_20201124__0062	/scrfs/storage/yikebe/home/research/AR_Crop_Identification/make_dataset/raw_sentinel/pm5/pm5__20201105_20201124__0062	2020-11-19	603786.00000000,3810108.00000000,604554.00000000,3810876.00000000
train	011877	lower__20201119_165804_24_2407_3B_AnalyticMS_SR_8b_clip	pm5__20201105_20201124__0062	/scrfs/storage/yikebe/home/research/AR_Crop_Identification/make_dataset/raw_sentinel/pm5/pm5__20201105_20201124__0062	2020-11-19	586890.00000000,3809340.00000000,587658.00000000,3810108.00000000
train	011893	lower__20201119_165804_24_2407_3B_AnalyticMS_SR_8b_clip	pm5__20201105_20201124__0062	/scrfs/storage/yikebe/home/research/AR_Crop_Identification/make_dataset/raw_sentinel/pm5/pm5__20201105_20201124__0062	2020-11-19	587658.00000000,3809340.00000000,588426.00000000,3810108.00000000
train	011909	lower__20201119_165804_24_2407_3B_AnalyticMS_SR_8b_clip	pm5__20201105_20201124__0062	/scrfs/storage/yikebe/home/research/AR_Crop_Identification/make_dataset/raw_sentinel/pm5/pm5__20201105_20201124__0062	2020-11-19	586890.00000000,3808572.00000000,587658.00000000,3809340.00000000
train	011925	lower__20201119_165804_24_2407_3B_AnalyticMS_SR_8b_clip	pm5__20201105_20201124__0062	/scrfs/storage/yikebe/home/research/AR_Crop_Identification/make_dataset/raw_sentinel/pm5/pm5__20201105_20201124__0062	2020-11-19	587658.00000000,3808572.00000000,588426.00000000,3809340.00000000
train	011941	lower__20201119_165804_24_2407_3B_AnalyticMS_SR_8b_clip	pm5__20201105_20201124__0062	/scrfs/storage/yikebe/home/research/AR_Crop_Identification/make_dataset/raw_sentinel/pm5/pm5__20201105_20201124__0062	2020-11-19	605322.00000000,3808572.00000000,606090.00000000,3809340.00000000
train	011957	lower__20201119_165804_24_2407_3B_AnalyticMS_SR_8b_clip	pm5__20201105_20201124__0062	/scrfs/storage/yikebe/home/research/AR_Crop_Identification/make_dataset/raw_sentinel/pm5/pm5__20201105_20201124__0062	2020-11-19	606090.00000000,3808572.00000000,606858.00000000,3809340.00000000
train	011973	lower__20201119_165804_24_2407_3B_AnalyticMS_SR_8b_clip	pm5__20201105_20201124__0062	/scrfs/storage/yikebe/home/research/AR_Crop_Identification/make_dataset/raw_sentinel/pm5/pm5__20201105_20201124__0062	2020-11-19	606090.00000000,3807804.00000000,606858.00000000,3808572.00000000
train	011989	lower__20201119_165804_24_2407_3B_AnalyticMS_SR_8b_clip	pm5__20201105_20201124__0062	/scrfs/storage/yikebe/home/research/AR_Crop_Identification/make_dataset/raw_sentinel/pm5/pm5__20201105_20201124__0062	2020-11-19	608394.00000000,3807804.00000000,609162.00000000,3808572.00000000
train	012005	lower__20201119_165804_24_2407_3B_AnalyticMS_SR_8b_clip	pm5__20201105_20201124__0062	/scrfs/storage/yikebe/home/research/AR_Crop_Identification/make_dataset/raw_sentinel/pm5/pm5__20201105_20201124__0062	2020-11-19	609930.00000000,3807804.00000000,610698.00000000,3808572.00000000
train	012021	lower__20201119_165804_24_2407_3B_AnalyticMS_SR_8b_clip	pm5__20201105_20201124__0062	/scrfs/storage/yikebe/home/research/AR_Crop_Identification/make_dataset/raw_sentinel/pm5/pm5__20201105_20201124__0062	2020-11-19	610698.00000000,3807804.00000000,611466.00000000,3808572.00000000
train	012037	lower__20201119_165804_24_2407_3B_AnalyticMS_SR_8b_clip	pm5__20201105_20201124__0062	/scrfs/storage/yikebe/home/research/AR_Crop_Identification/make_dataset/raw_sentinel/pm5/pm5__20201105_20201124__0062	2020-11-19	588426.00000000,3807036.00000000,589194.00000000,3807804.00000000
train	012053	lower__20201119_165804_24_2407_3B_AnalyticMS_SR_8b_clip	pm5__20201105_20201124__0062	/scrfs/storage/yikebe/home/research/AR_Crop_Identification/make_dataset/raw_sentinel/pm5/pm5__20201105_20201124__0062	2020-11-19	609930.00000000,3807036.00000000,610698.00000000,3807804.00000000
train	012069	lower__20201119_165804_24_2407_3B_AnalyticMS_SR_8b_clip	pm5__20201105_20201124__0062	/scrfs/storage/yikebe/home/research/AR_Crop_Identification/make_dataset/raw_sentinel/pm5/pm5__20201105_20201124__0062	2020-11-19	610698.00000000,3807036.00000000,611466.00000000,3807804.00000000
train	012085	lower__20201119_165804_24_2407_3B_AnalyticMS_SR_8b_clip	pm5__20201105_20201124__0062	/scrfs/storage/yikebe/home/research/AR_Crop_Identification/make_dataset/raw_sentinel/pm5/pm5__20201105_20201124__0062	2020-11-19	587658.00000000,3806268.00000000,588426.00000000,3807036.00000000
train	012101	lower__20201119_165804_24_2407_3B_AnalyticMS_SR_8b_clip	pm5__20201105_20201124__0062	/scrfs/storage/yikebe/home/research/AR_Crop_Identification/make_dataset/raw_sentinel/pm5/pm5__20201105_20201124__0062	2020-11-19	590730.00000000,3806268.00000000,591498.00000000,3807036.00000000
train	012117	lower__20201119_165804_24_2407_3B_AnalyticMS_SR_8b_clip	pm5__20201105_20201124__0062	/scrfs/storage/yikebe/home/research/AR_Crop_Identification/make_dataset/raw_sentinel/pm5/pm5__20201105_20201124__0062	2020-11-19	610698.00000000,3806268.00000000,611466.00000000,3807036.00000000
train	012133	lower__20201119_165804_24_2407_3B_AnalyticMS_SR_8b_clip	pm5__20201105_20201124__0062	/scrfs/storage/yikebe/home/research/AR_Crop_Identification/make_dataset/raw_sentinel/pm5/pm5__20201105_20201124__0062	2020-11-19	610698.00000000,3805500.00000000,611466.00000000,3806268.00000000
train	012149	lower__20201119_165804_24_2407_3B_AnalyticMS_SR_8b_clip	pm5__20201105_20201124__0062	/scrfs/storage/yikebe/home/research/AR_Crop_Identification/make_dataset/raw_sentinel/pm5/pm5__20201105_20201124__0062	2020-11-19	608394.00000000,3804732.00000000,609162.00000000,3805500.00000000
train	012165	lower__20201119_165804_24_2407_3B_AnalyticMS_SR_8b_clip	pm5__20201105_20201124__0062	/scrfs/storage/yikebe/home/research/AR_Crop_Identification/make_dataset/raw_sentinel/pm5/pm5__20201105_20201124__0062	2020-11-19	597642.00000000,3803964.00000000,598410.00000000,3804732.00000000
train	012181	lower__20201119_165804_24_2407_3B_AnalyticMS_SR_8b_clip	pm5__20201105_20201124__0062	/scrfs/storage/yikebe/home/research/AR_Crop_Identification/make_dataset/raw_sentinel/pm5/pm5__20201105_20201124__0062	2020-11-19	602250.00000000,3803196.00000000,603018.00000000,3803964.00000000
