split	sample_id	scene_id	sentinel_request_id	sentinel_request_root	sentinel_date	planet_bounds
train	000003	lower__20200326_160107_68_2277_3B_AnalyticMS_SR_8b_clip	pm5__20200311_20200331__0002	/scrfs/storage/yikebe/home/research/AR_Crop_Identification/make_dataset/raw_sentinel/pm5/pm5__20200311_20200331__0002	2020-03-26	641274.00000000,3811224.00000000,642042.00000000,3811992.00000000
train	000019	lower__20200326_160107_68_2277_3B_AnalyticMS_SR_8b_clip	pm5__20200311_20200331__0002	/scrfs/storage/yikebe/home/research/AR_Crop_Identification/make_dataset/raw_sentinel/pm5/pm5__20200311_20200331__0002	2020-03-26	642042.00000000,3811224.00000000,642810.00000000,3811992.00000000
train	000035	lower__20200326_160107_68_2277_3B_AnalyticMS_SR_8b_clip	pm5__20200311_20200331__0002	/scrfs/storage/yikebe/home/research/AR_Crop_Identification/make_dataset/raw_sentinel/pm5/pm5__20200311_20200331__0002	2020-03-26	635130.00000000,3810456.00000000,635898.00000000,3811224.00000000
train	000051	lower__20200326_160107_68_2277_3B_AnalyticMS_SR_8b_clip	pm5__20200311_20200331__0002	/scrfs/storage/yikebe/home/research/AR_Crop_Identification/make_dataset/raw_sentinel/pm5/pm5__20200311_20200331__0002	2020-03-26	645882.00000000,3810456.00000000,646650.00000000,3811224.00000000
train	000067	lower__20200326_160107_68_2277_3B_AnalyticMS_SR_8b_clip	pm5__20200311_20200331__0002	/scrfs/storage/yikebe/home/research/AR_Crop_Identification/make_dataset/raw_sentinel/pm5/pm5__20200311_20200331__0002	2020-03-26	645114.00000000,3809688.00000000,645882.00000000,3810456.00000000
train	000083	lower__20200326_160107_68_2277_3B_AnalyticMS_SR_8b_clip	pm5__20200311_20200331__0002	/scrfs/storage/yikebe/home/research/AR_Crop_Identification/make_dataset/raw_sentinel/pm5/pm5__20200311_20200331__0002	2020-03-26	645882.00000000,3809688.00000000,646650.00000000,3810456.00000000
train	000099	lower__20200326_160107_68_2277_3B_AnalyticMS_SR_8b_clip	pm5__20200311_20200331__0002	/scrfs/storage/yikebe/home/research/AR_Crop_Identification/make_dataset/raw_sentinel/pm5/pm5__20200311_20200331__0002	2020-03-26	648954.00000000,3809688.00000000,649722.00000000,3810456.00000000
train	000115	lower__20200326_160107_68_2277_3B_AnalyticMS_SR_8b_clip	pm5__20200311_20200331__0002	/scrfs/storage/yikebe/home/research/AR_Crop_Identification/make_dataset/raw_sentinel/pm5/pm5__20200311_20200331__0002	2020-03-26	649722.00000000,3809688.00000000,650490.00000000,3810456.00000000
train	000131	lower__20200326_160107_68_2277_3B_AnalyticMS_SR_8b_clip	pm5__20200311_20200331__0002	/scrfs/storage/yikebe/home/research/AR_Crop_Identification/make_dataset/raw_sentinel/pm5/pm5__20200311_20200331__0002	2020-03-26	634362.00000000,3808920.00000000,635130.00000000,3809688.00000000
train	000147	lower__20200326_160107_68_2277_3B_AnalyticMS_SR_8b_clip	pm5__20200311_20200331__0002	/scrfs/storage/yikebe/home/research/AR_Crop_Identification/make_dataset/raw_sentinel/pm5/pm5__20200311_20200331__0002	2020-03-26	635130.00000000,3808920.00000000,635898.00000000,3809688.00000000
train	000163	lower__20200326_160107_68_2277_3B_AnalyticMS_SR_8b_clip	pm5__20200311_20200331__0002	/scrfs/storage/yikebe/home/research/AR_Crop_Identification/make_dataset/raw_sentinel/pm5/pm5__20200311_20200331__0002	2020-03-26	643578.00000000,3808920.00000000,644346.00000000,3809688.00000000
train	000179	lower__20200326_160107_68_2277_3B_AnalyticMS_SR_8b_clip	pm5__20200311_20200331__0002	/scrfs/storage/yikebe/home/research/AR_Crop_Identification/make_dataset/raw_sentinel/pm5/pm5__20200311_20200331__0002	2020-03-26	644346.00000000,3808920.00000000,645114.00000000,3809688.00000000
train	000195	lower__20200326_160107_68_2277_3B_AnalyticMS_SR_8b_clip	pm5__20200311_20200331__0002	/scrfs/storage/yikebe/home/research/AR_Crop_Identification/make_dataset/raw_sentinel/pm5/pm5__20200311_20200331__0002	2020-03-26	645114.00000000,3808920.00000000,645882.00000000,3809688.00000000
train	000211	lower__20200326_160107_68_2277_3B_AnalyticMS_SR_8b_clip	pm5__20200311_20200331__0002	/scrfs/storage/yikebe/home/research/AR_Crop_Identification/make_dataset/raw_sentinel/pm5/pm5__20200311_20200331__0002	2020-03-26	646650.00000000,3808920.00000000,647418.00000000,3809688.00000000
train	000227	lower__20200326_160107_68_2277_3B_AnalyticMS_SR_8b_clip	pm5__20200311_20200331__0002	/scrfs/storage/yikebe/home/research/AR_Crop_Identification/make_dataset/raw_sentinel/pm5/pm5__20200311_20200331__0002	2020-03-26	643578.00000000,3808152.00000000,644346.00000000,3808920.00000000
train	000243	lower__20200326_160107_68_2277_3B_AnalyticMS_SR_8b_clip	pm5__20200311_20200331__0002	/scrfs/storage/yikebe/home/research/AR_Crop_Identification/make_dataset/raw_sentinel/pm5/pm5__20200311_20200331__0002	2020-03-26	644346.00000000,3808152.00000000,645114.00000000,3808920.00000000
train	000259	lower__20200326_160107_68_2277_3B_AnalyticMS_SR_8b_clip	pm5__20200311_20200331__0002	/scrfs/storage/yikebe/home/research/AR_Crop_Identification/make_dataset/raw_sentinel/pm5/pm5__20200311_20200331__0002	2020-03-26	635130.00000000,3807384.00000000,635898.00000000,3808152.00000000
train	000275	lower__20200326_160107_68_2277_3B_AnalyticMS_SR_8b_clip	pm5__20200311_20200331__0002	/scrfs/storage/yikebe/home/research/AR_Crop_Identification/make_dataset/raw_sentinel/pm5/pm5__20200311_20200331__0002	2020-03-26	638970.00000000,3807384.00000000,639738.00000000,3808152.00000000
train	000291	lower__20200326_160107_68_2277_3B_AnalyticMS_SR_8b_clip	pm5__20200311_20200331__0002	/scrfs/storage/yikebe/home/research/AR_Crop_Identification/make_dataset/raw_sentinel/pm5/pm5__20200311_20200331__0002	2020-03-26	644346.00000000,3807384.00000000,645114.00000000,3808152.00000000
train	000307	lower__20200326_160107_68_2277_3B_AnalyticMS_SR_8b_clip	pm5__20200311_20200331__0002	/scrfs/storage/yikebe/home/research/AR_Crop_Identification/make_dataset/raw_sentinel/pm5/pm5__20200311_20200331__0002	2020-03-26	633594.00000000,3806616.00000000,634362.00000000,3807384.00000000
train	000323	lower__20200326_160107_68_2277_3B_AnalyticMS_SR_8b_clip	pm5__20200311_20200331__0002	/scrfs/storage/yikebe/home/research/AR_Crop_Identification/make_dataset/raw_sentinel/pm5/pm5__20200311_20200331__0002	2020-03-26	634362.00000000,3806616.00000000,635130.00000000,3807384.00000000
train	000339	lower__20200326_160107_68_2277_3B_AnalyticMS_SR_8b_clip	pm5__20200311_20200331__0002	/scrfs/storage/yikebe/home/research/AR_Crop_Identification/make_dataset/raw_sentinel/pm5/pm5__20200311_20200331__0002	2020-03-26	638202.00000000,3806616.00000000,638970.00000000,3807384.00000000
train	000355	lower__20200326_160107_68_2277_3B_AnalyticMS_SR_8b_clip	pm5__20200311_20200331__0002	/scrfs/storage/yikebe/home/research/AR_Crop_Identification/make_dataset/raw_sentinel/pm5/pm5__20200311_20200331__0002	2020-03-26	640506.00000000,3806616.00000000,641274.00000000,3807384.00000000
train	000371	lower__20200326_160107_68_2277_3B_AnalyticMS_SR_8b_clip	pm5__20200311_20200331__0002	/scrfs/storage/yikebe/home/research/AR_Crop_Identification/make_dataset/raw_sentinel/pm5/pm5__20200311_20200331__0002	2020-03-26	645114.00000000,3806616.00000000,645882.00000000,3807384.00000000
train	000387	lower__20200326_160107_68_2277_3B_AnalyticMS_SR_8b_clip	pm5__20200311_20200331__0002	/scrfs/storage/yikebe/home/research/AR_Crop_Identification/make_dataset/raw_sentinel/pm5/pm5__20200311_20200331__0002	2020-03-26	638202.00000000,3805848.00000000,638970.00000000,3806616.00000000
train	000403	lower__20200326_160107_68_2277_3B_AnalyticMS_SR_8b_clip	pm5__20200311_20200331__0002	/scrfs/storage/yikebe/home/research/AR_Crop_Identification/make_dataset/raw_sentinel/pm5/pm5__20200311_20200331__0002	2020-03-26	638970.00000000,3805848.00000000,639738.00000000,3806616.00000000
train	000419	lower__20200326_160107_68_2277_3B_AnalyticMS_SR_8b_clip	pm5__20200311_20200331__0002	/scrfs/storage/yikebe/home/research/AR_Crop_Identification/make_dataset/raw_sentinel/pm5/pm5__20200311_20200331__0002	2020-03-26	639738.00000000,3805848.00000000,640506.00000000,3806616.00000000
train	000435	lower__20200326_160107_68_2277_3B_AnalyticMS_SR_8b_clip	pm5__20200311_20200331__0002	/scrfs/storage/yikebe/home/research/AR_Crop_Identification/make_dataset/raw_sentinel/pm5/pm5__20200311_20200331__0002	2020-03-26	645114.00000000,3805848.00000000,645882.00000000,3806616.00000000
train	000451	lower__20200326_160107_68_2277_3B_AnalyticMS_SR_8b_clip	pm5__20200311_20200331__0002	/scrfs/storage/yikebe/home/research/AR_Crop_Identification/make_dataset/raw_sentinel/pm5/pm5__20200311_20200331__0002	2020-03-26	645882.00000000,3805848.00000000,646650.00000000,3806616.00000000
train	000467	lower__20200326_160107_68_2277_3B_AnalyticMS_SR_8b_clip	pm5__20200311_20200331__0002	/scrfs/storage/yikebe/home/research/AR_Crop_Identification/make_dataset/raw_sentinel/pm5/pm5__20200311_20200331__0002	2020-03-26	649722.00000000,3805848.00000000,650490.00000000,3806616.00000000
train	000483	lower__20200326_160107_68_2277_3B_AnalyticMS_SR_8b_clip	pm5__20200311_20200331__0002	/scrfs/storage/yikebe/home/research/AR_Crop_Identification/make_dataset/raw_sentinel/pm5/pm5__20200311_20200331__0002	2020-03-26	650490.00000000,3805848.00000000,651258.00000000,3806616.00000000
train	000499	lower__20200326_160107_68_2277_3B_AnalyticMS_SR_8b_clip	pm5__20200311_20200331__0002	/scrfs/storage/yikebe/home/research/AR_Crop_Identification/make_dataset/raw_sentinel/pm5/pm5__20200311_20200331__0002	2020-03-26	651258.00000000,3805848.00000000,652026.00000000,3806616.00000000
train	000515	lower__20200326_160107_68_2277_3B_AnalyticMS_SR_8b_clip	pm5__20200311_20200331__0002	/scrfs/storage/yikebe/home/research/AR_Crop_Identification/make_dataset/raw_sentinel/pm5/pm5__20200311_20200331__0002	2020-03-26	630522.00000000,3805080.00000000,631290.00000000,3805848.00000000
train	000531	lower__20200326_160107_68_2277_3B_AnalyticMS_SR_8b_clip	pm5__20200311_20200331__0002	/scrfs/storage/yikebe/home/research/AR_Crop_Identification/make_dataset/raw_sentinel/pm5/pm5__20200311_20200331__0002	2020-03-26	631290.00000000,3805080.00000000,632058.00000000,3805848.00000000
train	000547	lower__20200326_160107_68_2277_3B_AnalyticMS_SR_8b_clip	pm5__20200311_20200331__0002	/scrfs/storage/yikebe/home/research/AR_Crop_Identification/make_dataset/raw_sentinel/pm5/pm5__20200311_20200331__0002	2020-03-26	645882.00000000,3805080.00000000,646650.00000000,3805848.00000000
train	000563	lower__20200326_160107_68_2277_3B_AnalyticMS_SR_8b_clip	pm5__20200311_20200331__0002	/scrfs/storage/yikebe/home/research/AR_Crop_Identification/make_dataset/raw_sentinel/pm5/pm5__20200311_20200331__0002	2020-03-26	646650.00000000,3805080.00000000,647418.00000000,3805848.00000000
train	000579	lower__20200326_160107_68_2277_3B_AnalyticMS_SR_8b_clip	pm5__20200311_20200331__0002	/scrfs/storage/yikebe/home/research/AR_Crop_Identification/make_dataset/raw_sentinel/pm5/pm5__20200311_20200331__0002	2020-03-26	650490.00000000,3805080.00000000,651258.00000000,3805848.00000000
train	000595	lower__20200326_160107_68_2277_3B_AnalyticMS_SR_8b_clip	pm5__20200311_20200331__0002	/scrfs/storage/yikebe/home/research/AR_Crop_Identification/make_dataset/raw_sentinel/pm5/pm5__20200311_20200331__0002	2020-03-26	635130.00000000,3804312.00000000,635898.00000000,3805080.00000000
train	000611	lower__20200326_160107_68_2277_3B_AnalyticMS_SR_8b_clip	pm5__20200311_20200331__0002	/scrfs/storage/yikebe/home/research/AR_Crop_Identification/make_dataset/raw_sentinel/pm5/pm5__20200311_20200331__0002	2020-03-26	630522.00000000,3803544.00000000,631290.00000000,3804312.00000000
train	000627	lower__20200326_160107_68_2277_3B_AnalyticMS_SR_8b_clip	pm5__20200311_20200331__0002	/scrfs/storage/yikebe/home/research/AR_Crop_Identification/make_dataset/raw_sentinel/pm5/pm5__20200311_20200331__0002	2020-03-26	635130.00000000,3803544.00000000,635898.00000000,3804312.00000000
train	000643	lower__20200326_160107_68_2277_3B_AnalyticMS_SR_8b_clip	pm5__20200311_20200331__0002	/scrfs/storage/yikebe/home/research/AR_Crop_Identification/make_dataset/raw_sentinel/pm5/pm5__20200311_20200331__0002	2020-03-26	635898.00000000,3803544.00000000,636666.00000000,3804312.00000000
train	000659	lower__20200326_160107_68_2277_3B_AnalyticMS_SR_8b_clip	pm5__20200311_20200331__0002	/scrfs/storage/yikebe/home/research/AR_Crop_Identification/make_dataset/raw_sentinel/pm5/pm5__20200311_20200331__0002	2020-03-26	636666.00000000,3803544.00000000,637434.00000000,3804312.00000000
train	000675	lower__20200326_160107_68_2277_3B_AnalyticMS_SR_8b_clip	pm5__20200311_20200331__0002	/scrfs/storage/yikebe/home/research/AR_Crop_Identification/make_dataset/raw_sentinel/pm5/pm5__20200311_20200331__0002	2020-03-26	651258.00000000,3803544.00000000,652026.00000000,3804312.00000000
train	000691	lower__20200326_160107_68_2277_3B_AnalyticMS_SR_8b_clip	pm5__20200311_20200331__0002	/scrfs/storage/yikebe/home/research/AR_Crop_Identification/make_dataset/raw_sentinel/pm5/pm5__20200311_20200331__0002	2020-03-26	634362.00000000,3802776.00000000,635130.00000000,3803544.00000000
train	000707	lower__20200326_160107_68_2277_3B_AnalyticMS_SR_8b_clip	pm5__20200311_20200331__0002	/scrfs/storage/yikebe/home/research/AR_Crop_Identification/make_dataset/raw_sentinel/pm5/pm5__20200311_20200331__0002	2020-03-26	635130.00000000,3802776.00000000,635898.00000000,3803544.00000000
train	000723	lower__20200326_160107_68_2277_3B_AnalyticMS_SR_8b_clip	pm5__20200311_20200331__0002	/scrfs/storage/yikebe/home/research/AR_Crop_Identification/make_dataset/raw_sentinel/pm5/pm5__20200311_20200331__0002	2020-03-26	636666.00000000,3802776.00000000,637434.00000000,3803544.00000000
train	000739	lower__20200326_160107_68_2277_3B_AnalyticMS_SR_8b_clip	pm5__20200311_20200331__0002	/scrfs/storage/yikebe/home/research/AR_Crop_Identification/make_dataset/raw_sentinel/pm5/pm5__20200311_20200331__0002	2020-03-26	637434.00000000,3802776.00000000,638202.00000000,3803544.00000000
train	000755	lower__20200326_160107_68_2277_3B_AnalyticMS_SR_8b_clip	pm5__20200311_20200331__0002	/scrfs/storage/yikebe/home/research/AR_Crop_Identification/make_dataset/raw_sentinel/pm5/pm5__20200311_20200331__0002	2020-03-26	635130.00000000,3802008.00000000,635898.00000000,3802776.00000000
train	000771	lower__20200326_160107_68_2277_3B_AnalyticMS_SR_8b_clip	pm5__20200311_20200331__0002	/scrfs/storage/yikebe/home/research/AR_Crop_Identification/make_dataset/raw_sentinel/pm5/pm5__20200311_20200331__0002	2020-03-26	651258.00000000,3801240.00000000,652026.00000000,3802008.00000000
train	000787	lower__20200326_160107_68_2277_3B_AnalyticMS_SR_8b_clip	pm5__20200311_20200331__0002	/scrfs/storage/yikebe/home/research/AR_Crop_Identification/make_dataset/raw_sentinel/pm5/pm5__20200311_20200331__0002	2020-03-26	625146.00000000,3800472.00000000,625914.00000000,3801240.00000000
train	000803	lower__20200326_160107_68_2277_3B_AnalyticMS_SR_8b_clip	pm5__20200311_20200331__0002	/scrfs/storage/yikebe/home/research/AR_Crop_Identification/make_dataset/raw_sentinel/pm5/pm5__20200311_20200331__0002	2020-03-26	637434.00000000,3800472.00000000,638202.00000000,3801240.00000000
train	000819	lower__20200326_160107_68_2277_3B_AnalyticMS_SR_8b_clip	pm5__20200311_20200331__0002	/scrfs/storage/yikebe/home/research/AR_Crop_Identification/make_dataset/raw_sentinel/pm5/pm5__20200311_20200331__0002	2020-03-26	637434.00000000,3798936.00000000,638202.00000000,3799704.00000000
train	000835	lower__20200326_160107_68_2277_3B_AnalyticMS_SR_8b_clip	pm5__20200311_20200331__0002	/scrfs/storage/yikebe/home/research/AR_Crop_Identification/make_dataset/raw_sentinel/pm5/pm5__20200311_20200331__0002	2020-03-26	638970.00000000,3798168.00000000,639738.00000000,3798936.00000000
train	000851	lower__20200326_160107_68_2277_3B_AnalyticMS_SR_8b_clip	pm5__20200311_20200331__0002	/scrfs/storage/yikebe/home/research/AR_Crop_Identification/make_dataset/raw_sentinel/pm5/pm5__20200311_20200331__0002	2020-03-26	639738.00000000,3798168.00000000,640506.00000000,3798936.00000000
train	000867	lower__20200326_160107_68_2277_3B_AnalyticMS_SR_8b_clip	pm5__20200311_20200331__0002	/scrfs/storage/yikebe/home/research/AR_Crop_Identification/make_dataset/raw_sentinel/pm5/pm5__20200311_20200331__0002	2020-03-26	639738.00000000,3797400.00000000,640506.00000000,3798168.00000000
train	000883	lower__20200326_160107_68_2277_3B_AnalyticMS_SR_8b_clip	pm5__20200311_20200331__0002	/scrfs/storage/yikebe/home/research/AR_Crop_Identification/make_dataset/raw_sentinel/pm5/pm5__20200311_20200331__0002	2020-03-26	645882.00000000,3795864.00000000,646650.00000000,3796632.00000000
train	000899	lower__20200326_160107_68_2277_3B_AnalyticMS_SR_8b_clip	pm5__20200311_20200331__0002	/scrfs/storage/yikebe/home/research/AR_Crop_Identification/make_dataset/raw_sentinel/pm5/pm5__20200311_20200331__0002	2020-03-26	647418.00000000,3795864.00000000,648186.00000000,3796632.00000000
train	000915	lower__20200326_160107_68_2277_3B_AnalyticMS_SR_8b_clip	pm5__20200311_20200331__0002	/scrfs/storage/yikebe/home/research/AR_Crop_Identification/make_dataset/raw_sentinel/pm5/pm5__20200311_20200331__0002	2020-03-26	642042.00000000,3795096.00000000,642810.00000000,3795864.00000000
train	000931	lower__20200326_160107_68_2277_3B_AnalyticMS_SR_8b_clip	pm5__20200311_20200331__0002	/scrfs/storage/yikebe/home/research/AR_Crop_Identification/make_dataset/raw_sentinel/pm5/pm5__20200311_20200331__0002	2020-03-26	635898.00000000,3794328.00000000,636666.00000000,3795096.00000000
train	000947	lower__20200326_160107_68_2277_3B_AnalyticMS_SR_8b_clip	pm5__20200311_20200331__0002	/scrfs/storage/yikebe/home/research/AR_Crop_Identification/make_dataset/raw_sentinel/pm5/pm5__20200311_20200331__0002	2020-03-26	649722.00000000,3794328.00000000,650490.00000000,3795096.00000000
train	000963	lower__20200326_160107_68_2277_3B_AnalyticMS_SR_8b_clip	pm5__20200311_20200331__0002	/scrfs/storage/yikebe/home/research/AR_Crop_Identification/make_dataset/raw_sentinel/pm5/pm5__20200311_20200331__0002	2020-03-26	645882.00000000,3793560.00000000,646650.00000000,3794328.00000000
train	000979	lower__20200326_160107_68_2277_3B_AnalyticMS_SR_8b_clip	pm5__20200311_20200331__0002	/scrfs/storage/yikebe/home/research/AR_Crop_Identification/make_dataset/raw_sentinel/pm5/pm5__20200311_20200331__0002	2020-03-26	646650.00000000,3793560.00000000,647418.00000000,3794328.00000000
train	000995	lower__20200326_160107_68_2277_3B_AnalyticMS_SR_8b_clip	pm5__20200311_20200331__0002	/scrfs/storage/yikebe/home/research/AR_Crop_Identification/make_dataset/raw_sentinel/pm5/pm5__20200311_20200331__0002	2020-03-26	648186.00000000,3793560.00000000,648954.00000000,3794328.00000000
train	001011	lower__20200326_160107_68_2277_3B_AnalyticMS_SR_8b_clip	pm5__20200311_20200331__0002	/scrfs/storage/yikebe/home/research/AR_Crop_Identification/make_dataset/raw_sentinel/pm5/pm5__20200311_20200331__0002	2020-03-26	648954.00000000,3793560.00000000,649722.00000000,3794328.00000000
train	001027	lower__20200326_160107_68_2277_3B_AnalyticMS_SR_8b_clip	pm5__20200311_20200331__0002	/scrfs/storage/yikebe/home/research/AR_Crop_Identification/make_dataset/raw_sentinel/pm5/pm5__20200311_20200331__0002	2020-03-26	639738.00000000,3792792.00000000,640506.00000000,3793560.00000000
train	001043	lower__20200326_160107_68_2277_3B_AnalyticMS_SR_8b_clip	pm5__20200311_20200331__0002	/scrfs/storage/yikebe/home/research/AR_Crop_Identification/make_dataset/raw_sentinel/pm5/pm5__20200311_20200331__0002	2020-03-26	642810.00000000,3792792.00000000,643578.00000000,3793560.00000000
train	001059	lower__20200326_160107_68_2277_3B_AnalyticMS_SR_8b_clip	pm5__20200311_20200331__0002	/scrfs/storage/yikebe/home/research/AR_Crop_Identification/make_dataset/raw_sentinel/pm5/pm5__20200311_20200331__0002	2020-03-26	648186.00000000,3792792.00000000,648954.00000000,3793560.00000000
train	001075	lower__20200326_160107_68_2277_3B_AnalyticMS_SR_8b_clip	pm5__20200311_20200331__0002	/scrfs/storage/yikebe/home/research/AR_Crop_Identification/make_dataset/raw_sentinel/pm5/pm5__20200311_20200331__0002	2020-03-26	646650.00000000,3792024.00000000,647418.00000000,3792792.00000000
train	001091	lower__20200326_160107_68_2277_3B_AnalyticMS_SR_8b_clip	pm5__20200311_20200331__0002	/scrfs/storage/yikebe/home/research/AR_Crop_Identification/make_dataset/raw_sentinel/pm5/pm5__20200311_20200331__0002	2020-03-26	647418.00000000,3792024.00000000,648186.00000000,3792792.00000000
train	001107	lower__20200326_160107_68_2277_3B_AnalyticMS_SR_8b_clip	pm5__20200311_20200331__0002	/scrfs/storage/yikebe/home/research/AR_Crop_Identification/make_dataset/raw_sentinel/pm5/pm5__20200311_20200331__0002	2020-03-26	649722.00000000,3792024.00000000,650490.00000000,3792792.00000000
train	001123	lower__20200326_160107_68_2277_3B_AnalyticMS_SR_8b_clip	pm5__20200311_20200331__0002	/scrfs/storage/yikebe/home/research/AR_Crop_Identification/make_dataset/raw_sentinel/pm5/pm5__20200311_20200331__0002	2020-03-26	648954.00000000,3791256.00000000,649722.00000000,3792024.00000000
train	001139	lower__20200326_160107_68_2277_3B_AnalyticMS_SR_8b_clip	pm5__20200311_20200331__0002	/scrfs/storage/yikebe/home/research/AR_Crop_Identification/make_dataset/raw_sentinel/pm5/pm5__20200311_20200331__0002	2020-03-26	648954.00000000,3790488.00000000,649722.00000000,3791256.00000000
train	001155	lower__20200326_160348_15_2278_3B_AnalyticMS_SR_8b_clip	pm5__20200311_20200331__0004	/scrfs/storage/yikebe/home/research/AR_Crop_Identification/make_dataset/raw_sentinel/pm5/pm5__20200311_20200331__0004	2020-03-29	583323.00000000,3838614.00000000,584091.00000000,3839382.00000000
train	001171	lower__20200326_160348_15_2278_3B_AnalyticMS_SR_8b_clip	pm5__20200311_20200331__0004	/scrfs/storage/yikebe/home/research/AR_Crop_Identification/make_dataset/raw_sentinel/pm5/pm5__20200311_20200331__0004	2020-03-29	583323.00000000,3837846.00000000,584091.00000000,3838614.00000000
train	001187	lower__20200326_160348_15_2278_3B_AnalyticMS_SR_8b_clip	pm5__20200311_20200331__0004	/scrfs/storage/yikebe/home/research/AR_Crop_Identification/make_dataset/raw_sentinel/pm5/pm5__20200311_20200331__0004	2020-03-29	588699.00000000,3836310.00000000,589467.00000000,3837078.00000000
train	001203	lower__20200326_160348_15_2278_3B_AnalyticMS_SR_8b_clip	pm5__20200311_20200331__0004	/scrfs/storage/yikebe/home/research/AR_Crop_Identification/make_dataset/raw_sentinel/pm5/pm5__20200311_20200331__0004	2020-03-29	589467.00000000,3836310.00000000,590235.00000000,3837078.00000000
train	001219	lower__20200326_160348_15_2278_3B_AnalyticMS_SR_8b_clip	pm5__20200311_20200331__0004	/scrfs/storage/yikebe/home/research/AR_Crop_Identification/make_dataset/raw_sentinel/pm5/pm5__20200311_20200331__0004	2020-03-29	582555.00000000,3835542.00000000,583323.00000000,3836310.00000000
train	001235	lower__20200326_160348_15_2278_3B_AnalyticMS_SR_8b_clip	pm5__20200311_20200331__0004	/scrfs/storage/yikebe/home/research/AR_Crop_Identification/make_dataset/raw_sentinel/pm5/pm5__20200311_20200331__0004	2020-03-29	589467.00000000,3835542.00000000,590235.00000000,3836310.00000000
train	001251	lower__20200326_160348_15_2278_3B_AnalyticMS_SR_8b_clip	pm5__20200311_20200331__0004	/scrfs/storage/yikebe/home/research/AR_Crop_Identification/make_dataset/raw_sentinel/pm5/pm5__20200311_20200331__0004	2020-03-29	591003.00000000,3835542.00000000,591771.00000000,3836310.00000000
train	001267	lower__20200326_160348_15_2278_3B_AnalyticMS_SR_8b_clip	pm5__20200311_20200331__0004	/scrfs/storage/yikebe/home/research/AR_Crop_Identification/make_dataset/raw_sentinel/pm5/pm5__20200311_20200331__0004	2020-03-29	591003.00000000,3834774.00000000,591771.00000000,3835542.00000000
train	001283	lower__20200326_160348_15_2278_3B_AnalyticMS_SR_8b_clip	pm5__20200311_20200331__0004	/scrfs/storage/yikebe/home/research/AR_Crop_Identification/make_dataset/raw_sentinel/pm5/pm5__20200311_20200331__0004	2020-03-29	586395.00000000,3833238.00000000,587163.00000000,3834006.00000000
train	001299	lower__20200326_160348_15_2278_3B_AnalyticMS_SR_8b_clip	pm5__20200311_20200331__0004	/scrfs/storage/yikebe/home/research/AR_Crop_Identification/make_dataset/raw_sentinel/pm5/pm5__20200311_20200331__0004	2020-03-29	589467.00000000,3833238.00000000,590235.00000000,3834006.00000000
train	001315	lower__20200326_160348_15_2278_3B_AnalyticMS_SR_8b_clip	pm5__20200311_20200331__0004	/scrfs/storage/yikebe/home/research/AR_Crop_Identification/make_dataset/raw_sentinel/pm5/pm5__20200311_20200331__0004	2020-03-29	574107.00000000,3832470.00000000,574875.00000000,3833238.00000000
train	001331	lower__20200326_160348_15_2278_3B_AnalyticMS_SR_8b_clip	pm5__20200311_20200331__0004	/scrfs/storage/yikebe/home/research/AR_Crop_Identification/make_dataset/raw_sentinel/pm5/pm5__20200311_20200331__0004	2020-03-29	585627.00000000,3832470.00000000,586395.00000000,3833238.00000000
train	001347	lower__20200326_160348_15_2278_3B_AnalyticMS_SR_8b_clip	pm5__20200311_20200331__0004	/scrfs/storage/yikebe/home/research/AR_Crop_Identification/make_dataset/raw_sentinel/pm5/pm5__20200311_20200331__0004	2020-03-29	588699.00000000,3832470.00000000,589467.00000000,3833238.00000000
train	001363	lower__20200326_160348_15_2278_3B_AnalyticMS_SR_8b_clip	pm5__20200311_20200331__0004	/scrfs/storage/yikebe/home/research/AR_Crop_Identification/make_dataset/raw_sentinel/pm5/pm5__20200311_20200331__0004	2020-03-29	585627.00000000,3831702.00000000,586395.00000000,3832470.00000000
train	001379	lower__20200326_160348_15_2278_3B_AnalyticMS_SR_8b_clip	pm5__20200311_20200331__0004	/scrfs/storage/yikebe/home/research/AR_Crop_Identification/make_dataset/raw_sentinel/pm5/pm5__20200311_20200331__0004	2020-03-29	587163.00000000,3831702.00000000,587931.00000000,3832470.00000000
train	001395	lower__20200326_160348_15_2278_3B_AnalyticMS_SR_8b_clip	pm5__20200311_20200331__0004	/scrfs/storage/yikebe/home/research/AR_Crop_Identification/make_dataset/raw_sentinel/pm5/pm5__20200311_20200331__0004	2020-03-29	591003.00000000,3831702.00000000,591771.00000000,3832470.00000000
train	001411	lower__20200326_160348_15_2278_3B_AnalyticMS_SR_8b_clip	pm5__20200311_20200331__0004	/scrfs/storage/yikebe/home/research/AR_Crop_Identification/make_dataset/raw_sentinel/pm5/pm5__20200311_20200331__0004	2020-03-29	585627.00000000,3830934.00000000,586395.00000000,3831702.00000000
train	001427	lower__20200326_160348_15_2278_3B_AnalyticMS_SR_8b_clip	pm5__20200311_20200331__0004	/scrfs/storage/yikebe/home/research/AR_Crop_Identification/make_dataset/raw_sentinel/pm5/pm5__20200311_20200331__0004	2020-03-29	586395.00000000,3830934.00000000,587163.00000000,3831702.00000000
train	001443	lower__20200326_160348_15_2278_3B_AnalyticMS_SR_8b_clip	pm5__20200311_20200331__0004	/scrfs/storage/yikebe/home/research/AR_Crop_Identification/make_dataset/raw_sentinel/pm5/pm5__20200311_20200331__0004	2020-03-29	591003.00000000,3830934.00000000,591771.00000000,3831702.00000000
train	001459	lower__20200326_160348_15_2278_3B_AnalyticMS_SR_8b_clip	pm5__20200311_20200331__0004	/scrfs/storage/yikebe/home/research/AR_Crop_Identification/make_dataset/raw_sentinel/pm5/pm5__20200311_20200331__0004	2020-03-29	585627.00000000,3830166.00000000,586395.00000000,3830934.00000000
train	001475	lower__20200326_160348_15_2278_3B_AnalyticMS_SR_8b_clip	pm5__20200311_20200331__0004	/scrfs/storage/yikebe/home/research/AR_Crop_Identification/make_dataset/raw_sentinel/pm5/pm5__20200311_20200331__0004	2020-03-29	590235.00000000,3830166.00000000,591003.00000000,3830934.00000000
train	001491	lower__20200326_160348_15_2278_3B_AnalyticMS_SR_8b_clip	pm5__20200311_20200331__0004	/scrfs/storage/yikebe/home/research/AR_Crop_Identification/make_dataset/raw_sentinel/pm5/pm5__20200311_20200331__0004	2020-03-29	565659.00000000,3829398.00000000,566427.00000000,3830166.00000000
train	001507	lower__20200326_160348_15_2278_3B_AnalyticMS_SR_8b_clip	pm5__20200311_20200331__0004	/scrfs/storage/yikebe/home/research/AR_Crop_Identification/make_dataset/raw_sentinel/pm5/pm5__20200311_20200331__0004	2020-03-29	572571.00000000,3829398.00000000,573339.00000000,3830166.00000000
train	001523	lower__20200326_160348_15_2278_3B_AnalyticMS_SR_8b_clip	pm5__20200311_20200331__0004	/scrfs/storage/yikebe/home/research/AR_Crop_Identification/make_dataset/raw_sentinel/pm5/pm5__20200311_20200331__0004	2020-03-29	573339.00000000,3829398.00000000,574107.00000000,3830166.00000000
train	001539	lower__20200326_160348_15_2278_3B_AnalyticMS_SR_8b_clip	pm5__20200311_20200331__0004	/scrfs/storage/yikebe/home/research/AR_Crop_Identification/make_dataset/raw_sentinel/pm5/pm5__20200311_20200331__0004	2020-03-29	565659.00000000,3828630.00000000,566427.00000000,3829398.00000000
train	001555	lower__20200326_160348_15_2278_3B_AnalyticMS_SR_8b_clip	pm5__20200311_20200331__0004	/scrfs/storage/yikebe/home/research/AR_Crop_Identification/make_dataset/raw_sentinel/pm5/pm5__20200311_20200331__0004	2020-03-29	566427.00000000,3828630.00000000,567195.00000000,3829398.00000000
train	001571	lower__20200326_160348_15_2278_3B_AnalyticMS_SR_8b_clip	pm5__20200311_20200331__0004	/scrfs/storage/yikebe/home/research/AR_Crop_Identification/make_dataset/raw_sentinel/pm5/pm5__20200311_20200331__0004	2020-03-29	580251.00000000,3828630.00000000,581019.00000000,3829398.00000000
train	001587	lower__20200326_160348_15_2278_3B_AnalyticMS_SR_8b_clip	pm5__20200311_20200331__0004	/scrfs/storage/yikebe/home/research/AR_Crop_Identification/make_dataset/raw_sentinel/pm5/pm5__20200311_20200331__0004	2020-03-29	564891.00000000,3827862.00000000,565659.00000000,3828630.00000000
train	001603	lower__20200326_160348_15_2278_3B_AnalyticMS_SR_8b_clip	pm5__20200311_20200331__0004	/scrfs/storage/yikebe/home/research/AR_Crop_Identification/make_dataset/raw_sentinel/pm5/pm5__20200311_20200331__0004	2020-03-29	565659.00000000,3827862.00000000,566427.00000000,3828630.00000000
train	001619	lower__20200326_160348_15_2278_3B_AnalyticMS_SR_8b_clip	pm5__20200311_20200331__0004	/scrfs/storage/yikebe/home/research/AR_Crop_Identification/make_dataset/raw_sentinel/pm5/pm5__20200311_20200331__0004	2020-03-29	566427.00000000,3827862.00000000,567195.00000000,3828630.00000000
train	001635	lower__20200326_160348_15_2278_3B_AnalyticMS_SR_8b_clip	pm5__20200311_20200331__0004	/scrfs/storage/yikebe/home/research/AR_Crop_Identification/make_dataset/raw_sentinel/pm5/pm5__20200311_20200331__0004	2020-03-29	578715.00000000,3827862.00000000,579483.00000000,3828630.00000000
train	001651	lower__20200326_160348_15_2278_3B_AnalyticMS_SR_8b_clip	pm5__20200311_20200331__0004	/scrfs/storage/yikebe/home/research/AR_Crop_Identification/make_dataset/raw_sentinel/pm5/pm5__20200311_20200331__0004	2020-03-29	564891.00000000,3825558.00000000,565659.00000000,3826326.00000000
train	001667	lower__20200326_160348_15_2278_3B_AnalyticMS_SR_8b_clip	pm5__20200311_20200331__0004	/scrfs/storage/yikebe/home/research/AR_Crop_Identification/make_dataset/raw_sentinel/pm5/pm5__20200311_20200331__0004	2020-03-29	566427.00000000,3825558.00000000,567195.00000000,3826326.00000000
train	001683	lower__20200326_160348_15_2278_3B_AnalyticMS_SR_8b_clip	pm5__20200311_20200331__0004	/scrfs/storage/yikebe/home/research/AR_Crop_Identification/make_dataset/raw_sentinel/pm5/pm5__20200311_20200331__0004	2020-03-29	589467.00000000,3825558.00000000,590235.00000000,3826326.00000000
train	001699	lower__20200326_160348_15_2278_3B_AnalyticMS_SR_8b_clip	pm5__20200311_20200331__0004	/scrfs/storage/yikebe/home/research/AR_Crop_Identification/make_dataset/raw_sentinel/pm5/pm5__20200311_20200331__0004	2020-03-29	590235.00000000,3825558.00000000,591003.00000000,3826326.00000000
train	001715	lower__20200326_160348_15_2278_3B_AnalyticMS_SR_8b_clip	pm5__20200311_20200331__0004	/scrfs/storage/yikebe/home/research/AR_Crop_Identification/make_dataset/raw_sentinel/pm5/pm5__20200311_20200331__0004	2020-03-29	591003.00000000,3824790.00000000,591771.00000000,3825558.00000000
train	001731	lower__20200326_160348_15_2278_3B_AnalyticMS_SR_8b_clip	pm5__20200311_20200331__0004	/scrfs/storage/yikebe/home/research/AR_Crop_Identification/make_dataset/raw_sentinel/pm5/pm5__20200311_20200331__0004	2020-03-29	565659.00000000,3824022.00000000,566427.00000000,3824790.00000000
train	001747	lower__20200326_160348_15_2278_3B_AnalyticMS_SR_8b_clip	pm5__20200311_20200331__0004	/scrfs/storage/yikebe/home/research/AR_Crop_Identification/make_dataset/raw_sentinel/pm5/pm5__20200311_20200331__0004	2020-03-29	589467.00000000,3824022.00000000,590235.00000000,3824790.00000000
train	001763	lower__20200326_160348_15_2278_3B_AnalyticMS_SR_8b_clip	pm5__20200311_20200331__0004	/scrfs/storage/yikebe/home/research/AR_Crop_Identification/make_dataset/raw_sentinel/pm5/pm5__20200311_20200331__0004	2020-03-29	565659.00000000,3823254.00000000,566427.00000000,3824022.00000000
train	001779	lower__20200326_160348_15_2278_3B_AnalyticMS_SR_8b_clip	pm5__20200311_20200331__0004	/scrfs/storage/yikebe/home/research/AR_Crop_Identification/make_dataset/raw_sentinel/pm5/pm5__20200311_20200331__0004	2020-03-29	578715.00000000,3823254.00000000,579483.00000000,3824022.00000000
train	001795	lower__20200511_160019_56_2263_3B_AnalyticMS_SR_8b_clip	pm5__20200506_20200523__0006	/scrfs/storage/yikebe/home/research/AR_Crop_Identification/make_dataset/raw_sentinel/pm5/pm5__20200506_20200523__0006	2020-05-10	665292.00000000,3684939.00000000,666060.00000000,3685707.00000000
train	001811	lower__20200511_160019_56_2263_3B_AnalyticMS_SR_8b_clip	pm5__20200506_20200523__0006	/scrfs/storage/yikebe/home/research/AR_Crop_Identification/make_dataset/raw_sentinel/pm5/pm5__20200506_20200523__0006	2020-05-10	665292.00000000,3684171.00000000,666060.00000000,3684939.00000000
train	001827	lower__20200511_160019_56_2263_3B_AnalyticMS_SR_8b_clip	pm5__20200506_20200523__0006	/scrfs/storage/yikebe/home/research/AR_Crop_Identification/make_dataset/raw_sentinel/pm5/pm5__20200506_20200523__0006	2020-05-10	676044.00000000,3684171.00000000,676812.00000000,3684939.00000000
train	001843	lower__20200511_160019_56_2263_3B_AnalyticMS_SR_8b_clip	pm5__20200506_20200523__0006	/scrfs/storage/yikebe/home/research/AR_Crop_Identification/make_dataset/raw_sentinel/pm5/pm5__20200506_20200523__0006	2020-05-10	666828.00000000,3681867.00000000,667596.00000000,3682635.00000000
train	001859	lower__20200511_160019_56_2263_3B_AnalyticMS_SR_8b_clip	pm5__20200506_20200523__0006	/scrfs/storage/yikebe/home/research/AR_Crop_Identification/make_dataset/raw_sentinel/pm5/pm5__20200506_20200523__0006	2020-05-10	662220.00000000,3681099.00000000,662988.00000000,3681867.00000000
train	001875	lower__20200511_160019_56_2263_3B_AnalyticMS_SR_8b_clip	pm5__20200506_20200523__0006	/scrfs/storage/yikebe/home/research/AR_Crop_Identification/make_dataset/raw_sentinel/pm5/pm5__20200506_20200523__0006	2020-05-10	662988.00000000,3681099.00000000,663756.00000000,3681867.00000000
train	001891	lower__20200511_160019_56_2263_3B_AnalyticMS_SR_8b_clip	pm5__20200506_20200523__0006	/scrfs/storage/yikebe/home/research/AR_Crop_Identification/make_dataset/raw_sentinel/pm5/pm5__20200506_20200523__0006	2020-05-10	663756.00000000,3681099.00000000,664524.00000000,3681867.00000000
train	001907	lower__20200511_160019_56_2263_3B_AnalyticMS_SR_8b_clip	pm5__20200506_20200523__0006	/scrfs/storage/yikebe/home/research/AR_Crop_Identification/make_dataset/raw_sentinel/pm5/pm5__20200506_20200523__0006	2020-05-10	664524.00000000,3681099.00000000,665292.00000000,3681867.00000000
train	001923	lower__20200511_160019_56_2263_3B_AnalyticMS_SR_8b_clip	pm5__20200506_20200523__0006	/scrfs/storage/yikebe/home/research/AR_Crop_Identification/make_dataset/raw_sentinel/pm5/pm5__20200506_20200523__0006	2020-05-10	666060.00000000,3681099.00000000,666828.00000000,3681867.00000000
train	001939	lower__20200511_160019_56_2263_3B_AnalyticMS_SR_8b_clip	pm5__20200506_20200523__0006	/scrfs/storage/yikebe/home/research/AR_Crop_Identification/make_dataset/raw_sentinel/pm5/pm5__20200506_20200523__0006	2020-05-10	666828.00000000,3681099.00000000,667596.00000000,3681867.00000000
train	001955	lower__20200511_160019_56_2263_3B_AnalyticMS_SR_8b_clip	pm5__20200506_20200523__0006	/scrfs/storage/yikebe/home/research/AR_Crop_Identification/make_dataset/raw_sentinel/pm5/pm5__20200506_20200523__0006	2020-05-10	660684.00000000,3680331.00000000,661452.00000000,3681099.00000000
train	001971	lower__20200511_160019_56_2263_3B_AnalyticMS_SR_8b_clip	pm5__20200506_20200523__0006	/scrfs/storage/yikebe/home/research/AR_Crop_Identification/make_dataset/raw_sentinel/pm5/pm5__20200506_20200523__0006	2020-05-10	661452.00000000,3680331.00000000,662220.00000000,3681099.00000000
train	001987	lower__20200511_160019_56_2263_3B_AnalyticMS_SR_8b_clip	pm5__20200506_20200523__0006	/scrfs/storage/yikebe/home/research/AR_Crop_Identification/make_dataset/raw_sentinel/pm5/pm5__20200506_20200523__0006	2020-05-10	666060.00000000,3680331.00000000,666828.00000000,3681099.00000000
train	002003	lower__20200511_160019_56_2263_3B_AnalyticMS_SR_8b_clip	pm5__20200506_20200523__0006	/scrfs/storage/yikebe/home/research/AR_Crop_Identification/make_dataset/raw_sentinel/pm5/pm5__20200506_20200523__0006	2020-05-10	666828.00000000,3680331.00000000,667596.00000000,3681099.00000000
train	002019	lower__20200511_160019_56_2263_3B_AnalyticMS_SR_8b_clip	pm5__20200506_20200523__0006	/scrfs/storage/yikebe/home/research/AR_Crop_Identification/make_dataset/raw_sentinel/pm5/pm5__20200506_20200523__0006	2020-05-10	689100.00000000,3680331.00000000,689868.00000000,3681099.00000000
train	002035	lower__20200511_160019_56_2263_3B_AnalyticMS_SR_8b_clip	pm5__20200506_20200523__0006	/scrfs/storage/yikebe/home/research/AR_Crop_Identification/make_dataset/raw_sentinel/pm5/pm5__20200506_20200523__0006	2020-05-10	692172.00000000,3680331.00000000,692940.00000000,3681099.00000000
train	002051	lower__20200511_160019_56_2263_3B_AnalyticMS_SR_8b_clip	pm5__20200506_20200523__0006	/scrfs/storage/yikebe/home/research/AR_Crop_Identification/make_dataset/raw_sentinel/pm5/pm5__20200506_20200523__0006	2020-05-10	660684.00000000,3679563.00000000,661452.00000000,3680331.00000000
train	002067	lower__20200511_160019_56_2263_3B_AnalyticMS_SR_8b_clip	pm5__20200506_20200523__0006	/scrfs/storage/yikebe/home/research/AR_Crop_Identification/make_dataset/raw_sentinel/pm5/pm5__20200506_20200523__0006	2020-05-10	661452.00000000,3679563.00000000,662220.00000000,3680331.00000000
train	002083	lower__20200511_160019_56_2263_3B_AnalyticMS_SR_8b_clip	pm5__20200506_20200523__0006	/scrfs/storage/yikebe/home/research/AR_Crop_Identification/make_dataset/raw_sentinel/pm5/pm5__20200506_20200523__0006	2020-05-10	666060.00000000,3679563.00000000,666828.00000000,3680331.00000000
train	002099	lower__20200511_160019_56_2263_3B_AnalyticMS_SR_8b_clip	pm5__20200506_20200523__0006	/scrfs/storage/yikebe/home/research/AR_Crop_Identification/make_dataset/raw_sentinel/pm5/pm5__20200506_20200523__0006	2020-05-10	666828.00000000,3679563.00000000,667596.00000000,3680331.00000000
train	002115	lower__20200511_160019_56_2263_3B_AnalyticMS_SR_8b_clip	pm5__20200506_20200523__0006	/scrfs/storage/yikebe/home/research/AR_Crop_Identification/make_dataset/raw_sentinel/pm5/pm5__20200506_20200523__0006	2020-05-10	667596.00000000,3679563.00000000,668364.00000000,3680331.00000000
train	002131	lower__20200511_160019_56_2263_3B_AnalyticMS_SR_8b_clip	pm5__20200506_20200523__0006	/scrfs/storage/yikebe/home/research/AR_Crop_Identification/make_dataset/raw_sentinel/pm5/pm5__20200506_20200523__0006	2020-05-10	660684.00000000,3678795.00000000,661452.00000000,3679563.00000000
train	002147	lower__20200511_160019_56_2263_3B_AnalyticMS_SR_8b_clip	pm5__20200506_20200523__0006	/scrfs/storage/yikebe/home/research/AR_Crop_Identification/make_dataset/raw_sentinel/pm5/pm5__20200506_20200523__0006	2020-05-10	663756.00000000,3678795.00000000,664524.00000000,3679563.00000000
train	002163	lower__20200511_160019_56_2263_3B_AnalyticMS_SR_8b_clip	pm5__20200506_20200523__0006	/scrfs/storage/yikebe/home/research/AR_Crop_Identification/make_dataset/raw_sentinel/pm5/pm5__20200506_20200523__0006	2020-05-10	664524.00000000,3678795.00000000,665292.00000000,3679563.00000000
train	002179	lower__20200511_160019_56_2263_3B_AnalyticMS_SR_8b_clip	pm5__20200506_20200523__0006	/scrfs/storage/yikebe/home/research/AR_Crop_Identification/make_dataset/raw_sentinel/pm5/pm5__20200506_20200523__0006	2020-05-10	659148.00000000,3678027.00000000,659916.00000000,3678795.00000000
train	002195	lower__20200511_160019_56_2263_3B_AnalyticMS_SR_8b_clip	pm5__20200506_20200523__0006	/scrfs/storage/yikebe/home/research/AR_Crop_Identification/make_dataset/raw_sentinel/pm5/pm5__20200506_20200523__0006	2020-05-10	664524.00000000,3678027.00000000,665292.00000000,3678795.00000000
train	002211	lower__20200511_160019_56_2263_3B_AnalyticMS_SR_8b_clip	pm5__20200506_20200523__0006	/scrfs/storage/yikebe/home/research/AR_Crop_Identification/make_dataset/raw_sentinel/pm5/pm5__20200506_20200523__0006	2020-05-10	691404.00000000,3678027.00000000,692172.00000000,3678795.00000000
train	002227	lower__20200511_160019_56_2263_3B_AnalyticMS_SR_8b_clip	pm5__20200506_20200523__0006	/scrfs/storage/yikebe/home/research/AR_Crop_Identification/make_dataset/raw_sentinel/pm5/pm5__20200506_20200523__0006	2020-05-10	671436.00000000,3677259.00000000,672204.00000000,3678027.00000000
train	002243	lower__20200511_160019_56_2263_3B_AnalyticMS_SR_8b_clip	pm5__20200506_20200523__0006	/scrfs/storage/yikebe/home/research/AR_Crop_Identification/make_dataset/raw_sentinel/pm5/pm5__20200506_20200523__0006	2020-05-10	686796.00000000,3677259.00000000,687564.00000000,3678027.00000000
train	002259	lower__20200511_160019_56_2263_3B_AnalyticMS_SR_8b_clip	pm5__20200506_20200523__0006	/scrfs/storage/yikebe/home/research/AR_Crop_Identification/make_dataset/raw_sentinel/pm5/pm5__20200506_20200523__0006	2020-05-10	690636.00000000,3677259.00000000,691404.00000000,3678027.00000000
train	002275	lower__20200511_160019_56_2263_3B_AnalyticMS_SR_8b_clip	pm5__20200506_20200523__0006	/scrfs/storage/yikebe/home/research/AR_Crop_Identification/make_dataset/raw_sentinel/pm5/pm5__20200506_20200523__0006	2020-05-10	692940.00000000,3677259.00000000,693708.00000000,3678027.00000000
train	002291	lower__20200511_160019_56_2263_3B_AnalyticMS_SR_8b_clip	pm5__20200506_20200523__0006	/scrfs/storage/yikebe/home/research/AR_Crop_Identification/make_dataset/raw_sentinel/pm5/pm5__20200506_20200523__0006	2020-05-10	666060.00000000,3676491.00000000,666828.00000000,3677259.00000000
train	002307	lower__20200511_160019_56_2263_3B_AnalyticMS_SR_8b_clip	pm5__20200506_20200523__0006	/scrfs/storage/yikebe/home/research/AR_Crop_Identification/make_dataset/raw_sentinel/pm5/pm5__20200506_20200523__0006	2020-05-10	671436.00000000,3676491.00000000,672204.00000000,3677259.00000000
train	002323	lower__20200511_160019_56_2263_3B_AnalyticMS_SR_8b_clip	pm5__20200506_20200523__0006	/scrfs/storage/yikebe/home/research/AR_Crop_Identification/make_dataset/raw_sentinel/pm5/pm5__20200506_20200523__0006	2020-05-10	685260.00000000,3676491.00000000,686028.00000000,3677259.00000000
train	002339	lower__20200511_160019_56_2263_3B_AnalyticMS_SR_8b_clip	pm5__20200506_20200523__0006	/scrfs/storage/yikebe/home/research/AR_Crop_Identification/make_dataset/raw_sentinel/pm5/pm5__20200506_20200523__0006	2020-05-10	686028.00000000,3676491.00000000,686796.00000000,3677259.00000000
train	002355	lower__20200511_160019_56_2263_3B_AnalyticMS_SR_8b_clip	pm5__20200506_20200523__0006	/scrfs/storage/yikebe/home/research/AR_Crop_Identification/make_dataset/raw_sentinel/pm5/pm5__20200506_20200523__0006	2020-05-10	686796.00000000,3676491.00000000,687564.00000000,3677259.00000000
train	002371	lower__20200511_160019_56_2263_3B_AnalyticMS_SR_8b_clip	pm5__20200506_20200523__0006	/scrfs/storage/yikebe/home/research/AR_Crop_Identification/make_dataset/raw_sentinel/pm5/pm5__20200506_20200523__0006	2020-05-10	671436.00000000,3675723.00000000,672204.00000000,3676491.00000000
train	002387	lower__20200511_160019_56_2263_3B_AnalyticMS_SR_8b_clip	pm5__20200506_20200523__0006	/scrfs/storage/yikebe/home/research/AR_Crop_Identification/make_dataset/raw_sentinel/pm5/pm5__20200506_20200523__0006	2020-05-10	671436.00000000,3674955.00000000,672204.00000000,3675723.00000000
train	002403	lower__20200511_160019_56_2263_3B_AnalyticMS_SR_8b_clip	pm5__20200506_20200523__0006	/scrfs/storage/yikebe/home/research/AR_Crop_Identification/make_dataset/raw_sentinel/pm5/pm5__20200506_20200523__0006	2020-05-10	672204.00000000,3674955.00000000,672972.00000000,3675723.00000000
train	002419	lower__20200511_160019_56_2263_3B_AnalyticMS_SR_8b_clip	pm5__20200506_20200523__0006	/scrfs/storage/yikebe/home/research/AR_Crop_Identification/make_dataset/raw_sentinel/pm5/pm5__20200506_20200523__0006	2020-05-10	689100.00000000,3674955.00000000,689868.00000000,3675723.00000000
train	002435	lower__20200511_160019_56_2263_3B_AnalyticMS_SR_8b_clip	pm5__20200506_20200523__0006	/scrfs/storage/yikebe/home/research/AR_Crop_Identification/make_dataset/raw_sentinel/pm5/pm5__20200506_20200523__0006	2020-05-10	671436.00000000,3674187.00000000,672204.00000000,3674955.00000000
train	002451	lower__20200511_160019_56_2263_3B_AnalyticMS_SR_8b_clip	pm5__20200506_20200523__0006	/scrfs/storage/yikebe/home/research/AR_Crop_Identification/make_dataset/raw_sentinel/pm5/pm5__20200506_20200523__0006	2020-05-10	672204.00000000,3674187.00000000,672972.00000000,3674955.00000000
train	002467	lower__20200511_160019_56_2263_3B_AnalyticMS_SR_8b_clip	pm5__20200506_20200523__0006	/scrfs/storage/yikebe/home/research/AR_Crop_Identification/make_dataset/raw_sentinel/pm5/pm5__20200506_20200523__0006	2020-05-10	689100.00000000,3674187.00000000,689868.00000000,3674955.00000000
train	002483	lower__20200511_160019_56_2263_3B_AnalyticMS_SR_8b_clip	pm5__20200506_20200523__0006	/scrfs/storage/yikebe/home/research/AR_Crop_Identification/make_dataset/raw_sentinel/pm5/pm5__20200506_20200523__0006	2020-05-10	689868.00000000,3674187.00000000,690636.00000000,3674955.00000000
train	002499	lower__20200511_160019_56_2263_3B_AnalyticMS_SR_8b_clip	pm5__20200506_20200523__0006	/scrfs/storage/yikebe/home/research/AR_Crop_Identification/make_dataset/raw_sentinel/pm5/pm5__20200506_20200523__0006	2020-05-10	690636.00000000,3674187.00000000,691404.00000000,3674955.00000000
train	002515	lower__20200511_160019_56_2263_3B_AnalyticMS_SR_8b_clip	pm5__20200506_20200523__0006	/scrfs/storage/yikebe/home/research/AR_Crop_Identification/make_dataset/raw_sentinel/pm5/pm5__20200506_20200523__0006	2020-05-10	670668.00000000,3673419.00000000,671436.00000000,3674187.00000000
train	002531	lower__20200511_160019_56_2263_3B_AnalyticMS_SR_8b_clip	pm5__20200506_20200523__0006	/scrfs/storage/yikebe/home/research/AR_Crop_Identification/make_dataset/raw_sentinel/pm5/pm5__20200506_20200523__0006	2020-05-10	671436.00000000,3673419.00000000,672204.00000000,3674187.00000000
train	002547	lower__20200511_160019_56_2263_3B_AnalyticMS_SR_8b_clip	pm5__20200506_20200523__0006	/scrfs/storage/yikebe/home/research/AR_Crop_Identification/make_dataset/raw_sentinel/pm5/pm5__20200506_20200523__0006	2020-05-10	663756.00000000,3672651.00000000,664524.00000000,3673419.00000000
train	002563	lower__20200511_160019_56_2263_3B_AnalyticMS_SR_8b_clip	pm5__20200506_20200523__0006	/scrfs/storage/yikebe/home/research/AR_Crop_Identification/make_dataset/raw_sentinel/pm5/pm5__20200506_20200523__0006	2020-05-10	669900.00000000,3672651.00000000,670668.00000000,3673419.00000000
train	002579	lower__20200511_160019_56_2263_3B_AnalyticMS_SR_8b_clip	pm5__20200506_20200523__0006	/scrfs/storage/yikebe/home/research/AR_Crop_Identification/make_dataset/raw_sentinel/pm5/pm5__20200506_20200523__0006	2020-05-10	670668.00000000,3672651.00000000,671436.00000000,3673419.00000000
train	002595	lower__20200511_160019_56_2263_3B_AnalyticMS_SR_8b_clip	pm5__20200506_20200523__0006	/scrfs/storage/yikebe/home/research/AR_Crop_Identification/make_dataset/raw_sentinel/pm5/pm5__20200506_20200523__0006	2020-05-10	671436.00000000,3672651.00000000,672204.00000000,3673419.00000000
train	002611	lower__20200511_160019_56_2263_3B_AnalyticMS_SR_8b_clip	pm5__20200506_20200523__0006	/scrfs/storage/yikebe/home/research/AR_Crop_Identification/make_dataset/raw_sentinel/pm5/pm5__20200506_20200523__0006	2020-05-10	672204.00000000,3672651.00000000,672972.00000000,3673419.00000000
train	002627	lower__20200511_160019_56_2263_3B_AnalyticMS_SR_8b_clip	pm5__20200506_20200523__0006	/scrfs/storage/yikebe/home/research/AR_Crop_Identification/make_dataset/raw_sentinel/pm5/pm5__20200506_20200523__0006	2020-05-10	672972.00000000,3672651.00000000,673740.00000000,3673419.00000000
train	002643	lower__20200511_160019_56_2263_3B_AnalyticMS_SR_8b_clip	pm5__20200506_20200523__0006	/scrfs/storage/yikebe/home/research/AR_Crop_Identification/make_dataset/raw_sentinel/pm5/pm5__20200506_20200523__0006	2020-05-10	669132.00000000,3671883.00000000,669900.00000000,3672651.00000000
train	002659	lower__20200511_160019_56_2263_3B_AnalyticMS_SR_8b_clip	pm5__20200506_20200523__0006	/scrfs/storage/yikebe/home/research/AR_Crop_Identification/make_dataset/raw_sentinel/pm5/pm5__20200506_20200523__0006	2020-05-10	669900.00000000,3671883.00000000,670668.00000000,3672651.00000000
train	002675	lower__20200511_160019_56_2263_3B_AnalyticMS_SR_8b_clip	pm5__20200506_20200523__0006	/scrfs/storage/yikebe/home/research/AR_Crop_Identification/make_dataset/raw_sentinel/pm5/pm5__20200506_20200523__0006	2020-05-10	671436.00000000,3671883.00000000,672204.00000000,3672651.00000000
train	002691	lower__20200511_160019_56_2263_3B_AnalyticMS_SR_8b_clip	pm5__20200506_20200523__0006	/scrfs/storage/yikebe/home/research/AR_Crop_Identification/make_dataset/raw_sentinel/pm5/pm5__20200506_20200523__0006	2020-05-10	663756.00000000,3671115.00000000,664524.00000000,3671883.00000000
train	002707	lower__20200511_160019_56_2263_3B_AnalyticMS_SR_8b_clip	pm5__20200506_20200523__0006	/scrfs/storage/yikebe/home/research/AR_Crop_Identification/make_dataset/raw_sentinel/pm5/pm5__20200506_20200523__0006	2020-05-10	668364.00000000,3671115.00000000,669132.00000000,3671883.00000000
train	002723	lower__20200511_160019_56_2263_3B_AnalyticMS_SR_8b_clip	pm5__20200506_20200523__0006	/scrfs/storage/yikebe/home/research/AR_Crop_Identification/make_dataset/raw_sentinel/pm5/pm5__20200506_20200523__0006	2020-05-10	663756.00000000,3670347.00000000,664524.00000000,3671115.00000000
train	002739	lower__20200511_160019_56_2263_3B_AnalyticMS_SR_8b_clip	pm5__20200506_20200523__0006	/scrfs/storage/yikebe/home/research/AR_Crop_Identification/make_dataset/raw_sentinel/pm5/pm5__20200506_20200523__0006	2020-05-10	666060.00000000,3670347.00000000,666828.00000000,3671115.00000000
train	002755	lower__20200511_160019_56_2263_3B_AnalyticMS_SR_8b_clip	pm5__20200506_20200523__0006	/scrfs/storage/yikebe/home/research/AR_Crop_Identification/make_dataset/raw_sentinel/pm5/pm5__20200506_20200523__0006	2020-05-10	669132.00000000,3670347.00000000,669900.00000000,3671115.00000000
train	002771	lower__20200511_160019_56_2263_3B_AnalyticMS_SR_8b_clip	pm5__20200506_20200523__0006	/scrfs/storage/yikebe/home/research/AR_Crop_Identification/make_dataset/raw_sentinel/pm5/pm5__20200506_20200523__0006	2020-05-10	687564.00000000,3670347.00000000,688332.00000000,3671115.00000000
train	002787	lower__20200511_160019_56_2263_3B_AnalyticMS_SR_8b_clip	pm5__20200506_20200523__0006	/scrfs/storage/yikebe/home/research/AR_Crop_Identification/make_dataset/raw_sentinel/pm5/pm5__20200506_20200523__0006	2020-05-10	688332.00000000,3670347.00000000,689100.00000000,3671115.00000000
train	002803	lower__20200511_160019_56_2263_3B_AnalyticMS_SR_8b_clip	pm5__20200506_20200523__0006	/scrfs/storage/yikebe/home/research/AR_Crop_Identification/make_dataset/raw_sentinel/pm5/pm5__20200506_20200523__0006	2020-05-10	689100.00000000,3670347.00000000,689868.00000000,3671115.00000000
train	002819	lower__20200511_160019_56_2263_3B_AnalyticMS_SR_8b_clip	pm5__20200506_20200523__0006	/scrfs/storage/yikebe/home/research/AR_Crop_Identification/make_dataset/raw_sentinel/pm5/pm5__20200506_20200523__0006	2020-05-10	687564.00000000,3669579.00000000,688332.00000000,3670347.00000000
train	002835	lower__20200511_160019_56_2263_3B_AnalyticMS_SR_8b_clip	pm5__20200506_20200523__0006	/scrfs/storage/yikebe/home/research/AR_Crop_Identification/make_dataset/raw_sentinel/pm5/pm5__20200506_20200523__0006	2020-05-10	688332.00000000,3669579.00000000,689100.00000000,3670347.00000000
train	002851	lower__20200511_160019_56_2263_3B_AnalyticMS_SR_8b_clip	pm5__20200506_20200523__0006	/scrfs/storage/yikebe/home/research/AR_Crop_Identification/make_dataset/raw_sentinel/pm5/pm5__20200506_20200523__0006	2020-05-10	684492.00000000,3668811.00000000,685260.00000000,3669579.00000000
train	002867	lower__20200511_160019_56_2263_3B_AnalyticMS_SR_8b_clip	pm5__20200506_20200523__0006	/scrfs/storage/yikebe/home/research/AR_Crop_Identification/make_dataset/raw_sentinel/pm5/pm5__20200506_20200523__0006	2020-05-10	680652.00000000,3668043.00000000,681420.00000000,3668811.00000000
train	002883	lower__20200511_160019_56_2263_3B_AnalyticMS_SR_8b_clip	pm5__20200506_20200523__0006	/scrfs/storage/yikebe/home/research/AR_Crop_Identification/make_dataset/raw_sentinel/pm5/pm5__20200506_20200523__0006	2020-05-10	681420.00000000,3668043.00000000,682188.00000000,3668811.00000000
train	002899	lower__20200511_160019_56_2263_3B_AnalyticMS_SR_8b_clip	pm5__20200506_20200523__0006	/scrfs/storage/yikebe/home/research/AR_Crop_Identification/make_dataset/raw_sentinel/pm5/pm5__20200506_20200523__0006	2020-05-10	682188.00000000,3668043.00000000,682956.00000000,3668811.00000000
train	002915	lower__20200511_160019_56_2263_3B_AnalyticMS_SR_8b_clip	pm5__20200506_20200523__0006	/scrfs/storage/yikebe/home/research/AR_Crop_Identification/make_dataset/raw_sentinel/pm5/pm5__20200506_20200523__0006	2020-05-10	682956.00000000,3667275.00000000,683724.00000000,3668043.00000000
train	002931	lower__20200511_160019_56_2263_3B_AnalyticMS_SR_8b_clip	pm5__20200506_20200523__0006	/scrfs/storage/yikebe/home/research/AR_Crop_Identification/make_dataset/raw_sentinel/pm5/pm5__20200506_20200523__0006	2020-05-10	683724.00000000,3667275.00000000,684492.00000000,3668043.00000000
train	002947	lower__20200717_160357_60_2271_3B_AnalyticMS_SR_8b_clip	pm5__20200705_20200723__0015	/scrfs/storage/yikebe/home/research/AR_Crop_Identification/make_dataset/raw_sentinel/pm5/pm5__20200705_20200723__0015	2020-07-12	646890.00000000,3752493.00000000,647658.00000000,3753261.00000000
train	002963	lower__20200717_160357_60_2271_3B_AnalyticMS_SR_8b_clip	pm5__20200705_20200723__0015	/scrfs/storage/yikebe/home/research/AR_Crop_Identification/make_dataset/raw_sentinel/pm5/pm5__20200705_20200723__0015	2020-07-12	625386.00000000,3751725.00000000,626154.00000000,3752493.00000000
train	002979	lower__20200910_155840_34_220b_3B_AnalyticMS_SR_8b_clip	pm5__20200905_20200924__0030	/scrfs/storage/yikebe/home/research/AR_Crop_Identification/make_dataset/raw_sentinel/pm5/pm5__20200905_20200924__0030	2020-09-07	740421.00000000,3848154.00000000,741189.00000000,3848922.00000000
train	002995	lower__20200910_155840_34_220b_3B_AnalyticMS_SR_8b_clip	pm5__20200905_20200924__0030	/scrfs/storage/yikebe/home/research/AR_Crop_Identification/make_dataset/raw_sentinel/pm5/pm5__20200905_20200924__0030	2020-09-07	754245.00000000,3848154.00000000,755013.00000000,3848922.00000000
train	003011	lower__20200910_155840_34_220b_3B_AnalyticMS_SR_8b_clip	pm5__20200905_20200924__0030	/scrfs/storage/yikebe/home/research/AR_Crop_Identification/make_dataset/raw_sentinel/pm5/pm5__20200905_20200924__0030	2020-09-07	741957.00000000,3846618.00000000,742725.00000000,3847386.00000000
train	003027	lower__20200910_155840_34_220b_3B_AnalyticMS_SR_8b_clip	pm5__20200905_20200924__0030	/scrfs/storage/yikebe/home/research/AR_Crop_Identification/make_dataset/raw_sentinel/pm5/pm5__20200905_20200924__0030	2020-09-07	726597.00000000,3845850.00000000,727365.00000000,3846618.00000000
train	003043	lower__20200910_155840_34_220b_3B_AnalyticMS_SR_8b_clip	pm5__20200905_20200924__0030	/scrfs/storage/yikebe/home/research/AR_Crop_Identification/make_dataset/raw_sentinel/pm5/pm5__20200905_20200924__0030	2020-09-07	742725.00000000,3845850.00000000,743493.00000000,3846618.00000000
train	003059	lower__20200910_155840_34_220b_3B_AnalyticMS_SR_8b_clip	pm5__20200905_20200924__0030	/scrfs/storage/yikebe/home/research/AR_Crop_Identification/make_dataset/raw_sentinel/pm5/pm5__20200905_20200924__0030	2020-09-07	728133.00000000,3845082.00000000,728901.00000000,3845850.00000000
train	003075	lower__20200910_155840_34_220b_3B_AnalyticMS_SR_8b_clip	pm5__20200905_20200924__0030	/scrfs/storage/yikebe/home/research/AR_Crop_Identification/make_dataset/raw_sentinel/pm5/pm5__20200905_20200924__0030	2020-09-07	741957.00000000,3845082.00000000,742725.00000000,3845850.00000000
train	003091	lower__20200910_155840_34_220b_3B_AnalyticMS_SR_8b_clip	pm5__20200905_20200924__0030	/scrfs/storage/yikebe/home/research/AR_Crop_Identification/make_dataset/raw_sentinel/pm5/pm5__20200905_20200924__0030	2020-09-07	741957.00000000,3844314.00000000,742725.00000000,3845082.00000000
train	003107	lower__20200910_155840_34_220b_3B_AnalyticMS_SR_8b_clip	pm5__20200905_20200924__0030	/scrfs/storage/yikebe/home/research/AR_Crop_Identification/make_dataset/raw_sentinel/pm5/pm5__20200905_20200924__0030	2020-09-07	741189.00000000,3842778.00000000,741957.00000000,3843546.00000000
train	003123	lower__20200910_155840_34_220b_3B_AnalyticMS_SR_8b_clip	pm5__20200905_20200924__0030	/scrfs/storage/yikebe/home/research/AR_Crop_Identification/make_dataset/raw_sentinel/pm5/pm5__20200905_20200924__0030	2020-09-07	751173.00000000,3842778.00000000,751941.00000000,3843546.00000000
train	003139	lower__20200910_155840_34_220b_3B_AnalyticMS_SR_8b_clip	pm5__20200905_20200924__0030	/scrfs/storage/yikebe/home/research/AR_Crop_Identification/make_dataset/raw_sentinel/pm5/pm5__20200905_20200924__0030	2020-09-07	742725.00000000,3841242.00000000,743493.00000000,3842010.00000000
train	003155	lower__20200910_155840_34_220b_3B_AnalyticMS_SR_8b_clip	pm5__20200905_20200924__0030	/scrfs/storage/yikebe/home/research/AR_Crop_Identification/make_dataset/raw_sentinel/pm5/pm5__20200905_20200924__0030	2020-09-07	748869.00000000,3841242.00000000,749637.00000000,3842010.00000000
train	003171	lower__20200910_155840_34_220b_3B_AnalyticMS_SR_8b_clip	pm5__20200905_20200924__0030	/scrfs/storage/yikebe/home/research/AR_Crop_Identification/make_dataset/raw_sentinel/pm5/pm5__20200905_20200924__0030	2020-09-07	742725.00000000,3840474.00000000,743493.00000000,3841242.00000000
train	003187	lower__20200910_155840_34_220b_3B_AnalyticMS_SR_8b_clip	pm5__20200905_20200924__0030	/scrfs/storage/yikebe/home/research/AR_Crop_Identification/make_dataset/raw_sentinel/pm5/pm5__20200905_20200924__0030	2020-09-07	749637.00000000,3838938.00000000,750405.00000000,3839706.00000000
train	003203	lower__20200910_160121_79_222c_3B_AnalyticMS_SR_8b_clip	pm5__20200905_20200924__0024	/scrfs/storage/yikebe/home/research/AR_Crop_Identification/make_dataset/raw_sentinel/pm5/pm5__20200905_20200924__0024	2020-09-10	677460.00000000,3828069.00000000,678228.00000000,3828837.00000000
train	003219	lower__20200910_160121_79_222c_3B_AnalyticMS_SR_8b_clip	pm5__20200905_20200924__0024	/scrfs/storage/yikebe/home/research/AR_Crop_Identification/make_dataset/raw_sentinel/pm5/pm5__20200905_20200924__0024	2020-09-10	678228.00000000,3827301.00000000,678996.00000000,3828069.00000000
train	003235	lower__20200910_160121_79_222c_3B_AnalyticMS_SR_8b_clip	pm5__20200905_20200924__0024	/scrfs/storage/yikebe/home/research/AR_Crop_Identification/make_dataset/raw_sentinel/pm5/pm5__20200905_20200924__0024	2020-09-10	666708.00000000,3826533.00000000,667476.00000000,3827301.00000000
train	003251	lower__20200910_160121_79_222c_3B_AnalyticMS_SR_8b_clip	pm5__20200905_20200924__0024	/scrfs/storage/yikebe/home/research/AR_Crop_Identification/make_dataset/raw_sentinel/pm5/pm5__20200905_20200924__0024	2020-09-10	675156.00000000,3826533.00000000,675924.00000000,3827301.00000000
train	003267	lower__20200910_160121_79_222c_3B_AnalyticMS_SR_8b_clip	pm5__20200905_20200924__0024	/scrfs/storage/yikebe/home/research/AR_Crop_Identification/make_dataset/raw_sentinel/pm5/pm5__20200905_20200924__0024	2020-09-10	667476.00000000,3825765.00000000,668244.00000000,3826533.00000000
train	003283	lower__20200910_160121_79_222c_3B_AnalyticMS_SR_8b_clip	pm5__20200905_20200924__0024	/scrfs/storage/yikebe/home/research/AR_Crop_Identification/make_dataset/raw_sentinel/pm5/pm5__20200905_20200924__0024	2020-09-10	667476.00000000,3824997.00000000,668244.00000000,3825765.00000000
train	003299	lower__20200910_160121_79_222c_3B_AnalyticMS_SR_8b_clip	pm5__20200905_20200924__0024	/scrfs/storage/yikebe/home/research/AR_Crop_Identification/make_dataset/raw_sentinel/pm5/pm5__20200905_20200924__0024	2020-09-10	675156.00000000,3824997.00000000,675924.00000000,3825765.00000000
train	003315	lower__20200910_160121_79_222c_3B_AnalyticMS_SR_8b_clip	pm5__20200905_20200924__0024	/scrfs/storage/yikebe/home/research/AR_Crop_Identification/make_dataset/raw_sentinel/pm5/pm5__20200905_20200924__0024	2020-09-10	673620.00000000,3824229.00000000,674388.00000000,3824997.00000000
train	003331	lower__20200910_160121_79_222c_3B_AnalyticMS_SR_8b_clip	pm5__20200905_20200924__0024	/scrfs/storage/yikebe/home/research/AR_Crop_Identification/make_dataset/raw_sentinel/pm5/pm5__20200905_20200924__0024	2020-09-10	682068.00000000,3817317.00000000,682836.00000000,3818085.00000000
train	003347	lower__20200910_160121_79_222c_3B_AnalyticMS_SR_8b_clip	pm5__20200905_20200924__0024	/scrfs/storage/yikebe/home/research/AR_Crop_Identification/make_dataset/raw_sentinel/pm5/pm5__20200905_20200924__0024	2020-09-10	684372.00000000,3816549.00000000,685140.00000000,3817317.00000000
train	003363	lower__20200911_160151_62_2235_3B_AnalyticMS_SR_8b_clip	pm5__20200905_20200924__0025	/scrfs/storage/yikebe/home/research/AR_Crop_Identification/make_dataset/raw_sentinel/pm5/pm5__20200905_20200924__0025	2020-09-07	698289.00000000,3795762.00000000,699057.00000000,3796530.00000000
train	003379	lower__20200911_160151_62_2235_3B_AnalyticMS_SR_8b_clip	pm5__20200905_20200924__0025	/scrfs/storage/yikebe/home/research/AR_Crop_Identification/make_dataset/raw_sentinel/pm5/pm5__20200905_20200924__0025	2020-09-07	699825.00000000,3794994.00000000,700593.00000000,3795762.00000000
train	003395	lower__20200911_160151_62_2235_3B_AnalyticMS_SR_8b_clip	pm5__20200905_20200924__0025	/scrfs/storage/yikebe/home/research/AR_Crop_Identification/make_dataset/raw_sentinel/pm5/pm5__20200905_20200924__0025	2020-09-07	700593.00000000,3794994.00000000,701361.00000000,3795762.00000000
train	003411	lower__20200911_160151_62_2235_3B_AnalyticMS_SR_8b_clip	pm5__20200905_20200924__0025	/scrfs/storage/yikebe/home/research/AR_Crop_Identification/make_dataset/raw_sentinel/pm5/pm5__20200905_20200924__0025	2020-09-07	702129.00000000,3794994.00000000,702897.00000000,3795762.00000000
train	003427	lower__20200911_160151_62_2235_3B_AnalyticMS_SR_8b_clip	pm5__20200905_20200924__0025	/scrfs/storage/yikebe/home/research/AR_Crop_Identification/make_dataset/raw_sentinel/pm5/pm5__20200905_20200924__0025	2020-09-07	698289.00000000,3794226.00000000,699057.00000000,3794994.00000000
train	003443	lower__20200911_160151_62_2235_3B_AnalyticMS_SR_8b_clip	pm5__20200905_20200924__0025	/scrfs/storage/yikebe/home/research/AR_Crop_Identification/make_dataset/raw_sentinel/pm5/pm5__20200905_20200924__0025	2020-09-07	699057.00000000,3794226.00000000,699825.00000000,3794994.00000000
train	003459	lower__20200911_160151_62_2235_3B_AnalyticMS_SR_8b_clip	pm5__20200905_20200924__0025	/scrfs/storage/yikebe/home/research/AR_Crop_Identification/make_dataset/raw_sentinel/pm5/pm5__20200905_20200924__0025	2020-09-07	699825.00000000,3794226.00000000,700593.00000000,3794994.00000000
train	003475	lower__20200911_160151_62_2235_3B_AnalyticMS_SR_8b_clip	pm5__20200905_20200924__0025	/scrfs/storage/yikebe/home/research/AR_Crop_Identification/make_dataset/raw_sentinel/pm5/pm5__20200905_20200924__0025	2020-09-07	702897.00000000,3794226.00000000,703665.00000000,3794994.00000000
train	003491	lower__20200911_160151_62_2235_3B_AnalyticMS_SR_8b_clip	pm5__20200905_20200924__0025	/scrfs/storage/yikebe/home/research/AR_Crop_Identification/make_dataset/raw_sentinel/pm5/pm5__20200905_20200924__0025	2020-09-07	703665.00000000,3794226.00000000,704433.00000000,3794994.00000000
train	003507	lower__20200911_160151_62_2235_3B_AnalyticMS_SR_8b_clip	pm5__20200905_20200924__0025	/scrfs/storage/yikebe/home/research/AR_Crop_Identification/make_dataset/raw_sentinel/pm5/pm5__20200905_20200924__0025	2020-09-07	704433.00000000,3794226.00000000,705201.00000000,3794994.00000000
train	003523	lower__20200911_160151_62_2235_3B_AnalyticMS_SR_8b_clip	pm5__20200905_20200924__0025	/scrfs/storage/yikebe/home/research/AR_Crop_Identification/make_dataset/raw_sentinel/pm5/pm5__20200905_20200924__0025	2020-09-07	705969.00000000,3794226.00000000,706737.00000000,3794994.00000000
train	003539	lower__20200911_160151_62_2235_3B_AnalyticMS_SR_8b_clip	pm5__20200905_20200924__0025	/scrfs/storage/yikebe/home/research/AR_Crop_Identification/make_dataset/raw_sentinel/pm5/pm5__20200905_20200924__0025	2020-09-07	698289.00000000,3793458.00000000,699057.00000000,3794226.00000000
train	003555	lower__20200911_160151_62_2235_3B_AnalyticMS_SR_8b_clip	pm5__20200905_20200924__0025	/scrfs/storage/yikebe/home/research/AR_Crop_Identification/make_dataset/raw_sentinel/pm5/pm5__20200905_20200924__0025	2020-09-07	699057.00000000,3793458.00000000,699825.00000000,3794226.00000000
train	003571	lower__20200911_160151_62_2235_3B_AnalyticMS_SR_8b_clip	pm5__20200905_20200924__0025	/scrfs/storage/yikebe/home/research/AR_Crop_Identification/make_dataset/raw_sentinel/pm5/pm5__20200905_20200924__0025	2020-09-07	712113.00000000,3793458.00000000,712881.00000000,3794226.00000000
train	003587	lower__20200911_160151_62_2235_3B_AnalyticMS_SR_8b_clip	pm5__20200905_20200924__0025	/scrfs/storage/yikebe/home/research/AR_Crop_Identification/make_dataset/raw_sentinel/pm5/pm5__20200905_20200924__0025	2020-09-07	712881.00000000,3793458.00000000,713649.00000000,3794226.00000000
train	003603	lower__20200911_160151_62_2235_3B_AnalyticMS_SR_8b_clip	pm5__20200905_20200924__0025	/scrfs/storage/yikebe/home/research/AR_Crop_Identification/make_dataset/raw_sentinel/pm5/pm5__20200905_20200924__0025	2020-09-07	698289.00000000,3792690.00000000,699057.00000000,3793458.00000000
train	003619	lower__20200911_160151_62_2235_3B_AnalyticMS_SR_8b_clip	pm5__20200905_20200924__0025	/scrfs/storage/yikebe/home/research/AR_Crop_Identification/make_dataset/raw_sentinel/pm5/pm5__20200905_20200924__0025	2020-09-07	706737.00000000,3792690.00000000,707505.00000000,3793458.00000000
train	003635	lower__20200911_160151_62_2235_3B_AnalyticMS_SR_8b_clip	pm5__20200905_20200924__0025	/scrfs/storage/yikebe/home/research/AR_Crop_Identification/make_dataset/raw_sentinel/pm5/pm5__20200905_20200924__0025	2020-09-07	707505.00000000,3792690.00000000,708273.00000000,3793458.00000000
train	003651	lower__20200911_160151_62_2235_3B_AnalyticMS_SR_8b_clip	pm5__20200905_20200924__0025	/scrfs/storage/yikebe/home/research/AR_Crop_Identification/make_dataset/raw_sentinel/pm5/pm5__20200905_20200924__0025	2020-09-07	708273.00000000,3792690.00000000,709041.00000000,3793458.00000000
train	003667	lower__20200911_160151_62_2235_3B_AnalyticMS_SR_8b_clip	pm5__20200905_20200924__0025	/scrfs/storage/yikebe/home/research/AR_Crop_Identification/make_dataset/raw_sentinel/pm5/pm5__20200905_20200924__0025	2020-09-07	712113.00000000,3792690.00000000,712881.00000000,3793458.00000000
train	003683	lower__20200911_160151_62_2235_3B_AnalyticMS_SR_8b_clip	pm5__20200905_20200924__0025	/scrfs/storage/yikebe/home/research/AR_Crop_Identification/make_dataset/raw_sentinel/pm5/pm5__20200905_20200924__0025	2020-09-07	712881.00000000,3792690.00000000,713649.00000000,3793458.00000000
train	003699	lower__20200911_160151_62_2235_3B_AnalyticMS_SR_8b_clip	pm5__20200905_20200924__0025	/scrfs/storage/yikebe/home/research/AR_Crop_Identification/make_dataset/raw_sentinel/pm5/pm5__20200905_20200924__0025	2020-09-07	715953.00000000,3792690.00000000,716721.00000000,3793458.00000000
train	003715	lower__20200911_160151_62_2235_3B_AnalyticMS_SR_8b_clip	pm5__20200905_20200924__0025	/scrfs/storage/yikebe/home/research/AR_Crop_Identification/make_dataset/raw_sentinel/pm5/pm5__20200905_20200924__0025	2020-09-07	716721.00000000,3792690.00000000,717489.00000000,3793458.00000000
train	003731	lower__20200911_160151_62_2235_3B_AnalyticMS_SR_8b_clip	pm5__20200905_20200924__0025	/scrfs/storage/yikebe/home/research/AR_Crop_Identification/make_dataset/raw_sentinel/pm5/pm5__20200905_20200924__0025	2020-09-07	697521.00000000,3791922.00000000,698289.00000000,3792690.00000000
train	003747	lower__20200911_160151_62_2235_3B_AnalyticMS_SR_8b_clip	pm5__20200905_20200924__0025	/scrfs/storage/yikebe/home/research/AR_Crop_Identification/make_dataset/raw_sentinel/pm5/pm5__20200905_20200924__0025	2020-09-07	698289.00000000,3791922.00000000,699057.00000000,3792690.00000000
train	003763	lower__20200911_160151_62_2235_3B_AnalyticMS_SR_8b_clip	pm5__20200905_20200924__0025	/scrfs/storage/yikebe/home/research/AR_Crop_Identification/make_dataset/raw_sentinel/pm5/pm5__20200905_20200924__0025	2020-09-07	707505.00000000,3791922.00000000,708273.00000000,3792690.00000000
train	003779	lower__20200911_160151_62_2235_3B_AnalyticMS_SR_8b_clip	pm5__20200905_20200924__0025	/scrfs/storage/yikebe/home/research/AR_Crop_Identification/make_dataset/raw_sentinel/pm5/pm5__20200905_20200924__0025	2020-09-07	712113.00000000,3791922.00000000,712881.00000000,3792690.00000000
train	003795	lower__20200911_160151_62_2235_3B_AnalyticMS_SR_8b_clip	pm5__20200905_20200924__0025	/scrfs/storage/yikebe/home/research/AR_Crop_Identification/make_dataset/raw_sentinel/pm5/pm5__20200905_20200924__0025	2020-09-07	715185.00000000,3791922.00000000,715953.00000000,3792690.00000000
train	003811	lower__20200911_160151_62_2235_3B_AnalyticMS_SR_8b_clip	pm5__20200905_20200924__0025	/scrfs/storage/yikebe/home/research/AR_Crop_Identification/make_dataset/raw_sentinel/pm5/pm5__20200905_20200924__0025	2020-09-07	716721.00000000,3791922.00000000,717489.00000000,3792690.00000000
train	003827	lower__20200911_160151_62_2235_3B_AnalyticMS_SR_8b_clip	pm5__20200905_20200924__0025	/scrfs/storage/yikebe/home/research/AR_Crop_Identification/make_dataset/raw_sentinel/pm5/pm5__20200905_20200924__0025	2020-09-07	697521.00000000,3791154.00000000,698289.00000000,3791922.00000000
train	003843	lower__20200911_160151_62_2235_3B_AnalyticMS_SR_8b_clip	pm5__20200905_20200924__0025	/scrfs/storage/yikebe/home/research/AR_Crop_Identification/make_dataset/raw_sentinel/pm5/pm5__20200905_20200924__0025	2020-09-07	698289.00000000,3791154.00000000,699057.00000000,3791922.00000000
train	003859	lower__20200911_160151_62_2235_3B_AnalyticMS_SR_8b_clip	pm5__20200905_20200924__0025	/scrfs/storage/yikebe/home/research/AR_Crop_Identification/make_dataset/raw_sentinel/pm5/pm5__20200905_20200924__0025	2020-09-07	712113.00000000,3791154.00000000,712881.00000000,3791922.00000000
train	003875	lower__20200911_160151_62_2235_3B_AnalyticMS_SR_8b_clip	pm5__20200905_20200924__0025	/scrfs/storage/yikebe/home/research/AR_Crop_Identification/make_dataset/raw_sentinel/pm5/pm5__20200905_20200924__0025	2020-09-07	715185.00000000,3791154.00000000,715953.00000000,3791922.00000000
train	003891	lower__20200911_160151_62_2235_3B_AnalyticMS_SR_8b_clip	pm5__20200905_20200924__0025	/scrfs/storage/yikebe/home/research/AR_Crop_Identification/make_dataset/raw_sentinel/pm5/pm5__20200905_20200924__0025	2020-09-07	716721.00000000,3791154.00000000,717489.00000000,3791922.00000000
train	003907	lower__20200911_160151_62_2235_3B_AnalyticMS_SR_8b_clip	pm5__20200905_20200924__0025	/scrfs/storage/yikebe/home/research/AR_Crop_Identification/make_dataset/raw_sentinel/pm5/pm5__20200905_20200924__0025	2020-09-07	717489.00000000,3791154.00000000,718257.00000000,3791922.00000000
train	003923	lower__20200911_160151_62_2235_3B_AnalyticMS_SR_8b_clip	pm5__20200905_20200924__0025	/scrfs/storage/yikebe/home/research/AR_Crop_Identification/make_dataset/raw_sentinel/pm5/pm5__20200905_20200924__0025	2020-09-07	697521.00000000,3790386.00000000,698289.00000000,3791154.00000000
train	003939	lower__20200911_160151_62_2235_3B_AnalyticMS_SR_8b_clip	pm5__20200905_20200924__0025	/scrfs/storage/yikebe/home/research/AR_Crop_Identification/make_dataset/raw_sentinel/pm5/pm5__20200905_20200924__0025	2020-09-07	698289.00000000,3790386.00000000,699057.00000000,3791154.00000000
train	003955	lower__20200911_160151_62_2235_3B_AnalyticMS_SR_8b_clip	pm5__20200905_20200924__0025	/scrfs/storage/yikebe/home/research/AR_Crop_Identification/make_dataset/raw_sentinel/pm5/pm5__20200905_20200924__0025	2020-09-07	717489.00000000,3790386.00000000,718257.00000000,3791154.00000000
train	003971	lower__20200911_160151_62_2235_3B_AnalyticMS_SR_8b_clip	pm5__20200905_20200924__0025	/scrfs/storage/yikebe/home/research/AR_Crop_Identification/make_dataset/raw_sentinel/pm5/pm5__20200905_20200924__0025	2020-09-07	729009.00000000,3790386.00000000,729777.00000000,3791154.00000000
train	003987	lower__20200911_160151_62_2235_3B_AnalyticMS_SR_8b_clip	pm5__20200905_20200924__0025	/scrfs/storage/yikebe/home/research/AR_Crop_Identification/make_dataset/raw_sentinel/pm5/pm5__20200905_20200924__0025	2020-09-07	715185.00000000,3788082.00000000,715953.00000000,3788850.00000000
train	004003	lower__20200911_160151_62_2235_3B_AnalyticMS_SR_8b_clip	pm5__20200905_20200924__0025	/scrfs/storage/yikebe/home/research/AR_Crop_Identification/make_dataset/raw_sentinel/pm5/pm5__20200905_20200924__0025	2020-09-07	729009.00000000,3788082.00000000,729777.00000000,3788850.00000000
train	004019	lower__20200911_160151_62_2235_3B_AnalyticMS_SR_8b_clip	pm5__20200905_20200924__0025	/scrfs/storage/yikebe/home/research/AR_Crop_Identification/make_dataset/raw_sentinel/pm5/pm5__20200905_20200924__0025	2020-09-07	716721.00000000,3785778.00000000,717489.00000000,3786546.00000000
train	004035	lower__20200911_160151_62_2235_3B_AnalyticMS_SR_8b_clip	pm5__20200905_20200924__0025	/scrfs/storage/yikebe/home/research/AR_Crop_Identification/make_dataset/raw_sentinel/pm5/pm5__20200905_20200924__0025	2020-09-07	725937.00000000,3785010.00000000,726705.00000000,3785778.00000000
train	004051	lower__20200911_160151_62_2235_3B_AnalyticMS_SR_8b_clip	pm5__20200905_20200924__0025	/scrfs/storage/yikebe/home/research/AR_Crop_Identification/make_dataset/raw_sentinel/pm5/pm5__20200905_20200924__0025	2020-09-07	719025.00000000,3784242.00000000,719793.00000000,3785010.00000000
train	004067	lower__20200911_160151_62_2235_3B_AnalyticMS_SR_8b_clip	pm5__20200905_20200924__0025	/scrfs/storage/yikebe/home/research/AR_Crop_Identification/make_dataset/raw_sentinel/pm5/pm5__20200905_20200924__0025	2020-09-07	712881.00000000,3781938.00000000,713649.00000000,3782706.00000000
train	004083	lower__20200911_160151_62_2235_3B_AnalyticMS_SR_8b_clip	pm5__20200905_20200924__0025	/scrfs/storage/yikebe/home/research/AR_Crop_Identification/make_dataset/raw_sentinel/pm5/pm5__20200905_20200924__0025	2020-09-07	716721.00000000,3781938.00000000,717489.00000000,3782706.00000000
train	004099	lower__20200911_160151_62_2235_3B_AnalyticMS_SR_8b_clip	pm5__20200905_20200924__0025	/scrfs/storage/yikebe/home/research/AR_Crop_Identification/make_dataset/raw_sentinel/pm5/pm5__20200905_20200924__0025	2020-09-07	719793.00000000,3781938.00000000,720561.00000000,3782706.00000000
train	004115	lower__20200911_160151_62_2235_3B_AnalyticMS_SR_8b_clip	pm5__20200905_20200924__0025	/scrfs/storage/yikebe/home/research/AR_Crop_Identification/make_dataset/raw_sentinel/pm5/pm5__20200905_20200924__0025	2020-09-07	712881.00000000,3781170.00000000,713649.00000000,3781938.00000000
train	004131	lower__20200911_160151_62_2235_3B_AnalyticMS_SR_8b_clip	pm5__20200905_20200924__0025	/scrfs/storage/yikebe/home/research/AR_Crop_Identification/make_dataset/raw_sentinel/pm5/pm5__20200905_20200924__0025	2020-09-07	722097.00000000,3780402.00000000,722865.00000000,3781170.00000000
train	004147	lower__20200911_160151_62_2235_3B_AnalyticMS_SR_8b_clip	pm5__20200905_20200924__0025	/scrfs/storage/yikebe/home/research/AR_Crop_Identification/make_dataset/raw_sentinel/pm5/pm5__20200905_20200924__0025	2020-09-07	714417.00000000,3779634.00000000,715185.00000000,3780402.00000000
train	004163	lower__20200911_160151_62_2235_3B_AnalyticMS_SR_8b_clip	pm5__20200905_20200924__0025	/scrfs/storage/yikebe/home/research/AR_Crop_Identification/make_dataset/raw_sentinel/pm5/pm5__20200905_20200924__0025	2020-09-07	722097.00000000,3778866.00000000,722865.00000000,3779634.00000000
train	004179	lower__20200911_160151_62_2235_3B_AnalyticMS_SR_8b_clip	pm5__20200905_20200924__0025	/scrfs/storage/yikebe/home/research/AR_Crop_Identification/make_dataset/raw_sentinel/pm5/pm5__20200905_20200924__0025	2020-09-07	724401.00000000,3778866.00000000,725169.00000000,3779634.00000000
train	004195	lower__20200911_160151_62_2235_3B_AnalyticMS_SR_8b_clip	pm5__20200905_20200924__0025	/scrfs/storage/yikebe/home/research/AR_Crop_Identification/make_dataset/raw_sentinel/pm5/pm5__20200905_20200924__0025	2020-09-07	726705.00000000,3778866.00000000,727473.00000000,3779634.00000000
train	004211	lower__20200911_160151_62_2235_3B_AnalyticMS_SR_8b_clip	pm5__20200905_20200924__0025	/scrfs/storage/yikebe/home/research/AR_Crop_Identification/make_dataset/raw_sentinel/pm5/pm5__20200905_20200924__0025	2020-09-07	713649.00000000,3778098.00000000,714417.00000000,3778866.00000000
train	004227	lower__20200911_160151_62_2235_3B_AnalyticMS_SR_8b_clip	pm5__20200905_20200924__0025	/scrfs/storage/yikebe/home/research/AR_Crop_Identification/make_dataset/raw_sentinel/pm5/pm5__20200905_20200924__0025	2020-09-07	722097.00000000,3778098.00000000,722865.00000000,3778866.00000000
train	004243	lower__20200911_160151_62_2235_3B_AnalyticMS_SR_8b_clip	pm5__20200905_20200924__0025	/scrfs/storage/yikebe/home/research/AR_Crop_Identification/make_dataset/raw_sentinel/pm5/pm5__20200905_20200924__0025	2020-09-07	697521.00000000,3777330.00000000,698289.00000000,3778098.00000000
train	004259	lower__20200911_160151_62_2235_3B_AnalyticMS_SR_8b_clip	pm5__20200905_20200924__0025	/scrfs/storage/yikebe/home/research/AR_Crop_Identification/make_dataset/raw_sentinel/pm5/pm5__20200905_20200924__0025	2020-09-07	698289.00000000,3777330.00000000,699057.00000000,3778098.00000000
train	004275	lower__20200911_160151_62_2235_3B_AnalyticMS_SR_8b_clip	pm5__20200905_20200924__0025	/scrfs/storage/yikebe/home/research/AR_Crop_Identification/make_dataset/raw_sentinel/pm5/pm5__20200905_20200924__0025	2020-09-07	722097.00000000,3777330.00000000,722865.00000000,3778098.00000000
train	004291	lower__20200911_160151_62_2235_3B_AnalyticMS_SR_8b_clip	pm5__20200905_20200924__0025	/scrfs/storage/yikebe/home/research/AR_Crop_Identification/make_dataset/raw_sentinel/pm5/pm5__20200905_20200924__0025	2020-09-07	698289.00000000,3776562.00000000,699057.00000000,3777330.00000000
train	004307	lower__20200911_160151_62_2235_3B_AnalyticMS_SR_8b_clip	pm5__20200905_20200924__0025	/scrfs/storage/yikebe/home/research/AR_Crop_Identification/make_dataset/raw_sentinel/pm5/pm5__20200905_20200924__0025	2020-09-07	700593.00000000,3776562.00000000,701361.00000000,3777330.00000000
train	004323	lower__20200911_160151_62_2235_3B_AnalyticMS_SR_8b_clip	pm5__20200905_20200924__0025	/scrfs/storage/yikebe/home/research/AR_Crop_Identification/make_dataset/raw_sentinel/pm5/pm5__20200905_20200924__0025	2020-09-07	721329.00000000,3776562.00000000,722097.00000000,3777330.00000000
train	004339	lower__20200911_160151_62_2235_3B_AnalyticMS_SR_8b_clip	pm5__20200905_20200924__0025	/scrfs/storage/yikebe/home/research/AR_Crop_Identification/make_dataset/raw_sentinel/pm5/pm5__20200905_20200924__0025	2020-09-07	722097.00000000,3776562.00000000,722865.00000000,3777330.00000000
train	004355	lower__20200911_160151_62_2235_3B_AnalyticMS_SR_8b_clip	pm5__20200905_20200924__0025	/scrfs/storage/yikebe/home/research/AR_Crop_Identification/make_dataset/raw_sentinel/pm5/pm5__20200905_20200924__0025	2020-09-07	727473.00000000,3776562.00000000,728241.00000000,3777330.00000000
train	004371	lower__20200911_160151_62_2235_3B_AnalyticMS_SR_8b_clip	pm5__20200905_20200924__0025	/scrfs/storage/yikebe/home/research/AR_Crop_Identification/make_dataset/raw_sentinel/pm5/pm5__20200905_20200924__0025	2020-09-07	728241.00000000,3776562.00000000,729009.00000000,3777330.00000000
train	004387	lower__20200911_160151_62_2235_3B_AnalyticMS_SR_8b_clip	pm5__20200905_20200924__0025	/scrfs/storage/yikebe/home/research/AR_Crop_Identification/make_dataset/raw_sentinel/pm5/pm5__20200905_20200924__0025	2020-09-07	705969.00000000,3775026.00000000,706737.00000000,3775794.00000000
train	004403	lower__20200911_160747_69_2277_3B_AnalyticMS_SR_8b_clip	pm5__20200905_20200924__0034	/scrfs/storage/yikebe/home/research/AR_Crop_Identification/make_dataset/raw_sentinel/pm5/pm5__20200905_20200924__0034	2020-09-07	584388.00000000,3667503.00000000,585156.00000000,3668271.00000000
train	004419	lower__20200911_160747_69_2277_3B_AnalyticMS_SR_8b_clip	pm5__20200905_20200924__0034	/scrfs/storage/yikebe/home/research/AR_Crop_Identification/make_dataset/raw_sentinel/pm5/pm5__20200905_20200924__0034	2020-09-07	583620.00000000,3663663.00000000,584388.00000000,3664431.00000000
train	004435	lower__20201111_160643_05_222f_3B_AnalyticMS_SR_8b_clip	pm5__20201105_20201124__0082	/scrfs/storage/yikebe/home/research/AR_Crop_Identification/make_dataset/raw_sentinel/pm5/pm5__20201105_20201124__0082	2020-11-11	620466.00000000,3838158.00000000,621234.00000000,3838926.00000000
train	004451	lower__20201111_160643_05_222f_3B_AnalyticMS_SR_8b_clip	pm5__20201105_20201124__0082	/scrfs/storage/yikebe/home/research/AR_Crop_Identification/make_dataset/raw_sentinel/pm5/pm5__20201105_20201124__0082	2020-11-11	622002.00000000,3838158.00000000,622770.00000000,3838926.00000000
train	004467	lower__20201111_160643_05_222f_3B_AnalyticMS_SR_8b_clip	pm5__20201105_20201124__0082	/scrfs/storage/yikebe/home/research/AR_Crop_Identification/make_dataset/raw_sentinel/pm5/pm5__20201105_20201124__0082	2020-11-11	629682.00000000,3836622.00000000,630450.00000000,3837390.00000000
train	004483	lower__20201111_160643_05_222f_3B_AnalyticMS_SR_8b_clip	pm5__20201105_20201124__0082	/scrfs/storage/yikebe/home/research/AR_Crop_Identification/make_dataset/raw_sentinel/pm5/pm5__20201105_20201124__0082	2020-11-11	629682.00000000,3835854.00000000,630450.00000000,3836622.00000000
train	004499	lower__20201111_160643_05_222f_3B_AnalyticMS_SR_8b_clip	pm5__20201105_20201124__0082	/scrfs/storage/yikebe/home/research/AR_Crop_Identification/make_dataset/raw_sentinel/pm5/pm5__20201105_20201124__0082	2020-11-11	632754.00000000,3832782.00000000,633522.00000000,3833550.00000000
train	004515	lower__20201111_160643_05_222f_3B_AnalyticMS_SR_8b_clip	pm5__20201105_20201124__0082	/scrfs/storage/yikebe/home/research/AR_Crop_Identification/make_dataset/raw_sentinel/pm5/pm5__20201105_20201124__0082	2020-11-11	634290.00000000,3832782.00000000,635058.00000000,3833550.00000000
train	004531	lower__20201111_160643_05_222f_3B_AnalyticMS_SR_8b_clip	pm5__20201105_20201124__0082	/scrfs/storage/yikebe/home/research/AR_Crop_Identification/make_dataset/raw_sentinel/pm5/pm5__20201105_20201124__0082	2020-11-11	634290.00000000,3832014.00000000,635058.00000000,3832782.00000000
train	004547	lower__20201111_160643_05_222f_3B_AnalyticMS_SR_8b_clip	pm5__20201105_20201124__0082	/scrfs/storage/yikebe/home/research/AR_Crop_Identification/make_dataset/raw_sentinel/pm5/pm5__20201105_20201124__0082	2020-11-11	635826.00000000,3830478.00000000,636594.00000000,3831246.00000000
train	004563	lower__20201111_160643_05_222f_3B_AnalyticMS_SR_8b_clip	pm5__20201105_20201124__0082	/scrfs/storage/yikebe/home/research/AR_Crop_Identification/make_dataset/raw_sentinel/pm5/pm5__20201105_20201124__0082	2020-11-11	637362.00000000,3828942.00000000,638130.00000000,3829710.00000000
train	004579	lower__20201111_160643_05_222f_3B_AnalyticMS_SR_8b_clip	pm5__20201105_20201124__0082	/scrfs/storage/yikebe/home/research/AR_Crop_Identification/make_dataset/raw_sentinel/pm5/pm5__20201105_20201124__0082	2020-11-11	629682.00000000,3828174.00000000,630450.00000000,3828942.00000000
train	004595	lower__20201111_160643_05_222f_3B_AnalyticMS_SR_8b_clip	pm5__20201105_20201124__0082	/scrfs/storage/yikebe/home/research/AR_Crop_Identification/make_dataset/raw_sentinel/pm5/pm5__20201105_20201124__0082	2020-11-11	638130.00000000,3828174.00000000,638898.00000000,3828942.00000000
train	004611	lower__20201111_160643_05_222f_3B_AnalyticMS_SR_8b_clip	pm5__20201105_20201124__0082	/scrfs/storage/yikebe/home/research/AR_Crop_Identification/make_dataset/raw_sentinel/pm5/pm5__20201105_20201124__0082	2020-11-11	638898.00000000,3828174.00000000,639666.00000000,3828942.00000000
train	004627	lower__20201111_160643_05_222f_3B_AnalyticMS_SR_8b_clip	pm5__20201105_20201124__0082	/scrfs/storage/yikebe/home/research/AR_Crop_Identification/make_dataset/raw_sentinel/pm5/pm5__20201105_20201124__0082	2020-11-11	623538.00000000,3826638.00000000,624306.00000000,3827406.00000000
train	004643	lower__20201111_160643_05_222f_3B_AnalyticMS_SR_8b_clip	pm5__20201105_20201124__0082	/scrfs/storage/yikebe/home/research/AR_Crop_Identification/make_dataset/raw_sentinel/pm5/pm5__20201105_20201124__0082	2020-11-11	624306.00000000,3826638.00000000,625074.00000000,3827406.00000000
train	004659	lower__20201111_160643_05_222f_3B_AnalyticMS_SR_8b_clip	pm5__20201105_20201124__0082	/scrfs/storage/yikebe/home/research/AR_Crop_Identification/make_dataset/raw_sentinel/pm5/pm5__20201105_20201124__0082	2020-11-11	628146.00000000,3826638.00000000,628914.00000000,3827406.00000000
train	004675	lower__20201111_160643_05_222f_3B_AnalyticMS_SR_8b_clip	pm5__20201105_20201124__0082	/scrfs/storage/yikebe/home/research/AR_Crop_Identification/make_dataset/raw_sentinel/pm5/pm5__20201105_20201124__0082	2020-11-11	634290.00000000,3826638.00000000,635058.00000000,3827406.00000000
train	004691	lower__20201111_160643_05_222f_3B_AnalyticMS_SR_8b_clip	pm5__20201105_20201124__0082	/scrfs/storage/yikebe/home/research/AR_Crop_Identification/make_dataset/raw_sentinel/pm5/pm5__20201105_20201124__0082	2020-11-11	628146.00000000,3825870.00000000,628914.00000000,3826638.00000000
train	004707	lower__20201111_160643_05_222f_3B_AnalyticMS_SR_8b_clip	pm5__20201105_20201124__0082	/scrfs/storage/yikebe/home/research/AR_Crop_Identification/make_dataset/raw_sentinel/pm5/pm5__20201105_20201124__0082	2020-11-11	638898.00000000,3825870.00000000,639666.00000000,3826638.00000000
train	004723	lower__20201111_160643_05_222f_3B_AnalyticMS_SR_8b_clip	pm5__20201105_20201124__0082	/scrfs/storage/yikebe/home/research/AR_Crop_Identification/make_dataset/raw_sentinel/pm5/pm5__20201105_20201124__0082	2020-11-11	626610.00000000,3825102.00000000,627378.00000000,3825870.00000000
train	004739	lower__20201111_160643_05_222f_3B_AnalyticMS_SR_8b_clip	pm5__20201105_20201124__0082	/scrfs/storage/yikebe/home/research/AR_Crop_Identification/make_dataset/raw_sentinel/pm5/pm5__20201105_20201124__0082	2020-11-11	627378.00000000,3825102.00000000,628146.00000000,3825870.00000000
train	004755	lower__20201111_160643_05_222f_3B_AnalyticMS_SR_8b_clip	pm5__20201105_20201124__0082	/scrfs/storage/yikebe/home/research/AR_Crop_Identification/make_dataset/raw_sentinel/pm5/pm5__20201105_20201124__0082	2020-11-11	628146.00000000,3825102.00000000,628914.00000000,3825870.00000000
train	004771	lower__20201111_160643_05_222f_3B_AnalyticMS_SR_8b_clip	pm5__20201105_20201124__0082	/scrfs/storage/yikebe/home/research/AR_Crop_Identification/make_dataset/raw_sentinel/pm5/pm5__20201105_20201124__0082	2020-11-11	637362.00000000,3825102.00000000,638130.00000000,3825870.00000000
train	004787	lower__20201111_160643_05_222f_3B_AnalyticMS_SR_8b_clip	pm5__20201105_20201124__0082	/scrfs/storage/yikebe/home/research/AR_Crop_Identification/make_dataset/raw_sentinel/pm5/pm5__20201105_20201124__0082	2020-11-11	640434.00000000,3825102.00000000,641202.00000000,3825870.00000000
train	004803	lower__20201111_160643_05_222f_3B_AnalyticMS_SR_8b_clip	pm5__20201105_20201124__0082	/scrfs/storage/yikebe/home/research/AR_Crop_Identification/make_dataset/raw_sentinel/pm5/pm5__20201105_20201124__0082	2020-11-11	618162.00000000,3824334.00000000,618930.00000000,3825102.00000000
train	004819	lower__20201111_160643_05_222f_3B_AnalyticMS_SR_8b_clip	pm5__20201105_20201124__0082	/scrfs/storage/yikebe/home/research/AR_Crop_Identification/make_dataset/raw_sentinel/pm5/pm5__20201105_20201124__0082	2020-11-11	631986.00000000,3824334.00000000,632754.00000000,3825102.00000000
train	004835	lower__20201111_160643_05_222f_3B_AnalyticMS_SR_8b_clip	pm5__20201105_20201124__0082	/scrfs/storage/yikebe/home/research/AR_Crop_Identification/make_dataset/raw_sentinel/pm5/pm5__20201105_20201124__0082	2020-11-11	635058.00000000,3824334.00000000,635826.00000000,3825102.00000000
train	004851	lower__20201111_160643_05_222f_3B_AnalyticMS_SR_8b_clip	pm5__20201105_20201124__0082	/scrfs/storage/yikebe/home/research/AR_Crop_Identification/make_dataset/raw_sentinel/pm5/pm5__20201105_20201124__0082	2020-11-11	635826.00000000,3824334.00000000,636594.00000000,3825102.00000000
train	004867	lower__20201111_160643_05_222f_3B_AnalyticMS_SR_8b_clip	pm5__20201105_20201124__0082	/scrfs/storage/yikebe/home/research/AR_Crop_Identification/make_dataset/raw_sentinel/pm5/pm5__20201105_20201124__0082	2020-11-11	637362.00000000,3823566.00000000,638130.00000000,3824334.00000000
train	004883	lower__20201111_160643_05_222f_3B_AnalyticMS_SR_8b_clip	pm5__20201105_20201124__0082	/scrfs/storage/yikebe/home/research/AR_Crop_Identification/make_dataset/raw_sentinel/pm5/pm5__20201105_20201124__0082	2020-11-11	637362.00000000,3822798.00000000,638130.00000000,3823566.00000000
train	004899	lower__20201111_160643_05_222f_3B_AnalyticMS_SR_8b_clip	pm5__20201105_20201124__0082	/scrfs/storage/yikebe/home/research/AR_Crop_Identification/make_dataset/raw_sentinel/pm5/pm5__20201105_20201124__0082	2020-11-11	637362.00000000,3822030.00000000,638130.00000000,3822798.00000000
train	004915	lower__20201111_160643_05_222f_3B_AnalyticMS_SR_8b_clip	pm5__20201105_20201124__0082	/scrfs/storage/yikebe/home/research/AR_Crop_Identification/make_dataset/raw_sentinel/pm5/pm5__20201105_20201124__0082	2020-11-11	624306.00000000,3821262.00000000,625074.00000000,3822030.00000000
train	004931	lower__20201111_160643_05_222f_3B_AnalyticMS_SR_8b_clip	pm5__20201105_20201124__0082	/scrfs/storage/yikebe/home/research/AR_Crop_Identification/make_dataset/raw_sentinel/pm5/pm5__20201105_20201124__0082	2020-11-11	632754.00000000,3821262.00000000,633522.00000000,3822030.00000000
train	004947	lower__20201111_160643_05_222f_3B_AnalyticMS_SR_8b_clip	pm5__20201105_20201124__0082	/scrfs/storage/yikebe/home/research/AR_Crop_Identification/make_dataset/raw_sentinel/pm5/pm5__20201105_20201124__0082	2020-11-11	628914.00000000,3820494.00000000,629682.00000000,3821262.00000000
train	004963	lower__20201111_160643_05_222f_3B_AnalyticMS_SR_8b_clip	pm5__20201105_20201124__0082	/scrfs/storage/yikebe/home/research/AR_Crop_Identification/make_dataset/raw_sentinel/pm5/pm5__20201105_20201124__0082	2020-11-11	638130.00000000,3817422.00000000,638898.00000000,3818190.00000000
train	004979	lower__20201111_160643_05_222f_3B_AnalyticMS_SR_8b_clip	pm5__20201105_20201124__0082	/scrfs/storage/yikebe/home/research/AR_Crop_Identification/make_dataset/raw_sentinel/pm5/pm5__20201105_20201124__0082	2020-11-11	639666.00000000,3816654.00000000,640434.00000000,3817422.00000000
train	004995	lower__20201112_165403_63_2274_3B_AnalyticMS_SR_8b_clip	pm5__20201105_20201124__0109	/scrfs/storage/yikebe/home/research/AR_Crop_Identification/make_dataset/raw_sentinel/pm5/pm5__20201105_20201124__0109	2020-11-11	683820.00000000,3664287.00000000,684588.00000000,3665055.00000000
train	005011	lower__20201112_165403_63_2274_3B_AnalyticMS_SR_8b_clip	pm5__20201105_20201124__0109	/scrfs/storage/yikebe/home/research/AR_Crop_Identification/make_dataset/raw_sentinel/pm5/pm5__20201105_20201124__0109	2020-11-11	683820.00000000,3663519.00000000,684588.00000000,3664287.00000000
train	005027	lower__20201112_165403_63_2274_3B_AnalyticMS_SR_8b_clip	pm5__20201105_20201124__0109	/scrfs/storage/yikebe/home/research/AR_Crop_Identification/make_dataset/raw_sentinel/pm5/pm5__20201105_20201124__0109	2020-11-11	684588.00000000,3663519.00000000,685356.00000000,3664287.00000000
train	005043	lower__20201112_165717_26_2405_3B_AnalyticMS_SR_8b_clip	pm5__20201105_20201124__0058	/scrfs/storage/yikebe/home/research/AR_Crop_Identification/make_dataset/raw_sentinel/pm5/pm5__20201105_20201124__0058	2020-11-09	586677.00000000,3809076.00000000,587445.00000000,3809844.00000000
train	005059	lower__20201112_165717_26_2405_3B_AnalyticMS_SR_8b_clip	pm5__20201105_20201124__0058	/scrfs/storage/yikebe/home/research/AR_Crop_Identification/make_dataset/raw_sentinel/pm5/pm5__20201105_20201124__0058	2020-11-09	588213.00000000,3809076.00000000,588981.00000000,3809844.00000000
train	005075	lower__20201112_165717_26_2405_3B_AnalyticMS_SR_8b_clip	pm5__20201105_20201124__0058	/scrfs/storage/yikebe/home/research/AR_Crop_Identification/make_dataset/raw_sentinel/pm5/pm5__20201105_20201124__0058	2020-11-09	598965.00000000,3803700.00000000,599733.00000000,3804468.00000000
train	005091	lower__20201112_165717_26_2405_3B_AnalyticMS_SR_8b_clip	pm5__20201105_20201124__0058	/scrfs/storage/yikebe/home/research/AR_Crop_Identification/make_dataset/raw_sentinel/pm5/pm5__20201105_20201124__0058	2020-11-09	595893.00000000,3797556.00000000,596661.00000000,3798324.00000000
train	005107	lower__20201112_165717_26_2405_3B_AnalyticMS_SR_8b_clip	pm5__20201105_20201124__0058	/scrfs/storage/yikebe/home/research/AR_Crop_Identification/make_dataset/raw_sentinel/pm5/pm5__20201105_20201124__0058	2020-11-09	593589.00000000,3796020.00000000,594357.00000000,3796788.00000000
train	005123	lower__20201113_160447_55_2278_3B_AnalyticMS_SR_8b_clip	pm5__20201105_20201124__0109	/scrfs/storage/yikebe/home/research/AR_Crop_Identification/make_dataset/raw_sentinel/pm5/pm5__20201105_20201124__0109	2020-11-11	684081.00000000,3664101.00000000,684849.00000000,3664869.00000000
train	005139	lower__20201113_160447_55_2278_3B_AnalyticMS_SR_8b_clip	pm5__20201105_20201124__0109	/scrfs/storage/yikebe/home/research/AR_Crop_Identification/make_dataset/raw_sentinel/pm5/pm5__20201105_20201124__0109	2020-11-11	691761.00000000,3662565.00000000,692529.00000000,3663333.00000000
train	005155	lower__20201113_160447_55_2278_3B_AnalyticMS_SR_8b_clip	pm5__20201105_20201124__0109	/scrfs/storage/yikebe/home/research/AR_Crop_Identification/make_dataset/raw_sentinel/pm5/pm5__20201105_20201124__0109	2020-11-11	697137.00000000,3660261.00000000,697905.00000000,3661029.00000000
train	005171	lower__20201113_160447_55_2278_3B_AnalyticMS_SR_8b_clip	pm5__20201105_20201124__0109	/scrfs/storage/yikebe/home/research/AR_Crop_Identification/make_dataset/raw_sentinel/pm5/pm5__20201105_20201124__0109	2020-11-11	688689.00000000,3657957.00000000,689457.00000000,3658725.00000000
train	005187	lower__20201113_160447_55_2278_3B_AnalyticMS_SR_8b_clip	pm5__20201105_20201124__0109	/scrfs/storage/yikebe/home/research/AR_Crop_Identification/make_dataset/raw_sentinel/pm5/pm5__20201105_20201124__0109	2020-11-11	681009.00000000,3657189.00000000,681777.00000000,3657957.00000000
val	000003	lower__20201115_155859_11_2212_3B_AnalyticMS_SR_8b_clip	pm5__20201105_20201124__0130	/scrfs/storage/yikebe/home/research/AR_Crop_Identification/make_dataset/raw_sentinel/pm5/pm5__20201105_20201124__0130	2020-11-11	734778.00000000,3807798.00000000,735546.00000000,3808566.00000000
val	000019	lower__20201115_155859_11_2212_3B_AnalyticMS_SR_8b_clip	pm5__20201105_20201124__0130	/scrfs/storage/yikebe/home/research/AR_Crop_Identification/make_dataset/raw_sentinel/pm5/pm5__20201105_20201124__0130	2020-11-11	724794.00000000,3805494.00000000,725562.00000000,3806262.00000000
val	000035	lower__20201115_155859_11_2212_3B_AnalyticMS_SR_8b_clip	pm5__20201105_20201124__0130	/scrfs/storage/yikebe/home/research/AR_Crop_Identification/make_dataset/raw_sentinel/pm5/pm5__20201105_20201124__0130	2020-11-11	724026.00000000,3804726.00000000,724794.00000000,3805494.00000000
val	000051	lower__20201115_155859_11_2212_3B_AnalyticMS_SR_8b_clip	pm5__20201105_20201124__0130	/scrfs/storage/yikebe/home/research/AR_Crop_Identification/make_dataset/raw_sentinel/pm5/pm5__20201105_20201124__0130	2020-11-11	722490.00000000,3803958.00000000,723258.00000000,3804726.00000000
val	000067	lower__20201115_155859_11_2212_3B_AnalyticMS_SR_8b_clip	pm5__20201105_20201124__0130	/scrfs/storage/yikebe/home/research/AR_Crop_Identification/make_dataset/raw_sentinel/pm5/pm5__20201105_20201124__0130	2020-11-11	723258.00000000,3803958.00000000,724026.00000000,3804726.00000000
val	000083	lower__20201115_155859_11_2212_3B_AnalyticMS_SR_8b_clip	pm5__20201105_20201124__0130	/scrfs/storage/yikebe/home/research/AR_Crop_Identification/make_dataset/raw_sentinel/pm5/pm5__20201105_20201124__0130	2020-11-11	734010.00000000,3803958.00000000,734778.00000000,3804726.00000000
val	000099	lower__20201115_155859_11_2212_3B_AnalyticMS_SR_8b_clip	pm5__20201105_20201124__0130	/scrfs/storage/yikebe/home/research/AR_Crop_Identification/make_dataset/raw_sentinel/pm5/pm5__20201105_20201124__0130	2020-11-11	734778.00000000,3803958.00000000,735546.00000000,3804726.00000000
val	000115	lower__20201115_155859_11_2212_3B_AnalyticMS_SR_8b_clip	pm5__20201105_20201124__0130	/scrfs/storage/yikebe/home/research/AR_Crop_Identification/make_dataset/raw_sentinel/pm5/pm5__20201105_20201124__0130	2020-11-11	736314.00000000,3803958.00000000,737082.00000000,3804726.00000000
val	000131	lower__20201115_155859_11_2212_3B_AnalyticMS_SR_8b_clip	pm5__20201105_20201124__0130	/scrfs/storage/yikebe/home/research/AR_Crop_Identification/make_dataset/raw_sentinel/pm5/pm5__20201105_20201124__0130	2020-11-11	743226.00000000,3803958.00000000,743994.00000000,3804726.00000000
val	000147	lower__20201115_155859_11_2212_3B_AnalyticMS_SR_8b_clip	pm5__20201105_20201124__0130	/scrfs/storage/yikebe/home/research/AR_Crop_Identification/make_dataset/raw_sentinel/pm5/pm5__20201105_20201124__0130	2020-11-11	735546.00000000,3803190.00000000,736314.00000000,3803958.00000000
val	000163	lower__20201115_155859_11_2212_3B_AnalyticMS_SR_8b_clip	pm5__20201105_20201124__0130	/scrfs/storage/yikebe/home/research/AR_Crop_Identification/make_dataset/raw_sentinel/pm5/pm5__20201105_20201124__0130	2020-11-11	724794.00000000,3802422.00000000,725562.00000000,3803190.00000000
val	000179	lower__20201115_155859_11_2212_3B_AnalyticMS_SR_8b_clip	pm5__20201105_20201124__0130	/scrfs/storage/yikebe/home/research/AR_Crop_Identification/make_dataset/raw_sentinel/pm5/pm5__20201105_20201124__0130	2020-11-11	742458.00000000,3802422.00000000,743226.00000000,3803190.00000000
val	000195	lower__20201115_155859_11_2212_3B_AnalyticMS_SR_8b_clip	pm5__20201105_20201124__0130	/scrfs/storage/yikebe/home/research/AR_Crop_Identification/make_dataset/raw_sentinel/pm5/pm5__20201105_20201124__0130	2020-11-11	720954.00000000,3798582.00000000,721722.00000000,3799350.00000000
val	000211	lower__20201115_155859_11_2212_3B_AnalyticMS_SR_8b_clip	pm5__20201105_20201124__0130	/scrfs/storage/yikebe/home/research/AR_Crop_Identification/make_dataset/raw_sentinel/pm5/pm5__20201105_20201124__0130	2020-11-11	730938.00000000,3794742.00000000,731706.00000000,3795510.00000000
val	000227	lower__20201115_155859_11_2212_3B_AnalyticMS_SR_8b_clip	pm5__20201105_20201124__0130	/scrfs/storage/yikebe/home/research/AR_Crop_Identification/make_dataset/raw_sentinel/pm5/pm5__20201105_20201124__0130	2020-11-11	731706.00000000,3794742.00000000,732474.00000000,3795510.00000000
train	005203	lower__20201115_160541_39_222c_3B_AnalyticMS_SR_8b_clip	pm5__20201105_20201124__0082	/scrfs/storage/yikebe/home/research/AR_Crop_Identification/make_dataset/raw_sentinel/pm5/pm5__20201105_20201124__0082	2020-11-11	627606.00000000,3839571.00000000,628374.00000000,3840339.00000000
train	005219	lower__20201115_160541_39_222c_3B_AnalyticMS_SR_8b_clip	pm5__20201105_20201124__0082	/scrfs/storage/yikebe/home/research/AR_Crop_Identification/make_dataset/raw_sentinel/pm5/pm5__20201105_20201124__0082	2020-11-11	622230.00000000,3838035.00000000,622998.00000000,3838803.00000000
train	005235	lower__20201115_160541_39_222c_3B_AnalyticMS_SR_8b_clip	pm5__20201105_20201124__0082	/scrfs/storage/yikebe/home/research/AR_Crop_Identification/make_dataset/raw_sentinel/pm5/pm5__20201105_20201124__0082	2020-11-11	626070.00000000,3835731.00000000,626838.00000000,3836499.00000000
train	005251	lower__20201115_160541_39_222c_3B_AnalyticMS_SR_8b_clip	pm5__20201105_20201124__0082	/scrfs/storage/yikebe/home/research/AR_Crop_Identification/make_dataset/raw_sentinel/pm5/pm5__20201105_20201124__0082	2020-11-11	627606.00000000,3834963.00000000,628374.00000000,3835731.00000000
train	005267	lower__20201115_160541_39_222c_3B_AnalyticMS_SR_8b_clip	pm5__20201105_20201124__0082	/scrfs/storage/yikebe/home/research/AR_Crop_Identification/make_dataset/raw_sentinel/pm5/pm5__20201105_20201124__0082	2020-11-11	631446.00000000,3834195.00000000,632214.00000000,3834963.00000000
train	005283	lower__20201115_160541_39_222c_3B_AnalyticMS_SR_8b_clip	pm5__20201105_20201124__0082	/scrfs/storage/yikebe/home/research/AR_Crop_Identification/make_dataset/raw_sentinel/pm5/pm5__20201105_20201124__0082	2020-11-11	639126.00000000,3834195.00000000,639894.00000000,3834963.00000000
train	005299	lower__20201115_160541_39_222c_3B_AnalyticMS_SR_8b_clip	pm5__20201105_20201124__0082	/scrfs/storage/yikebe/home/research/AR_Crop_Identification/make_dataset/raw_sentinel/pm5/pm5__20201105_20201124__0082	2020-11-11	645270.00000000,3833427.00000000,646038.00000000,3834195.00000000
train	005315	lower__20201115_160541_39_222c_3B_AnalyticMS_SR_8b_clip	pm5__20201105_20201124__0082	/scrfs/storage/yikebe/home/research/AR_Crop_Identification/make_dataset/raw_sentinel/pm5/pm5__20201105_20201124__0082	2020-11-11	638358.00000000,3828051.00000000,639126.00000000,3828819.00000000
train	005331	lower__20201115_160541_39_222c_3B_AnalyticMS_SR_8b_clip	pm5__20201105_20201124__0082	/scrfs/storage/yikebe/home/research/AR_Crop_Identification/make_dataset/raw_sentinel/pm5/pm5__20201105_20201124__0082	2020-11-11	628374.00000000,3827283.00000000,629142.00000000,3828051.00000000
train	005347	lower__20201115_160541_39_222c_3B_AnalyticMS_SR_8b_clip	pm5__20201105_20201124__0082	/scrfs/storage/yikebe/home/research/AR_Crop_Identification/make_dataset/raw_sentinel/pm5/pm5__20201105_20201124__0082	2020-11-11	638358.00000000,3827283.00000000,639126.00000000,3828051.00000000
train	005363	lower__20201115_160541_39_222c_3B_AnalyticMS_SR_8b_clip	pm5__20201105_20201124__0082	/scrfs/storage/yikebe/home/research/AR_Crop_Identification/make_dataset/raw_sentinel/pm5/pm5__20201105_20201124__0082	2020-11-11	628374.00000000,3826515.00000000,629142.00000000,3827283.00000000
train	005379	lower__20201115_160541_39_222c_3B_AnalyticMS_SR_8b_clip	pm5__20201105_20201124__0082	/scrfs/storage/yikebe/home/research/AR_Crop_Identification/make_dataset/raw_sentinel/pm5/pm5__20201105_20201124__0082	2020-11-11	633750.00000000,3826515.00000000,634518.00000000,3827283.00000000
train	005395	lower__20201115_160541_39_222c_3B_AnalyticMS_SR_8b_clip	pm5__20201105_20201124__0082	/scrfs/storage/yikebe/home/research/AR_Crop_Identification/make_dataset/raw_sentinel/pm5/pm5__20201105_20201124__0082	2020-11-11	626838.00000000,3825747.00000000,627606.00000000,3826515.00000000
train	005411	lower__20201115_160541_39_222c_3B_AnalyticMS_SR_8b_clip	pm5__20201105_20201124__0082	/scrfs/storage/yikebe/home/research/AR_Crop_Identification/make_dataset/raw_sentinel/pm5/pm5__20201105_20201124__0082	2020-11-11	638358.00000000,3825747.00000000,639126.00000000,3826515.00000000
train	005427	lower__20201115_160541_39_222c_3B_AnalyticMS_SR_8b_clip	pm5__20201105_20201124__0082	/scrfs/storage/yikebe/home/research/AR_Crop_Identification/make_dataset/raw_sentinel/pm5/pm5__20201105_20201124__0082	2020-11-11	639126.00000000,3825747.00000000,639894.00000000,3826515.00000000
train	005443	lower__20201115_160541_39_222c_3B_AnalyticMS_SR_8b_clip	pm5__20201105_20201124__0082	/scrfs/storage/yikebe/home/research/AR_Crop_Identification/make_dataset/raw_sentinel/pm5/pm5__20201105_20201124__0082	2020-11-11	626838.00000000,3824979.00000000,627606.00000000,3825747.00000000
train	005459	lower__20201115_160541_39_222c_3B_AnalyticMS_SR_8b_clip	pm5__20201105_20201124__0082	/scrfs/storage/yikebe/home/research/AR_Crop_Identification/make_dataset/raw_sentinel/pm5/pm5__20201105_20201124__0082	2020-11-11	640662.00000000,3824979.00000000,641430.00000000,3825747.00000000
train	005475	lower__20201115_160541_39_222c_3B_AnalyticMS_SR_8b_clip	pm5__20201105_20201124__0082	/scrfs/storage/yikebe/home/research/AR_Crop_Identification/make_dataset/raw_sentinel/pm5/pm5__20201105_20201124__0082	2020-11-11	632214.00000000,3824211.00000000,632982.00000000,3824979.00000000
train	005491	lower__20201115_160541_39_222c_3B_AnalyticMS_SR_8b_clip	pm5__20201105_20201124__0082	/scrfs/storage/yikebe/home/research/AR_Crop_Identification/make_dataset/raw_sentinel/pm5/pm5__20201105_20201124__0082	2020-11-11	634518.00000000,3824211.00000000,635286.00000000,3824979.00000000
train	005507	lower__20201115_160541_39_222c_3B_AnalyticMS_SR_8b_clip	pm5__20201105_20201124__0082	/scrfs/storage/yikebe/home/research/AR_Crop_Identification/make_dataset/raw_sentinel/pm5/pm5__20201105_20201124__0082	2020-11-11	635286.00000000,3824211.00000000,636054.00000000,3824979.00000000
train	005523	lower__20201115_160541_39_222c_3B_AnalyticMS_SR_8b_clip	pm5__20201105_20201124__0082	/scrfs/storage/yikebe/home/research/AR_Crop_Identification/make_dataset/raw_sentinel/pm5/pm5__20201105_20201124__0082	2020-11-11	634518.00000000,3823443.00000000,635286.00000000,3824211.00000000
train	005539	lower__20201115_160541_39_222c_3B_AnalyticMS_SR_8b_clip	pm5__20201105_20201124__0082	/scrfs/storage/yikebe/home/research/AR_Crop_Identification/make_dataset/raw_sentinel/pm5/pm5__20201105_20201124__0082	2020-11-11	637590.00000000,3823443.00000000,638358.00000000,3824211.00000000
train	005555	lower__20201115_160541_39_222c_3B_AnalyticMS_SR_8b_clip	pm5__20201105_20201124__0082	/scrfs/storage/yikebe/home/research/AR_Crop_Identification/make_dataset/raw_sentinel/pm5/pm5__20201105_20201124__0082	2020-11-11	644502.00000000,3823443.00000000,645270.00000000,3824211.00000000
train	005571	lower__20201115_160541_39_222c_3B_AnalyticMS_SR_8b_clip	pm5__20201105_20201124__0082	/scrfs/storage/yikebe/home/research/AR_Crop_Identification/make_dataset/raw_sentinel/pm5/pm5__20201105_20201124__0082	2020-11-11	645270.00000000,3823443.00000000,646038.00000000,3824211.00000000
train	005587	lower__20201115_160541_39_222c_3B_AnalyticMS_SR_8b_clip	pm5__20201105_20201124__0082	/scrfs/storage/yikebe/home/research/AR_Crop_Identification/make_dataset/raw_sentinel/pm5/pm5__20201105_20201124__0082	2020-11-11	646806.00000000,3822675.00000000,647574.00000000,3823443.00000000
train	005603	lower__20201115_160541_39_222c_3B_AnalyticMS_SR_8b_clip	pm5__20201105_20201124__0082	/scrfs/storage/yikebe/home/research/AR_Crop_Identification/make_dataset/raw_sentinel/pm5/pm5__20201105_20201124__0082	2020-11-11	647574.00000000,3822675.00000000,648342.00000000,3823443.00000000
train	005619	lower__20201115_160541_39_222c_3B_AnalyticMS_SR_8b_clip	pm5__20201105_20201124__0082	/scrfs/storage/yikebe/home/research/AR_Crop_Identification/make_dataset/raw_sentinel/pm5/pm5__20201105_20201124__0082	2020-11-11	637590.00000000,3821907.00000000,638358.00000000,3822675.00000000
train	005635	lower__20201115_160541_39_222c_3B_AnalyticMS_SR_8b_clip	pm5__20201105_20201124__0082	/scrfs/storage/yikebe/home/research/AR_Crop_Identification/make_dataset/raw_sentinel/pm5/pm5__20201105_20201124__0082	2020-11-11	647574.00000000,3821907.00000000,648342.00000000,3822675.00000000
train	005651	lower__20201115_160541_39_222c_3B_AnalyticMS_SR_8b_clip	pm5__20201105_20201124__0082	/scrfs/storage/yikebe/home/research/AR_Crop_Identification/make_dataset/raw_sentinel/pm5/pm5__20201105_20201124__0082	2020-11-11	624534.00000000,3821139.00000000,625302.00000000,3821907.00000000
train	005667	lower__20201115_160541_39_222c_3B_AnalyticMS_SR_8b_clip	pm5__20201105_20201124__0082	/scrfs/storage/yikebe/home/research/AR_Crop_Identification/make_dataset/raw_sentinel/pm5/pm5__20201105_20201124__0082	2020-11-11	627606.00000000,3821139.00000000,628374.00000000,3821907.00000000
train	005683	lower__20201115_160541_39_222c_3B_AnalyticMS_SR_8b_clip	pm5__20201105_20201124__0082	/scrfs/storage/yikebe/home/research/AR_Crop_Identification/make_dataset/raw_sentinel/pm5/pm5__20201105_20201124__0082	2020-11-11	629142.00000000,3821139.00000000,629910.00000000,3821907.00000000
train	005699	lower__20201115_160541_39_222c_3B_AnalyticMS_SR_8b_clip	pm5__20201105_20201124__0082	/scrfs/storage/yikebe/home/research/AR_Crop_Identification/make_dataset/raw_sentinel/pm5/pm5__20201105_20201124__0082	2020-11-11	632214.00000000,3821139.00000000,632982.00000000,3821907.00000000
train	005715	lower__20201115_160541_39_222c_3B_AnalyticMS_SR_8b_clip	pm5__20201105_20201124__0082	/scrfs/storage/yikebe/home/research/AR_Crop_Identification/make_dataset/raw_sentinel/pm5/pm5__20201105_20201124__0082	2020-11-11	632982.00000000,3821139.00000000,633750.00000000,3821907.00000000
train	005731	lower__20201115_160541_39_222c_3B_AnalyticMS_SR_8b_clip	pm5__20201105_20201124__0082	/scrfs/storage/yikebe/home/research/AR_Crop_Identification/make_dataset/raw_sentinel/pm5/pm5__20201105_20201124__0082	2020-11-11	643734.00000000,3821139.00000000,644502.00000000,3821907.00000000
train	005747	lower__20201115_160541_39_222c_3B_AnalyticMS_SR_8b_clip	pm5__20201105_20201124__0082	/scrfs/storage/yikebe/home/research/AR_Crop_Identification/make_dataset/raw_sentinel/pm5/pm5__20201105_20201124__0082	2020-11-11	646038.00000000,3821139.00000000,646806.00000000,3821907.00000000
train	005763	lower__20201115_160541_39_222c_3B_AnalyticMS_SR_8b_clip	pm5__20201105_20201124__0082	/scrfs/storage/yikebe/home/research/AR_Crop_Identification/make_dataset/raw_sentinel/pm5/pm5__20201105_20201124__0082	2020-11-11	649110.00000000,3818067.00000000,649878.00000000,3818835.00000000
train	005779	lower__20201115_165251_58_241c_3B_AnalyticMS_SR_8b_clip	pm5__20201105_20201124__0122	/scrfs/storage/yikebe/home/research/AR_Crop_Identification/make_dataset/raw_sentinel/pm5/pm5__20201105_20201124__0122	2020-11-11	714906.00000000,3695130.00000000,715674.00000000,3695898.00000000
train	005795	lower__20201115_165508_00_2254_3B_AnalyticMS_SR_8b_clip	pm5__20201105_20201124__0087	/scrfs/storage/yikebe/home/research/AR_Crop_Identification/make_dataset/raw_sentinel/pm5/pm5__20201105_20201124__0087	2020-11-14	637461.00000000,3659091.00000000,638229.00000000,3659859.00000000
train	005811	lower__20201115_165508_00_2254_3B_AnalyticMS_SR_8b_clip	pm5__20201105_20201124__0087	/scrfs/storage/yikebe/home/research/AR_Crop_Identification/make_dataset/raw_sentinel/pm5/pm5__20201105_20201124__0087	2020-11-14	646677.00000000,3658323.00000000,647445.00000000,3659091.00000000
train	005827	lower__20201116_160431_54_220b_3B_AnalyticMS_SR_8b_clip	pm5__20201105_20201124__0082	/scrfs/storage/yikebe/home/research/AR_Crop_Identification/make_dataset/raw_sentinel/pm5/pm5__20201105_20201124__0082	2020-11-19	618066.00000000,3813900.00000000,618834.00000000,3814668.00000000
train	005843	lower__20201116_160431_54_220b_3B_AnalyticMS_SR_8b_clip	pm5__20201105_20201124__0082	/scrfs/storage/yikebe/home/research/AR_Crop_Identification/make_dataset/raw_sentinel/pm5/pm5__20201105_20201124__0082	2020-11-19	630354.00000000,3812364.00000000,631122.00000000,3813132.00000000
train	005859	lower__20201116_160431_54_220b_3B_AnalyticMS_SR_8b_clip	pm5__20201105_20201124__0082	/scrfs/storage/yikebe/home/research/AR_Crop_Identification/make_dataset/raw_sentinel/pm5/pm5__20201105_20201124__0082	2020-11-19	631122.00000000,3812364.00000000,631890.00000000,3813132.00000000
train	005875	lower__20201116_160431_54_220b_3B_AnalyticMS_SR_8b_clip	pm5__20201105_20201124__0082	/scrfs/storage/yikebe/home/research/AR_Crop_Identification/make_dataset/raw_sentinel/pm5/pm5__20201105_20201124__0082	2020-11-19	629586.00000000,3811596.00000000,630354.00000000,3812364.00000000
train	005891	lower__20201116_160431_54_220b_3B_AnalyticMS_SR_8b_clip	pm5__20201105_20201124__0082	/scrfs/storage/yikebe/home/research/AR_Crop_Identification/make_dataset/raw_sentinel/pm5/pm5__20201105_20201124__0082	2020-11-19	638034.00000000,3810828.00000000,638802.00000000,3811596.00000000
train	005907	lower__20201116_160431_54_220b_3B_AnalyticMS_SR_8b_clip	pm5__20201105_20201124__0082	/scrfs/storage/yikebe/home/research/AR_Crop_Identification/make_dataset/raw_sentinel/pm5/pm5__20201105_20201124__0082	2020-11-19	629586.00000000,3809292.00000000,630354.00000000,3810060.00000000
train	005923	lower__20201116_160431_54_220b_3B_AnalyticMS_SR_8b_clip	pm5__20201105_20201124__0082	/scrfs/storage/yikebe/home/research/AR_Crop_Identification/make_dataset/raw_sentinel/pm5/pm5__20201105_20201124__0082	2020-11-19	628818.00000000,3808524.00000000,629586.00000000,3809292.00000000
train	005939	lower__20201116_160431_54_220b_3B_AnalyticMS_SR_8b_clip	pm5__20201105_20201124__0082	/scrfs/storage/yikebe/home/research/AR_Crop_Identification/make_dataset/raw_sentinel/pm5/pm5__20201105_20201124__0082	2020-11-19	628818.00000000,3807756.00000000,629586.00000000,3808524.00000000
train	005955	lower__20201116_160431_54_220b_3B_AnalyticMS_SR_8b_clip	pm5__20201105_20201124__0082	/scrfs/storage/yikebe/home/research/AR_Crop_Identification/make_dataset/raw_sentinel/pm5/pm5__20201105_20201124__0082	2020-11-19	635730.00000000,3807756.00000000,636498.00000000,3808524.00000000
train	005971	lower__20201116_160431_54_220b_3B_AnalyticMS_SR_8b_clip	pm5__20201105_20201124__0082	/scrfs/storage/yikebe/home/research/AR_Crop_Identification/make_dataset/raw_sentinel/pm5/pm5__20201105_20201124__0082	2020-11-19	639570.00000000,3807756.00000000,640338.00000000,3808524.00000000
train	005987	lower__20201116_160431_54_220b_3B_AnalyticMS_SR_8b_clip	pm5__20201105_20201124__0082	/scrfs/storage/yikebe/home/research/AR_Crop_Identification/make_dataset/raw_sentinel/pm5/pm5__20201105_20201124__0082	2020-11-19	634962.00000000,3806988.00000000,635730.00000000,3807756.00000000
train	006003	lower__20201116_160431_54_220b_3B_AnalyticMS_SR_8b_clip	pm5__20201105_20201124__0082	/scrfs/storage/yikebe/home/research/AR_Crop_Identification/make_dataset/raw_sentinel/pm5/pm5__20201105_20201124__0082	2020-11-19	635730.00000000,3806988.00000000,636498.00000000,3807756.00000000
train	006019	lower__20201116_160431_54_220b_3B_AnalyticMS_SR_8b_clip	pm5__20201105_20201124__0082	/scrfs/storage/yikebe/home/research/AR_Crop_Identification/make_dataset/raw_sentinel/pm5/pm5__20201105_20201124__0082	2020-11-19	636498.00000000,3806988.00000000,637266.00000000,3807756.00000000
train	006035	lower__20201116_160431_54_220b_3B_AnalyticMS_SR_8b_clip	pm5__20201105_20201124__0082	/scrfs/storage/yikebe/home/research/AR_Crop_Identification/make_dataset/raw_sentinel/pm5/pm5__20201105_20201124__0082	2020-11-19	643410.00000000,3806988.00000000,644178.00000000,3807756.00000000
train	006051	lower__20201116_160431_54_220b_3B_AnalyticMS_SR_8b_clip	pm5__20201105_20201124__0082	/scrfs/storage/yikebe/home/research/AR_Crop_Identification/make_dataset/raw_sentinel/pm5/pm5__20201105_20201124__0082	2020-11-19	636498.00000000,3806220.00000000,637266.00000000,3806988.00000000
train	006067	lower__20201116_160431_54_220b_3B_AnalyticMS_SR_8b_clip	pm5__20201105_20201124__0082	/scrfs/storage/yikebe/home/research/AR_Crop_Identification/make_dataset/raw_sentinel/pm5/pm5__20201105_20201124__0082	2020-11-19	642642.00000000,3806220.00000000,643410.00000000,3806988.00000000
train	006083	lower__20201116_160431_54_220b_3B_AnalyticMS_SR_8b_clip	pm5__20201105_20201124__0082	/scrfs/storage/yikebe/home/research/AR_Crop_Identification/make_dataset/raw_sentinel/pm5/pm5__20201105_20201124__0082	2020-11-19	638034.00000000,3805452.00000000,638802.00000000,3806220.00000000
train	006099	lower__20201116_160431_54_220b_3B_AnalyticMS_SR_8b_clip	pm5__20201105_20201124__0082	/scrfs/storage/yikebe/home/research/AR_Crop_Identification/make_dataset/raw_sentinel/pm5/pm5__20201105_20201124__0082	2020-11-19	650322.00000000,3805452.00000000,651090.00000000,3806220.00000000
train	006115	lower__20201116_160431_54_220b_3B_AnalyticMS_SR_8b_clip	pm5__20201105_20201124__0082	/scrfs/storage/yikebe/home/research/AR_Crop_Identification/make_dataset/raw_sentinel/pm5/pm5__20201105_20201124__0082	2020-11-19	614994.00000000,3797772.00000000,615762.00000000,3798540.00000000
train	006131	lower__20201116_160431_54_220b_3B_AnalyticMS_SR_8b_clip	pm5__20201105_20201124__0082	/scrfs/storage/yikebe/home/research/AR_Crop_Identification/make_dataset/raw_sentinel/pm5/pm5__20201105_20201124__0082	2020-11-19	640338.00000000,3797772.00000000,641106.00000000,3798540.00000000
train	006147	lower__20201116_160431_54_220b_3B_AnalyticMS_SR_8b_clip	pm5__20201105_20201124__0082	/scrfs/storage/yikebe/home/research/AR_Crop_Identification/make_dataset/raw_sentinel/pm5/pm5__20201105_20201124__0082	2020-11-19	636498.00000000,3797004.00000000,637266.00000000,3797772.00000000
train	006163	lower__20201116_160431_54_220b_3B_AnalyticMS_SR_8b_clip	pm5__20201105_20201124__0082	/scrfs/storage/yikebe/home/research/AR_Crop_Identification/make_dataset/raw_sentinel/pm5/pm5__20201105_20201124__0082	2020-11-19	646482.00000000,3797004.00000000,647250.00000000,3797772.00000000
train	006179	lower__20201116_160431_54_220b_3B_AnalyticMS_SR_8b_clip	pm5__20201105_20201124__0082	/scrfs/storage/yikebe/home/research/AR_Crop_Identification/make_dataset/raw_sentinel/pm5/pm5__20201105_20201124__0082	2020-11-19	646482.00000000,3796236.00000000,647250.00000000,3797004.00000000
train	006195	lower__20201116_160431_54_220b_3B_AnalyticMS_SR_8b_clip	pm5__20201105_20201124__0082	/scrfs/storage/yikebe/home/research/AR_Crop_Identification/make_dataset/raw_sentinel/pm5/pm5__20201105_20201124__0082	2020-11-19	647250.00000000,3795468.00000000,648018.00000000,3796236.00000000
train	006211	lower__20201116_160431_54_220b_3B_AnalyticMS_SR_8b_clip	pm5__20201105_20201124__0082	/scrfs/storage/yikebe/home/research/AR_Crop_Identification/make_dataset/raw_sentinel/pm5/pm5__20201105_20201124__0082	2020-11-19	647250.00000000,3793932.00000000,648018.00000000,3794700.00000000
train	006227	lower__20201116_160431_54_220b_3B_AnalyticMS_SR_8b_clip	pm5__20201105_20201124__0082	/scrfs/storage/yikebe/home/research/AR_Crop_Identification/make_dataset/raw_sentinel/pm5/pm5__20201105_20201124__0082	2020-11-19	639570.00000000,3792396.00000000,640338.00000000,3793164.00000000
train	006243	lower__20201116_160431_54_220b_3B_AnalyticMS_SR_8b_clip	pm5__20201105_20201124__0082	/scrfs/storage/yikebe/home/research/AR_Crop_Identification/make_dataset/raw_sentinel/pm5/pm5__20201105_20201124__0082	2020-11-19	647250.00000000,3792396.00000000,648018.00000000,3793164.00000000
train	006259	lower__20201116_160431_54_220b_3B_AnalyticMS_SR_8b_clip	pm5__20201105_20201124__0082	/scrfs/storage/yikebe/home/research/AR_Crop_Identification/make_dataset/raw_sentinel/pm5/pm5__20201105_20201124__0082	2020-11-19	638802.00000000,3791628.00000000,639570.00000000,3792396.00000000
train	006275	lower__20201116_160431_54_220b_3B_AnalyticMS_SR_8b_clip	pm5__20201105_20201124__0082	/scrfs/storage/yikebe/home/research/AR_Crop_Identification/make_dataset/raw_sentinel/pm5/pm5__20201105_20201124__0082	2020-11-19	639570.00000000,3791628.00000000,640338.00000000,3792396.00000000
train	006291	lower__20201116_160431_54_220b_3B_AnalyticMS_SR_8b_clip	pm5__20201105_20201124__0082	/scrfs/storage/yikebe/home/research/AR_Crop_Identification/make_dataset/raw_sentinel/pm5/pm5__20201105_20201124__0082	2020-11-19	639570.00000000,3790860.00000000,640338.00000000,3791628.00000000
train	006307	lower__20201116_160945_00_222f_3B_AnalyticMS_SR_8b_clip	pm5__20201105_20201124__0082	/scrfs/storage/yikebe/home/research/AR_Crop_Identification/make_dataset/raw_sentinel/pm5/pm5__20201105_20201124__0082	2020-11-19	632748.00000000,3759870.00000000,633516.00000000,3760638.00000000
train	006323	lower__20201116_160945_00_222f_3B_AnalyticMS_SR_8b_clip	pm5__20201105_20201124__0082	/scrfs/storage/yikebe/home/research/AR_Crop_Identification/make_dataset/raw_sentinel/pm5/pm5__20201105_20201124__0082	2020-11-19	634284.00000000,3759870.00000000,635052.00000000,3760638.00000000
train	006339	lower__20201116_160945_00_222f_3B_AnalyticMS_SR_8b_clip	pm5__20201105_20201124__0082	/scrfs/storage/yikebe/home/research/AR_Crop_Identification/make_dataset/raw_sentinel/pm5/pm5__20201105_20201124__0082	2020-11-19	625836.00000000,3759102.00000000,626604.00000000,3759870.00000000
train	006355	lower__20201116_160945_00_222f_3B_AnalyticMS_SR_8b_clip	pm5__20201105_20201124__0082	/scrfs/storage/yikebe/home/research/AR_Crop_Identification/make_dataset/raw_sentinel/pm5/pm5__20201105_20201124__0082	2020-11-19	626604.00000000,3759102.00000000,627372.00000000,3759870.00000000
train	006371	lower__20201116_160945_00_222f_3B_AnalyticMS_SR_8b_clip	pm5__20201105_20201124__0082	/scrfs/storage/yikebe/home/research/AR_Crop_Identification/make_dataset/raw_sentinel/pm5/pm5__20201105_20201124__0082	2020-11-19	628908.00000000,3759102.00000000,629676.00000000,3759870.00000000
train	006387	lower__20201116_160945_00_222f_3B_AnalyticMS_SR_8b_clip	pm5__20201105_20201124__0082	/scrfs/storage/yikebe/home/research/AR_Crop_Identification/make_dataset/raw_sentinel/pm5/pm5__20201105_20201124__0082	2020-11-19	631212.00000000,3759102.00000000,631980.00000000,3759870.00000000
train	006403	lower__20201116_160945_00_222f_3B_AnalyticMS_SR_8b_clip	pm5__20201105_20201124__0082	/scrfs/storage/yikebe/home/research/AR_Crop_Identification/make_dataset/raw_sentinel/pm5/pm5__20201105_20201124__0082	2020-11-19	635052.00000000,3759102.00000000,635820.00000000,3759870.00000000
train	006419	lower__20201116_160945_00_222f_3B_AnalyticMS_SR_8b_clip	pm5__20201105_20201124__0082	/scrfs/storage/yikebe/home/research/AR_Crop_Identification/make_dataset/raw_sentinel/pm5/pm5__20201105_20201124__0082	2020-11-19	635820.00000000,3759102.00000000,636588.00000000,3759870.00000000
train	006435	lower__20201116_160945_00_222f_3B_AnalyticMS_SR_8b_clip	pm5__20201105_20201124__0082	/scrfs/storage/yikebe/home/research/AR_Crop_Identification/make_dataset/raw_sentinel/pm5/pm5__20201105_20201124__0082	2020-11-19	625836.00000000,3758334.00000000,626604.00000000,3759102.00000000
train	006451	lower__20201116_160945_00_222f_3B_AnalyticMS_SR_8b_clip	pm5__20201105_20201124__0082	/scrfs/storage/yikebe/home/research/AR_Crop_Identification/make_dataset/raw_sentinel/pm5/pm5__20201105_20201124__0082	2020-11-19	626604.00000000,3758334.00000000,627372.00000000,3759102.00000000
train	006467	lower__20201116_160945_00_222f_3B_AnalyticMS_SR_8b_clip	pm5__20201105_20201124__0082	/scrfs/storage/yikebe/home/research/AR_Crop_Identification/make_dataset/raw_sentinel/pm5/pm5__20201105_20201124__0082	2020-11-19	627372.00000000,3758334.00000000,628140.00000000,3759102.00000000
train	006483	lower__20201116_160945_00_222f_3B_AnalyticMS_SR_8b_clip	pm5__20201105_20201124__0082	/scrfs/storage/yikebe/home/research/AR_Crop_Identification/make_dataset/raw_sentinel/pm5/pm5__20201105_20201124__0082	2020-11-19	635052.00000000,3758334.00000000,635820.00000000,3759102.00000000
train	006499	lower__20201116_160945_00_222f_3B_AnalyticMS_SR_8b_clip	pm5__20201105_20201124__0082	/scrfs/storage/yikebe/home/research/AR_Crop_Identification/make_dataset/raw_sentinel/pm5/pm5__20201105_20201124__0082	2020-11-19	641964.00000000,3758334.00000000,642732.00000000,3759102.00000000
train	006515	lower__20201116_160945_00_222f_3B_AnalyticMS_SR_8b_clip	pm5__20201105_20201124__0082	/scrfs/storage/yikebe/home/research/AR_Crop_Identification/make_dataset/raw_sentinel/pm5/pm5__20201105_20201124__0082	2020-11-19	622764.00000000,3757566.00000000,623532.00000000,3758334.00000000
train	006531	lower__20201116_160945_00_222f_3B_AnalyticMS_SR_8b_clip	pm5__20201105_20201124__0082	/scrfs/storage/yikebe/home/research/AR_Crop_Identification/make_dataset/raw_sentinel/pm5/pm5__20201105_20201124__0082	2020-11-19	626604.00000000,3757566.00000000,627372.00000000,3758334.00000000
train	006547	lower__20201116_160945_00_222f_3B_AnalyticMS_SR_8b_clip	pm5__20201105_20201124__0082	/scrfs/storage/yikebe/home/research/AR_Crop_Identification/make_dataset/raw_sentinel/pm5/pm5__20201105_20201124__0082	2020-11-19	635820.00000000,3756798.00000000,636588.00000000,3757566.00000000
train	006563	lower__20201116_160945_00_222f_3B_AnalyticMS_SR_8b_clip	pm5__20201105_20201124__0082	/scrfs/storage/yikebe/home/research/AR_Crop_Identification/make_dataset/raw_sentinel/pm5/pm5__20201105_20201124__0082	2020-11-19	640428.00000000,3756798.00000000,641196.00000000,3757566.00000000
train	006579	lower__20201116_160945_00_222f_3B_AnalyticMS_SR_8b_clip	pm5__20201105_20201124__0082	/scrfs/storage/yikebe/home/research/AR_Crop_Identification/make_dataset/raw_sentinel/pm5/pm5__20201105_20201124__0082	2020-11-19	645804.00000000,3756798.00000000,646572.00000000,3757566.00000000
train	006595	lower__20201116_160945_00_222f_3B_AnalyticMS_SR_8b_clip	pm5__20201105_20201124__0082	/scrfs/storage/yikebe/home/research/AR_Crop_Identification/make_dataset/raw_sentinel/pm5/pm5__20201105_20201124__0082	2020-11-19	646572.00000000,3756798.00000000,647340.00000000,3757566.00000000
train	006611	lower__20201116_160945_00_222f_3B_AnalyticMS_SR_8b_clip	pm5__20201105_20201124__0082	/scrfs/storage/yikebe/home/research/AR_Crop_Identification/make_dataset/raw_sentinel/pm5/pm5__20201105_20201124__0082	2020-11-19	625836.00000000,3756030.00000000,626604.00000000,3756798.00000000
train	006627	lower__20201116_160945_00_222f_3B_AnalyticMS_SR_8b_clip	pm5__20201105_20201124__0082	/scrfs/storage/yikebe/home/research/AR_Crop_Identification/make_dataset/raw_sentinel/pm5/pm5__20201105_20201124__0082	2020-11-19	646572.00000000,3756030.00000000,647340.00000000,3756798.00000000
train	006643	lower__20201116_160945_00_222f_3B_AnalyticMS_SR_8b_clip	pm5__20201105_20201124__0082	/scrfs/storage/yikebe/home/research/AR_Crop_Identification/make_dataset/raw_sentinel/pm5/pm5__20201105_20201124__0082	2020-11-19	648876.00000000,3756030.00000000,649644.00000000,3756798.00000000
train	006659	lower__20201116_160945_00_222f_3B_AnalyticMS_SR_8b_clip	pm5__20201105_20201124__0082	/scrfs/storage/yikebe/home/research/AR_Crop_Identification/make_dataset/raw_sentinel/pm5/pm5__20201105_20201124__0082	2020-11-19	650412.00000000,3756030.00000000,651180.00000000,3756798.00000000
train	006675	lower__20201116_160945_00_222f_3B_AnalyticMS_SR_8b_clip	pm5__20201105_20201124__0082	/scrfs/storage/yikebe/home/research/AR_Crop_Identification/make_dataset/raw_sentinel/pm5/pm5__20201105_20201124__0082	2020-11-19	651180.00000000,3756030.00000000,651948.00000000,3756798.00000000
train	006691	lower__20201116_160945_00_222f_3B_AnalyticMS_SR_8b_clip	pm5__20201105_20201124__0082	/scrfs/storage/yikebe/home/research/AR_Crop_Identification/make_dataset/raw_sentinel/pm5/pm5__20201105_20201124__0082	2020-11-19	651948.00000000,3756030.00000000,652716.00000000,3756798.00000000
train	006707	lower__20201116_160945_00_222f_3B_AnalyticMS_SR_8b_clip	pm5__20201105_20201124__0082	/scrfs/storage/yikebe/home/research/AR_Crop_Identification/make_dataset/raw_sentinel/pm5/pm5__20201105_20201124__0082	2020-11-19	625836.00000000,3755262.00000000,626604.00000000,3756030.00000000
train	006723	lower__20201116_160945_00_222f_3B_AnalyticMS_SR_8b_clip	pm5__20201105_20201124__0082	/scrfs/storage/yikebe/home/research/AR_Crop_Identification/make_dataset/raw_sentinel/pm5/pm5__20201105_20201124__0082	2020-11-19	626604.00000000,3755262.00000000,627372.00000000,3756030.00000000
train	006739	lower__20201116_160945_00_222f_3B_AnalyticMS_SR_8b_clip	pm5__20201105_20201124__0082	/scrfs/storage/yikebe/home/research/AR_Crop_Identification/make_dataset/raw_sentinel/pm5/pm5__20201105_20201124__0082	2020-11-19	645804.00000000,3755262.00000000,646572.00000000,3756030.00000000
train	006755	lower__20201116_160945_00_222f_3B_AnalyticMS_SR_8b_clip	pm5__20201105_20201124__0082	/scrfs/storage/yikebe/home/research/AR_Crop_Identification/make_dataset/raw_sentinel/pm5/pm5__20201105_20201124__0082	2020-11-19	651180.00000000,3755262.00000000,651948.00000000,3756030.00000000
train	006771	lower__20201116_160945_00_222f_3B_AnalyticMS_SR_8b_clip	pm5__20201105_20201124__0082	/scrfs/storage/yikebe/home/research/AR_Crop_Identification/make_dataset/raw_sentinel/pm5/pm5__20201105_20201124__0082	2020-11-19	654252.00000000,3755262.00000000,655020.00000000,3756030.00000000
train	006787	lower__20201116_160945_00_222f_3B_AnalyticMS_SR_8b_clip	pm5__20201105_20201124__0082	/scrfs/storage/yikebe/home/research/AR_Crop_Identification/make_dataset/raw_sentinel/pm5/pm5__20201105_20201124__0082	2020-11-19	646572.00000000,3754494.00000000,647340.00000000,3755262.00000000
train	006803	lower__20201116_160945_00_222f_3B_AnalyticMS_SR_8b_clip	pm5__20201105_20201124__0082	/scrfs/storage/yikebe/home/research/AR_Crop_Identification/make_dataset/raw_sentinel/pm5/pm5__20201105_20201124__0082	2020-11-19	633516.00000000,3753726.00000000,634284.00000000,3754494.00000000
train	006819	lower__20201116_160945_00_222f_3B_AnalyticMS_SR_8b_clip	pm5__20201105_20201124__0082	/scrfs/storage/yikebe/home/research/AR_Crop_Identification/make_dataset/raw_sentinel/pm5/pm5__20201105_20201124__0082	2020-11-19	634284.00000000,3753726.00000000,635052.00000000,3754494.00000000
train	006835	lower__20201116_160945_00_222f_3B_AnalyticMS_SR_8b_clip	pm5__20201105_20201124__0082	/scrfs/storage/yikebe/home/research/AR_Crop_Identification/make_dataset/raw_sentinel/pm5/pm5__20201105_20201124__0082	2020-11-19	652716.00000000,3753726.00000000,653484.00000000,3754494.00000000
train	006851	lower__20201116_160945_00_222f_3B_AnalyticMS_SR_8b_clip	pm5__20201105_20201124__0082	/scrfs/storage/yikebe/home/research/AR_Crop_Identification/make_dataset/raw_sentinel/pm5/pm5__20201105_20201124__0082	2020-11-19	630444.00000000,3752958.00000000,631212.00000000,3753726.00000000
train	006867	lower__20201116_160945_00_222f_3B_AnalyticMS_SR_8b_clip	pm5__20201105_20201124__0082	/scrfs/storage/yikebe/home/research/AR_Crop_Identification/make_dataset/raw_sentinel/pm5/pm5__20201105_20201124__0082	2020-11-19	648876.00000000,3752958.00000000,649644.00000000,3753726.00000000
train	006883	lower__20201116_160945_00_222f_3B_AnalyticMS_SR_8b_clip	pm5__20201105_20201124__0082	/scrfs/storage/yikebe/home/research/AR_Crop_Identification/make_dataset/raw_sentinel/pm5/pm5__20201105_20201124__0082	2020-11-19	651948.00000000,3752958.00000000,652716.00000000,3753726.00000000
train	006899	lower__20201116_160945_00_222f_3B_AnalyticMS_SR_8b_clip	pm5__20201105_20201124__0082	/scrfs/storage/yikebe/home/research/AR_Crop_Identification/make_dataset/raw_sentinel/pm5/pm5__20201105_20201124__0082	2020-11-19	652716.00000000,3752958.00000000,653484.00000000,3753726.00000000
train	006915	lower__20201116_160945_00_222f_3B_AnalyticMS_SR_8b_clip	pm5__20201105_20201124__0082	/scrfs/storage/yikebe/home/research/AR_Crop_Identification/make_dataset/raw_sentinel/pm5/pm5__20201105_20201124__0082	2020-11-19	624300.00000000,3752190.00000000,625068.00000000,3752958.00000000
train	006931	lower__20201116_160945_00_222f_3B_AnalyticMS_SR_8b_clip	pm5__20201105_20201124__0082	/scrfs/storage/yikebe/home/research/AR_Crop_Identification/make_dataset/raw_sentinel/pm5/pm5__20201105_20201124__0082	2020-11-19	632748.00000000,3752190.00000000,633516.00000000,3752958.00000000
train	006947	lower__20201116_160945_00_222f_3B_AnalyticMS_SR_8b_clip	pm5__20201105_20201124__0082	/scrfs/storage/yikebe/home/research/AR_Crop_Identification/make_dataset/raw_sentinel/pm5/pm5__20201105_20201124__0082	2020-11-19	641196.00000000,3752190.00000000,641964.00000000,3752958.00000000
train	006963	lower__20201116_160945_00_222f_3B_AnalyticMS_SR_8b_clip	pm5__20201105_20201124__0082	/scrfs/storage/yikebe/home/research/AR_Crop_Identification/make_dataset/raw_sentinel/pm5/pm5__20201105_20201124__0082	2020-11-19	651948.00000000,3752190.00000000,652716.00000000,3752958.00000000
train	006979	lower__20201116_160945_00_222f_3B_AnalyticMS_SR_8b_clip	pm5__20201105_20201124__0082	/scrfs/storage/yikebe/home/research/AR_Crop_Identification/make_dataset/raw_sentinel/pm5/pm5__20201105_20201124__0082	2020-11-19	624300.00000000,3751422.00000000,625068.00000000,3752190.00000000
train	006995	lower__20201116_160945_00_222f_3B_AnalyticMS_SR_8b_clip	pm5__20201105_20201124__0082	/scrfs/storage/yikebe/home/research/AR_Crop_Identification/make_dataset/raw_sentinel/pm5/pm5__20201105_20201124__0082	2020-11-19	646572.00000000,3751422.00000000,647340.00000000,3752190.00000000
train	007011	lower__20201116_160945_00_222f_3B_AnalyticMS_SR_8b_clip	pm5__20201105_20201124__0082	/scrfs/storage/yikebe/home/research/AR_Crop_Identification/make_dataset/raw_sentinel/pm5/pm5__20201105_20201124__0082	2020-11-19	651948.00000000,3751422.00000000,652716.00000000,3752190.00000000
train	007027	lower__20201116_160945_00_222f_3B_AnalyticMS_SR_8b_clip	pm5__20201105_20201124__0082	/scrfs/storage/yikebe/home/research/AR_Crop_Identification/make_dataset/raw_sentinel/pm5/pm5__20201105_20201124__0082	2020-11-19	625068.00000000,3750654.00000000,625836.00000000,3751422.00000000
train	007043	lower__20201116_160945_00_222f_3B_AnalyticMS_SR_8b_clip	pm5__20201105_20201124__0082	/scrfs/storage/yikebe/home/research/AR_Crop_Identification/make_dataset/raw_sentinel/pm5/pm5__20201105_20201124__0082	2020-11-19	631212.00000000,3750654.00000000,631980.00000000,3751422.00000000
train	007059	lower__20201116_160945_00_222f_3B_AnalyticMS_SR_8b_clip	pm5__20201105_20201124__0082	/scrfs/storage/yikebe/home/research/AR_Crop_Identification/make_dataset/raw_sentinel/pm5/pm5__20201105_20201124__0082	2020-11-19	645804.00000000,3750654.00000000,646572.00000000,3751422.00000000
train	007075	lower__20201116_160945_00_222f_3B_AnalyticMS_SR_8b_clip	pm5__20201105_20201124__0082	/scrfs/storage/yikebe/home/research/AR_Crop_Identification/make_dataset/raw_sentinel/pm5/pm5__20201105_20201124__0082	2020-11-19	646572.00000000,3750654.00000000,647340.00000000,3751422.00000000
train	007091	lower__20201116_160945_00_222f_3B_AnalyticMS_SR_8b_clip	pm5__20201105_20201124__0082	/scrfs/storage/yikebe/home/research/AR_Crop_Identification/make_dataset/raw_sentinel/pm5/pm5__20201105_20201124__0082	2020-11-19	647340.00000000,3750654.00000000,648108.00000000,3751422.00000000
train	007107	lower__20201116_160945_00_222f_3B_AnalyticMS_SR_8b_clip	pm5__20201105_20201124__0082	/scrfs/storage/yikebe/home/research/AR_Crop_Identification/make_dataset/raw_sentinel/pm5/pm5__20201105_20201124__0082	2020-11-19	648876.00000000,3750654.00000000,649644.00000000,3751422.00000000
train	007123	lower__20201116_160945_00_222f_3B_AnalyticMS_SR_8b_clip	pm5__20201105_20201124__0082	/scrfs/storage/yikebe/home/research/AR_Crop_Identification/make_dataset/raw_sentinel/pm5/pm5__20201105_20201124__0082	2020-11-19	649644.00000000,3750654.00000000,650412.00000000,3751422.00000000
train	007139	lower__20201116_160945_00_222f_3B_AnalyticMS_SR_8b_clip	pm5__20201105_20201124__0082	/scrfs/storage/yikebe/home/research/AR_Crop_Identification/make_dataset/raw_sentinel/pm5/pm5__20201105_20201124__0082	2020-11-19	651948.00000000,3750654.00000000,652716.00000000,3751422.00000000
train	007155	lower__20201116_160945_00_222f_3B_AnalyticMS_SR_8b_clip	pm5__20201105_20201124__0082	/scrfs/storage/yikebe/home/research/AR_Crop_Identification/make_dataset/raw_sentinel/pm5/pm5__20201105_20201124__0082	2020-11-19	629676.00000000,3749886.00000000,630444.00000000,3750654.00000000
train	007171	lower__20201116_160945_00_222f_3B_AnalyticMS_SR_8b_clip	pm5__20201105_20201124__0082	/scrfs/storage/yikebe/home/research/AR_Crop_Identification/make_dataset/raw_sentinel/pm5/pm5__20201105_20201124__0082	2020-11-19	630444.00000000,3749886.00000000,631212.00000000,3750654.00000000
train	007187	lower__20201116_160945_00_222f_3B_AnalyticMS_SR_8b_clip	pm5__20201105_20201124__0082	/scrfs/storage/yikebe/home/research/AR_Crop_Identification/make_dataset/raw_sentinel/pm5/pm5__20201105_20201124__0082	2020-11-19	631212.00000000,3749886.00000000,631980.00000000,3750654.00000000
train	007203	lower__20201116_160945_00_222f_3B_AnalyticMS_SR_8b_clip	pm5__20201105_20201124__0082	/scrfs/storage/yikebe/home/research/AR_Crop_Identification/make_dataset/raw_sentinel/pm5/pm5__20201105_20201124__0082	2020-11-19	631980.00000000,3749886.00000000,632748.00000000,3750654.00000000
train	007219	lower__20201116_160945_00_222f_3B_AnalyticMS_SR_8b_clip	pm5__20201105_20201124__0082	/scrfs/storage/yikebe/home/research/AR_Crop_Identification/make_dataset/raw_sentinel/pm5/pm5__20201105_20201124__0082	2020-11-19	645036.00000000,3749886.00000000,645804.00000000,3750654.00000000
train	007235	lower__20201116_160945_00_222f_3B_AnalyticMS_SR_8b_clip	pm5__20201105_20201124__0082	/scrfs/storage/yikebe/home/research/AR_Crop_Identification/make_dataset/raw_sentinel/pm5/pm5__20201105_20201124__0082	2020-11-19	647340.00000000,3749886.00000000,648108.00000000,3750654.00000000
train	007251	lower__20201116_160945_00_222f_3B_AnalyticMS_SR_8b_clip	pm5__20201105_20201124__0082	/scrfs/storage/yikebe/home/research/AR_Crop_Identification/make_dataset/raw_sentinel/pm5/pm5__20201105_20201124__0082	2020-11-19	648108.00000000,3749886.00000000,648876.00000000,3750654.00000000
train	007267	lower__20201116_160945_00_222f_3B_AnalyticMS_SR_8b_clip	pm5__20201105_20201124__0082	/scrfs/storage/yikebe/home/research/AR_Crop_Identification/make_dataset/raw_sentinel/pm5/pm5__20201105_20201124__0082	2020-11-19	649644.00000000,3749886.00000000,650412.00000000,3750654.00000000
train	007283	lower__20201116_160945_00_222f_3B_AnalyticMS_SR_8b_clip	pm5__20201105_20201124__0082	/scrfs/storage/yikebe/home/research/AR_Crop_Identification/make_dataset/raw_sentinel/pm5/pm5__20201105_20201124__0082	2020-11-19	631980.00000000,3749118.00000000,632748.00000000,3749886.00000000
train	007299	lower__20201116_160945_00_222f_3B_AnalyticMS_SR_8b_clip	pm5__20201105_20201124__0082	/scrfs/storage/yikebe/home/research/AR_Crop_Identification/make_dataset/raw_sentinel/pm5/pm5__20201105_20201124__0082	2020-11-19	632748.00000000,3749118.00000000,633516.00000000,3749886.00000000
train	007315	lower__20201116_160945_00_222f_3B_AnalyticMS_SR_8b_clip	pm5__20201105_20201124__0082	/scrfs/storage/yikebe/home/research/AR_Crop_Identification/make_dataset/raw_sentinel/pm5/pm5__20201105_20201124__0082	2020-11-19	633516.00000000,3749118.00000000,634284.00000000,3749886.00000000
train	007331	lower__20201116_160945_00_222f_3B_AnalyticMS_SR_8b_clip	pm5__20201105_20201124__0082	/scrfs/storage/yikebe/home/research/AR_Crop_Identification/make_dataset/raw_sentinel/pm5/pm5__20201105_20201124__0082	2020-11-19	633516.00000000,3748350.00000000,634284.00000000,3749118.00000000
train	007347	lower__20201116_160945_00_222f_3B_AnalyticMS_SR_8b_clip	pm5__20201105_20201124__0082	/scrfs/storage/yikebe/home/research/AR_Crop_Identification/make_dataset/raw_sentinel/pm5/pm5__20201105_20201124__0082	2020-11-19	650412.00000000,3747582.00000000,651180.00000000,3748350.00000000
train	007363	lower__20201116_160945_00_222f_3B_AnalyticMS_SR_8b_clip	pm5__20201105_20201124__0082	/scrfs/storage/yikebe/home/research/AR_Crop_Identification/make_dataset/raw_sentinel/pm5/pm5__20201105_20201124__0082	2020-11-19	640428.00000000,3746814.00000000,641196.00000000,3747582.00000000
train	007379	lower__20201116_160945_00_222f_3B_AnalyticMS_SR_8b_clip	pm5__20201105_20201124__0082	/scrfs/storage/yikebe/home/research/AR_Crop_Identification/make_dataset/raw_sentinel/pm5/pm5__20201105_20201124__0082	2020-11-19	641196.00000000,3746814.00000000,641964.00000000,3747582.00000000
train	007395	lower__20201116_160945_00_222f_3B_AnalyticMS_SR_8b_clip	pm5__20201105_20201124__0082	/scrfs/storage/yikebe/home/research/AR_Crop_Identification/make_dataset/raw_sentinel/pm5/pm5__20201105_20201124__0082	2020-11-19	649644.00000000,3746814.00000000,650412.00000000,3747582.00000000
train	007411	lower__20201116_160945_00_222f_3B_AnalyticMS_SR_8b_clip	pm5__20201105_20201124__0082	/scrfs/storage/yikebe/home/research/AR_Crop_Identification/make_dataset/raw_sentinel/pm5/pm5__20201105_20201124__0082	2020-11-19	650412.00000000,3746814.00000000,651180.00000000,3747582.00000000
train	007427	lower__20201116_160945_00_222f_3B_AnalyticMS_SR_8b_clip	pm5__20201105_20201124__0082	/scrfs/storage/yikebe/home/research/AR_Crop_Identification/make_dataset/raw_sentinel/pm5/pm5__20201105_20201124__0082	2020-11-19	635052.00000000,3746046.00000000,635820.00000000,3746814.00000000
train	007443	lower__20201116_160945_00_222f_3B_AnalyticMS_SR_8b_clip	pm5__20201105_20201124__0082	/scrfs/storage/yikebe/home/research/AR_Crop_Identification/make_dataset/raw_sentinel/pm5/pm5__20201105_20201124__0082	2020-11-19	635820.00000000,3746046.00000000,636588.00000000,3746814.00000000
train	007459	lower__20201116_160945_00_222f_3B_AnalyticMS_SR_8b_clip	pm5__20201105_20201124__0082	/scrfs/storage/yikebe/home/research/AR_Crop_Identification/make_dataset/raw_sentinel/pm5/pm5__20201105_20201124__0082	2020-11-19	635820.00000000,3745278.00000000,636588.00000000,3746046.00000000
train	007475	lower__20201116_160945_00_222f_3B_AnalyticMS_SR_8b_clip	pm5__20201105_20201124__0082	/scrfs/storage/yikebe/home/research/AR_Crop_Identification/make_dataset/raw_sentinel/pm5/pm5__20201105_20201124__0082	2020-11-19	644268.00000000,3744510.00000000,645036.00000000,3745278.00000000
train	007491	lower__20201116_160945_00_222f_3B_AnalyticMS_SR_8b_clip	pm5__20201105_20201124__0082	/scrfs/storage/yikebe/home/research/AR_Crop_Identification/make_dataset/raw_sentinel/pm5/pm5__20201105_20201124__0082	2020-11-19	653484.00000000,3744510.00000000,654252.00000000,3745278.00000000
train	007507	lower__20201116_160945_00_222f_3B_AnalyticMS_SR_8b_clip	pm5__20201105_20201124__0082	/scrfs/storage/yikebe/home/research/AR_Crop_Identification/make_dataset/raw_sentinel/pm5/pm5__20201105_20201124__0082	2020-11-19	636588.00000000,3743742.00000000,637356.00000000,3744510.00000000
train	007523	lower__20201116_160945_00_222f_3B_AnalyticMS_SR_8b_clip	pm5__20201105_20201124__0082	/scrfs/storage/yikebe/home/research/AR_Crop_Identification/make_dataset/raw_sentinel/pm5/pm5__20201105_20201124__0082	2020-11-19	648876.00000000,3743742.00000000,649644.00000000,3744510.00000000
train	007539	lower__20201116_160945_00_222f_3B_AnalyticMS_SR_8b_clip	pm5__20201105_20201124__0082	/scrfs/storage/yikebe/home/research/AR_Crop_Identification/make_dataset/raw_sentinel/pm5/pm5__20201105_20201124__0082	2020-11-19	649644.00000000,3743742.00000000,650412.00000000,3744510.00000000
train	007555	lower__20201116_160945_00_222f_3B_AnalyticMS_SR_8b_clip	pm5__20201105_20201124__0082	/scrfs/storage/yikebe/home/research/AR_Crop_Identification/make_dataset/raw_sentinel/pm5/pm5__20201105_20201124__0082	2020-11-19	651180.00000000,3743742.00000000,651948.00000000,3744510.00000000
train	007571	lower__20201116_160945_00_222f_3B_AnalyticMS_SR_8b_clip	pm5__20201105_20201124__0082	/scrfs/storage/yikebe/home/research/AR_Crop_Identification/make_dataset/raw_sentinel/pm5/pm5__20201105_20201124__0082	2020-11-19	628140.00000000,3742974.00000000,628908.00000000,3743742.00000000
train	007587	lower__20201116_160945_00_222f_3B_AnalyticMS_SR_8b_clip	pm5__20201105_20201124__0082	/scrfs/storage/yikebe/home/research/AR_Crop_Identification/make_dataset/raw_sentinel/pm5/pm5__20201105_20201124__0082	2020-11-19	636588.00000000,3742974.00000000,637356.00000000,3743742.00000000
train	007603	lower__20201116_160945_00_222f_3B_AnalyticMS_SR_8b_clip	pm5__20201105_20201124__0082	/scrfs/storage/yikebe/home/research/AR_Crop_Identification/make_dataset/raw_sentinel/pm5/pm5__20201105_20201124__0082	2020-11-19	637356.00000000,3742974.00000000,638124.00000000,3743742.00000000
train	007619	lower__20201116_160945_00_222f_3B_AnalyticMS_SR_8b_clip	pm5__20201105_20201124__0082	/scrfs/storage/yikebe/home/research/AR_Crop_Identification/make_dataset/raw_sentinel/pm5/pm5__20201105_20201124__0082	2020-11-19	645804.00000000,3742974.00000000,646572.00000000,3743742.00000000
train	007635	lower__20201116_160945_00_222f_3B_AnalyticMS_SR_8b_clip	pm5__20201105_20201124__0082	/scrfs/storage/yikebe/home/research/AR_Crop_Identification/make_dataset/raw_sentinel/pm5/pm5__20201105_20201124__0082	2020-11-19	649644.00000000,3742974.00000000,650412.00000000,3743742.00000000
train	007651	lower__20201116_160945_00_222f_3B_AnalyticMS_SR_8b_clip	pm5__20201105_20201124__0082	/scrfs/storage/yikebe/home/research/AR_Crop_Identification/make_dataset/raw_sentinel/pm5/pm5__20201105_20201124__0082	2020-11-19	638892.00000000,3742206.00000000,639660.00000000,3742974.00000000
train	007667	lower__20201116_160945_00_222f_3B_AnalyticMS_SR_8b_clip	pm5__20201105_20201124__0082	/scrfs/storage/yikebe/home/research/AR_Crop_Identification/make_dataset/raw_sentinel/pm5/pm5__20201105_20201124__0082	2020-11-19	635052.00000000,3741438.00000000,635820.00000000,3742206.00000000
train	007683	lower__20201116_160945_00_222f_3B_AnalyticMS_SR_8b_clip	pm5__20201105_20201124__0082	/scrfs/storage/yikebe/home/research/AR_Crop_Identification/make_dataset/raw_sentinel/pm5/pm5__20201105_20201124__0082	2020-11-19	647340.00000000,3739902.00000000,648108.00000000,3740670.00000000
train	007699	lower__20201116_160945_00_222f_3B_AnalyticMS_SR_8b_clip	pm5__20201105_20201124__0082	/scrfs/storage/yikebe/home/research/AR_Crop_Identification/make_dataset/raw_sentinel/pm5/pm5__20201105_20201124__0082	2020-11-19	651180.00000000,3739902.00000000,651948.00000000,3740670.00000000
train	007715	lower__20201116_160945_00_222f_3B_AnalyticMS_SR_8b_clip	pm5__20201105_20201124__0082	/scrfs/storage/yikebe/home/research/AR_Crop_Identification/make_dataset/raw_sentinel/pm5/pm5__20201105_20201124__0082	2020-11-19	642732.00000000,3739134.00000000,643500.00000000,3739902.00000000
train	007731	lower__20201116_160945_00_222f_3B_AnalyticMS_SR_8b_clip	pm5__20201105_20201124__0082	/scrfs/storage/yikebe/home/research/AR_Crop_Identification/make_dataset/raw_sentinel/pm5/pm5__20201105_20201124__0082	2020-11-19	647340.00000000,3739134.00000000,648108.00000000,3739902.00000000
train	007747	lower__20201116_160945_00_222f_3B_AnalyticMS_SR_8b_clip	pm5__20201105_20201124__0082	/scrfs/storage/yikebe/home/research/AR_Crop_Identification/make_dataset/raw_sentinel/pm5/pm5__20201105_20201124__0082	2020-11-19	651948.00000000,3739134.00000000,652716.00000000,3739902.00000000
train	007763	lower__20201116_160945_00_222f_3B_AnalyticMS_SR_8b_clip	pm5__20201105_20201124__0082	/scrfs/storage/yikebe/home/research/AR_Crop_Identification/make_dataset/raw_sentinel/pm5/pm5__20201105_20201124__0082	2020-11-19	646572.00000000,3738366.00000000,647340.00000000,3739134.00000000
train	007779	lower__20201116_160945_00_222f_3B_AnalyticMS_SR_8b_clip	pm5__20201105_20201124__0082	/scrfs/storage/yikebe/home/research/AR_Crop_Identification/make_dataset/raw_sentinel/pm5/pm5__20201105_20201124__0082	2020-11-19	647340.00000000,3738366.00000000,648108.00000000,3739134.00000000
train	007795	lower__20201116_160945_00_222f_3B_AnalyticMS_SR_8b_clip	pm5__20201105_20201124__0082	/scrfs/storage/yikebe/home/research/AR_Crop_Identification/make_dataset/raw_sentinel/pm5/pm5__20201105_20201124__0082	2020-11-19	648108.00000000,3738366.00000000,648876.00000000,3739134.00000000
train	007811	lower__20201116_160945_00_222f_3B_AnalyticMS_SR_8b_clip	pm5__20201105_20201124__0082	/scrfs/storage/yikebe/home/research/AR_Crop_Identification/make_dataset/raw_sentinel/pm5/pm5__20201105_20201124__0082	2020-11-19	651948.00000000,3738366.00000000,652716.00000000,3739134.00000000
train	007827	lower__20201116_160945_00_222f_3B_AnalyticMS_SR_8b_clip	pm5__20201105_20201124__0082	/scrfs/storage/yikebe/home/research/AR_Crop_Identification/make_dataset/raw_sentinel/pm5/pm5__20201105_20201124__0082	2020-11-19	645804.00000000,3737598.00000000,646572.00000000,3738366.00000000
train	007843	lower__20201116_160945_00_222f_3B_AnalyticMS_SR_8b_clip	pm5__20201105_20201124__0082	/scrfs/storage/yikebe/home/research/AR_Crop_Identification/make_dataset/raw_sentinel/pm5/pm5__20201105_20201124__0082	2020-11-19	646572.00000000,3737598.00000000,647340.00000000,3738366.00000000
train	007859	lower__20201116_160945_00_222f_3B_AnalyticMS_SR_8b_clip	pm5__20201105_20201124__0082	/scrfs/storage/yikebe/home/research/AR_Crop_Identification/make_dataset/raw_sentinel/pm5/pm5__20201105_20201124__0082	2020-11-19	647340.00000000,3737598.00000000,648108.00000000,3738366.00000000
train	007875	lower__20201116_160945_00_222f_3B_AnalyticMS_SR_8b_clip	pm5__20201105_20201124__0082	/scrfs/storage/yikebe/home/research/AR_Crop_Identification/make_dataset/raw_sentinel/pm5/pm5__20201105_20201124__0082	2020-11-19	648108.00000000,3737598.00000000,648876.00000000,3738366.00000000
train	007891	lower__20201116_160945_00_222f_3B_AnalyticMS_SR_8b_clip	pm5__20201105_20201124__0082	/scrfs/storage/yikebe/home/research/AR_Crop_Identification/make_dataset/raw_sentinel/pm5/pm5__20201105_20201124__0082	2020-11-19	651948.00000000,3737598.00000000,652716.00000000,3738366.00000000
train	007907	lower__20201116_160945_00_222f_3B_AnalyticMS_SR_8b_clip	pm5__20201105_20201124__0082	/scrfs/storage/yikebe/home/research/AR_Crop_Identification/make_dataset/raw_sentinel/pm5/pm5__20201105_20201124__0082	2020-11-19	651948.00000000,3736830.00000000,652716.00000000,3737598.00000000
train	007923	lower__20201117_160530_36_2280_3B_AnalyticMS_SR_8b_clip	pm5__20201105_20201124__0124	/scrfs/storage/yikebe/home/research/AR_Crop_Identification/make_dataset/raw_sentinel/pm5/pm5__20201105_20201124__0124	2020-11-21	729390.00000000,3780006.00000000,730158.00000000,3780774.00000000
train	007939	lower__20201117_160530_36_2280_3B_AnalyticMS_SR_8b_clip	pm5__20201105_20201124__0124	/scrfs/storage/yikebe/home/research/AR_Crop_Identification/make_dataset/raw_sentinel/pm5/pm5__20201105_20201124__0124	2020-11-21	724782.00000000,3779238.00000000,725550.00000000,3780006.00000000
train	007955	lower__20201117_160530_36_2280_3B_AnalyticMS_SR_8b_clip	pm5__20201105_20201124__0124	/scrfs/storage/yikebe/home/research/AR_Crop_Identification/make_dataset/raw_sentinel/pm5/pm5__20201105_20201124__0124	2020-11-21	726318.00000000,3777702.00000000,727086.00000000,3778470.00000000
train	007971	lower__20201117_160530_36_2280_3B_AnalyticMS_SR_8b_clip	pm5__20201105_20201124__0124	/scrfs/storage/yikebe/home/research/AR_Crop_Identification/make_dataset/raw_sentinel/pm5/pm5__20201105_20201124__0124	2020-11-21	721710.00000000,3770022.00000000,722478.00000000,3770790.00000000
train	007987	lower__20201117_160530_36_2280_3B_AnalyticMS_SR_8b_clip	pm5__20201105_20201124__0124	/scrfs/storage/yikebe/home/research/AR_Crop_Identification/make_dataset/raw_sentinel/pm5/pm5__20201105_20201124__0124	2020-11-21	743982.00000000,3762342.00000000,744750.00000000,3763110.00000000
train	008003	lower__20201118_155748_27_222b_3B_AnalyticMS_SR_8b_clip	pm5__20201105_20201124__0119	/scrfs/storage/yikebe/home/research/AR_Crop_Identification/make_dataset/raw_sentinel/pm5/pm5__20201105_20201124__0119	2020-11-21	711063.00000000,3690369.00000000,711831.00000000,3691137.00000000
train	008019	lower__20201118_155748_27_222b_3B_AnalyticMS_SR_8b_clip	pm5__20201105_20201124__0119	/scrfs/storage/yikebe/home/research/AR_Crop_Identification/make_dataset/raw_sentinel/pm5/pm5__20201105_20201124__0119	2020-11-21	716439.00000000,3688833.00000000,717207.00000000,3689601.00000000
train	008035	lower__20201118_155748_27_222b_3B_AnalyticMS_SR_8b_clip	pm5__20201105_20201124__0119	/scrfs/storage/yikebe/home/research/AR_Crop_Identification/make_dataset/raw_sentinel/pm5/pm5__20201105_20201124__0119	2020-11-21	707991.00000000,3688065.00000000,708759.00000000,3688833.00000000
train	008051	lower__20201118_155748_27_222b_3B_AnalyticMS_SR_8b_clip	pm5__20201105_20201124__0119	/scrfs/storage/yikebe/home/research/AR_Crop_Identification/make_dataset/raw_sentinel/pm5/pm5__20201105_20201124__0119	2020-11-21	708759.00000000,3688065.00000000,709527.00000000,3688833.00000000
train	008067	lower__20201118_155748_27_222b_3B_AnalyticMS_SR_8b_clip	pm5__20201105_20201124__0119	/scrfs/storage/yikebe/home/research/AR_Crop_Identification/make_dataset/raw_sentinel/pm5/pm5__20201105_20201124__0119	2020-11-21	707991.00000000,3687297.00000000,708759.00000000,3688065.00000000
train	008083	lower__20201118_155748_27_222b_3B_AnalyticMS_SR_8b_clip	pm5__20201105_20201124__0119	/scrfs/storage/yikebe/home/research/AR_Crop_Identification/make_dataset/raw_sentinel/pm5/pm5__20201105_20201124__0119	2020-11-21	708759.00000000,3687297.00000000,709527.00000000,3688065.00000000
train	008099	lower__20201118_155748_27_222b_3B_AnalyticMS_SR_8b_clip	pm5__20201105_20201124__0119	/scrfs/storage/yikebe/home/research/AR_Crop_Identification/make_dataset/raw_sentinel/pm5/pm5__20201105_20201124__0119	2020-11-21	709527.00000000,3684993.00000000,710295.00000000,3685761.00000000
train	008115	lower__20201118_155748_27_222b_3B_AnalyticMS_SR_8b_clip	pm5__20201105_20201124__0119	/scrfs/storage/yikebe/home/research/AR_Crop_Identification/make_dataset/raw_sentinel/pm5/pm5__20201105_20201124__0119	2020-11-21	709527.00000000,3684225.00000000,710295.00000000,3684993.00000000
train	008131	lower__20201118_155748_27_222b_3B_AnalyticMS_SR_8b_clip	pm5__20201105_20201124__0119	/scrfs/storage/yikebe/home/research/AR_Crop_Identification/make_dataset/raw_sentinel/pm5/pm5__20201105_20201124__0119	2020-11-21	721815.00000000,3678081.00000000,722583.00000000,3678849.00000000
train	008147	lower__20201118_155748_27_222b_3B_AnalyticMS_SR_8b_clip	pm5__20201105_20201124__0119	/scrfs/storage/yikebe/home/research/AR_Crop_Identification/make_dataset/raw_sentinel/pm5/pm5__20201105_20201124__0119	2020-11-21	730263.00000000,3677313.00000000,731031.00000000,3678081.00000000
train	008163	lower__20201118_155748_27_222b_3B_AnalyticMS_SR_8b_clip	pm5__20201105_20201124__0119	/scrfs/storage/yikebe/home/research/AR_Crop_Identification/make_dataset/raw_sentinel/pm5/pm5__20201105_20201124__0119	2020-11-21	705687.00000000,3675009.00000000,706455.00000000,3675777.00000000
train	008179	lower__20201118_155748_27_222b_3B_AnalyticMS_SR_8b_clip	pm5__20201105_20201124__0119	/scrfs/storage/yikebe/home/research/AR_Crop_Identification/make_dataset/raw_sentinel/pm5/pm5__20201105_20201124__0119	2020-11-21	726423.00000000,3675009.00000000,727191.00000000,3675777.00000000
train	008195	lower__20201118_155748_27_222b_3B_AnalyticMS_SR_8b_clip	pm5__20201105_20201124__0119	/scrfs/storage/yikebe/home/research/AR_Crop_Identification/make_dataset/raw_sentinel/pm5/pm5__20201105_20201124__0119	2020-11-21	711831.00000000,3674241.00000000,712599.00000000,3675009.00000000
train	008211	lower__20201118_155748_27_222b_3B_AnalyticMS_SR_8b_clip	pm5__20201105_20201124__0119	/scrfs/storage/yikebe/home/research/AR_Crop_Identification/make_dataset/raw_sentinel/pm5/pm5__20201105_20201124__0119	2020-11-21	718743.00000000,3674241.00000000,719511.00000000,3675009.00000000
train	008227	lower__20201118_155748_27_222b_3B_AnalyticMS_SR_8b_clip	pm5__20201105_20201124__0119	/scrfs/storage/yikebe/home/research/AR_Crop_Identification/make_dataset/raw_sentinel/pm5/pm5__20201105_20201124__0119	2020-11-21	719511.00000000,3674241.00000000,720279.00000000,3675009.00000000
train	008243	lower__20201118_155748_27_222b_3B_AnalyticMS_SR_8b_clip	pm5__20201105_20201124__0119	/scrfs/storage/yikebe/home/research/AR_Crop_Identification/make_dataset/raw_sentinel/pm5/pm5__20201105_20201124__0119	2020-11-21	711063.00000000,3673473.00000000,711831.00000000,3674241.00000000
train	008259	lower__20201118_155748_27_222b_3B_AnalyticMS_SR_8b_clip	pm5__20201105_20201124__0119	/scrfs/storage/yikebe/home/research/AR_Crop_Identification/make_dataset/raw_sentinel/pm5/pm5__20201105_20201124__0119	2020-11-21	711831.00000000,3673473.00000000,712599.00000000,3674241.00000000
train	008275	lower__20201118_155748_27_222b_3B_AnalyticMS_SR_8b_clip	pm5__20201105_20201124__0119	/scrfs/storage/yikebe/home/research/AR_Crop_Identification/make_dataset/raw_sentinel/pm5/pm5__20201105_20201124__0119	2020-11-21	714135.00000000,3673473.00000000,714903.00000000,3674241.00000000
train	008291	lower__20201118_155748_27_222b_3B_AnalyticMS_SR_8b_clip	pm5__20201105_20201124__0119	/scrfs/storage/yikebe/home/research/AR_Crop_Identification/make_dataset/raw_sentinel/pm5/pm5__20201105_20201124__0119	2020-11-21	727959.00000000,3673473.00000000,728727.00000000,3674241.00000000
train	008307	lower__20201118_155748_27_222b_3B_AnalyticMS_SR_8b_clip	pm5__20201105_20201124__0119	/scrfs/storage/yikebe/home/research/AR_Crop_Identification/make_dataset/raw_sentinel/pm5/pm5__20201105_20201124__0119	2020-11-21	710295.00000000,3672705.00000000,711063.00000000,3673473.00000000
train	008323	lower__20201118_155748_27_222b_3B_AnalyticMS_SR_8b_clip	pm5__20201105_20201124__0119	/scrfs/storage/yikebe/home/research/AR_Crop_Identification/make_dataset/raw_sentinel/pm5/pm5__20201105_20201124__0119	2020-11-21	711063.00000000,3672705.00000000,711831.00000000,3673473.00000000
train	008339	lower__20201118_155748_27_222b_3B_AnalyticMS_SR_8b_clip	pm5__20201105_20201124__0119	/scrfs/storage/yikebe/home/research/AR_Crop_Identification/make_dataset/raw_sentinel/pm5/pm5__20201105_20201124__0119	2020-11-21	711831.00000000,3672705.00000000,712599.00000000,3673473.00000000
train	008355	lower__20201118_155748_27_222b_3B_AnalyticMS_SR_8b_clip	pm5__20201105_20201124__0119	/scrfs/storage/yikebe/home/research/AR_Crop_Identification/make_dataset/raw_sentinel/pm5/pm5__20201105_20201124__0119	2020-11-21	714135.00000000,3672705.00000000,714903.00000000,3673473.00000000
train	008371	lower__20201118_155748_27_222b_3B_AnalyticMS_SR_8b_clip	pm5__20201105_20201124__0119	/scrfs/storage/yikebe/home/research/AR_Crop_Identification/make_dataset/raw_sentinel/pm5/pm5__20201105_20201124__0119	2020-11-21	710295.00000000,3671937.00000000,711063.00000000,3672705.00000000
train	008387	lower__20201118_155748_27_222b_3B_AnalyticMS_SR_8b_clip	pm5__20201105_20201124__0119	/scrfs/storage/yikebe/home/research/AR_Crop_Identification/make_dataset/raw_sentinel/pm5/pm5__20201105_20201124__0119	2020-11-21	711063.00000000,3671937.00000000,711831.00000000,3672705.00000000
train	008403	lower__20201118_155748_27_222b_3B_AnalyticMS_SR_8b_clip	pm5__20201105_20201124__0119	/scrfs/storage/yikebe/home/research/AR_Crop_Identification/make_dataset/raw_sentinel/pm5/pm5__20201105_20201124__0119	2020-11-21	711831.00000000,3671169.00000000,712599.00000000,3671937.00000000
train	008419	lower__20201118_155748_27_222b_3B_AnalyticMS_SR_8b_clip	pm5__20201105_20201124__0119	/scrfs/storage/yikebe/home/research/AR_Crop_Identification/make_dataset/raw_sentinel/pm5/pm5__20201105_20201124__0119	2020-11-21	712599.00000000,3671169.00000000,713367.00000000,3671937.00000000
train	008435	lower__20201118_155748_27_222b_3B_AnalyticMS_SR_8b_clip	pm5__20201105_20201124__0119	/scrfs/storage/yikebe/home/research/AR_Crop_Identification/make_dataset/raw_sentinel/pm5/pm5__20201105_20201124__0119	2020-11-21	731799.00000000,3670401.00000000,732567.00000000,3671169.00000000
train	008451	lower__20201118_160528_37_2264_3B_AnalyticMS_SR_8b_clip	pm5__20201105_20201124__0109	/scrfs/storage/yikebe/home/research/AR_Crop_Identification/make_dataset/raw_sentinel/pm5/pm5__20201105_20201124__0109	2020-11-21	685056.00000000,3656754.00000000,685824.00000000,3657522.00000000
train	008467	lower__20201118_160528_37_2264_3B_AnalyticMS_SR_8b_clip	pm5__20201105_20201124__0109	/scrfs/storage/yikebe/home/research/AR_Crop_Identification/make_dataset/raw_sentinel/pm5/pm5__20201105_20201124__0109	2020-11-21	688896.00000000,3656754.00000000,689664.00000000,3657522.00000000
train	008483	lower__20201118_160528_37_2264_3B_AnalyticMS_SR_8b_clip	pm5__20201105_20201124__0109	/scrfs/storage/yikebe/home/research/AR_Crop_Identification/make_dataset/raw_sentinel/pm5/pm5__20201105_20201124__0109	2020-11-21	685056.00000000,3655986.00000000,685824.00000000,3656754.00000000
train	008499	lower__20201118_160528_37_2264_3B_AnalyticMS_SR_8b_clip	pm5__20201105_20201124__0109	/scrfs/storage/yikebe/home/research/AR_Crop_Identification/make_dataset/raw_sentinel/pm5/pm5__20201105_20201124__0109	2020-11-21	691200.00000000,3655986.00000000,691968.00000000,3656754.00000000
train	008515	lower__20201118_160528_37_2264_3B_AnalyticMS_SR_8b_clip	pm5__20201105_20201124__0109	/scrfs/storage/yikebe/home/research/AR_Crop_Identification/make_dataset/raw_sentinel/pm5/pm5__20201105_20201124__0109	2020-11-21	691200.00000000,3655218.00000000,691968.00000000,3655986.00000000
train	008531	lower__20201118_160528_37_2264_3B_AnalyticMS_SR_8b_clip	pm5__20201105_20201124__0109	/scrfs/storage/yikebe/home/research/AR_Crop_Identification/make_dataset/raw_sentinel/pm5/pm5__20201105_20201124__0109	2020-11-21	691968.00000000,3655218.00000000,692736.00000000,3655986.00000000
train	008547	lower__20201118_160528_37_2264_3B_AnalyticMS_SR_8b_clip	pm5__20201105_20201124__0109	/scrfs/storage/yikebe/home/research/AR_Crop_Identification/make_dataset/raw_sentinel/pm5/pm5__20201105_20201124__0109	2020-11-21	689664.00000000,3654450.00000000,690432.00000000,3655218.00000000
train	008563	lower__20201118_160528_37_2264_3B_AnalyticMS_SR_8b_clip	pm5__20201105_20201124__0109	/scrfs/storage/yikebe/home/research/AR_Crop_Identification/make_dataset/raw_sentinel/pm5/pm5__20201105_20201124__0109	2020-11-21	691968.00000000,3654450.00000000,692736.00000000,3655218.00000000
train	008579	lower__20201118_160528_37_2264_3B_AnalyticMS_SR_8b_clip	pm5__20201105_20201124__0109	/scrfs/storage/yikebe/home/research/AR_Crop_Identification/make_dataset/raw_sentinel/pm5/pm5__20201105_20201124__0109	2020-11-21	691968.00000000,3653682.00000000,692736.00000000,3654450.00000000
train	008595	lower__20201118_160831_38_2441_3B_AnalyticMS_SR_8b_clip	pm5__20201105_20201124__0082	/scrfs/storage/yikebe/home/research/AR_Crop_Identification/make_dataset/raw_sentinel/pm5/pm5__20201105_20201124__0082	2020-11-19	626259.00000000,3835767.00000000,627027.00000000,3836535.00000000
train	008611	lower__20201118_160831_38_2441_3B_AnalyticMS_SR_8b_clip	pm5__20201105_20201124__0082	/scrfs/storage/yikebe/home/research/AR_Crop_Identification/make_dataset/raw_sentinel/pm5/pm5__20201105_20201124__0082	2020-11-19	623955.00000000,3834999.00000000,624723.00000000,3835767.00000000
train	008627	lower__20201118_160831_38_2441_3B_AnalyticMS_SR_8b_clip	pm5__20201105_20201124__0082	/scrfs/storage/yikebe/home/research/AR_Crop_Identification/make_dataset/raw_sentinel/pm5/pm5__20201105_20201124__0082	2020-11-19	627027.00000000,3834999.00000000,627795.00000000,3835767.00000000
train	008643	lower__20201118_160831_38_2441_3B_AnalyticMS_SR_8b_clip	pm5__20201105_20201124__0082	/scrfs/storage/yikebe/home/research/AR_Crop_Identification/make_dataset/raw_sentinel/pm5/pm5__20201105_20201124__0082	2020-11-19	627795.00000000,3834999.00000000,628563.00000000,3835767.00000000
train	008659	lower__20201118_160831_38_2441_3B_AnalyticMS_SR_8b_clip	pm5__20201105_20201124__0082	/scrfs/storage/yikebe/home/research/AR_Crop_Identification/make_dataset/raw_sentinel/pm5/pm5__20201105_20201124__0082	2020-11-19	633171.00000000,3833463.00000000,633939.00000000,3834231.00000000
train	008675	lower__20201118_160831_38_2441_3B_AnalyticMS_SR_8b_clip	pm5__20201105_20201124__0082	/scrfs/storage/yikebe/home/research/AR_Crop_Identification/make_dataset/raw_sentinel/pm5/pm5__20201105_20201124__0082	2020-11-19	627795.00000000,3832695.00000000,628563.00000000,3833463.00000000
train	008691	lower__20201118_160831_38_2441_3B_AnalyticMS_SR_8b_clip	pm5__20201105_20201124__0082	/scrfs/storage/yikebe/home/research/AR_Crop_Identification/make_dataset/raw_sentinel/pm5/pm5__20201105_20201124__0082	2020-11-19	629331.00000000,3832695.00000000,630099.00000000,3833463.00000000
train	008707	lower__20201118_160831_38_2441_3B_AnalyticMS_SR_8b_clip	pm5__20201105_20201124__0082	/scrfs/storage/yikebe/home/research/AR_Crop_Identification/make_dataset/raw_sentinel/pm5/pm5__20201105_20201124__0082	2020-11-19	632403.00000000,3832695.00000000,633171.00000000,3833463.00000000
train	008723	lower__20201118_160831_38_2441_3B_AnalyticMS_SR_8b_clip	pm5__20201105_20201124__0082	/scrfs/storage/yikebe/home/research/AR_Crop_Identification/make_dataset/raw_sentinel/pm5/pm5__20201105_20201124__0082	2020-11-19	627795.00000000,3829623.00000000,628563.00000000,3830391.00000000
train	008739	lower__20201118_160831_38_2441_3B_AnalyticMS_SR_8b_clip	pm5__20201105_20201124__0082	/scrfs/storage/yikebe/home/research/AR_Crop_Identification/make_dataset/raw_sentinel/pm5/pm5__20201105_20201124__0082	2020-11-19	630099.00000000,3829623.00000000,630867.00000000,3830391.00000000
train	008755	lower__20201118_160831_38_2441_3B_AnalyticMS_SR_8b_clip	pm5__20201105_20201124__0082	/scrfs/storage/yikebe/home/research/AR_Crop_Identification/make_dataset/raw_sentinel/pm5/pm5__20201105_20201124__0082	2020-11-19	633939.00000000,3829623.00000000,634707.00000000,3830391.00000000
train	008771	lower__20201118_160831_38_2441_3B_AnalyticMS_SR_8b_clip	pm5__20201105_20201124__0082	/scrfs/storage/yikebe/home/research/AR_Crop_Identification/make_dataset/raw_sentinel/pm5/pm5__20201105_20201124__0082	2020-11-19	634707.00000000,3829623.00000000,635475.00000000,3830391.00000000
train	008787	lower__20201118_160831_38_2441_3B_AnalyticMS_SR_8b_clip	pm5__20201105_20201124__0082	/scrfs/storage/yikebe/home/research/AR_Crop_Identification/make_dataset/raw_sentinel/pm5/pm5__20201105_20201124__0082	2020-11-19	629331.00000000,3828855.00000000,630099.00000000,3829623.00000000
train	008803	lower__20201118_160831_38_2441_3B_AnalyticMS_SR_8b_clip	pm5__20201105_20201124__0082	/scrfs/storage/yikebe/home/research/AR_Crop_Identification/make_dataset/raw_sentinel/pm5/pm5__20201105_20201124__0082	2020-11-19	637779.00000000,3828855.00000000,638547.00000000,3829623.00000000
train	008819	lower__20201118_160831_38_2441_3B_AnalyticMS_SR_8b_clip	pm5__20201105_20201124__0082	/scrfs/storage/yikebe/home/research/AR_Crop_Identification/make_dataset/raw_sentinel/pm5/pm5__20201105_20201124__0082	2020-11-19	623955.00000000,3828087.00000000,624723.00000000,3828855.00000000
train	008835	lower__20201118_160831_38_2441_3B_AnalyticMS_SR_8b_clip	pm5__20201105_20201124__0082	/scrfs/storage/yikebe/home/research/AR_Crop_Identification/make_dataset/raw_sentinel/pm5/pm5__20201105_20201124__0082	2020-11-19	629331.00000000,3828087.00000000,630099.00000000,3828855.00000000
train	008851	lower__20201118_160831_38_2441_3B_AnalyticMS_SR_8b_clip	pm5__20201105_20201124__0082	/scrfs/storage/yikebe/home/research/AR_Crop_Identification/make_dataset/raw_sentinel/pm5/pm5__20201105_20201124__0082	2020-11-19	623955.00000000,3827319.00000000,624723.00000000,3828087.00000000
train	008867	lower__20201118_160831_38_2441_3B_AnalyticMS_SR_8b_clip	pm5__20201105_20201124__0082	/scrfs/storage/yikebe/home/research/AR_Crop_Identification/make_dataset/raw_sentinel/pm5/pm5__20201105_20201124__0082	2020-11-19	632403.00000000,3827319.00000000,633171.00000000,3828087.00000000
train	008883	lower__20201118_160831_38_2441_3B_AnalyticMS_SR_8b_clip	pm5__20201105_20201124__0082	/scrfs/storage/yikebe/home/research/AR_Crop_Identification/make_dataset/raw_sentinel/pm5/pm5__20201105_20201124__0082	2020-11-19	633171.00000000,3826551.00000000,633939.00000000,3827319.00000000
train	008899	lower__20201118_160831_38_2441_3B_AnalyticMS_SR_8b_clip	pm5__20201105_20201124__0082	/scrfs/storage/yikebe/home/research/AR_Crop_Identification/make_dataset/raw_sentinel/pm5/pm5__20201105_20201124__0082	2020-11-19	633939.00000000,3826551.00000000,634707.00000000,3827319.00000000
train	008915	lower__20201118_160831_38_2441_3B_AnalyticMS_SR_8b_clip	pm5__20201105_20201124__0082	/scrfs/storage/yikebe/home/research/AR_Crop_Identification/make_dataset/raw_sentinel/pm5/pm5__20201105_20201124__0082	2020-11-19	633171.00000000,3825783.00000000,633939.00000000,3826551.00000000
train	008931	lower__20201118_160831_38_2441_3B_AnalyticMS_SR_8b_clip	pm5__20201105_20201124__0082	/scrfs/storage/yikebe/home/research/AR_Crop_Identification/make_dataset/raw_sentinel/pm5/pm5__20201105_20201124__0082	2020-11-19	627027.00000000,3825015.00000000,627795.00000000,3825783.00000000
train	008947	lower__20201118_160831_38_2441_3B_AnalyticMS_SR_8b_clip	pm5__20201105_20201124__0082	/scrfs/storage/yikebe/home/research/AR_Crop_Identification/make_dataset/raw_sentinel/pm5/pm5__20201105_20201124__0082	2020-11-19	632403.00000000,3824247.00000000,633171.00000000,3825015.00000000
train	008963	lower__20201118_160831_38_2441_3B_AnalyticMS_SR_8b_clip	pm5__20201105_20201124__0082	/scrfs/storage/yikebe/home/research/AR_Crop_Identification/make_dataset/raw_sentinel/pm5/pm5__20201105_20201124__0082	2020-11-19	635475.00000000,3824247.00000000,636243.00000000,3825015.00000000
train	008979	lower__20201118_160831_38_2441_3B_AnalyticMS_SR_8b_clip	pm5__20201105_20201124__0082	/scrfs/storage/yikebe/home/research/AR_Crop_Identification/make_dataset/raw_sentinel/pm5/pm5__20201105_20201124__0082	2020-11-19	631635.00000000,3823479.00000000,632403.00000000,3824247.00000000
train	008995	lower__20201118_160831_38_2441_3B_AnalyticMS_SR_8b_clip	pm5__20201105_20201124__0082	/scrfs/storage/yikebe/home/research/AR_Crop_Identification/make_dataset/raw_sentinel/pm5/pm5__20201105_20201124__0082	2020-11-19	633171.00000000,3823479.00000000,633939.00000000,3824247.00000000
train	009011	lower__20201118_160831_38_2441_3B_AnalyticMS_SR_8b_clip	pm5__20201105_20201124__0082	/scrfs/storage/yikebe/home/research/AR_Crop_Identification/make_dataset/raw_sentinel/pm5/pm5__20201105_20201124__0082	2020-11-19	637011.00000000,3823479.00000000,637779.00000000,3824247.00000000
train	009027	lower__20201118_160831_38_2441_3B_AnalyticMS_SR_8b_clip	pm5__20201105_20201124__0082	/scrfs/storage/yikebe/home/research/AR_Crop_Identification/make_dataset/raw_sentinel/pm5/pm5__20201105_20201124__0082	2020-11-19	637779.00000000,3823479.00000000,638547.00000000,3824247.00000000
train	009043	lower__20201118_160831_38_2441_3B_AnalyticMS_SR_8b_clip	pm5__20201105_20201124__0082	/scrfs/storage/yikebe/home/research/AR_Crop_Identification/make_dataset/raw_sentinel/pm5/pm5__20201105_20201124__0082	2020-11-19	644691.00000000,3823479.00000000,645459.00000000,3824247.00000000
train	009059	lower__20201118_160831_38_2441_3B_AnalyticMS_SR_8b_clip	pm5__20201105_20201124__0082	/scrfs/storage/yikebe/home/research/AR_Crop_Identification/make_dataset/raw_sentinel/pm5/pm5__20201105_20201124__0082	2020-11-19	645459.00000000,3823479.00000000,646227.00000000,3824247.00000000
train	009075	lower__20201118_160831_38_2441_3B_AnalyticMS_SR_8b_clip	pm5__20201105_20201124__0082	/scrfs/storage/yikebe/home/research/AR_Crop_Identification/make_dataset/raw_sentinel/pm5/pm5__20201105_20201124__0082	2020-11-19	631635.00000000,3822711.00000000,632403.00000000,3823479.00000000
train	009091	lower__20201118_160831_38_2441_3B_AnalyticMS_SR_8b_clip	pm5__20201105_20201124__0082	/scrfs/storage/yikebe/home/research/AR_Crop_Identification/make_dataset/raw_sentinel/pm5/pm5__20201105_20201124__0082	2020-11-19	643923.00000000,3822711.00000000,644691.00000000,3823479.00000000
train	009107	lower__20201118_160831_38_2441_3B_AnalyticMS_SR_8b_clip	pm5__20201105_20201124__0082	/scrfs/storage/yikebe/home/research/AR_Crop_Identification/make_dataset/raw_sentinel/pm5/pm5__20201105_20201124__0082	2020-11-19	645459.00000000,3822711.00000000,646227.00000000,3823479.00000000
train	009123	lower__20201118_160831_38_2441_3B_AnalyticMS_SR_8b_clip	pm5__20201105_20201124__0082	/scrfs/storage/yikebe/home/research/AR_Crop_Identification/make_dataset/raw_sentinel/pm5/pm5__20201105_20201124__0082	2020-11-19	646227.00000000,3822711.00000000,646995.00000000,3823479.00000000
train	009139	lower__20201118_160831_38_2441_3B_AnalyticMS_SR_8b_clip	pm5__20201105_20201124__0082	/scrfs/storage/yikebe/home/research/AR_Crop_Identification/make_dataset/raw_sentinel/pm5/pm5__20201105_20201124__0082	2020-11-19	646995.00000000,3822711.00000000,647763.00000000,3823479.00000000
train	009155	lower__20201118_160831_38_2441_3B_AnalyticMS_SR_8b_clip	pm5__20201105_20201124__0082	/scrfs/storage/yikebe/home/research/AR_Crop_Identification/make_dataset/raw_sentinel/pm5/pm5__20201105_20201124__0082	2020-11-19	632403.00000000,3821943.00000000,633171.00000000,3822711.00000000
train	009171	lower__20201118_160831_38_2441_3B_AnalyticMS_SR_8b_clip	pm5__20201105_20201124__0082	/scrfs/storage/yikebe/home/research/AR_Crop_Identification/make_dataset/raw_sentinel/pm5/pm5__20201105_20201124__0082	2020-11-19	637779.00000000,3821943.00000000,638547.00000000,3822711.00000000
train	009187	lower__20201118_160831_38_2441_3B_AnalyticMS_SR_8b_clip	pm5__20201105_20201124__0082	/scrfs/storage/yikebe/home/research/AR_Crop_Identification/make_dataset/raw_sentinel/pm5/pm5__20201105_20201124__0082	2020-11-19	647763.00000000,3821943.00000000,648531.00000000,3822711.00000000
train	009203	lower__20201118_160831_38_2441_3B_AnalyticMS_SR_8b_clip	pm5__20201105_20201124__0082	/scrfs/storage/yikebe/home/research/AR_Crop_Identification/make_dataset/raw_sentinel/pm5/pm5__20201105_20201124__0082	2020-11-19	632403.00000000,3821175.00000000,633171.00000000,3821943.00000000
train	009219	lower__20201118_160831_38_2441_3B_AnalyticMS_SR_8b_clip	pm5__20201105_20201124__0082	/scrfs/storage/yikebe/home/research/AR_Crop_Identification/make_dataset/raw_sentinel/pm5/pm5__20201105_20201124__0082	2020-11-19	633171.00000000,3821175.00000000,633939.00000000,3821943.00000000
train	009235	lower__20201118_160831_38_2441_3B_AnalyticMS_SR_8b_clip	pm5__20201105_20201124__0082	/scrfs/storage/yikebe/home/research/AR_Crop_Identification/make_dataset/raw_sentinel/pm5/pm5__20201105_20201124__0082	2020-11-19	643923.00000000,3821175.00000000,644691.00000000,3821943.00000000
train	009251	lower__20201118_160831_38_2441_3B_AnalyticMS_SR_8b_clip	pm5__20201105_20201124__0082	/scrfs/storage/yikebe/home/research/AR_Crop_Identification/make_dataset/raw_sentinel/pm5/pm5__20201105_20201124__0082	2020-11-19	645459.00000000,3821175.00000000,646227.00000000,3821943.00000000
train	009267	lower__20201118_160831_38_2441_3B_AnalyticMS_SR_8b_clip	pm5__20201105_20201124__0082	/scrfs/storage/yikebe/home/research/AR_Crop_Identification/make_dataset/raw_sentinel/pm5/pm5__20201105_20201124__0082	2020-11-19	646227.00000000,3821175.00000000,646995.00000000,3821943.00000000
train	009283	lower__20201118_160831_38_2441_3B_AnalyticMS_SR_8b_clip	pm5__20201105_20201124__0082	/scrfs/storage/yikebe/home/research/AR_Crop_Identification/make_dataset/raw_sentinel/pm5/pm5__20201105_20201124__0082	2020-11-19	646995.00000000,3821175.00000000,647763.00000000,3821943.00000000
train	009299	lower__20201118_160831_38_2441_3B_AnalyticMS_SR_8b_clip	pm5__20201105_20201124__0082	/scrfs/storage/yikebe/home/research/AR_Crop_Identification/make_dataset/raw_sentinel/pm5/pm5__20201105_20201124__0082	2020-11-19	642387.00000000,3819639.00000000,643155.00000000,3820407.00000000
train	009315	lower__20201118_160831_38_2441_3B_AnalyticMS_SR_8b_clip	pm5__20201105_20201124__0082	/scrfs/storage/yikebe/home/research/AR_Crop_Identification/make_dataset/raw_sentinel/pm5/pm5__20201105_20201124__0082	2020-11-19	637779.00000000,3817335.00000000,638547.00000000,3818103.00000000
train	009331	lower__20201118_160831_38_2441_3B_AnalyticMS_SR_8b_clip	pm5__20201105_20201124__0082	/scrfs/storage/yikebe/home/research/AR_Crop_Identification/make_dataset/raw_sentinel/pm5/pm5__20201105_20201124__0082	2020-11-19	646995.00000000,3817335.00000000,647763.00000000,3818103.00000000
train	009347	lower__20201118_160831_38_2441_3B_AnalyticMS_SR_8b_clip	pm5__20201105_20201124__0082	/scrfs/storage/yikebe/home/research/AR_Crop_Identification/make_dataset/raw_sentinel/pm5/pm5__20201105_20201124__0082	2020-11-19	639315.00000000,3816567.00000000,640083.00000000,3817335.00000000
train	009363	lower__20201118_160831_38_2441_3B_AnalyticMS_SR_8b_clip	pm5__20201105_20201124__0082	/scrfs/storage/yikebe/home/research/AR_Crop_Identification/make_dataset/raw_sentinel/pm5/pm5__20201105_20201124__0082	2020-11-19	635475.00000000,3815799.00000000,636243.00000000,3816567.00000000
train	009379	lower__20201118_160831_38_2441_3B_AnalyticMS_SR_8b_clip	pm5__20201105_20201124__0082	/scrfs/storage/yikebe/home/research/AR_Crop_Identification/make_dataset/raw_sentinel/pm5/pm5__20201105_20201124__0082	2020-11-19	637011.00000000,3815799.00000000,637779.00000000,3816567.00000000
train	009395	lower__20201118_160831_38_2441_3B_AnalyticMS_SR_8b_clip	pm5__20201105_20201124__0082	/scrfs/storage/yikebe/home/research/AR_Crop_Identification/make_dataset/raw_sentinel/pm5/pm5__20201105_20201124__0082	2020-11-19	635475.00000000,3815031.00000000,636243.00000000,3815799.00000000
train	009411	lower__20201118_160831_38_2441_3B_AnalyticMS_SR_8b_clip	pm5__20201105_20201124__0082	/scrfs/storage/yikebe/home/research/AR_Crop_Identification/make_dataset/raw_sentinel/pm5/pm5__20201105_20201124__0082	2020-11-19	637011.00000000,3815031.00000000,637779.00000000,3815799.00000000
train	009427	lower__20201118_160831_38_2441_3B_AnalyticMS_SR_8b_clip	pm5__20201105_20201124__0082	/scrfs/storage/yikebe/home/research/AR_Crop_Identification/make_dataset/raw_sentinel/pm5/pm5__20201105_20201124__0082	2020-11-19	642387.00000000,3815031.00000000,643155.00000000,3815799.00000000
train	009443	lower__20201118_160831_38_2441_3B_AnalyticMS_SR_8b_clip	pm5__20201105_20201124__0082	/scrfs/storage/yikebe/home/research/AR_Crop_Identification/make_dataset/raw_sentinel/pm5/pm5__20201105_20201124__0082	2020-11-19	634707.00000000,3813495.00000000,635475.00000000,3814263.00000000
train	009459	lower__20201118_160831_38_2441_3B_AnalyticMS_SR_8b_clip	pm5__20201105_20201124__0082	/scrfs/storage/yikebe/home/research/AR_Crop_Identification/make_dataset/raw_sentinel/pm5/pm5__20201105_20201124__0082	2020-11-19	646227.00000000,3813495.00000000,646995.00000000,3814263.00000000
train	009475	lower__20201118_160831_38_2441_3B_AnalyticMS_SR_8b_clip	pm5__20201105_20201124__0082	/scrfs/storage/yikebe/home/research/AR_Crop_Identification/make_dataset/raw_sentinel/pm5/pm5__20201105_20201124__0082	2020-11-19	649299.00000000,3813495.00000000,650067.00000000,3814263.00000000
train	009491	lower__20201118_160831_38_2441_3B_AnalyticMS_SR_8b_clip	pm5__20201105_20201124__0082	/scrfs/storage/yikebe/home/research/AR_Crop_Identification/make_dataset/raw_sentinel/pm5/pm5__20201105_20201124__0082	2020-11-19	646227.00000000,3811959.00000000,646995.00000000,3812727.00000000
train	009507	lower__20201118_165051_88_2401_3B_AnalyticMS_SR_8b_clip	pm5__20201105_20201124__0101	/scrfs/storage/yikebe/home/research/AR_Crop_Identification/make_dataset/raw_sentinel/pm5/pm5__20201105_20201124__0101	2020-11-21	690624.00000000,3698790.00000000,691392.00000000,3699558.00000000
train	009523	lower__20201118_165051_88_2401_3B_AnalyticMS_SR_8b_clip	pm5__20201105_20201124__0101	/scrfs/storage/yikebe/home/research/AR_Crop_Identification/make_dataset/raw_sentinel/pm5/pm5__20201105_20201124__0101	2020-11-21	691392.00000000,3698790.00000000,692160.00000000,3699558.00000000
train	009539	lower__20201118_165051_88_2401_3B_AnalyticMS_SR_8b_clip	pm5__20201105_20201124__0101	/scrfs/storage/yikebe/home/research/AR_Crop_Identification/make_dataset/raw_sentinel/pm5/pm5__20201105_20201124__0101	2020-11-21	696768.00000000,3698790.00000000,697536.00000000,3699558.00000000
train	009555	lower__20201118_165051_88_2401_3B_AnalyticMS_SR_8b_clip	pm5__20201105_20201124__0101	/scrfs/storage/yikebe/home/research/AR_Crop_Identification/make_dataset/raw_sentinel/pm5/pm5__20201105_20201124__0101	2020-11-21	692160.00000000,3698022.00000000,692928.00000000,3698790.00000000
train	009571	lower__20201118_165051_88_2401_3B_AnalyticMS_SR_8b_clip	pm5__20201105_20201124__0101	/scrfs/storage/yikebe/home/research/AR_Crop_Identification/make_dataset/raw_sentinel/pm5/pm5__20201105_20201124__0101	2020-11-21	697536.00000000,3696486.00000000,698304.00000000,3697254.00000000
train	009587	lower__20201118_165051_88_2401_3B_AnalyticMS_SR_8b_clip	pm5__20201105_20201124__0101	/scrfs/storage/yikebe/home/research/AR_Crop_Identification/make_dataset/raw_sentinel/pm5/pm5__20201105_20201124__0101	2020-11-21	697536.00000000,3695718.00000000,698304.00000000,3696486.00000000
train	009603	lower__20201118_165051_88_2401_3B_AnalyticMS_SR_8b_clip	pm5__20201105_20201124__0101	/scrfs/storage/yikebe/home/research/AR_Crop_Identification/make_dataset/raw_sentinel/pm5/pm5__20201105_20201124__0101	2020-11-21	689856.00000000,3694950.00000000,690624.00000000,3695718.00000000
train	009619	lower__20201118_165051_88_2401_3B_AnalyticMS_SR_8b_clip	pm5__20201105_20201124__0101	/scrfs/storage/yikebe/home/research/AR_Crop_Identification/make_dataset/raw_sentinel/pm5/pm5__20201105_20201124__0101	2020-11-21	696000.00000000,3694950.00000000,696768.00000000,3695718.00000000
train	009635	lower__20201118_165051_88_2401_3B_AnalyticMS_SR_8b_clip	pm5__20201105_20201124__0101	/scrfs/storage/yikebe/home/research/AR_Crop_Identification/make_dataset/raw_sentinel/pm5/pm5__20201105_20201124__0101	2020-11-21	696768.00000000,3694950.00000000,697536.00000000,3695718.00000000
train	009651	lower__20201118_165051_88_2401_3B_AnalyticMS_SR_8b_clip	pm5__20201105_20201124__0101	/scrfs/storage/yikebe/home/research/AR_Crop_Identification/make_dataset/raw_sentinel/pm5/pm5__20201105_20201124__0101	2020-11-21	686784.00000000,3694182.00000000,687552.00000000,3694950.00000000
train	009667	lower__20201118_165051_88_2401_3B_AnalyticMS_SR_8b_clip	pm5__20201105_20201124__0101	/scrfs/storage/yikebe/home/research/AR_Crop_Identification/make_dataset/raw_sentinel/pm5/pm5__20201105_20201124__0101	2020-11-21	692928.00000000,3694182.00000000,693696.00000000,3694950.00000000
train	009683	lower__20201118_165051_88_2401_3B_AnalyticMS_SR_8b_clip	pm5__20201105_20201124__0101	/scrfs/storage/yikebe/home/research/AR_Crop_Identification/make_dataset/raw_sentinel/pm5/pm5__20201105_20201124__0101	2020-11-21	696000.00000000,3694182.00000000,696768.00000000,3694950.00000000
train	009699	lower__20201118_165051_88_2401_3B_AnalyticMS_SR_8b_clip	pm5__20201105_20201124__0101	/scrfs/storage/yikebe/home/research/AR_Crop_Identification/make_dataset/raw_sentinel/pm5/pm5__20201105_20201124__0101	2020-11-21	696768.00000000,3694182.00000000,697536.00000000,3694950.00000000
train	009715	lower__20201118_165051_88_2401_3B_AnalyticMS_SR_8b_clip	pm5__20201105_20201124__0101	/scrfs/storage/yikebe/home/research/AR_Crop_Identification/make_dataset/raw_sentinel/pm5/pm5__20201105_20201124__0101	2020-11-21	682944.00000000,3693414.00000000,683712.00000000,3694182.00000000
train	009731	lower__20201118_165051_88_2401_3B_AnalyticMS_SR_8b_clip	pm5__20201105_20201124__0101	/scrfs/storage/yikebe/home/research/AR_Crop_Identification/make_dataset/raw_sentinel/pm5/pm5__20201105_20201124__0101	2020-11-21	684480.00000000,3693414.00000000,685248.00000000,3694182.00000000
train	009747	lower__20201118_165051_88_2401_3B_AnalyticMS_SR_8b_clip	pm5__20201105_20201124__0101	/scrfs/storage/yikebe/home/research/AR_Crop_Identification/make_dataset/raw_sentinel/pm5/pm5__20201105_20201124__0101	2020-11-21	685248.00000000,3693414.00000000,686016.00000000,3694182.00000000
train	009763	lower__20201118_165051_88_2401_3B_AnalyticMS_SR_8b_clip	pm5__20201105_20201124__0101	/scrfs/storage/yikebe/home/research/AR_Crop_Identification/make_dataset/raw_sentinel/pm5/pm5__20201105_20201124__0101	2020-11-21	688320.00000000,3693414.00000000,689088.00000000,3694182.00000000
train	009779	lower__20201118_165051_88_2401_3B_AnalyticMS_SR_8b_clip	pm5__20201105_20201124__0101	/scrfs/storage/yikebe/home/research/AR_Crop_Identification/make_dataset/raw_sentinel/pm5/pm5__20201105_20201124__0101	2020-11-21	696000.00000000,3693414.00000000,696768.00000000,3694182.00000000
train	009795	lower__20201118_165051_88_2401_3B_AnalyticMS_SR_8b_clip	pm5__20201105_20201124__0101	/scrfs/storage/yikebe/home/research/AR_Crop_Identification/make_dataset/raw_sentinel/pm5/pm5__20201105_20201124__0101	2020-11-21	696768.00000000,3693414.00000000,697536.00000000,3694182.00000000
train	009811	lower__20201118_165051_88_2401_3B_AnalyticMS_SR_8b_clip	pm5__20201105_20201124__0101	/scrfs/storage/yikebe/home/research/AR_Crop_Identification/make_dataset/raw_sentinel/pm5/pm5__20201105_20201124__0101	2020-11-21	684480.00000000,3692646.00000000,685248.00000000,3693414.00000000
train	009827	lower__20201118_165051_88_2401_3B_AnalyticMS_SR_8b_clip	pm5__20201105_20201124__0101	/scrfs/storage/yikebe/home/research/AR_Crop_Identification/make_dataset/raw_sentinel/pm5/pm5__20201105_20201124__0101	2020-11-21	690624.00000000,3692646.00000000,691392.00000000,3693414.00000000
train	009843	lower__20201118_165051_88_2401_3B_AnalyticMS_SR_8b_clip	pm5__20201105_20201124__0101	/scrfs/storage/yikebe/home/research/AR_Crop_Identification/make_dataset/raw_sentinel/pm5/pm5__20201105_20201124__0101	2020-11-21	696000.00000000,3692646.00000000,696768.00000000,3693414.00000000
train	009859	lower__20201118_165051_88_2401_3B_AnalyticMS_SR_8b_clip	pm5__20201105_20201124__0101	/scrfs/storage/yikebe/home/research/AR_Crop_Identification/make_dataset/raw_sentinel/pm5/pm5__20201105_20201124__0101	2020-11-21	696768.00000000,3692646.00000000,697536.00000000,3693414.00000000
train	009875	lower__20201118_165051_88_2401_3B_AnalyticMS_SR_8b_clip	pm5__20201105_20201124__0101	/scrfs/storage/yikebe/home/research/AR_Crop_Identification/make_dataset/raw_sentinel/pm5/pm5__20201105_20201124__0101	2020-11-21	696768.00000000,3691878.00000000,697536.00000000,3692646.00000000
train	009891	lower__20201118_165051_88_2401_3B_AnalyticMS_SR_8b_clip	pm5__20201105_20201124__0101	/scrfs/storage/yikebe/home/research/AR_Crop_Identification/make_dataset/raw_sentinel/pm5/pm5__20201105_20201124__0101	2020-11-21	696768.00000000,3691110.00000000,697536.00000000,3691878.00000000
train	009907	lower__20201118_165051_88_2401_3B_AnalyticMS_SR_8b_clip	pm5__20201105_20201124__0101	/scrfs/storage/yikebe/home/research/AR_Crop_Identification/make_dataset/raw_sentinel/pm5/pm5__20201105_20201124__0101	2020-11-21	680640.00000000,3689574.00000000,681408.00000000,3690342.00000000
train	009923	lower__20201118_165051_88_2401_3B_AnalyticMS_SR_8b_clip	pm5__20201105_20201124__0101	/scrfs/storage/yikebe/home/research/AR_Crop_Identification/make_dataset/raw_sentinel/pm5/pm5__20201105_20201124__0101	2020-11-21	690624.00000000,3688806.00000000,691392.00000000,3689574.00000000
train	009939	lower__20201118_165051_88_2401_3B_AnalyticMS_SR_8b_clip	pm5__20201105_20201124__0101	/scrfs/storage/yikebe/home/research/AR_Crop_Identification/make_dataset/raw_sentinel/pm5/pm5__20201105_20201124__0101	2020-11-21	675264.00000000,3688038.00000000,676032.00000000,3688806.00000000
train	009955	lower__20201118_165051_88_2401_3B_AnalyticMS_SR_8b_clip	pm5__20201105_20201124__0101	/scrfs/storage/yikebe/home/research/AR_Crop_Identification/make_dataset/raw_sentinel/pm5/pm5__20201105_20201124__0101	2020-11-21	680640.00000000,3688038.00000000,681408.00000000,3688806.00000000
train	009971	lower__20201118_165051_88_2401_3B_AnalyticMS_SR_8b_clip	pm5__20201105_20201124__0101	/scrfs/storage/yikebe/home/research/AR_Crop_Identification/make_dataset/raw_sentinel/pm5/pm5__20201105_20201124__0101	2020-11-21	684480.00000000,3688038.00000000,685248.00000000,3688806.00000000
train	009987	lower__20201118_165051_88_2401_3B_AnalyticMS_SR_8b_clip	pm5__20201105_20201124__0101	/scrfs/storage/yikebe/home/research/AR_Crop_Identification/make_dataset/raw_sentinel/pm5/pm5__20201105_20201124__0101	2020-11-21	686016.00000000,3688038.00000000,686784.00000000,3688806.00000000
train	010003	lower__20201118_165051_88_2401_3B_AnalyticMS_SR_8b_clip	pm5__20201105_20201124__0101	/scrfs/storage/yikebe/home/research/AR_Crop_Identification/make_dataset/raw_sentinel/pm5/pm5__20201105_20201124__0101	2020-11-21	684480.00000000,3687270.00000000,685248.00000000,3688038.00000000
train	010019	lower__20201118_165051_88_2401_3B_AnalyticMS_SR_8b_clip	pm5__20201105_20201124__0101	/scrfs/storage/yikebe/home/research/AR_Crop_Identification/make_dataset/raw_sentinel/pm5/pm5__20201105_20201124__0101	2020-11-21	685248.00000000,3687270.00000000,686016.00000000,3688038.00000000
train	010035	lower__20201118_165051_88_2401_3B_AnalyticMS_SR_8b_clip	pm5__20201105_20201124__0101	/scrfs/storage/yikebe/home/research/AR_Crop_Identification/make_dataset/raw_sentinel/pm5/pm5__20201105_20201124__0101	2020-11-21	674496.00000000,3686502.00000000,675264.00000000,3687270.00000000
train	010051	lower__20201118_165051_88_2401_3B_AnalyticMS_SR_8b_clip	pm5__20201105_20201124__0101	/scrfs/storage/yikebe/home/research/AR_Crop_Identification/make_dataset/raw_sentinel/pm5/pm5__20201105_20201124__0101	2020-11-21	684480.00000000,3686502.00000000,685248.00000000,3687270.00000000
train	010067	lower__20201118_165051_88_2401_3B_AnalyticMS_SR_8b_clip	pm5__20201105_20201124__0101	/scrfs/storage/yikebe/home/research/AR_Crop_Identification/make_dataset/raw_sentinel/pm5/pm5__20201105_20201124__0101	2020-11-21	685248.00000000,3686502.00000000,686016.00000000,3687270.00000000
train	010083	lower__20201118_165051_88_2401_3B_AnalyticMS_SR_8b_clip	pm5__20201105_20201124__0101	/scrfs/storage/yikebe/home/research/AR_Crop_Identification/make_dataset/raw_sentinel/pm5/pm5__20201105_20201124__0101	2020-11-21	694464.00000000,3686502.00000000,695232.00000000,3687270.00000000
train	010099	lower__20201118_165051_88_2401_3B_AnalyticMS_SR_8b_clip	pm5__20201105_20201124__0101	/scrfs/storage/yikebe/home/research/AR_Crop_Identification/make_dataset/raw_sentinel/pm5/pm5__20201105_20201124__0101	2020-11-21	695232.00000000,3685734.00000000,696000.00000000,3686502.00000000
train	010115	lower__20201118_165051_88_2401_3B_AnalyticMS_SR_8b_clip	pm5__20201105_20201124__0101	/scrfs/storage/yikebe/home/research/AR_Crop_Identification/make_dataset/raw_sentinel/pm5/pm5__20201105_20201124__0101	2020-11-21	685248.00000000,3684966.00000000,686016.00000000,3685734.00000000
train	010131	lower__20201118_165051_88_2401_3B_AnalyticMS_SR_8b_clip	pm5__20201105_20201124__0101	/scrfs/storage/yikebe/home/research/AR_Crop_Identification/make_dataset/raw_sentinel/pm5/pm5__20201105_20201124__0101	2020-11-21	686016.00000000,3684966.00000000,686784.00000000,3685734.00000000
train	010147	lower__20201118_165051_88_2401_3B_AnalyticMS_SR_8b_clip	pm5__20201105_20201124__0101	/scrfs/storage/yikebe/home/research/AR_Crop_Identification/make_dataset/raw_sentinel/pm5/pm5__20201105_20201124__0101	2020-11-21	688320.00000000,3683430.00000000,689088.00000000,3684198.00000000
train	010163	lower__20201118_165051_88_2401_3B_AnalyticMS_SR_8b_clip	pm5__20201105_20201124__0101	/scrfs/storage/yikebe/home/research/AR_Crop_Identification/make_dataset/raw_sentinel/pm5/pm5__20201105_20201124__0101	2020-11-21	692928.00000000,3682662.00000000,693696.00000000,3683430.00000000
train	010179	lower__20201118_165051_88_2401_3B_AnalyticMS_SR_8b_clip	pm5__20201105_20201124__0101	/scrfs/storage/yikebe/home/research/AR_Crop_Identification/make_dataset/raw_sentinel/pm5/pm5__20201105_20201124__0101	2020-11-21	694464.00000000,3682662.00000000,695232.00000000,3683430.00000000
train	010195	lower__20201119_165114_67_240f_3B_AnalyticMS_SR_8b_clip	pm5__20201105_20201124__0117	/scrfs/storage/yikebe/home/research/AR_Crop_Identification/make_dataset/raw_sentinel/pm5/pm5__20201105_20201124__0117	2020-11-21	695988.00000000,3746148.00000000,696756.00000000,3746916.00000000
train	010211	lower__20201119_165114_67_240f_3B_AnalyticMS_SR_8b_clip	pm5__20201105_20201124__0117	/scrfs/storage/yikebe/home/research/AR_Crop_Identification/make_dataset/raw_sentinel/pm5/pm5__20201105_20201124__0117	2020-11-21	695988.00000000,3744612.00000000,696756.00000000,3745380.00000000
train	010227	lower__20201119_165114_67_240f_3B_AnalyticMS_SR_8b_clip	pm5__20201105_20201124__0117	/scrfs/storage/yikebe/home/research/AR_Crop_Identification/make_dataset/raw_sentinel/pm5/pm5__20201105_20201124__0117	2020-11-21	700596.00000000,3744612.00000000,701364.00000000,3745380.00000000
train	010243	lower__20201119_165114_67_240f_3B_AnalyticMS_SR_8b_clip	pm5__20201105_20201124__0117	/scrfs/storage/yikebe/home/research/AR_Crop_Identification/make_dataset/raw_sentinel/pm5/pm5__20201105_20201124__0117	2020-11-21	705972.00000000,3743844.00000000,706740.00000000,3744612.00000000
train	010259	lower__20201119_165114_67_240f_3B_AnalyticMS_SR_8b_clip	pm5__20201105_20201124__0117	/scrfs/storage/yikebe/home/research/AR_Crop_Identification/make_dataset/raw_sentinel/pm5/pm5__20201105_20201124__0117	2020-11-21	710580.00000000,3743076.00000000,711348.00000000,3743844.00000000
train	010275	lower__20201119_165114_67_240f_3B_AnalyticMS_SR_8b_clip	pm5__20201105_20201124__0117	/scrfs/storage/yikebe/home/research/AR_Crop_Identification/make_dataset/raw_sentinel/pm5/pm5__20201105_20201124__0117	2020-11-21	702900.00000000,3741540.00000000,703668.00000000,3742308.00000000
train	010291	lower__20201119_165114_67_240f_3B_AnalyticMS_SR_8b_clip	pm5__20201105_20201124__0117	/scrfs/storage/yikebe/home/research/AR_Crop_Identification/make_dataset/raw_sentinel/pm5/pm5__20201105_20201124__0117	2020-11-21	719028.00000000,3741540.00000000,719796.00000000,3742308.00000000
train	010307	lower__20201119_165114_67_240f_3B_AnalyticMS_SR_8b_clip	pm5__20201105_20201124__0117	/scrfs/storage/yikebe/home/research/AR_Crop_Identification/make_dataset/raw_sentinel/pm5/pm5__20201105_20201124__0117	2020-11-21	702900.00000000,3740772.00000000,703668.00000000,3741540.00000000
train	010323	lower__20201119_165114_67_240f_3B_AnalyticMS_SR_8b_clip	pm5__20201105_20201124__0117	/scrfs/storage/yikebe/home/research/AR_Crop_Identification/make_dataset/raw_sentinel/pm5/pm5__20201105_20201124__0117	2020-11-21	703668.00000000,3740772.00000000,704436.00000000,3741540.00000000
train	010339	lower__20201119_165114_67_240f_3B_AnalyticMS_SR_8b_clip	pm5__20201105_20201124__0117	/scrfs/storage/yikebe/home/research/AR_Crop_Identification/make_dataset/raw_sentinel/pm5/pm5__20201105_20201124__0117	2020-11-21	704436.00000000,3740772.00000000,705204.00000000,3741540.00000000
train	010355	lower__20201119_165114_67_240f_3B_AnalyticMS_SR_8b_clip	pm5__20201105_20201124__0117	/scrfs/storage/yikebe/home/research/AR_Crop_Identification/make_dataset/raw_sentinel/pm5/pm5__20201105_20201124__0117	2020-11-21	719028.00000000,3740772.00000000,719796.00000000,3741540.00000000
train	010371	lower__20201119_165114_67_240f_3B_AnalyticMS_SR_8b_clip	pm5__20201105_20201124__0117	/scrfs/storage/yikebe/home/research/AR_Crop_Identification/make_dataset/raw_sentinel/pm5/pm5__20201105_20201124__0117	2020-11-21	719796.00000000,3740772.00000000,720564.00000000,3741540.00000000
train	010387	lower__20201119_165114_67_240f_3B_AnalyticMS_SR_8b_clip	pm5__20201105_20201124__0117	/scrfs/storage/yikebe/home/research/AR_Crop_Identification/make_dataset/raw_sentinel/pm5/pm5__20201105_20201124__0117	2020-11-21	697524.00000000,3738468.00000000,698292.00000000,3739236.00000000
train	010403	lower__20201119_165114_67_240f_3B_AnalyticMS_SR_8b_clip	pm5__20201105_20201124__0117	/scrfs/storage/yikebe/home/research/AR_Crop_Identification/make_dataset/raw_sentinel/pm5/pm5__20201105_20201124__0117	2020-11-21	713652.00000000,3737700.00000000,714420.00000000,3738468.00000000
train	010419	lower__20201119_165114_67_240f_3B_AnalyticMS_SR_8b_clip	pm5__20201105_20201124__0117	/scrfs/storage/yikebe/home/research/AR_Crop_Identification/make_dataset/raw_sentinel/pm5/pm5__20201105_20201124__0117	2020-11-21	714420.00000000,3737700.00000000,715188.00000000,3738468.00000000
train	010435	lower__20201119_165114_67_240f_3B_AnalyticMS_SR_8b_clip	pm5__20201105_20201124__0117	/scrfs/storage/yikebe/home/research/AR_Crop_Identification/make_dataset/raw_sentinel/pm5/pm5__20201105_20201124__0117	2020-11-21	716724.00000000,3736932.00000000,717492.00000000,3737700.00000000
train	010451	lower__20201119_165114_67_240f_3B_AnalyticMS_SR_8b_clip	pm5__20201105_20201124__0117	/scrfs/storage/yikebe/home/research/AR_Crop_Identification/make_dataset/raw_sentinel/pm5/pm5__20201105_20201124__0117	2020-11-21	715956.00000000,3736164.00000000,716724.00000000,3736932.00000000
train	010467	lower__20201119_165114_67_240f_3B_AnalyticMS_SR_8b_clip	pm5__20201105_20201124__0117	/scrfs/storage/yikebe/home/research/AR_Crop_Identification/make_dataset/raw_sentinel/pm5/pm5__20201105_20201124__0117	2020-11-21	716724.00000000,3732324.00000000,717492.00000000,3733092.00000000
train	010483	lower__20201119_165114_67_240f_3B_AnalyticMS_SR_8b_clip	pm5__20201105_20201124__0117	/scrfs/storage/yikebe/home/research/AR_Crop_Identification/make_dataset/raw_sentinel/pm5/pm5__20201105_20201124__0117	2020-11-21	723636.00000000,3721572.00000000,724404.00000000,3722340.00000000
train	010499	lower__20201119_165114_67_240f_3B_AnalyticMS_SR_8b_clip	pm5__20201105_20201124__0117	/scrfs/storage/yikebe/home/research/AR_Crop_Identification/make_dataset/raw_sentinel/pm5/pm5__20201105_20201124__0117	2020-11-21	725172.00000000,3721572.00000000,725940.00000000,3722340.00000000
train	010515	lower__20201119_165114_67_240f_3B_AnalyticMS_SR_8b_clip	pm5__20201105_20201124__0117	/scrfs/storage/yikebe/home/research/AR_Crop_Identification/make_dataset/raw_sentinel/pm5/pm5__20201105_20201124__0117	2020-11-21	726708.00000000,3720804.00000000,727476.00000000,3721572.00000000
train	010531	lower__20201119_165223_00_225b_3B_AnalyticMS_SR_8b_clip	pm5__20201105_20201124__0121	/scrfs/storage/yikebe/home/research/AR_Crop_Identification/make_dataset/raw_sentinel/pm5/pm5__20201105_20201124__0121	2020-11-21	730209.00000000,3660036.00000000,730977.00000000,3660804.00000000
train	010547	lower__20201119_165223_00_225b_3B_AnalyticMS_SR_8b_clip	pm5__20201105_20201124__0121	/scrfs/storage/yikebe/home/research/AR_Crop_Identification/make_dataset/raw_sentinel/pm5/pm5__20201105_20201124__0121	2020-11-21	732513.00000000,3655428.00000000,733281.00000000,3656196.00000000
train	010563	lower__20201119_165223_00_225b_3B_AnalyticMS_SR_8b_clip	pm5__20201105_20201124__0121	/scrfs/storage/yikebe/home/research/AR_Crop_Identification/make_dataset/raw_sentinel/pm5/pm5__20201105_20201124__0121	2020-11-21	744033.00000000,3655428.00000000,744801.00000000,3656196.00000000
train	010579	lower__20201119_165801_96_2407_3B_AnalyticMS_SR_8b_clip	pm5__20201105_20201124__0064	/scrfs/storage/yikebe/home/research/AR_Crop_Identification/make_dataset/raw_sentinel/pm5/pm5__20201105_20201124__0064	2020-11-19	594000.00000000,3840546.00000000,594768.00000000,3841314.00000000
train	010595	lower__20201119_165801_96_2407_3B_AnalyticMS_SR_8b_clip	pm5__20201105_20201124__0064	/scrfs/storage/yikebe/home/research/AR_Crop_Identification/make_dataset/raw_sentinel/pm5/pm5__20201105_20201124__0064	2020-11-19	590160.00000000,3839778.00000000,590928.00000000,3840546.00000000
train	010611	lower__20201119_165801_96_2407_3B_AnalyticMS_SR_8b_clip	pm5__20201105_20201124__0064	/scrfs/storage/yikebe/home/research/AR_Crop_Identification/make_dataset/raw_sentinel/pm5/pm5__20201105_20201124__0064	2020-11-19	593232.00000000,3838242.00000000,594000.00000000,3839010.00000000
train	010627	lower__20201119_165801_96_2407_3B_AnalyticMS_SR_8b_clip	pm5__20201105_20201124__0064	/scrfs/storage/yikebe/home/research/AR_Crop_Identification/make_dataset/raw_sentinel/pm5/pm5__20201105_20201124__0064	2020-11-19	594000.00000000,3838242.00000000,594768.00000000,3839010.00000000
train	010643	lower__20201119_165801_96_2407_3B_AnalyticMS_SR_8b_clip	pm5__20201105_20201124__0064	/scrfs/storage/yikebe/home/research/AR_Crop_Identification/make_dataset/raw_sentinel/pm5/pm5__20201105_20201124__0064	2020-11-19	606288.00000000,3838242.00000000,607056.00000000,3839010.00000000
train	010659	lower__20201119_165801_96_2407_3B_AnalyticMS_SR_8b_clip	pm5__20201105_20201124__0064	/scrfs/storage/yikebe/home/research/AR_Crop_Identification/make_dataset/raw_sentinel/pm5/pm5__20201105_20201124__0064	2020-11-19	589392.00000000,3837474.00000000,590160.00000000,3838242.00000000
train	010675	lower__20201119_165801_96_2407_3B_AnalyticMS_SR_8b_clip	pm5__20201105_20201124__0064	/scrfs/storage/yikebe/home/research/AR_Crop_Identification/make_dataset/raw_sentinel/pm5/pm5__20201105_20201124__0064	2020-11-19	600144.00000000,3837474.00000000,600912.00000000,3838242.00000000
train	010691	lower__20201119_165801_96_2407_3B_AnalyticMS_SR_8b_clip	pm5__20201105_20201124__0064	/scrfs/storage/yikebe/home/research/AR_Crop_Identification/make_dataset/raw_sentinel/pm5/pm5__20201105_20201124__0064	2020-11-19	606288.00000000,3837474.00000000,607056.00000000,3838242.00000000
train	010707	lower__20201119_165801_96_2407_3B_AnalyticMS_SR_8b_clip	pm5__20201105_20201124__0064	/scrfs/storage/yikebe/home/research/AR_Crop_Identification/make_dataset/raw_sentinel/pm5/pm5__20201105_20201124__0064	2020-11-19	612432.00000000,3837474.00000000,613200.00000000,3838242.00000000
train	010723	lower__20201119_165801_96_2407_3B_AnalyticMS_SR_8b_clip	pm5__20201105_20201124__0064	/scrfs/storage/yikebe/home/research/AR_Crop_Identification/make_dataset/raw_sentinel/pm5/pm5__20201105_20201124__0064	2020-11-19	613200.00000000,3837474.00000000,613968.00000000,3838242.00000000
train	010739	lower__20201119_165801_96_2407_3B_AnalyticMS_SR_8b_clip	pm5__20201105_20201124__0064	/scrfs/storage/yikebe/home/research/AR_Crop_Identification/make_dataset/raw_sentinel/pm5/pm5__20201105_20201124__0064	2020-11-19	614736.00000000,3837474.00000000,615504.00000000,3838242.00000000
train	010755	lower__20201119_165801_96_2407_3B_AnalyticMS_SR_8b_clip	pm5__20201105_20201124__0064	/scrfs/storage/yikebe/home/research/AR_Crop_Identification/make_dataset/raw_sentinel/pm5/pm5__20201105_20201124__0064	2020-11-19	589392.00000000,3836706.00000000,590160.00000000,3837474.00000000
train	010771	lower__20201119_165801_96_2407_3B_AnalyticMS_SR_8b_clip	pm5__20201105_20201124__0064	/scrfs/storage/yikebe/home/research/AR_Crop_Identification/make_dataset/raw_sentinel/pm5/pm5__20201105_20201124__0064	2020-11-19	609360.00000000,3836706.00000000,610128.00000000,3837474.00000000
train	010787	lower__20201119_165801_96_2407_3B_AnalyticMS_SR_8b_clip	pm5__20201105_20201124__0064	/scrfs/storage/yikebe/home/research/AR_Crop_Identification/make_dataset/raw_sentinel/pm5/pm5__20201105_20201124__0064	2020-11-19	610128.00000000,3836706.00000000,610896.00000000,3837474.00000000
train	010803	lower__20201119_165801_96_2407_3B_AnalyticMS_SR_8b_clip	pm5__20201105_20201124__0064	/scrfs/storage/yikebe/home/research/AR_Crop_Identification/make_dataset/raw_sentinel/pm5/pm5__20201105_20201124__0064	2020-11-19	610896.00000000,3835938.00000000,611664.00000000,3836706.00000000
train	010819	lower__20201119_165801_96_2407_3B_AnalyticMS_SR_8b_clip	pm5__20201105_20201124__0064	/scrfs/storage/yikebe/home/research/AR_Crop_Identification/make_dataset/raw_sentinel/pm5/pm5__20201105_20201124__0064	2020-11-19	603216.00000000,3835170.00000000,603984.00000000,3835938.00000000
train	010835	lower__20201119_165801_96_2407_3B_AnalyticMS_SR_8b_clip	pm5__20201105_20201124__0064	/scrfs/storage/yikebe/home/research/AR_Crop_Identification/make_dataset/raw_sentinel/pm5/pm5__20201105_20201124__0064	2020-11-19	613200.00000000,3835170.00000000,613968.00000000,3835938.00000000
train	010851	lower__20201119_165801_96_2407_3B_AnalyticMS_SR_8b_clip	pm5__20201105_20201124__0064	/scrfs/storage/yikebe/home/research/AR_Crop_Identification/make_dataset/raw_sentinel/pm5/pm5__20201105_20201124__0064	2020-11-19	586320.00000000,3832866.00000000,587088.00000000,3833634.00000000
train	010867	lower__20201119_165801_96_2407_3B_AnalyticMS_SR_8b_clip	pm5__20201105_20201124__0064	/scrfs/storage/yikebe/home/research/AR_Crop_Identification/make_dataset/raw_sentinel/pm5/pm5__20201105_20201124__0064	2020-11-19	601680.00000000,3832866.00000000,602448.00000000,3833634.00000000
train	010883	lower__20201119_165801_96_2407_3B_AnalyticMS_SR_8b_clip	pm5__20201105_20201124__0064	/scrfs/storage/yikebe/home/research/AR_Crop_Identification/make_dataset/raw_sentinel/pm5/pm5__20201105_20201124__0064	2020-11-19	600912.00000000,3832098.00000000,601680.00000000,3832866.00000000
train	010899	lower__20201119_165801_96_2407_3B_AnalyticMS_SR_8b_clip	pm5__20201105_20201124__0064	/scrfs/storage/yikebe/home/research/AR_Crop_Identification/make_dataset/raw_sentinel/pm5/pm5__20201105_20201124__0064	2020-11-19	607824.00000000,3832098.00000000,608592.00000000,3832866.00000000
train	010915	lower__20201119_165801_96_2407_3B_AnalyticMS_SR_8b_clip	pm5__20201105_20201124__0064	/scrfs/storage/yikebe/home/research/AR_Crop_Identification/make_dataset/raw_sentinel/pm5/pm5__20201105_20201124__0064	2020-11-19	602448.00000000,3829794.00000000,603216.00000000,3830562.00000000
train	010931	lower__20201119_165801_96_2407_3B_AnalyticMS_SR_8b_clip	pm5__20201105_20201124__0064	/scrfs/storage/yikebe/home/research/AR_Crop_Identification/make_dataset/raw_sentinel/pm5/pm5__20201105_20201124__0064	2020-11-19	595536.00000000,3829026.00000000,596304.00000000,3829794.00000000
train	010947	lower__20201119_165801_96_2407_3B_AnalyticMS_SR_8b_clip	pm5__20201105_20201124__0064	/scrfs/storage/yikebe/home/research/AR_Crop_Identification/make_dataset/raw_sentinel/pm5/pm5__20201105_20201124__0064	2020-11-19	595536.00000000,3828258.00000000,596304.00000000,3829026.00000000
train	010963	lower__20201119_165801_96_2407_3B_AnalyticMS_SR_8b_clip	pm5__20201105_20201124__0064	/scrfs/storage/yikebe/home/research/AR_Crop_Identification/make_dataset/raw_sentinel/pm5/pm5__20201105_20201124__0064	2020-11-19	601680.00000000,3828258.00000000,602448.00000000,3829026.00000000
train	010979	lower__20201119_165801_96_2407_3B_AnalyticMS_SR_8b_clip	pm5__20201105_20201124__0064	/scrfs/storage/yikebe/home/research/AR_Crop_Identification/make_dataset/raw_sentinel/pm5/pm5__20201105_20201124__0064	2020-11-19	607056.00000000,3825186.00000000,607824.00000000,3825954.00000000
train	010995	lower__20201119_165801_96_2407_3B_AnalyticMS_SR_8b_clip	pm5__20201105_20201124__0064	/scrfs/storage/yikebe/home/research/AR_Crop_Identification/make_dataset/raw_sentinel/pm5/pm5__20201105_20201124__0064	2020-11-19	600912.00000000,3822114.00000000,601680.00000000,3822882.00000000
train	011011	lower__20201119_165801_96_2407_3B_AnalyticMS_SR_8b_clip	pm5__20201105_20201124__0064	/scrfs/storage/yikebe/home/research/AR_Crop_Identification/make_dataset/raw_sentinel/pm5/pm5__20201105_20201124__0064	2020-11-19	606288.00000000,3822114.00000000,607056.00000000,3822882.00000000
train	011027	lower__20201119_165801_96_2407_3B_AnalyticMS_SR_8b_clip	pm5__20201105_20201124__0064	/scrfs/storage/yikebe/home/research/AR_Crop_Identification/make_dataset/raw_sentinel/pm5/pm5__20201105_20201124__0064	2020-11-19	603984.00000000,3819042.00000000,604752.00000000,3819810.00000000
