split	sample_id	scene_id	sentinel_request_id	sentinel_request_root	sentinel_date	planet_bounds
train	000004	lower__20200326_160109_48_2277_3B_AnalyticMS_SR_8b_clip	pm5__20200311_20200331__0002	/scrfs/storage/yikebe/home/research/AR_Crop_Identification/make_dataset/raw_sentinel/pm5/pm5__20200311_20200331__0002	2020-03-26	616509.00000000,3789408.00000000,617277.00000000,3790176.00000000
train	000020	lower__20200326_160109_48_2277_3B_AnalyticMS_SR_8b_clip	pm5__20200311_20200331__0002	/scrfs/storage/yikebe/home/research/AR_Crop_Identification/make_dataset/raw_sentinel/pm5/pm5__20200311_20200331__0002	2020-03-26	624189.00000000,3789408.00000000,624957.00000000,3790176.00000000
train	000036	lower__20200326_160109_48_2277_3B_AnalyticMS_SR_8b_clip	pm5__20200311_20200331__0002	/scrfs/storage/yikebe/home/research/AR_Crop_Identification/make_dataset/raw_sentinel/pm5/pm5__20200311_20200331__0002	2020-03-26	639549.00000000,3789408.00000000,640317.00000000,3790176.00000000
train	000052	lower__20200326_160109_48_2277_3B_AnalyticMS_SR_8b_clip	pm5__20200311_20200331__0002	/scrfs/storage/yikebe/home/research/AR_Crop_Identification/make_dataset/raw_sentinel/pm5/pm5__20200311_20200331__0002	2020-03-26	647229.00000000,3789408.00000000,647997.00000000,3790176.00000000
train	000068	lower__20200326_160109_48_2277_3B_AnalyticMS_SR_8b_clip	pm5__20200311_20200331__0002	/scrfs/storage/yikebe/home/research/AR_Crop_Identification/make_dataset/raw_sentinel/pm5/pm5__20200311_20200331__0002	2020-03-26	618045.00000000,3788640.00000000,618813.00000000,3789408.00000000
train	000084	lower__20200326_160109_48_2277_3B_AnalyticMS_SR_8b_clip	pm5__20200311_20200331__0002	/scrfs/storage/yikebe/home/research/AR_Crop_Identification/make_dataset/raw_sentinel/pm5/pm5__20200311_20200331__0002	2020-03-26	618813.00000000,3788640.00000000,619581.00000000,3789408.00000000
train	000100	lower__20200326_160109_48_2277_3B_AnalyticMS_SR_8b_clip	pm5__20200311_20200331__0002	/scrfs/storage/yikebe/home/research/AR_Crop_Identification/make_dataset/raw_sentinel/pm5/pm5__20200311_20200331__0002	2020-03-26	619581.00000000,3788640.00000000,620349.00000000,3789408.00000000
train	000116	lower__20200326_160109_48_2277_3B_AnalyticMS_SR_8b_clip	pm5__20200311_20200331__0002	/scrfs/storage/yikebe/home/research/AR_Crop_Identification/make_dataset/raw_sentinel/pm5/pm5__20200311_20200331__0002	2020-03-26	624957.00000000,3788640.00000000,625725.00000000,3789408.00000000
train	000132	lower__20200326_160109_48_2277_3B_AnalyticMS_SR_8b_clip	pm5__20200311_20200331__0002	/scrfs/storage/yikebe/home/research/AR_Crop_Identification/make_dataset/raw_sentinel/pm5/pm5__20200311_20200331__0002	2020-03-26	625725.00000000,3788640.00000000,626493.00000000,3789408.00000000
train	000148	lower__20200326_160109_48_2277_3B_AnalyticMS_SR_8b_clip	pm5__20200311_20200331__0002	/scrfs/storage/yikebe/home/research/AR_Crop_Identification/make_dataset/raw_sentinel/pm5/pm5__20200311_20200331__0002	2020-03-26	636477.00000000,3788640.00000000,637245.00000000,3789408.00000000
train	000164	lower__20200326_160109_48_2277_3B_AnalyticMS_SR_8b_clip	pm5__20200311_20200331__0002	/scrfs/storage/yikebe/home/research/AR_Crop_Identification/make_dataset/raw_sentinel/pm5/pm5__20200311_20200331__0002	2020-03-26	622653.00000000,3787872.00000000,623421.00000000,3788640.00000000
train	000180	lower__20200326_160109_48_2277_3B_AnalyticMS_SR_8b_clip	pm5__20200311_20200331__0002	/scrfs/storage/yikebe/home/research/AR_Crop_Identification/make_dataset/raw_sentinel/pm5/pm5__20200311_20200331__0002	2020-03-26	648765.00000000,3787872.00000000,649533.00000000,3788640.00000000
train	000196	lower__20200326_160109_48_2277_3B_AnalyticMS_SR_8b_clip	pm5__20200311_20200331__0002	/scrfs/storage/yikebe/home/research/AR_Crop_Identification/make_dataset/raw_sentinel/pm5/pm5__20200311_20200331__0002	2020-03-26	648765.00000000,3787104.00000000,649533.00000000,3787872.00000000
train	000212	lower__20200326_160109_48_2277_3B_AnalyticMS_SR_8b_clip	pm5__20200311_20200331__0002	/scrfs/storage/yikebe/home/research/AR_Crop_Identification/make_dataset/raw_sentinel/pm5/pm5__20200311_20200331__0002	2020-03-26	641085.00000000,3786336.00000000,641853.00000000,3787104.00000000
train	000228	lower__20200326_160109_48_2277_3B_AnalyticMS_SR_8b_clip	pm5__20200311_20200331__0002	/scrfs/storage/yikebe/home/research/AR_Crop_Identification/make_dataset/raw_sentinel/pm5/pm5__20200311_20200331__0002	2020-03-26	631101.00000000,3784800.00000000,631869.00000000,3785568.00000000
train	000244	lower__20200326_160109_48_2277_3B_AnalyticMS_SR_8b_clip	pm5__20200311_20200331__0002	/scrfs/storage/yikebe/home/research/AR_Crop_Identification/make_dataset/raw_sentinel/pm5/pm5__20200311_20200331__0002	2020-03-26	631869.00000000,3784800.00000000,632637.00000000,3785568.00000000
train	000260	lower__20200326_160109_48_2277_3B_AnalyticMS_SR_8b_clip	pm5__20200311_20200331__0002	/scrfs/storage/yikebe/home/research/AR_Crop_Identification/make_dataset/raw_sentinel/pm5/pm5__20200311_20200331__0002	2020-03-26	625725.00000000,3784032.00000000,626493.00000000,3784800.00000000
train	000276	lower__20200326_160109_48_2277_3B_AnalyticMS_SR_8b_clip	pm5__20200311_20200331__0002	/scrfs/storage/yikebe/home/research/AR_Crop_Identification/make_dataset/raw_sentinel/pm5/pm5__20200311_20200331__0002	2020-03-26	638013.00000000,3784032.00000000,638781.00000000,3784800.00000000
train	000292	lower__20200326_160109_48_2277_3B_AnalyticMS_SR_8b_clip	pm5__20200311_20200331__0002	/scrfs/storage/yikebe/home/research/AR_Crop_Identification/make_dataset/raw_sentinel/pm5/pm5__20200311_20200331__0002	2020-03-26	626493.00000000,3783264.00000000,627261.00000000,3784032.00000000
train	000308	lower__20200326_160109_48_2277_3B_AnalyticMS_SR_8b_clip	pm5__20200311_20200331__0002	/scrfs/storage/yikebe/home/research/AR_Crop_Identification/make_dataset/raw_sentinel/pm5/pm5__20200311_20200331__0002	2020-03-26	630333.00000000,3783264.00000000,631101.00000000,3784032.00000000
train	000324	lower__20200326_160109_48_2277_3B_AnalyticMS_SR_8b_clip	pm5__20200311_20200331__0002	/scrfs/storage/yikebe/home/research/AR_Crop_Identification/make_dataset/raw_sentinel/pm5/pm5__20200311_20200331__0002	2020-03-26	641853.00000000,3783264.00000000,642621.00000000,3784032.00000000
train	000340	lower__20200326_160109_48_2277_3B_AnalyticMS_SR_8b_clip	pm5__20200311_20200331__0002	/scrfs/storage/yikebe/home/research/AR_Crop_Identification/make_dataset/raw_sentinel/pm5/pm5__20200311_20200331__0002	2020-03-26	625725.00000000,3782496.00000000,626493.00000000,3783264.00000000
train	000356	lower__20200326_160109_48_2277_3B_AnalyticMS_SR_8b_clip	pm5__20200311_20200331__0002	/scrfs/storage/yikebe/home/research/AR_Crop_Identification/make_dataset/raw_sentinel/pm5/pm5__20200311_20200331__0002	2020-03-26	641853.00000000,3782496.00000000,642621.00000000,3783264.00000000
train	000372	lower__20200326_160109_48_2277_3B_AnalyticMS_SR_8b_clip	pm5__20200311_20200331__0002	/scrfs/storage/yikebe/home/research/AR_Crop_Identification/make_dataset/raw_sentinel/pm5/pm5__20200311_20200331__0002	2020-03-26	629565.00000000,3781728.00000000,630333.00000000,3782496.00000000
train	000388	lower__20200326_160109_48_2277_3B_AnalyticMS_SR_8b_clip	pm5__20200311_20200331__0002	/scrfs/storage/yikebe/home/research/AR_Crop_Identification/make_dataset/raw_sentinel/pm5/pm5__20200311_20200331__0002	2020-03-26	638781.00000000,3780960.00000000,639549.00000000,3781728.00000000
train	000404	lower__20200511_160021_75_2263_3B_AnalyticMS_SR_8b_clip	pm5__20200506_20200523__0006	/scrfs/storage/yikebe/home/research/AR_Crop_Identification/make_dataset/raw_sentinel/pm5/pm5__20200506_20200523__0006	2020-05-10	663747.00000000,3670452.00000000,664515.00000000,3671220.00000000
train	000420	lower__20200511_160021_75_2263_3B_AnalyticMS_SR_8b_clip	pm5__20200506_20200523__0006	/scrfs/storage/yikebe/home/research/AR_Crop_Identification/make_dataset/raw_sentinel/pm5/pm5__20200506_20200523__0006	2020-05-10	666819.00000000,3669684.00000000,667587.00000000,3670452.00000000
train	000436	lower__20200511_160021_75_2263_3B_AnalyticMS_SR_8b_clip	pm5__20200506_20200523__0006	/scrfs/storage/yikebe/home/research/AR_Crop_Identification/make_dataset/raw_sentinel/pm5/pm5__20200506_20200523__0006	2020-05-10	683715.00000000,3665076.00000000,684483.00000000,3665844.00000000
train	000452	lower__20200511_160021_75_2263_3B_AnalyticMS_SR_8b_clip	pm5__20200506_20200523__0006	/scrfs/storage/yikebe/home/research/AR_Crop_Identification/make_dataset/raw_sentinel/pm5/pm5__20200506_20200523__0006	2020-05-10	663747.00000000,3663540.00000000,664515.00000000,3664308.00000000
train	000468	lower__20200511_160021_75_2263_3B_AnalyticMS_SR_8b_clip	pm5__20200506_20200523__0006	/scrfs/storage/yikebe/home/research/AR_Crop_Identification/make_dataset/raw_sentinel/pm5/pm5__20200506_20200523__0006	2020-05-10	674499.00000000,3663540.00000000,675267.00000000,3664308.00000000
train	000484	lower__20200511_160021_75_2263_3B_AnalyticMS_SR_8b_clip	pm5__20200506_20200523__0006	/scrfs/storage/yikebe/home/research/AR_Crop_Identification/make_dataset/raw_sentinel/pm5/pm5__20200506_20200523__0006	2020-05-10	663747.00000000,3662772.00000000,664515.00000000,3663540.00000000
train	000500	lower__20200511_160021_75_2263_3B_AnalyticMS_SR_8b_clip	pm5__20200506_20200523__0006	/scrfs/storage/yikebe/home/research/AR_Crop_Identification/make_dataset/raw_sentinel/pm5/pm5__20200506_20200523__0006	2020-05-10	662979.00000000,3662004.00000000,663747.00000000,3662772.00000000
train	000516	lower__20200511_160021_75_2263_3B_AnalyticMS_SR_8b_clip	pm5__20200506_20200523__0006	/scrfs/storage/yikebe/home/research/AR_Crop_Identification/make_dataset/raw_sentinel/pm5/pm5__20200506_20200523__0006	2020-05-10	664515.00000000,3661236.00000000,665283.00000000,3662004.00000000
train	000532	lower__20200511_160021_75_2263_3B_AnalyticMS_SR_8b_clip	pm5__20200506_20200523__0006	/scrfs/storage/yikebe/home/research/AR_Crop_Identification/make_dataset/raw_sentinel/pm5/pm5__20200506_20200523__0006	2020-05-10	664515.00000000,3659700.00000000,665283.00000000,3660468.00000000
train	000548	lower__20200511_160021_75_2263_3B_AnalyticMS_SR_8b_clip	pm5__20200506_20200523__0006	/scrfs/storage/yikebe/home/research/AR_Crop_Identification/make_dataset/raw_sentinel/pm5/pm5__20200506_20200523__0006	2020-05-10	664515.00000000,3658932.00000000,665283.00000000,3659700.00000000
train	000564	lower__20200511_160021_75_2263_3B_AnalyticMS_SR_8b_clip	pm5__20200506_20200523__0006	/scrfs/storage/yikebe/home/research/AR_Crop_Identification/make_dataset/raw_sentinel/pm5/pm5__20200506_20200523__0006	2020-05-10	689859.00000000,3658932.00000000,690627.00000000,3659700.00000000
train	000580	lower__20200511_160021_75_2263_3B_AnalyticMS_SR_8b_clip	pm5__20200506_20200523__0006	/scrfs/storage/yikebe/home/research/AR_Crop_Identification/make_dataset/raw_sentinel/pm5/pm5__20200506_20200523__0006	2020-05-10	664515.00000000,3658164.00000000,665283.00000000,3658932.00000000
train	000596	lower__20200511_160021_75_2263_3B_AnalyticMS_SR_8b_clip	pm5__20200506_20200523__0006	/scrfs/storage/yikebe/home/research/AR_Crop_Identification/make_dataset/raw_sentinel/pm5/pm5__20200506_20200523__0006	2020-05-10	665283.00000000,3658164.00000000,666051.00000000,3658932.00000000
train	000612	lower__20200511_160021_75_2263_3B_AnalyticMS_SR_8b_clip	pm5__20200506_20200523__0006	/scrfs/storage/yikebe/home/research/AR_Crop_Identification/make_dataset/raw_sentinel/pm5/pm5__20200506_20200523__0006	2020-05-10	664515.00000000,3657396.00000000,665283.00000000,3658164.00000000
train	000628	lower__20200511_160021_75_2263_3B_AnalyticMS_SR_8b_clip	pm5__20200506_20200523__0006	/scrfs/storage/yikebe/home/research/AR_Crop_Identification/make_dataset/raw_sentinel/pm5/pm5__20200506_20200523__0006	2020-05-10	665283.00000000,3657396.00000000,666051.00000000,3658164.00000000
train	000644	lower__20200511_160021_75_2263_3B_AnalyticMS_SR_8b_clip	pm5__20200506_20200523__0006	/scrfs/storage/yikebe/home/research/AR_Crop_Identification/make_dataset/raw_sentinel/pm5/pm5__20200506_20200523__0006	2020-05-10	669891.00000000,3657396.00000000,670659.00000000,3658164.00000000
train	000660	lower__20200511_160021_75_2263_3B_AnalyticMS_SR_8b_clip	pm5__20200506_20200523__0006	/scrfs/storage/yikebe/home/research/AR_Crop_Identification/make_dataset/raw_sentinel/pm5/pm5__20200506_20200523__0006	2020-05-10	688323.00000000,3657396.00000000,689091.00000000,3658164.00000000
train	000676	lower__20200511_160021_75_2263_3B_AnalyticMS_SR_8b_clip	pm5__20200506_20200523__0006	/scrfs/storage/yikebe/home/research/AR_Crop_Identification/make_dataset/raw_sentinel/pm5/pm5__20200506_20200523__0006	2020-05-10	689091.00000000,3657396.00000000,689859.00000000,3658164.00000000
train	000692	lower__20200511_160021_75_2263_3B_AnalyticMS_SR_8b_clip	pm5__20200506_20200523__0006	/scrfs/storage/yikebe/home/research/AR_Crop_Identification/make_dataset/raw_sentinel/pm5/pm5__20200506_20200523__0006	2020-05-10	664515.00000000,3656628.00000000,665283.00000000,3657396.00000000
train	000708	lower__20200511_160021_75_2263_3B_AnalyticMS_SR_8b_clip	pm5__20200506_20200523__0006	/scrfs/storage/yikebe/home/research/AR_Crop_Identification/make_dataset/raw_sentinel/pm5/pm5__20200506_20200523__0006	2020-05-10	665283.00000000,3656628.00000000,666051.00000000,3657396.00000000
train	000724	lower__20200511_160021_75_2263_3B_AnalyticMS_SR_8b_clip	pm5__20200506_20200523__0006	/scrfs/storage/yikebe/home/research/AR_Crop_Identification/make_dataset/raw_sentinel/pm5/pm5__20200506_20200523__0006	2020-05-10	666051.00000000,3656628.00000000,666819.00000000,3657396.00000000
train	000740	lower__20200511_160021_75_2263_3B_AnalyticMS_SR_8b_clip	pm5__20200506_20200523__0006	/scrfs/storage/yikebe/home/research/AR_Crop_Identification/make_dataset/raw_sentinel/pm5/pm5__20200506_20200523__0006	2020-05-10	679875.00000000,3656628.00000000,680643.00000000,3657396.00000000
train	000756	lower__20200511_160021_75_2263_3B_AnalyticMS_SR_8b_clip	pm5__20200506_20200523__0006	/scrfs/storage/yikebe/home/research/AR_Crop_Identification/make_dataset/raw_sentinel/pm5/pm5__20200506_20200523__0006	2020-05-10	680643.00000000,3656628.00000000,681411.00000000,3657396.00000000
train	000772	lower__20200511_160021_75_2263_3B_AnalyticMS_SR_8b_clip	pm5__20200506_20200523__0006	/scrfs/storage/yikebe/home/research/AR_Crop_Identification/make_dataset/raw_sentinel/pm5/pm5__20200506_20200523__0006	2020-05-10	664515.00000000,3655860.00000000,665283.00000000,3656628.00000000
train	000788	lower__20200511_160021_75_2263_3B_AnalyticMS_SR_8b_clip	pm5__20200506_20200523__0006	/scrfs/storage/yikebe/home/research/AR_Crop_Identification/make_dataset/raw_sentinel/pm5/pm5__20200506_20200523__0006	2020-05-10	665283.00000000,3655860.00000000,666051.00000000,3656628.00000000
train	000804	lower__20200511_160021_75_2263_3B_AnalyticMS_SR_8b_clip	pm5__20200506_20200523__0006	/scrfs/storage/yikebe/home/research/AR_Crop_Identification/make_dataset/raw_sentinel/pm5/pm5__20200506_20200523__0006	2020-05-10	666051.00000000,3655860.00000000,666819.00000000,3656628.00000000
train	000820	lower__20200511_160021_75_2263_3B_AnalyticMS_SR_8b_clip	pm5__20200506_20200523__0006	/scrfs/storage/yikebe/home/research/AR_Crop_Identification/make_dataset/raw_sentinel/pm5/pm5__20200506_20200523__0006	2020-05-10	666819.00000000,3655860.00000000,667587.00000000,3656628.00000000
train	000836	lower__20200511_160021_75_2263_3B_AnalyticMS_SR_8b_clip	pm5__20200506_20200523__0006	/scrfs/storage/yikebe/home/research/AR_Crop_Identification/make_dataset/raw_sentinel/pm5/pm5__20200506_20200523__0006	2020-05-10	679875.00000000,3655860.00000000,680643.00000000,3656628.00000000
train	000852	lower__20200511_160021_75_2263_3B_AnalyticMS_SR_8b_clip	pm5__20200506_20200523__0006	/scrfs/storage/yikebe/home/research/AR_Crop_Identification/make_dataset/raw_sentinel/pm5/pm5__20200506_20200523__0006	2020-05-10	664515.00000000,3655092.00000000,665283.00000000,3655860.00000000
train	000868	lower__20200511_160021_75_2263_3B_AnalyticMS_SR_8b_clip	pm5__20200506_20200523__0006	/scrfs/storage/yikebe/home/research/AR_Crop_Identification/make_dataset/raw_sentinel/pm5/pm5__20200506_20200523__0006	2020-05-10	665283.00000000,3655092.00000000,666051.00000000,3655860.00000000
train	000884	lower__20200511_160021_75_2263_3B_AnalyticMS_SR_8b_clip	pm5__20200506_20200523__0006	/scrfs/storage/yikebe/home/research/AR_Crop_Identification/make_dataset/raw_sentinel/pm5/pm5__20200506_20200523__0006	2020-05-10	666051.00000000,3655092.00000000,666819.00000000,3655860.00000000
train	000900	lower__20200511_160021_75_2263_3B_AnalyticMS_SR_8b_clip	pm5__20200506_20200523__0006	/scrfs/storage/yikebe/home/research/AR_Crop_Identification/make_dataset/raw_sentinel/pm5/pm5__20200506_20200523__0006	2020-05-10	664515.00000000,3654324.00000000,665283.00000000,3655092.00000000
train	000916	lower__20200511_160021_75_2263_3B_AnalyticMS_SR_8b_clip	pm5__20200506_20200523__0006	/scrfs/storage/yikebe/home/research/AR_Crop_Identification/make_dataset/raw_sentinel/pm5/pm5__20200506_20200523__0006	2020-05-10	665283.00000000,3654324.00000000,666051.00000000,3655092.00000000
train	000932	lower__20200511_160021_75_2263_3B_AnalyticMS_SR_8b_clip	pm5__20200506_20200523__0006	/scrfs/storage/yikebe/home/research/AR_Crop_Identification/make_dataset/raw_sentinel/pm5/pm5__20200506_20200523__0006	2020-05-10	663747.00000000,3653556.00000000,664515.00000000,3654324.00000000
train	000948	lower__20200511_160021_75_2263_3B_AnalyticMS_SR_8b_clip	pm5__20200506_20200523__0006	/scrfs/storage/yikebe/home/research/AR_Crop_Identification/make_dataset/raw_sentinel/pm5/pm5__20200506_20200523__0006	2020-05-10	664515.00000000,3653556.00000000,665283.00000000,3654324.00000000
train	000964	lower__20200717_160359_79_2271_3B_AnalyticMS_SR_8b_clip	pm5__20200705_20200723__0015	/scrfs/storage/yikebe/home/research/AR_Crop_Identification/make_dataset/raw_sentinel/pm5/pm5__20200705_20200723__0015	2020-07-12	638469.00000000,3735582.00000000,639237.00000000,3736350.00000000
train	000980	lower__20200717_160359_79_2271_3B_AnalyticMS_SR_8b_clip	pm5__20200705_20200723__0015	/scrfs/storage/yikebe/home/research/AR_Crop_Identification/make_dataset/raw_sentinel/pm5/pm5__20200705_20200723__0015	2020-07-12	652293.00000000,3735582.00000000,653061.00000000,3736350.00000000
train	000996	lower__20200717_160359_79_2271_3B_AnalyticMS_SR_8b_clip	pm5__20200705_20200723__0015	/scrfs/storage/yikebe/home/research/AR_Crop_Identification/make_dataset/raw_sentinel/pm5/pm5__20200705_20200723__0015	2020-07-12	652293.00000000,3731742.00000000,653061.00000000,3732510.00000000
train	001012	lower__20200910_155842_55_220b_3B_AnalyticMS_SR_8b_clip	pm5__20200905_20200924__0030	/scrfs/storage/yikebe/home/research/AR_Crop_Identification/make_dataset/raw_sentinel/pm5/pm5__20200905_20200924__0030	2020-09-07	727653.00000000,3845262.00000000,728421.00000000,3846030.00000000
train	001028	lower__20200910_155842_55_220b_3B_AnalyticMS_SR_8b_clip	pm5__20200905_20200924__0030	/scrfs/storage/yikebe/home/research/AR_Crop_Identification/make_dataset/raw_sentinel/pm5/pm5__20200905_20200924__0030	2020-09-07	739941.00000000,3843726.00000000,740709.00000000,3844494.00000000
train	001044	lower__20200910_155842_55_220b_3B_AnalyticMS_SR_8b_clip	pm5__20200905_20200924__0030	/scrfs/storage/yikebe/home/research/AR_Crop_Identification/make_dataset/raw_sentinel/pm5/pm5__20200905_20200924__0030	2020-09-07	738405.00000000,3842958.00000000,739173.00000000,3843726.00000000
train	001060	lower__20200910_155842_55_220b_3B_AnalyticMS_SR_8b_clip	pm5__20200905_20200924__0030	/scrfs/storage/yikebe/home/research/AR_Crop_Identification/make_dataset/raw_sentinel/pm5/pm5__20200905_20200924__0030	2020-09-07	739173.00000000,3842958.00000000,739941.00000000,3843726.00000000
train	001076	lower__20200910_155842_55_220b_3B_AnalyticMS_SR_8b_clip	pm5__20200905_20200924__0030	/scrfs/storage/yikebe/home/research/AR_Crop_Identification/make_dataset/raw_sentinel/pm5/pm5__20200905_20200924__0030	2020-09-07	738405.00000000,3842190.00000000,739173.00000000,3842958.00000000
train	001092	lower__20200910_155842_55_220b_3B_AnalyticMS_SR_8b_clip	pm5__20200905_20200924__0030	/scrfs/storage/yikebe/home/research/AR_Crop_Identification/make_dataset/raw_sentinel/pm5/pm5__20200905_20200924__0030	2020-09-07	722277.00000000,3841422.00000000,723045.00000000,3842190.00000000
train	001108	lower__20200910_155842_55_220b_3B_AnalyticMS_SR_8b_clip	pm5__20200905_20200924__0030	/scrfs/storage/yikebe/home/research/AR_Crop_Identification/make_dataset/raw_sentinel/pm5/pm5__20200905_20200924__0030	2020-09-07	748389.00000000,3841422.00000000,749157.00000000,3842190.00000000
train	001124	lower__20200910_155842_55_220b_3B_AnalyticMS_SR_8b_clip	pm5__20200905_20200924__0030	/scrfs/storage/yikebe/home/research/AR_Crop_Identification/make_dataset/raw_sentinel/pm5/pm5__20200905_20200924__0030	2020-09-07	749157.00000000,3841422.00000000,749925.00000000,3842190.00000000
train	001140	lower__20200910_155842_55_220b_3B_AnalyticMS_SR_8b_clip	pm5__20200905_20200924__0030	/scrfs/storage/yikebe/home/research/AR_Crop_Identification/make_dataset/raw_sentinel/pm5/pm5__20200905_20200924__0030	2020-09-07	736101.00000000,3840654.00000000,736869.00000000,3841422.00000000
train	001156	lower__20200910_155842_55_220b_3B_AnalyticMS_SR_8b_clip	pm5__20200905_20200924__0030	/scrfs/storage/yikebe/home/research/AR_Crop_Identification/make_dataset/raw_sentinel/pm5/pm5__20200905_20200924__0030	2020-09-07	736869.00000000,3840654.00000000,737637.00000000,3841422.00000000
train	001172	lower__20200910_155842_55_220b_3B_AnalyticMS_SR_8b_clip	pm5__20200905_20200924__0030	/scrfs/storage/yikebe/home/research/AR_Crop_Identification/make_dataset/raw_sentinel/pm5/pm5__20200905_20200924__0030	2020-09-07	737637.00000000,3840654.00000000,738405.00000000,3841422.00000000
train	001188	lower__20200910_155842_55_220b_3B_AnalyticMS_SR_8b_clip	pm5__20200905_20200924__0030	/scrfs/storage/yikebe/home/research/AR_Crop_Identification/make_dataset/raw_sentinel/pm5/pm5__20200905_20200924__0030	2020-09-07	750693.00000000,3840654.00000000,751461.00000000,3841422.00000000
train	001204	lower__20200910_155842_55_220b_3B_AnalyticMS_SR_8b_clip	pm5__20200905_20200924__0030	/scrfs/storage/yikebe/home/research/AR_Crop_Identification/make_dataset/raw_sentinel/pm5/pm5__20200905_20200924__0030	2020-09-07	722277.00000000,3839886.00000000,723045.00000000,3840654.00000000
train	001220	lower__20200910_155842_55_220b_3B_AnalyticMS_SR_8b_clip	pm5__20200905_20200924__0030	/scrfs/storage/yikebe/home/research/AR_Crop_Identification/make_dataset/raw_sentinel/pm5/pm5__20200905_20200924__0030	2020-09-07	736869.00000000,3839886.00000000,737637.00000000,3840654.00000000
train	001236	lower__20200910_155842_55_220b_3B_AnalyticMS_SR_8b_clip	pm5__20200905_20200924__0030	/scrfs/storage/yikebe/home/research/AR_Crop_Identification/make_dataset/raw_sentinel/pm5/pm5__20200905_20200924__0030	2020-09-07	747621.00000000,3839886.00000000,748389.00000000,3840654.00000000
train	001252	lower__20200910_155842_55_220b_3B_AnalyticMS_SR_8b_clip	pm5__20200905_20200924__0030	/scrfs/storage/yikebe/home/research/AR_Crop_Identification/make_dataset/raw_sentinel/pm5/pm5__20200905_20200924__0030	2020-09-07	722277.00000000,3839118.00000000,723045.00000000,3839886.00000000
train	001268	lower__20200910_155842_55_220b_3B_AnalyticMS_SR_8b_clip	pm5__20200905_20200924__0030	/scrfs/storage/yikebe/home/research/AR_Crop_Identification/make_dataset/raw_sentinel/pm5/pm5__20200905_20200924__0030	2020-09-07	743013.00000000,3839118.00000000,743781.00000000,3839886.00000000
train	001284	lower__20200910_155842_55_220b_3B_AnalyticMS_SR_8b_clip	pm5__20200905_20200924__0030	/scrfs/storage/yikebe/home/research/AR_Crop_Identification/make_dataset/raw_sentinel/pm5/pm5__20200905_20200924__0030	2020-09-07	742245.00000000,3837582.00000000,743013.00000000,3838350.00000000
train	001300	lower__20200910_155842_55_220b_3B_AnalyticMS_SR_8b_clip	pm5__20200905_20200924__0030	/scrfs/storage/yikebe/home/research/AR_Crop_Identification/make_dataset/raw_sentinel/pm5/pm5__20200905_20200924__0030	2020-09-07	734565.00000000,3836814.00000000,735333.00000000,3837582.00000000
train	001316	lower__20200910_155842_55_220b_3B_AnalyticMS_SR_8b_clip	pm5__20200905_20200924__0030	/scrfs/storage/yikebe/home/research/AR_Crop_Identification/make_dataset/raw_sentinel/pm5/pm5__20200905_20200924__0030	2020-09-07	744549.00000000,3836814.00000000,745317.00000000,3837582.00000000
train	001332	lower__20200910_155842_55_220b_3B_AnalyticMS_SR_8b_clip	pm5__20200905_20200924__0030	/scrfs/storage/yikebe/home/research/AR_Crop_Identification/make_dataset/raw_sentinel/pm5/pm5__20200905_20200924__0030	2020-09-07	747621.00000000,3836814.00000000,748389.00000000,3837582.00000000
train	001348	lower__20200910_155842_55_220b_3B_AnalyticMS_SR_8b_clip	pm5__20200905_20200924__0030	/scrfs/storage/yikebe/home/research/AR_Crop_Identification/make_dataset/raw_sentinel/pm5/pm5__20200905_20200924__0030	2020-09-07	748389.00000000,3836814.00000000,749157.00000000,3837582.00000000
train	001364	lower__20200910_155842_55_220b_3B_AnalyticMS_SR_8b_clip	pm5__20200905_20200924__0030	/scrfs/storage/yikebe/home/research/AR_Crop_Identification/make_dataset/raw_sentinel/pm5/pm5__20200905_20200924__0030	2020-09-07	749157.00000000,3836814.00000000,749925.00000000,3837582.00000000
train	001380	lower__20200910_155842_55_220b_3B_AnalyticMS_SR_8b_clip	pm5__20200905_20200924__0030	/scrfs/storage/yikebe/home/research/AR_Crop_Identification/make_dataset/raw_sentinel/pm5/pm5__20200905_20200924__0030	2020-09-07	740709.00000000,3836046.00000000,741477.00000000,3836814.00000000
train	001396	lower__20200910_155842_55_220b_3B_AnalyticMS_SR_8b_clip	pm5__20200905_20200924__0030	/scrfs/storage/yikebe/home/research/AR_Crop_Identification/make_dataset/raw_sentinel/pm5/pm5__20200905_20200924__0030	2020-09-07	739941.00000000,3835278.00000000,740709.00000000,3836046.00000000
train	001412	lower__20200910_155842_55_220b_3B_AnalyticMS_SR_8b_clip	pm5__20200905_20200924__0030	/scrfs/storage/yikebe/home/research/AR_Crop_Identification/make_dataset/raw_sentinel/pm5/pm5__20200905_20200924__0030	2020-09-07	742245.00000000,3835278.00000000,743013.00000000,3836046.00000000
train	001428	lower__20200910_155842_55_220b_3B_AnalyticMS_SR_8b_clip	pm5__20200905_20200924__0030	/scrfs/storage/yikebe/home/research/AR_Crop_Identification/make_dataset/raw_sentinel/pm5/pm5__20200905_20200924__0030	2020-09-07	748389.00000000,3835278.00000000,749157.00000000,3836046.00000000
train	001444	lower__20200910_155842_55_220b_3B_AnalyticMS_SR_8b_clip	pm5__20200905_20200924__0030	/scrfs/storage/yikebe/home/research/AR_Crop_Identification/make_dataset/raw_sentinel/pm5/pm5__20200905_20200924__0030	2020-09-07	735333.00000000,3834510.00000000,736101.00000000,3835278.00000000
train	001460	lower__20200910_155842_55_220b_3B_AnalyticMS_SR_8b_clip	pm5__20200905_20200924__0030	/scrfs/storage/yikebe/home/research/AR_Crop_Identification/make_dataset/raw_sentinel/pm5/pm5__20200905_20200924__0030	2020-09-07	736101.00000000,3834510.00000000,736869.00000000,3835278.00000000
train	001476	lower__20200910_155842_55_220b_3B_AnalyticMS_SR_8b_clip	pm5__20200905_20200924__0030	/scrfs/storage/yikebe/home/research/AR_Crop_Identification/make_dataset/raw_sentinel/pm5/pm5__20200905_20200924__0030	2020-09-07	743013.00000000,3834510.00000000,743781.00000000,3835278.00000000
train	001492	lower__20200910_155842_55_220b_3B_AnalyticMS_SR_8b_clip	pm5__20200905_20200924__0030	/scrfs/storage/yikebe/home/research/AR_Crop_Identification/make_dataset/raw_sentinel/pm5/pm5__20200905_20200924__0030	2020-09-07	720741.00000000,3833742.00000000,721509.00000000,3834510.00000000
train	001508	lower__20200910_155842_55_220b_3B_AnalyticMS_SR_8b_clip	pm5__20200905_20200924__0030	/scrfs/storage/yikebe/home/research/AR_Crop_Identification/make_dataset/raw_sentinel/pm5/pm5__20200905_20200924__0030	2020-09-07	735333.00000000,3833742.00000000,736101.00000000,3834510.00000000
train	001524	lower__20200910_155842_55_220b_3B_AnalyticMS_SR_8b_clip	pm5__20200905_20200924__0030	/scrfs/storage/yikebe/home/research/AR_Crop_Identification/make_dataset/raw_sentinel/pm5/pm5__20200905_20200924__0030	2020-09-07	736101.00000000,3833742.00000000,736869.00000000,3834510.00000000
train	001540	lower__20200910_155842_55_220b_3B_AnalyticMS_SR_8b_clip	pm5__20200905_20200924__0030	/scrfs/storage/yikebe/home/research/AR_Crop_Identification/make_dataset/raw_sentinel/pm5/pm5__20200905_20200924__0030	2020-09-07	739173.00000000,3833742.00000000,739941.00000000,3834510.00000000
train	001556	lower__20200910_155842_55_220b_3B_AnalyticMS_SR_8b_clip	pm5__20200905_20200924__0030	/scrfs/storage/yikebe/home/research/AR_Crop_Identification/make_dataset/raw_sentinel/pm5/pm5__20200905_20200924__0030	2020-09-07	745317.00000000,3833742.00000000,746085.00000000,3834510.00000000
train	001572	lower__20200910_155842_55_220b_3B_AnalyticMS_SR_8b_clip	pm5__20200905_20200924__0030	/scrfs/storage/yikebe/home/research/AR_Crop_Identification/make_dataset/raw_sentinel/pm5/pm5__20200905_20200924__0030	2020-09-07	748389.00000000,3832974.00000000,749157.00000000,3833742.00000000
train	001588	lower__20200910_155842_55_220b_3B_AnalyticMS_SR_8b_clip	pm5__20200905_20200924__0030	/scrfs/storage/yikebe/home/research/AR_Crop_Identification/make_dataset/raw_sentinel/pm5/pm5__20200905_20200924__0030	2020-09-07	737637.00000000,3832206.00000000,738405.00000000,3832974.00000000
train	001604	lower__20200910_155842_55_220b_3B_AnalyticMS_SR_8b_clip	pm5__20200905_20200924__0030	/scrfs/storage/yikebe/home/research/AR_Crop_Identification/make_dataset/raw_sentinel/pm5/pm5__20200905_20200924__0030	2020-09-07	739941.00000000,3831438.00000000,740709.00000000,3832206.00000000
train	001620	lower__20200910_155842_55_220b_3B_AnalyticMS_SR_8b_clip	pm5__20200905_20200924__0030	/scrfs/storage/yikebe/home/research/AR_Crop_Identification/make_dataset/raw_sentinel/pm5/pm5__20200905_20200924__0030	2020-09-07	740709.00000000,3831438.00000000,741477.00000000,3832206.00000000
train	001636	lower__20200910_155842_55_220b_3B_AnalyticMS_SR_8b_clip	pm5__20200905_20200924__0030	/scrfs/storage/yikebe/home/research/AR_Crop_Identification/make_dataset/raw_sentinel/pm5/pm5__20200905_20200924__0030	2020-09-07	733029.00000000,3830670.00000000,733797.00000000,3831438.00000000
train	001652	lower__20200910_155842_55_220b_3B_AnalyticMS_SR_8b_clip	pm5__20200905_20200924__0030	/scrfs/storage/yikebe/home/research/AR_Crop_Identification/make_dataset/raw_sentinel/pm5/pm5__20200905_20200924__0030	2020-09-07	733797.00000000,3830670.00000000,734565.00000000,3831438.00000000
train	001668	lower__20200910_155842_55_220b_3B_AnalyticMS_SR_8b_clip	pm5__20200905_20200924__0030	/scrfs/storage/yikebe/home/research/AR_Crop_Identification/make_dataset/raw_sentinel/pm5/pm5__20200905_20200924__0030	2020-09-07	736869.00000000,3830670.00000000,737637.00000000,3831438.00000000
train	001684	lower__20200910_155842_55_220b_3B_AnalyticMS_SR_8b_clip	pm5__20200905_20200924__0030	/scrfs/storage/yikebe/home/research/AR_Crop_Identification/make_dataset/raw_sentinel/pm5/pm5__20200905_20200924__0030	2020-09-07	752229.00000000,3830670.00000000,752997.00000000,3831438.00000000
train	001700	lower__20200910_155842_55_220b_3B_AnalyticMS_SR_8b_clip	pm5__20200905_20200924__0030	/scrfs/storage/yikebe/home/research/AR_Crop_Identification/make_dataset/raw_sentinel/pm5/pm5__20200905_20200924__0030	2020-09-07	733029.00000000,3829902.00000000,733797.00000000,3830670.00000000
train	001716	lower__20200910_155842_55_220b_3B_AnalyticMS_SR_8b_clip	pm5__20200905_20200924__0030	/scrfs/storage/yikebe/home/research/AR_Crop_Identification/make_dataset/raw_sentinel/pm5/pm5__20200905_20200924__0030	2020-09-07	743013.00000000,3829902.00000000,743781.00000000,3830670.00000000
train	001732	lower__20200910_155842_55_220b_3B_AnalyticMS_SR_8b_clip	pm5__20200905_20200924__0030	/scrfs/storage/yikebe/home/research/AR_Crop_Identification/make_dataset/raw_sentinel/pm5/pm5__20200905_20200924__0030	2020-09-07	743781.00000000,3829902.00000000,744549.00000000,3830670.00000000
train	001748	lower__20200910_155842_55_220b_3B_AnalyticMS_SR_8b_clip	pm5__20200905_20200924__0030	/scrfs/storage/yikebe/home/research/AR_Crop_Identification/make_dataset/raw_sentinel/pm5/pm5__20200905_20200924__0030	2020-09-07	744549.00000000,3829902.00000000,745317.00000000,3830670.00000000
train	001764	lower__20200910_155842_55_220b_3B_AnalyticMS_SR_8b_clip	pm5__20200905_20200924__0030	/scrfs/storage/yikebe/home/research/AR_Crop_Identification/make_dataset/raw_sentinel/pm5/pm5__20200905_20200924__0030	2020-09-07	738405.00000000,3829134.00000000,739173.00000000,3829902.00000000
train	001780	lower__20200910_155842_55_220b_3B_AnalyticMS_SR_8b_clip	pm5__20200905_20200924__0030	/scrfs/storage/yikebe/home/research/AR_Crop_Identification/make_dataset/raw_sentinel/pm5/pm5__20200905_20200924__0030	2020-09-07	741477.00000000,3829134.00000000,742245.00000000,3829902.00000000
train	001796	lower__20200910_155842_55_220b_3B_AnalyticMS_SR_8b_clip	pm5__20200905_20200924__0030	/scrfs/storage/yikebe/home/research/AR_Crop_Identification/make_dataset/raw_sentinel/pm5/pm5__20200905_20200924__0030	2020-09-07	743781.00000000,3829134.00000000,744549.00000000,3829902.00000000
train	001812	lower__20200910_155842_55_220b_3B_AnalyticMS_SR_8b_clip	pm5__20200905_20200924__0030	/scrfs/storage/yikebe/home/research/AR_Crop_Identification/make_dataset/raw_sentinel/pm5/pm5__20200905_20200924__0030	2020-09-07	745317.00000000,3829134.00000000,746085.00000000,3829902.00000000
train	001828	lower__20200910_155842_55_220b_3B_AnalyticMS_SR_8b_clip	pm5__20200905_20200924__0030	/scrfs/storage/yikebe/home/research/AR_Crop_Identification/make_dataset/raw_sentinel/pm5/pm5__20200905_20200924__0030	2020-09-07	746085.00000000,3829134.00000000,746853.00000000,3829902.00000000
train	001844	lower__20200910_155842_55_220b_3B_AnalyticMS_SR_8b_clip	pm5__20200905_20200924__0030	/scrfs/storage/yikebe/home/research/AR_Crop_Identification/make_dataset/raw_sentinel/pm5/pm5__20200905_20200924__0030	2020-09-07	723813.00000000,3827598.00000000,724581.00000000,3828366.00000000
train	001860	lower__20200910_155842_55_220b_3B_AnalyticMS_SR_8b_clip	pm5__20200905_20200924__0030	/scrfs/storage/yikebe/home/research/AR_Crop_Identification/make_dataset/raw_sentinel/pm5/pm5__20200905_20200924__0030	2020-09-07	740709.00000000,3825294.00000000,741477.00000000,3826062.00000000
train	001876	lower__20200910_160124_00_222c_3B_AnalyticMS_SR_8b_clip	pm5__20200905_20200924__0024	/scrfs/storage/yikebe/home/research/AR_Crop_Identification/make_dataset/raw_sentinel/pm5/pm5__20200905_20200924__0024	2020-09-10	682251.00000000,3817974.00000000,683019.00000000,3818742.00000000
train	001892	lower__20200910_160124_00_222c_3B_AnalyticMS_SR_8b_clip	pm5__20200905_20200924__0024	/scrfs/storage/yikebe/home/research/AR_Crop_Identification/make_dataset/raw_sentinel/pm5/pm5__20200905_20200924__0024	2020-09-10	660747.00000000,3811062.00000000,661515.00000000,3811830.00000000
train	001908	lower__20200910_160124_00_222c_3B_AnalyticMS_SR_8b_clip	pm5__20200905_20200924__0024	/scrfs/storage/yikebe/home/research/AR_Crop_Identification/make_dataset/raw_sentinel/pm5/pm5__20200905_20200924__0024	2020-09-10	662283.00000000,3811062.00000000,663051.00000000,3811830.00000000
train	001924	lower__20200910_160124_00_222c_3B_AnalyticMS_SR_8b_clip	pm5__20200905_20200924__0024	/scrfs/storage/yikebe/home/research/AR_Crop_Identification/make_dataset/raw_sentinel/pm5/pm5__20200905_20200924__0024	2020-09-10	659979.00000000,3810294.00000000,660747.00000000,3811062.00000000
train	001940	lower__20200910_160124_00_222c_3B_AnalyticMS_SR_8b_clip	pm5__20200905_20200924__0024	/scrfs/storage/yikebe/home/research/AR_Crop_Identification/make_dataset/raw_sentinel/pm5/pm5__20200905_20200924__0024	2020-09-10	660747.00000000,3810294.00000000,661515.00000000,3811062.00000000
train	001956	lower__20200910_160124_00_222c_3B_AnalyticMS_SR_8b_clip	pm5__20200905_20200924__0024	/scrfs/storage/yikebe/home/research/AR_Crop_Identification/make_dataset/raw_sentinel/pm5/pm5__20200905_20200924__0024	2020-09-10	661515.00000000,3810294.00000000,662283.00000000,3811062.00000000
train	001972	lower__20200910_160124_00_222c_3B_AnalyticMS_SR_8b_clip	pm5__20200905_20200924__0024	/scrfs/storage/yikebe/home/research/AR_Crop_Identification/make_dataset/raw_sentinel/pm5/pm5__20200905_20200924__0024	2020-09-10	662283.00000000,3810294.00000000,663051.00000000,3811062.00000000
train	001988	lower__20200910_160124_00_222c_3B_AnalyticMS_SR_8b_clip	pm5__20200905_20200924__0024	/scrfs/storage/yikebe/home/research/AR_Crop_Identification/make_dataset/raw_sentinel/pm5/pm5__20200905_20200924__0024	2020-09-10	661515.00000000,3809526.00000000,662283.00000000,3810294.00000000
train	002004	lower__20200910_160124_00_222c_3B_AnalyticMS_SR_8b_clip	pm5__20200905_20200924__0024	/scrfs/storage/yikebe/home/research/AR_Crop_Identification/make_dataset/raw_sentinel/pm5/pm5__20200905_20200924__0024	2020-09-10	663819.00000000,3808758.00000000,664587.00000000,3809526.00000000
train	002020	lower__20200910_160124_00_222c_3B_AnalyticMS_SR_8b_clip	pm5__20200905_20200924__0024	/scrfs/storage/yikebe/home/research/AR_Crop_Identification/make_dataset/raw_sentinel/pm5/pm5__20200905_20200924__0024	2020-09-10	682251.00000000,3808758.00000000,683019.00000000,3809526.00000000
train	002036	lower__20200910_160124_00_222c_3B_AnalyticMS_SR_8b_clip	pm5__20200905_20200924__0024	/scrfs/storage/yikebe/home/research/AR_Crop_Identification/make_dataset/raw_sentinel/pm5/pm5__20200905_20200924__0024	2020-09-10	662283.00000000,3807990.00000000,663051.00000000,3808758.00000000
train	002052	lower__20200910_160124_00_222c_3B_AnalyticMS_SR_8b_clip	pm5__20200905_20200924__0024	/scrfs/storage/yikebe/home/research/AR_Crop_Identification/make_dataset/raw_sentinel/pm5/pm5__20200905_20200924__0024	2020-09-10	663819.00000000,3807990.00000000,664587.00000000,3808758.00000000
train	002068	lower__20200910_160124_00_222c_3B_AnalyticMS_SR_8b_clip	pm5__20200905_20200924__0024	/scrfs/storage/yikebe/home/research/AR_Crop_Identification/make_dataset/raw_sentinel/pm5/pm5__20200905_20200924__0024	2020-09-10	665355.00000000,3807990.00000000,666123.00000000,3808758.00000000
train	002084	lower__20200910_160124_00_222c_3B_AnalyticMS_SR_8b_clip	pm5__20200905_20200924__0024	/scrfs/storage/yikebe/home/research/AR_Crop_Identification/make_dataset/raw_sentinel/pm5/pm5__20200905_20200924__0024	2020-09-10	661515.00000000,3807222.00000000,662283.00000000,3807990.00000000
train	002100	lower__20200910_160124_00_222c_3B_AnalyticMS_SR_8b_clip	pm5__20200905_20200924__0024	/scrfs/storage/yikebe/home/research/AR_Crop_Identification/make_dataset/raw_sentinel/pm5/pm5__20200905_20200924__0024	2020-09-10	665355.00000000,3807222.00000000,666123.00000000,3807990.00000000
train	002116	lower__20200910_160124_00_222c_3B_AnalyticMS_SR_8b_clip	pm5__20200905_20200924__0024	/scrfs/storage/yikebe/home/research/AR_Crop_Identification/make_dataset/raw_sentinel/pm5/pm5__20200905_20200924__0024	2020-09-10	663051.00000000,3806454.00000000,663819.00000000,3807222.00000000
train	002132	lower__20200910_160124_00_222c_3B_AnalyticMS_SR_8b_clip	pm5__20200905_20200924__0024	/scrfs/storage/yikebe/home/research/AR_Crop_Identification/make_dataset/raw_sentinel/pm5/pm5__20200905_20200924__0024	2020-09-10	679179.00000000,3806454.00000000,679947.00000000,3807222.00000000
train	002148	lower__20200910_160124_00_222c_3B_AnalyticMS_SR_8b_clip	pm5__20200905_20200924__0024	/scrfs/storage/yikebe/home/research/AR_Crop_Identification/make_dataset/raw_sentinel/pm5/pm5__20200905_20200924__0024	2020-09-10	662283.00000000,3805686.00000000,663051.00000000,3806454.00000000
train	002164	lower__20200910_160124_00_222c_3B_AnalyticMS_SR_8b_clip	pm5__20200905_20200924__0024	/scrfs/storage/yikebe/home/research/AR_Crop_Identification/make_dataset/raw_sentinel/pm5/pm5__20200905_20200924__0024	2020-09-10	663051.00000000,3805686.00000000,663819.00000000,3806454.00000000
train	002180	lower__20200910_160124_00_222c_3B_AnalyticMS_SR_8b_clip	pm5__20200905_20200924__0024	/scrfs/storage/yikebe/home/research/AR_Crop_Identification/make_dataset/raw_sentinel/pm5/pm5__20200905_20200924__0024	2020-09-10	665355.00000000,3805686.00000000,666123.00000000,3806454.00000000
train	002196	lower__20200910_160124_00_222c_3B_AnalyticMS_SR_8b_clip	pm5__20200905_20200924__0024	/scrfs/storage/yikebe/home/research/AR_Crop_Identification/make_dataset/raw_sentinel/pm5/pm5__20200905_20200924__0024	2020-09-10	666123.00000000,3805686.00000000,666891.00000000,3806454.00000000
train	002212	lower__20200910_160124_00_222c_3B_AnalyticMS_SR_8b_clip	pm5__20200905_20200924__0024	/scrfs/storage/yikebe/home/research/AR_Crop_Identification/make_dataset/raw_sentinel/pm5/pm5__20200905_20200924__0024	2020-09-10	666891.00000000,3805686.00000000,667659.00000000,3806454.00000000
train	002228	lower__20200910_160124_00_222c_3B_AnalyticMS_SR_8b_clip	pm5__20200905_20200924__0024	/scrfs/storage/yikebe/home/research/AR_Crop_Identification/make_dataset/raw_sentinel/pm5/pm5__20200905_20200924__0024	2020-09-10	663051.00000000,3804918.00000000,663819.00000000,3805686.00000000
train	002244	lower__20200910_160124_00_222c_3B_AnalyticMS_SR_8b_clip	pm5__20200905_20200924__0024	/scrfs/storage/yikebe/home/research/AR_Crop_Identification/make_dataset/raw_sentinel/pm5/pm5__20200905_20200924__0024	2020-09-10	666123.00000000,3804918.00000000,666891.00000000,3805686.00000000
train	002260	lower__20200910_160124_00_222c_3B_AnalyticMS_SR_8b_clip	pm5__20200905_20200924__0024	/scrfs/storage/yikebe/home/research/AR_Crop_Identification/make_dataset/raw_sentinel/pm5/pm5__20200905_20200924__0024	2020-09-10	666891.00000000,3804918.00000000,667659.00000000,3805686.00000000
train	002276	lower__20200910_160124_00_222c_3B_AnalyticMS_SR_8b_clip	pm5__20200905_20200924__0024	/scrfs/storage/yikebe/home/research/AR_Crop_Identification/make_dataset/raw_sentinel/pm5/pm5__20200905_20200924__0024	2020-09-10	667659.00000000,3804918.00000000,668427.00000000,3805686.00000000
train	002292	lower__20200910_160124_00_222c_3B_AnalyticMS_SR_8b_clip	pm5__20200905_20200924__0024	/scrfs/storage/yikebe/home/research/AR_Crop_Identification/make_dataset/raw_sentinel/pm5/pm5__20200905_20200924__0024	2020-09-10	669195.00000000,3803382.00000000,669963.00000000,3804150.00000000
train	002308	lower__20200911_160153_83_2235_3B_AnalyticMS_SR_8b_clip	pm5__20200905_20200924__0025	/scrfs/storage/yikebe/home/research/AR_Crop_Identification/make_dataset/raw_sentinel/pm5/pm5__20200905_20200924__0025	2020-09-07	697620.00000000,3777225.00000000,698388.00000000,3777993.00000000
train	002324	lower__20200911_160153_83_2235_3B_AnalyticMS_SR_8b_clip	pm5__20200905_20200924__0025	/scrfs/storage/yikebe/home/research/AR_Crop_Identification/make_dataset/raw_sentinel/pm5/pm5__20200905_20200924__0025	2020-09-07	698388.00000000,3777225.00000000,699156.00000000,3777993.00000000
train	002340	lower__20200911_160153_83_2235_3B_AnalyticMS_SR_8b_clip	pm5__20200905_20200924__0025	/scrfs/storage/yikebe/home/research/AR_Crop_Identification/make_dataset/raw_sentinel/pm5/pm5__20200905_20200924__0025	2020-09-07	697620.00000000,3776457.00000000,698388.00000000,3777225.00000000
train	002356	lower__20200911_160153_83_2235_3B_AnalyticMS_SR_8b_clip	pm5__20200905_20200924__0025	/scrfs/storage/yikebe/home/research/AR_Crop_Identification/make_dataset/raw_sentinel/pm5/pm5__20200905_20200924__0025	2020-09-07	698388.00000000,3776457.00000000,699156.00000000,3777225.00000000
train	002372	lower__20200911_160153_83_2235_3B_AnalyticMS_SR_8b_clip	pm5__20200905_20200924__0025	/scrfs/storage/yikebe/home/research/AR_Crop_Identification/make_dataset/raw_sentinel/pm5/pm5__20200905_20200924__0025	2020-09-07	699924.00000000,3776457.00000000,700692.00000000,3777225.00000000
train	002388	lower__20200911_160153_83_2235_3B_AnalyticMS_SR_8b_clip	pm5__20200905_20200924__0025	/scrfs/storage/yikebe/home/research/AR_Crop_Identification/make_dataset/raw_sentinel/pm5/pm5__20200905_20200924__0025	2020-09-07	700692.00000000,3776457.00000000,701460.00000000,3777225.00000000
train	002404	lower__20200911_160153_83_2235_3B_AnalyticMS_SR_8b_clip	pm5__20200905_20200924__0025	/scrfs/storage/yikebe/home/research/AR_Crop_Identification/make_dataset/raw_sentinel/pm5/pm5__20200905_20200924__0025	2020-09-07	705300.00000000,3775689.00000000,706068.00000000,3776457.00000000
train	002420	lower__20200911_160153_83_2235_3B_AnalyticMS_SR_8b_clip	pm5__20200905_20200924__0025	/scrfs/storage/yikebe/home/research/AR_Crop_Identification/make_dataset/raw_sentinel/pm5/pm5__20200905_20200924__0025	2020-09-07	700692.00000000,3774921.00000000,701460.00000000,3775689.00000000
train	002436	lower__20200911_160153_83_2235_3B_AnalyticMS_SR_8b_clip	pm5__20200905_20200924__0025	/scrfs/storage/yikebe/home/research/AR_Crop_Identification/make_dataset/raw_sentinel/pm5/pm5__20200905_20200924__0025	2020-09-07	706068.00000000,3774921.00000000,706836.00000000,3775689.00000000
train	002452	lower__20200911_160153_83_2235_3B_AnalyticMS_SR_8b_clip	pm5__20200905_20200924__0025	/scrfs/storage/yikebe/home/research/AR_Crop_Identification/make_dataset/raw_sentinel/pm5/pm5__20200905_20200924__0025	2020-09-07	713748.00000000,3774153.00000000,714516.00000000,3774921.00000000
train	002468	lower__20200911_160153_83_2235_3B_AnalyticMS_SR_8b_clip	pm5__20200905_20200924__0025	/scrfs/storage/yikebe/home/research/AR_Crop_Identification/make_dataset/raw_sentinel/pm5/pm5__20200905_20200924__0025	2020-09-07	708372.00000000,3773385.00000000,709140.00000000,3774153.00000000
train	002484	lower__20200911_160153_83_2235_3B_AnalyticMS_SR_8b_clip	pm5__20200905_20200924__0025	/scrfs/storage/yikebe/home/research/AR_Crop_Identification/make_dataset/raw_sentinel/pm5/pm5__20200905_20200924__0025	2020-09-07	712980.00000000,3773385.00000000,713748.00000000,3774153.00000000
train	002500	lower__20200911_160153_83_2235_3B_AnalyticMS_SR_8b_clip	pm5__20200905_20200924__0025	/scrfs/storage/yikebe/home/research/AR_Crop_Identification/make_dataset/raw_sentinel/pm5/pm5__20200905_20200924__0025	2020-09-07	713748.00000000,3773385.00000000,714516.00000000,3774153.00000000
train	002516	lower__20200911_160153_83_2235_3B_AnalyticMS_SR_8b_clip	pm5__20200905_20200924__0025	/scrfs/storage/yikebe/home/research/AR_Crop_Identification/make_dataset/raw_sentinel/pm5/pm5__20200905_20200924__0025	2020-09-07	716820.00000000,3773385.00000000,717588.00000000,3774153.00000000
train	002532	lower__20200911_160153_83_2235_3B_AnalyticMS_SR_8b_clip	pm5__20200905_20200924__0025	/scrfs/storage/yikebe/home/research/AR_Crop_Identification/make_dataset/raw_sentinel/pm5/pm5__20200905_20200924__0025	2020-09-07	722196.00000000,3773385.00000000,722964.00000000,3774153.00000000
train	002548	lower__20200911_160153_83_2235_3B_AnalyticMS_SR_8b_clip	pm5__20200905_20200924__0025	/scrfs/storage/yikebe/home/research/AR_Crop_Identification/make_dataset/raw_sentinel/pm5/pm5__20200905_20200924__0025	2020-09-07	712980.00000000,3772617.00000000,713748.00000000,3773385.00000000
train	002564	lower__20200911_160153_83_2235_3B_AnalyticMS_SR_8b_clip	pm5__20200905_20200924__0025	/scrfs/storage/yikebe/home/research/AR_Crop_Identification/make_dataset/raw_sentinel/pm5/pm5__20200905_20200924__0025	2020-09-07	713748.00000000,3772617.00000000,714516.00000000,3773385.00000000
train	002580	lower__20200911_160153_83_2235_3B_AnalyticMS_SR_8b_clip	pm5__20200905_20200924__0025	/scrfs/storage/yikebe/home/research/AR_Crop_Identification/make_dataset/raw_sentinel/pm5/pm5__20200905_20200924__0025	2020-09-07	716820.00000000,3772617.00000000,717588.00000000,3773385.00000000
train	002596	lower__20200911_160153_83_2235_3B_AnalyticMS_SR_8b_clip	pm5__20200905_20200924__0025	/scrfs/storage/yikebe/home/research/AR_Crop_Identification/make_dataset/raw_sentinel/pm5/pm5__20200905_20200924__0025	2020-09-07	717588.00000000,3772617.00000000,718356.00000000,3773385.00000000
train	002612	lower__20200911_160153_83_2235_3B_AnalyticMS_SR_8b_clip	pm5__20200905_20200924__0025	/scrfs/storage/yikebe/home/research/AR_Crop_Identification/make_dataset/raw_sentinel/pm5/pm5__20200905_20200924__0025	2020-09-07	721428.00000000,3772617.00000000,722196.00000000,3773385.00000000
train	002628	lower__20200911_160153_83_2235_3B_AnalyticMS_SR_8b_clip	pm5__20200905_20200924__0025	/scrfs/storage/yikebe/home/research/AR_Crop_Identification/make_dataset/raw_sentinel/pm5/pm5__20200905_20200924__0025	2020-09-07	713748.00000000,3771849.00000000,714516.00000000,3772617.00000000
train	002644	lower__20200911_160153_83_2235_3B_AnalyticMS_SR_8b_clip	pm5__20200905_20200924__0025	/scrfs/storage/yikebe/home/research/AR_Crop_Identification/make_dataset/raw_sentinel/pm5/pm5__20200905_20200924__0025	2020-09-07	717588.00000000,3771849.00000000,718356.00000000,3772617.00000000
train	002660	lower__20200911_160153_83_2235_3B_AnalyticMS_SR_8b_clip	pm5__20200905_20200924__0025	/scrfs/storage/yikebe/home/research/AR_Crop_Identification/make_dataset/raw_sentinel/pm5/pm5__20200905_20200924__0025	2020-09-07	723732.00000000,3771849.00000000,724500.00000000,3772617.00000000
train	002676	lower__20200911_160153_83_2235_3B_AnalyticMS_SR_8b_clip	pm5__20200905_20200924__0025	/scrfs/storage/yikebe/home/research/AR_Crop_Identification/make_dataset/raw_sentinel/pm5/pm5__20200905_20200924__0025	2020-09-07	696852.00000000,3771081.00000000,697620.00000000,3771849.00000000
train	002692	lower__20200911_160153_83_2235_3B_AnalyticMS_SR_8b_clip	pm5__20200905_20200924__0025	/scrfs/storage/yikebe/home/research/AR_Crop_Identification/make_dataset/raw_sentinel/pm5/pm5__20200905_20200924__0025	2020-09-07	701460.00000000,3771081.00000000,702228.00000000,3771849.00000000
train	002708	lower__20200911_160153_83_2235_3B_AnalyticMS_SR_8b_clip	pm5__20200905_20200924__0025	/scrfs/storage/yikebe/home/research/AR_Crop_Identification/make_dataset/raw_sentinel/pm5/pm5__20200905_20200924__0025	2020-09-07	703764.00000000,3771081.00000000,704532.00000000,3771849.00000000
train	002724	lower__20200911_160153_83_2235_3B_AnalyticMS_SR_8b_clip	pm5__20200905_20200924__0025	/scrfs/storage/yikebe/home/research/AR_Crop_Identification/make_dataset/raw_sentinel/pm5/pm5__20200905_20200924__0025	2020-09-07	713748.00000000,3771081.00000000,714516.00000000,3771849.00000000
train	002740	lower__20200911_160153_83_2235_3B_AnalyticMS_SR_8b_clip	pm5__20200905_20200924__0025	/scrfs/storage/yikebe/home/research/AR_Crop_Identification/make_dataset/raw_sentinel/pm5/pm5__20200905_20200924__0025	2020-09-07	714516.00000000,3771081.00000000,715284.00000000,3771849.00000000
train	002756	lower__20200911_160153_83_2235_3B_AnalyticMS_SR_8b_clip	pm5__20200905_20200924__0025	/scrfs/storage/yikebe/home/research/AR_Crop_Identification/make_dataset/raw_sentinel/pm5/pm5__20200905_20200924__0025	2020-09-07	717588.00000000,3770313.00000000,718356.00000000,3771081.00000000
train	002772	lower__20200911_160153_83_2235_3B_AnalyticMS_SR_8b_clip	pm5__20200905_20200924__0025	/scrfs/storage/yikebe/home/research/AR_Crop_Identification/make_dataset/raw_sentinel/pm5/pm5__20200905_20200924__0025	2020-09-07	720660.00000000,3770313.00000000,721428.00000000,3771081.00000000
train	002788	lower__20200911_160153_83_2235_3B_AnalyticMS_SR_8b_clip	pm5__20200905_20200924__0025	/scrfs/storage/yikebe/home/research/AR_Crop_Identification/make_dataset/raw_sentinel/pm5/pm5__20200905_20200924__0025	2020-09-07	721428.00000000,3770313.00000000,722196.00000000,3771081.00000000
train	002804	lower__20200911_160153_83_2235_3B_AnalyticMS_SR_8b_clip	pm5__20200905_20200924__0025	/scrfs/storage/yikebe/home/research/AR_Crop_Identification/make_dataset/raw_sentinel/pm5/pm5__20200905_20200924__0025	2020-09-07	722196.00000000,3770313.00000000,722964.00000000,3771081.00000000
train	002820	lower__20200911_160153_83_2235_3B_AnalyticMS_SR_8b_clip	pm5__20200905_20200924__0025	/scrfs/storage/yikebe/home/research/AR_Crop_Identification/make_dataset/raw_sentinel/pm5/pm5__20200905_20200924__0025	2020-09-07	722964.00000000,3770313.00000000,723732.00000000,3771081.00000000
train	002836	lower__20200911_160153_83_2235_3B_AnalyticMS_SR_8b_clip	pm5__20200905_20200924__0025	/scrfs/storage/yikebe/home/research/AR_Crop_Identification/make_dataset/raw_sentinel/pm5/pm5__20200905_20200924__0025	2020-09-07	726036.00000000,3770313.00000000,726804.00000000,3771081.00000000
train	002852	lower__20200911_160153_83_2235_3B_AnalyticMS_SR_8b_clip	pm5__20200905_20200924__0025	/scrfs/storage/yikebe/home/research/AR_Crop_Identification/make_dataset/raw_sentinel/pm5/pm5__20200905_20200924__0025	2020-09-07	693780.00000000,3769545.00000000,694548.00000000,3770313.00000000
train	002868	lower__20200911_160153_83_2235_3B_AnalyticMS_SR_8b_clip	pm5__20200905_20200924__0025	/scrfs/storage/yikebe/home/research/AR_Crop_Identification/make_dataset/raw_sentinel/pm5/pm5__20200905_20200924__0025	2020-09-07	694548.00000000,3769545.00000000,695316.00000000,3770313.00000000
train	002884	lower__20200911_160153_83_2235_3B_AnalyticMS_SR_8b_clip	pm5__20200905_20200924__0025	/scrfs/storage/yikebe/home/research/AR_Crop_Identification/make_dataset/raw_sentinel/pm5/pm5__20200905_20200924__0025	2020-09-07	714516.00000000,3769545.00000000,715284.00000000,3770313.00000000
train	002900	lower__20200911_160153_83_2235_3B_AnalyticMS_SR_8b_clip	pm5__20200905_20200924__0025	/scrfs/storage/yikebe/home/research/AR_Crop_Identification/make_dataset/raw_sentinel/pm5/pm5__20200905_20200924__0025	2020-09-07	725268.00000000,3769545.00000000,726036.00000000,3770313.00000000
train	002916	lower__20200911_160153_83_2235_3B_AnalyticMS_SR_8b_clip	pm5__20200905_20200924__0025	/scrfs/storage/yikebe/home/research/AR_Crop_Identification/make_dataset/raw_sentinel/pm5/pm5__20200905_20200924__0025	2020-09-07	726036.00000000,3769545.00000000,726804.00000000,3770313.00000000
train	002932	lower__20200911_160153_83_2235_3B_AnalyticMS_SR_8b_clip	pm5__20200905_20200924__0025	/scrfs/storage/yikebe/home/research/AR_Crop_Identification/make_dataset/raw_sentinel/pm5/pm5__20200905_20200924__0025	2020-09-07	715284.00000000,3768777.00000000,716052.00000000,3769545.00000000
train	002948	lower__20200911_160153_83_2235_3B_AnalyticMS_SR_8b_clip	pm5__20200905_20200924__0025	/scrfs/storage/yikebe/home/research/AR_Crop_Identification/make_dataset/raw_sentinel/pm5/pm5__20200905_20200924__0025	2020-09-07	716052.00000000,3768777.00000000,716820.00000000,3769545.00000000
train	002964	lower__20200911_160153_83_2235_3B_AnalyticMS_SR_8b_clip	pm5__20200905_20200924__0025	/scrfs/storage/yikebe/home/research/AR_Crop_Identification/make_dataset/raw_sentinel/pm5/pm5__20200905_20200924__0025	2020-09-07	716820.00000000,3768777.00000000,717588.00000000,3769545.00000000
train	002980	lower__20200911_160153_83_2235_3B_AnalyticMS_SR_8b_clip	pm5__20200905_20200924__0025	/scrfs/storage/yikebe/home/research/AR_Crop_Identification/make_dataset/raw_sentinel/pm5/pm5__20200905_20200924__0025	2020-09-07	717588.00000000,3768777.00000000,718356.00000000,3769545.00000000
train	002996	lower__20200911_160153_83_2235_3B_AnalyticMS_SR_8b_clip	pm5__20200905_20200924__0025	/scrfs/storage/yikebe/home/research/AR_Crop_Identification/make_dataset/raw_sentinel/pm5/pm5__20200905_20200924__0025	2020-09-07	693780.00000000,3768009.00000000,694548.00000000,3768777.00000000
train	003012	lower__20200911_160153_83_2235_3B_AnalyticMS_SR_8b_clip	pm5__20200905_20200924__0025	/scrfs/storage/yikebe/home/research/AR_Crop_Identification/make_dataset/raw_sentinel/pm5/pm5__20200905_20200924__0025	2020-09-07	694548.00000000,3768009.00000000,695316.00000000,3768777.00000000
train	003028	lower__20200911_160153_83_2235_3B_AnalyticMS_SR_8b_clip	pm5__20200905_20200924__0025	/scrfs/storage/yikebe/home/research/AR_Crop_Identification/make_dataset/raw_sentinel/pm5/pm5__20200905_20200924__0025	2020-09-07	713748.00000000,3768009.00000000,714516.00000000,3768777.00000000
train	003044	lower__20200911_160153_83_2235_3B_AnalyticMS_SR_8b_clip	pm5__20200905_20200924__0025	/scrfs/storage/yikebe/home/research/AR_Crop_Identification/make_dataset/raw_sentinel/pm5/pm5__20200905_20200924__0025	2020-09-07	715284.00000000,3768009.00000000,716052.00000000,3768777.00000000
train	003060	lower__20200911_160153_83_2235_3B_AnalyticMS_SR_8b_clip	pm5__20200905_20200924__0025	/scrfs/storage/yikebe/home/research/AR_Crop_Identification/make_dataset/raw_sentinel/pm5/pm5__20200905_20200924__0025	2020-09-07	724500.00000000,3768009.00000000,725268.00000000,3768777.00000000
train	003076	lower__20200911_160153_83_2235_3B_AnalyticMS_SR_8b_clip	pm5__20200905_20200924__0025	/scrfs/storage/yikebe/home/research/AR_Crop_Identification/make_dataset/raw_sentinel/pm5/pm5__20200905_20200924__0025	2020-09-07	701460.00000000,3767241.00000000,702228.00000000,3768009.00000000
train	003092	lower__20200911_160153_83_2235_3B_AnalyticMS_SR_8b_clip	pm5__20200905_20200924__0025	/scrfs/storage/yikebe/home/research/AR_Crop_Identification/make_dataset/raw_sentinel/pm5/pm5__20200905_20200924__0025	2020-09-07	715284.00000000,3767241.00000000,716052.00000000,3768009.00000000
train	003108	lower__20200911_160153_83_2235_3B_AnalyticMS_SR_8b_clip	pm5__20200905_20200924__0025	/scrfs/storage/yikebe/home/research/AR_Crop_Identification/make_dataset/raw_sentinel/pm5/pm5__20200905_20200924__0025	2020-09-07	716052.00000000,3767241.00000000,716820.00000000,3768009.00000000
train	003124	lower__20200911_160153_83_2235_3B_AnalyticMS_SR_8b_clip	pm5__20200905_20200924__0025	/scrfs/storage/yikebe/home/research/AR_Crop_Identification/make_dataset/raw_sentinel/pm5/pm5__20200905_20200924__0025	2020-09-07	716820.00000000,3767241.00000000,717588.00000000,3768009.00000000
train	003140	lower__20200911_160153_83_2235_3B_AnalyticMS_SR_8b_clip	pm5__20200905_20200924__0025	/scrfs/storage/yikebe/home/research/AR_Crop_Identification/make_dataset/raw_sentinel/pm5/pm5__20200905_20200924__0025	2020-09-07	719892.00000000,3767241.00000000,720660.00000000,3768009.00000000
train	003156	lower__20200911_160153_83_2235_3B_AnalyticMS_SR_8b_clip	pm5__20200905_20200924__0025	/scrfs/storage/yikebe/home/research/AR_Crop_Identification/make_dataset/raw_sentinel/pm5/pm5__20200905_20200924__0025	2020-09-07	721428.00000000,3767241.00000000,722196.00000000,3768009.00000000
train	003172	lower__20200911_160153_83_2235_3B_AnalyticMS_SR_8b_clip	pm5__20200905_20200924__0025	/scrfs/storage/yikebe/home/research/AR_Crop_Identification/make_dataset/raw_sentinel/pm5/pm5__20200905_20200924__0025	2020-09-07	722196.00000000,3767241.00000000,722964.00000000,3768009.00000000
train	003188	lower__20200911_160153_83_2235_3B_AnalyticMS_SR_8b_clip	pm5__20200905_20200924__0025	/scrfs/storage/yikebe/home/research/AR_Crop_Identification/make_dataset/raw_sentinel/pm5/pm5__20200905_20200924__0025	2020-09-07	722964.00000000,3767241.00000000,723732.00000000,3768009.00000000
train	003204	lower__20200911_160153_83_2235_3B_AnalyticMS_SR_8b_clip	pm5__20200905_20200924__0025	/scrfs/storage/yikebe/home/research/AR_Crop_Identification/make_dataset/raw_sentinel/pm5/pm5__20200905_20200924__0025	2020-09-07	708372.00000000,3766473.00000000,709140.00000000,3767241.00000000
train	003220	lower__20200911_160153_83_2235_3B_AnalyticMS_SR_8b_clip	pm5__20200905_20200924__0025	/scrfs/storage/yikebe/home/research/AR_Crop_Identification/make_dataset/raw_sentinel/pm5/pm5__20200905_20200924__0025	2020-09-07	714516.00000000,3766473.00000000,715284.00000000,3767241.00000000
train	003236	lower__20200911_160153_83_2235_3B_AnalyticMS_SR_8b_clip	pm5__20200905_20200924__0025	/scrfs/storage/yikebe/home/research/AR_Crop_Identification/make_dataset/raw_sentinel/pm5/pm5__20200905_20200924__0025	2020-09-07	719892.00000000,3766473.00000000,720660.00000000,3767241.00000000
train	003252	lower__20200911_160153_83_2235_3B_AnalyticMS_SR_8b_clip	pm5__20200905_20200924__0025	/scrfs/storage/yikebe/home/research/AR_Crop_Identification/make_dataset/raw_sentinel/pm5/pm5__20200905_20200924__0025	2020-09-07	720660.00000000,3766473.00000000,721428.00000000,3767241.00000000
train	003268	lower__20200911_160153_83_2235_3B_AnalyticMS_SR_8b_clip	pm5__20200905_20200924__0025	/scrfs/storage/yikebe/home/research/AR_Crop_Identification/make_dataset/raw_sentinel/pm5/pm5__20200905_20200924__0025	2020-09-07	721428.00000000,3766473.00000000,722196.00000000,3767241.00000000
train	003284	lower__20200911_160153_83_2235_3B_AnalyticMS_SR_8b_clip	pm5__20200905_20200924__0025	/scrfs/storage/yikebe/home/research/AR_Crop_Identification/make_dataset/raw_sentinel/pm5/pm5__20200905_20200924__0025	2020-09-07	722196.00000000,3766473.00000000,722964.00000000,3767241.00000000
train	003300	lower__20200911_160153_83_2235_3B_AnalyticMS_SR_8b_clip	pm5__20200905_20200924__0025	/scrfs/storage/yikebe/home/research/AR_Crop_Identification/make_dataset/raw_sentinel/pm5/pm5__20200905_20200924__0025	2020-09-07	695316.00000000,3765705.00000000,696084.00000000,3766473.00000000
train	003316	lower__20200911_160153_83_2235_3B_AnalyticMS_SR_8b_clip	pm5__20200905_20200924__0025	/scrfs/storage/yikebe/home/research/AR_Crop_Identification/make_dataset/raw_sentinel/pm5/pm5__20200905_20200924__0025	2020-09-07	719124.00000000,3765705.00000000,719892.00000000,3766473.00000000
train	003332	lower__20200911_160153_83_2235_3B_AnalyticMS_SR_8b_clip	pm5__20200905_20200924__0025	/scrfs/storage/yikebe/home/research/AR_Crop_Identification/make_dataset/raw_sentinel/pm5/pm5__20200905_20200924__0025	2020-09-07	719892.00000000,3765705.00000000,720660.00000000,3766473.00000000
train	003348	lower__20200911_160153_83_2235_3B_AnalyticMS_SR_8b_clip	pm5__20200905_20200924__0025	/scrfs/storage/yikebe/home/research/AR_Crop_Identification/make_dataset/raw_sentinel/pm5/pm5__20200905_20200924__0025	2020-09-07	720660.00000000,3765705.00000000,721428.00000000,3766473.00000000
train	003364	lower__20200911_160153_83_2235_3B_AnalyticMS_SR_8b_clip	pm5__20200905_20200924__0025	/scrfs/storage/yikebe/home/research/AR_Crop_Identification/make_dataset/raw_sentinel/pm5/pm5__20200905_20200924__0025	2020-09-07	721428.00000000,3765705.00000000,722196.00000000,3766473.00000000
train	003380	lower__20200911_160153_83_2235_3B_AnalyticMS_SR_8b_clip	pm5__20200905_20200924__0025	/scrfs/storage/yikebe/home/research/AR_Crop_Identification/make_dataset/raw_sentinel/pm5/pm5__20200905_20200924__0025	2020-09-07	722196.00000000,3765705.00000000,722964.00000000,3766473.00000000
train	003396	lower__20200911_160153_83_2235_3B_AnalyticMS_SR_8b_clip	pm5__20200905_20200924__0025	/scrfs/storage/yikebe/home/research/AR_Crop_Identification/make_dataset/raw_sentinel/pm5/pm5__20200905_20200924__0025	2020-09-07	722964.00000000,3765705.00000000,723732.00000000,3766473.00000000
train	003412	lower__20200911_160153_83_2235_3B_AnalyticMS_SR_8b_clip	pm5__20200905_20200924__0025	/scrfs/storage/yikebe/home/research/AR_Crop_Identification/make_dataset/raw_sentinel/pm5/pm5__20200905_20200924__0025	2020-09-07	723732.00000000,3765705.00000000,724500.00000000,3766473.00000000
train	003428	lower__20200911_160153_83_2235_3B_AnalyticMS_SR_8b_clip	pm5__20200905_20200924__0025	/scrfs/storage/yikebe/home/research/AR_Crop_Identification/make_dataset/raw_sentinel/pm5/pm5__20200905_20200924__0025	2020-09-07	725268.00000000,3765705.00000000,726036.00000000,3766473.00000000
train	003444	lower__20200911_160153_83_2235_3B_AnalyticMS_SR_8b_clip	pm5__20200905_20200924__0025	/scrfs/storage/yikebe/home/research/AR_Crop_Identification/make_dataset/raw_sentinel/pm5/pm5__20200905_20200924__0025	2020-09-07	692244.00000000,3764937.00000000,693012.00000000,3765705.00000000
train	003460	lower__20200911_160153_83_2235_3B_AnalyticMS_SR_8b_clip	pm5__20200905_20200924__0025	/scrfs/storage/yikebe/home/research/AR_Crop_Identification/make_dataset/raw_sentinel/pm5/pm5__20200905_20200924__0025	2020-09-07	693780.00000000,3764937.00000000,694548.00000000,3765705.00000000
train	003476	lower__20200911_160153_83_2235_3B_AnalyticMS_SR_8b_clip	pm5__20200905_20200924__0025	/scrfs/storage/yikebe/home/research/AR_Crop_Identification/make_dataset/raw_sentinel/pm5/pm5__20200905_20200924__0025	2020-09-07	694548.00000000,3764937.00000000,695316.00000000,3765705.00000000
train	003492	lower__20200911_160153_83_2235_3B_AnalyticMS_SR_8b_clip	pm5__20200905_20200924__0025	/scrfs/storage/yikebe/home/research/AR_Crop_Identification/make_dataset/raw_sentinel/pm5/pm5__20200905_20200924__0025	2020-09-07	699156.00000000,3764937.00000000,699924.00000000,3765705.00000000
train	003508	lower__20200911_160153_83_2235_3B_AnalyticMS_SR_8b_clip	pm5__20200905_20200924__0025	/scrfs/storage/yikebe/home/research/AR_Crop_Identification/make_dataset/raw_sentinel/pm5/pm5__20200905_20200924__0025	2020-09-07	705300.00000000,3764937.00000000,706068.00000000,3765705.00000000
train	003524	lower__20200911_160153_83_2235_3B_AnalyticMS_SR_8b_clip	pm5__20200905_20200924__0025	/scrfs/storage/yikebe/home/research/AR_Crop_Identification/make_dataset/raw_sentinel/pm5/pm5__20200905_20200924__0025	2020-09-07	717588.00000000,3764937.00000000,718356.00000000,3765705.00000000
train	003540	lower__20200911_160153_83_2235_3B_AnalyticMS_SR_8b_clip	pm5__20200905_20200924__0025	/scrfs/storage/yikebe/home/research/AR_Crop_Identification/make_dataset/raw_sentinel/pm5/pm5__20200905_20200924__0025	2020-09-07	719892.00000000,3764937.00000000,720660.00000000,3765705.00000000
train	003556	lower__20200911_160153_83_2235_3B_AnalyticMS_SR_8b_clip	pm5__20200905_20200924__0025	/scrfs/storage/yikebe/home/research/AR_Crop_Identification/make_dataset/raw_sentinel/pm5/pm5__20200905_20200924__0025	2020-09-07	720660.00000000,3764937.00000000,721428.00000000,3765705.00000000
train	003572	lower__20200911_160153_83_2235_3B_AnalyticMS_SR_8b_clip	pm5__20200905_20200924__0025	/scrfs/storage/yikebe/home/research/AR_Crop_Identification/make_dataset/raw_sentinel/pm5/pm5__20200905_20200924__0025	2020-09-07	721428.00000000,3764937.00000000,722196.00000000,3765705.00000000
train	003588	lower__20200911_160153_83_2235_3B_AnalyticMS_SR_8b_clip	pm5__20200905_20200924__0025	/scrfs/storage/yikebe/home/research/AR_Crop_Identification/make_dataset/raw_sentinel/pm5/pm5__20200905_20200924__0025	2020-09-07	722196.00000000,3764937.00000000,722964.00000000,3765705.00000000
train	003604	lower__20200911_160153_83_2235_3B_AnalyticMS_SR_8b_clip	pm5__20200905_20200924__0025	/scrfs/storage/yikebe/home/research/AR_Crop_Identification/make_dataset/raw_sentinel/pm5/pm5__20200905_20200924__0025	2020-09-07	722964.00000000,3764937.00000000,723732.00000000,3765705.00000000
train	003620	lower__20200911_160153_83_2235_3B_AnalyticMS_SR_8b_clip	pm5__20200905_20200924__0025	/scrfs/storage/yikebe/home/research/AR_Crop_Identification/make_dataset/raw_sentinel/pm5/pm5__20200905_20200924__0025	2020-09-07	723732.00000000,3764937.00000000,724500.00000000,3765705.00000000
train	003636	lower__20200911_160153_83_2235_3B_AnalyticMS_SR_8b_clip	pm5__20200905_20200924__0025	/scrfs/storage/yikebe/home/research/AR_Crop_Identification/make_dataset/raw_sentinel/pm5/pm5__20200905_20200924__0025	2020-09-07	693780.00000000,3764169.00000000,694548.00000000,3764937.00000000
train	003652	lower__20200911_160153_83_2235_3B_AnalyticMS_SR_8b_clip	pm5__20200905_20200924__0025	/scrfs/storage/yikebe/home/research/AR_Crop_Identification/make_dataset/raw_sentinel/pm5/pm5__20200905_20200924__0025	2020-09-07	705300.00000000,3764169.00000000,706068.00000000,3764937.00000000
train	003668	lower__20200911_160153_83_2235_3B_AnalyticMS_SR_8b_clip	pm5__20200905_20200924__0025	/scrfs/storage/yikebe/home/research/AR_Crop_Identification/make_dataset/raw_sentinel/pm5/pm5__20200905_20200924__0025	2020-09-07	709908.00000000,3764169.00000000,710676.00000000,3764937.00000000
train	003684	lower__20200911_160153_83_2235_3B_AnalyticMS_SR_8b_clip	pm5__20200905_20200924__0025	/scrfs/storage/yikebe/home/research/AR_Crop_Identification/make_dataset/raw_sentinel/pm5/pm5__20200905_20200924__0025	2020-09-07	719124.00000000,3764169.00000000,719892.00000000,3764937.00000000
train	003700	lower__20200911_160153_83_2235_3B_AnalyticMS_SR_8b_clip	pm5__20200905_20200924__0025	/scrfs/storage/yikebe/home/research/AR_Crop_Identification/make_dataset/raw_sentinel/pm5/pm5__20200905_20200924__0025	2020-09-07	719892.00000000,3764169.00000000,720660.00000000,3764937.00000000
train	003716	lower__20200911_160153_83_2235_3B_AnalyticMS_SR_8b_clip	pm5__20200905_20200924__0025	/scrfs/storage/yikebe/home/research/AR_Crop_Identification/make_dataset/raw_sentinel/pm5/pm5__20200905_20200924__0025	2020-09-07	720660.00000000,3764169.00000000,721428.00000000,3764937.00000000
train	003732	lower__20200911_160153_83_2235_3B_AnalyticMS_SR_8b_clip	pm5__20200905_20200924__0025	/scrfs/storage/yikebe/home/research/AR_Crop_Identification/make_dataset/raw_sentinel/pm5/pm5__20200905_20200924__0025	2020-09-07	721428.00000000,3764169.00000000,722196.00000000,3764937.00000000
train	003748	lower__20200911_160153_83_2235_3B_AnalyticMS_SR_8b_clip	pm5__20200905_20200924__0025	/scrfs/storage/yikebe/home/research/AR_Crop_Identification/make_dataset/raw_sentinel/pm5/pm5__20200905_20200924__0025	2020-09-07	722196.00000000,3764169.00000000,722964.00000000,3764937.00000000
train	003764	lower__20200911_160153_83_2235_3B_AnalyticMS_SR_8b_clip	pm5__20200905_20200924__0025	/scrfs/storage/yikebe/home/research/AR_Crop_Identification/make_dataset/raw_sentinel/pm5/pm5__20200905_20200924__0025	2020-09-07	722964.00000000,3764169.00000000,723732.00000000,3764937.00000000
train	003780	lower__20200911_160153_83_2235_3B_AnalyticMS_SR_8b_clip	pm5__20200905_20200924__0025	/scrfs/storage/yikebe/home/research/AR_Crop_Identification/make_dataset/raw_sentinel/pm5/pm5__20200905_20200924__0025	2020-09-07	723732.00000000,3764169.00000000,724500.00000000,3764937.00000000
train	003796	lower__20200911_160153_83_2235_3B_AnalyticMS_SR_8b_clip	pm5__20200905_20200924__0025	/scrfs/storage/yikebe/home/research/AR_Crop_Identification/make_dataset/raw_sentinel/pm5/pm5__20200905_20200924__0025	2020-09-07	724500.00000000,3764169.00000000,725268.00000000,3764937.00000000
train	003812	lower__20200911_160153_83_2235_3B_AnalyticMS_SR_8b_clip	pm5__20200905_20200924__0025	/scrfs/storage/yikebe/home/research/AR_Crop_Identification/make_dataset/raw_sentinel/pm5/pm5__20200905_20200924__0025	2020-09-07	692244.00000000,3763401.00000000,693012.00000000,3764169.00000000
train	003828	lower__20200911_160153_83_2235_3B_AnalyticMS_SR_8b_clip	pm5__20200905_20200924__0025	/scrfs/storage/yikebe/home/research/AR_Crop_Identification/make_dataset/raw_sentinel/pm5/pm5__20200905_20200924__0025	2020-09-07	693012.00000000,3763401.00000000,693780.00000000,3764169.00000000
train	003844	lower__20200911_160153_83_2235_3B_AnalyticMS_SR_8b_clip	pm5__20200905_20200924__0025	/scrfs/storage/yikebe/home/research/AR_Crop_Identification/make_dataset/raw_sentinel/pm5/pm5__20200905_20200924__0025	2020-09-07	695316.00000000,3763401.00000000,696084.00000000,3764169.00000000
train	003860	lower__20200911_160153_83_2235_3B_AnalyticMS_SR_8b_clip	pm5__20200905_20200924__0025	/scrfs/storage/yikebe/home/research/AR_Crop_Identification/make_dataset/raw_sentinel/pm5/pm5__20200905_20200924__0025	2020-09-07	720660.00000000,3763401.00000000,721428.00000000,3764169.00000000
train	003876	lower__20200911_160153_83_2235_3B_AnalyticMS_SR_8b_clip	pm5__20200905_20200924__0025	/scrfs/storage/yikebe/home/research/AR_Crop_Identification/make_dataset/raw_sentinel/pm5/pm5__20200905_20200924__0025	2020-09-07	721428.00000000,3763401.00000000,722196.00000000,3764169.00000000
train	003892	lower__20200911_160153_83_2235_3B_AnalyticMS_SR_8b_clip	pm5__20200905_20200924__0025	/scrfs/storage/yikebe/home/research/AR_Crop_Identification/make_dataset/raw_sentinel/pm5/pm5__20200905_20200924__0025	2020-09-07	722196.00000000,3763401.00000000,722964.00000000,3764169.00000000
train	003908	lower__20200911_160153_83_2235_3B_AnalyticMS_SR_8b_clip	pm5__20200905_20200924__0025	/scrfs/storage/yikebe/home/research/AR_Crop_Identification/make_dataset/raw_sentinel/pm5/pm5__20200905_20200924__0025	2020-09-07	722964.00000000,3763401.00000000,723732.00000000,3764169.00000000
train	003924	lower__20200911_160153_83_2235_3B_AnalyticMS_SR_8b_clip	pm5__20200905_20200924__0025	/scrfs/storage/yikebe/home/research/AR_Crop_Identification/make_dataset/raw_sentinel/pm5/pm5__20200905_20200924__0025	2020-09-07	723732.00000000,3763401.00000000,724500.00000000,3764169.00000000
train	003940	lower__20200911_160153_83_2235_3B_AnalyticMS_SR_8b_clip	pm5__20200905_20200924__0025	/scrfs/storage/yikebe/home/research/AR_Crop_Identification/make_dataset/raw_sentinel/pm5/pm5__20200905_20200924__0025	2020-09-07	692244.00000000,3762633.00000000,693012.00000000,3763401.00000000
train	003956	lower__20200911_160153_83_2235_3B_AnalyticMS_SR_8b_clip	pm5__20200905_20200924__0025	/scrfs/storage/yikebe/home/research/AR_Crop_Identification/make_dataset/raw_sentinel/pm5/pm5__20200905_20200924__0025	2020-09-07	720660.00000000,3762633.00000000,721428.00000000,3763401.00000000
train	003972	lower__20200911_160153_83_2235_3B_AnalyticMS_SR_8b_clip	pm5__20200905_20200924__0025	/scrfs/storage/yikebe/home/research/AR_Crop_Identification/make_dataset/raw_sentinel/pm5/pm5__20200905_20200924__0025	2020-09-07	721428.00000000,3762633.00000000,722196.00000000,3763401.00000000
train	003988	lower__20200911_160153_83_2235_3B_AnalyticMS_SR_8b_clip	pm5__20200905_20200924__0025	/scrfs/storage/yikebe/home/research/AR_Crop_Identification/make_dataset/raw_sentinel/pm5/pm5__20200905_20200924__0025	2020-09-07	722196.00000000,3762633.00000000,722964.00000000,3763401.00000000
train	004004	lower__20200911_160153_83_2235_3B_AnalyticMS_SR_8b_clip	pm5__20200905_20200924__0025	/scrfs/storage/yikebe/home/research/AR_Crop_Identification/make_dataset/raw_sentinel/pm5/pm5__20200905_20200924__0025	2020-09-07	722964.00000000,3762633.00000000,723732.00000000,3763401.00000000
train	004020	lower__20200911_160153_83_2235_3B_AnalyticMS_SR_8b_clip	pm5__20200905_20200924__0025	/scrfs/storage/yikebe/home/research/AR_Crop_Identification/make_dataset/raw_sentinel/pm5/pm5__20200905_20200924__0025	2020-09-07	712980.00000000,3761865.00000000,713748.00000000,3762633.00000000
train	004036	lower__20200911_160153_83_2235_3B_AnalyticMS_SR_8b_clip	pm5__20200905_20200924__0025	/scrfs/storage/yikebe/home/research/AR_Crop_Identification/make_dataset/raw_sentinel/pm5/pm5__20200905_20200924__0025	2020-09-07	713748.00000000,3761865.00000000,714516.00000000,3762633.00000000
train	004052	lower__20200911_160153_83_2235_3B_AnalyticMS_SR_8b_clip	pm5__20200905_20200924__0025	/scrfs/storage/yikebe/home/research/AR_Crop_Identification/make_dataset/raw_sentinel/pm5/pm5__20200905_20200924__0025	2020-09-07	716052.00000000,3761865.00000000,716820.00000000,3762633.00000000
train	004068	lower__20200911_160153_83_2235_3B_AnalyticMS_SR_8b_clip	pm5__20200905_20200924__0025	/scrfs/storage/yikebe/home/research/AR_Crop_Identification/make_dataset/raw_sentinel/pm5/pm5__20200905_20200924__0025	2020-09-07	716820.00000000,3761865.00000000,717588.00000000,3762633.00000000
train	004084	lower__20200911_160153_83_2235_3B_AnalyticMS_SR_8b_clip	pm5__20200905_20200924__0025	/scrfs/storage/yikebe/home/research/AR_Crop_Identification/make_dataset/raw_sentinel/pm5/pm5__20200905_20200924__0025	2020-09-07	719892.00000000,3761865.00000000,720660.00000000,3762633.00000000
train	004100	lower__20200911_160153_83_2235_3B_AnalyticMS_SR_8b_clip	pm5__20200905_20200924__0025	/scrfs/storage/yikebe/home/research/AR_Crop_Identification/make_dataset/raw_sentinel/pm5/pm5__20200905_20200924__0025	2020-09-07	720660.00000000,3761865.00000000,721428.00000000,3762633.00000000
train	004116	lower__20200911_160153_83_2235_3B_AnalyticMS_SR_8b_clip	pm5__20200905_20200924__0025	/scrfs/storage/yikebe/home/research/AR_Crop_Identification/make_dataset/raw_sentinel/pm5/pm5__20200905_20200924__0025	2020-09-07	721428.00000000,3761865.00000000,722196.00000000,3762633.00000000
train	004132	lower__20200911_160153_83_2235_3B_AnalyticMS_SR_8b_clip	pm5__20200905_20200924__0025	/scrfs/storage/yikebe/home/research/AR_Crop_Identification/make_dataset/raw_sentinel/pm5/pm5__20200905_20200924__0025	2020-09-07	722196.00000000,3761865.00000000,722964.00000000,3762633.00000000
train	004148	lower__20200911_160153_83_2235_3B_AnalyticMS_SR_8b_clip	pm5__20200905_20200924__0025	/scrfs/storage/yikebe/home/research/AR_Crop_Identification/make_dataset/raw_sentinel/pm5/pm5__20200905_20200924__0025	2020-09-07	722964.00000000,3761865.00000000,723732.00000000,3762633.00000000
train	004164	lower__20200911_160153_83_2235_3B_AnalyticMS_SR_8b_clip	pm5__20200905_20200924__0025	/scrfs/storage/yikebe/home/research/AR_Crop_Identification/make_dataset/raw_sentinel/pm5/pm5__20200905_20200924__0025	2020-09-07	725268.00000000,3761865.00000000,726036.00000000,3762633.00000000
train	004180	lower__20200911_160153_83_2235_3B_AnalyticMS_SR_8b_clip	pm5__20200905_20200924__0025	/scrfs/storage/yikebe/home/research/AR_Crop_Identification/make_dataset/raw_sentinel/pm5/pm5__20200905_20200924__0025	2020-09-07	698388.00000000,3761097.00000000,699156.00000000,3761865.00000000
train	004196	lower__20200911_160153_83_2235_3B_AnalyticMS_SR_8b_clip	pm5__20200905_20200924__0025	/scrfs/storage/yikebe/home/research/AR_Crop_Identification/make_dataset/raw_sentinel/pm5/pm5__20200905_20200924__0025	2020-09-07	702228.00000000,3761097.00000000,702996.00000000,3761865.00000000
train	004212	lower__20200911_160153_83_2235_3B_AnalyticMS_SR_8b_clip	pm5__20200905_20200924__0025	/scrfs/storage/yikebe/home/research/AR_Crop_Identification/make_dataset/raw_sentinel/pm5/pm5__20200905_20200924__0025	2020-09-07	702996.00000000,3761097.00000000,703764.00000000,3761865.00000000
train	004228	lower__20200911_160153_83_2235_3B_AnalyticMS_SR_8b_clip	pm5__20200905_20200924__0025	/scrfs/storage/yikebe/home/research/AR_Crop_Identification/make_dataset/raw_sentinel/pm5/pm5__20200905_20200924__0025	2020-09-07	712212.00000000,3761097.00000000,712980.00000000,3761865.00000000
train	004244	lower__20200911_160153_83_2235_3B_AnalyticMS_SR_8b_clip	pm5__20200905_20200924__0025	/scrfs/storage/yikebe/home/research/AR_Crop_Identification/make_dataset/raw_sentinel/pm5/pm5__20200905_20200924__0025	2020-09-07	721428.00000000,3761097.00000000,722196.00000000,3761865.00000000
train	004260	lower__20200911_160153_83_2235_3B_AnalyticMS_SR_8b_clip	pm5__20200905_20200924__0025	/scrfs/storage/yikebe/home/research/AR_Crop_Identification/make_dataset/raw_sentinel/pm5/pm5__20200905_20200924__0025	2020-09-07	722196.00000000,3761097.00000000,722964.00000000,3761865.00000000
train	004276	lower__20200911_160153_83_2235_3B_AnalyticMS_SR_8b_clip	pm5__20200905_20200924__0025	/scrfs/storage/yikebe/home/research/AR_Crop_Identification/make_dataset/raw_sentinel/pm5/pm5__20200905_20200924__0025	2020-09-07	722964.00000000,3761097.00000000,723732.00000000,3761865.00000000
train	004292	lower__20200911_160153_83_2235_3B_AnalyticMS_SR_8b_clip	pm5__20200905_20200924__0025	/scrfs/storage/yikebe/home/research/AR_Crop_Identification/make_dataset/raw_sentinel/pm5/pm5__20200905_20200924__0025	2020-09-07	725268.00000000,3761097.00000000,726036.00000000,3761865.00000000
train	004308	lower__20200911_160153_83_2235_3B_AnalyticMS_SR_8b_clip	pm5__20200905_20200924__0025	/scrfs/storage/yikebe/home/research/AR_Crop_Identification/make_dataset/raw_sentinel/pm5/pm5__20200905_20200924__0025	2020-09-07	702228.00000000,3760329.00000000,702996.00000000,3761097.00000000
train	004324	lower__20200911_160153_83_2235_3B_AnalyticMS_SR_8b_clip	pm5__20200905_20200924__0025	/scrfs/storage/yikebe/home/research/AR_Crop_Identification/make_dataset/raw_sentinel/pm5/pm5__20200905_20200924__0025	2020-09-07	715284.00000000,3760329.00000000,716052.00000000,3761097.00000000
train	004340	lower__20200911_160153_83_2235_3B_AnalyticMS_SR_8b_clip	pm5__20200905_20200924__0025	/scrfs/storage/yikebe/home/research/AR_Crop_Identification/make_dataset/raw_sentinel/pm5/pm5__20200905_20200924__0025	2020-09-07	721428.00000000,3760329.00000000,722196.00000000,3761097.00000000
train	004356	lower__20200911_160153_83_2235_3B_AnalyticMS_SR_8b_clip	pm5__20200905_20200924__0025	/scrfs/storage/yikebe/home/research/AR_Crop_Identification/make_dataset/raw_sentinel/pm5/pm5__20200905_20200924__0025	2020-09-07	722196.00000000,3760329.00000000,722964.00000000,3761097.00000000
train	004372	lower__20200911_160153_83_2235_3B_AnalyticMS_SR_8b_clip	pm5__20200905_20200924__0025	/scrfs/storage/yikebe/home/research/AR_Crop_Identification/make_dataset/raw_sentinel/pm5/pm5__20200905_20200924__0025	2020-09-07	722964.00000000,3760329.00000000,723732.00000000,3761097.00000000
train	004388	lower__20200911_160153_83_2235_3B_AnalyticMS_SR_8b_clip	pm5__20200905_20200924__0025	/scrfs/storage/yikebe/home/research/AR_Crop_Identification/make_dataset/raw_sentinel/pm5/pm5__20200905_20200924__0025	2020-09-07	723732.00000000,3760329.00000000,724500.00000000,3761097.00000000
train	004404	lower__20200911_160153_83_2235_3B_AnalyticMS_SR_8b_clip	pm5__20200905_20200924__0025	/scrfs/storage/yikebe/home/research/AR_Crop_Identification/make_dataset/raw_sentinel/pm5/pm5__20200905_20200924__0025	2020-09-07	724500.00000000,3760329.00000000,725268.00000000,3761097.00000000
train	004420	lower__20200911_160153_83_2235_3B_AnalyticMS_SR_8b_clip	pm5__20200905_20200924__0025	/scrfs/storage/yikebe/home/research/AR_Crop_Identification/make_dataset/raw_sentinel/pm5/pm5__20200905_20200924__0025	2020-09-07	717588.00000000,3759561.00000000,718356.00000000,3760329.00000000
train	004436	lower__20200911_160153_83_2235_3B_AnalyticMS_SR_8b_clip	pm5__20200905_20200924__0025	/scrfs/storage/yikebe/home/research/AR_Crop_Identification/make_dataset/raw_sentinel/pm5/pm5__20200905_20200924__0025	2020-09-07	718356.00000000,3759561.00000000,719124.00000000,3760329.00000000
train	004452	lower__20200911_160153_83_2235_3B_AnalyticMS_SR_8b_clip	pm5__20200905_20200924__0025	/scrfs/storage/yikebe/home/research/AR_Crop_Identification/make_dataset/raw_sentinel/pm5/pm5__20200905_20200924__0025	2020-09-07	721428.00000000,3759561.00000000,722196.00000000,3760329.00000000
train	004468	lower__20200911_160153_83_2235_3B_AnalyticMS_SR_8b_clip	pm5__20200905_20200924__0025	/scrfs/storage/yikebe/home/research/AR_Crop_Identification/make_dataset/raw_sentinel/pm5/pm5__20200905_20200924__0025	2020-09-07	722196.00000000,3759561.00000000,722964.00000000,3760329.00000000
train	004484	lower__20200911_160153_83_2235_3B_AnalyticMS_SR_8b_clip	pm5__20200905_20200924__0025	/scrfs/storage/yikebe/home/research/AR_Crop_Identification/make_dataset/raw_sentinel/pm5/pm5__20200905_20200924__0025	2020-09-07	723732.00000000,3759561.00000000,724500.00000000,3760329.00000000
train	004500	lower__20200911_160153_83_2235_3B_AnalyticMS_SR_8b_clip	pm5__20200905_20200924__0025	/scrfs/storage/yikebe/home/research/AR_Crop_Identification/make_dataset/raw_sentinel/pm5/pm5__20200905_20200924__0025	2020-09-07	724500.00000000,3759561.00000000,725268.00000000,3760329.00000000
train	004516	lower__20200911_160153_83_2235_3B_AnalyticMS_SR_8b_clip	pm5__20200905_20200924__0025	/scrfs/storage/yikebe/home/research/AR_Crop_Identification/make_dataset/raw_sentinel/pm5/pm5__20200905_20200924__0025	2020-09-07	717588.00000000,3758793.00000000,718356.00000000,3759561.00000000
train	004532	lower__20200911_160153_83_2235_3B_AnalyticMS_SR_8b_clip	pm5__20200905_20200924__0025	/scrfs/storage/yikebe/home/research/AR_Crop_Identification/make_dataset/raw_sentinel/pm5/pm5__20200905_20200924__0025	2020-09-07	722196.00000000,3758793.00000000,722964.00000000,3759561.00000000
train	004548	lower__20200911_160153_83_2235_3B_AnalyticMS_SR_8b_clip	pm5__20200905_20200924__0025	/scrfs/storage/yikebe/home/research/AR_Crop_Identification/make_dataset/raw_sentinel/pm5/pm5__20200905_20200924__0025	2020-09-07	710676.00000000,3758025.00000000,711444.00000000,3758793.00000000
train	004564	lower__20200911_160153_83_2235_3B_AnalyticMS_SR_8b_clip	pm5__20200905_20200924__0025	/scrfs/storage/yikebe/home/research/AR_Crop_Identification/make_dataset/raw_sentinel/pm5/pm5__20200905_20200924__0025	2020-09-07	722196.00000000,3756489.00000000,722964.00000000,3757257.00000000
train	004580	lower__20200911_160750_08_2277_3B_AnalyticMS_SR_8b_clip	pm5__20200905_20200924__0034	/scrfs/storage/yikebe/home/research/AR_Crop_Identification/make_dataset/raw_sentinel/pm5/pm5__20200905_20200924__0034	2020-09-07	581427.00000000,3653187.00000000,582195.00000000,3653955.00000000
train	004596	lower__20201111_161019_36_2264_3B_AnalyticMS_SR_8b_clip	pm5__20201105_20201124__0080	/scrfs/storage/yikebe/home/research/AR_Crop_Identification/make_dataset/raw_sentinel/pm5/pm5__20201105_20201124__0080	2020-11-11	624765.00000000,3844842.00000000,625533.00000000,3845610.00000000
train	004612	lower__20201111_161019_36_2264_3B_AnalyticMS_SR_8b_clip	pm5__20201105_20201124__0080	/scrfs/storage/yikebe/home/research/AR_Crop_Identification/make_dataset/raw_sentinel/pm5/pm5__20201105_20201124__0080	2020-11-11	630909.00000000,3843306.00000000,631677.00000000,3844074.00000000
train	004628	lower__20201111_161019_36_2264_3B_AnalyticMS_SR_8b_clip	pm5__20201105_20201124__0080	/scrfs/storage/yikebe/home/research/AR_Crop_Identification/make_dataset/raw_sentinel/pm5/pm5__20201105_20201124__0080	2020-11-11	630909.00000000,3840234.00000000,631677.00000000,3841002.00000000
train	004644	lower__20201111_161019_36_2264_3B_AnalyticMS_SR_8b_clip	pm5__20201105_20201124__0080	/scrfs/storage/yikebe/home/research/AR_Crop_Identification/make_dataset/raw_sentinel/pm5/pm5__20201105_20201124__0080	2020-11-11	627837.00000000,3839466.00000000,628605.00000000,3840234.00000000
train	004660	lower__20201111_161019_36_2264_3B_AnalyticMS_SR_8b_clip	pm5__20201105_20201124__0080	/scrfs/storage/yikebe/home/research/AR_Crop_Identification/make_dataset/raw_sentinel/pm5/pm5__20201105_20201124__0080	2020-11-11	637053.00000000,3839466.00000000,637821.00000000,3840234.00000000
train	004676	lower__20201111_161019_36_2264_3B_AnalyticMS_SR_8b_clip	pm5__20201105_20201124__0080	/scrfs/storage/yikebe/home/research/AR_Crop_Identification/make_dataset/raw_sentinel/pm5/pm5__20201105_20201124__0080	2020-11-11	621693.00000000,3838698.00000000,622461.00000000,3839466.00000000
train	004692	lower__20201111_161019_36_2264_3B_AnalyticMS_SR_8b_clip	pm5__20201105_20201124__0080	/scrfs/storage/yikebe/home/research/AR_Crop_Identification/make_dataset/raw_sentinel/pm5/pm5__20201105_20201124__0080	2020-11-11	621693.00000000,3837930.00000000,622461.00000000,3838698.00000000
train	004708	lower__20201111_161019_36_2264_3B_AnalyticMS_SR_8b_clip	pm5__20201105_20201124__0080	/scrfs/storage/yikebe/home/research/AR_Crop_Identification/make_dataset/raw_sentinel/pm5/pm5__20201105_20201124__0080	2020-11-11	622461.00000000,3837930.00000000,623229.00000000,3838698.00000000
train	004724	lower__20201111_161019_36_2264_3B_AnalyticMS_SR_8b_clip	pm5__20201105_20201124__0080	/scrfs/storage/yikebe/home/research/AR_Crop_Identification/make_dataset/raw_sentinel/pm5/pm5__20201105_20201124__0080	2020-11-11	623229.00000000,3837162.00000000,623997.00000000,3837930.00000000
train	004740	lower__20201111_161019_36_2264_3B_AnalyticMS_SR_8b_clip	pm5__20201105_20201124__0080	/scrfs/storage/yikebe/home/research/AR_Crop_Identification/make_dataset/raw_sentinel/pm5/pm5__20201105_20201124__0080	2020-11-11	623229.00000000,3836394.00000000,623997.00000000,3837162.00000000
train	004756	lower__20201111_161019_36_2264_3B_AnalyticMS_SR_8b_clip	pm5__20201105_20201124__0080	/scrfs/storage/yikebe/home/research/AR_Crop_Identification/make_dataset/raw_sentinel/pm5/pm5__20201105_20201124__0080	2020-11-11	629373.00000000,3836394.00000000,630141.00000000,3837162.00000000
train	004772	lower__20201112_165454_70_2412_3B_AnalyticMS_SR_8b_clip	pm5__20201105_20201124__0078	/scrfs/storage/yikebe/home/research/AR_Crop_Identification/make_dataset/raw_sentinel/pm5/pm5__20201105_20201124__0078	2020-11-11	622653.00000000,3845550.00000000,623421.00000000,3846318.00000000
train	004788	lower__20201112_165454_70_2412_3B_AnalyticMS_SR_8b_clip	pm5__20201105_20201124__0078	/scrfs/storage/yikebe/home/research/AR_Crop_Identification/make_dataset/raw_sentinel/pm5/pm5__20201105_20201124__0078	2020-11-11	624189.00000000,3845550.00000000,624957.00000000,3846318.00000000
train	004804	lower__20201112_165454_70_2412_3B_AnalyticMS_SR_8b_clip	pm5__20201105_20201124__0078	/scrfs/storage/yikebe/home/research/AR_Crop_Identification/make_dataset/raw_sentinel/pm5/pm5__20201105_20201124__0078	2020-11-11	630333.00000000,3845550.00000000,631101.00000000,3846318.00000000
train	004820	lower__20201112_165454_70_2412_3B_AnalyticMS_SR_8b_clip	pm5__20201105_20201124__0078	/scrfs/storage/yikebe/home/research/AR_Crop_Identification/make_dataset/raw_sentinel/pm5/pm5__20201105_20201124__0078	2020-11-11	625725.00000000,3844782.00000000,626493.00000000,3845550.00000000
train	004836	lower__20201112_165454_70_2412_3B_AnalyticMS_SR_8b_clip	pm5__20201105_20201124__0078	/scrfs/storage/yikebe/home/research/AR_Crop_Identification/make_dataset/raw_sentinel/pm5/pm5__20201105_20201124__0078	2020-11-11	631101.00000000,3844782.00000000,631869.00000000,3845550.00000000
train	004852	lower__20201113_160449_77_2278_3B_AnalyticMS_SR_8b_clip	pm5__20201105_20201124__0107	/scrfs/storage/yikebe/home/research/AR_Crop_Identification/make_dataset/raw_sentinel/pm5/pm5__20201105_20201124__0107	2020-11-11	679530.00000000,3656922.00000000,680298.00000000,3657690.00000000
val	000004	lower__20201115_155901_32_2212_3B_AnalyticMS_SR_8b_clip	pm5__20201105_20201124__0129	/scrfs/storage/yikebe/home/research/AR_Crop_Identification/make_dataset/raw_sentinel/pm5/pm5__20201105_20201124__0129	2020-11-11	720360.00000000,3798525.00000000,721128.00000000,3799293.00000000
val	000020	lower__20201115_155901_32_2212_3B_AnalyticMS_SR_8b_clip	pm5__20201105_20201124__0129	/scrfs/storage/yikebe/home/research/AR_Crop_Identification/make_dataset/raw_sentinel/pm5/pm5__20201105_20201124__0129	2020-11-11	721128.00000000,3798525.00000000,721896.00000000,3799293.00000000
val	000036	lower__20201115_155901_32_2212_3B_AnalyticMS_SR_8b_clip	pm5__20201105_20201124__0129	/scrfs/storage/yikebe/home/research/AR_Crop_Identification/make_dataset/raw_sentinel/pm5/pm5__20201105_20201124__0129	2020-11-11	721896.00000000,3798525.00000000,722664.00000000,3799293.00000000
val	000052	lower__20201115_155901_32_2212_3B_AnalyticMS_SR_8b_clip	pm5__20201105_20201124__0129	/scrfs/storage/yikebe/home/research/AR_Crop_Identification/make_dataset/raw_sentinel/pm5/pm5__20201105_20201124__0129	2020-11-11	726504.00000000,3797757.00000000,727272.00000000,3798525.00000000
val	000068	lower__20201115_155901_32_2212_3B_AnalyticMS_SR_8b_clip	pm5__20201105_20201124__0129	/scrfs/storage/yikebe/home/research/AR_Crop_Identification/make_dataset/raw_sentinel/pm5/pm5__20201105_20201124__0129	2020-11-11	719592.00000000,3796221.00000000,720360.00000000,3796989.00000000
val	000084	lower__20201115_155901_32_2212_3B_AnalyticMS_SR_8b_clip	pm5__20201105_20201124__0129	/scrfs/storage/yikebe/home/research/AR_Crop_Identification/make_dataset/raw_sentinel/pm5/pm5__20201105_20201124__0129	2020-11-11	728808.00000000,3796221.00000000,729576.00000000,3796989.00000000
val	000100	lower__20201115_155901_32_2212_3B_AnalyticMS_SR_8b_clip	pm5__20201105_20201124__0129	/scrfs/storage/yikebe/home/research/AR_Crop_Identification/make_dataset/raw_sentinel/pm5/pm5__20201105_20201124__0129	2020-11-11	734952.00000000,3796221.00000000,735720.00000000,3796989.00000000
val	000116	lower__20201115_155901_32_2212_3B_AnalyticMS_SR_8b_clip	pm5__20201105_20201124__0129	/scrfs/storage/yikebe/home/research/AR_Crop_Identification/make_dataset/raw_sentinel/pm5/pm5__20201105_20201124__0129	2020-11-11	719592.00000000,3795453.00000000,720360.00000000,3796221.00000000
val	000132	lower__20201115_155901_32_2212_3B_AnalyticMS_SR_8b_clip	pm5__20201105_20201124__0129	/scrfs/storage/yikebe/home/research/AR_Crop_Identification/make_dataset/raw_sentinel/pm5/pm5__20201105_20201124__0129	2020-11-11	727272.00000000,3795453.00000000,728040.00000000,3796221.00000000
val	000148	lower__20201115_155901_32_2212_3B_AnalyticMS_SR_8b_clip	pm5__20201105_20201124__0129	/scrfs/storage/yikebe/home/research/AR_Crop_Identification/make_dataset/raw_sentinel/pm5/pm5__20201105_20201124__0129	2020-11-11	735720.00000000,3795453.00000000,736488.00000000,3796221.00000000
val	000164	lower__20201115_155901_32_2212_3B_AnalyticMS_SR_8b_clip	pm5__20201105_20201124__0129	/scrfs/storage/yikebe/home/research/AR_Crop_Identification/make_dataset/raw_sentinel/pm5/pm5__20201105_20201124__0129	2020-11-11	736488.00000000,3795453.00000000,737256.00000000,3796221.00000000
val	000180	lower__20201115_155901_32_2212_3B_AnalyticMS_SR_8b_clip	pm5__20201105_20201124__0129	/scrfs/storage/yikebe/home/research/AR_Crop_Identification/make_dataset/raw_sentinel/pm5/pm5__20201105_20201124__0129	2020-11-11	720360.00000000,3794685.00000000,721128.00000000,3795453.00000000
val	000196	lower__20201115_155901_32_2212_3B_AnalyticMS_SR_8b_clip	pm5__20201105_20201124__0129	/scrfs/storage/yikebe/home/research/AR_Crop_Identification/make_dataset/raw_sentinel/pm5/pm5__20201105_20201124__0129	2020-11-11	726504.00000000,3794685.00000000,727272.00000000,3795453.00000000
val	000212	lower__20201115_155901_32_2212_3B_AnalyticMS_SR_8b_clip	pm5__20201105_20201124__0129	/scrfs/storage/yikebe/home/research/AR_Crop_Identification/make_dataset/raw_sentinel/pm5/pm5__20201105_20201124__0129	2020-11-11	730344.00000000,3794685.00000000,731112.00000000,3795453.00000000
val	000228	lower__20201115_155901_32_2212_3B_AnalyticMS_SR_8b_clip	pm5__20201105_20201124__0129	/scrfs/storage/yikebe/home/research/AR_Crop_Identification/make_dataset/raw_sentinel/pm5/pm5__20201105_20201124__0129	2020-11-11	731112.00000000,3794685.00000000,731880.00000000,3795453.00000000
val	000244	lower__20201115_155901_32_2212_3B_AnalyticMS_SR_8b_clip	pm5__20201105_20201124__0129	/scrfs/storage/yikebe/home/research/AR_Crop_Identification/make_dataset/raw_sentinel/pm5/pm5__20201105_20201124__0129	2020-11-11	731880.00000000,3794685.00000000,732648.00000000,3795453.00000000
val	000260	lower__20201115_155901_32_2212_3B_AnalyticMS_SR_8b_clip	pm5__20201105_20201124__0129	/scrfs/storage/yikebe/home/research/AR_Crop_Identification/make_dataset/raw_sentinel/pm5/pm5__20201105_20201124__0129	2020-11-11	720360.00000000,3793917.00000000,721128.00000000,3794685.00000000
val	000276	lower__20201115_155901_32_2212_3B_AnalyticMS_SR_8b_clip	pm5__20201105_20201124__0129	/scrfs/storage/yikebe/home/research/AR_Crop_Identification/make_dataset/raw_sentinel/pm5/pm5__20201105_20201124__0129	2020-11-11	726504.00000000,3793917.00000000,727272.00000000,3794685.00000000
val	000292	lower__20201115_155901_32_2212_3B_AnalyticMS_SR_8b_clip	pm5__20201105_20201124__0129	/scrfs/storage/yikebe/home/research/AR_Crop_Identification/make_dataset/raw_sentinel/pm5/pm5__20201105_20201124__0129	2020-11-11	730344.00000000,3793917.00000000,731112.00000000,3794685.00000000
val	000308	lower__20201115_155901_32_2212_3B_AnalyticMS_SR_8b_clip	pm5__20201105_20201124__0129	/scrfs/storage/yikebe/home/research/AR_Crop_Identification/make_dataset/raw_sentinel/pm5/pm5__20201105_20201124__0129	2020-11-11	731112.00000000,3793917.00000000,731880.00000000,3794685.00000000
val	000324	lower__20201115_155901_32_2212_3B_AnalyticMS_SR_8b_clip	pm5__20201105_20201124__0129	/scrfs/storage/yikebe/home/research/AR_Crop_Identification/make_dataset/raw_sentinel/pm5/pm5__20201105_20201124__0129	2020-11-11	725736.00000000,3793149.00000000,726504.00000000,3793917.00000000
val	000340	lower__20201115_155901_32_2212_3B_AnalyticMS_SR_8b_clip	pm5__20201105_20201124__0129	/scrfs/storage/yikebe/home/research/AR_Crop_Identification/make_dataset/raw_sentinel/pm5/pm5__20201105_20201124__0129	2020-11-11	726504.00000000,3793149.00000000,727272.00000000,3793917.00000000
val	000356	lower__20201115_155901_32_2212_3B_AnalyticMS_SR_8b_clip	pm5__20201105_20201124__0129	/scrfs/storage/yikebe/home/research/AR_Crop_Identification/make_dataset/raw_sentinel/pm5/pm5__20201105_20201124__0129	2020-11-11	739560.00000000,3788541.00000000,740328.00000000,3789309.00000000
val	000372	lower__20201115_155901_32_2212_3B_AnalyticMS_SR_8b_clip	pm5__20201105_20201124__0129	/scrfs/storage/yikebe/home/research/AR_Crop_Identification/make_dataset/raw_sentinel/pm5/pm5__20201105_20201124__0129	2020-11-11	727272.00000000,3787005.00000000,728040.00000000,3787773.00000000
val	000388	lower__20201115_155901_32_2212_3B_AnalyticMS_SR_8b_clip	pm5__20201105_20201124__0129	/scrfs/storage/yikebe/home/research/AR_Crop_Identification/make_dataset/raw_sentinel/pm5/pm5__20201105_20201124__0129	2020-11-11	725736.00000000,3786237.00000000,726504.00000000,3787005.00000000
val	000404	lower__20201115_155901_32_2212_3B_AnalyticMS_SR_8b_clip	pm5__20201105_20201124__0129	/scrfs/storage/yikebe/home/research/AR_Crop_Identification/make_dataset/raw_sentinel/pm5/pm5__20201105_20201124__0129	2020-11-11	726504.00000000,3786237.00000000,727272.00000000,3787005.00000000
val	000420	lower__20201115_155901_32_2212_3B_AnalyticMS_SR_8b_clip	pm5__20201105_20201124__0129	/scrfs/storage/yikebe/home/research/AR_Crop_Identification/make_dataset/raw_sentinel/pm5/pm5__20201105_20201124__0129	2020-11-11	727272.00000000,3786237.00000000,728040.00000000,3787005.00000000
val	000436	lower__20201115_155901_32_2212_3B_AnalyticMS_SR_8b_clip	pm5__20201105_20201124__0129	/scrfs/storage/yikebe/home/research/AR_Crop_Identification/make_dataset/raw_sentinel/pm5/pm5__20201105_20201124__0129	2020-11-11	718056.00000000,3785469.00000000,718824.00000000,3786237.00000000
val	000452	lower__20201115_155901_32_2212_3B_AnalyticMS_SR_8b_clip	pm5__20201105_20201124__0129	/scrfs/storage/yikebe/home/research/AR_Crop_Identification/make_dataset/raw_sentinel/pm5/pm5__20201105_20201124__0129	2020-11-11	727272.00000000,3785469.00000000,728040.00000000,3786237.00000000
val	000468	lower__20201115_155901_32_2212_3B_AnalyticMS_SR_8b_clip	pm5__20201105_20201124__0129	/scrfs/storage/yikebe/home/research/AR_Crop_Identification/make_dataset/raw_sentinel/pm5/pm5__20201105_20201124__0129	2020-11-11	738024.00000000,3785469.00000000,738792.00000000,3786237.00000000
val	000484	lower__20201115_155901_32_2212_3B_AnalyticMS_SR_8b_clip	pm5__20201105_20201124__0129	/scrfs/storage/yikebe/home/research/AR_Crop_Identification/make_dataset/raw_sentinel/pm5/pm5__20201105_20201124__0129	2020-11-11	718056.00000000,3784701.00000000,718824.00000000,3785469.00000000
val	000500	lower__20201115_155901_32_2212_3B_AnalyticMS_SR_8b_clip	pm5__20201105_20201124__0129	/scrfs/storage/yikebe/home/research/AR_Crop_Identification/make_dataset/raw_sentinel/pm5/pm5__20201105_20201124__0129	2020-11-11	728808.00000000,3784701.00000000,729576.00000000,3785469.00000000
val	000516	lower__20201115_155901_32_2212_3B_AnalyticMS_SR_8b_clip	pm5__20201105_20201124__0129	/scrfs/storage/yikebe/home/research/AR_Crop_Identification/make_dataset/raw_sentinel/pm5/pm5__20201105_20201124__0129	2020-11-11	718056.00000000,3783933.00000000,718824.00000000,3784701.00000000
val	000532	lower__20201115_155901_32_2212_3B_AnalyticMS_SR_8b_clip	pm5__20201105_20201124__0129	/scrfs/storage/yikebe/home/research/AR_Crop_Identification/make_dataset/raw_sentinel/pm5/pm5__20201105_20201124__0129	2020-11-11	718824.00000000,3783933.00000000,719592.00000000,3784701.00000000
val	000548	lower__20201115_155901_32_2212_3B_AnalyticMS_SR_8b_clip	pm5__20201105_20201124__0129	/scrfs/storage/yikebe/home/research/AR_Crop_Identification/make_dataset/raw_sentinel/pm5/pm5__20201105_20201124__0129	2020-11-11	725736.00000000,3783933.00000000,726504.00000000,3784701.00000000
val	000564	lower__20201115_155901_32_2212_3B_AnalyticMS_SR_8b_clip	pm5__20201105_20201124__0129	/scrfs/storage/yikebe/home/research/AR_Crop_Identification/make_dataset/raw_sentinel/pm5/pm5__20201105_20201124__0129	2020-11-11	727272.00000000,3783933.00000000,728040.00000000,3784701.00000000
val	000580	lower__20201115_155901_32_2212_3B_AnalyticMS_SR_8b_clip	pm5__20201105_20201124__0129	/scrfs/storage/yikebe/home/research/AR_Crop_Identification/make_dataset/raw_sentinel/pm5/pm5__20201105_20201124__0129	2020-11-11	727272.00000000,3783165.00000000,728040.00000000,3783933.00000000
val	000596	lower__20201115_155901_32_2212_3B_AnalyticMS_SR_8b_clip	pm5__20201105_20201124__0129	/scrfs/storage/yikebe/home/research/AR_Crop_Identification/make_dataset/raw_sentinel/pm5/pm5__20201105_20201124__0129	2020-11-11	723432.00000000,3780861.00000000,724200.00000000,3781629.00000000
val	000612	lower__20201115_155901_32_2212_3B_AnalyticMS_SR_8b_clip	pm5__20201105_20201124__0129	/scrfs/storage/yikebe/home/research/AR_Crop_Identification/make_dataset/raw_sentinel/pm5/pm5__20201105_20201124__0129	2020-11-11	724200.00000000,3780861.00000000,724968.00000000,3781629.00000000
val	000628	lower__20201115_155901_32_2212_3B_AnalyticMS_SR_8b_clip	pm5__20201105_20201124__0129	/scrfs/storage/yikebe/home/research/AR_Crop_Identification/make_dataset/raw_sentinel/pm5/pm5__20201105_20201124__0129	2020-11-11	726504.00000000,3780861.00000000,727272.00000000,3781629.00000000
val	000644	lower__20201115_155901_32_2212_3B_AnalyticMS_SR_8b_clip	pm5__20201105_20201124__0129	/scrfs/storage/yikebe/home/research/AR_Crop_Identification/make_dataset/raw_sentinel/pm5/pm5__20201105_20201124__0129	2020-11-11	742632.00000000,3780861.00000000,743400.00000000,3781629.00000000
train	004868	lower__20201115_160543_60_222c_3B_AnalyticMS_SR_8b_clip	pm5__20201105_20201124__0082	/scrfs/storage/yikebe/home/research/AR_Crop_Identification/make_dataset/raw_sentinel/pm5/pm5__20201105_20201124__0082	2020-11-11	632184.00000000,3821844.00000000,632952.00000000,3822612.00000000
train	004884	lower__20201115_160543_60_222c_3B_AnalyticMS_SR_8b_clip	pm5__20201105_20201124__0082	/scrfs/storage/yikebe/home/research/AR_Crop_Identification/make_dataset/raw_sentinel/pm5/pm5__20201105_20201124__0082	2020-11-11	624504.00000000,3821076.00000000,625272.00000000,3821844.00000000
train	004900	lower__20201115_160543_60_222c_3B_AnalyticMS_SR_8b_clip	pm5__20201105_20201124__0082	/scrfs/storage/yikebe/home/research/AR_Crop_Identification/make_dataset/raw_sentinel/pm5/pm5__20201105_20201124__0082	2020-11-11	642936.00000000,3819540.00000000,643704.00000000,3820308.00000000
train	004916	lower__20201115_160543_60_222c_3B_AnalyticMS_SR_8b_clip	pm5__20201105_20201124__0082	/scrfs/storage/yikebe/home/research/AR_Crop_Identification/make_dataset/raw_sentinel/pm5/pm5__20201105_20201124__0082	2020-11-11	629112.00000000,3818004.00000000,629880.00000000,3818772.00000000
train	004932	lower__20201115_160543_60_222c_3B_AnalyticMS_SR_8b_clip	pm5__20201105_20201124__0082	/scrfs/storage/yikebe/home/research/AR_Crop_Identification/make_dataset/raw_sentinel/pm5/pm5__20201105_20201124__0082	2020-11-11	626808.00000000,3817236.00000000,627576.00000000,3818004.00000000
train	004948	lower__20201115_160543_60_222c_3B_AnalyticMS_SR_8b_clip	pm5__20201105_20201124__0082	/scrfs/storage/yikebe/home/research/AR_Crop_Identification/make_dataset/raw_sentinel/pm5/pm5__20201105_20201124__0082	2020-11-11	649080.00000000,3817236.00000000,649848.00000000,3818004.00000000
train	004964	lower__20201115_160543_60_222c_3B_AnalyticMS_SR_8b_clip	pm5__20201105_20201124__0082	/scrfs/storage/yikebe/home/research/AR_Crop_Identification/make_dataset/raw_sentinel/pm5/pm5__20201105_20201124__0082	2020-11-11	627576.00000000,3814932.00000000,628344.00000000,3815700.00000000
train	004980	lower__20201115_160543_60_222c_3B_AnalyticMS_SR_8b_clip	pm5__20201105_20201124__0082	/scrfs/storage/yikebe/home/research/AR_Crop_Identification/make_dataset/raw_sentinel/pm5/pm5__20201105_20201124__0082	2020-11-11	635256.00000000,3814932.00000000,636024.00000000,3815700.00000000
train	004996	lower__20201115_160543_60_222c_3B_AnalyticMS_SR_8b_clip	pm5__20201105_20201124__0082	/scrfs/storage/yikebe/home/research/AR_Crop_Identification/make_dataset/raw_sentinel/pm5/pm5__20201105_20201124__0082	2020-11-11	636792.00000000,3814932.00000000,637560.00000000,3815700.00000000
train	005012	lower__20201115_160543_60_222c_3B_AnalyticMS_SR_8b_clip	pm5__20201105_20201124__0082	/scrfs/storage/yikebe/home/research/AR_Crop_Identification/make_dataset/raw_sentinel/pm5/pm5__20201105_20201124__0082	2020-11-11	629112.00000000,3814164.00000000,629880.00000000,3814932.00000000
train	005028	lower__20201115_160543_60_222c_3B_AnalyticMS_SR_8b_clip	pm5__20201105_20201124__0082	/scrfs/storage/yikebe/home/research/AR_Crop_Identification/make_dataset/raw_sentinel/pm5/pm5__20201105_20201124__0082	2020-11-11	634488.00000000,3814164.00000000,635256.00000000,3814932.00000000
train	005044	lower__20201115_160543_60_222c_3B_AnalyticMS_SR_8b_clip	pm5__20201105_20201124__0082	/scrfs/storage/yikebe/home/research/AR_Crop_Identification/make_dataset/raw_sentinel/pm5/pm5__20201105_20201124__0082	2020-11-11	636792.00000000,3814164.00000000,637560.00000000,3814932.00000000
train	005060	lower__20201115_160543_60_222c_3B_AnalyticMS_SR_8b_clip	pm5__20201105_20201124__0082	/scrfs/storage/yikebe/home/research/AR_Crop_Identification/make_dataset/raw_sentinel/pm5/pm5__20201105_20201124__0082	2020-11-11	636024.00000000,3813396.00000000,636792.00000000,3814164.00000000
train	005076	lower__20201115_160543_60_222c_3B_AnalyticMS_SR_8b_clip	pm5__20201105_20201124__0082	/scrfs/storage/yikebe/home/research/AR_Crop_Identification/make_dataset/raw_sentinel/pm5/pm5__20201105_20201124__0082	2020-11-11	629112.00000000,3811092.00000000,629880.00000000,3811860.00000000
train	005092	lower__20201115_160543_60_222c_3B_AnalyticMS_SR_8b_clip	pm5__20201105_20201124__0082	/scrfs/storage/yikebe/home/research/AR_Crop_Identification/make_dataset/raw_sentinel/pm5/pm5__20201105_20201124__0082	2020-11-11	632184.00000000,3811092.00000000,632952.00000000,3811860.00000000
train	005108	lower__20201115_160543_60_222c_3B_AnalyticMS_SR_8b_clip	pm5__20201105_20201124__0082	/scrfs/storage/yikebe/home/research/AR_Crop_Identification/make_dataset/raw_sentinel/pm5/pm5__20201105_20201124__0082	2020-11-11	638328.00000000,3811092.00000000,639096.00000000,3811860.00000000
train	005124	lower__20201115_160543_60_222c_3B_AnalyticMS_SR_8b_clip	pm5__20201105_20201124__0082	/scrfs/storage/yikebe/home/research/AR_Crop_Identification/make_dataset/raw_sentinel/pm5/pm5__20201105_20201124__0082	2020-11-11	642936.00000000,3811092.00000000,643704.00000000,3811860.00000000
train	005140	lower__20201115_160543_60_222c_3B_AnalyticMS_SR_8b_clip	pm5__20201105_20201124__0082	/scrfs/storage/yikebe/home/research/AR_Crop_Identification/make_dataset/raw_sentinel/pm5/pm5__20201105_20201124__0082	2020-11-11	631416.00000000,3810324.00000000,632184.00000000,3811092.00000000
train	005156	lower__20201115_160543_60_222c_3B_AnalyticMS_SR_8b_clip	pm5__20201105_20201124__0082	/scrfs/storage/yikebe/home/research/AR_Crop_Identification/make_dataset/raw_sentinel/pm5/pm5__20201105_20201124__0082	2020-11-11	632184.00000000,3810324.00000000,632952.00000000,3811092.00000000
train	005172	lower__20201115_160543_60_222c_3B_AnalyticMS_SR_8b_clip	pm5__20201105_20201124__0082	/scrfs/storage/yikebe/home/research/AR_Crop_Identification/make_dataset/raw_sentinel/pm5/pm5__20201105_20201124__0082	2020-11-11	629112.00000000,3809556.00000000,629880.00000000,3810324.00000000
train	005188	lower__20201115_160543_60_222c_3B_AnalyticMS_SR_8b_clip	pm5__20201105_20201124__0082	/scrfs/storage/yikebe/home/research/AR_Crop_Identification/make_dataset/raw_sentinel/pm5/pm5__20201105_20201124__0082	2020-11-11	629880.00000000,3809556.00000000,630648.00000000,3810324.00000000
train	005204	lower__20201115_160543_60_222c_3B_AnalyticMS_SR_8b_clip	pm5__20201105_20201124__0082	/scrfs/storage/yikebe/home/research/AR_Crop_Identification/make_dataset/raw_sentinel/pm5/pm5__20201105_20201124__0082	2020-11-11	646008.00000000,3809556.00000000,646776.00000000,3810324.00000000
train	005220	lower__20201115_160543_60_222c_3B_AnalyticMS_SR_8b_clip	pm5__20201105_20201124__0082	/scrfs/storage/yikebe/home/research/AR_Crop_Identification/make_dataset/raw_sentinel/pm5/pm5__20201105_20201124__0082	2020-11-11	629112.00000000,3808788.00000000,629880.00000000,3809556.00000000
train	005236	lower__20201115_160543_60_222c_3B_AnalyticMS_SR_8b_clip	pm5__20201105_20201124__0082	/scrfs/storage/yikebe/home/research/AR_Crop_Identification/make_dataset/raw_sentinel/pm5/pm5__20201105_20201124__0082	2020-11-11	640632.00000000,3808788.00000000,641400.00000000,3809556.00000000
train	005252	lower__20201115_160543_60_222c_3B_AnalyticMS_SR_8b_clip	pm5__20201105_20201124__0082	/scrfs/storage/yikebe/home/research/AR_Crop_Identification/make_dataset/raw_sentinel/pm5/pm5__20201105_20201124__0082	2020-11-11	628344.00000000,3808020.00000000,629112.00000000,3808788.00000000
train	005268	lower__20201115_160543_60_222c_3B_AnalyticMS_SR_8b_clip	pm5__20201105_20201124__0082	/scrfs/storage/yikebe/home/research/AR_Crop_Identification/make_dataset/raw_sentinel/pm5/pm5__20201105_20201124__0082	2020-11-11	629112.00000000,3808020.00000000,629880.00000000,3808788.00000000
train	005284	lower__20201115_160543_60_222c_3B_AnalyticMS_SR_8b_clip	pm5__20201105_20201124__0082	/scrfs/storage/yikebe/home/research/AR_Crop_Identification/make_dataset/raw_sentinel/pm5/pm5__20201105_20201124__0082	2020-11-11	635256.00000000,3808020.00000000,636024.00000000,3808788.00000000
train	005300	lower__20201115_160543_60_222c_3B_AnalyticMS_SR_8b_clip	pm5__20201105_20201124__0082	/scrfs/storage/yikebe/home/research/AR_Crop_Identification/make_dataset/raw_sentinel/pm5/pm5__20201105_20201124__0082	2020-11-11	636024.00000000,3808020.00000000,636792.00000000,3808788.00000000
train	005316	lower__20201115_160543_60_222c_3B_AnalyticMS_SR_8b_clip	pm5__20201105_20201124__0082	/scrfs/storage/yikebe/home/research/AR_Crop_Identification/make_dataset/raw_sentinel/pm5/pm5__20201105_20201124__0082	2020-11-11	639096.00000000,3808020.00000000,639864.00000000,3808788.00000000
train	005332	lower__20201115_160543_60_222c_3B_AnalyticMS_SR_8b_clip	pm5__20201105_20201124__0082	/scrfs/storage/yikebe/home/research/AR_Crop_Identification/make_dataset/raw_sentinel/pm5/pm5__20201105_20201124__0082	2020-11-11	643704.00000000,3808020.00000000,644472.00000000,3808788.00000000
train	005348	lower__20201115_160543_60_222c_3B_AnalyticMS_SR_8b_clip	pm5__20201105_20201124__0082	/scrfs/storage/yikebe/home/research/AR_Crop_Identification/make_dataset/raw_sentinel/pm5/pm5__20201105_20201124__0082	2020-11-11	628344.00000000,3807252.00000000,629112.00000000,3808020.00000000
train	005364	lower__20201115_160543_60_222c_3B_AnalyticMS_SR_8b_clip	pm5__20201105_20201124__0082	/scrfs/storage/yikebe/home/research/AR_Crop_Identification/make_dataset/raw_sentinel/pm5/pm5__20201105_20201124__0082	2020-11-11	630648.00000000,3807252.00000000,631416.00000000,3808020.00000000
train	005380	lower__20201115_160543_60_222c_3B_AnalyticMS_SR_8b_clip	pm5__20201105_20201124__0082	/scrfs/storage/yikebe/home/research/AR_Crop_Identification/make_dataset/raw_sentinel/pm5/pm5__20201105_20201124__0082	2020-11-11	635256.00000000,3807252.00000000,636024.00000000,3808020.00000000
train	005396	lower__20201115_160543_60_222c_3B_AnalyticMS_SR_8b_clip	pm5__20201105_20201124__0082	/scrfs/storage/yikebe/home/research/AR_Crop_Identification/make_dataset/raw_sentinel/pm5/pm5__20201105_20201124__0082	2020-11-11	636024.00000000,3807252.00000000,636792.00000000,3808020.00000000
train	005412	lower__20201115_160543_60_222c_3B_AnalyticMS_SR_8b_clip	pm5__20201105_20201124__0082	/scrfs/storage/yikebe/home/research/AR_Crop_Identification/make_dataset/raw_sentinel/pm5/pm5__20201105_20201124__0082	2020-11-11	623736.00000000,3806484.00000000,624504.00000000,3807252.00000000
train	005428	lower__20201115_160543_60_222c_3B_AnalyticMS_SR_8b_clip	pm5__20201105_20201124__0082	/scrfs/storage/yikebe/home/research/AR_Crop_Identification/make_dataset/raw_sentinel/pm5/pm5__20201105_20201124__0082	2020-11-11	629880.00000000,3806484.00000000,630648.00000000,3807252.00000000
train	005444	lower__20201115_160543_60_222c_3B_AnalyticMS_SR_8b_clip	pm5__20201105_20201124__0082	/scrfs/storage/yikebe/home/research/AR_Crop_Identification/make_dataset/raw_sentinel/pm5/pm5__20201105_20201124__0082	2020-11-11	630648.00000000,3806484.00000000,631416.00000000,3807252.00000000
train	005460	lower__20201115_160543_60_222c_3B_AnalyticMS_SR_8b_clip	pm5__20201105_20201124__0082	/scrfs/storage/yikebe/home/research/AR_Crop_Identification/make_dataset/raw_sentinel/pm5/pm5__20201105_20201124__0082	2020-11-11	631416.00000000,3805716.00000000,632184.00000000,3806484.00000000
train	005476	lower__20201115_160543_60_222c_3B_AnalyticMS_SR_8b_clip	pm5__20201105_20201124__0082	/scrfs/storage/yikebe/home/research/AR_Crop_Identification/make_dataset/raw_sentinel/pm5/pm5__20201105_20201124__0082	2020-11-11	633720.00000000,3805716.00000000,634488.00000000,3806484.00000000
train	005492	lower__20201115_160543_60_222c_3B_AnalyticMS_SR_8b_clip	pm5__20201105_20201124__0082	/scrfs/storage/yikebe/home/research/AR_Crop_Identification/make_dataset/raw_sentinel/pm5/pm5__20201105_20201124__0082	2020-11-11	638328.00000000,3805716.00000000,639096.00000000,3806484.00000000
train	005508	lower__20201115_160543_60_222c_3B_AnalyticMS_SR_8b_clip	pm5__20201105_20201124__0082	/scrfs/storage/yikebe/home/research/AR_Crop_Identification/make_dataset/raw_sentinel/pm5/pm5__20201105_20201124__0082	2020-11-11	635256.00000000,3804948.00000000,636024.00000000,3805716.00000000
train	005524	lower__20201116_160004_42_2257_3B_AnalyticMS_SR_8b_clip	pm5__20201105_20201124__0146	/scrfs/storage/yikebe/home/research/AR_Crop_Identification/make_dataset/raw_sentinel/pm5/pm5__20201105_20201124__0146	2020-11-11	754197.00000000,3848142.00000000,754965.00000000,3848910.00000000
train	005540	lower__20201116_160004_42_2257_3B_AnalyticMS_SR_8b_clip	pm5__20201105_20201124__0146	/scrfs/storage/yikebe/home/research/AR_Crop_Identification/make_dataset/raw_sentinel/pm5/pm5__20201105_20201124__0146	2020-11-11	767253.00000000,3846606.00000000,768021.00000000,3847374.00000000
train	005556	lower__20201116_160004_42_2257_3B_AnalyticMS_SR_8b_clip	pm5__20201105_20201124__0146	/scrfs/storage/yikebe/home/research/AR_Crop_Identification/make_dataset/raw_sentinel/pm5/pm5__20201105_20201124__0146	2020-11-11	753429.00000000,3845838.00000000,754197.00000000,3846606.00000000
train	005572	lower__20201116_160004_42_2257_3B_AnalyticMS_SR_8b_clip	pm5__20201105_20201124__0146	/scrfs/storage/yikebe/home/research/AR_Crop_Identification/make_dataset/raw_sentinel/pm5/pm5__20201105_20201124__0146	2020-11-11	765717.00000000,3845838.00000000,766485.00000000,3846606.00000000
train	005588	lower__20201116_160004_42_2257_3B_AnalyticMS_SR_8b_clip	pm5__20201105_20201124__0146	/scrfs/storage/yikebe/home/research/AR_Crop_Identification/make_dataset/raw_sentinel/pm5/pm5__20201105_20201124__0146	2020-11-11	753429.00000000,3845070.00000000,754197.00000000,3845838.00000000
train	005604	lower__20201116_160004_42_2257_3B_AnalyticMS_SR_8b_clip	pm5__20201105_20201124__0146	/scrfs/storage/yikebe/home/research/AR_Crop_Identification/make_dataset/raw_sentinel/pm5/pm5__20201105_20201124__0146	2020-11-11	768021.00000000,3845070.00000000,768789.00000000,3845838.00000000
train	005620	lower__20201116_160433_75_220b_3B_AnalyticMS_SR_8b_clip	pm5__20201105_20201124__0082	/scrfs/storage/yikebe/home/research/AR_Crop_Identification/make_dataset/raw_sentinel/pm5/pm5__20201105_20201124__0082	2020-11-19	631158.00000000,3790764.00000000,631926.00000000,3791532.00000000
train	005636	lower__20201116_160433_75_220b_3B_AnalyticMS_SR_8b_clip	pm5__20201105_20201124__0082	/scrfs/storage/yikebe/home/research/AR_Crop_Identification/make_dataset/raw_sentinel/pm5/pm5__20201105_20201124__0082	2020-11-19	639606.00000000,3790764.00000000,640374.00000000,3791532.00000000
train	005652	lower__20201116_160433_75_220b_3B_AnalyticMS_SR_8b_clip	pm5__20201105_20201124__0082	/scrfs/storage/yikebe/home/research/AR_Crop_Identification/make_dataset/raw_sentinel/pm5/pm5__20201105_20201124__0082	2020-11-19	614262.00000000,3789996.00000000,615030.00000000,3790764.00000000
train	005668	lower__20201116_160433_75_220b_3B_AnalyticMS_SR_8b_clip	pm5__20201105_20201124__0082	/scrfs/storage/yikebe/home/research/AR_Crop_Identification/make_dataset/raw_sentinel/pm5/pm5__20201105_20201124__0082	2020-11-19	615030.00000000,3789996.00000000,615798.00000000,3790764.00000000
train	005684	lower__20201116_160433_75_220b_3B_AnalyticMS_SR_8b_clip	pm5__20201105_20201124__0082	/scrfs/storage/yikebe/home/research/AR_Crop_Identification/make_dataset/raw_sentinel/pm5/pm5__20201105_20201124__0082	2020-11-19	621942.00000000,3783084.00000000,622710.00000000,3783852.00000000
train	005700	lower__20201116_160433_75_220b_3B_AnalyticMS_SR_8b_clip	pm5__20201105_20201124__0082	/scrfs/storage/yikebe/home/research/AR_Crop_Identification/make_dataset/raw_sentinel/pm5/pm5__20201105_20201124__0082	2020-11-19	625782.00000000,3782316.00000000,626550.00000000,3783084.00000000
train	005716	lower__20201116_160433_75_220b_3B_AnalyticMS_SR_8b_clip	pm5__20201105_20201124__0082	/scrfs/storage/yikebe/home/research/AR_Crop_Identification/make_dataset/raw_sentinel/pm5/pm5__20201105_20201124__0082	2020-11-19	638838.00000000,3782316.00000000,639606.00000000,3783084.00000000
train	005732	lower__20201116_160433_75_220b_3B_AnalyticMS_SR_8b_clip	pm5__20201105_20201124__0082	/scrfs/storage/yikebe/home/research/AR_Crop_Identification/make_dataset/raw_sentinel/pm5/pm5__20201105_20201124__0082	2020-11-19	639606.00000000,3782316.00000000,640374.00000000,3783084.00000000
train	005748	lower__20201116_160433_75_220b_3B_AnalyticMS_SR_8b_clip	pm5__20201105_20201124__0082	/scrfs/storage/yikebe/home/research/AR_Crop_Identification/make_dataset/raw_sentinel/pm5/pm5__20201105_20201124__0082	2020-11-19	622710.00000000,3780780.00000000,623478.00000000,3781548.00000000
train	005764	lower__20201116_160433_75_220b_3B_AnalyticMS_SR_8b_clip	pm5__20201105_20201124__0082	/scrfs/storage/yikebe/home/research/AR_Crop_Identification/make_dataset/raw_sentinel/pm5/pm5__20201105_20201124__0082	2020-11-19	623478.00000000,3780780.00000000,624246.00000000,3781548.00000000
train	005780	lower__20201116_160433_75_220b_3B_AnalyticMS_SR_8b_clip	pm5__20201105_20201124__0082	/scrfs/storage/yikebe/home/research/AR_Crop_Identification/make_dataset/raw_sentinel/pm5/pm5__20201105_20201124__0082	2020-11-19	624246.00000000,3780780.00000000,625014.00000000,3781548.00000000
train	005796	lower__20201116_160433_75_220b_3B_AnalyticMS_SR_8b_clip	pm5__20201105_20201124__0082	/scrfs/storage/yikebe/home/research/AR_Crop_Identification/make_dataset/raw_sentinel/pm5/pm5__20201105_20201124__0082	2020-11-19	625014.00000000,3780780.00000000,625782.00000000,3781548.00000000
train	005812	lower__20201116_160433_75_220b_3B_AnalyticMS_SR_8b_clip	pm5__20201105_20201124__0082	/scrfs/storage/yikebe/home/research/AR_Crop_Identification/make_dataset/raw_sentinel/pm5/pm5__20201105_20201124__0082	2020-11-19	625782.00000000,3779244.00000000,626550.00000000,3780012.00000000
train	005828	lower__20201116_160433_75_220b_3B_AnalyticMS_SR_8b_clip	pm5__20201105_20201124__0082	/scrfs/storage/yikebe/home/research/AR_Crop_Identification/make_dataset/raw_sentinel/pm5/pm5__20201105_20201124__0082	2020-11-19	637302.00000000,3776940.00000000,638070.00000000,3777708.00000000
train	005844	lower__20201116_160433_75_220b_3B_AnalyticMS_SR_8b_clip	pm5__20201105_20201124__0082	/scrfs/storage/yikebe/home/research/AR_Crop_Identification/make_dataset/raw_sentinel/pm5/pm5__20201105_20201124__0082	2020-11-19	640374.00000000,3776940.00000000,641142.00000000,3777708.00000000
train	005860	lower__20201116_160433_75_220b_3B_AnalyticMS_SR_8b_clip	pm5__20201105_20201124__0082	/scrfs/storage/yikebe/home/research/AR_Crop_Identification/make_dataset/raw_sentinel/pm5/pm5__20201105_20201124__0082	2020-11-19	641142.00000000,3776940.00000000,641910.00000000,3777708.00000000
train	005876	lower__20201116_160433_75_220b_3B_AnalyticMS_SR_8b_clip	pm5__20201105_20201124__0082	/scrfs/storage/yikebe/home/research/AR_Crop_Identification/make_dataset/raw_sentinel/pm5/pm5__20201105_20201124__0082	2020-11-19	637302.00000000,3776172.00000000,638070.00000000,3776940.00000000
train	005892	lower__20201116_160433_75_220b_3B_AnalyticMS_SR_8b_clip	pm5__20201105_20201124__0082	/scrfs/storage/yikebe/home/research/AR_Crop_Identification/make_dataset/raw_sentinel/pm5/pm5__20201105_20201124__0082	2020-11-19	638070.00000000,3776172.00000000,638838.00000000,3776940.00000000
train	005908	lower__20201116_160433_75_220b_3B_AnalyticMS_SR_8b_clip	pm5__20201105_20201124__0082	/scrfs/storage/yikebe/home/research/AR_Crop_Identification/make_dataset/raw_sentinel/pm5/pm5__20201105_20201124__0082	2020-11-19	638838.00000000,3776172.00000000,639606.00000000,3776940.00000000
train	005924	lower__20201116_160433_75_220b_3B_AnalyticMS_SR_8b_clip	pm5__20201105_20201124__0082	/scrfs/storage/yikebe/home/research/AR_Crop_Identification/make_dataset/raw_sentinel/pm5/pm5__20201105_20201124__0082	2020-11-19	639606.00000000,3776172.00000000,640374.00000000,3776940.00000000
train	005940	lower__20201116_160433_75_220b_3B_AnalyticMS_SR_8b_clip	pm5__20201105_20201124__0082	/scrfs/storage/yikebe/home/research/AR_Crop_Identification/make_dataset/raw_sentinel/pm5/pm5__20201105_20201124__0082	2020-11-19	640374.00000000,3776172.00000000,641142.00000000,3776940.00000000
train	005956	lower__20201116_160433_75_220b_3B_AnalyticMS_SR_8b_clip	pm5__20201105_20201124__0082	/scrfs/storage/yikebe/home/research/AR_Crop_Identification/make_dataset/raw_sentinel/pm5/pm5__20201105_20201124__0082	2020-11-19	636534.00000000,3775404.00000000,637302.00000000,3776172.00000000
train	005972	lower__20201116_160433_75_220b_3B_AnalyticMS_SR_8b_clip	pm5__20201105_20201124__0082	/scrfs/storage/yikebe/home/research/AR_Crop_Identification/make_dataset/raw_sentinel/pm5/pm5__20201105_20201124__0082	2020-11-19	640374.00000000,3775404.00000000,641142.00000000,3776172.00000000
train	005988	lower__20201116_160433_75_220b_3B_AnalyticMS_SR_8b_clip	pm5__20201105_20201124__0082	/scrfs/storage/yikebe/home/research/AR_Crop_Identification/make_dataset/raw_sentinel/pm5/pm5__20201105_20201124__0082	2020-11-19	641142.00000000,3775404.00000000,641910.00000000,3776172.00000000
train	006004	lower__20201116_160808_76_227e_3B_AnalyticMS_SR_8b_clip	pm5__20201105_20201124__0099	/scrfs/storage/yikebe/home/research/AR_Crop_Identification/make_dataset/raw_sentinel/pm5/pm5__20201105_20201124__0099	2020-11-19	650286.00000000,3756519.00000000,651054.00000000,3757287.00000000
train	006020	lower__20201116_160808_76_227e_3B_AnalyticMS_SR_8b_clip	pm5__20201105_20201124__0099	/scrfs/storage/yikebe/home/research/AR_Crop_Identification/make_dataset/raw_sentinel/pm5/pm5__20201105_20201124__0099	2020-11-19	651054.00000000,3756519.00000000,651822.00000000,3757287.00000000
train	006036	lower__20201116_160808_76_227e_3B_AnalyticMS_SR_8b_clip	pm5__20201105_20201124__0099	/scrfs/storage/yikebe/home/research/AR_Crop_Identification/make_dataset/raw_sentinel/pm5/pm5__20201105_20201124__0099	2020-11-19	651822.00000000,3756519.00000000,652590.00000000,3757287.00000000
train	006052	lower__20201116_160808_76_227e_3B_AnalyticMS_SR_8b_clip	pm5__20201105_20201124__0099	/scrfs/storage/yikebe/home/research/AR_Crop_Identification/make_dataset/raw_sentinel/pm5/pm5__20201105_20201124__0099	2020-11-19	652590.00000000,3756519.00000000,653358.00000000,3757287.00000000
train	006068	lower__20201116_160808_76_227e_3B_AnalyticMS_SR_8b_clip	pm5__20201105_20201124__0099	/scrfs/storage/yikebe/home/research/AR_Crop_Identification/make_dataset/raw_sentinel/pm5/pm5__20201105_20201124__0099	2020-11-19	650286.00000000,3755751.00000000,651054.00000000,3756519.00000000
train	006084	lower__20201116_160808_76_227e_3B_AnalyticMS_SR_8b_clip	pm5__20201105_20201124__0099	/scrfs/storage/yikebe/home/research/AR_Crop_Identification/make_dataset/raw_sentinel/pm5/pm5__20201105_20201124__0099	2020-11-19	651054.00000000,3755751.00000000,651822.00000000,3756519.00000000
train	006100	lower__20201116_160808_76_227e_3B_AnalyticMS_SR_8b_clip	pm5__20201105_20201124__0099	/scrfs/storage/yikebe/home/research/AR_Crop_Identification/make_dataset/raw_sentinel/pm5/pm5__20201105_20201124__0099	2020-11-19	651822.00000000,3755751.00000000,652590.00000000,3756519.00000000
train	006116	lower__20201116_160808_76_227e_3B_AnalyticMS_SR_8b_clip	pm5__20201105_20201124__0099	/scrfs/storage/yikebe/home/research/AR_Crop_Identification/make_dataset/raw_sentinel/pm5/pm5__20201105_20201124__0099	2020-11-19	649518.00000000,3753447.00000000,650286.00000000,3754215.00000000
train	006132	lower__20201116_160808_76_227e_3B_AnalyticMS_SR_8b_clip	pm5__20201105_20201124__0099	/scrfs/storage/yikebe/home/research/AR_Crop_Identification/make_dataset/raw_sentinel/pm5/pm5__20201105_20201124__0099	2020-11-19	664110.00000000,3753447.00000000,664878.00000000,3754215.00000000
train	006148	lower__20201116_160808_76_227e_3B_AnalyticMS_SR_8b_clip	pm5__20201105_20201124__0099	/scrfs/storage/yikebe/home/research/AR_Crop_Identification/make_dataset/raw_sentinel/pm5/pm5__20201105_20201124__0099	2020-11-19	664878.00000000,3753447.00000000,665646.00000000,3754215.00000000
train	006164	lower__20201116_160808_76_227e_3B_AnalyticMS_SR_8b_clip	pm5__20201105_20201124__0099	/scrfs/storage/yikebe/home/research/AR_Crop_Identification/make_dataset/raw_sentinel/pm5/pm5__20201105_20201124__0099	2020-11-19	648750.00000000,3752679.00000000,649518.00000000,3753447.00000000
train	006180	lower__20201116_160808_76_227e_3B_AnalyticMS_SR_8b_clip	pm5__20201105_20201124__0099	/scrfs/storage/yikebe/home/research/AR_Crop_Identification/make_dataset/raw_sentinel/pm5/pm5__20201105_20201124__0099	2020-11-19	662574.00000000,3752679.00000000,663342.00000000,3753447.00000000
train	006196	lower__20201116_160808_76_227e_3B_AnalyticMS_SR_8b_clip	pm5__20201105_20201124__0099	/scrfs/storage/yikebe/home/research/AR_Crop_Identification/make_dataset/raw_sentinel/pm5/pm5__20201105_20201124__0099	2020-11-19	664878.00000000,3752679.00000000,665646.00000000,3753447.00000000
train	006212	lower__20201116_160808_76_227e_3B_AnalyticMS_SR_8b_clip	pm5__20201105_20201124__0099	/scrfs/storage/yikebe/home/research/AR_Crop_Identification/make_dataset/raw_sentinel/pm5/pm5__20201105_20201124__0099	2020-11-19	665646.00000000,3752679.00000000,666414.00000000,3753447.00000000
train	006228	lower__20201116_160808_76_227e_3B_AnalyticMS_SR_8b_clip	pm5__20201105_20201124__0099	/scrfs/storage/yikebe/home/research/AR_Crop_Identification/make_dataset/raw_sentinel/pm5/pm5__20201105_20201124__0099	2020-11-19	666414.00000000,3752679.00000000,667182.00000000,3753447.00000000
train	006244	lower__20201116_160808_76_227e_3B_AnalyticMS_SR_8b_clip	pm5__20201105_20201124__0099	/scrfs/storage/yikebe/home/research/AR_Crop_Identification/make_dataset/raw_sentinel/pm5/pm5__20201105_20201124__0099	2020-11-19	651054.00000000,3751911.00000000,651822.00000000,3752679.00000000
train	006260	lower__20201116_160808_76_227e_3B_AnalyticMS_SR_8b_clip	pm5__20201105_20201124__0099	/scrfs/storage/yikebe/home/research/AR_Crop_Identification/make_dataset/raw_sentinel/pm5/pm5__20201105_20201124__0099	2020-11-19	651822.00000000,3751911.00000000,652590.00000000,3752679.00000000
train	006276	lower__20201116_160808_76_227e_3B_AnalyticMS_SR_8b_clip	pm5__20201105_20201124__0099	/scrfs/storage/yikebe/home/research/AR_Crop_Identification/make_dataset/raw_sentinel/pm5/pm5__20201105_20201124__0099	2020-11-19	664878.00000000,3751911.00000000,665646.00000000,3752679.00000000
train	006292	lower__20201116_160808_76_227e_3B_AnalyticMS_SR_8b_clip	pm5__20201105_20201124__0099	/scrfs/storage/yikebe/home/research/AR_Crop_Identification/make_dataset/raw_sentinel/pm5/pm5__20201105_20201124__0099	2020-11-19	658734.00000000,3751143.00000000,659502.00000000,3751911.00000000
train	006308	lower__20201116_160808_76_227e_3B_AnalyticMS_SR_8b_clip	pm5__20201105_20201124__0099	/scrfs/storage/yikebe/home/research/AR_Crop_Identification/make_dataset/raw_sentinel/pm5/pm5__20201105_20201124__0099	2020-11-19	665646.00000000,3751143.00000000,666414.00000000,3751911.00000000
train	006324	lower__20201116_160808_76_227e_3B_AnalyticMS_SR_8b_clip	pm5__20201105_20201124__0099	/scrfs/storage/yikebe/home/research/AR_Crop_Identification/make_dataset/raw_sentinel/pm5/pm5__20201105_20201124__0099	2020-11-19	647982.00000000,3750375.00000000,648750.00000000,3751143.00000000
train	006340	lower__20201116_160808_76_227e_3B_AnalyticMS_SR_8b_clip	pm5__20201105_20201124__0099	/scrfs/storage/yikebe/home/research/AR_Crop_Identification/make_dataset/raw_sentinel/pm5/pm5__20201105_20201124__0099	2020-11-19	659502.00000000,3750375.00000000,660270.00000000,3751143.00000000
train	006356	lower__20201116_160808_76_227e_3B_AnalyticMS_SR_8b_clip	pm5__20201105_20201124__0099	/scrfs/storage/yikebe/home/research/AR_Crop_Identification/make_dataset/raw_sentinel/pm5/pm5__20201105_20201124__0099	2020-11-19	667950.00000000,3750375.00000000,668718.00000000,3751143.00000000
train	006372	lower__20201116_160808_76_227e_3B_AnalyticMS_SR_8b_clip	pm5__20201105_20201124__0099	/scrfs/storage/yikebe/home/research/AR_Crop_Identification/make_dataset/raw_sentinel/pm5/pm5__20201105_20201124__0099	2020-11-19	666414.00000000,3748839.00000000,667182.00000000,3749607.00000000
train	006388	lower__20201116_160808_76_227e_3B_AnalyticMS_SR_8b_clip	pm5__20201105_20201124__0099	/scrfs/storage/yikebe/home/research/AR_Crop_Identification/make_dataset/raw_sentinel/pm5/pm5__20201105_20201124__0099	2020-11-19	651054.00000000,3748071.00000000,651822.00000000,3748839.00000000
train	006404	lower__20201116_160808_76_227e_3B_AnalyticMS_SR_8b_clip	pm5__20201105_20201124__0099	/scrfs/storage/yikebe/home/research/AR_Crop_Identification/make_dataset/raw_sentinel/pm5/pm5__20201105_20201124__0099	2020-11-19	654126.00000000,3747303.00000000,654894.00000000,3748071.00000000
train	006420	lower__20201116_160808_76_227e_3B_AnalyticMS_SR_8b_clip	pm5__20201105_20201124__0099	/scrfs/storage/yikebe/home/research/AR_Crop_Identification/make_dataset/raw_sentinel/pm5/pm5__20201105_20201124__0099	2020-11-19	655662.00000000,3747303.00000000,656430.00000000,3748071.00000000
train	006436	lower__20201116_160808_76_227e_3B_AnalyticMS_SR_8b_clip	pm5__20201105_20201124__0099	/scrfs/storage/yikebe/home/research/AR_Crop_Identification/make_dataset/raw_sentinel/pm5/pm5__20201105_20201124__0099	2020-11-19	656430.00000000,3747303.00000000,657198.00000000,3748071.00000000
train	006452	lower__20201116_160808_76_227e_3B_AnalyticMS_SR_8b_clip	pm5__20201105_20201124__0099	/scrfs/storage/yikebe/home/research/AR_Crop_Identification/make_dataset/raw_sentinel/pm5/pm5__20201105_20201124__0099	2020-11-19	657198.00000000,3747303.00000000,657966.00000000,3748071.00000000
train	006468	lower__20201116_160808_76_227e_3B_AnalyticMS_SR_8b_clip	pm5__20201105_20201124__0099	/scrfs/storage/yikebe/home/research/AR_Crop_Identification/make_dataset/raw_sentinel/pm5/pm5__20201105_20201124__0099	2020-11-19	657198.00000000,3745767.00000000,657966.00000000,3746535.00000000
train	006484	lower__20201116_160808_76_227e_3B_AnalyticMS_SR_8b_clip	pm5__20201105_20201124__0099	/scrfs/storage/yikebe/home/research/AR_Crop_Identification/make_dataset/raw_sentinel/pm5/pm5__20201105_20201124__0099	2020-11-19	661806.00000000,3745767.00000000,662574.00000000,3746535.00000000
train	006500	lower__20201116_160808_76_227e_3B_AnalyticMS_SR_8b_clip	pm5__20201105_20201124__0099	/scrfs/storage/yikebe/home/research/AR_Crop_Identification/make_dataset/raw_sentinel/pm5/pm5__20201105_20201124__0099	2020-11-19	662574.00000000,3745767.00000000,663342.00000000,3746535.00000000
train	006516	lower__20201116_160808_76_227e_3B_AnalyticMS_SR_8b_clip	pm5__20201105_20201124__0099	/scrfs/storage/yikebe/home/research/AR_Crop_Identification/make_dataset/raw_sentinel/pm5/pm5__20201105_20201124__0099	2020-11-19	663342.00000000,3745767.00000000,664110.00000000,3746535.00000000
train	006532	lower__20201116_160947_21_222f_3B_AnalyticMS_SR_8b_clip	pm5__20201105_20201124__0082	/scrfs/storage/yikebe/home/research/AR_Crop_Identification/make_dataset/raw_sentinel/pm5/pm5__20201105_20201124__0082	2020-11-19	628023.00000000,3742839.00000000,628791.00000000,3743607.00000000
train	006548	lower__20201116_160947_21_222f_3B_AnalyticMS_SR_8b_clip	pm5__20201105_20201124__0082	/scrfs/storage/yikebe/home/research/AR_Crop_Identification/make_dataset/raw_sentinel/pm5/pm5__20201105_20201124__0082	2020-11-19	637239.00000000,3742839.00000000,638007.00000000,3743607.00000000
train	006564	lower__20201116_160947_21_222f_3B_AnalyticMS_SR_8b_clip	pm5__20201105_20201124__0082	/scrfs/storage/yikebe/home/research/AR_Crop_Identification/make_dataset/raw_sentinel/pm5/pm5__20201105_20201124__0082	2020-11-19	634167.00000000,3742071.00000000,634935.00000000,3742839.00000000
train	006580	lower__20201116_160947_21_222f_3B_AnalyticMS_SR_8b_clip	pm5__20201105_20201124__0082	/scrfs/storage/yikebe/home/research/AR_Crop_Identification/make_dataset/raw_sentinel/pm5/pm5__20201105_20201124__0082	2020-11-19	638775.00000000,3742071.00000000,639543.00000000,3742839.00000000
train	006596	lower__20201116_160947_21_222f_3B_AnalyticMS_SR_8b_clip	pm5__20201105_20201124__0082	/scrfs/storage/yikebe/home/research/AR_Crop_Identification/make_dataset/raw_sentinel/pm5/pm5__20201105_20201124__0082	2020-11-19	649527.00000000,3740535.00000000,650295.00000000,3741303.00000000
train	006612	lower__20201116_160947_21_222f_3B_AnalyticMS_SR_8b_clip	pm5__20201105_20201124__0082	/scrfs/storage/yikebe/home/research/AR_Crop_Identification/make_dataset/raw_sentinel/pm5/pm5__20201105_20201124__0082	2020-11-19	629559.00000000,3739767.00000000,630327.00000000,3740535.00000000
train	006628	lower__20201116_160947_21_222f_3B_AnalyticMS_SR_8b_clip	pm5__20201105_20201124__0082	/scrfs/storage/yikebe/home/research/AR_Crop_Identification/make_dataset/raw_sentinel/pm5/pm5__20201105_20201124__0082	2020-11-19	647223.00000000,3739767.00000000,647991.00000000,3740535.00000000
train	006644	lower__20201116_160947_21_222f_3B_AnalyticMS_SR_8b_clip	pm5__20201105_20201124__0082	/scrfs/storage/yikebe/home/research/AR_Crop_Identification/make_dataset/raw_sentinel/pm5/pm5__20201105_20201124__0082	2020-11-19	642615.00000000,3738999.00000000,643383.00000000,3739767.00000000
train	006660	lower__20201116_160947_21_222f_3B_AnalyticMS_SR_8b_clip	pm5__20201105_20201124__0082	/scrfs/storage/yikebe/home/research/AR_Crop_Identification/make_dataset/raw_sentinel/pm5/pm5__20201105_20201124__0082	2020-11-19	647223.00000000,3738999.00000000,647991.00000000,3739767.00000000
train	006676	lower__20201116_160947_21_222f_3B_AnalyticMS_SR_8b_clip	pm5__20201105_20201124__0082	/scrfs/storage/yikebe/home/research/AR_Crop_Identification/make_dataset/raw_sentinel/pm5/pm5__20201105_20201124__0082	2020-11-19	651831.00000000,3738999.00000000,652599.00000000,3739767.00000000
train	006692	lower__20201116_160947_21_222f_3B_AnalyticMS_SR_8b_clip	pm5__20201105_20201124__0082	/scrfs/storage/yikebe/home/research/AR_Crop_Identification/make_dataset/raw_sentinel/pm5/pm5__20201105_20201124__0082	2020-11-19	634167.00000000,3738231.00000000,634935.00000000,3738999.00000000
train	006708	lower__20201116_160947_21_222f_3B_AnalyticMS_SR_8b_clip	pm5__20201105_20201124__0082	/scrfs/storage/yikebe/home/research/AR_Crop_Identification/make_dataset/raw_sentinel/pm5/pm5__20201105_20201124__0082	2020-11-19	647223.00000000,3738231.00000000,647991.00000000,3738999.00000000
train	006724	lower__20201116_160947_21_222f_3B_AnalyticMS_SR_8b_clip	pm5__20201105_20201124__0082	/scrfs/storage/yikebe/home/research/AR_Crop_Identification/make_dataset/raw_sentinel/pm5/pm5__20201105_20201124__0082	2020-11-19	647991.00000000,3738231.00000000,648759.00000000,3738999.00000000
train	006740	lower__20201116_160947_21_222f_3B_AnalyticMS_SR_8b_clip	pm5__20201105_20201124__0082	/scrfs/storage/yikebe/home/research/AR_Crop_Identification/make_dataset/raw_sentinel/pm5/pm5__20201105_20201124__0082	2020-11-19	646455.00000000,3737463.00000000,647223.00000000,3738231.00000000
train	006756	lower__20201116_160947_21_222f_3B_AnalyticMS_SR_8b_clip	pm5__20201105_20201124__0082	/scrfs/storage/yikebe/home/research/AR_Crop_Identification/make_dataset/raw_sentinel/pm5/pm5__20201105_20201124__0082	2020-11-19	647223.00000000,3737463.00000000,647991.00000000,3738231.00000000
train	006772	lower__20201116_160947_21_222f_3B_AnalyticMS_SR_8b_clip	pm5__20201105_20201124__0082	/scrfs/storage/yikebe/home/research/AR_Crop_Identification/make_dataset/raw_sentinel/pm5/pm5__20201105_20201124__0082	2020-11-19	645687.00000000,3736695.00000000,646455.00000000,3737463.00000000
train	006788	lower__20201116_160947_21_222f_3B_AnalyticMS_SR_8b_clip	pm5__20201105_20201124__0082	/scrfs/storage/yikebe/home/research/AR_Crop_Identification/make_dataset/raw_sentinel/pm5/pm5__20201105_20201124__0082	2020-11-19	630327.00000000,3735927.00000000,631095.00000000,3736695.00000000
train	006804	lower__20201116_160947_21_222f_3B_AnalyticMS_SR_8b_clip	pm5__20201105_20201124__0082	/scrfs/storage/yikebe/home/research/AR_Crop_Identification/make_dataset/raw_sentinel/pm5/pm5__20201105_20201124__0082	2020-11-19	631863.00000000,3735927.00000000,632631.00000000,3736695.00000000
train	006820	lower__20201116_160947_21_222f_3B_AnalyticMS_SR_8b_clip	pm5__20201105_20201124__0082	/scrfs/storage/yikebe/home/research/AR_Crop_Identification/make_dataset/raw_sentinel/pm5/pm5__20201105_20201124__0082	2020-11-19	641079.00000000,3735927.00000000,641847.00000000,3736695.00000000
train	006836	lower__20201116_160947_21_222f_3B_AnalyticMS_SR_8b_clip	pm5__20201105_20201124__0082	/scrfs/storage/yikebe/home/research/AR_Crop_Identification/make_dataset/raw_sentinel/pm5/pm5__20201105_20201124__0082	2020-11-19	631863.00000000,3735159.00000000,632631.00000000,3735927.00000000
train	006852	lower__20201116_160947_21_222f_3B_AnalyticMS_SR_8b_clip	pm5__20201105_20201124__0082	/scrfs/storage/yikebe/home/research/AR_Crop_Identification/make_dataset/raw_sentinel/pm5/pm5__20201105_20201124__0082	2020-11-19	632631.00000000,3735159.00000000,633399.00000000,3735927.00000000
train	006868	lower__20201116_160947_21_222f_3B_AnalyticMS_SR_8b_clip	pm5__20201105_20201124__0082	/scrfs/storage/yikebe/home/research/AR_Crop_Identification/make_dataset/raw_sentinel/pm5/pm5__20201105_20201124__0082	2020-11-19	641079.00000000,3735159.00000000,641847.00000000,3735927.00000000
train	006884	lower__20201116_160947_21_222f_3B_AnalyticMS_SR_8b_clip	pm5__20201105_20201124__0082	/scrfs/storage/yikebe/home/research/AR_Crop_Identification/make_dataset/raw_sentinel/pm5/pm5__20201105_20201124__0082	2020-11-19	641079.00000000,3734391.00000000,641847.00000000,3735159.00000000
train	006900	lower__20201116_160947_21_222f_3B_AnalyticMS_SR_8b_clip	pm5__20201105_20201124__0082	/scrfs/storage/yikebe/home/research/AR_Crop_Identification/make_dataset/raw_sentinel/pm5/pm5__20201105_20201124__0082	2020-11-19	646455.00000000,3734391.00000000,647223.00000000,3735159.00000000
train	006916	lower__20201116_160947_21_222f_3B_AnalyticMS_SR_8b_clip	pm5__20201105_20201124__0082	/scrfs/storage/yikebe/home/research/AR_Crop_Identification/make_dataset/raw_sentinel/pm5/pm5__20201105_20201124__0082	2020-11-19	647223.00000000,3734391.00000000,647991.00000000,3735159.00000000
train	006932	lower__20201116_160947_21_222f_3B_AnalyticMS_SR_8b_clip	pm5__20201105_20201124__0082	/scrfs/storage/yikebe/home/research/AR_Crop_Identification/make_dataset/raw_sentinel/pm5/pm5__20201105_20201124__0082	2020-11-19	647223.00000000,3733623.00000000,647991.00000000,3734391.00000000
train	006948	lower__20201116_160947_21_222f_3B_AnalyticMS_SR_8b_clip	pm5__20201105_20201124__0082	/scrfs/storage/yikebe/home/research/AR_Crop_Identification/make_dataset/raw_sentinel/pm5/pm5__20201105_20201124__0082	2020-11-19	651063.00000000,3732855.00000000,651831.00000000,3733623.00000000
train	006964	lower__20201116_160947_21_222f_3B_AnalyticMS_SR_8b_clip	pm5__20201105_20201124__0082	/scrfs/storage/yikebe/home/research/AR_Crop_Identification/make_dataset/raw_sentinel/pm5/pm5__20201105_20201124__0082	2020-11-19	644151.00000000,3732087.00000000,644919.00000000,3732855.00000000
train	006980	lower__20201116_160947_21_222f_3B_AnalyticMS_SR_8b_clip	pm5__20201105_20201124__0082	/scrfs/storage/yikebe/home/research/AR_Crop_Identification/make_dataset/raw_sentinel/pm5/pm5__20201105_20201124__0082	2020-11-19	648759.00000000,3732087.00000000,649527.00000000,3732855.00000000
train	006996	lower__20201116_160947_21_222f_3B_AnalyticMS_SR_8b_clip	pm5__20201105_20201124__0082	/scrfs/storage/yikebe/home/research/AR_Crop_Identification/make_dataset/raw_sentinel/pm5/pm5__20201105_20201124__0082	2020-11-19	644151.00000000,3731319.00000000,644919.00000000,3732087.00000000
train	007012	lower__20201116_160947_21_222f_3B_AnalyticMS_SR_8b_clip	pm5__20201105_20201124__0082	/scrfs/storage/yikebe/home/research/AR_Crop_Identification/make_dataset/raw_sentinel/pm5/pm5__20201105_20201124__0082	2020-11-19	644919.00000000,3731319.00000000,645687.00000000,3732087.00000000
train	007028	lower__20201116_160947_21_222f_3B_AnalyticMS_SR_8b_clip	pm5__20201105_20201124__0082	/scrfs/storage/yikebe/home/research/AR_Crop_Identification/make_dataset/raw_sentinel/pm5/pm5__20201105_20201124__0082	2020-11-19	650295.00000000,3731319.00000000,651063.00000000,3732087.00000000
train	007044	lower__20201116_160947_21_222f_3B_AnalyticMS_SR_8b_clip	pm5__20201105_20201124__0082	/scrfs/storage/yikebe/home/research/AR_Crop_Identification/make_dataset/raw_sentinel/pm5/pm5__20201105_20201124__0082	2020-11-19	646455.00000000,3730551.00000000,647223.00000000,3731319.00000000
train	007060	lower__20201116_160947_21_222f_3B_AnalyticMS_SR_8b_clip	pm5__20201105_20201124__0082	/scrfs/storage/yikebe/home/research/AR_Crop_Identification/make_dataset/raw_sentinel/pm5/pm5__20201105_20201124__0082	2020-11-19	635703.00000000,3729783.00000000,636471.00000000,3730551.00000000
train	007076	lower__20201116_160947_21_222f_3B_AnalyticMS_SR_8b_clip	pm5__20201105_20201124__0082	/scrfs/storage/yikebe/home/research/AR_Crop_Identification/make_dataset/raw_sentinel/pm5/pm5__20201105_20201124__0082	2020-11-19	637239.00000000,3726711.00000000,638007.00000000,3727479.00000000
train	007092	lower__20201116_160947_21_222f_3B_AnalyticMS_SR_8b_clip	pm5__20201105_20201124__0082	/scrfs/storage/yikebe/home/research/AR_Crop_Identification/make_dataset/raw_sentinel/pm5/pm5__20201105_20201124__0082	2020-11-19	638007.00000000,3726711.00000000,638775.00000000,3727479.00000000
train	007108	lower__20201116_160947_21_222f_3B_AnalyticMS_SR_8b_clip	pm5__20201105_20201124__0082	/scrfs/storage/yikebe/home/research/AR_Crop_Identification/make_dataset/raw_sentinel/pm5/pm5__20201105_20201124__0082	2020-11-19	644151.00000000,3726711.00000000,644919.00000000,3727479.00000000
train	007124	lower__20201116_160947_21_222f_3B_AnalyticMS_SR_8b_clip	pm5__20201105_20201124__0082	/scrfs/storage/yikebe/home/research/AR_Crop_Identification/make_dataset/raw_sentinel/pm5/pm5__20201105_20201124__0082	2020-11-19	646455.00000000,3725943.00000000,647223.00000000,3726711.00000000
train	007140	lower__20201117_160532_61_2280_3B_AnalyticMS_SR_8b_clip	pm5__20201105_20201124__0121	/scrfs/storage/yikebe/home/research/AR_Crop_Identification/make_dataset/raw_sentinel/pm5/pm5__20201105_20201124__0121	2020-11-21	721785.00000000,3770415.00000000,722553.00000000,3771183.00000000
train	007156	lower__20201117_160532_61_2280_3B_AnalyticMS_SR_8b_clip	pm5__20201105_20201124__0121	/scrfs/storage/yikebe/home/research/AR_Crop_Identification/make_dataset/raw_sentinel/pm5/pm5__20201105_20201124__0121	2020-11-21	714873.00000000,3769647.00000000,715641.00000000,3770415.00000000
train	007172	lower__20201117_160532_61_2280_3B_AnalyticMS_SR_8b_clip	pm5__20201105_20201124__0121	/scrfs/storage/yikebe/home/research/AR_Crop_Identification/make_dataset/raw_sentinel/pm5/pm5__20201105_20201124__0121	2020-11-21	715641.00000000,3769647.00000000,716409.00000000,3770415.00000000
train	007188	lower__20201117_160532_61_2280_3B_AnalyticMS_SR_8b_clip	pm5__20201105_20201124__0121	/scrfs/storage/yikebe/home/research/AR_Crop_Identification/make_dataset/raw_sentinel/pm5/pm5__20201105_20201124__0121	2020-11-21	719481.00000000,3766575.00000000,720249.00000000,3767343.00000000
train	007204	lower__20201117_160532_61_2280_3B_AnalyticMS_SR_8b_clip	pm5__20201105_20201124__0121	/scrfs/storage/yikebe/home/research/AR_Crop_Identification/make_dataset/raw_sentinel/pm5/pm5__20201105_20201124__0121	2020-11-21	721785.00000000,3761967.00000000,722553.00000000,3762735.00000000
train	007220	lower__20201117_160532_61_2280_3B_AnalyticMS_SR_8b_clip	pm5__20201105_20201124__0121	/scrfs/storage/yikebe/home/research/AR_Crop_Identification/make_dataset/raw_sentinel/pm5/pm5__20201105_20201124__0121	2020-11-21	721785.00000000,3761199.00000000,722553.00000000,3761967.00000000
train	007236	lower__20201117_160532_61_2280_3B_AnalyticMS_SR_8b_clip	pm5__20201105_20201124__0121	/scrfs/storage/yikebe/home/research/AR_Crop_Identification/make_dataset/raw_sentinel/pm5/pm5__20201105_20201124__0121	2020-11-21	723321.00000000,3761199.00000000,724089.00000000,3761967.00000000
train	007252	lower__20201117_160532_61_2280_3B_AnalyticMS_SR_8b_clip	pm5__20201105_20201124__0121	/scrfs/storage/yikebe/home/research/AR_Crop_Identification/make_dataset/raw_sentinel/pm5/pm5__20201105_20201124__0121	2020-11-21	721785.00000000,3760431.00000000,722553.00000000,3761199.00000000
train	007268	lower__20201117_160532_61_2280_3B_AnalyticMS_SR_8b_clip	pm5__20201105_20201124__0121	/scrfs/storage/yikebe/home/research/AR_Crop_Identification/make_dataset/raw_sentinel/pm5/pm5__20201105_20201124__0121	2020-11-21	733305.00000000,3760431.00000000,734073.00000000,3761199.00000000
train	007284	lower__20201117_160532_61_2280_3B_AnalyticMS_SR_8b_clip	pm5__20201105_20201124__0121	/scrfs/storage/yikebe/home/research/AR_Crop_Identification/make_dataset/raw_sentinel/pm5/pm5__20201105_20201124__0121	2020-11-21	723321.00000000,3758895.00000000,724089.00000000,3759663.00000000
train	007300	lower__20201117_160532_61_2280_3B_AnalyticMS_SR_8b_clip	pm5__20201105_20201124__0121	/scrfs/storage/yikebe/home/research/AR_Crop_Identification/make_dataset/raw_sentinel/pm5/pm5__20201105_20201124__0121	2020-11-21	723321.00000000,3757359.00000000,724089.00000000,3758127.00000000
train	007316	lower__20201117_160532_61_2280_3B_AnalyticMS_SR_8b_clip	pm5__20201105_20201124__0121	/scrfs/storage/yikebe/home/research/AR_Crop_Identification/make_dataset/raw_sentinel/pm5/pm5__20201105_20201124__0121	2020-11-21	723321.00000000,3756591.00000000,724089.00000000,3757359.00000000
train	007332	lower__20201117_160532_61_2280_3B_AnalyticMS_SR_8b_clip	pm5__20201105_20201124__0121	/scrfs/storage/yikebe/home/research/AR_Crop_Identification/make_dataset/raw_sentinel/pm5/pm5__20201105_20201124__0121	2020-11-21	724857.00000000,3756591.00000000,725625.00000000,3757359.00000000
train	007348	lower__20201117_165404_17_2414_3B_AnalyticMS_SR_8b_clip	pm5__20201105_20201124__0075	/scrfs/storage/yikebe/home/research/AR_Crop_Identification/make_dataset/raw_sentinel/pm5/pm5__20201105_20201124__0075	2020-11-19	616395.00000000,3682881.00000000,617163.00000000,3683649.00000000
train	007364	lower__20201117_165404_17_2414_3B_AnalyticMS_SR_8b_clip	pm5__20201105_20201124__0075	/scrfs/storage/yikebe/home/research/AR_Crop_Identification/make_dataset/raw_sentinel/pm5/pm5__20201105_20201124__0075	2020-11-19	621003.00000000,3682881.00000000,621771.00000000,3683649.00000000
train	007380	lower__20201118_155750_48_222b_3B_AnalyticMS_SR_8b_clip	pm5__20201105_20201124__0119	/scrfs/storage/yikebe/home/research/AR_Crop_Identification/make_dataset/raw_sentinel/pm5/pm5__20201105_20201124__0119	2020-11-21	711216.00000000,3673464.00000000,711984.00000000,3674232.00000000
train	007396	lower__20201118_155750_48_222b_3B_AnalyticMS_SR_8b_clip	pm5__20201105_20201124__0119	/scrfs/storage/yikebe/home/research/AR_Crop_Identification/make_dataset/raw_sentinel/pm5/pm5__20201105_20201124__0119	2020-11-21	714288.00000000,3672696.00000000,715056.00000000,3673464.00000000
train	007412	lower__20201118_155750_48_222b_3B_AnalyticMS_SR_8b_clip	pm5__20201105_20201124__0119	/scrfs/storage/yikebe/home/research/AR_Crop_Identification/make_dataset/raw_sentinel/pm5/pm5__20201105_20201124__0119	2020-11-21	721200.00000000,3672696.00000000,721968.00000000,3673464.00000000
train	007428	lower__20201118_155750_48_222b_3B_AnalyticMS_SR_8b_clip	pm5__20201105_20201124__0119	/scrfs/storage/yikebe/home/research/AR_Crop_Identification/make_dataset/raw_sentinel/pm5/pm5__20201105_20201124__0119	2020-11-21	706608.00000000,3671928.00000000,707376.00000000,3672696.00000000
train	007444	lower__20201118_155750_48_222b_3B_AnalyticMS_SR_8b_clip	pm5__20201105_20201124__0119	/scrfs/storage/yikebe/home/research/AR_Crop_Identification/make_dataset/raw_sentinel/pm5/pm5__20201105_20201124__0119	2020-11-21	710448.00000000,3671928.00000000,711216.00000000,3672696.00000000
train	007460	lower__20201118_155750_48_222b_3B_AnalyticMS_SR_8b_clip	pm5__20201105_20201124__0119	/scrfs/storage/yikebe/home/research/AR_Crop_Identification/make_dataset/raw_sentinel/pm5/pm5__20201105_20201124__0119	2020-11-21	714288.00000000,3671928.00000000,715056.00000000,3672696.00000000
train	007476	lower__20201118_155750_48_222b_3B_AnalyticMS_SR_8b_clip	pm5__20201105_20201124__0119	/scrfs/storage/yikebe/home/research/AR_Crop_Identification/make_dataset/raw_sentinel/pm5/pm5__20201105_20201124__0119	2020-11-21	728112.00000000,3671928.00000000,728880.00000000,3672696.00000000
train	007492	lower__20201118_155750_48_222b_3B_AnalyticMS_SR_8b_clip	pm5__20201105_20201124__0119	/scrfs/storage/yikebe/home/research/AR_Crop_Identification/make_dataset/raw_sentinel/pm5/pm5__20201105_20201124__0119	2020-11-21	729648.00000000,3671928.00000000,730416.00000000,3672696.00000000
train	007508	lower__20201118_155750_48_222b_3B_AnalyticMS_SR_8b_clip	pm5__20201105_20201124__0119	/scrfs/storage/yikebe/home/research/AR_Crop_Identification/make_dataset/raw_sentinel/pm5/pm5__20201105_20201124__0119	2020-11-21	710448.00000000,3671160.00000000,711216.00000000,3671928.00000000
train	007524	lower__20201118_155750_48_222b_3B_AnalyticMS_SR_8b_clip	pm5__20201105_20201124__0119	/scrfs/storage/yikebe/home/research/AR_Crop_Identification/make_dataset/raw_sentinel/pm5/pm5__20201105_20201124__0119	2020-11-21	711216.00000000,3671160.00000000,711984.00000000,3671928.00000000
train	007540	lower__20201118_155750_48_222b_3B_AnalyticMS_SR_8b_clip	pm5__20201105_20201124__0119	/scrfs/storage/yikebe/home/research/AR_Crop_Identification/make_dataset/raw_sentinel/pm5/pm5__20201105_20201124__0119	2020-11-21	711984.00000000,3671160.00000000,712752.00000000,3671928.00000000
train	007556	lower__20201118_155750_48_222b_3B_AnalyticMS_SR_8b_clip	pm5__20201105_20201124__0119	/scrfs/storage/yikebe/home/research/AR_Crop_Identification/make_dataset/raw_sentinel/pm5/pm5__20201105_20201124__0119	2020-11-21	705072.00000000,3670392.00000000,705840.00000000,3671160.00000000
train	007572	lower__20201118_155750_48_222b_3B_AnalyticMS_SR_8b_clip	pm5__20201105_20201124__0119	/scrfs/storage/yikebe/home/research/AR_Crop_Identification/make_dataset/raw_sentinel/pm5/pm5__20201105_20201124__0119	2020-11-21	705840.00000000,3670392.00000000,706608.00000000,3671160.00000000
train	007588	lower__20201118_155750_48_222b_3B_AnalyticMS_SR_8b_clip	pm5__20201105_20201124__0119	/scrfs/storage/yikebe/home/research/AR_Crop_Identification/make_dataset/raw_sentinel/pm5/pm5__20201105_20201124__0119	2020-11-21	705072.00000000,3669624.00000000,705840.00000000,3670392.00000000
train	007604	lower__20201118_155750_48_222b_3B_AnalyticMS_SR_8b_clip	pm5__20201105_20201124__0119	/scrfs/storage/yikebe/home/research/AR_Crop_Identification/make_dataset/raw_sentinel/pm5/pm5__20201105_20201124__0119	2020-11-21	705840.00000000,3669624.00000000,706608.00000000,3670392.00000000
train	007620	lower__20201118_155750_48_222b_3B_AnalyticMS_SR_8b_clip	pm5__20201105_20201124__0119	/scrfs/storage/yikebe/home/research/AR_Crop_Identification/make_dataset/raw_sentinel/pm5/pm5__20201105_20201124__0119	2020-11-21	706608.00000000,3668856.00000000,707376.00000000,3669624.00000000
train	007636	lower__20201118_155750_48_222b_3B_AnalyticMS_SR_8b_clip	pm5__20201105_20201124__0119	/scrfs/storage/yikebe/home/research/AR_Crop_Identification/make_dataset/raw_sentinel/pm5/pm5__20201105_20201124__0119	2020-11-21	707376.00000000,3667320.00000000,708144.00000000,3668088.00000000
train	007652	lower__20201118_155750_48_222b_3B_AnalyticMS_SR_8b_clip	pm5__20201105_20201124__0119	/scrfs/storage/yikebe/home/research/AR_Crop_Identification/make_dataset/raw_sentinel/pm5/pm5__20201105_20201124__0119	2020-11-21	705840.00000000,3666552.00000000,706608.00000000,3667320.00000000
train	007668	lower__20201118_155750_48_222b_3B_AnalyticMS_SR_8b_clip	pm5__20201105_20201124__0119	/scrfs/storage/yikebe/home/research/AR_Crop_Identification/make_dataset/raw_sentinel/pm5/pm5__20201105_20201124__0119	2020-11-21	706608.00000000,3666552.00000000,707376.00000000,3667320.00000000
train	007684	lower__20201118_155750_48_222b_3B_AnalyticMS_SR_8b_clip	pm5__20201105_20201124__0119	/scrfs/storage/yikebe/home/research/AR_Crop_Identification/make_dataset/raw_sentinel/pm5/pm5__20201105_20201124__0119	2020-11-21	707376.00000000,3666552.00000000,708144.00000000,3667320.00000000
train	007700	lower__20201118_155750_48_222b_3B_AnalyticMS_SR_8b_clip	pm5__20201105_20201124__0119	/scrfs/storage/yikebe/home/research/AR_Crop_Identification/make_dataset/raw_sentinel/pm5/pm5__20201105_20201124__0119	2020-11-21	721200.00000000,3666552.00000000,721968.00000000,3667320.00000000
train	007716	lower__20201118_155750_48_222b_3B_AnalyticMS_SR_8b_clip	pm5__20201105_20201124__0119	/scrfs/storage/yikebe/home/research/AR_Crop_Identification/make_dataset/raw_sentinel/pm5/pm5__20201105_20201124__0119	2020-11-21	715056.00000000,3665016.00000000,715824.00000000,3665784.00000000
train	007732	lower__20201118_155750_48_222b_3B_AnalyticMS_SR_8b_clip	pm5__20201105_20201124__0119	/scrfs/storage/yikebe/home/research/AR_Crop_Identification/make_dataset/raw_sentinel/pm5/pm5__20201105_20201124__0119	2020-11-21	721200.00000000,3664248.00000000,721968.00000000,3665016.00000000
train	007748	lower__20201118_155750_48_222b_3B_AnalyticMS_SR_8b_clip	pm5__20201105_20201124__0119	/scrfs/storage/yikebe/home/research/AR_Crop_Identification/make_dataset/raw_sentinel/pm5/pm5__20201105_20201124__0119	2020-11-21	721968.00000000,3664248.00000000,722736.00000000,3665016.00000000
train	007764	lower__20201118_155750_48_222b_3B_AnalyticMS_SR_8b_clip	pm5__20201105_20201124__0119	/scrfs/storage/yikebe/home/research/AR_Crop_Identification/make_dataset/raw_sentinel/pm5/pm5__20201105_20201124__0119	2020-11-21	712752.00000000,3663480.00000000,713520.00000000,3664248.00000000
train	007780	lower__20201118_155750_48_222b_3B_AnalyticMS_SR_8b_clip	pm5__20201105_20201124__0119	/scrfs/storage/yikebe/home/research/AR_Crop_Identification/make_dataset/raw_sentinel/pm5/pm5__20201105_20201124__0119	2020-11-21	721200.00000000,3663480.00000000,721968.00000000,3664248.00000000
train	007796	lower__20201118_155750_48_222b_3B_AnalyticMS_SR_8b_clip	pm5__20201105_20201124__0119	/scrfs/storage/yikebe/home/research/AR_Crop_Identification/make_dataset/raw_sentinel/pm5/pm5__20201105_20201124__0119	2020-11-21	721968.00000000,3663480.00000000,722736.00000000,3664248.00000000
train	007812	lower__20201118_155750_48_222b_3B_AnalyticMS_SR_8b_clip	pm5__20201105_20201124__0119	/scrfs/storage/yikebe/home/research/AR_Crop_Identification/make_dataset/raw_sentinel/pm5/pm5__20201105_20201124__0119	2020-11-21	705840.00000000,3662712.00000000,706608.00000000,3663480.00000000
train	007828	lower__20201118_155750_48_222b_3B_AnalyticMS_SR_8b_clip	pm5__20201105_20201124__0119	/scrfs/storage/yikebe/home/research/AR_Crop_Identification/make_dataset/raw_sentinel/pm5/pm5__20201105_20201124__0119	2020-11-21	733488.00000000,3662712.00000000,734256.00000000,3663480.00000000
train	007844	lower__20201118_155750_48_222b_3B_AnalyticMS_SR_8b_clip	pm5__20201105_20201124__0119	/scrfs/storage/yikebe/home/research/AR_Crop_Identification/make_dataset/raw_sentinel/pm5/pm5__20201105_20201124__0119	2020-11-21	703536.00000000,3661944.00000000,704304.00000000,3662712.00000000
train	007860	lower__20201118_155750_48_222b_3B_AnalyticMS_SR_8b_clip	pm5__20201105_20201124__0119	/scrfs/storage/yikebe/home/research/AR_Crop_Identification/make_dataset/raw_sentinel/pm5/pm5__20201105_20201124__0119	2020-11-21	705840.00000000,3661944.00000000,706608.00000000,3662712.00000000
train	007876	lower__20201118_155750_48_222b_3B_AnalyticMS_SR_8b_clip	pm5__20201105_20201124__0119	/scrfs/storage/yikebe/home/research/AR_Crop_Identification/make_dataset/raw_sentinel/pm5/pm5__20201105_20201124__0119	2020-11-21	703536.00000000,3661176.00000000,704304.00000000,3661944.00000000
train	007892	lower__20201118_155750_48_222b_3B_AnalyticMS_SR_8b_clip	pm5__20201105_20201124__0119	/scrfs/storage/yikebe/home/research/AR_Crop_Identification/make_dataset/raw_sentinel/pm5/pm5__20201105_20201124__0119	2020-11-21	729648.00000000,3659640.00000000,730416.00000000,3660408.00000000
train	007908	lower__20201118_155750_48_222b_3B_AnalyticMS_SR_8b_clip	pm5__20201105_20201124__0119	/scrfs/storage/yikebe/home/research/AR_Crop_Identification/make_dataset/raw_sentinel/pm5/pm5__20201105_20201124__0119	2020-11-21	728880.00000000,3658872.00000000,729648.00000000,3659640.00000000
train	007924	lower__20201118_155750_48_222b_3B_AnalyticMS_SR_8b_clip	pm5__20201105_20201124__0119	/scrfs/storage/yikebe/home/research/AR_Crop_Identification/make_dataset/raw_sentinel/pm5/pm5__20201105_20201124__0119	2020-11-21	717360.00000000,3654264.00000000,718128.00000000,3655032.00000000
train	007940	lower__20201118_160711_21_2278_3B_AnalyticMS_SR_8b_clip	pm5__20201105_20201124__0078	/scrfs/storage/yikebe/home/research/AR_Crop_Identification/make_dataset/raw_sentinel/pm5/pm5__20201105_20201124__0078	2020-11-19	605016.00000000,3845526.00000000,605784.00000000,3846294.00000000
train	007956	lower__20201118_160711_21_2278_3B_AnalyticMS_SR_8b_clip	pm5__20201105_20201124__0078	/scrfs/storage/yikebe/home/research/AR_Crop_Identification/make_dataset/raw_sentinel/pm5/pm5__20201105_20201124__0078	2020-11-19	605784.00000000,3845526.00000000,606552.00000000,3846294.00000000
train	007972	lower__20201118_160711_21_2278_3B_AnalyticMS_SR_8b_clip	pm5__20201105_20201124__0078	/scrfs/storage/yikebe/home/research/AR_Crop_Identification/make_dataset/raw_sentinel/pm5/pm5__20201105_20201124__0078	2020-11-19	610392.00000000,3845526.00000000,611160.00000000,3846294.00000000
train	007988	lower__20201118_160711_21_2278_3B_AnalyticMS_SR_8b_clip	pm5__20201105_20201124__0078	/scrfs/storage/yikebe/home/research/AR_Crop_Identification/make_dataset/raw_sentinel/pm5/pm5__20201105_20201124__0078	2020-11-19	611160.00000000,3845526.00000000,611928.00000000,3846294.00000000
train	008004	lower__20201118_160711_21_2278_3B_AnalyticMS_SR_8b_clip	pm5__20201105_20201124__0078	/scrfs/storage/yikebe/home/research/AR_Crop_Identification/make_dataset/raw_sentinel/pm5/pm5__20201105_20201124__0078	2020-11-19	611928.00000000,3845526.00000000,612696.00000000,3846294.00000000
train	008020	lower__20201118_160711_21_2278_3B_AnalyticMS_SR_8b_clip	pm5__20201105_20201124__0078	/scrfs/storage/yikebe/home/research/AR_Crop_Identification/make_dataset/raw_sentinel/pm5/pm5__20201105_20201124__0078	2020-11-19	618072.00000000,3845526.00000000,618840.00000000,3846294.00000000
train	008036	lower__20201118_160711_21_2278_3B_AnalyticMS_SR_8b_clip	pm5__20201105_20201124__0078	/scrfs/storage/yikebe/home/research/AR_Crop_Identification/make_dataset/raw_sentinel/pm5/pm5__20201105_20201124__0078	2020-11-19	622680.00000000,3845526.00000000,623448.00000000,3846294.00000000
train	008052	lower__20201118_160711_21_2278_3B_AnalyticMS_SR_8b_clip	pm5__20201105_20201124__0078	/scrfs/storage/yikebe/home/research/AR_Crop_Identification/make_dataset/raw_sentinel/pm5/pm5__20201105_20201124__0078	2020-11-19	624216.00000000,3845526.00000000,624984.00000000,3846294.00000000
train	008068	lower__20201118_160711_21_2278_3B_AnalyticMS_SR_8b_clip	pm5__20201105_20201124__0078	/scrfs/storage/yikebe/home/research/AR_Crop_Identification/make_dataset/raw_sentinel/pm5/pm5__20201105_20201124__0078	2020-11-19	602712.00000000,3844758.00000000,603480.00000000,3845526.00000000
train	008084	lower__20201118_160711_21_2278_3B_AnalyticMS_SR_8b_clip	pm5__20201105_20201124__0078	/scrfs/storage/yikebe/home/research/AR_Crop_Identification/make_dataset/raw_sentinel/pm5/pm5__20201105_20201124__0078	2020-11-19	603480.00000000,3844758.00000000,604248.00000000,3845526.00000000
train	008100	lower__20201118_160711_21_2278_3B_AnalyticMS_SR_8b_clip	pm5__20201105_20201124__0078	/scrfs/storage/yikebe/home/research/AR_Crop_Identification/make_dataset/raw_sentinel/pm5/pm5__20201105_20201124__0078	2020-11-19	611160.00000000,3843990.00000000,611928.00000000,3844758.00000000
train	008116	lower__20201118_160711_21_2278_3B_AnalyticMS_SR_8b_clip	pm5__20201105_20201124__0078	/scrfs/storage/yikebe/home/research/AR_Crop_Identification/make_dataset/raw_sentinel/pm5/pm5__20201105_20201124__0078	2020-11-19	604248.00000000,3843222.00000000,605016.00000000,3843990.00000000
train	008132	lower__20201118_160711_21_2278_3B_AnalyticMS_SR_8b_clip	pm5__20201105_20201124__0078	/scrfs/storage/yikebe/home/research/AR_Crop_Identification/make_dataset/raw_sentinel/pm5/pm5__20201105_20201124__0078	2020-11-19	605016.00000000,3843222.00000000,605784.00000000,3843990.00000000
train	008148	lower__20201118_160711_21_2278_3B_AnalyticMS_SR_8b_clip	pm5__20201105_20201124__0078	/scrfs/storage/yikebe/home/research/AR_Crop_Identification/make_dataset/raw_sentinel/pm5/pm5__20201105_20201124__0078	2020-11-19	611928.00000000,3843222.00000000,612696.00000000,3843990.00000000
train	008164	lower__20201118_160711_21_2278_3B_AnalyticMS_SR_8b_clip	pm5__20201105_20201124__0078	/scrfs/storage/yikebe/home/research/AR_Crop_Identification/make_dataset/raw_sentinel/pm5/pm5__20201105_20201124__0078	2020-11-19	631128.00000000,3843222.00000000,631896.00000000,3843990.00000000
train	008180	lower__20201118_160711_21_2278_3B_AnalyticMS_SR_8b_clip	pm5__20201105_20201124__0078	/scrfs/storage/yikebe/home/research/AR_Crop_Identification/make_dataset/raw_sentinel/pm5/pm5__20201105_20201124__0078	2020-11-19	605016.00000000,3842454.00000000,605784.00000000,3843222.00000000
train	008196	lower__20201118_160711_21_2278_3B_AnalyticMS_SR_8b_clip	pm5__20201105_20201124__0078	/scrfs/storage/yikebe/home/research/AR_Crop_Identification/make_dataset/raw_sentinel/pm5/pm5__20201105_20201124__0078	2020-11-19	606552.00000000,3842454.00000000,607320.00000000,3843222.00000000
train	008212	lower__20201118_160711_21_2278_3B_AnalyticMS_SR_8b_clip	pm5__20201105_20201124__0078	/scrfs/storage/yikebe/home/research/AR_Crop_Identification/make_dataset/raw_sentinel/pm5/pm5__20201105_20201124__0078	2020-11-19	606552.00000000,3841686.00000000,607320.00000000,3842454.00000000
train	008228	lower__20201118_160711_21_2278_3B_AnalyticMS_SR_8b_clip	pm5__20201105_20201124__0078	/scrfs/storage/yikebe/home/research/AR_Crop_Identification/make_dataset/raw_sentinel/pm5/pm5__20201105_20201124__0078	2020-11-19	608856.00000000,3840918.00000000,609624.00000000,3841686.00000000
train	008244	lower__20201118_160711_21_2278_3B_AnalyticMS_SR_8b_clip	pm5__20201105_20201124__0078	/scrfs/storage/yikebe/home/research/AR_Crop_Identification/make_dataset/raw_sentinel/pm5/pm5__20201105_20201124__0078	2020-11-19	609624.00000000,3840918.00000000,610392.00000000,3841686.00000000
train	008260	lower__20201118_160711_21_2278_3B_AnalyticMS_SR_8b_clip	pm5__20201105_20201124__0078	/scrfs/storage/yikebe/home/research/AR_Crop_Identification/make_dataset/raw_sentinel/pm5/pm5__20201105_20201124__0078	2020-11-19	619608.00000000,3840918.00000000,620376.00000000,3841686.00000000
train	008276	lower__20201118_160711_21_2278_3B_AnalyticMS_SR_8b_clip	pm5__20201105_20201124__0078	/scrfs/storage/yikebe/home/research/AR_Crop_Identification/make_dataset/raw_sentinel/pm5/pm5__20201105_20201124__0078	2020-11-19	608088.00000000,3840150.00000000,608856.00000000,3840918.00000000
train	008292	lower__20201118_160711_21_2278_3B_AnalyticMS_SR_8b_clip	pm5__20201105_20201124__0078	/scrfs/storage/yikebe/home/research/AR_Crop_Identification/make_dataset/raw_sentinel/pm5/pm5__20201105_20201124__0078	2020-11-19	609624.00000000,3840150.00000000,610392.00000000,3840918.00000000
train	008308	lower__20201118_160711_21_2278_3B_AnalyticMS_SR_8b_clip	pm5__20201105_20201124__0078	/scrfs/storage/yikebe/home/research/AR_Crop_Identification/make_dataset/raw_sentinel/pm5/pm5__20201105_20201124__0078	2020-11-19	610392.00000000,3840150.00000000,611160.00000000,3840918.00000000
train	008324	lower__20201118_160711_21_2278_3B_AnalyticMS_SR_8b_clip	pm5__20201105_20201124__0078	/scrfs/storage/yikebe/home/research/AR_Crop_Identification/make_dataset/raw_sentinel/pm5/pm5__20201105_20201124__0078	2020-11-19	611928.00000000,3840150.00000000,612696.00000000,3840918.00000000
train	008340	lower__20201118_160711_21_2278_3B_AnalyticMS_SR_8b_clip	pm5__20201105_20201124__0078	/scrfs/storage/yikebe/home/research/AR_Crop_Identification/make_dataset/raw_sentinel/pm5/pm5__20201105_20201124__0078	2020-11-19	620376.00000000,3840150.00000000,621144.00000000,3840918.00000000
train	008356	lower__20201118_160711_21_2278_3B_AnalyticMS_SR_8b_clip	pm5__20201105_20201124__0078	/scrfs/storage/yikebe/home/research/AR_Crop_Identification/make_dataset/raw_sentinel/pm5/pm5__20201105_20201124__0078	2020-11-19	611160.00000000,3839382.00000000,611928.00000000,3840150.00000000
train	008372	lower__20201118_160711_21_2278_3B_AnalyticMS_SR_8b_clip	pm5__20201105_20201124__0078	/scrfs/storage/yikebe/home/research/AR_Crop_Identification/make_dataset/raw_sentinel/pm5/pm5__20201105_20201124__0078	2020-11-19	611928.00000000,3839382.00000000,612696.00000000,3840150.00000000
train	008388	lower__20201118_160711_21_2278_3B_AnalyticMS_SR_8b_clip	pm5__20201105_20201124__0078	/scrfs/storage/yikebe/home/research/AR_Crop_Identification/make_dataset/raw_sentinel/pm5/pm5__20201105_20201124__0078	2020-11-19	620376.00000000,3839382.00000000,621144.00000000,3840150.00000000
train	008404	lower__20201118_160711_21_2278_3B_AnalyticMS_SR_8b_clip	pm5__20201105_20201124__0078	/scrfs/storage/yikebe/home/research/AR_Crop_Identification/make_dataset/raw_sentinel/pm5/pm5__20201105_20201124__0078	2020-11-19	629592.00000000,3839382.00000000,630360.00000000,3840150.00000000
train	008420	lower__20201118_160711_21_2278_3B_AnalyticMS_SR_8b_clip	pm5__20201105_20201124__0078	/scrfs/storage/yikebe/home/research/AR_Crop_Identification/make_dataset/raw_sentinel/pm5/pm5__20201105_20201124__0078	2020-11-19	611160.00000000,3838614.00000000,611928.00000000,3839382.00000000
train	008436	lower__20201118_160711_21_2278_3B_AnalyticMS_SR_8b_clip	pm5__20201105_20201124__0078	/scrfs/storage/yikebe/home/research/AR_Crop_Identification/make_dataset/raw_sentinel/pm5/pm5__20201105_20201124__0078	2020-11-19	611928.00000000,3838614.00000000,612696.00000000,3839382.00000000
train	008452	lower__20201118_160711_21_2278_3B_AnalyticMS_SR_8b_clip	pm5__20201105_20201124__0078	/scrfs/storage/yikebe/home/research/AR_Crop_Identification/make_dataset/raw_sentinel/pm5/pm5__20201105_20201124__0078	2020-11-19	620376.00000000,3838614.00000000,621144.00000000,3839382.00000000
train	008468	lower__20201118_160711_21_2278_3B_AnalyticMS_SR_8b_clip	pm5__20201105_20201124__0078	/scrfs/storage/yikebe/home/research/AR_Crop_Identification/make_dataset/raw_sentinel/pm5/pm5__20201105_20201124__0078	2020-11-19	621144.00000000,3838614.00000000,621912.00000000,3839382.00000000
train	008484	lower__20201118_160711_21_2278_3B_AnalyticMS_SR_8b_clip	pm5__20201105_20201124__0078	/scrfs/storage/yikebe/home/research/AR_Crop_Identification/make_dataset/raw_sentinel/pm5/pm5__20201105_20201124__0078	2020-11-19	615000.00000000,3837846.00000000,615768.00000000,3838614.00000000
train	008500	lower__20201118_160711_21_2278_3B_AnalyticMS_SR_8b_clip	pm5__20201105_20201124__0078	/scrfs/storage/yikebe/home/research/AR_Crop_Identification/make_dataset/raw_sentinel/pm5/pm5__20201105_20201124__0078	2020-11-19	615768.00000000,3837846.00000000,616536.00000000,3838614.00000000
train	008516	lower__20201118_160711_21_2278_3B_AnalyticMS_SR_8b_clip	pm5__20201105_20201124__0078	/scrfs/storage/yikebe/home/research/AR_Crop_Identification/make_dataset/raw_sentinel/pm5/pm5__20201105_20201124__0078	2020-11-19	631896.00000000,3837078.00000000,632664.00000000,3837846.00000000
train	008532	lower__20201118_160833_67_2441_3B_AnalyticMS_SR_8b_clip	pm5__20201105_20201124__0082	/scrfs/storage/yikebe/home/research/AR_Crop_Identification/make_dataset/raw_sentinel/pm5/pm5__20201105_20201124__0082	2020-11-19	630027.00000000,3817626.00000000,630795.00000000,3818394.00000000
train	008548	lower__20201118_160833_67_2441_3B_AnalyticMS_SR_8b_clip	pm5__20201105_20201124__0082	/scrfs/storage/yikebe/home/research/AR_Crop_Identification/make_dataset/raw_sentinel/pm5/pm5__20201105_20201124__0082	2020-11-19	639243.00000000,3816858.00000000,640011.00000000,3817626.00000000
train	008564	lower__20201118_160833_67_2441_3B_AnalyticMS_SR_8b_clip	pm5__20201105_20201124__0082	/scrfs/storage/yikebe/home/research/AR_Crop_Identification/make_dataset/raw_sentinel/pm5/pm5__20201105_20201124__0082	2020-11-19	639243.00000000,3816090.00000000,640011.00000000,3816858.00000000
train	008580	lower__20201118_160833_67_2441_3B_AnalyticMS_SR_8b_clip	pm5__20201105_20201124__0082	/scrfs/storage/yikebe/home/research/AR_Crop_Identification/make_dataset/raw_sentinel/pm5/pm5__20201105_20201124__0082	2020-11-19	636939.00000000,3815322.00000000,637707.00000000,3816090.00000000
train	008596	lower__20201118_160833_67_2441_3B_AnalyticMS_SR_8b_clip	pm5__20201105_20201124__0082	/scrfs/storage/yikebe/home/research/AR_Crop_Identification/make_dataset/raw_sentinel/pm5/pm5__20201105_20201124__0082	2020-11-19	636171.00000000,3814554.00000000,636939.00000000,3815322.00000000
train	008612	lower__20201118_160833_67_2441_3B_AnalyticMS_SR_8b_clip	pm5__20201105_20201124__0082	/scrfs/storage/yikebe/home/research/AR_Crop_Identification/make_dataset/raw_sentinel/pm5/pm5__20201105_20201124__0082	2020-11-19	636939.00000000,3814554.00000000,637707.00000000,3815322.00000000
train	008628	lower__20201118_160833_67_2441_3B_AnalyticMS_SR_8b_clip	pm5__20201105_20201124__0082	/scrfs/storage/yikebe/home/research/AR_Crop_Identification/make_dataset/raw_sentinel/pm5/pm5__20201105_20201124__0082	2020-11-19	628491.00000000,3813018.00000000,629259.00000000,3813786.00000000
train	008644	lower__20201118_160833_67_2441_3B_AnalyticMS_SR_8b_clip	pm5__20201105_20201124__0082	/scrfs/storage/yikebe/home/research/AR_Crop_Identification/make_dataset/raw_sentinel/pm5/pm5__20201105_20201124__0082	2020-11-19	632331.00000000,3813018.00000000,633099.00000000,3813786.00000000
train	008660	lower__20201118_160833_67_2441_3B_AnalyticMS_SR_8b_clip	pm5__20201105_20201124__0082	/scrfs/storage/yikebe/home/research/AR_Crop_Identification/make_dataset/raw_sentinel/pm5/pm5__20201105_20201124__0082	2020-11-19	629259.00000000,3812250.00000000,630027.00000000,3813018.00000000
train	008676	lower__20201118_160833_67_2441_3B_AnalyticMS_SR_8b_clip	pm5__20201105_20201124__0082	/scrfs/storage/yikebe/home/research/AR_Crop_Identification/make_dataset/raw_sentinel/pm5/pm5__20201105_20201124__0082	2020-11-19	630027.00000000,3812250.00000000,630795.00000000,3813018.00000000
train	008692	lower__20201118_160833_67_2441_3B_AnalyticMS_SR_8b_clip	pm5__20201105_20201124__0082	/scrfs/storage/yikebe/home/research/AR_Crop_Identification/make_dataset/raw_sentinel/pm5/pm5__20201105_20201124__0082	2020-11-19	638475.00000000,3812250.00000000,639243.00000000,3813018.00000000
train	008708	lower__20201118_160833_67_2441_3B_AnalyticMS_SR_8b_clip	pm5__20201105_20201124__0082	/scrfs/storage/yikebe/home/research/AR_Crop_Identification/make_dataset/raw_sentinel/pm5/pm5__20201105_20201124__0082	2020-11-19	646155.00000000,3812250.00000000,646923.00000000,3813018.00000000
train	008724	lower__20201118_160833_67_2441_3B_AnalyticMS_SR_8b_clip	pm5__20201105_20201124__0082	/scrfs/storage/yikebe/home/research/AR_Crop_Identification/make_dataset/raw_sentinel/pm5/pm5__20201105_20201124__0082	2020-11-19	621579.00000000,3811482.00000000,622347.00000000,3812250.00000000
train	008740	lower__20201118_160833_67_2441_3B_AnalyticMS_SR_8b_clip	pm5__20201105_20201124__0082	/scrfs/storage/yikebe/home/research/AR_Crop_Identification/make_dataset/raw_sentinel/pm5/pm5__20201105_20201124__0082	2020-11-19	629259.00000000,3811482.00000000,630027.00000000,3812250.00000000
train	008756	lower__20201118_160833_67_2441_3B_AnalyticMS_SR_8b_clip	pm5__20201105_20201124__0082	/scrfs/storage/yikebe/home/research/AR_Crop_Identification/make_dataset/raw_sentinel/pm5/pm5__20201105_20201124__0082	2020-11-19	634635.00000000,3811482.00000000,635403.00000000,3812250.00000000
train	008772	lower__20201118_160833_67_2441_3B_AnalyticMS_SR_8b_clip	pm5__20201105_20201124__0082	/scrfs/storage/yikebe/home/research/AR_Crop_Identification/make_dataset/raw_sentinel/pm5/pm5__20201105_20201124__0082	2020-11-19	643083.00000000,3811482.00000000,643851.00000000,3812250.00000000
train	008788	lower__20201118_160833_67_2441_3B_AnalyticMS_SR_8b_clip	pm5__20201105_20201124__0082	/scrfs/storage/yikebe/home/research/AR_Crop_Identification/make_dataset/raw_sentinel/pm5/pm5__20201105_20201124__0082	2020-11-19	632331.00000000,3810714.00000000,633099.00000000,3811482.00000000
train	008804	lower__20201118_160833_67_2441_3B_AnalyticMS_SR_8b_clip	pm5__20201105_20201124__0082	/scrfs/storage/yikebe/home/research/AR_Crop_Identification/make_dataset/raw_sentinel/pm5/pm5__20201105_20201124__0082	2020-11-19	629259.00000000,3809946.00000000,630027.00000000,3810714.00000000
train	008820	lower__20201118_160833_67_2441_3B_AnalyticMS_SR_8b_clip	pm5__20201105_20201124__0082	/scrfs/storage/yikebe/home/research/AR_Crop_Identification/make_dataset/raw_sentinel/pm5/pm5__20201105_20201124__0082	2020-11-19	630027.00000000,3809946.00000000,630795.00000000,3810714.00000000
train	008836	lower__20201118_160833_67_2441_3B_AnalyticMS_SR_8b_clip	pm5__20201105_20201124__0082	/scrfs/storage/yikebe/home/research/AR_Crop_Identification/make_dataset/raw_sentinel/pm5/pm5__20201105_20201124__0082	2020-11-19	629259.00000000,3809178.00000000,630027.00000000,3809946.00000000
train	008852	lower__20201118_160833_67_2441_3B_AnalyticMS_SR_8b_clip	pm5__20201105_20201124__0082	/scrfs/storage/yikebe/home/research/AR_Crop_Identification/make_dataset/raw_sentinel/pm5/pm5__20201105_20201124__0082	2020-11-19	636171.00000000,3809178.00000000,636939.00000000,3809946.00000000
train	008868	lower__20201118_160833_67_2441_3B_AnalyticMS_SR_8b_clip	pm5__20201105_20201124__0082	/scrfs/storage/yikebe/home/research/AR_Crop_Identification/make_dataset/raw_sentinel/pm5/pm5__20201105_20201124__0082	2020-11-19	646155.00000000,3809178.00000000,646923.00000000,3809946.00000000
train	008884	lower__20201118_160833_67_2441_3B_AnalyticMS_SR_8b_clip	pm5__20201105_20201124__0082	/scrfs/storage/yikebe/home/research/AR_Crop_Identification/make_dataset/raw_sentinel/pm5/pm5__20201105_20201124__0082	2020-11-19	628491.00000000,3808410.00000000,629259.00000000,3809178.00000000
train	008900	lower__20201118_160833_67_2441_3B_AnalyticMS_SR_8b_clip	pm5__20201105_20201124__0082	/scrfs/storage/yikebe/home/research/AR_Crop_Identification/make_dataset/raw_sentinel/pm5/pm5__20201105_20201124__0082	2020-11-19	643083.00000000,3808410.00000000,643851.00000000,3809178.00000000
train	008916	lower__20201118_160833_67_2441_3B_AnalyticMS_SR_8b_clip	pm5__20201105_20201124__0082	/scrfs/storage/yikebe/home/research/AR_Crop_Identification/make_dataset/raw_sentinel/pm5/pm5__20201105_20201124__0082	2020-11-19	644619.00000000,3808410.00000000,645387.00000000,3809178.00000000
train	008932	lower__20201118_160833_67_2441_3B_AnalyticMS_SR_8b_clip	pm5__20201105_20201124__0082	/scrfs/storage/yikebe/home/research/AR_Crop_Identification/make_dataset/raw_sentinel/pm5/pm5__20201105_20201124__0082	2020-11-19	629259.00000000,3807642.00000000,630027.00000000,3808410.00000000
train	008948	lower__20201118_160833_67_2441_3B_AnalyticMS_SR_8b_clip	pm5__20201105_20201124__0082	/scrfs/storage/yikebe/home/research/AR_Crop_Identification/make_dataset/raw_sentinel/pm5/pm5__20201105_20201124__0082	2020-11-19	635403.00000000,3807642.00000000,636171.00000000,3808410.00000000
train	008964	lower__20201118_160833_67_2441_3B_AnalyticMS_SR_8b_clip	pm5__20201105_20201124__0082	/scrfs/storage/yikebe/home/research/AR_Crop_Identification/make_dataset/raw_sentinel/pm5/pm5__20201105_20201124__0082	2020-11-19	639243.00000000,3807642.00000000,640011.00000000,3808410.00000000
train	008980	lower__20201118_160833_67_2441_3B_AnalyticMS_SR_8b_clip	pm5__20201105_20201124__0082	/scrfs/storage/yikebe/home/research/AR_Crop_Identification/make_dataset/raw_sentinel/pm5/pm5__20201105_20201124__0082	2020-11-19	643851.00000000,3807642.00000000,644619.00000000,3808410.00000000
train	008996	lower__20201118_160833_67_2441_3B_AnalyticMS_SR_8b_clip	pm5__20201105_20201124__0082	/scrfs/storage/yikebe/home/research/AR_Crop_Identification/make_dataset/raw_sentinel/pm5/pm5__20201105_20201124__0082	2020-11-19	644619.00000000,3807642.00000000,645387.00000000,3808410.00000000
train	009012	lower__20201118_160833_67_2441_3B_AnalyticMS_SR_8b_clip	pm5__20201105_20201124__0082	/scrfs/storage/yikebe/home/research/AR_Crop_Identification/make_dataset/raw_sentinel/pm5/pm5__20201105_20201124__0082	2020-11-19	621579.00000000,3806874.00000000,622347.00000000,3807642.00000000
train	009028	lower__20201118_160833_67_2441_3B_AnalyticMS_SR_8b_clip	pm5__20201105_20201124__0082	/scrfs/storage/yikebe/home/research/AR_Crop_Identification/make_dataset/raw_sentinel/pm5/pm5__20201105_20201124__0082	2020-11-19	635403.00000000,3806874.00000000,636171.00000000,3807642.00000000
train	009044	lower__20201118_160833_67_2441_3B_AnalyticMS_SR_8b_clip	pm5__20201105_20201124__0082	/scrfs/storage/yikebe/home/research/AR_Crop_Identification/make_dataset/raw_sentinel/pm5/pm5__20201105_20201124__0082	2020-11-19	636171.00000000,3806874.00000000,636939.00000000,3807642.00000000
train	009060	lower__20201118_160833_67_2441_3B_AnalyticMS_SR_8b_clip	pm5__20201105_20201124__0082	/scrfs/storage/yikebe/home/research/AR_Crop_Identification/make_dataset/raw_sentinel/pm5/pm5__20201105_20201124__0082	2020-11-19	643083.00000000,3806874.00000000,643851.00000000,3807642.00000000
train	009076	lower__20201118_160833_67_2441_3B_AnalyticMS_SR_8b_clip	pm5__20201105_20201124__0082	/scrfs/storage/yikebe/home/research/AR_Crop_Identification/make_dataset/raw_sentinel/pm5/pm5__20201105_20201124__0082	2020-11-19	643851.00000000,3806874.00000000,644619.00000000,3807642.00000000
train	009092	lower__20201118_160833_67_2441_3B_AnalyticMS_SR_8b_clip	pm5__20201105_20201124__0082	/scrfs/storage/yikebe/home/research/AR_Crop_Identification/make_dataset/raw_sentinel/pm5/pm5__20201105_20201124__0082	2020-11-19	635403.00000000,3806106.00000000,636171.00000000,3806874.00000000
train	009108	lower__20201118_160833_67_2441_3B_AnalyticMS_SR_8b_clip	pm5__20201105_20201124__0082	/scrfs/storage/yikebe/home/research/AR_Crop_Identification/make_dataset/raw_sentinel/pm5/pm5__20201105_20201124__0082	2020-11-19	636171.00000000,3806106.00000000,636939.00000000,3806874.00000000
train	009124	lower__20201118_160833_67_2441_3B_AnalyticMS_SR_8b_clip	pm5__20201105_20201124__0082	/scrfs/storage/yikebe/home/research/AR_Crop_Identification/make_dataset/raw_sentinel/pm5/pm5__20201105_20201124__0082	2020-11-19	636939.00000000,3806106.00000000,637707.00000000,3806874.00000000
train	009140	lower__20201118_160833_67_2441_3B_AnalyticMS_SR_8b_clip	pm5__20201105_20201124__0082	/scrfs/storage/yikebe/home/research/AR_Crop_Identification/make_dataset/raw_sentinel/pm5/pm5__20201105_20201124__0082	2020-11-19	638475.00000000,3806106.00000000,639243.00000000,3806874.00000000
train	009156	lower__20201118_160833_67_2441_3B_AnalyticMS_SR_8b_clip	pm5__20201105_20201124__0082	/scrfs/storage/yikebe/home/research/AR_Crop_Identification/make_dataset/raw_sentinel/pm5/pm5__20201105_20201124__0082	2020-11-19	635403.00000000,3805338.00000000,636171.00000000,3806106.00000000
train	009172	lower__20201118_160833_67_2441_3B_AnalyticMS_SR_8b_clip	pm5__20201105_20201124__0082	/scrfs/storage/yikebe/home/research/AR_Crop_Identification/make_dataset/raw_sentinel/pm5/pm5__20201105_20201124__0082	2020-11-19	637707.00000000,3805338.00000000,638475.00000000,3806106.00000000
train	009188	lower__20201118_160833_67_2441_3B_AnalyticMS_SR_8b_clip	pm5__20201105_20201124__0082	/scrfs/storage/yikebe/home/research/AR_Crop_Identification/make_dataset/raw_sentinel/pm5/pm5__20201105_20201124__0082	2020-11-19	650763.00000000,3805338.00000000,651531.00000000,3806106.00000000
train	009204	lower__20201118_160833_67_2441_3B_AnalyticMS_SR_8b_clip	pm5__20201105_20201124__0082	/scrfs/storage/yikebe/home/research/AR_Crop_Identification/make_dataset/raw_sentinel/pm5/pm5__20201105_20201124__0082	2020-11-19	651531.00000000,3805338.00000000,652299.00000000,3806106.00000000
train	009220	lower__20201118_160833_67_2441_3B_AnalyticMS_SR_8b_clip	pm5__20201105_20201124__0082	/scrfs/storage/yikebe/home/research/AR_Crop_Identification/make_dataset/raw_sentinel/pm5/pm5__20201105_20201124__0082	2020-11-19	640011.00000000,3798426.00000000,640779.00000000,3799194.00000000
train	009236	lower__20201118_160833_67_2441_3B_AnalyticMS_SR_8b_clip	pm5__20201105_20201124__0082	/scrfs/storage/yikebe/home/research/AR_Crop_Identification/make_dataset/raw_sentinel/pm5/pm5__20201105_20201124__0082	2020-11-19	645387.00000000,3798426.00000000,646155.00000000,3799194.00000000
train	009252	lower__20201118_160833_67_2441_3B_AnalyticMS_SR_8b_clip	pm5__20201105_20201124__0082	/scrfs/storage/yikebe/home/research/AR_Crop_Identification/make_dataset/raw_sentinel/pm5/pm5__20201105_20201124__0082	2020-11-19	633867.00000000,3797658.00000000,634635.00000000,3798426.00000000
train	009268	lower__20201118_160833_67_2441_3B_AnalyticMS_SR_8b_clip	pm5__20201105_20201124__0082	/scrfs/storage/yikebe/home/research/AR_Crop_Identification/make_dataset/raw_sentinel/pm5/pm5__20201105_20201124__0082	2020-11-19	640011.00000000,3797658.00000000,640779.00000000,3798426.00000000
train	009284	lower__20201118_160833_67_2441_3B_AnalyticMS_SR_8b_clip	pm5__20201105_20201124__0082	/scrfs/storage/yikebe/home/research/AR_Crop_Identification/make_dataset/raw_sentinel/pm5/pm5__20201105_20201124__0082	2020-11-19	637707.00000000,3796890.00000000,638475.00000000,3797658.00000000
train	009300	lower__20201118_160833_67_2441_3B_AnalyticMS_SR_8b_clip	pm5__20201105_20201124__0082	/scrfs/storage/yikebe/home/research/AR_Crop_Identification/make_dataset/raw_sentinel/pm5/pm5__20201105_20201124__0082	2020-11-19	638475.00000000,3796890.00000000,639243.00000000,3797658.00000000
train	009316	lower__20201118_160833_67_2441_3B_AnalyticMS_SR_8b_clip	pm5__20201105_20201124__0082	/scrfs/storage/yikebe/home/research/AR_Crop_Identification/make_dataset/raw_sentinel/pm5/pm5__20201105_20201124__0082	2020-11-19	646923.00000000,3796122.00000000,647691.00000000,3796890.00000000
train	009332	lower__20201118_160833_67_2441_3B_AnalyticMS_SR_8b_clip	pm5__20201105_20201124__0082	/scrfs/storage/yikebe/home/research/AR_Crop_Identification/make_dataset/raw_sentinel/pm5/pm5__20201105_20201124__0082	2020-11-19	646155.00000000,3795354.00000000,646923.00000000,3796122.00000000
train	009348	lower__20201118_160833_67_2441_3B_AnalyticMS_SR_8b_clip	pm5__20201105_20201124__0082	/scrfs/storage/yikebe/home/research/AR_Crop_Identification/make_dataset/raw_sentinel/pm5/pm5__20201105_20201124__0082	2020-11-19	646923.00000000,3795354.00000000,647691.00000000,3796122.00000000
train	009364	lower__20201118_160833_67_2441_3B_AnalyticMS_SR_8b_clip	pm5__20201105_20201124__0082	/scrfs/storage/yikebe/home/research/AR_Crop_Identification/make_dataset/raw_sentinel/pm5/pm5__20201105_20201124__0082	2020-11-19	647691.00000000,3795354.00000000,648459.00000000,3796122.00000000
train	009380	lower__20201118_160833_67_2441_3B_AnalyticMS_SR_8b_clip	pm5__20201105_20201124__0082	/scrfs/storage/yikebe/home/research/AR_Crop_Identification/make_dataset/raw_sentinel/pm5/pm5__20201105_20201124__0082	2020-11-19	649995.00000000,3795354.00000000,650763.00000000,3796122.00000000
train	009396	lower__20201118_165004_38_240c_3B_AnalyticMS_SR_8b_clip	pm5__20201105_20201124__0133	/scrfs/storage/yikebe/home/research/AR_Crop_Identification/make_dataset/raw_sentinel/pm5/pm5__20201105_20201124__0133	2020-11-21	760599.00000000,3738264.00000000,761367.00000000,3739032.00000000
train	009412	lower__20201118_165004_38_240c_3B_AnalyticMS_SR_8b_clip	pm5__20201105_20201124__0133	/scrfs/storage/yikebe/home/research/AR_Crop_Identification/make_dataset/raw_sentinel/pm5/pm5__20201105_20201124__0133	2020-11-21	746007.00000000,3737496.00000000,746775.00000000,3738264.00000000
train	009428	lower__20201118_165004_38_240c_3B_AnalyticMS_SR_8b_clip	pm5__20201105_20201124__0133	/scrfs/storage/yikebe/home/research/AR_Crop_Identification/make_dataset/raw_sentinel/pm5/pm5__20201105_20201124__0133	2020-11-21	742167.00000000,3736728.00000000,742935.00000000,3737496.00000000
train	009444	lower__20201118_165004_38_240c_3B_AnalyticMS_SR_8b_clip	pm5__20201105_20201124__0133	/scrfs/storage/yikebe/home/research/AR_Crop_Identification/make_dataset/raw_sentinel/pm5/pm5__20201105_20201124__0133	2020-11-21	742935.00000000,3736728.00000000,743703.00000000,3737496.00000000
train	009460	lower__20201118_165004_38_240c_3B_AnalyticMS_SR_8b_clip	pm5__20201105_20201124__0133	/scrfs/storage/yikebe/home/research/AR_Crop_Identification/make_dataset/raw_sentinel/pm5/pm5__20201105_20201124__0133	2020-11-21	743703.00000000,3736728.00000000,744471.00000000,3737496.00000000
train	009476	lower__20201118_165004_38_240c_3B_AnalyticMS_SR_8b_clip	pm5__20201105_20201124__0133	/scrfs/storage/yikebe/home/research/AR_Crop_Identification/make_dataset/raw_sentinel/pm5/pm5__20201105_20201124__0133	2020-11-21	742167.00000000,3735960.00000000,742935.00000000,3736728.00000000
train	009492	lower__20201118_165004_38_240c_3B_AnalyticMS_SR_8b_clip	pm5__20201105_20201124__0133	/scrfs/storage/yikebe/home/research/AR_Crop_Identification/make_dataset/raw_sentinel/pm5/pm5__20201105_20201124__0133	2020-11-21	743703.00000000,3735960.00000000,744471.00000000,3736728.00000000
train	009508	lower__20201118_165004_38_240c_3B_AnalyticMS_SR_8b_clip	pm5__20201105_20201124__0133	/scrfs/storage/yikebe/home/research/AR_Crop_Identification/make_dataset/raw_sentinel/pm5/pm5__20201105_20201124__0133	2020-11-21	739863.00000000,3735192.00000000,740631.00000000,3735960.00000000
train	009524	lower__20201118_165004_38_240c_3B_AnalyticMS_SR_8b_clip	pm5__20201105_20201124__0133	/scrfs/storage/yikebe/home/research/AR_Crop_Identification/make_dataset/raw_sentinel/pm5/pm5__20201105_20201124__0133	2020-11-21	740631.00000000,3735192.00000000,741399.00000000,3735960.00000000
train	009540	lower__20201118_165004_38_240c_3B_AnalyticMS_SR_8b_clip	pm5__20201105_20201124__0133	/scrfs/storage/yikebe/home/research/AR_Crop_Identification/make_dataset/raw_sentinel/pm5/pm5__20201105_20201124__0133	2020-11-21	742167.00000000,3735192.00000000,742935.00000000,3735960.00000000
train	009556	lower__20201118_165004_38_240c_3B_AnalyticMS_SR_8b_clip	pm5__20201105_20201124__0133	/scrfs/storage/yikebe/home/research/AR_Crop_Identification/make_dataset/raw_sentinel/pm5/pm5__20201105_20201124__0133	2020-11-21	742935.00000000,3733656.00000000,743703.00000000,3734424.00000000
train	009572	lower__20201118_165004_38_240c_3B_AnalyticMS_SR_8b_clip	pm5__20201105_20201124__0133	/scrfs/storage/yikebe/home/research/AR_Crop_Identification/make_dataset/raw_sentinel/pm5/pm5__20201105_20201124__0133	2020-11-21	738327.00000000,3732888.00000000,739095.00000000,3733656.00000000
train	009588	lower__20201118_165004_38_240c_3B_AnalyticMS_SR_8b_clip	pm5__20201105_20201124__0133	/scrfs/storage/yikebe/home/research/AR_Crop_Identification/make_dataset/raw_sentinel/pm5/pm5__20201105_20201124__0133	2020-11-21	743703.00000000,3732888.00000000,744471.00000000,3733656.00000000
train	009604	lower__20201118_165004_38_240c_3B_AnalyticMS_SR_8b_clip	pm5__20201105_20201124__0133	/scrfs/storage/yikebe/home/research/AR_Crop_Identification/make_dataset/raw_sentinel/pm5/pm5__20201105_20201124__0133	2020-11-21	752919.00000000,3732888.00000000,753687.00000000,3733656.00000000
train	009620	lower__20201118_165004_38_240c_3B_AnalyticMS_SR_8b_clip	pm5__20201105_20201124__0133	/scrfs/storage/yikebe/home/research/AR_Crop_Identification/make_dataset/raw_sentinel/pm5/pm5__20201105_20201124__0133	2020-11-21	753687.00000000,3730584.00000000,754455.00000000,3731352.00000000
train	009636	lower__20201118_165004_38_240c_3B_AnalyticMS_SR_8b_clip	pm5__20201105_20201124__0133	/scrfs/storage/yikebe/home/research/AR_Crop_Identification/make_dataset/raw_sentinel/pm5/pm5__20201105_20201124__0133	2020-11-21	754455.00000000,3730584.00000000,755223.00000000,3731352.00000000
train	009652	lower__20201118_165004_38_240c_3B_AnalyticMS_SR_8b_clip	pm5__20201105_20201124__0133	/scrfs/storage/yikebe/home/research/AR_Crop_Identification/make_dataset/raw_sentinel/pm5/pm5__20201105_20201124__0133	2020-11-21	750615.00000000,3729816.00000000,751383.00000000,3730584.00000000
train	009668	lower__20201118_165004_38_240c_3B_AnalyticMS_SR_8b_clip	pm5__20201105_20201124__0133	/scrfs/storage/yikebe/home/research/AR_Crop_Identification/make_dataset/raw_sentinel/pm5/pm5__20201105_20201124__0133	2020-11-21	751383.00000000,3729816.00000000,752151.00000000,3730584.00000000
train	009684	lower__20201118_165004_38_240c_3B_AnalyticMS_SR_8b_clip	pm5__20201105_20201124__0133	/scrfs/storage/yikebe/home/research/AR_Crop_Identification/make_dataset/raw_sentinel/pm5/pm5__20201105_20201124__0133	2020-11-21	752151.00000000,3729816.00000000,752919.00000000,3730584.00000000
train	009700	lower__20201118_165004_38_240c_3B_AnalyticMS_SR_8b_clip	pm5__20201105_20201124__0133	/scrfs/storage/yikebe/home/research/AR_Crop_Identification/make_dataset/raw_sentinel/pm5/pm5__20201105_20201124__0133	2020-11-21	752919.00000000,3729816.00000000,753687.00000000,3730584.00000000
train	009716	lower__20201118_165004_38_240c_3B_AnalyticMS_SR_8b_clip	pm5__20201105_20201124__0133	/scrfs/storage/yikebe/home/research/AR_Crop_Identification/make_dataset/raw_sentinel/pm5/pm5__20201105_20201124__0133	2020-11-21	741399.00000000,3728280.00000000,742167.00000000,3729048.00000000
train	009732	lower__20201118_165004_38_240c_3B_AnalyticMS_SR_8b_clip	pm5__20201105_20201124__0133	/scrfs/storage/yikebe/home/research/AR_Crop_Identification/make_dataset/raw_sentinel/pm5/pm5__20201105_20201124__0133	2020-11-21	741399.00000000,3727512.00000000,742167.00000000,3728280.00000000
train	009748	lower__20201118_165004_38_240c_3B_AnalyticMS_SR_8b_clip	pm5__20201105_20201124__0133	/scrfs/storage/yikebe/home/research/AR_Crop_Identification/make_dataset/raw_sentinel/pm5/pm5__20201105_20201124__0133	2020-11-21	741399.00000000,3726744.00000000,742167.00000000,3727512.00000000
train	009764	lower__20201118_165004_38_240c_3B_AnalyticMS_SR_8b_clip	pm5__20201105_20201124__0133	/scrfs/storage/yikebe/home/research/AR_Crop_Identification/make_dataset/raw_sentinel/pm5/pm5__20201105_20201124__0133	2020-11-21	741399.00000000,3725976.00000000,742167.00000000,3726744.00000000
train	009780	lower__20201118_165004_38_240c_3B_AnalyticMS_SR_8b_clip	pm5__20201105_20201124__0133	/scrfs/storage/yikebe/home/research/AR_Crop_Identification/make_dataset/raw_sentinel/pm5/pm5__20201105_20201124__0133	2020-11-21	739095.00000000,3724440.00000000,739863.00000000,3725208.00000000
train	009796	lower__20201118_165004_38_240c_3B_AnalyticMS_SR_8b_clip	pm5__20201105_20201124__0133	/scrfs/storage/yikebe/home/research/AR_Crop_Identification/make_dataset/raw_sentinel/pm5/pm5__20201105_20201124__0133	2020-11-21	752919.00000000,3724440.00000000,753687.00000000,3725208.00000000
train	009812	lower__20201118_165004_38_240c_3B_AnalyticMS_SR_8b_clip	pm5__20201105_20201124__0133	/scrfs/storage/yikebe/home/research/AR_Crop_Identification/make_dataset/raw_sentinel/pm5/pm5__20201105_20201124__0133	2020-11-21	752151.00000000,3723672.00000000,752919.00000000,3724440.00000000
train	009828	lower__20201118_165004_38_240c_3B_AnalyticMS_SR_8b_clip	pm5__20201105_20201124__0133	/scrfs/storage/yikebe/home/research/AR_Crop_Identification/make_dataset/raw_sentinel/pm5/pm5__20201105_20201124__0133	2020-11-21	753687.00000000,3723672.00000000,754455.00000000,3724440.00000000
train	009844	lower__20201118_165004_38_240c_3B_AnalyticMS_SR_8b_clip	pm5__20201105_20201124__0133	/scrfs/storage/yikebe/home/research/AR_Crop_Identification/make_dataset/raw_sentinel/pm5/pm5__20201105_20201124__0133	2020-11-21	760599.00000000,3723672.00000000,761367.00000000,3724440.00000000
train	009860	lower__20201118_165004_38_240c_3B_AnalyticMS_SR_8b_clip	pm5__20201105_20201124__0133	/scrfs/storage/yikebe/home/research/AR_Crop_Identification/make_dataset/raw_sentinel/pm5/pm5__20201105_20201124__0133	2020-11-21	741399.00000000,3722904.00000000,742167.00000000,3723672.00000000
train	009876	lower__20201118_165004_38_240c_3B_AnalyticMS_SR_8b_clip	pm5__20201105_20201124__0133	/scrfs/storage/yikebe/home/research/AR_Crop_Identification/make_dataset/raw_sentinel/pm5/pm5__20201105_20201124__0133	2020-11-21	752151.00000000,3722904.00000000,752919.00000000,3723672.00000000
train	009892	lower__20201118_165004_38_240c_3B_AnalyticMS_SR_8b_clip	pm5__20201105_20201124__0133	/scrfs/storage/yikebe/home/research/AR_Crop_Identification/make_dataset/raw_sentinel/pm5/pm5__20201105_20201124__0133	2020-11-21	752919.00000000,3722904.00000000,753687.00000000,3723672.00000000
train	009908	lower__20201118_165004_38_240c_3B_AnalyticMS_SR_8b_clip	pm5__20201105_20201124__0133	/scrfs/storage/yikebe/home/research/AR_Crop_Identification/make_dataset/raw_sentinel/pm5/pm5__20201105_20201124__0133	2020-11-21	753687.00000000,3722904.00000000,754455.00000000,3723672.00000000
train	009924	lower__20201118_165004_38_240c_3B_AnalyticMS_SR_8b_clip	pm5__20201105_20201124__0133	/scrfs/storage/yikebe/home/research/AR_Crop_Identification/make_dataset/raw_sentinel/pm5/pm5__20201105_20201124__0133	2020-11-21	741399.00000000,3722136.00000000,742167.00000000,3722904.00000000
train	009940	lower__20201118_165004_38_240c_3B_AnalyticMS_SR_8b_clip	pm5__20201105_20201124__0133	/scrfs/storage/yikebe/home/research/AR_Crop_Identification/make_dataset/raw_sentinel/pm5/pm5__20201105_20201124__0133	2020-11-21	752151.00000000,3722136.00000000,752919.00000000,3722904.00000000
train	009956	lower__20201118_165004_38_240c_3B_AnalyticMS_SR_8b_clip	pm5__20201105_20201124__0133	/scrfs/storage/yikebe/home/research/AR_Crop_Identification/make_dataset/raw_sentinel/pm5/pm5__20201105_20201124__0133	2020-11-21	752919.00000000,3722136.00000000,753687.00000000,3722904.00000000
train	009972	lower__20201118_165004_38_240c_3B_AnalyticMS_SR_8b_clip	pm5__20201105_20201124__0133	/scrfs/storage/yikebe/home/research/AR_Crop_Identification/make_dataset/raw_sentinel/pm5/pm5__20201105_20201124__0133	2020-11-21	749847.00000000,3720600.00000000,750615.00000000,3721368.00000000
train	009988	lower__20201118_165054_35_2401_3B_AnalyticMS_SR_8b_clip	pm5__20201105_20201124__0100	/scrfs/storage/yikebe/home/research/AR_Crop_Identification/make_dataset/raw_sentinel/pm5/pm5__20201105_20201124__0100	2020-11-21	679677.00000000,3687729.00000000,680445.00000000,3688497.00000000
train	010004	lower__20201118_165054_35_2401_3B_AnalyticMS_SR_8b_clip	pm5__20201105_20201124__0100	/scrfs/storage/yikebe/home/research/AR_Crop_Identification/make_dataset/raw_sentinel/pm5/pm5__20201105_20201124__0100	2020-11-21	680445.00000000,3687729.00000000,681213.00000000,3688497.00000000
train	010020	lower__20201118_165054_35_2401_3B_AnalyticMS_SR_8b_clip	pm5__20201105_20201124__0100	/scrfs/storage/yikebe/home/research/AR_Crop_Identification/make_dataset/raw_sentinel/pm5/pm5__20201105_20201124__0100	2020-11-21	684285.00000000,3686961.00000000,685053.00000000,3687729.00000000
train	010036	lower__20201118_165054_35_2401_3B_AnalyticMS_SR_8b_clip	pm5__20201105_20201124__0100	/scrfs/storage/yikebe/home/research/AR_Crop_Identification/make_dataset/raw_sentinel/pm5/pm5__20201105_20201124__0100	2020-11-21	685053.00000000,3686961.00000000,685821.00000000,3687729.00000000
train	010052	lower__20201118_165054_35_2401_3B_AnalyticMS_SR_8b_clip	pm5__20201105_20201124__0100	/scrfs/storage/yikebe/home/research/AR_Crop_Identification/make_dataset/raw_sentinel/pm5/pm5__20201105_20201124__0100	2020-11-21	675069.00000000,3686193.00000000,675837.00000000,3686961.00000000
train	010068	lower__20201118_165054_35_2401_3B_AnalyticMS_SR_8b_clip	pm5__20201105_20201124__0100	/scrfs/storage/yikebe/home/research/AR_Crop_Identification/make_dataset/raw_sentinel/pm5/pm5__20201105_20201124__0100	2020-11-21	685053.00000000,3686193.00000000,685821.00000000,3686961.00000000
train	010084	lower__20201118_165054_35_2401_3B_AnalyticMS_SR_8b_clip	pm5__20201105_20201124__0100	/scrfs/storage/yikebe/home/research/AR_Crop_Identification/make_dataset/raw_sentinel/pm5/pm5__20201105_20201124__0100	2020-11-21	685053.00000000,3685425.00000000,685821.00000000,3686193.00000000
train	010100	lower__20201118_165054_35_2401_3B_AnalyticMS_SR_8b_clip	pm5__20201105_20201124__0100	/scrfs/storage/yikebe/home/research/AR_Crop_Identification/make_dataset/raw_sentinel/pm5/pm5__20201105_20201124__0100	2020-11-21	686589.00000000,3685425.00000000,687357.00000000,3686193.00000000
train	010116	lower__20201118_165054_35_2401_3B_AnalyticMS_SR_8b_clip	pm5__20201105_20201124__0100	/scrfs/storage/yikebe/home/research/AR_Crop_Identification/make_dataset/raw_sentinel/pm5/pm5__20201105_20201124__0100	2020-11-21	685821.00000000,3684657.00000000,686589.00000000,3685425.00000000
train	010132	lower__20201118_165054_35_2401_3B_AnalyticMS_SR_8b_clip	pm5__20201105_20201124__0100	/scrfs/storage/yikebe/home/research/AR_Crop_Identification/make_dataset/raw_sentinel/pm5/pm5__20201105_20201124__0100	2020-11-21	686589.00000000,3684657.00000000,687357.00000000,3685425.00000000
train	010148	lower__20201118_165054_35_2401_3B_AnalyticMS_SR_8b_clip	pm5__20201105_20201124__0100	/scrfs/storage/yikebe/home/research/AR_Crop_Identification/make_dataset/raw_sentinel/pm5/pm5__20201105_20201124__0100	2020-11-21	687357.00000000,3684657.00000000,688125.00000000,3685425.00000000
train	010164	lower__20201118_165054_35_2401_3B_AnalyticMS_SR_8b_clip	pm5__20201105_20201124__0100	/scrfs/storage/yikebe/home/research/AR_Crop_Identification/make_dataset/raw_sentinel/pm5/pm5__20201105_20201124__0100	2020-11-21	688125.00000000,3683889.00000000,688893.00000000,3684657.00000000
train	010180	lower__20201118_165054_35_2401_3B_AnalyticMS_SR_8b_clip	pm5__20201105_20201124__0100	/scrfs/storage/yikebe/home/research/AR_Crop_Identification/make_dataset/raw_sentinel/pm5/pm5__20201105_20201124__0100	2020-11-21	685821.00000000,3683121.00000000,686589.00000000,3683889.00000000
train	010196	lower__20201118_165054_35_2401_3B_AnalyticMS_SR_8b_clip	pm5__20201105_20201124__0100	/scrfs/storage/yikebe/home/research/AR_Crop_Identification/make_dataset/raw_sentinel/pm5/pm5__20201105_20201124__0100	2020-11-21	686589.00000000,3683121.00000000,687357.00000000,3683889.00000000
train	010212	lower__20201118_165054_35_2401_3B_AnalyticMS_SR_8b_clip	pm5__20201105_20201124__0100	/scrfs/storage/yikebe/home/research/AR_Crop_Identification/make_dataset/raw_sentinel/pm5/pm5__20201105_20201124__0100	2020-11-21	688893.00000000,3683121.00000000,689661.00000000,3683889.00000000
train	010228	lower__20201118_165054_35_2401_3B_AnalyticMS_SR_8b_clip	pm5__20201105_20201124__0100	/scrfs/storage/yikebe/home/research/AR_Crop_Identification/make_dataset/raw_sentinel/pm5/pm5__20201105_20201124__0100	2020-11-21	694269.00000000,3683121.00000000,695037.00000000,3683889.00000000
train	010244	lower__20201118_165054_35_2401_3B_AnalyticMS_SR_8b_clip	pm5__20201105_20201124__0100	/scrfs/storage/yikebe/home/research/AR_Crop_Identification/make_dataset/raw_sentinel/pm5/pm5__20201105_20201124__0100	2020-11-21	668925.00000000,3682353.00000000,669693.00000000,3683121.00000000
train	010260	lower__20201118_165054_35_2401_3B_AnalyticMS_SR_8b_clip	pm5__20201105_20201124__0100	/scrfs/storage/yikebe/home/research/AR_Crop_Identification/make_dataset/raw_sentinel/pm5/pm5__20201105_20201124__0100	2020-11-21	695037.00000000,3682353.00000000,695805.00000000,3683121.00000000
train	010276	lower__20201118_165054_35_2401_3B_AnalyticMS_SR_8b_clip	pm5__20201105_20201124__0100	/scrfs/storage/yikebe/home/research/AR_Crop_Identification/make_dataset/raw_sentinel/pm5/pm5__20201105_20201124__0100	2020-11-21	662781.00000000,3681585.00000000,663549.00000000,3682353.00000000
train	010292	lower__20201118_165054_35_2401_3B_AnalyticMS_SR_8b_clip	pm5__20201105_20201124__0100	/scrfs/storage/yikebe/home/research/AR_Crop_Identification/make_dataset/raw_sentinel/pm5/pm5__20201105_20201124__0100	2020-11-21	663549.00000000,3681585.00000000,664317.00000000,3682353.00000000
train	010308	lower__20201118_165054_35_2401_3B_AnalyticMS_SR_8b_clip	pm5__20201105_20201124__0100	/scrfs/storage/yikebe/home/research/AR_Crop_Identification/make_dataset/raw_sentinel/pm5/pm5__20201105_20201124__0100	2020-11-21	664317.00000000,3681585.00000000,665085.00000000,3682353.00000000
train	010324	lower__20201118_165054_35_2401_3B_AnalyticMS_SR_8b_clip	pm5__20201105_20201124__0100	/scrfs/storage/yikebe/home/research/AR_Crop_Identification/make_dataset/raw_sentinel/pm5/pm5__20201105_20201124__0100	2020-11-21	666621.00000000,3681585.00000000,667389.00000000,3682353.00000000
train	010340	lower__20201118_165054_35_2401_3B_AnalyticMS_SR_8b_clip	pm5__20201105_20201124__0100	/scrfs/storage/yikebe/home/research/AR_Crop_Identification/make_dataset/raw_sentinel/pm5/pm5__20201105_20201124__0100	2020-11-21	694269.00000000,3681585.00000000,695037.00000000,3682353.00000000
train	010356	lower__20201118_165054_35_2401_3B_AnalyticMS_SR_8b_clip	pm5__20201105_20201124__0100	/scrfs/storage/yikebe/home/research/AR_Crop_Identification/make_dataset/raw_sentinel/pm5/pm5__20201105_20201124__0100	2020-11-21	695037.00000000,3681585.00000000,695805.00000000,3682353.00000000
train	010372	lower__20201118_165054_35_2401_3B_AnalyticMS_SR_8b_clip	pm5__20201105_20201124__0100	/scrfs/storage/yikebe/home/research/AR_Crop_Identification/make_dataset/raw_sentinel/pm5/pm5__20201105_20201124__0100	2020-11-21	662781.00000000,3680817.00000000,663549.00000000,3681585.00000000
train	010388	lower__20201118_165054_35_2401_3B_AnalyticMS_SR_8b_clip	pm5__20201105_20201124__0100	/scrfs/storage/yikebe/home/research/AR_Crop_Identification/make_dataset/raw_sentinel/pm5/pm5__20201105_20201124__0100	2020-11-21	663549.00000000,3680817.00000000,664317.00000000,3681585.00000000
train	010404	lower__20201118_165054_35_2401_3B_AnalyticMS_SR_8b_clip	pm5__20201105_20201124__0100	/scrfs/storage/yikebe/home/research/AR_Crop_Identification/make_dataset/raw_sentinel/pm5/pm5__20201105_20201124__0100	2020-11-21	664317.00000000,3680817.00000000,665085.00000000,3681585.00000000
train	010420	lower__20201118_165054_35_2401_3B_AnalyticMS_SR_8b_clip	pm5__20201105_20201124__0100	/scrfs/storage/yikebe/home/research/AR_Crop_Identification/make_dataset/raw_sentinel/pm5/pm5__20201105_20201124__0100	2020-11-21	665853.00000000,3680817.00000000,666621.00000000,3681585.00000000
train	010436	lower__20201118_165054_35_2401_3B_AnalyticMS_SR_8b_clip	pm5__20201105_20201124__0100	/scrfs/storage/yikebe/home/research/AR_Crop_Identification/make_dataset/raw_sentinel/pm5/pm5__20201105_20201124__0100	2020-11-21	666621.00000000,3680817.00000000,667389.00000000,3681585.00000000
train	010452	lower__20201118_165054_35_2401_3B_AnalyticMS_SR_8b_clip	pm5__20201105_20201124__0100	/scrfs/storage/yikebe/home/research/AR_Crop_Identification/make_dataset/raw_sentinel/pm5/pm5__20201105_20201124__0100	2020-11-21	667389.00000000,3680817.00000000,668157.00000000,3681585.00000000
train	010468	lower__20201118_165054_35_2401_3B_AnalyticMS_SR_8b_clip	pm5__20201105_20201124__0100	/scrfs/storage/yikebe/home/research/AR_Crop_Identification/make_dataset/raw_sentinel/pm5/pm5__20201105_20201124__0100	2020-11-21	668157.00000000,3680817.00000000,668925.00000000,3681585.00000000
train	010484	lower__20201118_165054_35_2401_3B_AnalyticMS_SR_8b_clip	pm5__20201105_20201124__0100	/scrfs/storage/yikebe/home/research/AR_Crop_Identification/make_dataset/raw_sentinel/pm5/pm5__20201105_20201124__0100	2020-11-21	691965.00000000,3680817.00000000,692733.00000000,3681585.00000000
train	010500	lower__20201118_165054_35_2401_3B_AnalyticMS_SR_8b_clip	pm5__20201105_20201124__0100	/scrfs/storage/yikebe/home/research/AR_Crop_Identification/make_dataset/raw_sentinel/pm5/pm5__20201105_20201124__0100	2020-11-21	665853.00000000,3680049.00000000,666621.00000000,3680817.00000000
train	010516	lower__20201118_165054_35_2401_3B_AnalyticMS_SR_8b_clip	pm5__20201105_20201124__0100	/scrfs/storage/yikebe/home/research/AR_Crop_Identification/make_dataset/raw_sentinel/pm5/pm5__20201105_20201124__0100	2020-11-21	666621.00000000,3680049.00000000,667389.00000000,3680817.00000000
train	010532	lower__20201118_165054_35_2401_3B_AnalyticMS_SR_8b_clip	pm5__20201105_20201124__0100	/scrfs/storage/yikebe/home/research/AR_Crop_Identification/make_dataset/raw_sentinel/pm5/pm5__20201105_20201124__0100	2020-11-21	667389.00000000,3680049.00000000,668157.00000000,3680817.00000000
train	010548	lower__20201118_165054_35_2401_3B_AnalyticMS_SR_8b_clip	pm5__20201105_20201124__0100	/scrfs/storage/yikebe/home/research/AR_Crop_Identification/make_dataset/raw_sentinel/pm5/pm5__20201105_20201124__0100	2020-11-21	668157.00000000,3680049.00000000,668925.00000000,3680817.00000000
train	010564	lower__20201118_165054_35_2401_3B_AnalyticMS_SR_8b_clip	pm5__20201105_20201124__0100	/scrfs/storage/yikebe/home/research/AR_Crop_Identification/make_dataset/raw_sentinel/pm5/pm5__20201105_20201124__0100	2020-11-21	671229.00000000,3680049.00000000,671997.00000000,3680817.00000000
train	010580	lower__20201118_165054_35_2401_3B_AnalyticMS_SR_8b_clip	pm5__20201105_20201124__0100	/scrfs/storage/yikebe/home/research/AR_Crop_Identification/make_dataset/raw_sentinel/pm5/pm5__20201105_20201124__0100	2020-11-21	691965.00000000,3680049.00000000,692733.00000000,3680817.00000000
train	010596	lower__20201118_165054_35_2401_3B_AnalyticMS_SR_8b_clip	pm5__20201105_20201124__0100	/scrfs/storage/yikebe/home/research/AR_Crop_Identification/make_dataset/raw_sentinel/pm5/pm5__20201105_20201124__0100	2020-11-21	665853.00000000,3679281.00000000,666621.00000000,3680049.00000000
train	010612	lower__20201118_165054_35_2401_3B_AnalyticMS_SR_8b_clip	pm5__20201105_20201124__0100	/scrfs/storage/yikebe/home/research/AR_Crop_Identification/make_dataset/raw_sentinel/pm5/pm5__20201105_20201124__0100	2020-11-21	668157.00000000,3679281.00000000,668925.00000000,3680049.00000000
train	010628	lower__20201118_165054_35_2401_3B_AnalyticMS_SR_8b_clip	pm5__20201105_20201124__0100	/scrfs/storage/yikebe/home/research/AR_Crop_Identification/make_dataset/raw_sentinel/pm5/pm5__20201105_20201124__0100	2020-11-21	670461.00000000,3679281.00000000,671229.00000000,3680049.00000000
train	010644	lower__20201118_165054_35_2401_3B_AnalyticMS_SR_8b_clip	pm5__20201105_20201124__0100	/scrfs/storage/yikebe/home/research/AR_Crop_Identification/make_dataset/raw_sentinel/pm5/pm5__20201105_20201124__0100	2020-11-21	671229.00000000,3679281.00000000,671997.00000000,3680049.00000000
train	010660	lower__20201118_165054_35_2401_3B_AnalyticMS_SR_8b_clip	pm5__20201105_20201124__0100	/scrfs/storage/yikebe/home/research/AR_Crop_Identification/make_dataset/raw_sentinel/pm5/pm5__20201105_20201124__0100	2020-11-21	668925.00000000,3678513.00000000,669693.00000000,3679281.00000000
train	010676	lower__20201118_165054_35_2401_3B_AnalyticMS_SR_8b_clip	pm5__20201105_20201124__0100	/scrfs/storage/yikebe/home/research/AR_Crop_Identification/make_dataset/raw_sentinel/pm5/pm5__20201105_20201124__0100	2020-11-21	670461.00000000,3678513.00000000,671229.00000000,3679281.00000000
train	010692	lower__20201118_165054_35_2401_3B_AnalyticMS_SR_8b_clip	pm5__20201105_20201124__0100	/scrfs/storage/yikebe/home/research/AR_Crop_Identification/make_dataset/raw_sentinel/pm5/pm5__20201105_20201124__0100	2020-11-21	671229.00000000,3678513.00000000,671997.00000000,3679281.00000000
train	010708	lower__20201118_165054_35_2401_3B_AnalyticMS_SR_8b_clip	pm5__20201105_20201124__0100	/scrfs/storage/yikebe/home/research/AR_Crop_Identification/make_dataset/raw_sentinel/pm5/pm5__20201105_20201124__0100	2020-11-21	658941.00000000,3677745.00000000,659709.00000000,3678513.00000000
train	010724	lower__20201118_165054_35_2401_3B_AnalyticMS_SR_8b_clip	pm5__20201105_20201124__0100	/scrfs/storage/yikebe/home/research/AR_Crop_Identification/make_dataset/raw_sentinel/pm5/pm5__20201105_20201124__0100	2020-11-21	659709.00000000,3677745.00000000,660477.00000000,3678513.00000000
train	010740	lower__20201118_165054_35_2401_3B_AnalyticMS_SR_8b_clip	pm5__20201105_20201124__0100	/scrfs/storage/yikebe/home/research/AR_Crop_Identification/make_dataset/raw_sentinel/pm5/pm5__20201105_20201124__0100	2020-11-21	667389.00000000,3677745.00000000,668157.00000000,3678513.00000000
train	010756	lower__20201118_165054_35_2401_3B_AnalyticMS_SR_8b_clip	pm5__20201105_20201124__0100	/scrfs/storage/yikebe/home/research/AR_Crop_Identification/make_dataset/raw_sentinel/pm5/pm5__20201105_20201124__0100	2020-11-21	668157.00000000,3677745.00000000,668925.00000000,3678513.00000000
train	010772	lower__20201118_165054_35_2401_3B_AnalyticMS_SR_8b_clip	pm5__20201105_20201124__0100	/scrfs/storage/yikebe/home/research/AR_Crop_Identification/make_dataset/raw_sentinel/pm5/pm5__20201105_20201124__0100	2020-11-21	668925.00000000,3677745.00000000,669693.00000000,3678513.00000000
train	010788	lower__20201118_165054_35_2401_3B_AnalyticMS_SR_8b_clip	pm5__20201105_20201124__0100	/scrfs/storage/yikebe/home/research/AR_Crop_Identification/make_dataset/raw_sentinel/pm5/pm5__20201105_20201124__0100	2020-11-21	669693.00000000,3677745.00000000,670461.00000000,3678513.00000000
train	010804	lower__20201118_165054_35_2401_3B_AnalyticMS_SR_8b_clip	pm5__20201105_20201124__0100	/scrfs/storage/yikebe/home/research/AR_Crop_Identification/make_dataset/raw_sentinel/pm5/pm5__20201105_20201124__0100	2020-11-21	670461.00000000,3677745.00000000,671229.00000000,3678513.00000000
train	010820	lower__20201118_165054_35_2401_3B_AnalyticMS_SR_8b_clip	pm5__20201105_20201124__0100	/scrfs/storage/yikebe/home/research/AR_Crop_Identification/make_dataset/raw_sentinel/pm5/pm5__20201105_20201124__0100	2020-11-21	671229.00000000,3677745.00000000,671997.00000000,3678513.00000000
train	010836	lower__20201118_165054_35_2401_3B_AnalyticMS_SR_8b_clip	pm5__20201105_20201124__0100	/scrfs/storage/yikebe/home/research/AR_Crop_Identification/make_dataset/raw_sentinel/pm5/pm5__20201105_20201124__0100	2020-11-21	686589.00000000,3677745.00000000,687357.00000000,3678513.00000000
train	010852	lower__20201118_165054_35_2401_3B_AnalyticMS_SR_8b_clip	pm5__20201105_20201124__0100	/scrfs/storage/yikebe/home/research/AR_Crop_Identification/make_dataset/raw_sentinel/pm5/pm5__20201105_20201124__0100	2020-11-21	691197.00000000,3677745.00000000,691965.00000000,3678513.00000000
train	010868	lower__20201118_165054_35_2401_3B_AnalyticMS_SR_8b_clip	pm5__20201105_20201124__0100	/scrfs/storage/yikebe/home/research/AR_Crop_Identification/make_dataset/raw_sentinel/pm5/pm5__20201105_20201124__0100	2020-11-21	671229.00000000,3676977.00000000,671997.00000000,3677745.00000000
train	010884	lower__20201118_165054_35_2401_3B_AnalyticMS_SR_8b_clip	pm5__20201105_20201124__0100	/scrfs/storage/yikebe/home/research/AR_Crop_Identification/make_dataset/raw_sentinel/pm5/pm5__20201105_20201124__0100	2020-11-21	671997.00000000,3676977.00000000,672765.00000000,3677745.00000000
train	010900	lower__20201118_165054_35_2401_3B_AnalyticMS_SR_8b_clip	pm5__20201105_20201124__0100	/scrfs/storage/yikebe/home/research/AR_Crop_Identification/make_dataset/raw_sentinel/pm5/pm5__20201105_20201124__0100	2020-11-21	685821.00000000,3676977.00000000,686589.00000000,3677745.00000000
train	010916	lower__20201118_165054_35_2401_3B_AnalyticMS_SR_8b_clip	pm5__20201105_20201124__0100	/scrfs/storage/yikebe/home/research/AR_Crop_Identification/make_dataset/raw_sentinel/pm5/pm5__20201105_20201124__0100	2020-11-21	686589.00000000,3676977.00000000,687357.00000000,3677745.00000000
train	010932	lower__20201118_165054_35_2401_3B_AnalyticMS_SR_8b_clip	pm5__20201105_20201124__0100	/scrfs/storage/yikebe/home/research/AR_Crop_Identification/make_dataset/raw_sentinel/pm5/pm5__20201105_20201124__0100	2020-11-21	665085.00000000,3676209.00000000,665853.00000000,3676977.00000000
train	010948	lower__20201118_165054_35_2401_3B_AnalyticMS_SR_8b_clip	pm5__20201105_20201124__0100	/scrfs/storage/yikebe/home/research/AR_Crop_Identification/make_dataset/raw_sentinel/pm5/pm5__20201105_20201124__0100	2020-11-21	679677.00000000,3676209.00000000,680445.00000000,3676977.00000000
train	010964	lower__20201118_165054_35_2401_3B_AnalyticMS_SR_8b_clip	pm5__20201105_20201124__0100	/scrfs/storage/yikebe/home/research/AR_Crop_Identification/make_dataset/raw_sentinel/pm5/pm5__20201105_20201124__0100	2020-11-21	685821.00000000,3676209.00000000,686589.00000000,3676977.00000000
train	010980	lower__20201118_165054_35_2401_3B_AnalyticMS_SR_8b_clip	pm5__20201105_20201124__0100	/scrfs/storage/yikebe/home/research/AR_Crop_Identification/make_dataset/raw_sentinel/pm5/pm5__20201105_20201124__0100	2020-11-21	686589.00000000,3676209.00000000,687357.00000000,3676977.00000000
train	010996	lower__20201118_165054_35_2401_3B_AnalyticMS_SR_8b_clip	pm5__20201105_20201124__0100	/scrfs/storage/yikebe/home/research/AR_Crop_Identification/make_dataset/raw_sentinel/pm5/pm5__20201105_20201124__0100	2020-11-21	666621.00000000,3675441.00000000,667389.00000000,3676209.00000000
train	011012	lower__20201118_165054_35_2401_3B_AnalyticMS_SR_8b_clip	pm5__20201105_20201124__0100	/scrfs/storage/yikebe/home/research/AR_Crop_Identification/make_dataset/raw_sentinel/pm5/pm5__20201105_20201124__0100	2020-11-21	669693.00000000,3675441.00000000,670461.00000000,3676209.00000000
train	011028	lower__20201118_165054_35_2401_3B_AnalyticMS_SR_8b_clip	pm5__20201105_20201124__0100	/scrfs/storage/yikebe/home/research/AR_Crop_Identification/make_dataset/raw_sentinel/pm5/pm5__20201105_20201124__0100	2020-11-21	670461.00000000,3675441.00000000,671229.00000000,3676209.00000000
train	011044	lower__20201118_165054_35_2401_3B_AnalyticMS_SR_8b_clip	pm5__20201105_20201124__0100	/scrfs/storage/yikebe/home/research/AR_Crop_Identification/make_dataset/raw_sentinel/pm5/pm5__20201105_20201124__0100	2020-11-21	671229.00000000,3675441.00000000,671997.00000000,3676209.00000000
train	011060	lower__20201118_165054_35_2401_3B_AnalyticMS_SR_8b_clip	pm5__20201105_20201124__0100	/scrfs/storage/yikebe/home/research/AR_Crop_Identification/make_dataset/raw_sentinel/pm5/pm5__20201105_20201124__0100	2020-11-21	665085.00000000,3674673.00000000,665853.00000000,3675441.00000000
train	011076	lower__20201118_165054_35_2401_3B_AnalyticMS_SR_8b_clip	pm5__20201105_20201124__0100	/scrfs/storage/yikebe/home/research/AR_Crop_Identification/make_dataset/raw_sentinel/pm5/pm5__20201105_20201124__0100	2020-11-21	665853.00000000,3674673.00000000,666621.00000000,3675441.00000000
train	011092	lower__20201118_165054_35_2401_3B_AnalyticMS_SR_8b_clip	pm5__20201105_20201124__0100	/scrfs/storage/yikebe/home/research/AR_Crop_Identification/make_dataset/raw_sentinel/pm5/pm5__20201105_20201124__0100	2020-11-21	666621.00000000,3674673.00000000,667389.00000000,3675441.00000000
train	011108	lower__20201118_165054_35_2401_3B_AnalyticMS_SR_8b_clip	pm5__20201105_20201124__0100	/scrfs/storage/yikebe/home/research/AR_Crop_Identification/make_dataset/raw_sentinel/pm5/pm5__20201105_20201124__0100	2020-11-21	671229.00000000,3674673.00000000,671997.00000000,3675441.00000000
train	011124	lower__20201118_165054_35_2401_3B_AnalyticMS_SR_8b_clip	pm5__20201105_20201124__0100	/scrfs/storage/yikebe/home/research/AR_Crop_Identification/make_dataset/raw_sentinel/pm5/pm5__20201105_20201124__0100	2020-11-21	671997.00000000,3674673.00000000,672765.00000000,3675441.00000000
train	011140	lower__20201118_165054_35_2401_3B_AnalyticMS_SR_8b_clip	pm5__20201105_20201124__0100	/scrfs/storage/yikebe/home/research/AR_Crop_Identification/make_dataset/raw_sentinel/pm5/pm5__20201105_20201124__0100	2020-11-21	672765.00000000,3674673.00000000,673533.00000000,3675441.00000000
train	011156	lower__20201118_165054_35_2401_3B_AnalyticMS_SR_8b_clip	pm5__20201105_20201124__0100	/scrfs/storage/yikebe/home/research/AR_Crop_Identification/make_dataset/raw_sentinel/pm5/pm5__20201105_20201124__0100	2020-11-21	675069.00000000,3674673.00000000,675837.00000000,3675441.00000000
train	011172	lower__20201118_165054_35_2401_3B_AnalyticMS_SR_8b_clip	pm5__20201105_20201124__0100	/scrfs/storage/yikebe/home/research/AR_Crop_Identification/make_dataset/raw_sentinel/pm5/pm5__20201105_20201124__0100	2020-11-21	665853.00000000,3673905.00000000,666621.00000000,3674673.00000000
train	011188	lower__20201118_165054_35_2401_3B_AnalyticMS_SR_8b_clip	pm5__20201105_20201124__0100	/scrfs/storage/yikebe/home/research/AR_Crop_Identification/make_dataset/raw_sentinel/pm5/pm5__20201105_20201124__0100	2020-11-21	666621.00000000,3673905.00000000,667389.00000000,3674673.00000000
train	011204	lower__20201118_165054_35_2401_3B_AnalyticMS_SR_8b_clip	pm5__20201105_20201124__0100	/scrfs/storage/yikebe/home/research/AR_Crop_Identification/make_dataset/raw_sentinel/pm5/pm5__20201105_20201124__0100	2020-11-21	671229.00000000,3673905.00000000,671997.00000000,3674673.00000000
train	011220	lower__20201118_165054_35_2401_3B_AnalyticMS_SR_8b_clip	pm5__20201105_20201124__0100	/scrfs/storage/yikebe/home/research/AR_Crop_Identification/make_dataset/raw_sentinel/pm5/pm5__20201105_20201124__0100	2020-11-21	689661.00000000,3673905.00000000,690429.00000000,3674673.00000000
train	011236	lower__20201118_165054_35_2401_3B_AnalyticMS_SR_8b_clip	pm5__20201105_20201124__0100	/scrfs/storage/yikebe/home/research/AR_Crop_Identification/make_dataset/raw_sentinel/pm5/pm5__20201105_20201124__0100	2020-11-21	690429.00000000,3673905.00000000,691197.00000000,3674673.00000000
train	011252	lower__20201118_165054_35_2401_3B_AnalyticMS_SR_8b_clip	pm5__20201105_20201124__0100	/scrfs/storage/yikebe/home/research/AR_Crop_Identification/make_dataset/raw_sentinel/pm5/pm5__20201105_20201124__0100	2020-11-21	669693.00000000,3673137.00000000,670461.00000000,3673905.00000000
train	011268	lower__20201118_165054_35_2401_3B_AnalyticMS_SR_8b_clip	pm5__20201105_20201124__0100	/scrfs/storage/yikebe/home/research/AR_Crop_Identification/make_dataset/raw_sentinel/pm5/pm5__20201105_20201124__0100	2020-11-21	670461.00000000,3673137.00000000,671229.00000000,3673905.00000000
train	011284	lower__20201118_165054_35_2401_3B_AnalyticMS_SR_8b_clip	pm5__20201105_20201124__0100	/scrfs/storage/yikebe/home/research/AR_Crop_Identification/make_dataset/raw_sentinel/pm5/pm5__20201105_20201124__0100	2020-11-21	671229.00000000,3673137.00000000,671997.00000000,3673905.00000000
train	011300	lower__20201118_165054_35_2401_3B_AnalyticMS_SR_8b_clip	pm5__20201105_20201124__0100	/scrfs/storage/yikebe/home/research/AR_Crop_Identification/make_dataset/raw_sentinel/pm5/pm5__20201105_20201124__0100	2020-11-21	663549.00000000,3672369.00000000,664317.00000000,3673137.00000000
train	011316	lower__20201118_165054_35_2401_3B_AnalyticMS_SR_8b_clip	pm5__20201105_20201124__0100	/scrfs/storage/yikebe/home/research/AR_Crop_Identification/make_dataset/raw_sentinel/pm5/pm5__20201105_20201124__0100	2020-11-21	665853.00000000,3672369.00000000,666621.00000000,3673137.00000000
train	011332	lower__20201118_165054_35_2401_3B_AnalyticMS_SR_8b_clip	pm5__20201105_20201124__0100	/scrfs/storage/yikebe/home/research/AR_Crop_Identification/make_dataset/raw_sentinel/pm5/pm5__20201105_20201124__0100	2020-11-21	670461.00000000,3672369.00000000,671229.00000000,3673137.00000000
train	011348	lower__20201118_165054_35_2401_3B_AnalyticMS_SR_8b_clip	pm5__20201105_20201124__0100	/scrfs/storage/yikebe/home/research/AR_Crop_Identification/make_dataset/raw_sentinel/pm5/pm5__20201105_20201124__0100	2020-11-21	672765.00000000,3672369.00000000,673533.00000000,3673137.00000000
train	011364	lower__20201118_165054_35_2401_3B_AnalyticMS_SR_8b_clip	pm5__20201105_20201124__0100	/scrfs/storage/yikebe/home/research/AR_Crop_Identification/make_dataset/raw_sentinel/pm5/pm5__20201105_20201124__0100	2020-11-21	658941.00000000,3671601.00000000,659709.00000000,3672369.00000000
train	011380	lower__20201118_165054_35_2401_3B_AnalyticMS_SR_8b_clip	pm5__20201105_20201124__0100	/scrfs/storage/yikebe/home/research/AR_Crop_Identification/make_dataset/raw_sentinel/pm5/pm5__20201105_20201124__0100	2020-11-21	663549.00000000,3671601.00000000,664317.00000000,3672369.00000000
train	011396	lower__20201118_165054_35_2401_3B_AnalyticMS_SR_8b_clip	pm5__20201105_20201124__0100	/scrfs/storage/yikebe/home/research/AR_Crop_Identification/make_dataset/raw_sentinel/pm5/pm5__20201105_20201124__0100	2020-11-21	668925.00000000,3671601.00000000,669693.00000000,3672369.00000000
train	011412	lower__20201118_165054_35_2401_3B_AnalyticMS_SR_8b_clip	pm5__20201105_20201124__0100	/scrfs/storage/yikebe/home/research/AR_Crop_Identification/make_dataset/raw_sentinel/pm5/pm5__20201105_20201124__0100	2020-11-21	671229.00000000,3671601.00000000,671997.00000000,3672369.00000000
train	011428	lower__20201118_165054_35_2401_3B_AnalyticMS_SR_8b_clip	pm5__20201105_20201124__0100	/scrfs/storage/yikebe/home/research/AR_Crop_Identification/make_dataset/raw_sentinel/pm5/pm5__20201105_20201124__0100	2020-11-21	671997.00000000,3671601.00000000,672765.00000000,3672369.00000000
train	011444	lower__20201118_165054_35_2401_3B_AnalyticMS_SR_8b_clip	pm5__20201105_20201124__0100	/scrfs/storage/yikebe/home/research/AR_Crop_Identification/make_dataset/raw_sentinel/pm5/pm5__20201105_20201124__0100	2020-11-21	672765.00000000,3671601.00000000,673533.00000000,3672369.00000000
train	011460	lower__20201118_165054_35_2401_3B_AnalyticMS_SR_8b_clip	pm5__20201105_20201124__0100	/scrfs/storage/yikebe/home/research/AR_Crop_Identification/make_dataset/raw_sentinel/pm5/pm5__20201105_20201124__0100	2020-11-21	663549.00000000,3670833.00000000,664317.00000000,3671601.00000000
train	011476	lower__20201118_165054_35_2401_3B_AnalyticMS_SR_8b_clip	pm5__20201105_20201124__0100	/scrfs/storage/yikebe/home/research/AR_Crop_Identification/make_dataset/raw_sentinel/pm5/pm5__20201105_20201124__0100	2020-11-21	668925.00000000,3670833.00000000,669693.00000000,3671601.00000000
train	011492	lower__20201118_165054_35_2401_3B_AnalyticMS_SR_8b_clip	pm5__20201105_20201124__0100	/scrfs/storage/yikebe/home/research/AR_Crop_Identification/make_dataset/raw_sentinel/pm5/pm5__20201105_20201124__0100	2020-11-21	671229.00000000,3670833.00000000,671997.00000000,3671601.00000000
train	011508	lower__20201118_165054_35_2401_3B_AnalyticMS_SR_8b_clip	pm5__20201105_20201124__0100	/scrfs/storage/yikebe/home/research/AR_Crop_Identification/make_dataset/raw_sentinel/pm5/pm5__20201105_20201124__0100	2020-11-21	687357.00000000,3670833.00000000,688125.00000000,3671601.00000000
train	011524	lower__20201118_165054_35_2401_3B_AnalyticMS_SR_8b_clip	pm5__20201105_20201124__0100	/scrfs/storage/yikebe/home/research/AR_Crop_Identification/make_dataset/raw_sentinel/pm5/pm5__20201105_20201124__0100	2020-11-21	688125.00000000,3670833.00000000,688893.00000000,3671601.00000000
train	011540	lower__20201118_165054_35_2401_3B_AnalyticMS_SR_8b_clip	pm5__20201105_20201124__0100	/scrfs/storage/yikebe/home/research/AR_Crop_Identification/make_dataset/raw_sentinel/pm5/pm5__20201105_20201124__0100	2020-11-21	665853.00000000,3670065.00000000,666621.00000000,3670833.00000000
train	011556	lower__20201118_165054_35_2401_3B_AnalyticMS_SR_8b_clip	pm5__20201105_20201124__0100	/scrfs/storage/yikebe/home/research/AR_Crop_Identification/make_dataset/raw_sentinel/pm5/pm5__20201105_20201124__0100	2020-11-21	668157.00000000,3670065.00000000,668925.00000000,3670833.00000000
train	011572	lower__20201118_165054_35_2401_3B_AnalyticMS_SR_8b_clip	pm5__20201105_20201124__0100	/scrfs/storage/yikebe/home/research/AR_Crop_Identification/make_dataset/raw_sentinel/pm5/pm5__20201105_20201124__0100	2020-11-21	687357.00000000,3670065.00000000,688125.00000000,3670833.00000000
train	011588	lower__20201118_165054_35_2401_3B_AnalyticMS_SR_8b_clip	pm5__20201105_20201124__0100	/scrfs/storage/yikebe/home/research/AR_Crop_Identification/make_dataset/raw_sentinel/pm5/pm5__20201105_20201124__0100	2020-11-21	688893.00000000,3670065.00000000,689661.00000000,3670833.00000000
train	011604	lower__20201118_165054_35_2401_3B_AnalyticMS_SR_8b_clip	pm5__20201105_20201124__0100	/scrfs/storage/yikebe/home/research/AR_Crop_Identification/make_dataset/raw_sentinel/pm5/pm5__20201105_20201124__0100	2020-11-21	681213.00000000,3668529.00000000,681981.00000000,3669297.00000000
train	011620	lower__20201118_165054_35_2401_3B_AnalyticMS_SR_8b_clip	pm5__20201105_20201124__0100	/scrfs/storage/yikebe/home/research/AR_Crop_Identification/make_dataset/raw_sentinel/pm5/pm5__20201105_20201124__0100	2020-11-21	683517.00000000,3667761.00000000,684285.00000000,3668529.00000000
train	011636	lower__20201118_165054_35_2401_3B_AnalyticMS_SR_8b_clip	pm5__20201105_20201124__0100	/scrfs/storage/yikebe/home/research/AR_Crop_Identification/make_dataset/raw_sentinel/pm5/pm5__20201105_20201124__0100	2020-11-21	684285.00000000,3667761.00000000,685053.00000000,3668529.00000000
train	011652	lower__20201118_165054_35_2401_3B_AnalyticMS_SR_8b_clip	pm5__20201105_20201124__0100	/scrfs/storage/yikebe/home/research/AR_Crop_Identification/make_dataset/raw_sentinel/pm5/pm5__20201105_20201124__0100	2020-11-21	689661.00000000,3667761.00000000,690429.00000000,3668529.00000000
train	011668	lower__20201118_165054_35_2401_3B_AnalyticMS_SR_8b_clip	pm5__20201105_20201124__0100	/scrfs/storage/yikebe/home/research/AR_Crop_Identification/make_dataset/raw_sentinel/pm5/pm5__20201105_20201124__0100	2020-11-21	690429.00000000,3667761.00000000,691197.00000000,3668529.00000000
train	011684	lower__20201118_165054_35_2401_3B_AnalyticMS_SR_8b_clip	pm5__20201105_20201124__0100	/scrfs/storage/yikebe/home/research/AR_Crop_Identification/make_dataset/raw_sentinel/pm5/pm5__20201105_20201124__0100	2020-11-21	691965.00000000,3665457.00000000,692733.00000000,3666225.00000000
train	011700	lower__20201119_165117_04_240f_3B_AnalyticMS_SR_8b_clip	pm5__20201105_20201124__0115	/scrfs/storage/yikebe/home/research/AR_Crop_Identification/make_dataset/raw_sentinel/pm5/pm5__20201105_20201124__0115	2020-11-21	725103.00000000,3722802.00000000,725871.00000000,3723570.00000000
train	011716	lower__20201119_165117_04_240f_3B_AnalyticMS_SR_8b_clip	pm5__20201105_20201124__0115	/scrfs/storage/yikebe/home/research/AR_Crop_Identification/make_dataset/raw_sentinel/pm5/pm5__20201105_20201124__0115	2020-11-21	725103.00000000,3721266.00000000,725871.00000000,3722034.00000000
train	011732	lower__20201119_165117_04_240f_3B_AnalyticMS_SR_8b_clip	pm5__20201105_20201124__0115	/scrfs/storage/yikebe/home/research/AR_Crop_Identification/make_dataset/raw_sentinel/pm5/pm5__20201105_20201124__0115	2020-11-21	720495.00000000,3710514.00000000,721263.00000000,3711282.00000000
train	011748	lower__20201119_165117_04_240f_3B_AnalyticMS_SR_8b_clip	pm5__20201105_20201124__0115	/scrfs/storage/yikebe/home/research/AR_Crop_Identification/make_dataset/raw_sentinel/pm5/pm5__20201105_20201124__0115	2020-11-21	724335.00000000,3710514.00000000,725103.00000000,3711282.00000000
train	011764	lower__20201119_165117_04_240f_3B_AnalyticMS_SR_8b_clip	pm5__20201105_20201124__0115	/scrfs/storage/yikebe/home/research/AR_Crop_Identification/make_dataset/raw_sentinel/pm5/pm5__20201105_20201124__0115	2020-11-21	715887.00000000,3705906.00000000,716655.00000000,3706674.00000000
train	011780	lower__20201119_165117_04_240f_3B_AnalyticMS_SR_8b_clip	pm5__20201105_20201124__0115	/scrfs/storage/yikebe/home/research/AR_Crop_Identification/make_dataset/raw_sentinel/pm5/pm5__20201105_20201124__0115	2020-11-21	722031.00000000,3705906.00000000,722799.00000000,3706674.00000000
train	011796	lower__20201119_165440_92_2416_3B_AnalyticMS_SR_8b_clip	pm5__20201105_20201124__0082	/scrfs/storage/yikebe/home/research/AR_Crop_Identification/make_dataset/raw_sentinel/pm5/pm5__20201105_20201124__0082	2020-11-19	621765.00000000,3845892.00000000,622533.00000000,3846660.00000000
train	011812	lower__20201119_165440_92_2416_3B_AnalyticMS_SR_8b_clip	pm5__20201105_20201124__0082	/scrfs/storage/yikebe/home/research/AR_Crop_Identification/make_dataset/raw_sentinel/pm5/pm5__20201105_20201124__0082	2020-11-19	624069.00000000,3845892.00000000,624837.00000000,3846660.00000000
train	011828	lower__20201119_165440_92_2416_3B_AnalyticMS_SR_8b_clip	pm5__20201105_20201124__0082	/scrfs/storage/yikebe/home/research/AR_Crop_Identification/make_dataset/raw_sentinel/pm5/pm5__20201105_20201124__0082	2020-11-19	630213.00000000,3845892.00000000,630981.00000000,3846660.00000000
train	011844	lower__20201119_165440_92_2416_3B_AnalyticMS_SR_8b_clip	pm5__20201105_20201124__0082	/scrfs/storage/yikebe/home/research/AR_Crop_Identification/make_dataset/raw_sentinel/pm5/pm5__20201105_20201124__0082	2020-11-19	620997.00000000,3844356.00000000,621765.00000000,3845124.00000000
train	011860	lower__20201119_165440_92_2416_3B_AnalyticMS_SR_8b_clip	pm5__20201105_20201124__0082	/scrfs/storage/yikebe/home/research/AR_Crop_Identification/make_dataset/raw_sentinel/pm5/pm5__20201105_20201124__0082	2020-11-19	630981.00000000,3843588.00000000,631749.00000000,3844356.00000000
train	011876	lower__20201119_165440_92_2416_3B_AnalyticMS_SR_8b_clip	pm5__20201105_20201124__0082	/scrfs/storage/yikebe/home/research/AR_Crop_Identification/make_dataset/raw_sentinel/pm5/pm5__20201105_20201124__0082	2020-11-19	631749.00000000,3842820.00000000,632517.00000000,3843588.00000000
train	011892	lower__20201119_165440_92_2416_3B_AnalyticMS_SR_8b_clip	pm5__20201105_20201124__0082	/scrfs/storage/yikebe/home/research/AR_Crop_Identification/make_dataset/raw_sentinel/pm5/pm5__20201105_20201124__0082	2020-11-19	636357.00000000,3842052.00000000,637125.00000000,3842820.00000000
train	011908	lower__20201119_165440_92_2416_3B_AnalyticMS_SR_8b_clip	pm5__20201105_20201124__0082	/scrfs/storage/yikebe/home/research/AR_Crop_Identification/make_dataset/raw_sentinel/pm5/pm5__20201105_20201124__0082	2020-11-19	637125.00000000,3841284.00000000,637893.00000000,3842052.00000000
train	011924	lower__20201119_165802_46_227a_3B_AnalyticMS_SR_8b_clip	pm5__20201105_20201124__0062	/scrfs/storage/yikebe/home/research/AR_Crop_Identification/make_dataset/raw_sentinel/pm5/pm5__20201105_20201124__0062	2020-11-19	582954.00000000,3838074.00000000,583722.00000000,3838842.00000000
train	011940	lower__20201119_165802_46_227a_3B_AnalyticMS_SR_8b_clip	pm5__20201105_20201124__0062	/scrfs/storage/yikebe/home/research/AR_Crop_Identification/make_dataset/raw_sentinel/pm5/pm5__20201105_20201124__0062	2020-11-19	589866.00000000,3837306.00000000,590634.00000000,3838074.00000000
train	011956	lower__20201119_165802_46_227a_3B_AnalyticMS_SR_8b_clip	pm5__20201105_20201124__0062	/scrfs/storage/yikebe/home/research/AR_Crop_Identification/make_dataset/raw_sentinel/pm5/pm5__20201105_20201124__0062	2020-11-19	595242.00000000,3836538.00000000,596010.00000000,3837306.00000000
train	011972	lower__20201119_165802_46_227a_3B_AnalyticMS_SR_8b_clip	pm5__20201105_20201124__0062	/scrfs/storage/yikebe/home/research/AR_Crop_Identification/make_dataset/raw_sentinel/pm5/pm5__20201105_20201124__0062	2020-11-19	594474.00000000,3834234.00000000,595242.00000000,3835002.00000000
train	011988	lower__20201119_165802_46_227a_3B_AnalyticMS_SR_8b_clip	pm5__20201105_20201124__0062	/scrfs/storage/yikebe/home/research/AR_Crop_Identification/make_dataset/raw_sentinel/pm5/pm5__20201105_20201124__0062	2020-11-19	601386.00000000,3832698.00000000,602154.00000000,3833466.00000000
train	012004	lower__20201119_165802_46_227a_3B_AnalyticMS_SR_8b_clip	pm5__20201105_20201124__0062	/scrfs/storage/yikebe/home/research/AR_Crop_Identification/make_dataset/raw_sentinel/pm5/pm5__20201105_20201124__0062	2020-11-19	602922.00000000,3831930.00000000,603690.00000000,3832698.00000000
train	012020	lower__20201119_165802_46_227a_3B_AnalyticMS_SR_8b_clip	pm5__20201105_20201124__0062	/scrfs/storage/yikebe/home/research/AR_Crop_Identification/make_dataset/raw_sentinel/pm5/pm5__20201105_20201124__0062	2020-11-19	602922.00000000,3831162.00000000,603690.00000000,3831930.00000000
train	012036	lower__20201119_165802_46_227a_3B_AnalyticMS_SR_8b_clip	pm5__20201105_20201124__0062	/scrfs/storage/yikebe/home/research/AR_Crop_Identification/make_dataset/raw_sentinel/pm5/pm5__20201105_20201124__0062	2020-11-19	592938.00000000,3830394.00000000,593706.00000000,3831162.00000000
train	012052	lower__20201119_165802_46_227a_3B_AnalyticMS_SR_8b_clip	pm5__20201105_20201124__0062	/scrfs/storage/yikebe/home/research/AR_Crop_Identification/make_dataset/raw_sentinel/pm5/pm5__20201105_20201124__0062	2020-11-19	595242.00000000,3828858.00000000,596010.00000000,3829626.00000000
train	012068	lower__20201119_165802_46_227a_3B_AnalyticMS_SR_8b_clip	pm5__20201105_20201124__0062	/scrfs/storage/yikebe/home/research/AR_Crop_Identification/make_dataset/raw_sentinel/pm5/pm5__20201105_20201124__0062	2020-11-19	590634.00000000,3825786.00000000,591402.00000000,3826554.00000000
train	012084	lower__20201119_165802_46_227a_3B_AnalyticMS_SR_8b_clip	pm5__20201105_20201124__0062	/scrfs/storage/yikebe/home/research/AR_Crop_Identification/make_dataset/raw_sentinel/pm5/pm5__20201105_20201124__0062	2020-11-19	606762.00000000,3825018.00000000,607530.00000000,3825786.00000000
train	012100	lower__20201119_165802_46_227a_3B_AnalyticMS_SR_8b_clip	pm5__20201105_20201124__0062	/scrfs/storage/yikebe/home/research/AR_Crop_Identification/make_dataset/raw_sentinel/pm5/pm5__20201105_20201124__0062	2020-11-19	583722.00000000,3822714.00000000,584490.00000000,3823482.00000000
train	012116	lower__20201119_165802_46_227a_3B_AnalyticMS_SR_8b_clip	pm5__20201105_20201124__0062	/scrfs/storage/yikebe/home/research/AR_Crop_Identification/make_dataset/raw_sentinel/pm5/pm5__20201105_20201124__0062	2020-11-19	583722.00000000,3821946.00000000,584490.00000000,3822714.00000000
train	012132	lower__20201119_165802_46_227a_3B_AnalyticMS_SR_8b_clip	pm5__20201105_20201124__0062	/scrfs/storage/yikebe/home/research/AR_Crop_Identification/make_dataset/raw_sentinel/pm5/pm5__20201105_20201124__0062	2020-11-19	582954.00000000,3821178.00000000,583722.00000000,3821946.00000000
train	012148	lower__20201119_165802_46_227a_3B_AnalyticMS_SR_8b_clip	pm5__20201105_20201124__0062	/scrfs/storage/yikebe/home/research/AR_Crop_Identification/make_dataset/raw_sentinel/pm5/pm5__20201105_20201124__0062	2020-11-19	583722.00000000,3821178.00000000,584490.00000000,3821946.00000000
train	012164	lower__20201119_165802_46_227a_3B_AnalyticMS_SR_8b_clip	pm5__20201105_20201124__0062	/scrfs/storage/yikebe/home/research/AR_Crop_Identification/make_dataset/raw_sentinel/pm5/pm5__20201105_20201124__0062	2020-11-19	581418.00000000,3820410.00000000,582186.00000000,3821178.00000000
train	012180	lower__20201119_165802_46_227a_3B_AnalyticMS_SR_8b_clip	pm5__20201105_20201124__0062	/scrfs/storage/yikebe/home/research/AR_Crop_Identification/make_dataset/raw_sentinel/pm5/pm5__20201105_20201124__0062	2020-11-19	582186.00000000,3820410.00000000,582954.00000000,3821178.00000000
train	012196	lower__20201119_165802_46_227a_3B_AnalyticMS_SR_8b_clip	pm5__20201105_20201124__0062	/scrfs/storage/yikebe/home/research/AR_Crop_Identification/make_dataset/raw_sentinel/pm5/pm5__20201105_20201124__0062	2020-11-19	582954.00000000,3820410.00000000,583722.00000000,3821178.00000000
train	012212	lower__20201119_165802_46_227a_3B_AnalyticMS_SR_8b_clip	pm5__20201105_20201124__0062	/scrfs/storage/yikebe/home/research/AR_Crop_Identification/make_dataset/raw_sentinel/pm5/pm5__20201105_20201124__0062	2020-11-19	597546.00000000,3819642.00000000,598314.00000000,3820410.00000000
train	012228	lower__20201119_165802_46_227a_3B_AnalyticMS_SR_8b_clip	pm5__20201105_20201124__0062	/scrfs/storage/yikebe/home/research/AR_Crop_Identification/make_dataset/raw_sentinel/pm5/pm5__20201105_20201124__0062	2020-11-19	596778.00000000,3818874.00000000,597546.00000000,3819642.00000000
train	012244	lower__20201119_165802_46_227a_3B_AnalyticMS_SR_8b_clip	pm5__20201105_20201124__0062	/scrfs/storage/yikebe/home/research/AR_Crop_Identification/make_dataset/raw_sentinel/pm5/pm5__20201105_20201124__0062	2020-11-19	603690.00000000,3818874.00000000,604458.00000000,3819642.00000000
train	012260	lower__20201119_165802_46_227a_3B_AnalyticMS_SR_8b_clip	pm5__20201105_20201124__0062	/scrfs/storage/yikebe/home/research/AR_Crop_Identification/make_dataset/raw_sentinel/pm5/pm5__20201105_20201124__0062	2020-11-19	605994.00000000,3818874.00000000,606762.00000000,3819642.00000000
train	012276	lower__20201119_165802_46_227a_3B_AnalyticMS_SR_8b_clip	pm5__20201105_20201124__0062	/scrfs/storage/yikebe/home/research/AR_Crop_Identification/make_dataset/raw_sentinel/pm5/pm5__20201105_20201124__0062	2020-11-19	589098.00000000,3818106.00000000,589866.00000000,3818874.00000000
train	012292	lower__20201119_165802_46_227a_3B_AnalyticMS_SR_8b_clip	pm5__20201105_20201124__0062	/scrfs/storage/yikebe/home/research/AR_Crop_Identification/make_dataset/raw_sentinel/pm5/pm5__20201105_20201124__0062	2020-11-19	595242.00000000,3818106.00000000,596010.00000000,3818874.00000000
train	012308	lower__20201119_165802_46_227a_3B_AnalyticMS_SR_8b_clip	pm5__20201105_20201124__0062	/scrfs/storage/yikebe/home/research/AR_Crop_Identification/make_dataset/raw_sentinel/pm5/pm5__20201105_20201124__0062	2020-11-19	597546.00000000,3818106.00000000,598314.00000000,3818874.00000000
train	012324	lower__20201119_165802_46_227a_3B_AnalyticMS_SR_8b_clip	pm5__20201105_20201124__0062	/scrfs/storage/yikebe/home/research/AR_Crop_Identification/make_dataset/raw_sentinel/pm5/pm5__20201105_20201124__0062	2020-11-19	603690.00000000,3818106.00000000,604458.00000000,3818874.00000000
train	012340	lower__20201119_165802_46_227a_3B_AnalyticMS_SR_8b_clip	pm5__20201105_20201124__0062	/scrfs/storage/yikebe/home/research/AR_Crop_Identification/make_dataset/raw_sentinel/pm5/pm5__20201105_20201124__0062	2020-11-19	605994.00000000,3818106.00000000,606762.00000000,3818874.00000000
train	012356	lower__20201119_165802_46_227a_3B_AnalyticMS_SR_8b_clip	pm5__20201105_20201124__0062	/scrfs/storage/yikebe/home/research/AR_Crop_Identification/make_dataset/raw_sentinel/pm5/pm5__20201105_20201124__0062	2020-11-19	606762.00000000,3818106.00000000,607530.00000000,3818874.00000000
train	012372	lower__20201119_165802_46_227a_3B_AnalyticMS_SR_8b_clip	pm5__20201105_20201124__0062	/scrfs/storage/yikebe/home/research/AR_Crop_Identification/make_dataset/raw_sentinel/pm5/pm5__20201105_20201124__0062	2020-11-19	590634.00000000,3817338.00000000,591402.00000000,3818106.00000000
train	012388	lower__20201119_165802_46_227a_3B_AnalyticMS_SR_8b_clip	pm5__20201105_20201124__0062	/scrfs/storage/yikebe/home/research/AR_Crop_Identification/make_dataset/raw_sentinel/pm5/pm5__20201105_20201124__0062	2020-11-19	608298.00000000,3817338.00000000,609066.00000000,3818106.00000000
train	012404	lower__20201119_165802_46_227a_3B_AnalyticMS_SR_8b_clip	pm5__20201105_20201124__0062	/scrfs/storage/yikebe/home/research/AR_Crop_Identification/make_dataset/raw_sentinel/pm5/pm5__20201105_20201124__0062	2020-11-19	602154.00000000,3816570.00000000,602922.00000000,3817338.00000000
train	012420	lower__20201119_165802_46_227a_3B_AnalyticMS_SR_8b_clip	pm5__20201105_20201124__0062	/scrfs/storage/yikebe/home/research/AR_Crop_Identification/make_dataset/raw_sentinel/pm5/pm5__20201105_20201124__0062	2020-11-19	605226.00000000,3816570.00000000,605994.00000000,3817338.00000000
train	012436	lower__20201119_165802_46_227a_3B_AnalyticMS_SR_8b_clip	pm5__20201105_20201124__0062	/scrfs/storage/yikebe/home/research/AR_Crop_Identification/make_dataset/raw_sentinel/pm5/pm5__20201105_20201124__0062	2020-11-19	604458.00000000,3815802.00000000,605226.00000000,3816570.00000000
train	012452	lower__20201119_165802_46_227a_3B_AnalyticMS_SR_8b_clip	pm5__20201105_20201124__0062	/scrfs/storage/yikebe/home/research/AR_Crop_Identification/make_dataset/raw_sentinel/pm5/pm5__20201105_20201124__0062	2020-11-19	607530.00000000,3814266.00000000,608298.00000000,3815034.00000000
train	012468	lower__20201119_165802_46_227a_3B_AnalyticMS_SR_8b_clip	pm5__20201105_20201124__0062	/scrfs/storage/yikebe/home/research/AR_Crop_Identification/make_dataset/raw_sentinel/pm5/pm5__20201105_20201124__0062	2020-11-19	608298.00000000,3814266.00000000,609066.00000000,3815034.00000000
train	012484	lower__20201119_165827_03_2407_3B_AnalyticMS_SR_8b_clip	pm5__20201105_20201124__0049	/scrfs/storage/yikebe/home/research/AR_Crop_Identification/make_dataset/raw_sentinel/pm5/pm5__20201105_20201124__0049	2020-11-19	578358.00000000,3662124.00000000,579126.00000000,3662892.00000000
train	012500	lower__20201119_165827_03_2407_3B_AnalyticMS_SR_8b_clip	pm5__20201105_20201124__0049	/scrfs/storage/yikebe/home/research/AR_Crop_Identification/make_dataset/raw_sentinel/pm5/pm5__20201105_20201124__0049	2020-11-19	579894.00000000,3659052.00000000,580662.00000000,3659820.00000000
