split	sample_id	scene_id	sentinel_request_id	sentinel_request_root	sentinel_date	planet_bounds
train	000014	lower__20200511_160008_59_2263_3B_AnalyticMS_SR_8b_clip	pm5__20200506_20200523__0006	/scrfs/storage/yikebe/home/research/AR_Crop_Identification/make_dataset/raw_sentinel/pm5/pm5__20200506_20200523__0006	2020-05-10	695424.00000000,3757548.00000000,696192.00000000,3758316.00000000
train	000030	lower__20200511_160008_59_2263_3B_AnalyticMS_SR_8b_clip	pm5__20200506_20200523__0006	/scrfs/storage/yikebe/home/research/AR_Crop_Identification/make_dataset/raw_sentinel/pm5/pm5__20200506_20200523__0006	2020-05-10	696960.00000000,3757548.00000000,697728.00000000,3758316.00000000
train	000046	lower__20200511_160008_59_2263_3B_AnalyticMS_SR_8b_clip	pm5__20200506_20200523__0006	/scrfs/storage/yikebe/home/research/AR_Crop_Identification/make_dataset/raw_sentinel/pm5/pm5__20200506_20200523__0006	2020-05-10	695424.00000000,3756780.00000000,696192.00000000,3757548.00000000
train	000062	lower__20200511_160008_59_2263_3B_AnalyticMS_SR_8b_clip	pm5__20200506_20200523__0006	/scrfs/storage/yikebe/home/research/AR_Crop_Identification/make_dataset/raw_sentinel/pm5/pm5__20200506_20200523__0006	2020-05-10	697728.00000000,3756780.00000000,698496.00000000,3757548.00000000
train	000078	lower__20200511_160008_59_2263_3B_AnalyticMS_SR_8b_clip	pm5__20200506_20200523__0006	/scrfs/storage/yikebe/home/research/AR_Crop_Identification/make_dataset/raw_sentinel/pm5/pm5__20200506_20200523__0006	2020-05-10	695424.00000000,3756012.00000000,696192.00000000,3756780.00000000
train	000094	lower__20200511_160008_59_2263_3B_AnalyticMS_SR_8b_clip	pm5__20200506_20200523__0006	/scrfs/storage/yikebe/home/research/AR_Crop_Identification/make_dataset/raw_sentinel/pm5/pm5__20200506_20200523__0006	2020-05-10	695424.00000000,3755244.00000000,696192.00000000,3756012.00000000
train	000110	lower__20200511_160008_59_2263_3B_AnalyticMS_SR_8b_clip	pm5__20200506_20200523__0006	/scrfs/storage/yikebe/home/research/AR_Crop_Identification/make_dataset/raw_sentinel/pm5/pm5__20200506_20200523__0006	2020-05-10	697728.00000000,3755244.00000000,698496.00000000,3756012.00000000
train	000126	lower__20200511_160008_59_2263_3B_AnalyticMS_SR_8b_clip	pm5__20200506_20200523__0006	/scrfs/storage/yikebe/home/research/AR_Crop_Identification/make_dataset/raw_sentinel/pm5/pm5__20200506_20200523__0006	2020-05-10	704640.00000000,3755244.00000000,705408.00000000,3756012.00000000
train	000142	lower__20200511_160008_59_2263_3B_AnalyticMS_SR_8b_clip	pm5__20200506_20200523__0006	/scrfs/storage/yikebe/home/research/AR_Crop_Identification/make_dataset/raw_sentinel/pm5/pm5__20200506_20200523__0006	2020-05-10	705408.00000000,3755244.00000000,706176.00000000,3756012.00000000
train	000158	lower__20200511_160008_59_2263_3B_AnalyticMS_SR_8b_clip	pm5__20200506_20200523__0006	/scrfs/storage/yikebe/home/research/AR_Crop_Identification/make_dataset/raw_sentinel/pm5/pm5__20200506_20200523__0006	2020-05-10	685440.00000000,3753708.00000000,686208.00000000,3754476.00000000
train	000174	lower__20200511_160008_59_2263_3B_AnalyticMS_SR_8b_clip	pm5__20200506_20200523__0006	/scrfs/storage/yikebe/home/research/AR_Crop_Identification/make_dataset/raw_sentinel/pm5/pm5__20200506_20200523__0006	2020-05-10	686208.00000000,3753708.00000000,686976.00000000,3754476.00000000
train	000190	lower__20200511_160008_59_2263_3B_AnalyticMS_SR_8b_clip	pm5__20200506_20200523__0006	/scrfs/storage/yikebe/home/research/AR_Crop_Identification/make_dataset/raw_sentinel/pm5/pm5__20200506_20200523__0006	2020-05-10	693888.00000000,3753708.00000000,694656.00000000,3754476.00000000
train	000206	lower__20200511_160008_59_2263_3B_AnalyticMS_SR_8b_clip	pm5__20200506_20200523__0006	/scrfs/storage/yikebe/home/research/AR_Crop_Identification/make_dataset/raw_sentinel/pm5/pm5__20200506_20200523__0006	2020-05-10	693120.00000000,3752940.00000000,693888.00000000,3753708.00000000
train	000222	lower__20200511_160008_59_2263_3B_AnalyticMS_SR_8b_clip	pm5__20200506_20200523__0006	/scrfs/storage/yikebe/home/research/AR_Crop_Identification/make_dataset/raw_sentinel/pm5/pm5__20200506_20200523__0006	2020-05-10	693888.00000000,3752940.00000000,694656.00000000,3753708.00000000
train	000238	lower__20200511_160008_59_2263_3B_AnalyticMS_SR_8b_clip	pm5__20200506_20200523__0006	/scrfs/storage/yikebe/home/research/AR_Crop_Identification/make_dataset/raw_sentinel/pm5/pm5__20200506_20200523__0006	2020-05-10	697728.00000000,3752940.00000000,698496.00000000,3753708.00000000
train	000254	lower__20200511_160008_59_2263_3B_AnalyticMS_SR_8b_clip	pm5__20200506_20200523__0006	/scrfs/storage/yikebe/home/research/AR_Crop_Identification/make_dataset/raw_sentinel/pm5/pm5__20200506_20200523__0006	2020-05-10	687744.00000000,3751404.00000000,688512.00000000,3752172.00000000
train	000270	lower__20200511_160008_59_2263_3B_AnalyticMS_SR_8b_clip	pm5__20200506_20200523__0006	/scrfs/storage/yikebe/home/research/AR_Crop_Identification/make_dataset/raw_sentinel/pm5/pm5__20200506_20200523__0006	2020-05-10	692352.00000000,3751404.00000000,693120.00000000,3752172.00000000
train	000286	lower__20200511_160008_59_2263_3B_AnalyticMS_SR_8b_clip	pm5__20200506_20200523__0006	/scrfs/storage/yikebe/home/research/AR_Crop_Identification/make_dataset/raw_sentinel/pm5/pm5__20200506_20200523__0006	2020-05-10	703872.00000000,3751404.00000000,704640.00000000,3752172.00000000
train	000302	lower__20200511_160008_59_2263_3B_AnalyticMS_SR_8b_clip	pm5__20200506_20200523__0006	/scrfs/storage/yikebe/home/research/AR_Crop_Identification/make_dataset/raw_sentinel/pm5/pm5__20200506_20200523__0006	2020-05-10	687744.00000000,3750636.00000000,688512.00000000,3751404.00000000
train	000318	lower__20200511_160008_59_2263_3B_AnalyticMS_SR_8b_clip	pm5__20200506_20200523__0006	/scrfs/storage/yikebe/home/research/AR_Crop_Identification/make_dataset/raw_sentinel/pm5/pm5__20200506_20200523__0006	2020-05-10	692352.00000000,3750636.00000000,693120.00000000,3751404.00000000
train	000334	lower__20200511_160008_59_2263_3B_AnalyticMS_SR_8b_clip	pm5__20200506_20200523__0006	/scrfs/storage/yikebe/home/research/AR_Crop_Identification/make_dataset/raw_sentinel/pm5/pm5__20200506_20200523__0006	2020-05-10	696192.00000000,3750636.00000000,696960.00000000,3751404.00000000
train	000350	lower__20200511_160008_59_2263_3B_AnalyticMS_SR_8b_clip	pm5__20200506_20200523__0006	/scrfs/storage/yikebe/home/research/AR_Crop_Identification/make_dataset/raw_sentinel/pm5/pm5__20200506_20200523__0006	2020-05-10	697728.00000000,3750636.00000000,698496.00000000,3751404.00000000
train	000366	lower__20200511_160008_59_2263_3B_AnalyticMS_SR_8b_clip	pm5__20200506_20200523__0006	/scrfs/storage/yikebe/home/research/AR_Crop_Identification/make_dataset/raw_sentinel/pm5/pm5__20200506_20200523__0006	2020-05-10	706944.00000000,3750636.00000000,707712.00000000,3751404.00000000
train	000382	lower__20200511_160008_59_2263_3B_AnalyticMS_SR_8b_clip	pm5__20200506_20200523__0006	/scrfs/storage/yikebe/home/research/AR_Crop_Identification/make_dataset/raw_sentinel/pm5/pm5__20200506_20200523__0006	2020-05-10	695424.00000000,3749868.00000000,696192.00000000,3750636.00000000
train	000398	lower__20200511_160008_59_2263_3B_AnalyticMS_SR_8b_clip	pm5__20200506_20200523__0006	/scrfs/storage/yikebe/home/research/AR_Crop_Identification/make_dataset/raw_sentinel/pm5/pm5__20200506_20200523__0006	2020-05-10	696960.00000000,3749868.00000000,697728.00000000,3750636.00000000
train	000414	lower__20200511_160008_59_2263_3B_AnalyticMS_SR_8b_clip	pm5__20200506_20200523__0006	/scrfs/storage/yikebe/home/research/AR_Crop_Identification/make_dataset/raw_sentinel/pm5/pm5__20200506_20200523__0006	2020-05-10	700032.00000000,3749868.00000000,700800.00000000,3750636.00000000
train	000430	lower__20200511_160008_59_2263_3B_AnalyticMS_SR_8b_clip	pm5__20200506_20200523__0006	/scrfs/storage/yikebe/home/research/AR_Crop_Identification/make_dataset/raw_sentinel/pm5/pm5__20200506_20200523__0006	2020-05-10	700800.00000000,3749868.00000000,701568.00000000,3750636.00000000
train	000446	lower__20200511_160008_59_2263_3B_AnalyticMS_SR_8b_clip	pm5__20200506_20200523__0006	/scrfs/storage/yikebe/home/research/AR_Crop_Identification/make_dataset/raw_sentinel/pm5/pm5__20200506_20200523__0006	2020-05-10	706944.00000000,3749868.00000000,707712.00000000,3750636.00000000
train	000462	lower__20200511_160008_59_2263_3B_AnalyticMS_SR_8b_clip	pm5__20200506_20200523__0006	/scrfs/storage/yikebe/home/research/AR_Crop_Identification/make_dataset/raw_sentinel/pm5/pm5__20200506_20200523__0006	2020-05-10	694656.00000000,3749100.00000000,695424.00000000,3749868.00000000
train	000478	lower__20200511_160008_59_2263_3B_AnalyticMS_SR_8b_clip	pm5__20200506_20200523__0006	/scrfs/storage/yikebe/home/research/AR_Crop_Identification/make_dataset/raw_sentinel/pm5/pm5__20200506_20200523__0006	2020-05-10	700800.00000000,3749100.00000000,701568.00000000,3749868.00000000
train	000494	lower__20200511_160008_59_2263_3B_AnalyticMS_SR_8b_clip	pm5__20200506_20200523__0006	/scrfs/storage/yikebe/home/research/AR_Crop_Identification/make_dataset/raw_sentinel/pm5/pm5__20200506_20200523__0006	2020-05-10	693888.00000000,3748332.00000000,694656.00000000,3749100.00000000
train	000510	lower__20200511_160008_59_2263_3B_AnalyticMS_SR_8b_clip	pm5__20200506_20200523__0006	/scrfs/storage/yikebe/home/research/AR_Crop_Identification/make_dataset/raw_sentinel/pm5/pm5__20200506_20200523__0006	2020-05-10	696192.00000000,3748332.00000000,696960.00000000,3749100.00000000
train	000526	lower__20200511_160008_59_2263_3B_AnalyticMS_SR_8b_clip	pm5__20200506_20200523__0006	/scrfs/storage/yikebe/home/research/AR_Crop_Identification/make_dataset/raw_sentinel/pm5/pm5__20200506_20200523__0006	2020-05-10	696960.00000000,3748332.00000000,697728.00000000,3749100.00000000
train	000542	lower__20200511_160008_59_2263_3B_AnalyticMS_SR_8b_clip	pm5__20200506_20200523__0006	/scrfs/storage/yikebe/home/research/AR_Crop_Identification/make_dataset/raw_sentinel/pm5/pm5__20200506_20200523__0006	2020-05-10	697728.00000000,3748332.00000000,698496.00000000,3749100.00000000
train	000558	lower__20200511_160008_59_2263_3B_AnalyticMS_SR_8b_clip	pm5__20200506_20200523__0006	/scrfs/storage/yikebe/home/research/AR_Crop_Identification/make_dataset/raw_sentinel/pm5/pm5__20200506_20200523__0006	2020-05-10	695424.00000000,3747564.00000000,696192.00000000,3748332.00000000
train	000574	lower__20200511_160008_59_2263_3B_AnalyticMS_SR_8b_clip	pm5__20200506_20200523__0006	/scrfs/storage/yikebe/home/research/AR_Crop_Identification/make_dataset/raw_sentinel/pm5/pm5__20200506_20200523__0006	2020-05-10	696192.00000000,3747564.00000000,696960.00000000,3748332.00000000
train	000590	lower__20200511_160008_59_2263_3B_AnalyticMS_SR_8b_clip	pm5__20200506_20200523__0006	/scrfs/storage/yikebe/home/research/AR_Crop_Identification/make_dataset/raw_sentinel/pm5/pm5__20200506_20200523__0006	2020-05-10	696960.00000000,3747564.00000000,697728.00000000,3748332.00000000
train	000606	lower__20200511_160008_59_2263_3B_AnalyticMS_SR_8b_clip	pm5__20200506_20200523__0006	/scrfs/storage/yikebe/home/research/AR_Crop_Identification/make_dataset/raw_sentinel/pm5/pm5__20200506_20200523__0006	2020-05-10	697728.00000000,3747564.00000000,698496.00000000,3748332.00000000
train	000622	lower__20200511_160008_59_2263_3B_AnalyticMS_SR_8b_clip	pm5__20200506_20200523__0006	/scrfs/storage/yikebe/home/research/AR_Crop_Identification/make_dataset/raw_sentinel/pm5/pm5__20200506_20200523__0006	2020-05-10	700800.00000000,3747564.00000000,701568.00000000,3748332.00000000
train	000638	lower__20200511_160008_59_2263_3B_AnalyticMS_SR_8b_clip	pm5__20200506_20200523__0006	/scrfs/storage/yikebe/home/research/AR_Crop_Identification/make_dataset/raw_sentinel/pm5/pm5__20200506_20200523__0006	2020-05-10	702336.00000000,3747564.00000000,703104.00000000,3748332.00000000
train	000654	lower__20200511_160008_59_2263_3B_AnalyticMS_SR_8b_clip	pm5__20200506_20200523__0006	/scrfs/storage/yikebe/home/research/AR_Crop_Identification/make_dataset/raw_sentinel/pm5/pm5__20200506_20200523__0006	2020-05-10	703104.00000000,3747564.00000000,703872.00000000,3748332.00000000
train	000670	lower__20200511_160008_59_2263_3B_AnalyticMS_SR_8b_clip	pm5__20200506_20200523__0006	/scrfs/storage/yikebe/home/research/AR_Crop_Identification/make_dataset/raw_sentinel/pm5/pm5__20200506_20200523__0006	2020-05-10	695424.00000000,3746796.00000000,696192.00000000,3747564.00000000
train	000686	lower__20200511_160008_59_2263_3B_AnalyticMS_SR_8b_clip	pm5__20200506_20200523__0006	/scrfs/storage/yikebe/home/research/AR_Crop_Identification/make_dataset/raw_sentinel/pm5/pm5__20200506_20200523__0006	2020-05-10	696192.00000000,3746796.00000000,696960.00000000,3747564.00000000
train	000702	lower__20200511_160008_59_2263_3B_AnalyticMS_SR_8b_clip	pm5__20200506_20200523__0006	/scrfs/storage/yikebe/home/research/AR_Crop_Identification/make_dataset/raw_sentinel/pm5/pm5__20200506_20200523__0006	2020-05-10	700032.00000000,3746796.00000000,700800.00000000,3747564.00000000
train	000718	lower__20200511_160008_59_2263_3B_AnalyticMS_SR_8b_clip	pm5__20200506_20200523__0006	/scrfs/storage/yikebe/home/research/AR_Crop_Identification/make_dataset/raw_sentinel/pm5/pm5__20200506_20200523__0006	2020-05-10	700800.00000000,3746796.00000000,701568.00000000,3747564.00000000
train	000734	lower__20200511_160008_59_2263_3B_AnalyticMS_SR_8b_clip	pm5__20200506_20200523__0006	/scrfs/storage/yikebe/home/research/AR_Crop_Identification/make_dataset/raw_sentinel/pm5/pm5__20200506_20200523__0006	2020-05-10	702336.00000000,3746796.00000000,703104.00000000,3747564.00000000
train	000750	lower__20200511_160008_59_2263_3B_AnalyticMS_SR_8b_clip	pm5__20200506_20200523__0006	/scrfs/storage/yikebe/home/research/AR_Crop_Identification/make_dataset/raw_sentinel/pm5/pm5__20200506_20200523__0006	2020-05-10	703104.00000000,3746796.00000000,703872.00000000,3747564.00000000
train	000766	lower__20200511_160008_59_2263_3B_AnalyticMS_SR_8b_clip	pm5__20200506_20200523__0006	/scrfs/storage/yikebe/home/research/AR_Crop_Identification/make_dataset/raw_sentinel/pm5/pm5__20200506_20200523__0006	2020-05-10	686208.00000000,3746028.00000000,686976.00000000,3746796.00000000
train	000782	lower__20200511_160008_59_2263_3B_AnalyticMS_SR_8b_clip	pm5__20200506_20200523__0006	/scrfs/storage/yikebe/home/research/AR_Crop_Identification/make_dataset/raw_sentinel/pm5/pm5__20200506_20200523__0006	2020-05-10	695424.00000000,3746028.00000000,696192.00000000,3746796.00000000
train	000798	lower__20200511_160008_59_2263_3B_AnalyticMS_SR_8b_clip	pm5__20200506_20200523__0006	/scrfs/storage/yikebe/home/research/AR_Crop_Identification/make_dataset/raw_sentinel/pm5/pm5__20200506_20200523__0006	2020-05-10	696192.00000000,3746028.00000000,696960.00000000,3746796.00000000
train	000814	lower__20200511_160008_59_2263_3B_AnalyticMS_SR_8b_clip	pm5__20200506_20200523__0006	/scrfs/storage/yikebe/home/research/AR_Crop_Identification/make_dataset/raw_sentinel/pm5/pm5__20200506_20200523__0006	2020-05-10	696960.00000000,3746028.00000000,697728.00000000,3746796.00000000
train	000830	lower__20200511_160008_59_2263_3B_AnalyticMS_SR_8b_clip	pm5__20200506_20200523__0006	/scrfs/storage/yikebe/home/research/AR_Crop_Identification/make_dataset/raw_sentinel/pm5/pm5__20200506_20200523__0006	2020-05-10	700800.00000000,3746028.00000000,701568.00000000,3746796.00000000
train	000846	lower__20200511_160008_59_2263_3B_AnalyticMS_SR_8b_clip	pm5__20200506_20200523__0006	/scrfs/storage/yikebe/home/research/AR_Crop_Identification/make_dataset/raw_sentinel/pm5/pm5__20200506_20200523__0006	2020-05-10	702336.00000000,3746028.00000000,703104.00000000,3746796.00000000
train	000862	lower__20200511_160008_59_2263_3B_AnalyticMS_SR_8b_clip	pm5__20200506_20200523__0006	/scrfs/storage/yikebe/home/research/AR_Crop_Identification/make_dataset/raw_sentinel/pm5/pm5__20200506_20200523__0006	2020-05-10	690048.00000000,3745260.00000000,690816.00000000,3746028.00000000
train	000878	lower__20200511_160008_59_2263_3B_AnalyticMS_SR_8b_clip	pm5__20200506_20200523__0006	/scrfs/storage/yikebe/home/research/AR_Crop_Identification/make_dataset/raw_sentinel/pm5/pm5__20200506_20200523__0006	2020-05-10	693888.00000000,3745260.00000000,694656.00000000,3746028.00000000
train	000894	lower__20200511_160008_59_2263_3B_AnalyticMS_SR_8b_clip	pm5__20200506_20200523__0006	/scrfs/storage/yikebe/home/research/AR_Crop_Identification/make_dataset/raw_sentinel/pm5/pm5__20200506_20200523__0006	2020-05-10	696192.00000000,3745260.00000000,696960.00000000,3746028.00000000
train	000910	lower__20200511_160008_59_2263_3B_AnalyticMS_SR_8b_clip	pm5__20200506_20200523__0006	/scrfs/storage/yikebe/home/research/AR_Crop_Identification/make_dataset/raw_sentinel/pm5/pm5__20200506_20200523__0006	2020-05-10	696960.00000000,3745260.00000000,697728.00000000,3746028.00000000
train	000926	lower__20200511_160008_59_2263_3B_AnalyticMS_SR_8b_clip	pm5__20200506_20200523__0006	/scrfs/storage/yikebe/home/research/AR_Crop_Identification/make_dataset/raw_sentinel/pm5/pm5__20200506_20200523__0006	2020-05-10	697728.00000000,3745260.00000000,698496.00000000,3746028.00000000
train	000942	lower__20200511_160008_59_2263_3B_AnalyticMS_SR_8b_clip	pm5__20200506_20200523__0006	/scrfs/storage/yikebe/home/research/AR_Crop_Identification/make_dataset/raw_sentinel/pm5/pm5__20200506_20200523__0006	2020-05-10	700032.00000000,3745260.00000000,700800.00000000,3746028.00000000
train	000958	lower__20200511_160008_59_2263_3B_AnalyticMS_SR_8b_clip	pm5__20200506_20200523__0006	/scrfs/storage/yikebe/home/research/AR_Crop_Identification/make_dataset/raw_sentinel/pm5/pm5__20200506_20200523__0006	2020-05-10	700800.00000000,3745260.00000000,701568.00000000,3746028.00000000
train	000974	lower__20200511_160008_59_2263_3B_AnalyticMS_SR_8b_clip	pm5__20200506_20200523__0006	/scrfs/storage/yikebe/home/research/AR_Crop_Identification/make_dataset/raw_sentinel/pm5/pm5__20200506_20200523__0006	2020-05-10	703104.00000000,3745260.00000000,703872.00000000,3746028.00000000
train	000990	lower__20200511_160008_59_2263_3B_AnalyticMS_SR_8b_clip	pm5__20200506_20200523__0006	/scrfs/storage/yikebe/home/research/AR_Crop_Identification/make_dataset/raw_sentinel/pm5/pm5__20200506_20200523__0006	2020-05-10	685440.00000000,3744492.00000000,686208.00000000,3745260.00000000
train	001006	lower__20200511_160008_59_2263_3B_AnalyticMS_SR_8b_clip	pm5__20200506_20200523__0006	/scrfs/storage/yikebe/home/research/AR_Crop_Identification/make_dataset/raw_sentinel/pm5/pm5__20200506_20200523__0006	2020-05-10	686208.00000000,3744492.00000000,686976.00000000,3745260.00000000
train	001022	lower__20200511_160008_59_2263_3B_AnalyticMS_SR_8b_clip	pm5__20200506_20200523__0006	/scrfs/storage/yikebe/home/research/AR_Crop_Identification/make_dataset/raw_sentinel/pm5/pm5__20200506_20200523__0006	2020-05-10	693120.00000000,3744492.00000000,693888.00000000,3745260.00000000
train	001038	lower__20200511_160008_59_2263_3B_AnalyticMS_SR_8b_clip	pm5__20200506_20200523__0006	/scrfs/storage/yikebe/home/research/AR_Crop_Identification/make_dataset/raw_sentinel/pm5/pm5__20200506_20200523__0006	2020-05-10	693888.00000000,3744492.00000000,694656.00000000,3745260.00000000
train	001054	lower__20200511_160008_59_2263_3B_AnalyticMS_SR_8b_clip	pm5__20200506_20200523__0006	/scrfs/storage/yikebe/home/research/AR_Crop_Identification/make_dataset/raw_sentinel/pm5/pm5__20200506_20200523__0006	2020-05-10	696192.00000000,3744492.00000000,696960.00000000,3745260.00000000
train	001070	lower__20200511_160008_59_2263_3B_AnalyticMS_SR_8b_clip	pm5__20200506_20200523__0006	/scrfs/storage/yikebe/home/research/AR_Crop_Identification/make_dataset/raw_sentinel/pm5/pm5__20200506_20200523__0006	2020-05-10	696960.00000000,3744492.00000000,697728.00000000,3745260.00000000
train	001086	lower__20200511_160008_59_2263_3B_AnalyticMS_SR_8b_clip	pm5__20200506_20200523__0006	/scrfs/storage/yikebe/home/research/AR_Crop_Identification/make_dataset/raw_sentinel/pm5/pm5__20200506_20200523__0006	2020-05-10	697728.00000000,3744492.00000000,698496.00000000,3745260.00000000
train	001102	lower__20200511_160008_59_2263_3B_AnalyticMS_SR_8b_clip	pm5__20200506_20200523__0006	/scrfs/storage/yikebe/home/research/AR_Crop_Identification/make_dataset/raw_sentinel/pm5/pm5__20200506_20200523__0006	2020-05-10	700032.00000000,3744492.00000000,700800.00000000,3745260.00000000
train	001118	lower__20200511_160008_59_2263_3B_AnalyticMS_SR_8b_clip	pm5__20200506_20200523__0006	/scrfs/storage/yikebe/home/research/AR_Crop_Identification/make_dataset/raw_sentinel/pm5/pm5__20200506_20200523__0006	2020-05-10	700800.00000000,3744492.00000000,701568.00000000,3745260.00000000
train	001134	lower__20200511_160008_59_2263_3B_AnalyticMS_SR_8b_clip	pm5__20200506_20200523__0006	/scrfs/storage/yikebe/home/research/AR_Crop_Identification/make_dataset/raw_sentinel/pm5/pm5__20200506_20200523__0006	2020-05-10	701568.00000000,3744492.00000000,702336.00000000,3745260.00000000
train	001150	lower__20200511_160008_59_2263_3B_AnalyticMS_SR_8b_clip	pm5__20200506_20200523__0006	/scrfs/storage/yikebe/home/research/AR_Crop_Identification/make_dataset/raw_sentinel/pm5/pm5__20200506_20200523__0006	2020-05-10	702336.00000000,3744492.00000000,703104.00000000,3745260.00000000
train	001166	lower__20200511_160008_59_2263_3B_AnalyticMS_SR_8b_clip	pm5__20200506_20200523__0006	/scrfs/storage/yikebe/home/research/AR_Crop_Identification/make_dataset/raw_sentinel/pm5/pm5__20200506_20200523__0006	2020-05-10	703104.00000000,3744492.00000000,703872.00000000,3745260.00000000
train	001182	lower__20200511_160008_59_2263_3B_AnalyticMS_SR_8b_clip	pm5__20200506_20200523__0006	/scrfs/storage/yikebe/home/research/AR_Crop_Identification/make_dataset/raw_sentinel/pm5/pm5__20200506_20200523__0006	2020-05-10	703872.00000000,3744492.00000000,704640.00000000,3745260.00000000
train	001198	lower__20200511_160008_59_2263_3B_AnalyticMS_SR_8b_clip	pm5__20200506_20200523__0006	/scrfs/storage/yikebe/home/research/AR_Crop_Identification/make_dataset/raw_sentinel/pm5/pm5__20200506_20200523__0006	2020-05-10	693888.00000000,3743724.00000000,694656.00000000,3744492.00000000
train	001214	lower__20200511_160008_59_2263_3B_AnalyticMS_SR_8b_clip	pm5__20200506_20200523__0006	/scrfs/storage/yikebe/home/research/AR_Crop_Identification/make_dataset/raw_sentinel/pm5/pm5__20200506_20200523__0006	2020-05-10	704640.00000000,3743724.00000000,705408.00000000,3744492.00000000
train	001230	lower__20200511_160008_59_2263_3B_AnalyticMS_SR_8b_clip	pm5__20200506_20200523__0006	/scrfs/storage/yikebe/home/research/AR_Crop_Identification/make_dataset/raw_sentinel/pm5/pm5__20200506_20200523__0006	2020-05-10	700032.00000000,3742956.00000000,700800.00000000,3743724.00000000
train	001246	lower__20200511_160008_59_2263_3B_AnalyticMS_SR_8b_clip	pm5__20200506_20200523__0006	/scrfs/storage/yikebe/home/research/AR_Crop_Identification/make_dataset/raw_sentinel/pm5/pm5__20200506_20200523__0006	2020-05-10	700800.00000000,3742956.00000000,701568.00000000,3743724.00000000
train	001262	lower__20200511_160008_59_2263_3B_AnalyticMS_SR_8b_clip	pm5__20200506_20200523__0006	/scrfs/storage/yikebe/home/research/AR_Crop_Identification/make_dataset/raw_sentinel/pm5/pm5__20200506_20200523__0006	2020-05-10	701568.00000000,3742956.00000000,702336.00000000,3743724.00000000
train	001278	lower__20200511_160008_59_2263_3B_AnalyticMS_SR_8b_clip	pm5__20200506_20200523__0006	/scrfs/storage/yikebe/home/research/AR_Crop_Identification/make_dataset/raw_sentinel/pm5/pm5__20200506_20200523__0006	2020-05-10	702336.00000000,3742956.00000000,703104.00000000,3743724.00000000
train	001294	lower__20200511_160008_59_2263_3B_AnalyticMS_SR_8b_clip	pm5__20200506_20200523__0006	/scrfs/storage/yikebe/home/research/AR_Crop_Identification/make_dataset/raw_sentinel/pm5/pm5__20200506_20200523__0006	2020-05-10	693120.00000000,3742188.00000000,693888.00000000,3742956.00000000
train	001310	lower__20200511_160008_59_2263_3B_AnalyticMS_SR_8b_clip	pm5__20200506_20200523__0006	/scrfs/storage/yikebe/home/research/AR_Crop_Identification/make_dataset/raw_sentinel/pm5/pm5__20200506_20200523__0006	2020-05-10	693888.00000000,3742188.00000000,694656.00000000,3742956.00000000
train	001326	lower__20200511_160008_59_2263_3B_AnalyticMS_SR_8b_clip	pm5__20200506_20200523__0006	/scrfs/storage/yikebe/home/research/AR_Crop_Identification/make_dataset/raw_sentinel/pm5/pm5__20200506_20200523__0006	2020-05-10	700800.00000000,3742188.00000000,701568.00000000,3742956.00000000
train	001342	lower__20200511_160008_59_2263_3B_AnalyticMS_SR_8b_clip	pm5__20200506_20200523__0006	/scrfs/storage/yikebe/home/research/AR_Crop_Identification/make_dataset/raw_sentinel/pm5/pm5__20200506_20200523__0006	2020-05-10	701568.00000000,3742188.00000000,702336.00000000,3742956.00000000
train	001358	lower__20200511_160008_59_2263_3B_AnalyticMS_SR_8b_clip	pm5__20200506_20200523__0006	/scrfs/storage/yikebe/home/research/AR_Crop_Identification/make_dataset/raw_sentinel/pm5/pm5__20200506_20200523__0006	2020-05-10	702336.00000000,3742188.00000000,703104.00000000,3742956.00000000
train	001374	lower__20200511_160008_59_2263_3B_AnalyticMS_SR_8b_clip	pm5__20200506_20200523__0006	/scrfs/storage/yikebe/home/research/AR_Crop_Identification/make_dataset/raw_sentinel/pm5/pm5__20200506_20200523__0006	2020-05-10	703104.00000000,3742188.00000000,703872.00000000,3742956.00000000
train	001390	lower__20200511_160008_59_2263_3B_AnalyticMS_SR_8b_clip	pm5__20200506_20200523__0006	/scrfs/storage/yikebe/home/research/AR_Crop_Identification/make_dataset/raw_sentinel/pm5/pm5__20200506_20200523__0006	2020-05-10	704640.00000000,3742188.00000000,705408.00000000,3742956.00000000
train	001406	lower__20200511_160008_59_2263_3B_AnalyticMS_SR_8b_clip	pm5__20200506_20200523__0006	/scrfs/storage/yikebe/home/research/AR_Crop_Identification/make_dataset/raw_sentinel/pm5/pm5__20200506_20200523__0006	2020-05-10	693120.00000000,3741420.00000000,693888.00000000,3742188.00000000
train	001422	lower__20200511_160008_59_2263_3B_AnalyticMS_SR_8b_clip	pm5__20200506_20200523__0006	/scrfs/storage/yikebe/home/research/AR_Crop_Identification/make_dataset/raw_sentinel/pm5/pm5__20200506_20200523__0006	2020-05-10	693888.00000000,3741420.00000000,694656.00000000,3742188.00000000
train	001438	lower__20200511_160008_59_2263_3B_AnalyticMS_SR_8b_clip	pm5__20200506_20200523__0006	/scrfs/storage/yikebe/home/research/AR_Crop_Identification/make_dataset/raw_sentinel/pm5/pm5__20200506_20200523__0006	2020-05-10	695424.00000000,3741420.00000000,696192.00000000,3742188.00000000
train	001454	lower__20200511_160008_59_2263_3B_AnalyticMS_SR_8b_clip	pm5__20200506_20200523__0006	/scrfs/storage/yikebe/home/research/AR_Crop_Identification/make_dataset/raw_sentinel/pm5/pm5__20200506_20200523__0006	2020-05-10	700032.00000000,3741420.00000000,700800.00000000,3742188.00000000
train	001470	lower__20200511_160008_59_2263_3B_AnalyticMS_SR_8b_clip	pm5__20200506_20200523__0006	/scrfs/storage/yikebe/home/research/AR_Crop_Identification/make_dataset/raw_sentinel/pm5/pm5__20200506_20200523__0006	2020-05-10	700800.00000000,3741420.00000000,701568.00000000,3742188.00000000
train	001486	lower__20200511_160008_59_2263_3B_AnalyticMS_SR_8b_clip	pm5__20200506_20200523__0006	/scrfs/storage/yikebe/home/research/AR_Crop_Identification/make_dataset/raw_sentinel/pm5/pm5__20200506_20200523__0006	2020-05-10	701568.00000000,3741420.00000000,702336.00000000,3742188.00000000
train	001502	lower__20200511_160008_59_2263_3B_AnalyticMS_SR_8b_clip	pm5__20200506_20200523__0006	/scrfs/storage/yikebe/home/research/AR_Crop_Identification/make_dataset/raw_sentinel/pm5/pm5__20200506_20200523__0006	2020-05-10	703872.00000000,3741420.00000000,704640.00000000,3742188.00000000
train	001518	lower__20200511_160008_59_2263_3B_AnalyticMS_SR_8b_clip	pm5__20200506_20200523__0006	/scrfs/storage/yikebe/home/research/AR_Crop_Identification/make_dataset/raw_sentinel/pm5/pm5__20200506_20200523__0006	2020-05-10	693888.00000000,3740652.00000000,694656.00000000,3741420.00000000
train	001534	lower__20200511_160008_59_2263_3B_AnalyticMS_SR_8b_clip	pm5__20200506_20200523__0006	/scrfs/storage/yikebe/home/research/AR_Crop_Identification/make_dataset/raw_sentinel/pm5/pm5__20200506_20200523__0006	2020-05-10	694656.00000000,3740652.00000000,695424.00000000,3741420.00000000
train	001550	lower__20200511_160008_59_2263_3B_AnalyticMS_SR_8b_clip	pm5__20200506_20200523__0006	/scrfs/storage/yikebe/home/research/AR_Crop_Identification/make_dataset/raw_sentinel/pm5/pm5__20200506_20200523__0006	2020-05-10	695424.00000000,3740652.00000000,696192.00000000,3741420.00000000
train	001566	lower__20200511_160008_59_2263_3B_AnalyticMS_SR_8b_clip	pm5__20200506_20200523__0006	/scrfs/storage/yikebe/home/research/AR_Crop_Identification/make_dataset/raw_sentinel/pm5/pm5__20200506_20200523__0006	2020-05-10	703104.00000000,3740652.00000000,703872.00000000,3741420.00000000
train	001582	lower__20200511_160008_59_2263_3B_AnalyticMS_SR_8b_clip	pm5__20200506_20200523__0006	/scrfs/storage/yikebe/home/research/AR_Crop_Identification/make_dataset/raw_sentinel/pm5/pm5__20200506_20200523__0006	2020-05-10	703872.00000000,3740652.00000000,704640.00000000,3741420.00000000
train	001598	lower__20200511_160008_59_2263_3B_AnalyticMS_SR_8b_clip	pm5__20200506_20200523__0006	/scrfs/storage/yikebe/home/research/AR_Crop_Identification/make_dataset/raw_sentinel/pm5/pm5__20200506_20200523__0006	2020-05-10	695424.00000000,3739884.00000000,696192.00000000,3740652.00000000
train	001614	lower__20200511_160008_59_2263_3B_AnalyticMS_SR_8b_clip	pm5__20200506_20200523__0006	/scrfs/storage/yikebe/home/research/AR_Crop_Identification/make_dataset/raw_sentinel/pm5/pm5__20200506_20200523__0006	2020-05-10	702336.00000000,3739884.00000000,703104.00000000,3740652.00000000
train	001630	lower__20200511_160008_59_2263_3B_AnalyticMS_SR_8b_clip	pm5__20200506_20200523__0006	/scrfs/storage/yikebe/home/research/AR_Crop_Identification/make_dataset/raw_sentinel/pm5/pm5__20200506_20200523__0006	2020-05-10	696192.00000000,3739116.00000000,696960.00000000,3739884.00000000
train	001646	lower__20200511_160008_59_2263_3B_AnalyticMS_SR_8b_clip	pm5__20200506_20200523__0006	/scrfs/storage/yikebe/home/research/AR_Crop_Identification/make_dataset/raw_sentinel/pm5/pm5__20200506_20200523__0006	2020-05-10	701568.00000000,3739116.00000000,702336.00000000,3739884.00000000
train	001662	lower__20200713_160214_67_2259_3B_AnalyticMS_SR_8b_clip	pm5__20200705_20200723__0016	/scrfs/storage/yikebe/home/research/AR_Crop_Identification/make_dataset/raw_sentinel/pm5/pm5__20200705_20200723__0016	2020-07-12	646797.00000000,3687939.00000000,647565.00000000,3688707.00000000
train	001678	lower__20200713_160214_67_2259_3B_AnalyticMS_SR_8b_clip	pm5__20200705_20200723__0016	/scrfs/storage/yikebe/home/research/AR_Crop_Identification/make_dataset/raw_sentinel/pm5/pm5__20200705_20200723__0016	2020-07-12	647565.00000000,3686403.00000000,648333.00000000,3687171.00000000
train	001694	lower__20200713_160214_67_2259_3B_AnalyticMS_SR_8b_clip	pm5__20200705_20200723__0016	/scrfs/storage/yikebe/home/research/AR_Crop_Identification/make_dataset/raw_sentinel/pm5/pm5__20200705_20200723__0016	2020-07-12	648333.00000000,3683331.00000000,649101.00000000,3684099.00000000
train	001710	lower__20200713_160214_67_2259_3B_AnalyticMS_SR_8b_clip	pm5__20200705_20200723__0016	/scrfs/storage/yikebe/home/research/AR_Crop_Identification/make_dataset/raw_sentinel/pm5/pm5__20200705_20200723__0016	2020-07-12	648333.00000000,3681795.00000000,649101.00000000,3682563.00000000
train	001726	lower__20200718_160613_28_2259_3B_AnalyticMS_SR_8b_clip	pm5__20200705_20200723__0010	/scrfs/storage/yikebe/home/research/AR_Crop_Identification/make_dataset/raw_sentinel/pm5/pm5__20200705_20200723__0010	2020-07-19	613011.00000000,3794649.00000000,613779.00000000,3795417.00000000
train	001742	lower__20200910_155441_43_2206_3B_AnalyticMS_SR_8b_clip	pm5__20200905_20200924__0032	/scrfs/storage/yikebe/home/research/AR_Crop_Identification/make_dataset/raw_sentinel/pm5/pm5__20200905_20200924__0032	2020-09-07	209412.00000000,3778290.00000000,210180.00000000,3779058.00000000
train	001758	lower__20200910_155441_43_2206_3B_AnalyticMS_SR_8b_clip	pm5__20200905_20200924__0032	/scrfs/storage/yikebe/home/research/AR_Crop_Identification/make_dataset/raw_sentinel/pm5/pm5__20200905_20200924__0032	2020-09-07	210180.00000000,3778290.00000000,210948.00000000,3779058.00000000
train	001774	lower__20200910_155441_43_2206_3B_AnalyticMS_SR_8b_clip	pm5__20200905_20200924__0032	/scrfs/storage/yikebe/home/research/AR_Crop_Identification/make_dataset/raw_sentinel/pm5/pm5__20200905_20200924__0032	2020-09-07	208644.00000000,3776754.00000000,209412.00000000,3777522.00000000
train	001790	lower__20200910_155441_43_2206_3B_AnalyticMS_SR_8b_clip	pm5__20200905_20200924__0032	/scrfs/storage/yikebe/home/research/AR_Crop_Identification/make_dataset/raw_sentinel/pm5/pm5__20200905_20200924__0032	2020-09-07	207876.00000000,3775218.00000000,208644.00000000,3775986.00000000
train	001806	lower__20200910_155441_43_2206_3B_AnalyticMS_SR_8b_clip	pm5__20200905_20200924__0032	/scrfs/storage/yikebe/home/research/AR_Crop_Identification/make_dataset/raw_sentinel/pm5/pm5__20200905_20200924__0032	2020-09-07	207876.00000000,3773682.00000000,208644.00000000,3774450.00000000
train	001822	lower__20200910_155441_43_2206_3B_AnalyticMS_SR_8b_clip	pm5__20200905_20200924__0032	/scrfs/storage/yikebe/home/research/AR_Crop_Identification/make_dataset/raw_sentinel/pm5/pm5__20200905_20200924__0032	2020-09-07	207108.00000000,3765234.00000000,207876.00000000,3766002.00000000
train	001838	lower__20200910_155441_43_2206_3B_AnalyticMS_SR_8b_clip	pm5__20200905_20200924__0032	/scrfs/storage/yikebe/home/research/AR_Crop_Identification/make_dataset/raw_sentinel/pm5/pm5__20200905_20200924__0032	2020-09-07	209412.00000000,3765234.00000000,210180.00000000,3766002.00000000
train	001854	lower__20200910_155441_43_2206_3B_AnalyticMS_SR_8b_clip	pm5__20200905_20200924__0032	/scrfs/storage/yikebe/home/research/AR_Crop_Identification/make_dataset/raw_sentinel/pm5/pm5__20200905_20200924__0032	2020-09-07	207108.00000000,3764466.00000000,207876.00000000,3765234.00000000
train	001870	lower__20200910_155904_66_220b_3B_AnalyticMS_SR_8b_clip	pm5__20200905_20200924__0025	/scrfs/storage/yikebe/home/research/AR_Crop_Identification/make_dataset/raw_sentinel/pm5/pm5__20200905_20200924__0025	2020-09-12	695832.00000000,3682464.00000000,696600.00000000,3683232.00000000
train	001886	lower__20200911_160735_73_2277_3B_AnalyticMS_SR_8b_clip	pm5__20200905_20200924__0034	/scrfs/storage/yikebe/home/research/AR_Crop_Identification/make_dataset/raw_sentinel/pm5/pm5__20200905_20200924__0034	2020-09-07	613266.00000000,3763596.00000000,614034.00000000,3764364.00000000
train	001902	lower__20200911_160735_73_2277_3B_AnalyticMS_SR_8b_clip	pm5__20200905_20200924__0034	/scrfs/storage/yikebe/home/research/AR_Crop_Identification/make_dataset/raw_sentinel/pm5/pm5__20200905_20200924__0034	2020-09-07	617874.00000000,3762060.00000000,618642.00000000,3762828.00000000
train	001918	lower__20200911_160735_73_2277_3B_AnalyticMS_SR_8b_clip	pm5__20200905_20200924__0034	/scrfs/storage/yikebe/home/research/AR_Crop_Identification/make_dataset/raw_sentinel/pm5/pm5__20200905_20200924__0034	2020-09-07	618642.00000000,3761292.00000000,619410.00000000,3762060.00000000
train	001934	lower__20200911_160735_73_2277_3B_AnalyticMS_SR_8b_clip	pm5__20200905_20200924__0034	/scrfs/storage/yikebe/home/research/AR_Crop_Identification/make_dataset/raw_sentinel/pm5/pm5__20200905_20200924__0034	2020-09-07	614802.00000000,3757452.00000000,615570.00000000,3758220.00000000
train	001950	lower__20200911_160735_73_2277_3B_AnalyticMS_SR_8b_clip	pm5__20200905_20200924__0034	/scrfs/storage/yikebe/home/research/AR_Crop_Identification/make_dataset/raw_sentinel/pm5/pm5__20200905_20200924__0034	2020-09-07	612498.00000000,3755916.00000000,613266.00000000,3756684.00000000
train	001966	lower__20200911_160735_73_2277_3B_AnalyticMS_SR_8b_clip	pm5__20200905_20200924__0034	/scrfs/storage/yikebe/home/research/AR_Crop_Identification/make_dataset/raw_sentinel/pm5/pm5__20200905_20200924__0034	2020-09-07	616338.00000000,3754380.00000000,617106.00000000,3755148.00000000
train	001982	lower__20200911_160735_73_2277_3B_AnalyticMS_SR_8b_clip	pm5__20200905_20200924__0034	/scrfs/storage/yikebe/home/research/AR_Crop_Identification/make_dataset/raw_sentinel/pm5/pm5__20200905_20200924__0034	2020-09-07	615570.00000000,3753612.00000000,616338.00000000,3754380.00000000
train	001998	lower__20200911_160735_73_2277_3B_AnalyticMS_SR_8b_clip	pm5__20200905_20200924__0034	/scrfs/storage/yikebe/home/research/AR_Crop_Identification/make_dataset/raw_sentinel/pm5/pm5__20200905_20200924__0034	2020-09-07	613266.00000000,3752844.00000000,614034.00000000,3753612.00000000
train	002014	lower__20200911_160735_73_2277_3B_AnalyticMS_SR_8b_clip	pm5__20200905_20200924__0034	/scrfs/storage/yikebe/home/research/AR_Crop_Identification/make_dataset/raw_sentinel/pm5/pm5__20200905_20200924__0034	2020-09-07	614034.00000000,3752076.00000000,614802.00000000,3752844.00000000
train	002030	lower__20200911_160735_73_2277_3B_AnalyticMS_SR_8b_clip	pm5__20200905_20200924__0034	/scrfs/storage/yikebe/home/research/AR_Crop_Identification/make_dataset/raw_sentinel/pm5/pm5__20200905_20200924__0034	2020-09-07	616338.00000000,3752076.00000000,617106.00000000,3752844.00000000
train	002046	lower__20200911_160735_73_2277_3B_AnalyticMS_SR_8b_clip	pm5__20200905_20200924__0034	/scrfs/storage/yikebe/home/research/AR_Crop_Identification/make_dataset/raw_sentinel/pm5/pm5__20200905_20200924__0034	2020-09-07	613266.00000000,3751308.00000000,614034.00000000,3752076.00000000
train	002062	lower__20200911_160735_73_2277_3B_AnalyticMS_SR_8b_clip	pm5__20200905_20200924__0034	/scrfs/storage/yikebe/home/research/AR_Crop_Identification/make_dataset/raw_sentinel/pm5/pm5__20200905_20200924__0034	2020-09-07	616338.00000000,3751308.00000000,617106.00000000,3752076.00000000
train	002078	lower__20200911_160735_73_2277_3B_AnalyticMS_SR_8b_clip	pm5__20200905_20200924__0034	/scrfs/storage/yikebe/home/research/AR_Crop_Identification/make_dataset/raw_sentinel/pm5/pm5__20200905_20200924__0034	2020-09-07	614034.00000000,3750540.00000000,614802.00000000,3751308.00000000
train	002094	lower__20200911_160735_73_2277_3B_AnalyticMS_SR_8b_clip	pm5__20200905_20200924__0034	/scrfs/storage/yikebe/home/research/AR_Crop_Identification/make_dataset/raw_sentinel/pm5/pm5__20200905_20200924__0034	2020-09-07	614802.00000000,3750540.00000000,615570.00000000,3751308.00000000
train	002110	lower__20200911_160735_73_2277_3B_AnalyticMS_SR_8b_clip	pm5__20200905_20200924__0034	/scrfs/storage/yikebe/home/research/AR_Crop_Identification/make_dataset/raw_sentinel/pm5/pm5__20200905_20200924__0034	2020-09-07	616338.00000000,3750540.00000000,617106.00000000,3751308.00000000
train	002126	lower__20200911_160735_73_2277_3B_AnalyticMS_SR_8b_clip	pm5__20200905_20200924__0034	/scrfs/storage/yikebe/home/research/AR_Crop_Identification/make_dataset/raw_sentinel/pm5/pm5__20200905_20200924__0034	2020-09-07	614034.00000000,3749772.00000000,614802.00000000,3750540.00000000
train	002142	lower__20200911_160735_73_2277_3B_AnalyticMS_SR_8b_clip	pm5__20200905_20200924__0034	/scrfs/storage/yikebe/home/research/AR_Crop_Identification/make_dataset/raw_sentinel/pm5/pm5__20200905_20200924__0034	2020-09-07	614802.00000000,3749772.00000000,615570.00000000,3750540.00000000
train	002158	lower__20200911_160735_73_2277_3B_AnalyticMS_SR_8b_clip	pm5__20200905_20200924__0034	/scrfs/storage/yikebe/home/research/AR_Crop_Identification/make_dataset/raw_sentinel/pm5/pm5__20200905_20200924__0034	2020-09-07	616338.00000000,3749004.00000000,617106.00000000,3749772.00000000
train	002174	lower__20200917_160040_83_2278_3B_AnalyticMS_SR_8b_clip	pm5__20200905_20200924__0031	/scrfs/storage/yikebe/home/research/AR_Crop_Identification/make_dataset/raw_sentinel/pm5/pm5__20200905_20200924__0031	2020-09-17	754977.00000000,3721482.00000000,755745.00000000,3722250.00000000
train	002190	lower__20200917_160040_83_2278_3B_AnalyticMS_SR_8b_clip	pm5__20200905_20200924__0031	/scrfs/storage/yikebe/home/research/AR_Crop_Identification/make_dataset/raw_sentinel/pm5/pm5__20200905_20200924__0031	2020-09-17	757281.00000000,3718410.00000000,758049.00000000,3719178.00000000
train	002206	lower__20201112_165351_85_2274_3B_AnalyticMS_SR_8b_clip	pm5__20201105_20201124__0117	/scrfs/storage/yikebe/home/research/AR_Crop_Identification/make_dataset/raw_sentinel/pm5/pm5__20201105_20201124__0117	2020-11-11	697710.00000000,3748326.00000000,698478.00000000,3749094.00000000
train	002222	lower__20201112_165351_85_2274_3B_AnalyticMS_SR_8b_clip	pm5__20201105_20201124__0117	/scrfs/storage/yikebe/home/research/AR_Crop_Identification/make_dataset/raw_sentinel/pm5/pm5__20201105_20201124__0117	2020-11-11	695406.00000000,3747558.00000000,696174.00000000,3748326.00000000
train	002238	lower__20201112_165351_85_2274_3B_AnalyticMS_SR_8b_clip	pm5__20201105_20201124__0117	/scrfs/storage/yikebe/home/research/AR_Crop_Identification/make_dataset/raw_sentinel/pm5/pm5__20201105_20201124__0117	2020-11-11	697710.00000000,3747558.00000000,698478.00000000,3748326.00000000
train	002254	lower__20201112_165351_85_2274_3B_AnalyticMS_SR_8b_clip	pm5__20201105_20201124__0117	/scrfs/storage/yikebe/home/research/AR_Crop_Identification/make_dataset/raw_sentinel/pm5/pm5__20201105_20201124__0117	2020-11-11	700782.00000000,3747558.00000000,701550.00000000,3748326.00000000
train	002270	lower__20201112_165351_85_2274_3B_AnalyticMS_SR_8b_clip	pm5__20201105_20201124__0117	/scrfs/storage/yikebe/home/research/AR_Crop_Identification/make_dataset/raw_sentinel/pm5/pm5__20201105_20201124__0117	2020-11-11	702318.00000000,3747558.00000000,703086.00000000,3748326.00000000
train	002286	lower__20201112_165351_85_2274_3B_AnalyticMS_SR_8b_clip	pm5__20201105_20201124__0117	/scrfs/storage/yikebe/home/research/AR_Crop_Identification/make_dataset/raw_sentinel/pm5/pm5__20201105_20201124__0117	2020-11-11	703086.00000000,3747558.00000000,703854.00000000,3748326.00000000
train	002302	lower__20201112_165351_85_2274_3B_AnalyticMS_SR_8b_clip	pm5__20201105_20201124__0117	/scrfs/storage/yikebe/home/research/AR_Crop_Identification/make_dataset/raw_sentinel/pm5/pm5__20201105_20201124__0117	2020-11-11	700014.00000000,3746790.00000000,700782.00000000,3747558.00000000
train	002318	lower__20201112_165351_85_2274_3B_AnalyticMS_SR_8b_clip	pm5__20201105_20201124__0117	/scrfs/storage/yikebe/home/research/AR_Crop_Identification/make_dataset/raw_sentinel/pm5/pm5__20201105_20201124__0117	2020-11-11	702318.00000000,3746790.00000000,703086.00000000,3747558.00000000
train	002334	lower__20201112_165351_85_2274_3B_AnalyticMS_SR_8b_clip	pm5__20201105_20201124__0117	/scrfs/storage/yikebe/home/research/AR_Crop_Identification/make_dataset/raw_sentinel/pm5/pm5__20201105_20201124__0117	2020-11-11	703086.00000000,3746790.00000000,703854.00000000,3747558.00000000
train	002350	lower__20201112_165351_85_2274_3B_AnalyticMS_SR_8b_clip	pm5__20201105_20201124__0117	/scrfs/storage/yikebe/home/research/AR_Crop_Identification/make_dataset/raw_sentinel/pm5/pm5__20201105_20201124__0117	2020-11-11	699246.00000000,3745254.00000000,700014.00000000,3746022.00000000
train	002366	lower__20201112_165351_85_2274_3B_AnalyticMS_SR_8b_clip	pm5__20201105_20201124__0117	/scrfs/storage/yikebe/home/research/AR_Crop_Identification/make_dataset/raw_sentinel/pm5/pm5__20201105_20201124__0117	2020-11-11	700782.00000000,3745254.00000000,701550.00000000,3746022.00000000
train	002382	lower__20201112_165351_85_2274_3B_AnalyticMS_SR_8b_clip	pm5__20201105_20201124__0117	/scrfs/storage/yikebe/home/research/AR_Crop_Identification/make_dataset/raw_sentinel/pm5/pm5__20201105_20201124__0117	2020-11-11	703086.00000000,3745254.00000000,703854.00000000,3746022.00000000
train	002398	lower__20201112_165351_85_2274_3B_AnalyticMS_SR_8b_clip	pm5__20201105_20201124__0117	/scrfs/storage/yikebe/home/research/AR_Crop_Identification/make_dataset/raw_sentinel/pm5/pm5__20201105_20201124__0117	2020-11-11	699246.00000000,3744486.00000000,700014.00000000,3745254.00000000
train	002414	lower__20201112_165351_85_2274_3B_AnalyticMS_SR_8b_clip	pm5__20201105_20201124__0117	/scrfs/storage/yikebe/home/research/AR_Crop_Identification/make_dataset/raw_sentinel/pm5/pm5__20201105_20201124__0117	2020-11-11	700014.00000000,3744486.00000000,700782.00000000,3745254.00000000
train	002430	lower__20201112_165351_85_2274_3B_AnalyticMS_SR_8b_clip	pm5__20201105_20201124__0117	/scrfs/storage/yikebe/home/research/AR_Crop_Identification/make_dataset/raw_sentinel/pm5/pm5__20201105_20201124__0117	2020-11-11	700782.00000000,3744486.00000000,701550.00000000,3745254.00000000
train	002446	lower__20201112_165351_85_2274_3B_AnalyticMS_SR_8b_clip	pm5__20201105_20201124__0117	/scrfs/storage/yikebe/home/research/AR_Crop_Identification/make_dataset/raw_sentinel/pm5/pm5__20201105_20201124__0117	2020-11-11	715374.00000000,3743718.00000000,716142.00000000,3744486.00000000
train	002462	lower__20201112_165351_85_2274_3B_AnalyticMS_SR_8b_clip	pm5__20201105_20201124__0117	/scrfs/storage/yikebe/home/research/AR_Crop_Identification/make_dataset/raw_sentinel/pm5/pm5__20201105_20201124__0117	2020-11-11	723054.00000000,3743718.00000000,723822.00000000,3744486.00000000
train	002478	lower__20201112_165351_85_2274_3B_AnalyticMS_SR_8b_clip	pm5__20201105_20201124__0117	/scrfs/storage/yikebe/home/research/AR_Crop_Identification/make_dataset/raw_sentinel/pm5/pm5__20201105_20201124__0117	2020-11-11	700014.00000000,3742950.00000000,700782.00000000,3743718.00000000
train	002494	lower__20201112_165351_85_2274_3B_AnalyticMS_SR_8b_clip	pm5__20201105_20201124__0117	/scrfs/storage/yikebe/home/research/AR_Crop_Identification/make_dataset/raw_sentinel/pm5/pm5__20201105_20201124__0117	2020-11-11	700782.00000000,3742950.00000000,701550.00000000,3743718.00000000
train	002510	lower__20201112_165351_85_2274_3B_AnalyticMS_SR_8b_clip	pm5__20201105_20201124__0117	/scrfs/storage/yikebe/home/research/AR_Crop_Identification/make_dataset/raw_sentinel/pm5/pm5__20201105_20201124__0117	2020-11-11	701550.00000000,3742950.00000000,702318.00000000,3743718.00000000
train	002526	lower__20201112_165351_85_2274_3B_AnalyticMS_SR_8b_clip	pm5__20201105_20201124__0117	/scrfs/storage/yikebe/home/research/AR_Crop_Identification/make_dataset/raw_sentinel/pm5/pm5__20201105_20201124__0117	2020-11-11	702318.00000000,3742950.00000000,703086.00000000,3743718.00000000
train	002542	lower__20201112_165351_85_2274_3B_AnalyticMS_SR_8b_clip	pm5__20201105_20201124__0117	/scrfs/storage/yikebe/home/research/AR_Crop_Identification/make_dataset/raw_sentinel/pm5/pm5__20201105_20201124__0117	2020-11-11	723054.00000000,3742950.00000000,723822.00000000,3743718.00000000
train	002558	lower__20201112_165351_85_2274_3B_AnalyticMS_SR_8b_clip	pm5__20201105_20201124__0117	/scrfs/storage/yikebe/home/research/AR_Crop_Identification/make_dataset/raw_sentinel/pm5/pm5__20201105_20201124__0117	2020-11-11	700782.00000000,3742182.00000000,701550.00000000,3742950.00000000
train	002574	lower__20201112_165351_85_2274_3B_AnalyticMS_SR_8b_clip	pm5__20201105_20201124__0117	/scrfs/storage/yikebe/home/research/AR_Crop_Identification/make_dataset/raw_sentinel/pm5/pm5__20201105_20201124__0117	2020-11-11	702318.00000000,3742182.00000000,703086.00000000,3742950.00000000
train	002590	lower__20201112_165351_85_2274_3B_AnalyticMS_SR_8b_clip	pm5__20201105_20201124__0117	/scrfs/storage/yikebe/home/research/AR_Crop_Identification/make_dataset/raw_sentinel/pm5/pm5__20201105_20201124__0117	2020-11-11	703086.00000000,3742182.00000000,703854.00000000,3742950.00000000
train	002606	lower__20201112_165351_85_2274_3B_AnalyticMS_SR_8b_clip	pm5__20201105_20201124__0117	/scrfs/storage/yikebe/home/research/AR_Crop_Identification/make_dataset/raw_sentinel/pm5/pm5__20201105_20201124__0117	2020-11-11	716910.00000000,3742182.00000000,717678.00000000,3742950.00000000
train	002622	lower__20201112_165351_85_2274_3B_AnalyticMS_SR_8b_clip	pm5__20201105_20201124__0117	/scrfs/storage/yikebe/home/research/AR_Crop_Identification/make_dataset/raw_sentinel/pm5/pm5__20201105_20201124__0117	2020-11-11	700014.00000000,3741414.00000000,700782.00000000,3742182.00000000
train	002638	lower__20201112_165351_85_2274_3B_AnalyticMS_SR_8b_clip	pm5__20201105_20201124__0117	/scrfs/storage/yikebe/home/research/AR_Crop_Identification/make_dataset/raw_sentinel/pm5/pm5__20201105_20201124__0117	2020-11-11	700782.00000000,3741414.00000000,701550.00000000,3742182.00000000
train	002654	lower__20201112_165351_85_2274_3B_AnalyticMS_SR_8b_clip	pm5__20201105_20201124__0117	/scrfs/storage/yikebe/home/research/AR_Crop_Identification/make_dataset/raw_sentinel/pm5/pm5__20201105_20201124__0117	2020-11-11	701550.00000000,3741414.00000000,702318.00000000,3742182.00000000
train	002670	lower__20201112_165351_85_2274_3B_AnalyticMS_SR_8b_clip	pm5__20201105_20201124__0117	/scrfs/storage/yikebe/home/research/AR_Crop_Identification/make_dataset/raw_sentinel/pm5/pm5__20201105_20201124__0117	2020-11-11	715374.00000000,3741414.00000000,716142.00000000,3742182.00000000
train	002686	lower__20201112_165351_85_2274_3B_AnalyticMS_SR_8b_clip	pm5__20201105_20201124__0117	/scrfs/storage/yikebe/home/research/AR_Crop_Identification/make_dataset/raw_sentinel/pm5/pm5__20201105_20201124__0117	2020-11-11	719214.00000000,3741414.00000000,719982.00000000,3742182.00000000
train	002702	lower__20201112_165351_85_2274_3B_AnalyticMS_SR_8b_clip	pm5__20201105_20201124__0117	/scrfs/storage/yikebe/home/research/AR_Crop_Identification/make_dataset/raw_sentinel/pm5/pm5__20201105_20201124__0117	2020-11-11	695406.00000000,3740646.00000000,696174.00000000,3741414.00000000
train	002718	lower__20201112_165351_85_2274_3B_AnalyticMS_SR_8b_clip	pm5__20201105_20201124__0117	/scrfs/storage/yikebe/home/research/AR_Crop_Identification/make_dataset/raw_sentinel/pm5/pm5__20201105_20201124__0117	2020-11-11	701550.00000000,3740646.00000000,702318.00000000,3741414.00000000
train	002734	lower__20201112_165351_85_2274_3B_AnalyticMS_SR_8b_clip	pm5__20201105_20201124__0117	/scrfs/storage/yikebe/home/research/AR_Crop_Identification/make_dataset/raw_sentinel/pm5/pm5__20201105_20201124__0117	2020-11-11	699246.00000000,3739878.00000000,700014.00000000,3740646.00000000
train	002750	lower__20201112_165351_85_2274_3B_AnalyticMS_SR_8b_clip	pm5__20201105_20201124__0117	/scrfs/storage/yikebe/home/research/AR_Crop_Identification/make_dataset/raw_sentinel/pm5/pm5__20201105_20201124__0117	2020-11-11	704622.00000000,3739878.00000000,705390.00000000,3740646.00000000
train	002766	lower__20201112_165351_85_2274_3B_AnalyticMS_SR_8b_clip	pm5__20201105_20201124__0117	/scrfs/storage/yikebe/home/research/AR_Crop_Identification/make_dataset/raw_sentinel/pm5/pm5__20201105_20201124__0117	2020-11-11	705390.00000000,3739878.00000000,706158.00000000,3740646.00000000
train	002782	lower__20201112_165351_85_2274_3B_AnalyticMS_SR_8b_clip	pm5__20201105_20201124__0117	/scrfs/storage/yikebe/home/research/AR_Crop_Identification/make_dataset/raw_sentinel/pm5/pm5__20201105_20201124__0117	2020-11-11	696174.00000000,3739110.00000000,696942.00000000,3739878.00000000
train	002798	lower__20201112_165351_85_2274_3B_AnalyticMS_SR_8b_clip	pm5__20201105_20201124__0117	/scrfs/storage/yikebe/home/research/AR_Crop_Identification/make_dataset/raw_sentinel/pm5/pm5__20201105_20201124__0117	2020-11-11	699246.00000000,3739110.00000000,700014.00000000,3739878.00000000
train	002814	lower__20201112_165351_85_2274_3B_AnalyticMS_SR_8b_clip	pm5__20201105_20201124__0117	/scrfs/storage/yikebe/home/research/AR_Crop_Identification/make_dataset/raw_sentinel/pm5/pm5__20201105_20201124__0117	2020-11-11	700014.00000000,3739110.00000000,700782.00000000,3739878.00000000
train	002830	lower__20201112_165351_85_2274_3B_AnalyticMS_SR_8b_clip	pm5__20201105_20201124__0117	/scrfs/storage/yikebe/home/research/AR_Crop_Identification/make_dataset/raw_sentinel/pm5/pm5__20201105_20201124__0117	2020-11-11	693870.00000000,3738342.00000000,694638.00000000,3739110.00000000
train	002846	lower__20201112_165351_85_2274_3B_AnalyticMS_SR_8b_clip	pm5__20201105_20201124__0117	/scrfs/storage/yikebe/home/research/AR_Crop_Identification/make_dataset/raw_sentinel/pm5/pm5__20201105_20201124__0117	2020-11-11	701550.00000000,3738342.00000000,702318.00000000,3739110.00000000
train	002862	lower__20201112_165351_85_2274_3B_AnalyticMS_SR_8b_clip	pm5__20201105_20201124__0117	/scrfs/storage/yikebe/home/research/AR_Crop_Identification/make_dataset/raw_sentinel/pm5/pm5__20201105_20201124__0117	2020-11-11	713838.00000000,3738342.00000000,714606.00000000,3739110.00000000
train	002878	lower__20201112_165351_85_2274_3B_AnalyticMS_SR_8b_clip	pm5__20201105_20201124__0117	/scrfs/storage/yikebe/home/research/AR_Crop_Identification/make_dataset/raw_sentinel/pm5/pm5__20201105_20201124__0117	2020-11-11	726126.00000000,3737574.00000000,726894.00000000,3738342.00000000
train	002894	lower__20201112_165351_85_2274_3B_AnalyticMS_SR_8b_clip	pm5__20201105_20201124__0117	/scrfs/storage/yikebe/home/research/AR_Crop_Identification/make_dataset/raw_sentinel/pm5/pm5__20201105_20201124__0117	2020-11-11	700014.00000000,3736806.00000000,700782.00000000,3737574.00000000
train	002910	lower__20201112_165351_85_2274_3B_AnalyticMS_SR_8b_clip	pm5__20201105_20201124__0117	/scrfs/storage/yikebe/home/research/AR_Crop_Identification/make_dataset/raw_sentinel/pm5/pm5__20201105_20201124__0117	2020-11-11	703086.00000000,3736806.00000000,703854.00000000,3737574.00000000
train	002926	lower__20201112_165351_85_2274_3B_AnalyticMS_SR_8b_clip	pm5__20201105_20201124__0117	/scrfs/storage/yikebe/home/research/AR_Crop_Identification/make_dataset/raw_sentinel/pm5/pm5__20201105_20201124__0117	2020-11-11	704622.00000000,3736806.00000000,705390.00000000,3737574.00000000
train	002942	lower__20201112_165351_85_2274_3B_AnalyticMS_SR_8b_clip	pm5__20201105_20201124__0117	/scrfs/storage/yikebe/home/research/AR_Crop_Identification/make_dataset/raw_sentinel/pm5/pm5__20201105_20201124__0117	2020-11-11	705390.00000000,3736806.00000000,706158.00000000,3737574.00000000
train	002958	lower__20201112_165351_85_2274_3B_AnalyticMS_SR_8b_clip	pm5__20201105_20201124__0117	/scrfs/storage/yikebe/home/research/AR_Crop_Identification/make_dataset/raw_sentinel/pm5/pm5__20201105_20201124__0117	2020-11-11	716910.00000000,3736806.00000000,717678.00000000,3737574.00000000
train	002974	lower__20201112_165351_85_2274_3B_AnalyticMS_SR_8b_clip	pm5__20201105_20201124__0117	/scrfs/storage/yikebe/home/research/AR_Crop_Identification/make_dataset/raw_sentinel/pm5/pm5__20201105_20201124__0117	2020-11-11	718446.00000000,3736806.00000000,719214.00000000,3737574.00000000
train	002990	lower__20201112_165351_85_2274_3B_AnalyticMS_SR_8b_clip	pm5__20201105_20201124__0117	/scrfs/storage/yikebe/home/research/AR_Crop_Identification/make_dataset/raw_sentinel/pm5/pm5__20201105_20201124__0117	2020-11-11	726126.00000000,3736806.00000000,726894.00000000,3737574.00000000
train	003006	lower__20201112_165351_85_2274_3B_AnalyticMS_SR_8b_clip	pm5__20201105_20201124__0117	/scrfs/storage/yikebe/home/research/AR_Crop_Identification/make_dataset/raw_sentinel/pm5/pm5__20201105_20201124__0117	2020-11-11	700014.00000000,3736038.00000000,700782.00000000,3736806.00000000
train	003022	lower__20201112_165351_85_2274_3B_AnalyticMS_SR_8b_clip	pm5__20201105_20201124__0117	/scrfs/storage/yikebe/home/research/AR_Crop_Identification/make_dataset/raw_sentinel/pm5/pm5__20201105_20201124__0117	2020-11-11	700782.00000000,3736038.00000000,701550.00000000,3736806.00000000
train	003038	lower__20201112_165351_85_2274_3B_AnalyticMS_SR_8b_clip	pm5__20201105_20201124__0117	/scrfs/storage/yikebe/home/research/AR_Crop_Identification/make_dataset/raw_sentinel/pm5/pm5__20201105_20201124__0117	2020-11-11	701550.00000000,3736038.00000000,702318.00000000,3736806.00000000
train	003054	lower__20201112_165351_85_2274_3B_AnalyticMS_SR_8b_clip	pm5__20201105_20201124__0117	/scrfs/storage/yikebe/home/research/AR_Crop_Identification/make_dataset/raw_sentinel/pm5/pm5__20201105_20201124__0117	2020-11-11	703086.00000000,3736038.00000000,703854.00000000,3736806.00000000
train	003070	lower__20201112_165351_85_2274_3B_AnalyticMS_SR_8b_clip	pm5__20201105_20201124__0117	/scrfs/storage/yikebe/home/research/AR_Crop_Identification/make_dataset/raw_sentinel/pm5/pm5__20201105_20201124__0117	2020-11-11	716142.00000000,3736038.00000000,716910.00000000,3736806.00000000
train	003086	lower__20201112_165351_85_2274_3B_AnalyticMS_SR_8b_clip	pm5__20201105_20201124__0117	/scrfs/storage/yikebe/home/research/AR_Crop_Identification/make_dataset/raw_sentinel/pm5/pm5__20201105_20201124__0117	2020-11-11	694638.00000000,3735270.00000000,695406.00000000,3736038.00000000
train	003102	lower__20201112_165351_85_2274_3B_AnalyticMS_SR_8b_clip	pm5__20201105_20201124__0117	/scrfs/storage/yikebe/home/research/AR_Crop_Identification/make_dataset/raw_sentinel/pm5/pm5__20201105_20201124__0117	2020-11-11	699246.00000000,3735270.00000000,700014.00000000,3736038.00000000
train	003118	lower__20201112_165351_85_2274_3B_AnalyticMS_SR_8b_clip	pm5__20201105_20201124__0117	/scrfs/storage/yikebe/home/research/AR_Crop_Identification/make_dataset/raw_sentinel/pm5/pm5__20201105_20201124__0117	2020-11-11	700014.00000000,3735270.00000000,700782.00000000,3736038.00000000
train	003134	lower__20201112_165351_85_2274_3B_AnalyticMS_SR_8b_clip	pm5__20201105_20201124__0117	/scrfs/storage/yikebe/home/research/AR_Crop_Identification/make_dataset/raw_sentinel/pm5/pm5__20201105_20201124__0117	2020-11-11	700782.00000000,3735270.00000000,701550.00000000,3736038.00000000
train	003150	lower__20201112_165351_85_2274_3B_AnalyticMS_SR_8b_clip	pm5__20201105_20201124__0117	/scrfs/storage/yikebe/home/research/AR_Crop_Identification/make_dataset/raw_sentinel/pm5/pm5__20201105_20201124__0117	2020-11-11	701550.00000000,3735270.00000000,702318.00000000,3736038.00000000
train	003166	lower__20201112_165351_85_2274_3B_AnalyticMS_SR_8b_clip	pm5__20201105_20201124__0117	/scrfs/storage/yikebe/home/research/AR_Crop_Identification/make_dataset/raw_sentinel/pm5/pm5__20201105_20201124__0117	2020-11-11	702318.00000000,3735270.00000000,703086.00000000,3736038.00000000
train	003182	lower__20201112_165351_85_2274_3B_AnalyticMS_SR_8b_clip	pm5__20201105_20201124__0117	/scrfs/storage/yikebe/home/research/AR_Crop_Identification/make_dataset/raw_sentinel/pm5/pm5__20201105_20201124__0117	2020-11-11	703086.00000000,3735270.00000000,703854.00000000,3736038.00000000
train	003198	lower__20201112_165351_85_2274_3B_AnalyticMS_SR_8b_clip	pm5__20201105_20201124__0117	/scrfs/storage/yikebe/home/research/AR_Crop_Identification/make_dataset/raw_sentinel/pm5/pm5__20201105_20201124__0117	2020-11-11	703854.00000000,3735270.00000000,704622.00000000,3736038.00000000
train	003214	lower__20201112_165351_85_2274_3B_AnalyticMS_SR_8b_clip	pm5__20201105_20201124__0117	/scrfs/storage/yikebe/home/research/AR_Crop_Identification/make_dataset/raw_sentinel/pm5/pm5__20201105_20201124__0117	2020-11-11	704622.00000000,3735270.00000000,705390.00000000,3736038.00000000
train	003230	lower__20201112_165351_85_2274_3B_AnalyticMS_SR_8b_clip	pm5__20201105_20201124__0117	/scrfs/storage/yikebe/home/research/AR_Crop_Identification/make_dataset/raw_sentinel/pm5/pm5__20201105_20201124__0117	2020-11-11	706158.00000000,3735270.00000000,706926.00000000,3736038.00000000
train	003246	lower__20201112_165351_85_2274_3B_AnalyticMS_SR_8b_clip	pm5__20201105_20201124__0117	/scrfs/storage/yikebe/home/research/AR_Crop_Identification/make_dataset/raw_sentinel/pm5/pm5__20201105_20201124__0117	2020-11-11	716142.00000000,3735270.00000000,716910.00000000,3736038.00000000
train	003262	lower__20201112_165351_85_2274_3B_AnalyticMS_SR_8b_clip	pm5__20201105_20201124__0117	/scrfs/storage/yikebe/home/research/AR_Crop_Identification/make_dataset/raw_sentinel/pm5/pm5__20201105_20201124__0117	2020-11-11	719982.00000000,3735270.00000000,720750.00000000,3736038.00000000
train	003278	lower__20201112_165351_85_2274_3B_AnalyticMS_SR_8b_clip	pm5__20201105_20201124__0117	/scrfs/storage/yikebe/home/research/AR_Crop_Identification/make_dataset/raw_sentinel/pm5/pm5__20201105_20201124__0117	2020-11-11	694638.00000000,3734502.00000000,695406.00000000,3735270.00000000
train	003294	lower__20201112_165351_85_2274_3B_AnalyticMS_SR_8b_clip	pm5__20201105_20201124__0117	/scrfs/storage/yikebe/home/research/AR_Crop_Identification/make_dataset/raw_sentinel/pm5/pm5__20201105_20201124__0117	2020-11-11	700014.00000000,3734502.00000000,700782.00000000,3735270.00000000
train	003310	lower__20201112_165351_85_2274_3B_AnalyticMS_SR_8b_clip	pm5__20201105_20201124__0117	/scrfs/storage/yikebe/home/research/AR_Crop_Identification/make_dataset/raw_sentinel/pm5/pm5__20201105_20201124__0117	2020-11-11	700782.00000000,3734502.00000000,701550.00000000,3735270.00000000
train	003326	lower__20201112_165351_85_2274_3B_AnalyticMS_SR_8b_clip	pm5__20201105_20201124__0117	/scrfs/storage/yikebe/home/research/AR_Crop_Identification/make_dataset/raw_sentinel/pm5/pm5__20201105_20201124__0117	2020-11-11	701550.00000000,3734502.00000000,702318.00000000,3735270.00000000
train	003342	lower__20201112_165351_85_2274_3B_AnalyticMS_SR_8b_clip	pm5__20201105_20201124__0117	/scrfs/storage/yikebe/home/research/AR_Crop_Identification/make_dataset/raw_sentinel/pm5/pm5__20201105_20201124__0117	2020-11-11	702318.00000000,3734502.00000000,703086.00000000,3735270.00000000
train	003358	lower__20201112_165351_85_2274_3B_AnalyticMS_SR_8b_clip	pm5__20201105_20201124__0117	/scrfs/storage/yikebe/home/research/AR_Crop_Identification/make_dataset/raw_sentinel/pm5/pm5__20201105_20201124__0117	2020-11-11	703086.00000000,3734502.00000000,703854.00000000,3735270.00000000
train	003374	lower__20201112_165351_85_2274_3B_AnalyticMS_SR_8b_clip	pm5__20201105_20201124__0117	/scrfs/storage/yikebe/home/research/AR_Crop_Identification/make_dataset/raw_sentinel/pm5/pm5__20201105_20201124__0117	2020-11-11	704622.00000000,3734502.00000000,705390.00000000,3735270.00000000
train	003390	lower__20201112_165351_85_2274_3B_AnalyticMS_SR_8b_clip	pm5__20201105_20201124__0117	/scrfs/storage/yikebe/home/research/AR_Crop_Identification/make_dataset/raw_sentinel/pm5/pm5__20201105_20201124__0117	2020-11-11	706158.00000000,3734502.00000000,706926.00000000,3735270.00000000
train	003406	lower__20201112_165351_85_2274_3B_AnalyticMS_SR_8b_clip	pm5__20201105_20201124__0117	/scrfs/storage/yikebe/home/research/AR_Crop_Identification/make_dataset/raw_sentinel/pm5/pm5__20201105_20201124__0117	2020-11-11	694638.00000000,3733734.00000000,695406.00000000,3734502.00000000
train	003422	lower__20201112_165351_85_2274_3B_AnalyticMS_SR_8b_clip	pm5__20201105_20201124__0117	/scrfs/storage/yikebe/home/research/AR_Crop_Identification/make_dataset/raw_sentinel/pm5/pm5__20201105_20201124__0117	2020-11-11	701550.00000000,3733734.00000000,702318.00000000,3734502.00000000
train	003438	lower__20201112_165351_85_2274_3B_AnalyticMS_SR_8b_clip	pm5__20201105_20201124__0117	/scrfs/storage/yikebe/home/research/AR_Crop_Identification/make_dataset/raw_sentinel/pm5/pm5__20201105_20201124__0117	2020-11-11	702318.00000000,3733734.00000000,703086.00000000,3734502.00000000
train	003454	lower__20201112_165351_85_2274_3B_AnalyticMS_SR_8b_clip	pm5__20201105_20201124__0117	/scrfs/storage/yikebe/home/research/AR_Crop_Identification/make_dataset/raw_sentinel/pm5/pm5__20201105_20201124__0117	2020-11-11	700782.00000000,3732966.00000000,701550.00000000,3733734.00000000
train	003470	lower__20201112_165351_85_2274_3B_AnalyticMS_SR_8b_clip	pm5__20201105_20201124__0117	/scrfs/storage/yikebe/home/research/AR_Crop_Identification/make_dataset/raw_sentinel/pm5/pm5__20201105_20201124__0117	2020-11-11	701550.00000000,3732966.00000000,702318.00000000,3733734.00000000
train	003486	lower__20201112_165351_85_2274_3B_AnalyticMS_SR_8b_clip	pm5__20201105_20201124__0117	/scrfs/storage/yikebe/home/research/AR_Crop_Identification/make_dataset/raw_sentinel/pm5/pm5__20201105_20201124__0117	2020-11-11	700782.00000000,3732198.00000000,701550.00000000,3732966.00000000
train	003502	lower__20201112_165351_85_2274_3B_AnalyticMS_SR_8b_clip	pm5__20201105_20201124__0117	/scrfs/storage/yikebe/home/research/AR_Crop_Identification/make_dataset/raw_sentinel/pm5/pm5__20201105_20201124__0117	2020-11-11	702318.00000000,3732198.00000000,703086.00000000,3732966.00000000
train	003518	lower__20201112_165351_85_2274_3B_AnalyticMS_SR_8b_clip	pm5__20201105_20201124__0117	/scrfs/storage/yikebe/home/research/AR_Crop_Identification/make_dataset/raw_sentinel/pm5/pm5__20201105_20201124__0117	2020-11-11	707694.00000000,3732198.00000000,708462.00000000,3732966.00000000
train	003534	lower__20201112_165351_85_2274_3B_AnalyticMS_SR_8b_clip	pm5__20201105_20201124__0117	/scrfs/storage/yikebe/home/research/AR_Crop_Identification/make_dataset/raw_sentinel/pm5/pm5__20201105_20201124__0117	2020-11-11	716910.00000000,3732198.00000000,717678.00000000,3732966.00000000
train	003550	lower__20201112_165351_85_2274_3B_AnalyticMS_SR_8b_clip	pm5__20201105_20201124__0117	/scrfs/storage/yikebe/home/research/AR_Crop_Identification/make_dataset/raw_sentinel/pm5/pm5__20201105_20201124__0117	2020-11-11	725358.00000000,3732198.00000000,726126.00000000,3732966.00000000
train	003566	lower__20201112_165351_85_2274_3B_AnalyticMS_SR_8b_clip	pm5__20201105_20201124__0117	/scrfs/storage/yikebe/home/research/AR_Crop_Identification/make_dataset/raw_sentinel/pm5/pm5__20201105_20201124__0117	2020-11-11	726126.00000000,3732198.00000000,726894.00000000,3732966.00000000
train	003582	lower__20201112_165351_85_2274_3B_AnalyticMS_SR_8b_clip	pm5__20201105_20201124__0117	/scrfs/storage/yikebe/home/research/AR_Crop_Identification/make_dataset/raw_sentinel/pm5/pm5__20201105_20201124__0117	2020-11-11	726894.00000000,3732198.00000000,727662.00000000,3732966.00000000
train	003598	lower__20201112_165351_85_2274_3B_AnalyticMS_SR_8b_clip	pm5__20201105_20201124__0117	/scrfs/storage/yikebe/home/research/AR_Crop_Identification/make_dataset/raw_sentinel/pm5/pm5__20201105_20201124__0117	2020-11-11	716142.00000000,3730662.00000000,716910.00000000,3731430.00000000
train	003614	lower__20201112_165351_85_2274_3B_AnalyticMS_SR_8b_clip	pm5__20201105_20201124__0117	/scrfs/storage/yikebe/home/research/AR_Crop_Identification/make_dataset/raw_sentinel/pm5/pm5__20201105_20201124__0117	2020-11-11	718446.00000000,3730662.00000000,719214.00000000,3731430.00000000
train	003630	lower__20201112_165351_85_2274_3B_AnalyticMS_SR_8b_clip	pm5__20201105_20201124__0117	/scrfs/storage/yikebe/home/research/AR_Crop_Identification/make_dataset/raw_sentinel/pm5/pm5__20201105_20201124__0117	2020-11-11	702318.00000000,3729894.00000000,703086.00000000,3730662.00000000
train	003646	lower__20201112_165351_85_2274_3B_AnalyticMS_SR_8b_clip	pm5__20201105_20201124__0117	/scrfs/storage/yikebe/home/research/AR_Crop_Identification/make_dataset/raw_sentinel/pm5/pm5__20201105_20201124__0117	2020-11-11	703854.00000000,3729894.00000000,704622.00000000,3730662.00000000
train	003662	lower__20201112_165351_85_2274_3B_AnalyticMS_SR_8b_clip	pm5__20201105_20201124__0117	/scrfs/storage/yikebe/home/research/AR_Crop_Identification/make_dataset/raw_sentinel/pm5/pm5__20201105_20201124__0117	2020-11-11	713838.00000000,3729894.00000000,714606.00000000,3730662.00000000
train	003678	lower__20201112_165351_85_2274_3B_AnalyticMS_SR_8b_clip	pm5__20201105_20201124__0117	/scrfs/storage/yikebe/home/research/AR_Crop_Identification/make_dataset/raw_sentinel/pm5/pm5__20201105_20201124__0117	2020-11-11	701550.00000000,3729126.00000000,702318.00000000,3729894.00000000
train	003694	lower__20201112_165351_85_2274_3B_AnalyticMS_SR_8b_clip	pm5__20201105_20201124__0117	/scrfs/storage/yikebe/home/research/AR_Crop_Identification/make_dataset/raw_sentinel/pm5/pm5__20201105_20201124__0117	2020-11-11	696942.00000000,3728358.00000000,697710.00000000,3729126.00000000
train	003710	lower__20201112_165351_85_2274_3B_AnalyticMS_SR_8b_clip	pm5__20201105_20201124__0117	/scrfs/storage/yikebe/home/research/AR_Crop_Identification/make_dataset/raw_sentinel/pm5/pm5__20201105_20201124__0117	2020-11-11	702318.00000000,3728358.00000000,703086.00000000,3729126.00000000
train	003726	lower__20201112_165351_85_2274_3B_AnalyticMS_SR_8b_clip	pm5__20201105_20201124__0117	/scrfs/storage/yikebe/home/research/AR_Crop_Identification/make_dataset/raw_sentinel/pm5/pm5__20201105_20201124__0117	2020-11-11	706926.00000000,3727590.00000000,707694.00000000,3728358.00000000
train	003742	lower__20201112_165351_85_2274_3B_AnalyticMS_SR_8b_clip	pm5__20201105_20201124__0117	/scrfs/storage/yikebe/home/research/AR_Crop_Identification/make_dataset/raw_sentinel/pm5/pm5__20201105_20201124__0117	2020-11-11	725358.00000000,3727590.00000000,726126.00000000,3728358.00000000
train	003758	lower__20201112_165351_85_2274_3B_AnalyticMS_SR_8b_clip	pm5__20201105_20201124__0117	/scrfs/storage/yikebe/home/research/AR_Crop_Identification/make_dataset/raw_sentinel/pm5/pm5__20201105_20201124__0117	2020-11-11	706926.00000000,3726822.00000000,707694.00000000,3727590.00000000
train	003774	lower__20201112_165351_85_2274_3B_AnalyticMS_SR_8b_clip	pm5__20201105_20201124__0117	/scrfs/storage/yikebe/home/research/AR_Crop_Identification/make_dataset/raw_sentinel/pm5/pm5__20201105_20201124__0117	2020-11-11	717678.00000000,3725286.00000000,718446.00000000,3726054.00000000
train	003790	lower__20201112_165351_85_2274_3B_AnalyticMS_SR_8b_clip	pm5__20201105_20201124__0117	/scrfs/storage/yikebe/home/research/AR_Crop_Identification/make_dataset/raw_sentinel/pm5/pm5__20201105_20201124__0117	2020-11-11	716142.00000000,3724518.00000000,716910.00000000,3725286.00000000
train	003806	lower__20201112_165351_85_2274_3B_AnalyticMS_SR_8b_clip	pm5__20201105_20201124__0117	/scrfs/storage/yikebe/home/research/AR_Crop_Identification/make_dataset/raw_sentinel/pm5/pm5__20201105_20201124__0117	2020-11-11	725358.00000000,3722982.00000000,726126.00000000,3723750.00000000
train	003822	lower__20201112_165528_66_2407_3B_AnalyticMS_SR_8b_clip	pm5__20201105_20201124__0087	/scrfs/storage/yikebe/home/research/AR_Crop_Identification/make_dataset/raw_sentinel/pm5/pm5__20201105_20201124__0087	2020-11-11	632343.00000000,3678561.00000000,633111.00000000,3679329.00000000
train	003838	lower__20201112_165528_66_2407_3B_AnalyticMS_SR_8b_clip	pm5__20201105_20201124__0087	/scrfs/storage/yikebe/home/research/AR_Crop_Identification/make_dataset/raw_sentinel/pm5/pm5__20201105_20201124__0087	2020-11-11	642327.00000000,3677793.00000000,643095.00000000,3678561.00000000
train	003854	lower__20201112_165528_66_2407_3B_AnalyticMS_SR_8b_clip	pm5__20201105_20201124__0087	/scrfs/storage/yikebe/home/research/AR_Crop_Identification/make_dataset/raw_sentinel/pm5/pm5__20201105_20201124__0087	2020-11-11	644631.00000000,3675489.00000000,645399.00000000,3676257.00000000
train	003870	lower__20201112_165528_66_2407_3B_AnalyticMS_SR_8b_clip	pm5__20201105_20201124__0087	/scrfs/storage/yikebe/home/research/AR_Crop_Identification/make_dataset/raw_sentinel/pm5/pm5__20201105_20201124__0087	2020-11-11	644631.00000000,3673953.00000000,645399.00000000,3674721.00000000
train	003886	lower__20201113_165012_49_2406_3B_AnalyticMS_SR_8b_clip	pm5__20201105_20201124__0105	/scrfs/storage/yikebe/home/research/AR_Crop_Identification/make_dataset/raw_sentinel/pm5/pm5__20201105_20201124__0105	2020-11-11	687573.00000000,3679707.00000000,688341.00000000,3680475.00000000
train	003902	lower__20201113_165012_49_2406_3B_AnalyticMS_SR_8b_clip	pm5__20201105_20201124__0105	/scrfs/storage/yikebe/home/research/AR_Crop_Identification/make_dataset/raw_sentinel/pm5/pm5__20201105_20201124__0105	2020-11-11	672213.00000000,3674331.00000000,672981.00000000,3675099.00000000
train	003918	lower__20201113_165012_49_2406_3B_AnalyticMS_SR_8b_clip	pm5__20201105_20201124__0105	/scrfs/storage/yikebe/home/research/AR_Crop_Identification/make_dataset/raw_sentinel/pm5/pm5__20201105_20201124__0105	2020-11-11	672981.00000000,3674331.00000000,673749.00000000,3675099.00000000
train	003934	lower__20201113_165012_49_2406_3B_AnalyticMS_SR_8b_clip	pm5__20201105_20201124__0105	/scrfs/storage/yikebe/home/research/AR_Crop_Identification/make_dataset/raw_sentinel/pm5/pm5__20201105_20201124__0105	2020-11-11	705237.00000000,3674331.00000000,706005.00000000,3675099.00000000
train	003950	lower__20201113_165012_49_2406_3B_AnalyticMS_SR_8b_clip	pm5__20201105_20201124__0105	/scrfs/storage/yikebe/home/research/AR_Crop_Identification/make_dataset/raw_sentinel/pm5/pm5__20201105_20201124__0105	2020-11-11	672981.00000000,3672795.00000000,673749.00000000,3673563.00000000
train	003966	lower__20201113_165012_49_2406_3B_AnalyticMS_SR_8b_clip	pm5__20201105_20201124__0105	/scrfs/storage/yikebe/home/research/AR_Crop_Identification/make_dataset/raw_sentinel/pm5/pm5__20201105_20201124__0105	2020-11-11	672213.00000000,3672027.00000000,672981.00000000,3672795.00000000
train	003982	lower__20201113_165012_49_2406_3B_AnalyticMS_SR_8b_clip	pm5__20201105_20201124__0105	/scrfs/storage/yikebe/home/research/AR_Crop_Identification/make_dataset/raw_sentinel/pm5/pm5__20201105_20201124__0105	2020-11-11	672981.00000000,3672027.00000000,673749.00000000,3672795.00000000
train	003998	lower__20201113_165012_49_2406_3B_AnalyticMS_SR_8b_clip	pm5__20201105_20201124__0105	/scrfs/storage/yikebe/home/research/AR_Crop_Identification/make_dataset/raw_sentinel/pm5/pm5__20201105_20201124__0105	2020-11-11	671445.00000000,3671259.00000000,672213.00000000,3672027.00000000
train	004014	lower__20201113_165012_49_2406_3B_AnalyticMS_SR_8b_clip	pm5__20201105_20201124__0105	/scrfs/storage/yikebe/home/research/AR_Crop_Identification/make_dataset/raw_sentinel/pm5/pm5__20201105_20201124__0105	2020-11-11	672213.00000000,3671259.00000000,672981.00000000,3672027.00000000
train	004030	lower__20201113_165012_49_2406_3B_AnalyticMS_SR_8b_clip	pm5__20201105_20201124__0105	/scrfs/storage/yikebe/home/research/AR_Crop_Identification/make_dataset/raw_sentinel/pm5/pm5__20201105_20201124__0105	2020-11-11	687573.00000000,3671259.00000000,688341.00000000,3672027.00000000
train	004046	lower__20201113_165012_49_2406_3B_AnalyticMS_SR_8b_clip	pm5__20201105_20201124__0105	/scrfs/storage/yikebe/home/research/AR_Crop_Identification/make_dataset/raw_sentinel/pm5/pm5__20201105_20201124__0105	2020-11-11	706773.00000000,3671259.00000000,707541.00000000,3672027.00000000
train	004062	lower__20201113_165012_49_2406_3B_AnalyticMS_SR_8b_clip	pm5__20201105_20201124__0105	/scrfs/storage/yikebe/home/research/AR_Crop_Identification/make_dataset/raw_sentinel/pm5/pm5__20201105_20201124__0105	2020-11-11	696789.00000000,3670491.00000000,697557.00000000,3671259.00000000
train	004078	lower__20201113_165012_49_2406_3B_AnalyticMS_SR_8b_clip	pm5__20201105_20201124__0105	/scrfs/storage/yikebe/home/research/AR_Crop_Identification/make_dataset/raw_sentinel/pm5/pm5__20201105_20201124__0105	2020-11-11	696021.00000000,3668955.00000000,696789.00000000,3669723.00000000
train	004094	lower__20201113_165012_49_2406_3B_AnalyticMS_SR_8b_clip	pm5__20201105_20201124__0105	/scrfs/storage/yikebe/home/research/AR_Crop_Identification/make_dataset/raw_sentinel/pm5/pm5__20201105_20201124__0105	2020-11-11	701397.00000000,3667419.00000000,702165.00000000,3668187.00000000
train	004110	lower__20201113_165012_49_2406_3B_AnalyticMS_SR_8b_clip	pm5__20201105_20201124__0105	/scrfs/storage/yikebe/home/research/AR_Crop_Identification/make_dataset/raw_sentinel/pm5/pm5__20201105_20201124__0105	2020-11-11	703701.00000000,3666651.00000000,704469.00000000,3667419.00000000
train	004126	lower__20201113_165012_49_2406_3B_AnalyticMS_SR_8b_clip	pm5__20201105_20201124__0105	/scrfs/storage/yikebe/home/research/AR_Crop_Identification/make_dataset/raw_sentinel/pm5/pm5__20201105_20201124__0105	2020-11-11	679125.00000000,3665115.00000000,679893.00000000,3665883.00000000
train	004142	lower__20201113_165012_49_2406_3B_AnalyticMS_SR_8b_clip	pm5__20201105_20201124__0105	/scrfs/storage/yikebe/home/research/AR_Crop_Identification/make_dataset/raw_sentinel/pm5/pm5__20201105_20201124__0105	2020-11-11	691413.00000000,3665115.00000000,692181.00000000,3665883.00000000
train	004158	lower__20201113_165012_49_2406_3B_AnalyticMS_SR_8b_clip	pm5__20201105_20201124__0105	/scrfs/storage/yikebe/home/research/AR_Crop_Identification/make_dataset/raw_sentinel/pm5/pm5__20201105_20201124__0105	2020-11-11	692181.00000000,3665115.00000000,692949.00000000,3665883.00000000
train	004174	lower__20201113_165012_49_2406_3B_AnalyticMS_SR_8b_clip	pm5__20201105_20201124__0105	/scrfs/storage/yikebe/home/research/AR_Crop_Identification/make_dataset/raw_sentinel/pm5/pm5__20201105_20201124__0105	2020-11-11	696789.00000000,3665115.00000000,697557.00000000,3665883.00000000
train	004190	lower__20201113_165012_49_2406_3B_AnalyticMS_SR_8b_clip	pm5__20201105_20201124__0105	/scrfs/storage/yikebe/home/research/AR_Crop_Identification/make_dataset/raw_sentinel/pm5/pm5__20201105_20201124__0105	2020-11-11	674517.00000000,3663579.00000000,675285.00000000,3664347.00000000
train	004206	lower__20201113_165012_49_2406_3B_AnalyticMS_SR_8b_clip	pm5__20201105_20201124__0105	/scrfs/storage/yikebe/home/research/AR_Crop_Identification/make_dataset/raw_sentinel/pm5/pm5__20201105_20201124__0105	2020-11-11	690645.00000000,3660507.00000000,691413.00000000,3661275.00000000
train	004222	lower__20201113_165012_49_2406_3B_AnalyticMS_SR_8b_clip	pm5__20201105_20201124__0105	/scrfs/storage/yikebe/home/research/AR_Crop_Identification/make_dataset/raw_sentinel/pm5/pm5__20201105_20201124__0105	2020-11-11	690645.00000000,3659739.00000000,691413.00000000,3660507.00000000
train	004238	lower__20201113_165012_49_2406_3B_AnalyticMS_SR_8b_clip	pm5__20201105_20201124__0105	/scrfs/storage/yikebe/home/research/AR_Crop_Identification/make_dataset/raw_sentinel/pm5/pm5__20201105_20201124__0105	2020-11-11	689877.00000000,3658971.00000000,690645.00000000,3659739.00000000
train	004254	lower__20201113_165012_49_2406_3B_AnalyticMS_SR_8b_clip	pm5__20201105_20201124__0105	/scrfs/storage/yikebe/home/research/AR_Crop_Identification/make_dataset/raw_sentinel/pm5/pm5__20201105_20201124__0105	2020-11-11	698325.00000000,3658203.00000000,699093.00000000,3658971.00000000
train	004270	lower__20201115_165239_81_241c_3B_AnalyticMS_SR_8b_clip	pm5__20201105_20201124__0133	/scrfs/storage/yikebe/home/research/AR_Crop_Identification/make_dataset/raw_sentinel/pm5/pm5__20201105_20201124__0133	2020-11-11	740010.00000000,3779139.00000000,740778.00000000,3779907.00000000
train	004286	lower__20201115_165239_81_241c_3B_AnalyticMS_SR_8b_clip	pm5__20201105_20201124__0133	/scrfs/storage/yikebe/home/research/AR_Crop_Identification/make_dataset/raw_sentinel/pm5/pm5__20201105_20201124__0133	2020-11-11	736938.00000000,3778371.00000000,737706.00000000,3779139.00000000
train	004302	lower__20201115_165239_81_241c_3B_AnalyticMS_SR_8b_clip	pm5__20201105_20201124__0133	/scrfs/storage/yikebe/home/research/AR_Crop_Identification/make_dataset/raw_sentinel/pm5/pm5__20201105_20201124__0133	2020-11-11	758442.00000000,3777603.00000000,759210.00000000,3778371.00000000
train	004318	lower__20201115_165239_81_241c_3B_AnalyticMS_SR_8b_clip	pm5__20201105_20201124__0133	/scrfs/storage/yikebe/home/research/AR_Crop_Identification/make_dataset/raw_sentinel/pm5/pm5__20201105_20201124__0133	2020-11-11	730794.00000000,3774531.00000000,731562.00000000,3775299.00000000
train	004334	lower__20201115_165239_81_241c_3B_AnalyticMS_SR_8b_clip	pm5__20201105_20201124__0133	/scrfs/storage/yikebe/home/research/AR_Crop_Identification/make_dataset/raw_sentinel/pm5/pm5__20201105_20201124__0133	2020-11-11	734634.00000000,3772995.00000000,735402.00000000,3773763.00000000
train	004350	lower__20201115_165239_81_241c_3B_AnalyticMS_SR_8b_clip	pm5__20201105_20201124__0133	/scrfs/storage/yikebe/home/research/AR_Crop_Identification/make_dataset/raw_sentinel/pm5/pm5__20201105_20201124__0133	2020-11-11	747690.00000000,3772995.00000000,748458.00000000,3773763.00000000
train	004366	lower__20201115_165239_81_241c_3B_AnalyticMS_SR_8b_clip	pm5__20201105_20201124__0133	/scrfs/storage/yikebe/home/research/AR_Crop_Identification/make_dataset/raw_sentinel/pm5/pm5__20201105_20201124__0133	2020-11-11	730026.00000000,3772227.00000000,730794.00000000,3772995.00000000
train	004382	lower__20201115_165239_81_241c_3B_AnalyticMS_SR_8b_clip	pm5__20201105_20201124__0133	/scrfs/storage/yikebe/home/research/AR_Crop_Identification/make_dataset/raw_sentinel/pm5/pm5__20201105_20201124__0133	2020-11-11	746922.00000000,3772227.00000000,747690.00000000,3772995.00000000
train	004398	lower__20201115_165239_81_241c_3B_AnalyticMS_SR_8b_clip	pm5__20201105_20201124__0133	/scrfs/storage/yikebe/home/research/AR_Crop_Identification/make_dataset/raw_sentinel/pm5/pm5__20201105_20201124__0133	2020-11-11	751530.00000000,3771459.00000000,752298.00000000,3772227.00000000
train	004414	lower__20201115_165456_23_2254_3B_AnalyticMS_SR_8b_clip	pm5__20201105_20201124__0097	/scrfs/storage/yikebe/home/research/AR_Crop_Identification/make_dataset/raw_sentinel/pm5/pm5__20201105_20201124__0097	2020-11-11	653061.00000000,3744438.00000000,653829.00000000,3745206.00000000
train	004430	lower__20201115_165456_23_2254_3B_AnalyticMS_SR_8b_clip	pm5__20201105_20201124__0097	/scrfs/storage/yikebe/home/research/AR_Crop_Identification/make_dataset/raw_sentinel/pm5/pm5__20201105_20201124__0097	2020-11-11	646149.00000000,3742902.00000000,646917.00000000,3743670.00000000
train	004446	lower__20201115_165456_23_2254_3B_AnalyticMS_SR_8b_clip	pm5__20201105_20201124__0097	/scrfs/storage/yikebe/home/research/AR_Crop_Identification/make_dataset/raw_sentinel/pm5/pm5__20201105_20201124__0097	2020-11-11	657669.00000000,3742902.00000000,658437.00000000,3743670.00000000
train	004462	lower__20201115_165456_23_2254_3B_AnalyticMS_SR_8b_clip	pm5__20201105_20201124__0097	/scrfs/storage/yikebe/home/research/AR_Crop_Identification/make_dataset/raw_sentinel/pm5/pm5__20201105_20201124__0097	2020-11-11	662277.00000000,3742134.00000000,663045.00000000,3742902.00000000
train	004478	lower__20201115_165456_23_2254_3B_AnalyticMS_SR_8b_clip	pm5__20201105_20201124__0097	/scrfs/storage/yikebe/home/research/AR_Crop_Identification/make_dataset/raw_sentinel/pm5/pm5__20201105_20201124__0097	2020-11-11	663045.00000000,3742134.00000000,663813.00000000,3742902.00000000
train	004494	lower__20201115_165456_23_2254_3B_AnalyticMS_SR_8b_clip	pm5__20201105_20201124__0097	/scrfs/storage/yikebe/home/research/AR_Crop_Identification/make_dataset/raw_sentinel/pm5/pm5__20201105_20201124__0097	2020-11-11	662277.00000000,3741366.00000000,663045.00000000,3742134.00000000
train	004510	lower__20201115_165456_23_2254_3B_AnalyticMS_SR_8b_clip	pm5__20201105_20201124__0097	/scrfs/storage/yikebe/home/research/AR_Crop_Identification/make_dataset/raw_sentinel/pm5/pm5__20201105_20201124__0097	2020-11-11	662277.00000000,3740598.00000000,663045.00000000,3741366.00000000
train	004526	lower__20201115_165456_23_2254_3B_AnalyticMS_SR_8b_clip	pm5__20201105_20201124__0097	/scrfs/storage/yikebe/home/research/AR_Crop_Identification/make_dataset/raw_sentinel/pm5/pm5__20201105_20201124__0097	2020-11-11	647685.00000000,3739062.00000000,648453.00000000,3739830.00000000
train	004542	lower__20201115_165456_23_2254_3B_AnalyticMS_SR_8b_clip	pm5__20201105_20201124__0097	/scrfs/storage/yikebe/home/research/AR_Crop_Identification/make_dataset/raw_sentinel/pm5/pm5__20201105_20201124__0097	2020-11-11	646917.00000000,3738294.00000000,647685.00000000,3739062.00000000
train	004558	lower__20201115_165456_23_2254_3B_AnalyticMS_SR_8b_clip	pm5__20201105_20201124__0097	/scrfs/storage/yikebe/home/research/AR_Crop_Identification/make_dataset/raw_sentinel/pm5/pm5__20201105_20201124__0097	2020-11-11	645381.00000000,3737526.00000000,646149.00000000,3738294.00000000
train	004574	lower__20201115_165456_23_2254_3B_AnalyticMS_SR_8b_clip	pm5__20201105_20201124__0097	/scrfs/storage/yikebe/home/research/AR_Crop_Identification/make_dataset/raw_sentinel/pm5/pm5__20201105_20201124__0097	2020-11-11	647685.00000000,3737526.00000000,648453.00000000,3738294.00000000
train	004590	lower__20201115_165456_23_2254_3B_AnalyticMS_SR_8b_clip	pm5__20201105_20201124__0097	/scrfs/storage/yikebe/home/research/AR_Crop_Identification/make_dataset/raw_sentinel/pm5/pm5__20201105_20201124__0097	2020-11-11	648453.00000000,3737526.00000000,649221.00000000,3738294.00000000
train	004606	lower__20201115_165456_23_2254_3B_AnalyticMS_SR_8b_clip	pm5__20201105_20201124__0097	/scrfs/storage/yikebe/home/research/AR_Crop_Identification/make_dataset/raw_sentinel/pm5/pm5__20201105_20201124__0097	2020-11-11	649221.00000000,3737526.00000000,649989.00000000,3738294.00000000
train	004622	lower__20201115_165456_23_2254_3B_AnalyticMS_SR_8b_clip	pm5__20201105_20201124__0097	/scrfs/storage/yikebe/home/research/AR_Crop_Identification/make_dataset/raw_sentinel/pm5/pm5__20201105_20201124__0097	2020-11-11	660741.00000000,3737526.00000000,661509.00000000,3738294.00000000
train	004638	lower__20201115_165456_23_2254_3B_AnalyticMS_SR_8b_clip	pm5__20201105_20201124__0097	/scrfs/storage/yikebe/home/research/AR_Crop_Identification/make_dataset/raw_sentinel/pm5/pm5__20201105_20201124__0097	2020-11-11	646149.00000000,3736758.00000000,646917.00000000,3737526.00000000
train	004654	lower__20201115_165456_23_2254_3B_AnalyticMS_SR_8b_clip	pm5__20201105_20201124__0097	/scrfs/storage/yikebe/home/research/AR_Crop_Identification/make_dataset/raw_sentinel/pm5/pm5__20201105_20201124__0097	2020-11-11	660741.00000000,3735222.00000000,661509.00000000,3735990.00000000
train	004670	lower__20201115_165456_23_2254_3B_AnalyticMS_SR_8b_clip	pm5__20201105_20201124__0097	/scrfs/storage/yikebe/home/research/AR_Crop_Identification/make_dataset/raw_sentinel/pm5/pm5__20201105_20201124__0097	2020-11-11	646917.00000000,3734454.00000000,647685.00000000,3735222.00000000
train	004686	lower__20201115_165456_23_2254_3B_AnalyticMS_SR_8b_clip	pm5__20201105_20201124__0097	/scrfs/storage/yikebe/home/research/AR_Crop_Identification/make_dataset/raw_sentinel/pm5/pm5__20201105_20201124__0097	2020-11-11	651525.00000000,3732918.00000000,652293.00000000,3733686.00000000
train	004702	lower__20201115_165456_23_2254_3B_AnalyticMS_SR_8b_clip	pm5__20201105_20201124__0097	/scrfs/storage/yikebe/home/research/AR_Crop_Identification/make_dataset/raw_sentinel/pm5/pm5__20201105_20201124__0097	2020-11-11	656133.00000000,3732918.00000000,656901.00000000,3733686.00000000
train	004718	lower__20201115_165456_23_2254_3B_AnalyticMS_SR_8b_clip	pm5__20201105_20201124__0097	/scrfs/storage/yikebe/home/research/AR_Crop_Identification/make_dataset/raw_sentinel/pm5/pm5__20201105_20201124__0097	2020-11-11	658437.00000000,3732918.00000000,659205.00000000,3733686.00000000
train	004734	lower__20201115_165456_23_2254_3B_AnalyticMS_SR_8b_clip	pm5__20201105_20201124__0097	/scrfs/storage/yikebe/home/research/AR_Crop_Identification/make_dataset/raw_sentinel/pm5/pm5__20201105_20201124__0097	2020-11-11	643845.00000000,3732150.00000000,644613.00000000,3732918.00000000
train	004750	lower__20201115_165456_23_2254_3B_AnalyticMS_SR_8b_clip	pm5__20201105_20201124__0097	/scrfs/storage/yikebe/home/research/AR_Crop_Identification/make_dataset/raw_sentinel/pm5/pm5__20201105_20201124__0097	2020-11-11	644613.00000000,3732150.00000000,645381.00000000,3732918.00000000
train	004766	lower__20201115_165456_23_2254_3B_AnalyticMS_SR_8b_clip	pm5__20201105_20201124__0097	/scrfs/storage/yikebe/home/research/AR_Crop_Identification/make_dataset/raw_sentinel/pm5/pm5__20201105_20201124__0097	2020-11-11	648453.00000000,3732150.00000000,649221.00000000,3732918.00000000
train	004782	lower__20201115_165456_23_2254_3B_AnalyticMS_SR_8b_clip	pm5__20201105_20201124__0097	/scrfs/storage/yikebe/home/research/AR_Crop_Identification/make_dataset/raw_sentinel/pm5/pm5__20201105_20201124__0097	2020-11-11	650757.00000000,3732150.00000000,651525.00000000,3732918.00000000
train	004798	lower__20201115_165456_23_2254_3B_AnalyticMS_SR_8b_clip	pm5__20201105_20201124__0097	/scrfs/storage/yikebe/home/research/AR_Crop_Identification/make_dataset/raw_sentinel/pm5/pm5__20201105_20201124__0097	2020-11-11	659205.00000000,3732150.00000000,659973.00000000,3732918.00000000
train	004814	lower__20201115_165456_23_2254_3B_AnalyticMS_SR_8b_clip	pm5__20201105_20201124__0097	/scrfs/storage/yikebe/home/research/AR_Crop_Identification/make_dataset/raw_sentinel/pm5/pm5__20201105_20201124__0097	2020-11-11	662277.00000000,3732150.00000000,663045.00000000,3732918.00000000
train	004830	lower__20201115_165456_23_2254_3B_AnalyticMS_SR_8b_clip	pm5__20201105_20201124__0097	/scrfs/storage/yikebe/home/research/AR_Crop_Identification/make_dataset/raw_sentinel/pm5/pm5__20201105_20201124__0097	2020-11-11	644613.00000000,3731382.00000000,645381.00000000,3732150.00000000
train	004846	lower__20201115_165456_23_2254_3B_AnalyticMS_SR_8b_clip	pm5__20201105_20201124__0097	/scrfs/storage/yikebe/home/research/AR_Crop_Identification/make_dataset/raw_sentinel/pm5/pm5__20201105_20201124__0097	2020-11-11	650757.00000000,3731382.00000000,651525.00000000,3732150.00000000
train	004862	lower__20201115_165456_23_2254_3B_AnalyticMS_SR_8b_clip	pm5__20201105_20201124__0097	/scrfs/storage/yikebe/home/research/AR_Crop_Identification/make_dataset/raw_sentinel/pm5/pm5__20201105_20201124__0097	2020-11-11	651525.00000000,3731382.00000000,652293.00000000,3732150.00000000
train	004878	lower__20201115_165456_23_2254_3B_AnalyticMS_SR_8b_clip	pm5__20201105_20201124__0097	/scrfs/storage/yikebe/home/research/AR_Crop_Identification/make_dataset/raw_sentinel/pm5/pm5__20201105_20201124__0097	2020-11-11	652293.00000000,3731382.00000000,653061.00000000,3732150.00000000
train	004894	lower__20201115_165456_23_2254_3B_AnalyticMS_SR_8b_clip	pm5__20201105_20201124__0097	/scrfs/storage/yikebe/home/research/AR_Crop_Identification/make_dataset/raw_sentinel/pm5/pm5__20201105_20201124__0097	2020-11-11	653061.00000000,3731382.00000000,653829.00000000,3732150.00000000
train	004910	lower__20201115_165456_23_2254_3B_AnalyticMS_SR_8b_clip	pm5__20201105_20201124__0097	/scrfs/storage/yikebe/home/research/AR_Crop_Identification/make_dataset/raw_sentinel/pm5/pm5__20201105_20201124__0097	2020-11-11	653829.00000000,3730614.00000000,654597.00000000,3731382.00000000
train	004926	lower__20201115_165456_23_2254_3B_AnalyticMS_SR_8b_clip	pm5__20201105_20201124__0097	/scrfs/storage/yikebe/home/research/AR_Crop_Identification/make_dataset/raw_sentinel/pm5/pm5__20201105_20201124__0097	2020-11-11	646917.00000000,3729078.00000000,647685.00000000,3729846.00000000
train	004942	lower__20201115_165456_23_2254_3B_AnalyticMS_SR_8b_clip	pm5__20201105_20201124__0097	/scrfs/storage/yikebe/home/research/AR_Crop_Identification/make_dataset/raw_sentinel/pm5/pm5__20201105_20201124__0097	2020-11-11	657669.00000000,3726774.00000000,658437.00000000,3727542.00000000
train	004958	lower__20201115_165456_23_2254_3B_AnalyticMS_SR_8b_clip	pm5__20201105_20201124__0097	/scrfs/storage/yikebe/home/research/AR_Crop_Identification/make_dataset/raw_sentinel/pm5/pm5__20201105_20201124__0097	2020-11-11	660741.00000000,3726006.00000000,661509.00000000,3726774.00000000
train	004974	lower__20201115_165456_23_2254_3B_AnalyticMS_SR_8b_clip	pm5__20201105_20201124__0097	/scrfs/storage/yikebe/home/research/AR_Crop_Identification/make_dataset/raw_sentinel/pm5/pm5__20201105_20201124__0097	2020-11-11	659973.00000000,3725238.00000000,660741.00000000,3726006.00000000
train	004990	lower__20201115_165456_23_2254_3B_AnalyticMS_SR_8b_clip	pm5__20201105_20201124__0097	/scrfs/storage/yikebe/home/research/AR_Crop_Identification/make_dataset/raw_sentinel/pm5/pm5__20201105_20201124__0097	2020-11-11	662277.00000000,3725238.00000000,663045.00000000,3726006.00000000
train	005006	lower__20201115_165456_23_2254_3B_AnalyticMS_SR_8b_clip	pm5__20201105_20201124__0097	/scrfs/storage/yikebe/home/research/AR_Crop_Identification/make_dataset/raw_sentinel/pm5/pm5__20201105_20201124__0097	2020-11-11	670725.00000000,3725238.00000000,671493.00000000,3726006.00000000
train	005022	lower__20201115_165456_23_2254_3B_AnalyticMS_SR_8b_clip	pm5__20201105_20201124__0097	/scrfs/storage/yikebe/home/research/AR_Crop_Identification/make_dataset/raw_sentinel/pm5/pm5__20201105_20201124__0097	2020-11-11	673029.00000000,3725238.00000000,673797.00000000,3726006.00000000
train	005038	lower__20201115_165456_23_2254_3B_AnalyticMS_SR_8b_clip	pm5__20201105_20201124__0097	/scrfs/storage/yikebe/home/research/AR_Crop_Identification/make_dataset/raw_sentinel/pm5/pm5__20201105_20201124__0097	2020-11-11	673797.00000000,3725238.00000000,674565.00000000,3726006.00000000
train	005054	lower__20201115_165456_23_2254_3B_AnalyticMS_SR_8b_clip	pm5__20201105_20201124__0097	/scrfs/storage/yikebe/home/research/AR_Crop_Identification/make_dataset/raw_sentinel/pm5/pm5__20201105_20201124__0097	2020-11-11	662277.00000000,3724470.00000000,663045.00000000,3725238.00000000
train	005070	lower__20201115_165456_23_2254_3B_AnalyticMS_SR_8b_clip	pm5__20201105_20201124__0097	/scrfs/storage/yikebe/home/research/AR_Crop_Identification/make_dataset/raw_sentinel/pm5/pm5__20201105_20201124__0097	2020-11-11	673029.00000000,3724470.00000000,673797.00000000,3725238.00000000
train	005086	lower__20201115_165456_23_2254_3B_AnalyticMS_SR_8b_clip	pm5__20201105_20201124__0097	/scrfs/storage/yikebe/home/research/AR_Crop_Identification/make_dataset/raw_sentinel/pm5/pm5__20201105_20201124__0097	2020-11-11	673797.00000000,3724470.00000000,674565.00000000,3725238.00000000
train	005102	lower__20201115_165456_23_2254_3B_AnalyticMS_SR_8b_clip	pm5__20201105_20201124__0097	/scrfs/storage/yikebe/home/research/AR_Crop_Identification/make_dataset/raw_sentinel/pm5/pm5__20201105_20201124__0097	2020-11-11	674565.00000000,3724470.00000000,675333.00000000,3725238.00000000
train	005118	lower__20201115_165456_23_2254_3B_AnalyticMS_SR_8b_clip	pm5__20201105_20201124__0097	/scrfs/storage/yikebe/home/research/AR_Crop_Identification/make_dataset/raw_sentinel/pm5/pm5__20201105_20201124__0097	2020-11-11	675333.00000000,3724470.00000000,676101.00000000,3725238.00000000
train	005134	lower__20201115_165456_23_2254_3B_AnalyticMS_SR_8b_clip	pm5__20201105_20201124__0097	/scrfs/storage/yikebe/home/research/AR_Crop_Identification/make_dataset/raw_sentinel/pm5/pm5__20201105_20201124__0097	2020-11-11	676101.00000000,3724470.00000000,676869.00000000,3725238.00000000
train	005150	lower__20201115_165456_23_2254_3B_AnalyticMS_SR_8b_clip	pm5__20201105_20201124__0097	/scrfs/storage/yikebe/home/research/AR_Crop_Identification/make_dataset/raw_sentinel/pm5/pm5__20201105_20201124__0097	2020-11-11	661509.00000000,3723702.00000000,662277.00000000,3724470.00000000
train	005166	lower__20201115_165456_23_2254_3B_AnalyticMS_SR_8b_clip	pm5__20201105_20201124__0097	/scrfs/storage/yikebe/home/research/AR_Crop_Identification/make_dataset/raw_sentinel/pm5/pm5__20201105_20201124__0097	2020-11-11	673797.00000000,3723702.00000000,674565.00000000,3724470.00000000
train	005182	lower__20201115_165456_23_2254_3B_AnalyticMS_SR_8b_clip	pm5__20201105_20201124__0097	/scrfs/storage/yikebe/home/research/AR_Crop_Identification/make_dataset/raw_sentinel/pm5/pm5__20201105_20201124__0097	2020-11-11	674565.00000000,3722934.00000000,675333.00000000,3723702.00000000
train	005198	lower__20201115_165456_23_2254_3B_AnalyticMS_SR_8b_clip	pm5__20201105_20201124__0097	/scrfs/storage/yikebe/home/research/AR_Crop_Identification/make_dataset/raw_sentinel/pm5/pm5__20201105_20201124__0097	2020-11-11	659973.00000000,3722166.00000000,660741.00000000,3722934.00000000
train	005214	lower__20201115_165456_23_2254_3B_AnalyticMS_SR_8b_clip	pm5__20201105_20201124__0097	/scrfs/storage/yikebe/home/research/AR_Crop_Identification/make_dataset/raw_sentinel/pm5/pm5__20201105_20201124__0097	2020-11-11	665349.00000000,3721398.00000000,666117.00000000,3722166.00000000
train	005230	lower__20201115_165456_23_2254_3B_AnalyticMS_SR_8b_clip	pm5__20201105_20201124__0097	/scrfs/storage/yikebe/home/research/AR_Crop_Identification/make_dataset/raw_sentinel/pm5/pm5__20201105_20201124__0097	2020-11-11	664581.00000000,3720630.00000000,665349.00000000,3721398.00000000
train	005246	lower__20201116_160026_72_2257_3B_AnalyticMS_SR_8b_clip	pm5__20201105_20201124__0129	/scrfs/storage/yikebe/home/research/AR_Crop_Identification/make_dataset/raw_sentinel/pm5/pm5__20201105_20201124__0129	2020-11-21	729672.00000000,3698493.00000000,730440.00000000,3699261.00000000
train	005262	lower__20201116_160026_72_2257_3B_AnalyticMS_SR_8b_clip	pm5__20201105_20201124__0129	/scrfs/storage/yikebe/home/research/AR_Crop_Identification/make_dataset/raw_sentinel/pm5/pm5__20201105_20201124__0129	2020-11-21	730440.00000000,3697725.00000000,731208.00000000,3698493.00000000
train	005278	lower__20201116_160026_72_2257_3B_AnalyticMS_SR_8b_clip	pm5__20201105_20201124__0129	/scrfs/storage/yikebe/home/research/AR_Crop_Identification/make_dataset/raw_sentinel/pm5/pm5__20201105_20201124__0129	2020-11-21	730440.00000000,3696957.00000000,731208.00000000,3697725.00000000
train	005294	lower__20201116_160026_72_2257_3B_AnalyticMS_SR_8b_clip	pm5__20201105_20201124__0129	/scrfs/storage/yikebe/home/research/AR_Crop_Identification/make_dataset/raw_sentinel/pm5/pm5__20201105_20201124__0129	2020-11-21	731208.00000000,3696957.00000000,731976.00000000,3697725.00000000
train	005310	lower__20201116_160026_72_2257_3B_AnalyticMS_SR_8b_clip	pm5__20201105_20201124__0129	/scrfs/storage/yikebe/home/research/AR_Crop_Identification/make_dataset/raw_sentinel/pm5/pm5__20201105_20201124__0129	2020-11-21	731976.00000000,3696957.00000000,732744.00000000,3697725.00000000
train	005326	lower__20201116_160026_72_2257_3B_AnalyticMS_SR_8b_clip	pm5__20201105_20201124__0129	/scrfs/storage/yikebe/home/research/AR_Crop_Identification/make_dataset/raw_sentinel/pm5/pm5__20201105_20201124__0129	2020-11-21	728136.00000000,3696189.00000000,728904.00000000,3696957.00000000
train	005342	lower__20201116_160026_72_2257_3B_AnalyticMS_SR_8b_clip	pm5__20201105_20201124__0129	/scrfs/storage/yikebe/home/research/AR_Crop_Identification/make_dataset/raw_sentinel/pm5/pm5__20201105_20201124__0129	2020-11-21	730440.00000000,3696189.00000000,731208.00000000,3696957.00000000
train	005358	lower__20201116_160026_72_2257_3B_AnalyticMS_SR_8b_clip	pm5__20201105_20201124__0129	/scrfs/storage/yikebe/home/research/AR_Crop_Identification/make_dataset/raw_sentinel/pm5/pm5__20201105_20201124__0129	2020-11-21	731208.00000000,3696189.00000000,731976.00000000,3696957.00000000
train	005374	lower__20201116_160026_72_2257_3B_AnalyticMS_SR_8b_clip	pm5__20201105_20201124__0129	/scrfs/storage/yikebe/home/research/AR_Crop_Identification/make_dataset/raw_sentinel/pm5/pm5__20201105_20201124__0129	2020-11-21	722760.00000000,3695421.00000000,723528.00000000,3696189.00000000
train	005390	lower__20201116_160026_72_2257_3B_AnalyticMS_SR_8b_clip	pm5__20201105_20201124__0129	/scrfs/storage/yikebe/home/research/AR_Crop_Identification/make_dataset/raw_sentinel/pm5/pm5__20201105_20201124__0129	2020-11-21	729672.00000000,3695421.00000000,730440.00000000,3696189.00000000
train	005406	lower__20201116_160026_72_2257_3B_AnalyticMS_SR_8b_clip	pm5__20201105_20201124__0129	/scrfs/storage/yikebe/home/research/AR_Crop_Identification/make_dataset/raw_sentinel/pm5/pm5__20201105_20201124__0129	2020-11-21	731208.00000000,3695421.00000000,731976.00000000,3696189.00000000
train	005422	lower__20201116_160026_72_2257_3B_AnalyticMS_SR_8b_clip	pm5__20201105_20201124__0129	/scrfs/storage/yikebe/home/research/AR_Crop_Identification/make_dataset/raw_sentinel/pm5/pm5__20201105_20201124__0129	2020-11-21	741960.00000000,3695421.00000000,742728.00000000,3696189.00000000
train	005438	lower__20201116_160026_72_2257_3B_AnalyticMS_SR_8b_clip	pm5__20201105_20201124__0129	/scrfs/storage/yikebe/home/research/AR_Crop_Identification/make_dataset/raw_sentinel/pm5/pm5__20201105_20201124__0129	2020-11-21	731208.00000000,3694653.00000000,731976.00000000,3695421.00000000
train	005454	lower__20201116_160026_72_2257_3B_AnalyticMS_SR_8b_clip	pm5__20201105_20201124__0129	/scrfs/storage/yikebe/home/research/AR_Crop_Identification/make_dataset/raw_sentinel/pm5/pm5__20201105_20201124__0129	2020-11-21	742728.00000000,3694653.00000000,743496.00000000,3695421.00000000
train	005470	lower__20201116_160026_72_2257_3B_AnalyticMS_SR_8b_clip	pm5__20201105_20201124__0129	/scrfs/storage/yikebe/home/research/AR_Crop_Identification/make_dataset/raw_sentinel/pm5/pm5__20201105_20201124__0129	2020-11-21	743496.00000000,3694653.00000000,744264.00000000,3695421.00000000
train	005486	lower__20201116_160026_72_2257_3B_AnalyticMS_SR_8b_clip	pm5__20201105_20201124__0129	/scrfs/storage/yikebe/home/research/AR_Crop_Identification/make_dataset/raw_sentinel/pm5/pm5__20201105_20201124__0129	2020-11-21	729672.00000000,3693117.00000000,730440.00000000,3693885.00000000
train	005502	lower__20201116_160026_72_2257_3B_AnalyticMS_SR_8b_clip	pm5__20201105_20201124__0129	/scrfs/storage/yikebe/home/research/AR_Crop_Identification/make_dataset/raw_sentinel/pm5/pm5__20201105_20201124__0129	2020-11-21	730440.00000000,3693117.00000000,731208.00000000,3693885.00000000
train	005518	lower__20201116_160026_72_2257_3B_AnalyticMS_SR_8b_clip	pm5__20201105_20201124__0129	/scrfs/storage/yikebe/home/research/AR_Crop_Identification/make_dataset/raw_sentinel/pm5/pm5__20201105_20201124__0129	2020-11-21	730440.00000000,3692349.00000000,731208.00000000,3693117.00000000
train	005534	lower__20201116_160026_72_2257_3B_AnalyticMS_SR_8b_clip	pm5__20201105_20201124__0129	/scrfs/storage/yikebe/home/research/AR_Crop_Identification/make_dataset/raw_sentinel/pm5/pm5__20201105_20201124__0129	2020-11-21	721992.00000000,3690813.00000000,722760.00000000,3691581.00000000
train	005550	lower__20201116_160026_72_2257_3B_AnalyticMS_SR_8b_clip	pm5__20201105_20201124__0129	/scrfs/storage/yikebe/home/research/AR_Crop_Identification/make_dataset/raw_sentinel/pm5/pm5__20201105_20201124__0129	2020-11-21	726600.00000000,3690813.00000000,727368.00000000,3691581.00000000
train	005566	lower__20201116_160026_72_2257_3B_AnalyticMS_SR_8b_clip	pm5__20201105_20201124__0129	/scrfs/storage/yikebe/home/research/AR_Crop_Identification/make_dataset/raw_sentinel/pm5/pm5__20201105_20201124__0129	2020-11-21	727368.00000000,3690813.00000000,728136.00000000,3691581.00000000
train	005582	lower__20201116_160026_72_2257_3B_AnalyticMS_SR_8b_clip	pm5__20201105_20201124__0129	/scrfs/storage/yikebe/home/research/AR_Crop_Identification/make_dataset/raw_sentinel/pm5/pm5__20201105_20201124__0129	2020-11-21	730440.00000000,3690813.00000000,731208.00000000,3691581.00000000
train	005598	lower__20201116_160026_72_2257_3B_AnalyticMS_SR_8b_clip	pm5__20201105_20201124__0129	/scrfs/storage/yikebe/home/research/AR_Crop_Identification/make_dataset/raw_sentinel/pm5/pm5__20201105_20201124__0129	2020-11-21	745800.00000000,3690813.00000000,746568.00000000,3691581.00000000
train	005614	lower__20201116_160026_72_2257_3B_AnalyticMS_SR_8b_clip	pm5__20201105_20201124__0129	/scrfs/storage/yikebe/home/research/AR_Crop_Identification/make_dataset/raw_sentinel/pm5/pm5__20201105_20201124__0129	2020-11-21	745032.00000000,3689277.00000000,745800.00000000,3690045.00000000
train	005630	lower__20201116_160026_72_2257_3B_AnalyticMS_SR_8b_clip	pm5__20201105_20201124__0129	/scrfs/storage/yikebe/home/research/AR_Crop_Identification/make_dataset/raw_sentinel/pm5/pm5__20201105_20201124__0129	2020-11-21	742728.00000000,3688509.00000000,743496.00000000,3689277.00000000
train	005646	lower__20201116_160026_72_2257_3B_AnalyticMS_SR_8b_clip	pm5__20201105_20201124__0129	/scrfs/storage/yikebe/home/research/AR_Crop_Identification/make_dataset/raw_sentinel/pm5/pm5__20201105_20201124__0129	2020-11-21	744264.00000000,3688509.00000000,745032.00000000,3689277.00000000
train	005662	lower__20201116_160054_94_2206_3B_AnalyticMS_SR_8b_clip	pm5__20201105_20201124__0097	/scrfs/storage/yikebe/home/research/AR_Crop_Identification/make_dataset/raw_sentinel/pm5/pm5__20201105_20201124__0097	2020-11-14	652266.00000000,3677391.00000000,653034.00000000,3678159.00000000
train	005678	lower__20201116_160054_94_2206_3B_AnalyticMS_SR_8b_clip	pm5__20201105_20201124__0097	/scrfs/storage/yikebe/home/research/AR_Crop_Identification/make_dataset/raw_sentinel/pm5/pm5__20201105_20201124__0097	2020-11-14	652266.00000000,3676623.00000000,653034.00000000,3677391.00000000
train	005694	lower__20201116_160054_94_2206_3B_AnalyticMS_SR_8b_clip	pm5__20201105_20201124__0097	/scrfs/storage/yikebe/home/research/AR_Crop_Identification/make_dataset/raw_sentinel/pm5/pm5__20201105_20201124__0097	2020-11-14	645354.00000000,3671247.00000000,646122.00000000,3672015.00000000
train	005710	lower__20201116_160054_94_2206_3B_AnalyticMS_SR_8b_clip	pm5__20201105_20201124__0097	/scrfs/storage/yikebe/home/research/AR_Crop_Identification/make_dataset/raw_sentinel/pm5/pm5__20201105_20201124__0097	2020-11-14	646890.00000000,3669711.00000000,647658.00000000,3670479.00000000
val	000014	lower__20201116_160755_27_227e_3B_AnalyticMS_SR_8b_clip	pm5__20201105_20201124__0104	/scrfs/storage/yikebe/home/research/AR_Crop_Identification/make_dataset/raw_sentinel/pm5/pm5__20201105_20201124__0104	2020-11-19	670137.00000000,3844458.00000000,670905.00000000,3845226.00000000
val	000030	lower__20201116_160755_27_227e_3B_AnalyticMS_SR_8b_clip	pm5__20201105_20201124__0104	/scrfs/storage/yikebe/home/research/AR_Crop_Identification/make_dataset/raw_sentinel/pm5/pm5__20201105_20201124__0104	2020-11-19	690873.00000000,3844458.00000000,691641.00000000,3845226.00000000
val	000046	lower__20201116_160755_27_227e_3B_AnalyticMS_SR_8b_clip	pm5__20201105_20201124__0104	/scrfs/storage/yikebe/home/research/AR_Crop_Identification/make_dataset/raw_sentinel/pm5/pm5__20201105_20201124__0104	2020-11-19	678585.00000000,3837546.00000000,679353.00000000,3838314.00000000
train	005726	lower__20201116_160933_94_222f_3B_AnalyticMS_SR_8b_clip	pm5__20201105_20201124__0094	/scrfs/storage/yikebe/home/research/AR_Crop_Identification/make_dataset/raw_sentinel/pm5/pm5__20201105_20201124__0094	2020-11-19	657672.00000000,3835545.00000000,658440.00000000,3836313.00000000
train	005742	lower__20201116_160933_94_222f_3B_AnalyticMS_SR_8b_clip	pm5__20201105_20201124__0094	/scrfs/storage/yikebe/home/research/AR_Crop_Identification/make_dataset/raw_sentinel/pm5/pm5__20201105_20201124__0094	2020-11-19	637704.00000000,3824025.00000000,638472.00000000,3824793.00000000
train	005758	lower__20201116_160933_94_222f_3B_AnalyticMS_SR_8b_clip	pm5__20201105_20201124__0094	/scrfs/storage/yikebe/home/research/AR_Crop_Identification/make_dataset/raw_sentinel/pm5/pm5__20201105_20201124__0094	2020-11-19	636936.00000000,3823257.00000000,637704.00000000,3824025.00000000
train	005774	lower__20201116_160933_94_222f_3B_AnalyticMS_SR_8b_clip	pm5__20201105_20201124__0094	/scrfs/storage/yikebe/home/research/AR_Crop_Identification/make_dataset/raw_sentinel/pm5/pm5__20201105_20201124__0094	2020-11-19	644616.00000000,3823257.00000000,645384.00000000,3824025.00000000
train	005790	lower__20201116_160933_94_222f_3B_AnalyticMS_SR_8b_clip	pm5__20201105_20201124__0094	/scrfs/storage/yikebe/home/research/AR_Crop_Identification/make_dataset/raw_sentinel/pm5/pm5__20201105_20201124__0094	2020-11-19	646152.00000000,3822489.00000000,646920.00000000,3823257.00000000
train	005806	lower__20201116_160933_94_222f_3B_AnalyticMS_SR_8b_clip	pm5__20201105_20201124__0094	/scrfs/storage/yikebe/home/research/AR_Crop_Identification/make_dataset/raw_sentinel/pm5/pm5__20201105_20201124__0094	2020-11-19	647688.00000000,3822489.00000000,648456.00000000,3823257.00000000
train	005822	lower__20201116_160933_94_222f_3B_AnalyticMS_SR_8b_clip	pm5__20201105_20201124__0094	/scrfs/storage/yikebe/home/research/AR_Crop_Identification/make_dataset/raw_sentinel/pm5/pm5__20201105_20201124__0094	2020-11-19	646152.00000000,3820953.00000000,646920.00000000,3821721.00000000
train	005838	lower__20201117_160558_47_2235_3B_AnalyticMS_SR_8b_clip	pm5__20201105_20201124__0058	/scrfs/storage/yikebe/home/research/AR_Crop_Identification/make_dataset/raw_sentinel/pm5/pm5__20201105_20201124__0058	2020-11-19	582483.00000000,3823209.00000000,583251.00000000,3823977.00000000
train	005854	lower__20201117_160558_47_2235_3B_AnalyticMS_SR_8b_clip	pm5__20201105_20201124__0058	/scrfs/storage/yikebe/home/research/AR_Crop_Identification/make_dataset/raw_sentinel/pm5/pm5__20201105_20201124__0058	2020-11-19	593235.00000000,3823209.00000000,594003.00000000,3823977.00000000
train	005870	lower__20201117_160558_47_2235_3B_AnalyticMS_SR_8b_clip	pm5__20201105_20201124__0058	/scrfs/storage/yikebe/home/research/AR_Crop_Identification/make_dataset/raw_sentinel/pm5/pm5__20201105_20201124__0058	2020-11-19	582483.00000000,3822441.00000000,583251.00000000,3823209.00000000
train	005886	lower__20201117_160558_47_2235_3B_AnalyticMS_SR_8b_clip	pm5__20201105_20201124__0058	/scrfs/storage/yikebe/home/research/AR_Crop_Identification/make_dataset/raw_sentinel/pm5/pm5__20201105_20201124__0058	2020-11-19	583251.00000000,3822441.00000000,584019.00000000,3823209.00000000
train	005902	lower__20201117_160558_47_2235_3B_AnalyticMS_SR_8b_clip	pm5__20201105_20201124__0058	/scrfs/storage/yikebe/home/research/AR_Crop_Identification/make_dataset/raw_sentinel/pm5/pm5__20201105_20201124__0058	2020-11-19	584019.00000000,3822441.00000000,584787.00000000,3823209.00000000
train	005918	lower__20201117_160558_47_2235_3B_AnalyticMS_SR_8b_clip	pm5__20201105_20201124__0058	/scrfs/storage/yikebe/home/research/AR_Crop_Identification/make_dataset/raw_sentinel/pm5/pm5__20201105_20201124__0058	2020-11-19	583251.00000000,3821673.00000000,584019.00000000,3822441.00000000
train	005934	lower__20201117_160558_47_2235_3B_AnalyticMS_SR_8b_clip	pm5__20201105_20201124__0058	/scrfs/storage/yikebe/home/research/AR_Crop_Identification/make_dataset/raw_sentinel/pm5/pm5__20201105_20201124__0058	2020-11-19	584019.00000000,3821673.00000000,584787.00000000,3822441.00000000
train	005950	lower__20201117_160558_47_2235_3B_AnalyticMS_SR_8b_clip	pm5__20201105_20201124__0058	/scrfs/storage/yikebe/home/research/AR_Crop_Identification/make_dataset/raw_sentinel/pm5/pm5__20201105_20201124__0058	2020-11-19	582483.00000000,3820905.00000000,583251.00000000,3821673.00000000
train	005966	lower__20201117_160558_47_2235_3B_AnalyticMS_SR_8b_clip	pm5__20201105_20201124__0058	/scrfs/storage/yikebe/home/research/AR_Crop_Identification/make_dataset/raw_sentinel/pm5/pm5__20201105_20201124__0058	2020-11-19	583251.00000000,3820905.00000000,584019.00000000,3821673.00000000
train	005982	lower__20201117_160558_47_2235_3B_AnalyticMS_SR_8b_clip	pm5__20201105_20201124__0058	/scrfs/storage/yikebe/home/research/AR_Crop_Identification/make_dataset/raw_sentinel/pm5/pm5__20201105_20201124__0058	2020-11-19	581715.00000000,3820137.00000000,582483.00000000,3820905.00000000
train	005998	lower__20201117_160558_47_2235_3B_AnalyticMS_SR_8b_clip	pm5__20201105_20201124__0058	/scrfs/storage/yikebe/home/research/AR_Crop_Identification/make_dataset/raw_sentinel/pm5/pm5__20201105_20201124__0058	2020-11-19	583251.00000000,3820137.00000000,584019.00000000,3820905.00000000
train	006014	lower__20201117_160558_47_2235_3B_AnalyticMS_SR_8b_clip	pm5__20201105_20201124__0058	/scrfs/storage/yikebe/home/research/AR_Crop_Identification/make_dataset/raw_sentinel/pm5/pm5__20201105_20201124__0058	2020-11-19	591699.00000000,3818601.00000000,592467.00000000,3819369.00000000
train	006030	lower__20201117_160558_47_2235_3B_AnalyticMS_SR_8b_clip	pm5__20201105_20201124__0058	/scrfs/storage/yikebe/home/research/AR_Crop_Identification/make_dataset/raw_sentinel/pm5/pm5__20201105_20201124__0058	2020-11-19	591699.00000000,3817833.00000000,592467.00000000,3818601.00000000
train	006046	lower__20201117_160558_47_2235_3B_AnalyticMS_SR_8b_clip	pm5__20201105_20201124__0058	/scrfs/storage/yikebe/home/research/AR_Crop_Identification/make_dataset/raw_sentinel/pm5/pm5__20201105_20201124__0058	2020-11-19	596307.00000000,3817065.00000000,597075.00000000,3817833.00000000
train	006062	lower__20201117_160558_47_2235_3B_AnalyticMS_SR_8b_clip	pm5__20201105_20201124__0058	/scrfs/storage/yikebe/home/research/AR_Crop_Identification/make_dataset/raw_sentinel/pm5/pm5__20201105_20201124__0058	2020-11-19	600147.00000000,3814761.00000000,600915.00000000,3815529.00000000
train	006078	lower__20201117_160558_47_2235_3B_AnalyticMS_SR_8b_clip	pm5__20201105_20201124__0058	/scrfs/storage/yikebe/home/research/AR_Crop_Identification/make_dataset/raw_sentinel/pm5/pm5__20201105_20201124__0058	2020-11-19	588627.00000000,3812457.00000000,589395.00000000,3813225.00000000
train	006094	lower__20201117_160558_47_2235_3B_AnalyticMS_SR_8b_clip	pm5__20201105_20201124__0058	/scrfs/storage/yikebe/home/research/AR_Crop_Identification/make_dataset/raw_sentinel/pm5/pm5__20201105_20201124__0058	2020-11-19	586323.00000000,3811689.00000000,587091.00000000,3812457.00000000
train	006110	lower__20201117_160558_47_2235_3B_AnalyticMS_SR_8b_clip	pm5__20201105_20201124__0058	/scrfs/storage/yikebe/home/research/AR_Crop_Identification/make_dataset/raw_sentinel/pm5/pm5__20201105_20201124__0058	2020-11-19	587091.00000000,3811689.00000000,587859.00000000,3812457.00000000
train	006126	lower__20201117_160558_47_2235_3B_AnalyticMS_SR_8b_clip	pm5__20201105_20201124__0058	/scrfs/storage/yikebe/home/research/AR_Crop_Identification/make_dataset/raw_sentinel/pm5/pm5__20201105_20201124__0058	2020-11-19	587859.00000000,3811689.00000000,588627.00000000,3812457.00000000
train	006142	lower__20201117_160558_47_2235_3B_AnalyticMS_SR_8b_clip	pm5__20201105_20201124__0058	/scrfs/storage/yikebe/home/research/AR_Crop_Identification/make_dataset/raw_sentinel/pm5/pm5__20201105_20201124__0058	2020-11-19	586323.00000000,3810921.00000000,587091.00000000,3811689.00000000
train	006158	lower__20201117_160558_47_2235_3B_AnalyticMS_SR_8b_clip	pm5__20201105_20201124__0058	/scrfs/storage/yikebe/home/research/AR_Crop_Identification/make_dataset/raw_sentinel/pm5/pm5__20201105_20201124__0058	2020-11-19	587091.00000000,3810921.00000000,587859.00000000,3811689.00000000
train	006174	lower__20201117_160558_47_2235_3B_AnalyticMS_SR_8b_clip	pm5__20201105_20201124__0058	/scrfs/storage/yikebe/home/research/AR_Crop_Identification/make_dataset/raw_sentinel/pm5/pm5__20201105_20201124__0058	2020-11-19	587859.00000000,3810921.00000000,588627.00000000,3811689.00000000
train	006190	lower__20201117_160558_47_2235_3B_AnalyticMS_SR_8b_clip	pm5__20201105_20201124__0058	/scrfs/storage/yikebe/home/research/AR_Crop_Identification/make_dataset/raw_sentinel/pm5/pm5__20201105_20201124__0058	2020-11-19	587091.00000000,3810153.00000000,587859.00000000,3810921.00000000
train	006206	lower__20201117_160558_47_2235_3B_AnalyticMS_SR_8b_clip	pm5__20201105_20201124__0058	/scrfs/storage/yikebe/home/research/AR_Crop_Identification/make_dataset/raw_sentinel/pm5/pm5__20201105_20201124__0058	2020-11-19	587859.00000000,3810153.00000000,588627.00000000,3810921.00000000
train	006222	lower__20201117_160558_47_2235_3B_AnalyticMS_SR_8b_clip	pm5__20201105_20201124__0058	/scrfs/storage/yikebe/home/research/AR_Crop_Identification/make_dataset/raw_sentinel/pm5/pm5__20201105_20201124__0058	2020-11-19	588627.00000000,3810153.00000000,589395.00000000,3810921.00000000
train	006238	lower__20201117_160558_47_2235_3B_AnalyticMS_SR_8b_clip	pm5__20201105_20201124__0058	/scrfs/storage/yikebe/home/research/AR_Crop_Identification/make_dataset/raw_sentinel/pm5/pm5__20201105_20201124__0058	2020-11-19	586323.00000000,3809385.00000000,587091.00000000,3810153.00000000
train	006254	lower__20201117_160558_47_2235_3B_AnalyticMS_SR_8b_clip	pm5__20201105_20201124__0058	/scrfs/storage/yikebe/home/research/AR_Crop_Identification/make_dataset/raw_sentinel/pm5/pm5__20201105_20201124__0058	2020-11-19	587091.00000000,3809385.00000000,587859.00000000,3810153.00000000
train	006270	lower__20201117_160558_47_2235_3B_AnalyticMS_SR_8b_clip	pm5__20201105_20201124__0058	/scrfs/storage/yikebe/home/research/AR_Crop_Identification/make_dataset/raw_sentinel/pm5/pm5__20201105_20201124__0058	2020-11-19	587859.00000000,3809385.00000000,588627.00000000,3810153.00000000
train	006286	lower__20201117_160558_47_2235_3B_AnalyticMS_SR_8b_clip	pm5__20201105_20201124__0058	/scrfs/storage/yikebe/home/research/AR_Crop_Identification/make_dataset/raw_sentinel/pm5/pm5__20201105_20201124__0058	2020-11-19	587091.00000000,3808617.00000000,587859.00000000,3809385.00000000
train	006302	lower__20201117_160558_47_2235_3B_AnalyticMS_SR_8b_clip	pm5__20201105_20201124__0058	/scrfs/storage/yikebe/home/research/AR_Crop_Identification/make_dataset/raw_sentinel/pm5/pm5__20201105_20201124__0058	2020-11-19	587859.00000000,3808617.00000000,588627.00000000,3809385.00000000
train	006318	lower__20201117_160558_47_2235_3B_AnalyticMS_SR_8b_clip	pm5__20201105_20201124__0058	/scrfs/storage/yikebe/home/research/AR_Crop_Identification/make_dataset/raw_sentinel/pm5/pm5__20201105_20201124__0058	2020-11-19	587859.00000000,3807849.00000000,588627.00000000,3808617.00000000
train	006334	lower__20201117_160558_47_2235_3B_AnalyticMS_SR_8b_clip	pm5__20201105_20201124__0058	/scrfs/storage/yikebe/home/research/AR_Crop_Identification/make_dataset/raw_sentinel/pm5/pm5__20201105_20201124__0058	2020-11-19	597843.00000000,3804009.00000000,598611.00000000,3804777.00000000
train	006350	lower__20201117_160558_47_2235_3B_AnalyticMS_SR_8b_clip	pm5__20201105_20201124__0058	/scrfs/storage/yikebe/home/research/AR_Crop_Identification/make_dataset/raw_sentinel/pm5/pm5__20201105_20201124__0058	2020-11-19	598611.00000000,3804009.00000000,599379.00000000,3804777.00000000
train	006366	lower__20201117_165350_53_2414_3B_AnalyticMS_SR_8b_clip	pm5__20201105_20201124__0082	/scrfs/storage/yikebe/home/research/AR_Crop_Identification/make_dataset/raw_sentinel/pm5/pm5__20201105_20201124__0082	2020-11-19	639528.00000000,3792702.00000000,640296.00000000,3793470.00000000
train	006382	lower__20201117_165350_53_2414_3B_AnalyticMS_SR_8b_clip	pm5__20201105_20201124__0082	/scrfs/storage/yikebe/home/research/AR_Crop_Identification/make_dataset/raw_sentinel/pm5/pm5__20201105_20201124__0082	2020-11-19	647976.00000000,3792702.00000000,648744.00000000,3793470.00000000
train	006398	lower__20201117_165350_53_2414_3B_AnalyticMS_SR_8b_clip	pm5__20201105_20201124__0082	/scrfs/storage/yikebe/home/research/AR_Crop_Identification/make_dataset/raw_sentinel/pm5/pm5__20201105_20201124__0082	2020-11-19	638760.00000000,3791934.00000000,639528.00000000,3792702.00000000
train	006414	lower__20201117_165350_53_2414_3B_AnalyticMS_SR_8b_clip	pm5__20201105_20201124__0082	/scrfs/storage/yikebe/home/research/AR_Crop_Identification/make_dataset/raw_sentinel/pm5/pm5__20201105_20201124__0082	2020-11-19	647208.00000000,3791934.00000000,647976.00000000,3792702.00000000
train	006430	lower__20201117_165350_53_2414_3B_AnalyticMS_SR_8b_clip	pm5__20201105_20201124__0082	/scrfs/storage/yikebe/home/research/AR_Crop_Identification/make_dataset/raw_sentinel/pm5/pm5__20201105_20201124__0082	2020-11-19	647976.00000000,3791934.00000000,648744.00000000,3792702.00000000
train	006446	lower__20201117_165350_53_2414_3B_AnalyticMS_SR_8b_clip	pm5__20201105_20201124__0082	/scrfs/storage/yikebe/home/research/AR_Crop_Identification/make_dataset/raw_sentinel/pm5/pm5__20201105_20201124__0082	2020-11-19	639528.00000000,3791166.00000000,640296.00000000,3791934.00000000
train	006462	lower__20201117_165350_53_2414_3B_AnalyticMS_SR_8b_clip	pm5__20201105_20201124__0082	/scrfs/storage/yikebe/home/research/AR_Crop_Identification/make_dataset/raw_sentinel/pm5/pm5__20201105_20201124__0082	2020-11-19	639528.00000000,3790398.00000000,640296.00000000,3791166.00000000
train	006478	lower__20201117_165350_53_2414_3B_AnalyticMS_SR_8b_clip	pm5__20201105_20201124__0082	/scrfs/storage/yikebe/home/research/AR_Crop_Identification/make_dataset/raw_sentinel/pm5/pm5__20201105_20201124__0082	2020-11-19	617256.00000000,3789630.00000000,618024.00000000,3790398.00000000
train	006494	lower__20201117_165350_53_2414_3B_AnalyticMS_SR_8b_clip	pm5__20201105_20201124__0082	/scrfs/storage/yikebe/home/research/AR_Crop_Identification/make_dataset/raw_sentinel/pm5/pm5__20201105_20201124__0082	2020-11-19	618792.00000000,3789630.00000000,619560.00000000,3790398.00000000
train	006510	lower__20201117_165350_53_2414_3B_AnalyticMS_SR_8b_clip	pm5__20201105_20201124__0082	/scrfs/storage/yikebe/home/research/AR_Crop_Identification/make_dataset/raw_sentinel/pm5/pm5__20201105_20201124__0082	2020-11-19	651048.00000000,3788862.00000000,651816.00000000,3789630.00000000
train	006526	lower__20201117_165350_53_2414_3B_AnalyticMS_SR_8b_clip	pm5__20201105_20201124__0082	/scrfs/storage/yikebe/home/research/AR_Crop_Identification/make_dataset/raw_sentinel/pm5/pm5__20201105_20201124__0082	2020-11-19	619560.00000000,3788094.00000000,620328.00000000,3788862.00000000
train	006542	lower__20201117_165350_53_2414_3B_AnalyticMS_SR_8b_clip	pm5__20201105_20201124__0082	/scrfs/storage/yikebe/home/research/AR_Crop_Identification/make_dataset/raw_sentinel/pm5/pm5__20201105_20201124__0082	2020-11-19	650280.00000000,3788094.00000000,651048.00000000,3788862.00000000
train	006558	lower__20201117_165350_53_2414_3B_AnalyticMS_SR_8b_clip	pm5__20201105_20201124__0082	/scrfs/storage/yikebe/home/research/AR_Crop_Identification/make_dataset/raw_sentinel/pm5/pm5__20201105_20201124__0082	2020-11-19	617256.00000000,3785790.00000000,618024.00000000,3786558.00000000
train	006574	lower__20201117_165350_53_2414_3B_AnalyticMS_SR_8b_clip	pm5__20201105_20201124__0082	/scrfs/storage/yikebe/home/research/AR_Crop_Identification/make_dataset/raw_sentinel/pm5/pm5__20201105_20201124__0082	2020-11-19	618024.00000000,3784254.00000000,618792.00000000,3785022.00000000
train	006590	lower__20201117_165350_53_2414_3B_AnalyticMS_SR_8b_clip	pm5__20201105_20201124__0082	/scrfs/storage/yikebe/home/research/AR_Crop_Identification/make_dataset/raw_sentinel/pm5/pm5__20201105_20201124__0082	2020-11-19	626472.00000000,3783486.00000000,627240.00000000,3784254.00000000
train	006606	lower__20201117_165350_53_2414_3B_AnalyticMS_SR_8b_clip	pm5__20201105_20201124__0082	/scrfs/storage/yikebe/home/research/AR_Crop_Identification/make_dataset/raw_sentinel/pm5/pm5__20201105_20201124__0082	2020-11-19	621864.00000000,3782718.00000000,622632.00000000,3783486.00000000
train	006622	lower__20201117_165350_53_2414_3B_AnalyticMS_SR_8b_clip	pm5__20201105_20201124__0082	/scrfs/storage/yikebe/home/research/AR_Crop_Identification/make_dataset/raw_sentinel/pm5/pm5__20201105_20201124__0082	2020-11-19	625704.00000000,3782718.00000000,626472.00000000,3783486.00000000
train	006638	lower__20201117_165350_53_2414_3B_AnalyticMS_SR_8b_clip	pm5__20201105_20201124__0082	/scrfs/storage/yikebe/home/research/AR_Crop_Identification/make_dataset/raw_sentinel/pm5/pm5__20201105_20201124__0082	2020-11-19	638760.00000000,3782718.00000000,639528.00000000,3783486.00000000
train	006654	lower__20201117_165350_53_2414_3B_AnalyticMS_SR_8b_clip	pm5__20201105_20201124__0082	/scrfs/storage/yikebe/home/research/AR_Crop_Identification/make_dataset/raw_sentinel/pm5/pm5__20201105_20201124__0082	2020-11-19	639528.00000000,3782718.00000000,640296.00000000,3783486.00000000
train	006670	lower__20201117_165350_53_2414_3B_AnalyticMS_SR_8b_clip	pm5__20201105_20201124__0082	/scrfs/storage/yikebe/home/research/AR_Crop_Identification/make_dataset/raw_sentinel/pm5/pm5__20201105_20201124__0082	2020-11-19	650280.00000000,3781950.00000000,651048.00000000,3782718.00000000
train	006686	lower__20201117_165350_53_2414_3B_AnalyticMS_SR_8b_clip	pm5__20201105_20201124__0082	/scrfs/storage/yikebe/home/research/AR_Crop_Identification/make_dataset/raw_sentinel/pm5/pm5__20201105_20201124__0082	2020-11-19	622632.00000000,3781182.00000000,623400.00000000,3781950.00000000
train	006702	lower__20201117_165350_53_2414_3B_AnalyticMS_SR_8b_clip	pm5__20201105_20201124__0082	/scrfs/storage/yikebe/home/research/AR_Crop_Identification/make_dataset/raw_sentinel/pm5/pm5__20201105_20201124__0082	2020-11-19	623400.00000000,3781182.00000000,624168.00000000,3781950.00000000
train	006718	lower__20201117_165350_53_2414_3B_AnalyticMS_SR_8b_clip	pm5__20201105_20201124__0082	/scrfs/storage/yikebe/home/research/AR_Crop_Identification/make_dataset/raw_sentinel/pm5/pm5__20201105_20201124__0082	2020-11-19	647976.00000000,3781182.00000000,648744.00000000,3781950.00000000
train	006734	lower__20201117_165350_53_2414_3B_AnalyticMS_SR_8b_clip	pm5__20201105_20201124__0082	/scrfs/storage/yikebe/home/research/AR_Crop_Identification/make_dataset/raw_sentinel/pm5/pm5__20201105_20201124__0082	2020-11-19	650280.00000000,3781182.00000000,651048.00000000,3781950.00000000
train	006750	lower__20201117_165350_53_2414_3B_AnalyticMS_SR_8b_clip	pm5__20201105_20201124__0082	/scrfs/storage/yikebe/home/research/AR_Crop_Identification/make_dataset/raw_sentinel/pm5/pm5__20201105_20201124__0082	2020-11-19	623400.00000000,3780414.00000000,624168.00000000,3781182.00000000
train	006766	lower__20201117_165350_53_2414_3B_AnalyticMS_SR_8b_clip	pm5__20201105_20201124__0082	/scrfs/storage/yikebe/home/research/AR_Crop_Identification/make_dataset/raw_sentinel/pm5/pm5__20201105_20201124__0082	2020-11-19	624168.00000000,3780414.00000000,624936.00000000,3781182.00000000
train	006782	lower__20201117_165350_53_2414_3B_AnalyticMS_SR_8b_clip	pm5__20201105_20201124__0082	/scrfs/storage/yikebe/home/research/AR_Crop_Identification/make_dataset/raw_sentinel/pm5/pm5__20201105_20201124__0082	2020-11-19	624936.00000000,3780414.00000000,625704.00000000,3781182.00000000
train	006798	lower__20201117_165350_53_2414_3B_AnalyticMS_SR_8b_clip	pm5__20201105_20201124__0082	/scrfs/storage/yikebe/home/research/AR_Crop_Identification/make_dataset/raw_sentinel/pm5/pm5__20201105_20201124__0082	2020-11-19	647976.00000000,3780414.00000000,648744.00000000,3781182.00000000
train	006814	lower__20201117_165350_53_2414_3B_AnalyticMS_SR_8b_clip	pm5__20201105_20201124__0082	/scrfs/storage/yikebe/home/research/AR_Crop_Identification/make_dataset/raw_sentinel/pm5/pm5__20201105_20201124__0082	2020-11-19	648744.00000000,3780414.00000000,649512.00000000,3781182.00000000
train	006830	lower__20201117_165350_53_2414_3B_AnalyticMS_SR_8b_clip	pm5__20201105_20201124__0082	/scrfs/storage/yikebe/home/research/AR_Crop_Identification/make_dataset/raw_sentinel/pm5/pm5__20201105_20201124__0082	2020-11-19	628008.00000000,3779646.00000000,628776.00000000,3780414.00000000
train	006846	lower__20201117_165350_53_2414_3B_AnalyticMS_SR_8b_clip	pm5__20201105_20201124__0082	/scrfs/storage/yikebe/home/research/AR_Crop_Identification/make_dataset/raw_sentinel/pm5/pm5__20201105_20201124__0082	2020-11-19	628776.00000000,3779646.00000000,629544.00000000,3780414.00000000
train	006862	lower__20201117_165350_53_2414_3B_AnalyticMS_SR_8b_clip	pm5__20201105_20201124__0082	/scrfs/storage/yikebe/home/research/AR_Crop_Identification/make_dataset/raw_sentinel/pm5/pm5__20201105_20201124__0082	2020-11-19	645672.00000000,3779646.00000000,646440.00000000,3780414.00000000
train	006878	lower__20201117_165350_53_2414_3B_AnalyticMS_SR_8b_clip	pm5__20201105_20201124__0082	/scrfs/storage/yikebe/home/research/AR_Crop_Identification/make_dataset/raw_sentinel/pm5/pm5__20201105_20201124__0082	2020-11-19	650280.00000000,3779646.00000000,651048.00000000,3780414.00000000
train	006894	lower__20201117_165350_53_2414_3B_AnalyticMS_SR_8b_clip	pm5__20201105_20201124__0082	/scrfs/storage/yikebe/home/research/AR_Crop_Identification/make_dataset/raw_sentinel/pm5/pm5__20201105_20201124__0082	2020-11-19	637224.00000000,3776574.00000000,637992.00000000,3777342.00000000
train	006910	lower__20201117_165350_53_2414_3B_AnalyticMS_SR_8b_clip	pm5__20201105_20201124__0082	/scrfs/storage/yikebe/home/research/AR_Crop_Identification/make_dataset/raw_sentinel/pm5/pm5__20201105_20201124__0082	2020-11-19	637992.00000000,3776574.00000000,638760.00000000,3777342.00000000
train	006926	lower__20201117_165350_53_2414_3B_AnalyticMS_SR_8b_clip	pm5__20201105_20201124__0082	/scrfs/storage/yikebe/home/research/AR_Crop_Identification/make_dataset/raw_sentinel/pm5/pm5__20201105_20201124__0082	2020-11-19	639528.00000000,3776574.00000000,640296.00000000,3777342.00000000
train	006942	lower__20201117_165350_53_2414_3B_AnalyticMS_SR_8b_clip	pm5__20201105_20201124__0082	/scrfs/storage/yikebe/home/research/AR_Crop_Identification/make_dataset/raw_sentinel/pm5/pm5__20201105_20201124__0082	2020-11-19	640296.00000000,3776574.00000000,641064.00000000,3777342.00000000
train	006958	lower__20201117_165350_53_2414_3B_AnalyticMS_SR_8b_clip	pm5__20201105_20201124__0082	/scrfs/storage/yikebe/home/research/AR_Crop_Identification/make_dataset/raw_sentinel/pm5/pm5__20201105_20201124__0082	2020-11-19	641064.00000000,3776574.00000000,641832.00000000,3777342.00000000
train	006974	lower__20201117_165350_53_2414_3B_AnalyticMS_SR_8b_clip	pm5__20201105_20201124__0082	/scrfs/storage/yikebe/home/research/AR_Crop_Identification/make_dataset/raw_sentinel/pm5/pm5__20201105_20201124__0082	2020-11-19	641064.00000000,3775806.00000000,641832.00000000,3776574.00000000
train	006990	lower__20201117_165350_53_2414_3B_AnalyticMS_SR_8b_clip	pm5__20201105_20201124__0082	/scrfs/storage/yikebe/home/research/AR_Crop_Identification/make_dataset/raw_sentinel/pm5/pm5__20201105_20201124__0082	2020-11-19	645672.00000000,3775038.00000000,646440.00000000,3775806.00000000
train	007006	lower__20201118_155737_21_222b_3B_AnalyticMS_SR_8b_clip	pm5__20201105_20201124__0129	/scrfs/storage/yikebe/home/research/AR_Crop_Identification/make_dataset/raw_sentinel/pm5/pm5__20201105_20201124__0129	2020-11-21	723006.00000000,3763260.00000000,723774.00000000,3764028.00000000
train	007022	lower__20201118_155737_21_222b_3B_AnalyticMS_SR_8b_clip	pm5__20201105_20201124__0129	/scrfs/storage/yikebe/home/research/AR_Crop_Identification/make_dataset/raw_sentinel/pm5/pm5__20201105_20201124__0129	2020-11-21	721470.00000000,3760956.00000000,722238.00000000,3761724.00000000
train	007038	lower__20201118_155737_21_222b_3B_AnalyticMS_SR_8b_clip	pm5__20201105_20201124__0129	/scrfs/storage/yikebe/home/research/AR_Crop_Identification/make_dataset/raw_sentinel/pm5/pm5__20201105_20201124__0129	2020-11-21	723006.00000000,3760956.00000000,723774.00000000,3761724.00000000
train	007054	lower__20201118_155737_21_222b_3B_AnalyticMS_SR_8b_clip	pm5__20201105_20201124__0129	/scrfs/storage/yikebe/home/research/AR_Crop_Identification/make_dataset/raw_sentinel/pm5/pm5__20201105_20201124__0129	2020-11-21	722238.00000000,3760188.00000000,723006.00000000,3760956.00000000
train	007070	lower__20201118_155737_21_222b_3B_AnalyticMS_SR_8b_clip	pm5__20201105_20201124__0129	/scrfs/storage/yikebe/home/research/AR_Crop_Identification/make_dataset/raw_sentinel/pm5/pm5__20201105_20201124__0129	2020-11-21	723006.00000000,3760188.00000000,723774.00000000,3760956.00000000
train	007086	lower__20201118_155737_21_222b_3B_AnalyticMS_SR_8b_clip	pm5__20201105_20201124__0129	/scrfs/storage/yikebe/home/research/AR_Crop_Identification/make_dataset/raw_sentinel/pm5/pm5__20201105_20201124__0129	2020-11-21	733758.00000000,3760188.00000000,734526.00000000,3760956.00000000
train	007102	lower__20201118_155737_21_222b_3B_AnalyticMS_SR_8b_clip	pm5__20201105_20201124__0129	/scrfs/storage/yikebe/home/research/AR_Crop_Identification/make_dataset/raw_sentinel/pm5/pm5__20201105_20201124__0129	2020-11-21	732990.00000000,3759420.00000000,733758.00000000,3760188.00000000
train	007118	lower__20201118_155737_21_222b_3B_AnalyticMS_SR_8b_clip	pm5__20201105_20201124__0129	/scrfs/storage/yikebe/home/research/AR_Crop_Identification/make_dataset/raw_sentinel/pm5/pm5__20201105_20201124__0129	2020-11-21	732990.00000000,3758652.00000000,733758.00000000,3759420.00000000
train	007134	lower__20201118_155737_21_222b_3B_AnalyticMS_SR_8b_clip	pm5__20201105_20201124__0129	/scrfs/storage/yikebe/home/research/AR_Crop_Identification/make_dataset/raw_sentinel/pm5/pm5__20201105_20201124__0129	2020-11-21	725310.00000000,3757884.00000000,726078.00000000,3758652.00000000
train	007150	lower__20201118_155737_21_222b_3B_AnalyticMS_SR_8b_clip	pm5__20201105_20201124__0129	/scrfs/storage/yikebe/home/research/AR_Crop_Identification/make_dataset/raw_sentinel/pm5/pm5__20201105_20201124__0129	2020-11-21	723774.00000000,3757116.00000000,724542.00000000,3757884.00000000
train	007166	lower__20201118_155737_21_222b_3B_AnalyticMS_SR_8b_clip	pm5__20201105_20201124__0129	/scrfs/storage/yikebe/home/research/AR_Crop_Identification/make_dataset/raw_sentinel/pm5/pm5__20201105_20201124__0129	2020-11-21	724542.00000000,3757116.00000000,725310.00000000,3757884.00000000
train	007182	lower__20201118_155737_21_222b_3B_AnalyticMS_SR_8b_clip	pm5__20201105_20201124__0129	/scrfs/storage/yikebe/home/research/AR_Crop_Identification/make_dataset/raw_sentinel/pm5/pm5__20201105_20201124__0129	2020-11-21	752190.00000000,3756348.00000000,752958.00000000,3757116.00000000
train	007198	lower__20201118_155737_21_222b_3B_AnalyticMS_SR_8b_clip	pm5__20201105_20201124__0129	/scrfs/storage/yikebe/home/research/AR_Crop_Identification/make_dataset/raw_sentinel/pm5/pm5__20201105_20201124__0129	2020-11-21	735294.00000000,3750972.00000000,736062.00000000,3751740.00000000
train	007214	lower__20201118_155737_21_222b_3B_AnalyticMS_SR_8b_clip	pm5__20201105_20201124__0129	/scrfs/storage/yikebe/home/research/AR_Crop_Identification/make_dataset/raw_sentinel/pm5/pm5__20201105_20201124__0129	2020-11-21	736062.00000000,3749436.00000000,736830.00000000,3750204.00000000
train	007230	lower__20201118_155737_21_222b_3B_AnalyticMS_SR_8b_clip	pm5__20201105_20201124__0129	/scrfs/storage/yikebe/home/research/AR_Crop_Identification/make_dataset/raw_sentinel/pm5/pm5__20201105_20201124__0129	2020-11-21	745278.00000000,3747132.00000000,746046.00000000,3747900.00000000
train	007246	lower__20201118_155737_21_222b_3B_AnalyticMS_SR_8b_clip	pm5__20201105_20201124__0129	/scrfs/storage/yikebe/home/research/AR_Crop_Identification/make_dataset/raw_sentinel/pm5/pm5__20201105_20201124__0129	2020-11-21	742974.00000000,3745596.00000000,743742.00000000,3746364.00000000
train	007262	lower__20201119_160554_04_2271_3B_AnalyticMS_SR_8b_clip	pm5__20201105_20201124__0099	/scrfs/storage/yikebe/home/research/AR_Crop_Identification/make_dataset/raw_sentinel/pm5/pm5__20201105_20201124__0099	2020-11-19	660543.00000000,3734580.00000000,661311.00000000,3735348.00000000
train	007278	lower__20201119_160554_04_2271_3B_AnalyticMS_SR_8b_clip	pm5__20201105_20201124__0099	/scrfs/storage/yikebe/home/research/AR_Crop_Identification/make_dataset/raw_sentinel/pm5/pm5__20201105_20201124__0099	2020-11-19	659007.00000000,3733044.00000000,659775.00000000,3733812.00000000
train	007294	lower__20201119_160554_04_2271_3B_AnalyticMS_SR_8b_clip	pm5__20201105_20201124__0099	/scrfs/storage/yikebe/home/research/AR_Crop_Identification/make_dataset/raw_sentinel/pm5/pm5__20201105_20201124__0099	2020-11-19	662079.00000000,3733044.00000000,662847.00000000,3733812.00000000
train	007310	lower__20201119_160554_04_2271_3B_AnalyticMS_SR_8b_clip	pm5__20201105_20201124__0099	/scrfs/storage/yikebe/home/research/AR_Crop_Identification/make_dataset/raw_sentinel/pm5/pm5__20201105_20201124__0099	2020-11-19	659007.00000000,3732276.00000000,659775.00000000,3733044.00000000
train	007326	lower__20201119_160554_04_2271_3B_AnalyticMS_SR_8b_clip	pm5__20201105_20201124__0099	/scrfs/storage/yikebe/home/research/AR_Crop_Identification/make_dataset/raw_sentinel/pm5/pm5__20201105_20201124__0099	2020-11-19	662079.00000000,3732276.00000000,662847.00000000,3733044.00000000
train	007342	lower__20201119_160554_04_2271_3B_AnalyticMS_SR_8b_clip	pm5__20201105_20201124__0099	/scrfs/storage/yikebe/home/research/AR_Crop_Identification/make_dataset/raw_sentinel/pm5/pm5__20201105_20201124__0099	2020-11-19	662847.00000000,3732276.00000000,663615.00000000,3733044.00000000
train	007358	lower__20201119_160554_04_2271_3B_AnalyticMS_SR_8b_clip	pm5__20201105_20201124__0099	/scrfs/storage/yikebe/home/research/AR_Crop_Identification/make_dataset/raw_sentinel/pm5/pm5__20201105_20201124__0099	2020-11-19	662079.00000000,3729972.00000000,662847.00000000,3730740.00000000
train	007374	lower__20201119_160554_04_2271_3B_AnalyticMS_SR_8b_clip	pm5__20201105_20201124__0099	/scrfs/storage/yikebe/home/research/AR_Crop_Identification/make_dataset/raw_sentinel/pm5/pm5__20201105_20201124__0099	2020-11-19	661311.00000000,3728436.00000000,662079.00000000,3729204.00000000
train	007390	lower__20201119_160554_04_2271_3B_AnalyticMS_SR_8b_clip	pm5__20201105_20201124__0099	/scrfs/storage/yikebe/home/research/AR_Crop_Identification/make_dataset/raw_sentinel/pm5/pm5__20201105_20201124__0099	2020-11-19	661311.00000000,3727668.00000000,662079.00000000,3728436.00000000
train	007406	lower__20201119_160554_04_2271_3B_AnalyticMS_SR_8b_clip	pm5__20201105_20201124__0099	/scrfs/storage/yikebe/home/research/AR_Crop_Identification/make_dataset/raw_sentinel/pm5/pm5__20201105_20201124__0099	2020-11-19	661311.00000000,3725364.00000000,662079.00000000,3726132.00000000
train	007422	lower__20201119_160554_04_2271_3B_AnalyticMS_SR_8b_clip	pm5__20201105_20201124__0099	/scrfs/storage/yikebe/home/research/AR_Crop_Identification/make_dataset/raw_sentinel/pm5/pm5__20201105_20201124__0099	2020-11-19	662079.00000000,3725364.00000000,662847.00000000,3726132.00000000
train	007438	lower__20201119_160554_04_2271_3B_AnalyticMS_SR_8b_clip	pm5__20201105_20201124__0099	/scrfs/storage/yikebe/home/research/AR_Crop_Identification/make_dataset/raw_sentinel/pm5/pm5__20201105_20201124__0099	2020-11-19	660543.00000000,3724596.00000000,661311.00000000,3725364.00000000
train	007454	lower__20201119_160554_04_2271_3B_AnalyticMS_SR_8b_clip	pm5__20201105_20201124__0099	/scrfs/storage/yikebe/home/research/AR_Crop_Identification/make_dataset/raw_sentinel/pm5/pm5__20201105_20201124__0099	2020-11-19	661311.00000000,3724596.00000000,662079.00000000,3725364.00000000
train	007470	lower__20201119_160554_04_2271_3B_AnalyticMS_SR_8b_clip	pm5__20201105_20201124__0099	/scrfs/storage/yikebe/home/research/AR_Crop_Identification/make_dataset/raw_sentinel/pm5/pm5__20201105_20201124__0099	2020-11-19	662079.00000000,3724596.00000000,662847.00000000,3725364.00000000
train	007486	lower__20201119_160554_04_2271_3B_AnalyticMS_SR_8b_clip	pm5__20201105_20201124__0099	/scrfs/storage/yikebe/home/research/AR_Crop_Identification/make_dataset/raw_sentinel/pm5/pm5__20201105_20201124__0099	2020-11-19	662847.00000000,3724596.00000000,663615.00000000,3725364.00000000
train	007502	lower__20201119_160554_04_2271_3B_AnalyticMS_SR_8b_clip	pm5__20201105_20201124__0099	/scrfs/storage/yikebe/home/research/AR_Crop_Identification/make_dataset/raw_sentinel/pm5/pm5__20201105_20201124__0099	2020-11-19	658239.00000000,3723828.00000000,659007.00000000,3724596.00000000
train	007518	lower__20201119_160554_04_2271_3B_AnalyticMS_SR_8b_clip	pm5__20201105_20201124__0099	/scrfs/storage/yikebe/home/research/AR_Crop_Identification/make_dataset/raw_sentinel/pm5/pm5__20201105_20201124__0099	2020-11-19	661311.00000000,3723828.00000000,662079.00000000,3724596.00000000
train	007534	lower__20201119_160554_04_2271_3B_AnalyticMS_SR_8b_clip	pm5__20201105_20201124__0099	/scrfs/storage/yikebe/home/research/AR_Crop_Identification/make_dataset/raw_sentinel/pm5/pm5__20201105_20201124__0099	2020-11-19	662079.00000000,3723828.00000000,662847.00000000,3724596.00000000
train	007550	lower__20201119_160554_04_2271_3B_AnalyticMS_SR_8b_clip	pm5__20201105_20201124__0099	/scrfs/storage/yikebe/home/research/AR_Crop_Identification/make_dataset/raw_sentinel/pm5/pm5__20201105_20201124__0099	2020-11-19	662079.00000000,3723060.00000000,662847.00000000,3723828.00000000
train	007566	lower__20201119_160554_04_2271_3B_AnalyticMS_SR_8b_clip	pm5__20201105_20201124__0099	/scrfs/storage/yikebe/home/research/AR_Crop_Identification/make_dataset/raw_sentinel/pm5/pm5__20201105_20201124__0099	2020-11-19	653631.00000000,3721524.00000000,654399.00000000,3722292.00000000
train	007582	lower__20201119_160554_04_2271_3B_AnalyticMS_SR_8b_clip	pm5__20201105_20201124__0099	/scrfs/storage/yikebe/home/research/AR_Crop_Identification/make_dataset/raw_sentinel/pm5/pm5__20201105_20201124__0099	2020-11-19	654399.00000000,3719988.00000000,655167.00000000,3720756.00000000
train	007598	lower__20201119_160554_04_2271_3B_AnalyticMS_SR_8b_clip	pm5__20201105_20201124__0099	/scrfs/storage/yikebe/home/research/AR_Crop_Identification/make_dataset/raw_sentinel/pm5/pm5__20201105_20201124__0099	2020-11-19	659775.00000000,3719988.00000000,660543.00000000,3720756.00000000
train	007614	lower__20201119_160554_04_2271_3B_AnalyticMS_SR_8b_clip	pm5__20201105_20201124__0099	/scrfs/storage/yikebe/home/research/AR_Crop_Identification/make_dataset/raw_sentinel/pm5/pm5__20201105_20201124__0099	2020-11-19	659775.00000000,3719220.00000000,660543.00000000,3719988.00000000
train	007630	lower__20201119_164806_33_240a_3B_AnalyticMS_SR_8b_clip	pm5__20201105_20201124__0121	/scrfs/storage/yikebe/home/research/AR_Crop_Identification/make_dataset/raw_sentinel/pm5/pm5__20201105_20201124__0121	2020-11-21	722004.00000000,3654729.00000000,722772.00000000,3655497.00000000
train	007646	lower__20201119_165208_74_225b_3B_AnalyticMS_SR_8b_clip	pm5__20201105_20201124__0133	/scrfs/storage/yikebe/home/research/AR_Crop_Identification/make_dataset/raw_sentinel/pm5/pm5__20201105_20201124__0133	2020-11-21	761667.00000000,3756051.00000000,762435.00000000,3756819.00000000
train	007662	lower__20201119_165208_74_225b_3B_AnalyticMS_SR_8b_clip	pm5__20201105_20201124__0133	/scrfs/storage/yikebe/home/research/AR_Crop_Identification/make_dataset/raw_sentinel/pm5/pm5__20201105_20201124__0133	2020-11-21	767811.00000000,3756051.00000000,768579.00000000,3756819.00000000
train	007678	lower__20201119_165208_74_225b_3B_AnalyticMS_SR_8b_clip	pm5__20201105_20201124__0133	/scrfs/storage/yikebe/home/research/AR_Crop_Identification/make_dataset/raw_sentinel/pm5/pm5__20201105_20201124__0133	2020-11-21	768579.00000000,3756051.00000000,769347.00000000,3756819.00000000
train	007694	lower__20201119_165208_74_225b_3B_AnalyticMS_SR_8b_clip	pm5__20201105_20201124__0133	/scrfs/storage/yikebe/home/research/AR_Crop_Identification/make_dataset/raw_sentinel/pm5/pm5__20201105_20201124__0133	2020-11-21	767811.00000000,3755283.00000000,768579.00000000,3756051.00000000
train	007710	lower__20201119_165208_74_225b_3B_AnalyticMS_SR_8b_clip	pm5__20201105_20201124__0133	/scrfs/storage/yikebe/home/research/AR_Crop_Identification/make_dataset/raw_sentinel/pm5/pm5__20201105_20201124__0133	2020-11-21	763203.00000000,3752979.00000000,763971.00000000,3753747.00000000
train	007726	lower__20201119_165208_74_225b_3B_AnalyticMS_SR_8b_clip	pm5__20201105_20201124__0133	/scrfs/storage/yikebe/home/research/AR_Crop_Identification/make_dataset/raw_sentinel/pm5/pm5__20201105_20201124__0133	2020-11-21	760899.00000000,3752211.00000000,761667.00000000,3752979.00000000
train	007742	lower__20201119_165208_74_225b_3B_AnalyticMS_SR_8b_clip	pm5__20201105_20201124__0133	/scrfs/storage/yikebe/home/research/AR_Crop_Identification/make_dataset/raw_sentinel/pm5/pm5__20201105_20201124__0133	2020-11-21	734787.00000000,3751443.00000000,735555.00000000,3752211.00000000
train	007758	lower__20201119_165208_74_225b_3B_AnalyticMS_SR_8b_clip	pm5__20201105_20201124__0133	/scrfs/storage/yikebe/home/research/AR_Crop_Identification/make_dataset/raw_sentinel/pm5/pm5__20201105_20201124__0133	2020-11-21	734787.00000000,3750675.00000000,735555.00000000,3751443.00000000
train	007774	lower__20201119_165208_74_225b_3B_AnalyticMS_SR_8b_clip	pm5__20201105_20201124__0133	/scrfs/storage/yikebe/home/research/AR_Crop_Identification/make_dataset/raw_sentinel/pm5/pm5__20201105_20201124__0133	2020-11-21	760131.00000000,3750675.00000000,760899.00000000,3751443.00000000
train	007790	lower__20201119_165208_74_225b_3B_AnalyticMS_SR_8b_clip	pm5__20201105_20201124__0133	/scrfs/storage/yikebe/home/research/AR_Crop_Identification/make_dataset/raw_sentinel/pm5/pm5__20201105_20201124__0133	2020-11-21	763971.00000000,3749907.00000000,764739.00000000,3750675.00000000
train	007806	lower__20201119_165208_74_225b_3B_AnalyticMS_SR_8b_clip	pm5__20201105_20201124__0133	/scrfs/storage/yikebe/home/research/AR_Crop_Identification/make_dataset/raw_sentinel/pm5/pm5__20201105_20201124__0133	2020-11-21	763203.00000000,3749139.00000000,763971.00000000,3749907.00000000
train	007822	lower__20201119_165208_74_225b_3B_AnalyticMS_SR_8b_clip	pm5__20201105_20201124__0133	/scrfs/storage/yikebe/home/research/AR_Crop_Identification/make_dataset/raw_sentinel/pm5/pm5__20201105_20201124__0133	2020-11-21	763971.00000000,3749139.00000000,764739.00000000,3749907.00000000
train	007838	lower__20201119_165208_74_225b_3B_AnalyticMS_SR_8b_clip	pm5__20201105_20201124__0133	/scrfs/storage/yikebe/home/research/AR_Crop_Identification/make_dataset/raw_sentinel/pm5/pm5__20201105_20201124__0133	2020-11-21	763203.00000000,3748371.00000000,763971.00000000,3749139.00000000
train	007854	lower__20201119_165208_74_225b_3B_AnalyticMS_SR_8b_clip	pm5__20201105_20201124__0133	/scrfs/storage/yikebe/home/research/AR_Crop_Identification/make_dataset/raw_sentinel/pm5/pm5__20201105_20201124__0133	2020-11-21	763971.00000000,3748371.00000000,764739.00000000,3749139.00000000
train	007870	lower__20201119_165208_74_225b_3B_AnalyticMS_SR_8b_clip	pm5__20201105_20201124__0133	/scrfs/storage/yikebe/home/research/AR_Crop_Identification/make_dataset/raw_sentinel/pm5/pm5__20201105_20201124__0133	2020-11-21	763203.00000000,3747603.00000000,763971.00000000,3748371.00000000
train	007886	lower__20201119_165208_74_225b_3B_AnalyticMS_SR_8b_clip	pm5__20201105_20201124__0133	/scrfs/storage/yikebe/home/research/AR_Crop_Identification/make_dataset/raw_sentinel/pm5/pm5__20201105_20201124__0133	2020-11-21	759363.00000000,3746835.00000000,760131.00000000,3747603.00000000
train	007902	lower__20201119_165208_74_225b_3B_AnalyticMS_SR_8b_clip	pm5__20201105_20201124__0133	/scrfs/storage/yikebe/home/research/AR_Crop_Identification/make_dataset/raw_sentinel/pm5/pm5__20201105_20201124__0133	2020-11-21	760131.00000000,3746835.00000000,760899.00000000,3747603.00000000
train	007918	lower__20201119_165208_74_225b_3B_AnalyticMS_SR_8b_clip	pm5__20201105_20201124__0133	/scrfs/storage/yikebe/home/research/AR_Crop_Identification/make_dataset/raw_sentinel/pm5/pm5__20201105_20201124__0133	2020-11-21	766275.00000000,3746835.00000000,767043.00000000,3747603.00000000
train	007934	lower__20201119_165208_74_225b_3B_AnalyticMS_SR_8b_clip	pm5__20201105_20201124__0133	/scrfs/storage/yikebe/home/research/AR_Crop_Identification/make_dataset/raw_sentinel/pm5/pm5__20201105_20201124__0133	2020-11-21	736323.00000000,3746067.00000000,737091.00000000,3746835.00000000
train	007950	lower__20201119_165208_74_225b_3B_AnalyticMS_SR_8b_clip	pm5__20201105_20201124__0133	/scrfs/storage/yikebe/home/research/AR_Crop_Identification/make_dataset/raw_sentinel/pm5/pm5__20201105_20201124__0133	2020-11-21	766275.00000000,3746067.00000000,767043.00000000,3746835.00000000
