split	sample_id	scene_id	sentinel_request_id	sentinel_request_root	sentinel_date	planet_bounds
train	000002	lower__20200326_160105_88_2277_3B_AnalyticMS_SR_8b_clip	pm5__20200311_20200331__0003	/scrfs/storage/yikebe/home/research/AR_Crop_Identification/make_dataset/raw_sentinel/pm5/pm5__20200311_20200331__0003	2020-03-26	637644.00000000,3824631.00000000,638412.00000000,3825399.00000000
train	000018	lower__20200326_160105_88_2277_3B_AnalyticMS_SR_8b_clip	pm5__20200311_20200331__0003	/scrfs/storage/yikebe/home/research/AR_Crop_Identification/make_dataset/raw_sentinel/pm5/pm5__20200311_20200331__0003	2020-03-26	626124.00000000,3823863.00000000,626892.00000000,3824631.00000000
train	000034	lower__20200326_160105_88_2277_3B_AnalyticMS_SR_8b_clip	pm5__20200311_20200331__0003	/scrfs/storage/yikebe/home/research/AR_Crop_Identification/make_dataset/raw_sentinel/pm5/pm5__20200311_20200331__0003	2020-03-26	635340.00000000,3823863.00000000,636108.00000000,3824631.00000000
train	000050	lower__20200326_160105_88_2277_3B_AnalyticMS_SR_8b_clip	pm5__20200311_20200331__0003	/scrfs/storage/yikebe/home/research/AR_Crop_Identification/make_dataset/raw_sentinel/pm5/pm5__20200311_20200331__0003	2020-03-26	642252.00000000,3823863.00000000,643020.00000000,3824631.00000000
train	000066	lower__20200326_160105_88_2277_3B_AnalyticMS_SR_8b_clip	pm5__20200311_20200331__0003	/scrfs/storage/yikebe/home/research/AR_Crop_Identification/make_dataset/raw_sentinel/pm5/pm5__20200311_20200331__0003	2020-03-26	646092.00000000,3823863.00000000,646860.00000000,3824631.00000000
train	000082	lower__20200326_160105_88_2277_3B_AnalyticMS_SR_8b_clip	pm5__20200311_20200331__0003	/scrfs/storage/yikebe/home/research/AR_Crop_Identification/make_dataset/raw_sentinel/pm5/pm5__20200311_20200331__0003	2020-03-26	626892.00000000,3823095.00000000,627660.00000000,3823863.00000000
train	000098	lower__20200326_160105_88_2277_3B_AnalyticMS_SR_8b_clip	pm5__20200311_20200331__0003	/scrfs/storage/yikebe/home/research/AR_Crop_Identification/make_dataset/raw_sentinel/pm5/pm5__20200311_20200331__0003	2020-03-26	645324.00000000,3823095.00000000,646092.00000000,3823863.00000000
train	000114	lower__20200326_160105_88_2277_3B_AnalyticMS_SR_8b_clip	pm5__20200311_20200331__0003	/scrfs/storage/yikebe/home/research/AR_Crop_Identification/make_dataset/raw_sentinel/pm5/pm5__20200311_20200331__0003	2020-03-26	646092.00000000,3823095.00000000,646860.00000000,3823863.00000000
train	000130	lower__20200326_160105_88_2277_3B_AnalyticMS_SR_8b_clip	pm5__20200311_20200331__0003	/scrfs/storage/yikebe/home/research/AR_Crop_Identification/make_dataset/raw_sentinel/pm5/pm5__20200311_20200331__0003	2020-03-26	627660.00000000,3822327.00000000,628428.00000000,3823095.00000000
train	000146	lower__20200326_160105_88_2277_3B_AnalyticMS_SR_8b_clip	pm5__20200311_20200331__0003	/scrfs/storage/yikebe/home/research/AR_Crop_Identification/make_dataset/raw_sentinel/pm5/pm5__20200311_20200331__0003	2020-03-26	646092.00000000,3822327.00000000,646860.00000000,3823095.00000000
train	000162	lower__20200326_160105_88_2277_3B_AnalyticMS_SR_8b_clip	pm5__20200311_20200331__0003	/scrfs/storage/yikebe/home/research/AR_Crop_Identification/make_dataset/raw_sentinel/pm5/pm5__20200311_20200331__0003	2020-03-26	646860.00000000,3822327.00000000,647628.00000000,3823095.00000000
train	000178	lower__20200326_160105_88_2277_3B_AnalyticMS_SR_8b_clip	pm5__20200311_20200331__0003	/scrfs/storage/yikebe/home/research/AR_Crop_Identification/make_dataset/raw_sentinel/pm5/pm5__20200311_20200331__0003	2020-03-26	626892.00000000,3819255.00000000,627660.00000000,3820023.00000000
train	000194	lower__20200326_160105_88_2277_3B_AnalyticMS_SR_8b_clip	pm5__20200311_20200331__0003	/scrfs/storage/yikebe/home/research/AR_Crop_Identification/make_dataset/raw_sentinel/pm5/pm5__20200311_20200331__0003	2020-03-26	654540.00000000,3819255.00000000,655308.00000000,3820023.00000000
train	000210	lower__20200326_160105_88_2277_3B_AnalyticMS_SR_8b_clip	pm5__20200311_20200331__0003	/scrfs/storage/yikebe/home/research/AR_Crop_Identification/make_dataset/raw_sentinel/pm5/pm5__20200311_20200331__0003	2020-03-26	654540.00000000,3818487.00000000,655308.00000000,3819255.00000000
train	000226	lower__20200326_160105_88_2277_3B_AnalyticMS_SR_8b_clip	pm5__20200311_20200331__0003	/scrfs/storage/yikebe/home/research/AR_Crop_Identification/make_dataset/raw_sentinel/pm5/pm5__20200311_20200331__0003	2020-03-26	633036.00000000,3814647.00000000,633804.00000000,3815415.00000000
train	000242	lower__20200326_160105_88_2277_3B_AnalyticMS_SR_8b_clip	pm5__20200311_20200331__0003	/scrfs/storage/yikebe/home/research/AR_Crop_Identification/make_dataset/raw_sentinel/pm5/pm5__20200311_20200331__0003	2020-03-26	642252.00000000,3814647.00000000,643020.00000000,3815415.00000000
train	000258	lower__20200326_160105_88_2277_3B_AnalyticMS_SR_8b_clip	pm5__20200311_20200331__0003	/scrfs/storage/yikebe/home/research/AR_Crop_Identification/make_dataset/raw_sentinel/pm5/pm5__20200311_20200331__0003	2020-03-26	643020.00000000,3814647.00000000,643788.00000000,3815415.00000000
train	000274	lower__20200326_160105_88_2277_3B_AnalyticMS_SR_8b_clip	pm5__20200311_20200331__0003	/scrfs/storage/yikebe/home/research/AR_Crop_Identification/make_dataset/raw_sentinel/pm5/pm5__20200311_20200331__0003	2020-03-26	645324.00000000,3814647.00000000,646092.00000000,3815415.00000000
train	000290	lower__20200326_160105_88_2277_3B_AnalyticMS_SR_8b_clip	pm5__20200311_20200331__0003	/scrfs/storage/yikebe/home/research/AR_Crop_Identification/make_dataset/raw_sentinel/pm5/pm5__20200311_20200331__0003	2020-03-26	633036.00000000,3813879.00000000,633804.00000000,3814647.00000000
train	000306	lower__20200326_160105_88_2277_3B_AnalyticMS_SR_8b_clip	pm5__20200311_20200331__0003	/scrfs/storage/yikebe/home/research/AR_Crop_Identification/make_dataset/raw_sentinel/pm5/pm5__20200311_20200331__0003	2020-03-26	634572.00000000,3813879.00000000,635340.00000000,3814647.00000000
train	000322	lower__20200326_160105_88_2277_3B_AnalyticMS_SR_8b_clip	pm5__20200311_20200331__0003	/scrfs/storage/yikebe/home/research/AR_Crop_Identification/make_dataset/raw_sentinel/pm5/pm5__20200311_20200331__0003	2020-03-26	635340.00000000,3813879.00000000,636108.00000000,3814647.00000000
train	000338	lower__20200326_160105_88_2277_3B_AnalyticMS_SR_8b_clip	pm5__20200311_20200331__0003	/scrfs/storage/yikebe/home/research/AR_Crop_Identification/make_dataset/raw_sentinel/pm5/pm5__20200311_20200331__0003	2020-03-26	636108.00000000,3813879.00000000,636876.00000000,3814647.00000000
train	000354	lower__20200326_160105_88_2277_3B_AnalyticMS_SR_8b_clip	pm5__20200311_20200331__0003	/scrfs/storage/yikebe/home/research/AR_Crop_Identification/make_dataset/raw_sentinel/pm5/pm5__20200311_20200331__0003	2020-03-26	636876.00000000,3813879.00000000,637644.00000000,3814647.00000000
train	000370	lower__20200326_160105_88_2277_3B_AnalyticMS_SR_8b_clip	pm5__20200311_20200331__0003	/scrfs/storage/yikebe/home/research/AR_Crop_Identification/make_dataset/raw_sentinel/pm5/pm5__20200311_20200331__0003	2020-03-26	640716.00000000,3813879.00000000,641484.00000000,3814647.00000000
train	000386	lower__20200326_160105_88_2277_3B_AnalyticMS_SR_8b_clip	pm5__20200311_20200331__0003	/scrfs/storage/yikebe/home/research/AR_Crop_Identification/make_dataset/raw_sentinel/pm5/pm5__20200311_20200331__0003	2020-03-26	642252.00000000,3813879.00000000,643020.00000000,3814647.00000000
train	000402	lower__20200326_160105_88_2277_3B_AnalyticMS_SR_8b_clip	pm5__20200311_20200331__0003	/scrfs/storage/yikebe/home/research/AR_Crop_Identification/make_dataset/raw_sentinel/pm5/pm5__20200311_20200331__0003	2020-03-26	649932.00000000,3813879.00000000,650700.00000000,3814647.00000000
train	000418	lower__20200326_160105_88_2277_3B_AnalyticMS_SR_8b_clip	pm5__20200311_20200331__0003	/scrfs/storage/yikebe/home/research/AR_Crop_Identification/make_dataset/raw_sentinel/pm5/pm5__20200311_20200331__0003	2020-03-26	633036.00000000,3813111.00000000,633804.00000000,3813879.00000000
train	000434	lower__20200326_160105_88_2277_3B_AnalyticMS_SR_8b_clip	pm5__20200311_20200331__0003	/scrfs/storage/yikebe/home/research/AR_Crop_Identification/make_dataset/raw_sentinel/pm5/pm5__20200311_20200331__0003	2020-03-26	635340.00000000,3813111.00000000,636108.00000000,3813879.00000000
train	000450	lower__20200326_160105_88_2277_3B_AnalyticMS_SR_8b_clip	pm5__20200311_20200331__0003	/scrfs/storage/yikebe/home/research/AR_Crop_Identification/make_dataset/raw_sentinel/pm5/pm5__20200311_20200331__0003	2020-03-26	636108.00000000,3813111.00000000,636876.00000000,3813879.00000000
train	000466	lower__20200326_160105_88_2277_3B_AnalyticMS_SR_8b_clip	pm5__20200311_20200331__0003	/scrfs/storage/yikebe/home/research/AR_Crop_Identification/make_dataset/raw_sentinel/pm5/pm5__20200311_20200331__0003	2020-03-26	640716.00000000,3813111.00000000,641484.00000000,3813879.00000000
train	000482	lower__20200326_160105_88_2277_3B_AnalyticMS_SR_8b_clip	pm5__20200311_20200331__0003	/scrfs/storage/yikebe/home/research/AR_Crop_Identification/make_dataset/raw_sentinel/pm5/pm5__20200311_20200331__0003	2020-03-26	649164.00000000,3813111.00000000,649932.00000000,3813879.00000000
train	000498	lower__20200326_160105_88_2277_3B_AnalyticMS_SR_8b_clip	pm5__20200311_20200331__0003	/scrfs/storage/yikebe/home/research/AR_Crop_Identification/make_dataset/raw_sentinel/pm5/pm5__20200311_20200331__0003	2020-03-26	622284.00000000,3812343.00000000,623052.00000000,3813111.00000000
train	000514	lower__20200326_160105_88_2277_3B_AnalyticMS_SR_8b_clip	pm5__20200311_20200331__0003	/scrfs/storage/yikebe/home/research/AR_Crop_Identification/make_dataset/raw_sentinel/pm5/pm5__20200311_20200331__0003	2020-03-26	633036.00000000,3812343.00000000,633804.00000000,3813111.00000000
train	000530	lower__20200326_160105_88_2277_3B_AnalyticMS_SR_8b_clip	pm5__20200311_20200331__0003	/scrfs/storage/yikebe/home/research/AR_Crop_Identification/make_dataset/raw_sentinel/pm5/pm5__20200311_20200331__0003	2020-03-26	633804.00000000,3812343.00000000,634572.00000000,3813111.00000000
train	000546	lower__20200326_160105_88_2277_3B_AnalyticMS_SR_8b_clip	pm5__20200311_20200331__0003	/scrfs/storage/yikebe/home/research/AR_Crop_Identification/make_dataset/raw_sentinel/pm5/pm5__20200311_20200331__0003	2020-03-26	635340.00000000,3812343.00000000,636108.00000000,3813111.00000000
train	000562	lower__20200326_160105_88_2277_3B_AnalyticMS_SR_8b_clip	pm5__20200311_20200331__0003	/scrfs/storage/yikebe/home/research/AR_Crop_Identification/make_dataset/raw_sentinel/pm5/pm5__20200311_20200331__0003	2020-03-26	640716.00000000,3812343.00000000,641484.00000000,3813111.00000000
train	000578	lower__20200326_160105_88_2277_3B_AnalyticMS_SR_8b_clip	pm5__20200311_20200331__0003	/scrfs/storage/yikebe/home/research/AR_Crop_Identification/make_dataset/raw_sentinel/pm5/pm5__20200311_20200331__0003	2020-03-26	646092.00000000,3812343.00000000,646860.00000000,3813111.00000000
train	000594	lower__20200326_160105_88_2277_3B_AnalyticMS_SR_8b_clip	pm5__20200311_20200331__0003	/scrfs/storage/yikebe/home/research/AR_Crop_Identification/make_dataset/raw_sentinel/pm5/pm5__20200311_20200331__0003	2020-03-26	621516.00000000,3811575.00000000,622284.00000000,3812343.00000000
train	000610	lower__20200326_160105_88_2277_3B_AnalyticMS_SR_8b_clip	pm5__20200311_20200331__0003	/scrfs/storage/yikebe/home/research/AR_Crop_Identification/make_dataset/raw_sentinel/pm5/pm5__20200311_20200331__0003	2020-03-26	634572.00000000,3811575.00000000,635340.00000000,3812343.00000000
train	000626	lower__20200326_160105_88_2277_3B_AnalyticMS_SR_8b_clip	pm5__20200311_20200331__0003	/scrfs/storage/yikebe/home/research/AR_Crop_Identification/make_dataset/raw_sentinel/pm5/pm5__20200311_20200331__0003	2020-03-26	621516.00000000,3810807.00000000,622284.00000000,3811575.00000000
train	000642	lower__20200326_160105_88_2277_3B_AnalyticMS_SR_8b_clip	pm5__20200311_20200331__0003	/scrfs/storage/yikebe/home/research/AR_Crop_Identification/make_dataset/raw_sentinel/pm5/pm5__20200311_20200331__0003	2020-03-26	622284.00000000,3810807.00000000,623052.00000000,3811575.00000000
train	000658	lower__20200326_160105_88_2277_3B_AnalyticMS_SR_8b_clip	pm5__20200311_20200331__0003	/scrfs/storage/yikebe/home/research/AR_Crop_Identification/make_dataset/raw_sentinel/pm5/pm5__20200311_20200331__0003	2020-03-26	626124.00000000,3810807.00000000,626892.00000000,3811575.00000000
train	000674	lower__20200326_160105_88_2277_3B_AnalyticMS_SR_8b_clip	pm5__20200311_20200331__0003	/scrfs/storage/yikebe/home/research/AR_Crop_Identification/make_dataset/raw_sentinel/pm5/pm5__20200311_20200331__0003	2020-03-26	633804.00000000,3810807.00000000,634572.00000000,3811575.00000000
train	000690	lower__20200326_160105_88_2277_3B_AnalyticMS_SR_8b_clip	pm5__20200311_20200331__0003	/scrfs/storage/yikebe/home/research/AR_Crop_Identification/make_dataset/raw_sentinel/pm5/pm5__20200311_20200331__0003	2020-03-26	639180.00000000,3810807.00000000,639948.00000000,3811575.00000000
train	000706	lower__20200326_160105_88_2277_3B_AnalyticMS_SR_8b_clip	pm5__20200311_20200331__0003	/scrfs/storage/yikebe/home/research/AR_Crop_Identification/make_dataset/raw_sentinel/pm5/pm5__20200311_20200331__0003	2020-03-26	629964.00000000,3810039.00000000,630732.00000000,3810807.00000000
train	000722	lower__20200326_160105_88_2277_3B_AnalyticMS_SR_8b_clip	pm5__20200311_20200331__0003	/scrfs/storage/yikebe/home/research/AR_Crop_Identification/make_dataset/raw_sentinel/pm5/pm5__20200311_20200331__0003	2020-03-26	638412.00000000,3810039.00000000,639180.00000000,3810807.00000000
train	000738	lower__20200326_160105_88_2277_3B_AnalyticMS_SR_8b_clip	pm5__20200311_20200331__0003	/scrfs/storage/yikebe/home/research/AR_Crop_Identification/make_dataset/raw_sentinel/pm5/pm5__20200311_20200331__0003	2020-03-26	646092.00000000,3810039.00000000,646860.00000000,3810807.00000000
train	000754	lower__20200326_160105_88_2277_3B_AnalyticMS_SR_8b_clip	pm5__20200311_20200331__0003	/scrfs/storage/yikebe/home/research/AR_Crop_Identification/make_dataset/raw_sentinel/pm5/pm5__20200311_20200331__0003	2020-03-26	631500.00000000,3809271.00000000,632268.00000000,3810039.00000000
train	000770	lower__20200326_160105_88_2277_3B_AnalyticMS_SR_8b_clip	pm5__20200311_20200331__0003	/scrfs/storage/yikebe/home/research/AR_Crop_Identification/make_dataset/raw_sentinel/pm5/pm5__20200311_20200331__0003	2020-03-26	636108.00000000,3809271.00000000,636876.00000000,3810039.00000000
train	000786	lower__20200326_160105_88_2277_3B_AnalyticMS_SR_8b_clip	pm5__20200311_20200331__0003	/scrfs/storage/yikebe/home/research/AR_Crop_Identification/make_dataset/raw_sentinel/pm5/pm5__20200311_20200331__0003	2020-03-26	639180.00000000,3809271.00000000,639948.00000000,3810039.00000000
train	000802	lower__20200326_160105_88_2277_3B_AnalyticMS_SR_8b_clip	pm5__20200311_20200331__0003	/scrfs/storage/yikebe/home/research/AR_Crop_Identification/make_dataset/raw_sentinel/pm5/pm5__20200311_20200331__0003	2020-03-26	639948.00000000,3809271.00000000,640716.00000000,3810039.00000000
train	000818	lower__20200326_160105_88_2277_3B_AnalyticMS_SR_8b_clip	pm5__20200311_20200331__0003	/scrfs/storage/yikebe/home/research/AR_Crop_Identification/make_dataset/raw_sentinel/pm5/pm5__20200311_20200331__0003	2020-03-26	649932.00000000,3809271.00000000,650700.00000000,3810039.00000000
train	000834	lower__20200326_160105_88_2277_3B_AnalyticMS_SR_8b_clip	pm5__20200311_20200331__0003	/scrfs/storage/yikebe/home/research/AR_Crop_Identification/make_dataset/raw_sentinel/pm5/pm5__20200311_20200331__0003	2020-03-26	635340.00000000,3808503.00000000,636108.00000000,3809271.00000000
train	000850	lower__20200326_160105_88_2277_3B_AnalyticMS_SR_8b_clip	pm5__20200311_20200331__0003	/scrfs/storage/yikebe/home/research/AR_Crop_Identification/make_dataset/raw_sentinel/pm5/pm5__20200311_20200331__0003	2020-03-26	636108.00000000,3808503.00000000,636876.00000000,3809271.00000000
train	000866	lower__20200326_160105_88_2277_3B_AnalyticMS_SR_8b_clip	pm5__20200311_20200331__0003	/scrfs/storage/yikebe/home/research/AR_Crop_Identification/make_dataset/raw_sentinel/pm5/pm5__20200311_20200331__0003	2020-03-26	638412.00000000,3808503.00000000,639180.00000000,3809271.00000000
train	000882	lower__20200326_160105_88_2277_3B_AnalyticMS_SR_8b_clip	pm5__20200311_20200331__0003	/scrfs/storage/yikebe/home/research/AR_Crop_Identification/make_dataset/raw_sentinel/pm5/pm5__20200311_20200331__0003	2020-03-26	639180.00000000,3808503.00000000,639948.00000000,3809271.00000000
train	000898	lower__20200326_160105_88_2277_3B_AnalyticMS_SR_8b_clip	pm5__20200311_20200331__0003	/scrfs/storage/yikebe/home/research/AR_Crop_Identification/make_dataset/raw_sentinel/pm5/pm5__20200311_20200331__0003	2020-03-26	643788.00000000,3808503.00000000,644556.00000000,3809271.00000000
train	000914	lower__20200326_160105_88_2277_3B_AnalyticMS_SR_8b_clip	pm5__20200311_20200331__0003	/scrfs/storage/yikebe/home/research/AR_Crop_Identification/make_dataset/raw_sentinel/pm5/pm5__20200311_20200331__0003	2020-03-26	644556.00000000,3808503.00000000,645324.00000000,3809271.00000000
train	000930	lower__20200326_160105_88_2277_3B_AnalyticMS_SR_8b_clip	pm5__20200311_20200331__0003	/scrfs/storage/yikebe/home/research/AR_Crop_Identification/make_dataset/raw_sentinel/pm5/pm5__20200311_20200331__0003	2020-03-26	628428.00000000,3807735.00000000,629196.00000000,3808503.00000000
train	000946	lower__20200326_160105_88_2277_3B_AnalyticMS_SR_8b_clip	pm5__20200311_20200331__0003	/scrfs/storage/yikebe/home/research/AR_Crop_Identification/make_dataset/raw_sentinel/pm5/pm5__20200311_20200331__0003	2020-03-26	629196.00000000,3807735.00000000,629964.00000000,3808503.00000000
train	000962	lower__20200326_160105_88_2277_3B_AnalyticMS_SR_8b_clip	pm5__20200311_20200331__0003	/scrfs/storage/yikebe/home/research/AR_Crop_Identification/make_dataset/raw_sentinel/pm5/pm5__20200311_20200331__0003	2020-03-26	636108.00000000,3807735.00000000,636876.00000000,3808503.00000000
train	000978	lower__20200326_160105_88_2277_3B_AnalyticMS_SR_8b_clip	pm5__20200311_20200331__0003	/scrfs/storage/yikebe/home/research/AR_Crop_Identification/make_dataset/raw_sentinel/pm5/pm5__20200311_20200331__0003	2020-03-26	636876.00000000,3807735.00000000,637644.00000000,3808503.00000000
train	000994	lower__20200326_160105_88_2277_3B_AnalyticMS_SR_8b_clip	pm5__20200311_20200331__0003	/scrfs/storage/yikebe/home/research/AR_Crop_Identification/make_dataset/raw_sentinel/pm5/pm5__20200311_20200331__0003	2020-03-26	637644.00000000,3807735.00000000,638412.00000000,3808503.00000000
train	001010	lower__20200326_160105_88_2277_3B_AnalyticMS_SR_8b_clip	pm5__20200311_20200331__0003	/scrfs/storage/yikebe/home/research/AR_Crop_Identification/make_dataset/raw_sentinel/pm5/pm5__20200311_20200331__0003	2020-03-26	638412.00000000,3807735.00000000,639180.00000000,3808503.00000000
train	001026	lower__20200326_160105_88_2277_3B_AnalyticMS_SR_8b_clip	pm5__20200311_20200331__0003	/scrfs/storage/yikebe/home/research/AR_Crop_Identification/make_dataset/raw_sentinel/pm5/pm5__20200311_20200331__0003	2020-03-26	639180.00000000,3807735.00000000,639948.00000000,3808503.00000000
train	001042	lower__20200326_160105_88_2277_3B_AnalyticMS_SR_8b_clip	pm5__20200311_20200331__0003	/scrfs/storage/yikebe/home/research/AR_Crop_Identification/make_dataset/raw_sentinel/pm5/pm5__20200311_20200331__0003	2020-03-26	638412.00000000,3806967.00000000,639180.00000000,3807735.00000000
train	001058	lower__20200326_160105_88_2277_3B_AnalyticMS_SR_8b_clip	pm5__20200311_20200331__0003	/scrfs/storage/yikebe/home/research/AR_Crop_Identification/make_dataset/raw_sentinel/pm5/pm5__20200311_20200331__0003	2020-03-26	643020.00000000,3806967.00000000,643788.00000000,3807735.00000000
train	001074	lower__20200326_160105_88_2277_3B_AnalyticMS_SR_8b_clip	pm5__20200311_20200331__0003	/scrfs/storage/yikebe/home/research/AR_Crop_Identification/make_dataset/raw_sentinel/pm5/pm5__20200311_20200331__0003	2020-03-26	644556.00000000,3806967.00000000,645324.00000000,3807735.00000000
train	001090	lower__20200326_160105_88_2277_3B_AnalyticMS_SR_8b_clip	pm5__20200311_20200331__0003	/scrfs/storage/yikebe/home/research/AR_Crop_Identification/make_dataset/raw_sentinel/pm5/pm5__20200311_20200331__0003	2020-03-26	645324.00000000,3806967.00000000,646092.00000000,3807735.00000000
train	001106	lower__20200326_160105_88_2277_3B_AnalyticMS_SR_8b_clip	pm5__20200311_20200331__0003	/scrfs/storage/yikebe/home/research/AR_Crop_Identification/make_dataset/raw_sentinel/pm5/pm5__20200311_20200331__0003	2020-03-26	651468.00000000,3806967.00000000,652236.00000000,3807735.00000000
train	001122	lower__20200326_160105_88_2277_3B_AnalyticMS_SR_8b_clip	pm5__20200311_20200331__0003	/scrfs/storage/yikebe/home/research/AR_Crop_Identification/make_dataset/raw_sentinel/pm5/pm5__20200311_20200331__0003	2020-03-26	636876.00000000,3806199.00000000,637644.00000000,3806967.00000000
train	001138	lower__20200326_160105_88_2277_3B_AnalyticMS_SR_8b_clip	pm5__20200311_20200331__0003	/scrfs/storage/yikebe/home/research/AR_Crop_Identification/make_dataset/raw_sentinel/pm5/pm5__20200311_20200331__0003	2020-03-26	637644.00000000,3806199.00000000,638412.00000000,3806967.00000000
train	001154	lower__20200326_160105_88_2277_3B_AnalyticMS_SR_8b_clip	pm5__20200311_20200331__0003	/scrfs/storage/yikebe/home/research/AR_Crop_Identification/make_dataset/raw_sentinel/pm5/pm5__20200311_20200331__0003	2020-03-26	638412.00000000,3806199.00000000,639180.00000000,3806967.00000000
train	001170	lower__20200326_160105_88_2277_3B_AnalyticMS_SR_8b_clip	pm5__20200311_20200331__0003	/scrfs/storage/yikebe/home/research/AR_Crop_Identification/make_dataset/raw_sentinel/pm5/pm5__20200311_20200331__0003	2020-03-26	640716.00000000,3806199.00000000,641484.00000000,3806967.00000000
train	001186	lower__20200326_160105_88_2277_3B_AnalyticMS_SR_8b_clip	pm5__20200311_20200331__0003	/scrfs/storage/yikebe/home/research/AR_Crop_Identification/make_dataset/raw_sentinel/pm5/pm5__20200311_20200331__0003	2020-03-26	650700.00000000,3806199.00000000,651468.00000000,3806967.00000000
train	001202	lower__20200326_160105_88_2277_3B_AnalyticMS_SR_8b_clip	pm5__20200311_20200331__0003	/scrfs/storage/yikebe/home/research/AR_Crop_Identification/make_dataset/raw_sentinel/pm5/pm5__20200311_20200331__0003	2020-03-26	650700.00000000,3805431.00000000,651468.00000000,3806199.00000000
train	001218	lower__20200326_160105_88_2277_3B_AnalyticMS_SR_8b_clip	pm5__20200311_20200331__0003	/scrfs/storage/yikebe/home/research/AR_Crop_Identification/make_dataset/raw_sentinel/pm5/pm5__20200311_20200331__0003	2020-03-26	645324.00000000,3804663.00000000,646092.00000000,3805431.00000000
train	001234	lower__20200326_160105_88_2277_3B_AnalyticMS_SR_8b_clip	pm5__20200311_20200331__0003	/scrfs/storage/yikebe/home/research/AR_Crop_Identification/make_dataset/raw_sentinel/pm5/pm5__20200311_20200331__0003	2020-03-26	646092.00000000,3804663.00000000,646860.00000000,3805431.00000000
train	001250	lower__20200326_160105_88_2277_3B_AnalyticMS_SR_8b_clip	pm5__20200311_20200331__0003	/scrfs/storage/yikebe/home/research/AR_Crop_Identification/make_dataset/raw_sentinel/pm5/pm5__20200311_20200331__0003	2020-03-26	650700.00000000,3804663.00000000,651468.00000000,3805431.00000000
train	001266	lower__20200326_160105_88_2277_3B_AnalyticMS_SR_8b_clip	pm5__20200311_20200331__0003	/scrfs/storage/yikebe/home/research/AR_Crop_Identification/make_dataset/raw_sentinel/pm5/pm5__20200311_20200331__0003	2020-03-26	645324.00000000,3803895.00000000,646092.00000000,3804663.00000000
train	001282	lower__20200326_160105_88_2277_3B_AnalyticMS_SR_8b_clip	pm5__20200311_20200331__0003	/scrfs/storage/yikebe/home/research/AR_Crop_Identification/make_dataset/raw_sentinel/pm5/pm5__20200311_20200331__0003	2020-03-26	646092.00000000,3803895.00000000,646860.00000000,3804663.00000000
train	001298	lower__20200326_160105_88_2277_3B_AnalyticMS_SR_8b_clip	pm5__20200311_20200331__0003	/scrfs/storage/yikebe/home/research/AR_Crop_Identification/make_dataset/raw_sentinel/pm5/pm5__20200311_20200331__0003	2020-03-26	650700.00000000,3803895.00000000,651468.00000000,3804663.00000000
train	001314	lower__20200326_160105_88_2277_3B_AnalyticMS_SR_8b_clip	pm5__20200311_20200331__0003	/scrfs/storage/yikebe/home/research/AR_Crop_Identification/make_dataset/raw_sentinel/pm5/pm5__20200311_20200331__0003	2020-03-26	650700.00000000,3803127.00000000,651468.00000000,3803895.00000000
train	001330	lower__20200326_160346_35_2278_3B_AnalyticMS_SR_8b_clip	pm5__20200311_20200331__0004	/scrfs/storage/yikebe/home/research/AR_Crop_Identification/make_dataset/raw_sentinel/pm5/pm5__20200311_20200331__0004	2020-03-29	587913.00000000,3845049.00000000,588681.00000000,3845817.00000000
train	001346	lower__20200326_160346_35_2278_3B_AnalyticMS_SR_8b_clip	pm5__20200311_20200331__0004	/scrfs/storage/yikebe/home/research/AR_Crop_Identification/make_dataset/raw_sentinel/pm5/pm5__20200311_20200331__0004	2020-03-29	587913.00000000,3844281.00000000,588681.00000000,3845049.00000000
train	001362	lower__20200326_160346_35_2278_3B_AnalyticMS_SR_8b_clip	pm5__20200311_20200331__0004	/scrfs/storage/yikebe/home/research/AR_Crop_Identification/make_dataset/raw_sentinel/pm5/pm5__20200311_20200331__0004	2020-03-29	588681.00000000,3844281.00000000,589449.00000000,3845049.00000000
train	001378	lower__20200326_160346_35_2278_3B_AnalyticMS_SR_8b_clip	pm5__20200311_20200331__0004	/scrfs/storage/yikebe/home/research/AR_Crop_Identification/make_dataset/raw_sentinel/pm5/pm5__20200311_20200331__0004	2020-03-29	590985.00000000,3844281.00000000,591753.00000000,3845049.00000000
train	001394	lower__20200326_160346_35_2278_3B_AnalyticMS_SR_8b_clip	pm5__20200311_20200331__0004	/scrfs/storage/yikebe/home/research/AR_Crop_Identification/make_dataset/raw_sentinel/pm5/pm5__20200311_20200331__0004	2020-03-29	591753.00000000,3844281.00000000,592521.00000000,3845049.00000000
train	001410	lower__20200326_160346_35_2278_3B_AnalyticMS_SR_8b_clip	pm5__20200311_20200331__0004	/scrfs/storage/yikebe/home/research/AR_Crop_Identification/make_dataset/raw_sentinel/pm5/pm5__20200311_20200331__0004	2020-03-29	593289.00000000,3844281.00000000,594057.00000000,3845049.00000000
train	001426	lower__20200326_160346_35_2278_3B_AnalyticMS_SR_8b_clip	pm5__20200311_20200331__0004	/scrfs/storage/yikebe/home/research/AR_Crop_Identification/make_dataset/raw_sentinel/pm5/pm5__20200311_20200331__0004	2020-03-29	586377.00000000,3843513.00000000,587145.00000000,3844281.00000000
train	001442	lower__20200326_160346_35_2278_3B_AnalyticMS_SR_8b_clip	pm5__20200311_20200331__0004	/scrfs/storage/yikebe/home/research/AR_Crop_Identification/make_dataset/raw_sentinel/pm5/pm5__20200311_20200331__0004	2020-03-29	590985.00000000,3843513.00000000,591753.00000000,3844281.00000000
train	001458	lower__20200326_160346_35_2278_3B_AnalyticMS_SR_8b_clip	pm5__20200311_20200331__0004	/scrfs/storage/yikebe/home/research/AR_Crop_Identification/make_dataset/raw_sentinel/pm5/pm5__20200311_20200331__0004	2020-03-29	591753.00000000,3843513.00000000,592521.00000000,3844281.00000000
train	001474	lower__20200326_160346_35_2278_3B_AnalyticMS_SR_8b_clip	pm5__20200311_20200331__0004	/scrfs/storage/yikebe/home/research/AR_Crop_Identification/make_dataset/raw_sentinel/pm5/pm5__20200311_20200331__0004	2020-03-29	596361.00000000,3843513.00000000,597129.00000000,3844281.00000000
train	001490	lower__20200326_160346_35_2278_3B_AnalyticMS_SR_8b_clip	pm5__20200311_20200331__0004	/scrfs/storage/yikebe/home/research/AR_Crop_Identification/make_dataset/raw_sentinel/pm5/pm5__20200311_20200331__0004	2020-03-29	591753.00000000,3842745.00000000,592521.00000000,3843513.00000000
train	001506	lower__20200326_160346_35_2278_3B_AnalyticMS_SR_8b_clip	pm5__20200311_20200331__0004	/scrfs/storage/yikebe/home/research/AR_Crop_Identification/make_dataset/raw_sentinel/pm5/pm5__20200311_20200331__0004	2020-03-29	584841.00000000,3841977.00000000,585609.00000000,3842745.00000000
train	001522	lower__20200326_160346_35_2278_3B_AnalyticMS_SR_8b_clip	pm5__20200311_20200331__0004	/scrfs/storage/yikebe/home/research/AR_Crop_Identification/make_dataset/raw_sentinel/pm5/pm5__20200311_20200331__0004	2020-03-29	587145.00000000,3841977.00000000,587913.00000000,3842745.00000000
train	001538	lower__20200326_160346_35_2278_3B_AnalyticMS_SR_8b_clip	pm5__20200311_20200331__0004	/scrfs/storage/yikebe/home/research/AR_Crop_Identification/make_dataset/raw_sentinel/pm5/pm5__20200311_20200331__0004	2020-03-29	591753.00000000,3841977.00000000,592521.00000000,3842745.00000000
train	001554	lower__20200326_160346_35_2278_3B_AnalyticMS_SR_8b_clip	pm5__20200311_20200331__0004	/scrfs/storage/yikebe/home/research/AR_Crop_Identification/make_dataset/raw_sentinel/pm5/pm5__20200311_20200331__0004	2020-03-29	596361.00000000,3841977.00000000,597129.00000000,3842745.00000000
train	001570	lower__20200326_160346_35_2278_3B_AnalyticMS_SR_8b_clip	pm5__20200311_20200331__0004	/scrfs/storage/yikebe/home/research/AR_Crop_Identification/make_dataset/raw_sentinel/pm5/pm5__20200311_20200331__0004	2020-03-29	583305.00000000,3841209.00000000,584073.00000000,3841977.00000000
train	001586	lower__20200326_160346_35_2278_3B_AnalyticMS_SR_8b_clip	pm5__20200311_20200331__0004	/scrfs/storage/yikebe/home/research/AR_Crop_Identification/make_dataset/raw_sentinel/pm5/pm5__20200311_20200331__0004	2020-03-29	587145.00000000,3841209.00000000,587913.00000000,3841977.00000000
train	001602	lower__20200326_160346_35_2278_3B_AnalyticMS_SR_8b_clip	pm5__20200311_20200331__0004	/scrfs/storage/yikebe/home/research/AR_Crop_Identification/make_dataset/raw_sentinel/pm5/pm5__20200311_20200331__0004	2020-03-29	587913.00000000,3841209.00000000,588681.00000000,3841977.00000000
train	001618	lower__20200326_160346_35_2278_3B_AnalyticMS_SR_8b_clip	pm5__20200311_20200331__0004	/scrfs/storage/yikebe/home/research/AR_Crop_Identification/make_dataset/raw_sentinel/pm5/pm5__20200311_20200331__0004	2020-03-29	589449.00000000,3841209.00000000,590217.00000000,3841977.00000000
train	001634	lower__20200326_160346_35_2278_3B_AnalyticMS_SR_8b_clip	pm5__20200311_20200331__0004	/scrfs/storage/yikebe/home/research/AR_Crop_Identification/make_dataset/raw_sentinel/pm5/pm5__20200311_20200331__0004	2020-03-29	593289.00000000,3841209.00000000,594057.00000000,3841977.00000000
train	001650	lower__20200326_160346_35_2278_3B_AnalyticMS_SR_8b_clip	pm5__20200311_20200331__0004	/scrfs/storage/yikebe/home/research/AR_Crop_Identification/make_dataset/raw_sentinel/pm5/pm5__20200311_20200331__0004	2020-03-29	594057.00000000,3841209.00000000,594825.00000000,3841977.00000000
train	001666	lower__20200326_160346_35_2278_3B_AnalyticMS_SR_8b_clip	pm5__20200311_20200331__0004	/scrfs/storage/yikebe/home/research/AR_Crop_Identification/make_dataset/raw_sentinel/pm5/pm5__20200311_20200331__0004	2020-03-29	580233.00000000,3840441.00000000,581001.00000000,3841209.00000000
train	001682	lower__20200326_160346_35_2278_3B_AnalyticMS_SR_8b_clip	pm5__20200311_20200331__0004	/scrfs/storage/yikebe/home/research/AR_Crop_Identification/make_dataset/raw_sentinel/pm5/pm5__20200311_20200331__0004	2020-03-29	581001.00000000,3840441.00000000,581769.00000000,3841209.00000000
train	001698	lower__20200326_160346_35_2278_3B_AnalyticMS_SR_8b_clip	pm5__20200311_20200331__0004	/scrfs/storage/yikebe/home/research/AR_Crop_Identification/make_dataset/raw_sentinel/pm5/pm5__20200311_20200331__0004	2020-03-29	581769.00000000,3840441.00000000,582537.00000000,3841209.00000000
train	001714	lower__20200326_160346_35_2278_3B_AnalyticMS_SR_8b_clip	pm5__20200311_20200331__0004	/scrfs/storage/yikebe/home/research/AR_Crop_Identification/make_dataset/raw_sentinel/pm5/pm5__20200311_20200331__0004	2020-03-29	593289.00000000,3840441.00000000,594057.00000000,3841209.00000000
train	001730	lower__20200326_160346_35_2278_3B_AnalyticMS_SR_8b_clip	pm5__20200311_20200331__0004	/scrfs/storage/yikebe/home/research/AR_Crop_Identification/make_dataset/raw_sentinel/pm5/pm5__20200311_20200331__0004	2020-03-29	594057.00000000,3840441.00000000,594825.00000000,3841209.00000000
train	001746	lower__20200326_160346_35_2278_3B_AnalyticMS_SR_8b_clip	pm5__20200311_20200331__0004	/scrfs/storage/yikebe/home/research/AR_Crop_Identification/make_dataset/raw_sentinel/pm5/pm5__20200311_20200331__0004	2020-03-29	590217.00000000,3839673.00000000,590985.00000000,3840441.00000000
train	001762	lower__20200326_160346_35_2278_3B_AnalyticMS_SR_8b_clip	pm5__20200311_20200331__0004	/scrfs/storage/yikebe/home/research/AR_Crop_Identification/make_dataset/raw_sentinel/pm5/pm5__20200311_20200331__0004	2020-03-29	590985.00000000,3839673.00000000,591753.00000000,3840441.00000000
train	001778	lower__20200326_160346_35_2278_3B_AnalyticMS_SR_8b_clip	pm5__20200311_20200331__0004	/scrfs/storage/yikebe/home/research/AR_Crop_Identification/make_dataset/raw_sentinel/pm5/pm5__20200311_20200331__0004	2020-03-29	593289.00000000,3839673.00000000,594057.00000000,3840441.00000000
train	001794	lower__20200326_160346_35_2278_3B_AnalyticMS_SR_8b_clip	pm5__20200311_20200331__0004	/scrfs/storage/yikebe/home/research/AR_Crop_Identification/make_dataset/raw_sentinel/pm5/pm5__20200311_20200331__0004	2020-03-29	594057.00000000,3839673.00000000,594825.00000000,3840441.00000000
train	001810	lower__20200326_160346_35_2278_3B_AnalyticMS_SR_8b_clip	pm5__20200311_20200331__0004	/scrfs/storage/yikebe/home/research/AR_Crop_Identification/make_dataset/raw_sentinel/pm5/pm5__20200311_20200331__0004	2020-03-29	583305.00000000,3838905.00000000,584073.00000000,3839673.00000000
train	001826	lower__20200326_160346_35_2278_3B_AnalyticMS_SR_8b_clip	pm5__20200311_20200331__0004	/scrfs/storage/yikebe/home/research/AR_Crop_Identification/make_dataset/raw_sentinel/pm5/pm5__20200311_20200331__0004	2020-03-29	590217.00000000,3838905.00000000,590985.00000000,3839673.00000000
train	001842	lower__20200326_160346_35_2278_3B_AnalyticMS_SR_8b_clip	pm5__20200311_20200331__0004	/scrfs/storage/yikebe/home/research/AR_Crop_Identification/make_dataset/raw_sentinel/pm5/pm5__20200311_20200331__0004	2020-03-29	590985.00000000,3838905.00000000,591753.00000000,3839673.00000000
train	001858	lower__20200326_160346_35_2278_3B_AnalyticMS_SR_8b_clip	pm5__20200311_20200331__0004	/scrfs/storage/yikebe/home/research/AR_Crop_Identification/make_dataset/raw_sentinel/pm5/pm5__20200311_20200331__0004	2020-03-29	593289.00000000,3838905.00000000,594057.00000000,3839673.00000000
train	001874	lower__20200326_160346_35_2278_3B_AnalyticMS_SR_8b_clip	pm5__20200311_20200331__0004	/scrfs/storage/yikebe/home/research/AR_Crop_Identification/make_dataset/raw_sentinel/pm5/pm5__20200311_20200331__0004	2020-03-29	583305.00000000,3838137.00000000,584073.00000000,3838905.00000000
train	001890	lower__20200326_160346_35_2278_3B_AnalyticMS_SR_8b_clip	pm5__20200311_20200331__0004	/scrfs/storage/yikebe/home/research/AR_Crop_Identification/make_dataset/raw_sentinel/pm5/pm5__20200311_20200331__0004	2020-03-29	589449.00000000,3838137.00000000,590217.00000000,3838905.00000000
train	001906	lower__20200326_160346_35_2278_3B_AnalyticMS_SR_8b_clip	pm5__20200311_20200331__0004	/scrfs/storage/yikebe/home/research/AR_Crop_Identification/make_dataset/raw_sentinel/pm5/pm5__20200311_20200331__0004	2020-03-29	590217.00000000,3838137.00000000,590985.00000000,3838905.00000000
train	001922	lower__20200326_160346_35_2278_3B_AnalyticMS_SR_8b_clip	pm5__20200311_20200331__0004	/scrfs/storage/yikebe/home/research/AR_Crop_Identification/make_dataset/raw_sentinel/pm5/pm5__20200311_20200331__0004	2020-03-29	590985.00000000,3838137.00000000,591753.00000000,3838905.00000000
train	001938	lower__20200326_160346_35_2278_3B_AnalyticMS_SR_8b_clip	pm5__20200311_20200331__0004	/scrfs/storage/yikebe/home/research/AR_Crop_Identification/make_dataset/raw_sentinel/pm5/pm5__20200311_20200331__0004	2020-03-29	593289.00000000,3838137.00000000,594057.00000000,3838905.00000000
train	001954	lower__20200326_160346_35_2278_3B_AnalyticMS_SR_8b_clip	pm5__20200311_20200331__0004	/scrfs/storage/yikebe/home/research/AR_Crop_Identification/make_dataset/raw_sentinel/pm5/pm5__20200311_20200331__0004	2020-03-29	589449.00000000,3837369.00000000,590217.00000000,3838137.00000000
train	001970	lower__20200326_160346_35_2278_3B_AnalyticMS_SR_8b_clip	pm5__20200311_20200331__0004	/scrfs/storage/yikebe/home/research/AR_Crop_Identification/make_dataset/raw_sentinel/pm5/pm5__20200311_20200331__0004	2020-03-29	590217.00000000,3837369.00000000,590985.00000000,3838137.00000000
train	001986	lower__20200326_160346_35_2278_3B_AnalyticMS_SR_8b_clip	pm5__20200311_20200331__0004	/scrfs/storage/yikebe/home/research/AR_Crop_Identification/make_dataset/raw_sentinel/pm5/pm5__20200311_20200331__0004	2020-03-29	590985.00000000,3837369.00000000,591753.00000000,3838137.00000000
train	002002	lower__20200326_160346_35_2278_3B_AnalyticMS_SR_8b_clip	pm5__20200311_20200331__0004	/scrfs/storage/yikebe/home/research/AR_Crop_Identification/make_dataset/raw_sentinel/pm5/pm5__20200311_20200331__0004	2020-03-29	593289.00000000,3837369.00000000,594057.00000000,3838137.00000000
train	002018	lower__20200326_160346_35_2278_3B_AnalyticMS_SR_8b_clip	pm5__20200311_20200331__0004	/scrfs/storage/yikebe/home/research/AR_Crop_Identification/make_dataset/raw_sentinel/pm5/pm5__20200311_20200331__0004	2020-03-29	583305.00000000,3836601.00000000,584073.00000000,3837369.00000000
train	002034	lower__20200326_160346_35_2278_3B_AnalyticMS_SR_8b_clip	pm5__20200311_20200331__0004	/scrfs/storage/yikebe/home/research/AR_Crop_Identification/make_dataset/raw_sentinel/pm5/pm5__20200311_20200331__0004	2020-03-29	589449.00000000,3836601.00000000,590217.00000000,3837369.00000000
train	002050	lower__20200326_160346_35_2278_3B_AnalyticMS_SR_8b_clip	pm5__20200311_20200331__0004	/scrfs/storage/yikebe/home/research/AR_Crop_Identification/make_dataset/raw_sentinel/pm5/pm5__20200311_20200331__0004	2020-03-29	590217.00000000,3836601.00000000,590985.00000000,3837369.00000000
train	002066	lower__20200326_160346_35_2278_3B_AnalyticMS_SR_8b_clip	pm5__20200311_20200331__0004	/scrfs/storage/yikebe/home/research/AR_Crop_Identification/make_dataset/raw_sentinel/pm5/pm5__20200311_20200331__0004	2020-03-29	590985.00000000,3836601.00000000,591753.00000000,3837369.00000000
train	002082	lower__20200326_160346_35_2278_3B_AnalyticMS_SR_8b_clip	pm5__20200311_20200331__0004	/scrfs/storage/yikebe/home/research/AR_Crop_Identification/make_dataset/raw_sentinel/pm5/pm5__20200311_20200331__0004	2020-03-29	593289.00000000,3836601.00000000,594057.00000000,3837369.00000000
train	002098	lower__20200326_160346_35_2278_3B_AnalyticMS_SR_8b_clip	pm5__20200311_20200331__0004	/scrfs/storage/yikebe/home/research/AR_Crop_Identification/make_dataset/raw_sentinel/pm5/pm5__20200311_20200331__0004	2020-03-29	589449.00000000,3835833.00000000,590217.00000000,3836601.00000000
train	002114	lower__20200326_160346_35_2278_3B_AnalyticMS_SR_8b_clip	pm5__20200311_20200331__0004	/scrfs/storage/yikebe/home/research/AR_Crop_Identification/make_dataset/raw_sentinel/pm5/pm5__20200311_20200331__0004	2020-03-29	590985.00000000,3835833.00000000,591753.00000000,3836601.00000000
train	002130	lower__20200326_160346_35_2278_3B_AnalyticMS_SR_8b_clip	pm5__20200311_20200331__0004	/scrfs/storage/yikebe/home/research/AR_Crop_Identification/make_dataset/raw_sentinel/pm5/pm5__20200311_20200331__0004	2020-03-29	593289.00000000,3835833.00000000,594057.00000000,3836601.00000000
train	002146	lower__20200326_160346_35_2278_3B_AnalyticMS_SR_8b_clip	pm5__20200311_20200331__0004	/scrfs/storage/yikebe/home/research/AR_Crop_Identification/make_dataset/raw_sentinel/pm5/pm5__20200311_20200331__0004	2020-03-29	590985.00000000,3835065.00000000,591753.00000000,3835833.00000000
train	002162	lower__20200326_160346_35_2278_3B_AnalyticMS_SR_8b_clip	pm5__20200311_20200331__0004	/scrfs/storage/yikebe/home/research/AR_Crop_Identification/make_dataset/raw_sentinel/pm5/pm5__20200311_20200331__0004	2020-03-29	591753.00000000,3835065.00000000,592521.00000000,3835833.00000000
train	002178	lower__20200326_160346_35_2278_3B_AnalyticMS_SR_8b_clip	pm5__20200311_20200331__0004	/scrfs/storage/yikebe/home/research/AR_Crop_Identification/make_dataset/raw_sentinel/pm5/pm5__20200311_20200331__0004	2020-03-29	594825.00000000,3835065.00000000,595593.00000000,3835833.00000000
train	002194	lower__20200326_160346_35_2278_3B_AnalyticMS_SR_8b_clip	pm5__20200311_20200331__0004	/scrfs/storage/yikebe/home/research/AR_Crop_Identification/make_dataset/raw_sentinel/pm5/pm5__20200311_20200331__0004	2020-03-29	586377.00000000,3833529.00000000,587145.00000000,3834297.00000000
train	002210	lower__20200326_160346_35_2278_3B_AnalyticMS_SR_8b_clip	pm5__20200311_20200331__0004	/scrfs/storage/yikebe/home/research/AR_Crop_Identification/make_dataset/raw_sentinel/pm5/pm5__20200311_20200331__0004	2020-03-29	586377.00000000,3832761.00000000,587145.00000000,3833529.00000000
train	002226	lower__20200326_160346_35_2278_3B_AnalyticMS_SR_8b_clip	pm5__20200311_20200331__0004	/scrfs/storage/yikebe/home/research/AR_Crop_Identification/make_dataset/raw_sentinel/pm5/pm5__20200311_20200331__0004	2020-03-29	587913.00000000,3832761.00000000,588681.00000000,3833529.00000000
train	002242	lower__20200326_160346_35_2278_3B_AnalyticMS_SR_8b_clip	pm5__20200311_20200331__0004	/scrfs/storage/yikebe/home/research/AR_Crop_Identification/make_dataset/raw_sentinel/pm5/pm5__20200311_20200331__0004	2020-03-29	588681.00000000,3832761.00000000,589449.00000000,3833529.00000000
train	002258	lower__20200326_160346_35_2278_3B_AnalyticMS_SR_8b_clip	pm5__20200311_20200331__0004	/scrfs/storage/yikebe/home/research/AR_Crop_Identification/make_dataset/raw_sentinel/pm5/pm5__20200311_20200331__0004	2020-03-29	585609.00000000,3831993.00000000,586377.00000000,3832761.00000000
train	002274	lower__20200326_160346_35_2278_3B_AnalyticMS_SR_8b_clip	pm5__20200311_20200331__0004	/scrfs/storage/yikebe/home/research/AR_Crop_Identification/make_dataset/raw_sentinel/pm5/pm5__20200311_20200331__0004	2020-03-29	588681.00000000,3831993.00000000,589449.00000000,3832761.00000000
train	002290	lower__20200326_160346_35_2278_3B_AnalyticMS_SR_8b_clip	pm5__20200311_20200331__0004	/scrfs/storage/yikebe/home/research/AR_Crop_Identification/make_dataset/raw_sentinel/pm5/pm5__20200311_20200331__0004	2020-03-29	590985.00000000,3831993.00000000,591753.00000000,3832761.00000000
train	002306	lower__20200326_160346_35_2278_3B_AnalyticMS_SR_8b_clip	pm5__20200311_20200331__0004	/scrfs/storage/yikebe/home/research/AR_Crop_Identification/make_dataset/raw_sentinel/pm5/pm5__20200311_20200331__0004	2020-03-29	585609.00000000,3831225.00000000,586377.00000000,3831993.00000000
train	002322	lower__20200326_160346_35_2278_3B_AnalyticMS_SR_8b_clip	pm5__20200311_20200331__0004	/scrfs/storage/yikebe/home/research/AR_Crop_Identification/make_dataset/raw_sentinel/pm5/pm5__20200311_20200331__0004	2020-03-29	586377.00000000,3831225.00000000,587145.00000000,3831993.00000000
train	002338	lower__20200326_160346_35_2278_3B_AnalyticMS_SR_8b_clip	pm5__20200311_20200331__0004	/scrfs/storage/yikebe/home/research/AR_Crop_Identification/make_dataset/raw_sentinel/pm5/pm5__20200311_20200331__0004	2020-03-29	589449.00000000,3831225.00000000,590217.00000000,3831993.00000000
train	002354	lower__20200326_160346_35_2278_3B_AnalyticMS_SR_8b_clip	pm5__20200311_20200331__0004	/scrfs/storage/yikebe/home/research/AR_Crop_Identification/make_dataset/raw_sentinel/pm5/pm5__20200311_20200331__0004	2020-03-29	590985.00000000,3831225.00000000,591753.00000000,3831993.00000000
train	002370	lower__20200326_160346_35_2278_3B_AnalyticMS_SR_8b_clip	pm5__20200311_20200331__0004	/scrfs/storage/yikebe/home/research/AR_Crop_Identification/make_dataset/raw_sentinel/pm5/pm5__20200311_20200331__0004	2020-03-29	590217.00000000,3830457.00000000,590985.00000000,3831225.00000000
train	002386	lower__20200326_160346_35_2278_3B_AnalyticMS_SR_8b_clip	pm5__20200311_20200331__0004	/scrfs/storage/yikebe/home/research/AR_Crop_Identification/make_dataset/raw_sentinel/pm5/pm5__20200311_20200331__0004	2020-03-29	590985.00000000,3830457.00000000,591753.00000000,3831225.00000000
train	002402	lower__20200511_160017_36_2263_3B_AnalyticMS_SR_8b_clip	pm5__20200506_20200523__0006	/scrfs/storage/yikebe/home/research/AR_Crop_Identification/make_dataset/raw_sentinel/pm5/pm5__20200506_20200523__0006	2020-05-10	685938.00000000,3695643.00000000,686706.00000000,3696411.00000000
train	002418	lower__20200511_160017_36_2263_3B_AnalyticMS_SR_8b_clip	pm5__20200506_20200523__0006	/scrfs/storage/yikebe/home/research/AR_Crop_Identification/make_dataset/raw_sentinel/pm5/pm5__20200506_20200523__0006	2020-05-10	690546.00000000,3695643.00000000,691314.00000000,3696411.00000000
train	002434	lower__20200511_160017_36_2263_3B_AnalyticMS_SR_8b_clip	pm5__20200506_20200523__0006	/scrfs/storage/yikebe/home/research/AR_Crop_Identification/make_dataset/raw_sentinel/pm5/pm5__20200506_20200523__0006	2020-05-10	692850.00000000,3695643.00000000,693618.00000000,3696411.00000000
train	002450	lower__20200511_160017_36_2263_3B_AnalyticMS_SR_8b_clip	pm5__20200506_20200523__0006	/scrfs/storage/yikebe/home/research/AR_Crop_Identification/make_dataset/raw_sentinel/pm5/pm5__20200506_20200523__0006	2020-05-10	685170.00000000,3694875.00000000,685938.00000000,3695643.00000000
train	002466	lower__20200511_160017_36_2263_3B_AnalyticMS_SR_8b_clip	pm5__20200506_20200523__0006	/scrfs/storage/yikebe/home/research/AR_Crop_Identification/make_dataset/raw_sentinel/pm5/pm5__20200506_20200523__0006	2020-05-10	685938.00000000,3694875.00000000,686706.00000000,3695643.00000000
train	002482	lower__20200511_160017_36_2263_3B_AnalyticMS_SR_8b_clip	pm5__20200506_20200523__0006	/scrfs/storage/yikebe/home/research/AR_Crop_Identification/make_dataset/raw_sentinel/pm5/pm5__20200506_20200523__0006	2020-05-10	690546.00000000,3694875.00000000,691314.00000000,3695643.00000000
train	002498	lower__20200511_160017_36_2263_3B_AnalyticMS_SR_8b_clip	pm5__20200506_20200523__0006	/scrfs/storage/yikebe/home/research/AR_Crop_Identification/make_dataset/raw_sentinel/pm5/pm5__20200506_20200523__0006	2020-05-10	684402.00000000,3694107.00000000,685170.00000000,3694875.00000000
train	002514	lower__20200511_160017_36_2263_3B_AnalyticMS_SR_8b_clip	pm5__20200506_20200523__0006	/scrfs/storage/yikebe/home/research/AR_Crop_Identification/make_dataset/raw_sentinel/pm5/pm5__20200506_20200523__0006	2020-05-10	685938.00000000,3694107.00000000,686706.00000000,3694875.00000000
train	002530	lower__20200511_160017_36_2263_3B_AnalyticMS_SR_8b_clip	pm5__20200506_20200523__0006	/scrfs/storage/yikebe/home/research/AR_Crop_Identification/make_dataset/raw_sentinel/pm5/pm5__20200506_20200523__0006	2020-05-10	686706.00000000,3694107.00000000,687474.00000000,3694875.00000000
train	002546	lower__20200511_160017_36_2263_3B_AnalyticMS_SR_8b_clip	pm5__20200506_20200523__0006	/scrfs/storage/yikebe/home/research/AR_Crop_Identification/make_dataset/raw_sentinel/pm5/pm5__20200506_20200523__0006	2020-05-10	690546.00000000,3694107.00000000,691314.00000000,3694875.00000000
train	002562	lower__20200511_160017_36_2263_3B_AnalyticMS_SR_8b_clip	pm5__20200506_20200523__0006	/scrfs/storage/yikebe/home/research/AR_Crop_Identification/make_dataset/raw_sentinel/pm5/pm5__20200506_20200523__0006	2020-05-10	684402.00000000,3693339.00000000,685170.00000000,3694107.00000000
train	002578	lower__20200511_160017_36_2263_3B_AnalyticMS_SR_8b_clip	pm5__20200506_20200523__0006	/scrfs/storage/yikebe/home/research/AR_Crop_Identification/make_dataset/raw_sentinel/pm5/pm5__20200506_20200523__0006	2020-05-10	685170.00000000,3693339.00000000,685938.00000000,3694107.00000000
train	002594	lower__20200511_160017_36_2263_3B_AnalyticMS_SR_8b_clip	pm5__20200506_20200523__0006	/scrfs/storage/yikebe/home/research/AR_Crop_Identification/make_dataset/raw_sentinel/pm5/pm5__20200506_20200523__0006	2020-05-10	688242.00000000,3693339.00000000,689010.00000000,3694107.00000000
train	002610	lower__20200511_160017_36_2263_3B_AnalyticMS_SR_8b_clip	pm5__20200506_20200523__0006	/scrfs/storage/yikebe/home/research/AR_Crop_Identification/make_dataset/raw_sentinel/pm5/pm5__20200506_20200523__0006	2020-05-10	669810.00000000,3692571.00000000,670578.00000000,3693339.00000000
train	002626	lower__20200511_160017_36_2263_3B_AnalyticMS_SR_8b_clip	pm5__20200506_20200523__0006	/scrfs/storage/yikebe/home/research/AR_Crop_Identification/make_dataset/raw_sentinel/pm5/pm5__20200506_20200523__0006	2020-05-10	684402.00000000,3692571.00000000,685170.00000000,3693339.00000000
train	002642	lower__20200511_160017_36_2263_3B_AnalyticMS_SR_8b_clip	pm5__20200506_20200523__0006	/scrfs/storage/yikebe/home/research/AR_Crop_Identification/make_dataset/raw_sentinel/pm5/pm5__20200506_20200523__0006	2020-05-10	690546.00000000,3692571.00000000,691314.00000000,3693339.00000000
train	002658	lower__20200511_160017_36_2263_3B_AnalyticMS_SR_8b_clip	pm5__20200506_20200523__0006	/scrfs/storage/yikebe/home/research/AR_Crop_Identification/make_dataset/raw_sentinel/pm5/pm5__20200506_20200523__0006	2020-05-10	665202.00000000,3688731.00000000,665970.00000000,3689499.00000000
train	002674	lower__20200511_160017_36_2263_3B_AnalyticMS_SR_8b_clip	pm5__20200506_20200523__0006	/scrfs/storage/yikebe/home/research/AR_Crop_Identification/make_dataset/raw_sentinel/pm5/pm5__20200506_20200523__0006	2020-05-10	690546.00000000,3688731.00000000,691314.00000000,3689499.00000000
train	002690	lower__20200511_160017_36_2263_3B_AnalyticMS_SR_8b_clip	pm5__20200506_20200523__0006	/scrfs/storage/yikebe/home/research/AR_Crop_Identification/make_dataset/raw_sentinel/pm5/pm5__20200506_20200523__0006	2020-05-10	666738.00000000,3687963.00000000,667506.00000000,3688731.00000000
train	002706	lower__20200511_160017_36_2263_3B_AnalyticMS_SR_8b_clip	pm5__20200506_20200523__0006	/scrfs/storage/yikebe/home/research/AR_Crop_Identification/make_dataset/raw_sentinel/pm5/pm5__20200506_20200523__0006	2020-05-10	684402.00000000,3687963.00000000,685170.00000000,3688731.00000000
train	002722	lower__20200511_160017_36_2263_3B_AnalyticMS_SR_8b_clip	pm5__20200506_20200523__0006	/scrfs/storage/yikebe/home/research/AR_Crop_Identification/make_dataset/raw_sentinel/pm5/pm5__20200506_20200523__0006	2020-05-10	685170.00000000,3687963.00000000,685938.00000000,3688731.00000000
train	002738	lower__20200511_160017_36_2263_3B_AnalyticMS_SR_8b_clip	pm5__20200506_20200523__0006	/scrfs/storage/yikebe/home/research/AR_Crop_Identification/make_dataset/raw_sentinel/pm5/pm5__20200506_20200523__0006	2020-05-10	685938.00000000,3687963.00000000,686706.00000000,3688731.00000000
train	002754	lower__20200511_160017_36_2263_3B_AnalyticMS_SR_8b_clip	pm5__20200506_20200523__0006	/scrfs/storage/yikebe/home/research/AR_Crop_Identification/make_dataset/raw_sentinel/pm5/pm5__20200506_20200523__0006	2020-05-10	669042.00000000,3687195.00000000,669810.00000000,3687963.00000000
train	002770	lower__20200511_160017_36_2263_3B_AnalyticMS_SR_8b_clip	pm5__20200506_20200523__0006	/scrfs/storage/yikebe/home/research/AR_Crop_Identification/make_dataset/raw_sentinel/pm5/pm5__20200506_20200523__0006	2020-05-10	684402.00000000,3687195.00000000,685170.00000000,3687963.00000000
train	002786	lower__20200511_160017_36_2263_3B_AnalyticMS_SR_8b_clip	pm5__20200506_20200523__0006	/scrfs/storage/yikebe/home/research/AR_Crop_Identification/make_dataset/raw_sentinel/pm5/pm5__20200506_20200523__0006	2020-05-10	685170.00000000,3687195.00000000,685938.00000000,3687963.00000000
train	002802	lower__20200511_160017_36_2263_3B_AnalyticMS_SR_8b_clip	pm5__20200506_20200523__0006	/scrfs/storage/yikebe/home/research/AR_Crop_Identification/make_dataset/raw_sentinel/pm5/pm5__20200506_20200523__0006	2020-05-10	685938.00000000,3687195.00000000,686706.00000000,3687963.00000000
train	002818	lower__20200511_160017_36_2263_3B_AnalyticMS_SR_8b_clip	pm5__20200506_20200523__0006	/scrfs/storage/yikebe/home/research/AR_Crop_Identification/make_dataset/raw_sentinel/pm5/pm5__20200506_20200523__0006	2020-05-10	665970.00000000,3686427.00000000,666738.00000000,3687195.00000000
train	002834	lower__20200511_160017_36_2263_3B_AnalyticMS_SR_8b_clip	pm5__20200506_20200523__0006	/scrfs/storage/yikebe/home/research/AR_Crop_Identification/make_dataset/raw_sentinel/pm5/pm5__20200506_20200523__0006	2020-05-10	684402.00000000,3686427.00000000,685170.00000000,3687195.00000000
train	002850	lower__20200511_160017_36_2263_3B_AnalyticMS_SR_8b_clip	pm5__20200506_20200523__0006	/scrfs/storage/yikebe/home/research/AR_Crop_Identification/make_dataset/raw_sentinel/pm5/pm5__20200506_20200523__0006	2020-05-10	685170.00000000,3686427.00000000,685938.00000000,3687195.00000000
train	002866	lower__20200511_160017_36_2263_3B_AnalyticMS_SR_8b_clip	pm5__20200506_20200523__0006	/scrfs/storage/yikebe/home/research/AR_Crop_Identification/make_dataset/raw_sentinel/pm5/pm5__20200506_20200523__0006	2020-05-10	685938.00000000,3686427.00000000,686706.00000000,3687195.00000000
train	002882	lower__20200511_160017_36_2263_3B_AnalyticMS_SR_8b_clip	pm5__20200506_20200523__0006	/scrfs/storage/yikebe/home/research/AR_Crop_Identification/make_dataset/raw_sentinel/pm5/pm5__20200506_20200523__0006	2020-05-10	693618.00000000,3686427.00000000,694386.00000000,3687195.00000000
train	002898	lower__20200511_160017_36_2263_3B_AnalyticMS_SR_8b_clip	pm5__20200506_20200523__0006	/scrfs/storage/yikebe/home/research/AR_Crop_Identification/make_dataset/raw_sentinel/pm5/pm5__20200506_20200523__0006	2020-05-10	694386.00000000,3686427.00000000,695154.00000000,3687195.00000000
train	002914	lower__20200511_160017_36_2263_3B_AnalyticMS_SR_8b_clip	pm5__20200506_20200523__0006	/scrfs/storage/yikebe/home/research/AR_Crop_Identification/make_dataset/raw_sentinel/pm5/pm5__20200506_20200523__0006	2020-05-10	685170.00000000,3685659.00000000,685938.00000000,3686427.00000000
train	002930	lower__20200511_160017_36_2263_3B_AnalyticMS_SR_8b_clip	pm5__20200506_20200523__0006	/scrfs/storage/yikebe/home/research/AR_Crop_Identification/make_dataset/raw_sentinel/pm5/pm5__20200506_20200523__0006	2020-05-10	692850.00000000,3685659.00000000,693618.00000000,3686427.00000000
train	002946	lower__20200511_160017_36_2263_3B_AnalyticMS_SR_8b_clip	pm5__20200506_20200523__0006	/scrfs/storage/yikebe/home/research/AR_Crop_Identification/make_dataset/raw_sentinel/pm5/pm5__20200506_20200523__0006	2020-05-10	693618.00000000,3685659.00000000,694386.00000000,3686427.00000000
train	002962	lower__20200511_160017_36_2263_3B_AnalyticMS_SR_8b_clip	pm5__20200506_20200523__0006	/scrfs/storage/yikebe/home/research/AR_Crop_Identification/make_dataset/raw_sentinel/pm5/pm5__20200506_20200523__0006	2020-05-10	665202.00000000,3684891.00000000,665970.00000000,3685659.00000000
train	002978	lower__20200511_160017_36_2263_3B_AnalyticMS_SR_8b_clip	pm5__20200506_20200523__0006	/scrfs/storage/yikebe/home/research/AR_Crop_Identification/make_dataset/raw_sentinel/pm5/pm5__20200506_20200523__0006	2020-05-10	685170.00000000,3684891.00000000,685938.00000000,3685659.00000000
train	002994	lower__20200511_160017_36_2263_3B_AnalyticMS_SR_8b_clip	pm5__20200506_20200523__0006	/scrfs/storage/yikebe/home/research/AR_Crop_Identification/make_dataset/raw_sentinel/pm5/pm5__20200506_20200523__0006	2020-05-10	685938.00000000,3684891.00000000,686706.00000000,3685659.00000000
train	003010	lower__20200511_160017_36_2263_3B_AnalyticMS_SR_8b_clip	pm5__20200506_20200523__0006	/scrfs/storage/yikebe/home/research/AR_Crop_Identification/make_dataset/raw_sentinel/pm5/pm5__20200506_20200523__0006	2020-05-10	686706.00000000,3684891.00000000,687474.00000000,3685659.00000000
train	003026	lower__20200511_160017_36_2263_3B_AnalyticMS_SR_8b_clip	pm5__20200506_20200523__0006	/scrfs/storage/yikebe/home/research/AR_Crop_Identification/make_dataset/raw_sentinel/pm5/pm5__20200506_20200523__0006	2020-05-10	687474.00000000,3684891.00000000,688242.00000000,3685659.00000000
train	003042	lower__20200511_160017_36_2263_3B_AnalyticMS_SR_8b_clip	pm5__20200506_20200523__0006	/scrfs/storage/yikebe/home/research/AR_Crop_Identification/make_dataset/raw_sentinel/pm5/pm5__20200506_20200523__0006	2020-05-10	675954.00000000,3684123.00000000,676722.00000000,3684891.00000000
train	003058	lower__20200511_160017_36_2263_3B_AnalyticMS_SR_8b_clip	pm5__20200506_20200523__0006	/scrfs/storage/yikebe/home/research/AR_Crop_Identification/make_dataset/raw_sentinel/pm5/pm5__20200506_20200523__0006	2020-05-10	685938.00000000,3684123.00000000,686706.00000000,3684891.00000000
train	003074	lower__20200511_160017_36_2263_3B_AnalyticMS_SR_8b_clip	pm5__20200506_20200523__0006	/scrfs/storage/yikebe/home/research/AR_Crop_Identification/make_dataset/raw_sentinel/pm5/pm5__20200506_20200523__0006	2020-05-10	688242.00000000,3684123.00000000,689010.00000000,3684891.00000000
train	003090	lower__20200511_160017_36_2263_3B_AnalyticMS_SR_8b_clip	pm5__20200506_20200523__0006	/scrfs/storage/yikebe/home/research/AR_Crop_Identification/make_dataset/raw_sentinel/pm5/pm5__20200506_20200523__0006	2020-05-10	685938.00000000,3683355.00000000,686706.00000000,3684123.00000000
train	003106	lower__20200511_160017_36_2263_3B_AnalyticMS_SR_8b_clip	pm5__20200506_20200523__0006	/scrfs/storage/yikebe/home/research/AR_Crop_Identification/make_dataset/raw_sentinel/pm5/pm5__20200506_20200523__0006	2020-05-10	686706.00000000,3683355.00000000,687474.00000000,3684123.00000000
train	003122	lower__20200511_160017_36_2263_3B_AnalyticMS_SR_8b_clip	pm5__20200506_20200523__0006	/scrfs/storage/yikebe/home/research/AR_Crop_Identification/make_dataset/raw_sentinel/pm5/pm5__20200506_20200523__0006	2020-05-10	690546.00000000,3683355.00000000,691314.00000000,3684123.00000000
train	003138	lower__20200511_160017_36_2263_3B_AnalyticMS_SR_8b_clip	pm5__20200506_20200523__0006	/scrfs/storage/yikebe/home/research/AR_Crop_Identification/make_dataset/raw_sentinel/pm5/pm5__20200506_20200523__0006	2020-05-10	689010.00000000,3682587.00000000,689778.00000000,3683355.00000000
train	003154	lower__20200511_160017_36_2263_3B_AnalyticMS_SR_8b_clip	pm5__20200506_20200523__0006	/scrfs/storage/yikebe/home/research/AR_Crop_Identification/make_dataset/raw_sentinel/pm5/pm5__20200506_20200523__0006	2020-05-10	692850.00000000,3682587.00000000,693618.00000000,3683355.00000000
train	003170	lower__20200511_160017_36_2263_3B_AnalyticMS_SR_8b_clip	pm5__20200506_20200523__0006	/scrfs/storage/yikebe/home/research/AR_Crop_Identification/make_dataset/raw_sentinel/pm5/pm5__20200506_20200523__0006	2020-05-10	694386.00000000,3682587.00000000,695154.00000000,3683355.00000000
train	003186	lower__20200511_160017_36_2263_3B_AnalyticMS_SR_8b_clip	pm5__20200506_20200523__0006	/scrfs/storage/yikebe/home/research/AR_Crop_Identification/make_dataset/raw_sentinel/pm5/pm5__20200506_20200523__0006	2020-05-10	666738.00000000,3681819.00000000,667506.00000000,3682587.00000000
train	003202	lower__20200511_160017_36_2263_3B_AnalyticMS_SR_8b_clip	pm5__20200506_20200523__0006	/scrfs/storage/yikebe/home/research/AR_Crop_Identification/make_dataset/raw_sentinel/pm5/pm5__20200506_20200523__0006	2020-05-10	673650.00000000,3681819.00000000,674418.00000000,3682587.00000000
train	003218	lower__20200511_160017_36_2263_3B_AnalyticMS_SR_8b_clip	pm5__20200506_20200523__0006	/scrfs/storage/yikebe/home/research/AR_Crop_Identification/make_dataset/raw_sentinel/pm5/pm5__20200506_20200523__0006	2020-05-10	674418.00000000,3681819.00000000,675186.00000000,3682587.00000000
train	003234	lower__20200511_160017_36_2263_3B_AnalyticMS_SR_8b_clip	pm5__20200506_20200523__0006	/scrfs/storage/yikebe/home/research/AR_Crop_Identification/make_dataset/raw_sentinel/pm5/pm5__20200506_20200523__0006	2020-05-10	692850.00000000,3681819.00000000,693618.00000000,3682587.00000000
train	003250	lower__20200511_160017_36_2263_3B_AnalyticMS_SR_8b_clip	pm5__20200506_20200523__0006	/scrfs/storage/yikebe/home/research/AR_Crop_Identification/make_dataset/raw_sentinel/pm5/pm5__20200506_20200523__0006	2020-05-10	694386.00000000,3681819.00000000,695154.00000000,3682587.00000000
train	003266	lower__20200511_160017_36_2263_3B_AnalyticMS_SR_8b_clip	pm5__20200506_20200523__0006	/scrfs/storage/yikebe/home/research/AR_Crop_Identification/make_dataset/raw_sentinel/pm5/pm5__20200506_20200523__0006	2020-05-10	689010.00000000,3680283.00000000,689778.00000000,3681051.00000000
train	003282	lower__20200511_160017_36_2263_3B_AnalyticMS_SR_8b_clip	pm5__20200506_20200523__0006	/scrfs/storage/yikebe/home/research/AR_Crop_Identification/make_dataset/raw_sentinel/pm5/pm5__20200506_20200523__0006	2020-05-10	689778.00000000,3680283.00000000,690546.00000000,3681051.00000000
train	003298	lower__20200511_160017_36_2263_3B_AnalyticMS_SR_8b_clip	pm5__20200506_20200523__0006	/scrfs/storage/yikebe/home/research/AR_Crop_Identification/make_dataset/raw_sentinel/pm5/pm5__20200506_20200523__0006	2020-05-10	692082.00000000,3680283.00000000,692850.00000000,3681051.00000000
train	003314	lower__20200511_160017_36_2263_3B_AnalyticMS_SR_8b_clip	pm5__20200506_20200523__0006	/scrfs/storage/yikebe/home/research/AR_Crop_Identification/make_dataset/raw_sentinel/pm5/pm5__20200506_20200523__0006	2020-05-10	690546.00000000,3679515.00000000,691314.00000000,3680283.00000000
train	003330	lower__20200511_160017_36_2263_3B_AnalyticMS_SR_8b_clip	pm5__20200506_20200523__0006	/scrfs/storage/yikebe/home/research/AR_Crop_Identification/make_dataset/raw_sentinel/pm5/pm5__20200506_20200523__0006	2020-05-10	690546.00000000,3677979.00000000,691314.00000000,3678747.00000000
train	003346	lower__20200511_160017_36_2263_3B_AnalyticMS_SR_8b_clip	pm5__20200506_20200523__0006	/scrfs/storage/yikebe/home/research/AR_Crop_Identification/make_dataset/raw_sentinel/pm5/pm5__20200506_20200523__0006	2020-05-10	691314.00000000,3677979.00000000,692082.00000000,3678747.00000000
train	003362	lower__20200511_160017_36_2263_3B_AnalyticMS_SR_8b_clip	pm5__20200506_20200523__0006	/scrfs/storage/yikebe/home/research/AR_Crop_Identification/make_dataset/raw_sentinel/pm5/pm5__20200506_20200523__0006	2020-05-10	692850.00000000,3676443.00000000,693618.00000000,3677211.00000000
train	003378	lower__20200717_160355_40_2271_3B_AnalyticMS_SR_8b_clip	pm5__20200705_20200723__0015	/scrfs/storage/yikebe/home/research/AR_Crop_Identification/make_dataset/raw_sentinel/pm5/pm5__20200705_20200723__0015	2020-07-17	633807.00000000,3760221.00000000,634575.00000000,3760989.00000000
train	003394	lower__20200717_160355_40_2271_3B_AnalyticMS_SR_8b_clip	pm5__20200705_20200723__0015	/scrfs/storage/yikebe/home/research/AR_Crop_Identification/make_dataset/raw_sentinel/pm5/pm5__20200705_20200723__0015	2020-07-17	634575.00000000,3760221.00000000,635343.00000000,3760989.00000000
train	003410	lower__20200910_155456_91_2206_3B_AnalyticMS_SR_8b_clip	pm5__20200905_20200924__0031	/scrfs/storage/yikebe/home/research/AR_Crop_Identification/make_dataset/raw_sentinel/pm5/pm5__20200905_20200924__0031	2020-09-12	746469.00000000,3663390.00000000,747237.00000000,3664158.00000000
train	003426	lower__20200910_160119_58_222c_3B_AnalyticMS_SR_8b_clip	pm5__20200905_20200924__0024	/scrfs/storage/yikebe/home/research/AR_Crop_Identification/make_dataset/raw_sentinel/pm5/pm5__20200905_20200924__0024	2020-09-10	667251.00000000,3846732.00000000,668019.00000000,3847500.00000000
train	003442	lower__20200910_160119_58_222c_3B_AnalyticMS_SR_8b_clip	pm5__20200905_20200924__0024	/scrfs/storage/yikebe/home/research/AR_Crop_Identification/make_dataset/raw_sentinel/pm5/pm5__20200905_20200924__0024	2020-09-10	669555.00000000,3845196.00000000,670323.00000000,3845964.00000000
train	003458	lower__20200910_160119_58_222c_3B_AnalyticMS_SR_8b_clip	pm5__20200905_20200924__0024	/scrfs/storage/yikebe/home/research/AR_Crop_Identification/make_dataset/raw_sentinel/pm5/pm5__20200905_20200924__0024	2020-09-10	669555.00000000,3842892.00000000,670323.00000000,3843660.00000000
train	003474	lower__20200910_160119_58_222c_3B_AnalyticMS_SR_8b_clip	pm5__20200905_20200924__0024	/scrfs/storage/yikebe/home/research/AR_Crop_Identification/make_dataset/raw_sentinel/pm5/pm5__20200905_20200924__0024	2020-09-10	678003.00000000,3841356.00000000,678771.00000000,3842124.00000000
train	003490	lower__20200910_160119_58_222c_3B_AnalyticMS_SR_8b_clip	pm5__20200905_20200924__0024	/scrfs/storage/yikebe/home/research/AR_Crop_Identification/make_dataset/raw_sentinel/pm5/pm5__20200905_20200924__0024	2020-09-10	678771.00000000,3841356.00000000,679539.00000000,3842124.00000000
train	003506	lower__20200910_160119_58_222c_3B_AnalyticMS_SR_8b_clip	pm5__20200905_20200924__0024	/scrfs/storage/yikebe/home/research/AR_Crop_Identification/make_dataset/raw_sentinel/pm5/pm5__20200905_20200924__0024	2020-09-10	674163.00000000,3840588.00000000,674931.00000000,3841356.00000000
train	003522	lower__20200910_160119_58_222c_3B_AnalyticMS_SR_8b_clip	pm5__20200905_20200924__0024	/scrfs/storage/yikebe/home/research/AR_Crop_Identification/make_dataset/raw_sentinel/pm5/pm5__20200905_20200924__0024	2020-09-10	678003.00000000,3840588.00000000,678771.00000000,3841356.00000000
train	003538	lower__20200910_160119_58_222c_3B_AnalyticMS_SR_8b_clip	pm5__20200905_20200924__0024	/scrfs/storage/yikebe/home/research/AR_Crop_Identification/make_dataset/raw_sentinel/pm5/pm5__20200905_20200924__0024	2020-09-10	682611.00000000,3840588.00000000,683379.00000000,3841356.00000000
train	003554	lower__20200910_160119_58_222c_3B_AnalyticMS_SR_8b_clip	pm5__20200905_20200924__0024	/scrfs/storage/yikebe/home/research/AR_Crop_Identification/make_dataset/raw_sentinel/pm5/pm5__20200905_20200924__0024	2020-09-10	674163.00000000,3839820.00000000,674931.00000000,3840588.00000000
train	003570	lower__20200910_160119_58_222c_3B_AnalyticMS_SR_8b_clip	pm5__20200905_20200924__0024	/scrfs/storage/yikebe/home/research/AR_Crop_Identification/make_dataset/raw_sentinel/pm5/pm5__20200905_20200924__0024	2020-09-10	676467.00000000,3839052.00000000,677235.00000000,3839820.00000000
train	003586	lower__20200910_160119_58_222c_3B_AnalyticMS_SR_8b_clip	pm5__20200905_20200924__0024	/scrfs/storage/yikebe/home/research/AR_Crop_Identification/make_dataset/raw_sentinel/pm5/pm5__20200905_20200924__0024	2020-09-10	684915.00000000,3839052.00000000,685683.00000000,3839820.00000000
train	003602	lower__20200910_160119_58_222c_3B_AnalyticMS_SR_8b_clip	pm5__20200905_20200924__0024	/scrfs/storage/yikebe/home/research/AR_Crop_Identification/make_dataset/raw_sentinel/pm5/pm5__20200905_20200924__0024	2020-09-10	682611.00000000,3836748.00000000,683379.00000000,3837516.00000000
train	003618	lower__20200910_160119_58_222c_3B_AnalyticMS_SR_8b_clip	pm5__20200905_20200924__0024	/scrfs/storage/yikebe/home/research/AR_Crop_Identification/make_dataset/raw_sentinel/pm5/pm5__20200905_20200924__0024	2020-09-10	684147.00000000,3832908.00000000,684915.00000000,3833676.00000000
train	003634	lower__20200911_160149_41_2235_3B_AnalyticMS_SR_8b_clip	pm5__20200905_20200924__0025	/scrfs/storage/yikebe/home/research/AR_Crop_Identification/make_dataset/raw_sentinel/pm5/pm5__20200905_20200924__0025	2020-09-07	702072.00000000,3808947.00000000,702840.00000000,3809715.00000000
train	003650	lower__20200911_160149_41_2235_3B_AnalyticMS_SR_8b_clip	pm5__20200905_20200924__0025	/scrfs/storage/yikebe/home/research/AR_Crop_Identification/make_dataset/raw_sentinel/pm5/pm5__20200905_20200924__0025	2020-09-07	707448.00000000,3808947.00000000,708216.00000000,3809715.00000000
train	003666	lower__20200911_160149_41_2235_3B_AnalyticMS_SR_8b_clip	pm5__20200905_20200924__0025	/scrfs/storage/yikebe/home/research/AR_Crop_Identification/make_dataset/raw_sentinel/pm5/pm5__20200905_20200924__0025	2020-09-07	708216.00000000,3808947.00000000,708984.00000000,3809715.00000000
train	003682	lower__20200911_160149_41_2235_3B_AnalyticMS_SR_8b_clip	pm5__20200905_20200924__0025	/scrfs/storage/yikebe/home/research/AR_Crop_Identification/make_dataset/raw_sentinel/pm5/pm5__20200905_20200924__0025	2020-09-07	708984.00000000,3808947.00000000,709752.00000000,3809715.00000000
train	003698	lower__20200911_160149_41_2235_3B_AnalyticMS_SR_8b_clip	pm5__20200905_20200924__0025	/scrfs/storage/yikebe/home/research/AR_Crop_Identification/make_dataset/raw_sentinel/pm5/pm5__20200905_20200924__0025	2020-09-07	714360.00000000,3808947.00000000,715128.00000000,3809715.00000000
train	003714	lower__20200911_160149_41_2235_3B_AnalyticMS_SR_8b_clip	pm5__20200905_20200924__0025	/scrfs/storage/yikebe/home/research/AR_Crop_Identification/make_dataset/raw_sentinel/pm5/pm5__20200905_20200924__0025	2020-09-07	715896.00000000,3808947.00000000,716664.00000000,3809715.00000000
train	003730	lower__20200911_160149_41_2235_3B_AnalyticMS_SR_8b_clip	pm5__20200905_20200924__0025	/scrfs/storage/yikebe/home/research/AR_Crop_Identification/make_dataset/raw_sentinel/pm5/pm5__20200905_20200924__0025	2020-09-07	701304.00000000,3808179.00000000,702072.00000000,3808947.00000000
train	003746	lower__20200911_160149_41_2235_3B_AnalyticMS_SR_8b_clip	pm5__20200905_20200924__0025	/scrfs/storage/yikebe/home/research/AR_Crop_Identification/make_dataset/raw_sentinel/pm5/pm5__20200905_20200924__0025	2020-09-07	712056.00000000,3808179.00000000,712824.00000000,3808947.00000000
train	003762	lower__20200911_160149_41_2235_3B_AnalyticMS_SR_8b_clip	pm5__20200905_20200924__0025	/scrfs/storage/yikebe/home/research/AR_Crop_Identification/make_dataset/raw_sentinel/pm5/pm5__20200905_20200924__0025	2020-09-07	712824.00000000,3808179.00000000,713592.00000000,3808947.00000000
train	003778	lower__20200911_160149_41_2235_3B_AnalyticMS_SR_8b_clip	pm5__20200905_20200924__0025	/scrfs/storage/yikebe/home/research/AR_Crop_Identification/make_dataset/raw_sentinel/pm5/pm5__20200905_20200924__0025	2020-09-07	713592.00000000,3808179.00000000,714360.00000000,3808947.00000000
train	003794	lower__20200911_160149_41_2235_3B_AnalyticMS_SR_8b_clip	pm5__20200905_20200924__0025	/scrfs/storage/yikebe/home/research/AR_Crop_Identification/make_dataset/raw_sentinel/pm5/pm5__20200905_20200924__0025	2020-09-07	714360.00000000,3808179.00000000,715128.00000000,3808947.00000000
train	003810	lower__20200911_160149_41_2235_3B_AnalyticMS_SR_8b_clip	pm5__20200905_20200924__0025	/scrfs/storage/yikebe/home/research/AR_Crop_Identification/make_dataset/raw_sentinel/pm5/pm5__20200905_20200924__0025	2020-09-07	715128.00000000,3808179.00000000,715896.00000000,3808947.00000000
train	003826	lower__20200911_160149_41_2235_3B_AnalyticMS_SR_8b_clip	pm5__20200905_20200924__0025	/scrfs/storage/yikebe/home/research/AR_Crop_Identification/make_dataset/raw_sentinel/pm5/pm5__20200905_20200924__0025	2020-09-07	703608.00000000,3807411.00000000,704376.00000000,3808179.00000000
train	003842	lower__20200911_160149_41_2235_3B_AnalyticMS_SR_8b_clip	pm5__20200905_20200924__0025	/scrfs/storage/yikebe/home/research/AR_Crop_Identification/make_dataset/raw_sentinel/pm5/pm5__20200905_20200924__0025	2020-09-07	715128.00000000,3806643.00000000,715896.00000000,3807411.00000000
train	003858	lower__20200911_160149_41_2235_3B_AnalyticMS_SR_8b_clip	pm5__20200905_20200924__0025	/scrfs/storage/yikebe/home/research/AR_Crop_Identification/make_dataset/raw_sentinel/pm5/pm5__20200905_20200924__0025	2020-09-07	716664.00000000,3806643.00000000,717432.00000000,3807411.00000000
train	003874	lower__20200911_160149_41_2235_3B_AnalyticMS_SR_8b_clip	pm5__20200905_20200924__0025	/scrfs/storage/yikebe/home/research/AR_Crop_Identification/make_dataset/raw_sentinel/pm5/pm5__20200905_20200924__0025	2020-09-07	722040.00000000,3806643.00000000,722808.00000000,3807411.00000000
train	003890	lower__20200911_160149_41_2235_3B_AnalyticMS_SR_8b_clip	pm5__20200905_20200924__0025	/scrfs/storage/yikebe/home/research/AR_Crop_Identification/make_dataset/raw_sentinel/pm5/pm5__20200905_20200924__0025	2020-09-07	723576.00000000,3806643.00000000,724344.00000000,3807411.00000000
train	003906	lower__20200911_160149_41_2235_3B_AnalyticMS_SR_8b_clip	pm5__20200905_20200924__0025	/scrfs/storage/yikebe/home/research/AR_Crop_Identification/make_dataset/raw_sentinel/pm5/pm5__20200905_20200924__0025	2020-09-07	714360.00000000,3805875.00000000,715128.00000000,3806643.00000000
train	003922	lower__20200911_160149_41_2235_3B_AnalyticMS_SR_8b_clip	pm5__20200905_20200924__0025	/scrfs/storage/yikebe/home/research/AR_Crop_Identification/make_dataset/raw_sentinel/pm5/pm5__20200905_20200924__0025	2020-09-07	731256.00000000,3805875.00000000,732024.00000000,3806643.00000000
train	003938	lower__20200911_160149_41_2235_3B_AnalyticMS_SR_8b_clip	pm5__20200905_20200924__0025	/scrfs/storage/yikebe/home/research/AR_Crop_Identification/make_dataset/raw_sentinel/pm5/pm5__20200905_20200924__0025	2020-09-07	700536.00000000,3805107.00000000,701304.00000000,3805875.00000000
train	003954	lower__20200911_160149_41_2235_3B_AnalyticMS_SR_8b_clip	pm5__20200905_20200924__0025	/scrfs/storage/yikebe/home/research/AR_Crop_Identification/make_dataset/raw_sentinel/pm5/pm5__20200905_20200924__0025	2020-09-07	721272.00000000,3805107.00000000,722040.00000000,3805875.00000000
train	003970	lower__20200911_160149_41_2235_3B_AnalyticMS_SR_8b_clip	pm5__20200905_20200924__0025	/scrfs/storage/yikebe/home/research/AR_Crop_Identification/make_dataset/raw_sentinel/pm5/pm5__20200905_20200924__0025	2020-09-07	722040.00000000,3805107.00000000,722808.00000000,3805875.00000000
train	003986	lower__20200911_160149_41_2235_3B_AnalyticMS_SR_8b_clip	pm5__20200905_20200924__0025	/scrfs/storage/yikebe/home/research/AR_Crop_Identification/make_dataset/raw_sentinel/pm5/pm5__20200905_20200924__0025	2020-09-07	726648.00000000,3805107.00000000,727416.00000000,3805875.00000000
train	004002	lower__20200911_160149_41_2235_3B_AnalyticMS_SR_8b_clip	pm5__20200905_20200924__0025	/scrfs/storage/yikebe/home/research/AR_Crop_Identification/make_dataset/raw_sentinel/pm5/pm5__20200905_20200924__0025	2020-09-07	730488.00000000,3805107.00000000,731256.00000000,3805875.00000000
train	004018	lower__20200911_160149_41_2235_3B_AnalyticMS_SR_8b_clip	pm5__20200905_20200924__0025	/scrfs/storage/yikebe/home/research/AR_Crop_Identification/make_dataset/raw_sentinel/pm5/pm5__20200905_20200924__0025	2020-09-07	703608.00000000,3804339.00000000,704376.00000000,3805107.00000000
train	004034	lower__20200911_160149_41_2235_3B_AnalyticMS_SR_8b_clip	pm5__20200905_20200924__0025	/scrfs/storage/yikebe/home/research/AR_Crop_Identification/make_dataset/raw_sentinel/pm5/pm5__20200905_20200924__0025	2020-09-07	720504.00000000,3804339.00000000,721272.00000000,3805107.00000000
train	004050	lower__20200911_160149_41_2235_3B_AnalyticMS_SR_8b_clip	pm5__20200905_20200924__0025	/scrfs/storage/yikebe/home/research/AR_Crop_Identification/make_dataset/raw_sentinel/pm5/pm5__20200905_20200924__0025	2020-09-07	721272.00000000,3804339.00000000,722040.00000000,3805107.00000000
train	004066	lower__20200911_160149_41_2235_3B_AnalyticMS_SR_8b_clip	pm5__20200905_20200924__0025	/scrfs/storage/yikebe/home/research/AR_Crop_Identification/make_dataset/raw_sentinel/pm5/pm5__20200905_20200924__0025	2020-09-07	722040.00000000,3804339.00000000,722808.00000000,3805107.00000000
train	004082	lower__20200911_160149_41_2235_3B_AnalyticMS_SR_8b_clip	pm5__20200905_20200924__0025	/scrfs/storage/yikebe/home/research/AR_Crop_Identification/make_dataset/raw_sentinel/pm5/pm5__20200905_20200924__0025	2020-09-07	728952.00000000,3804339.00000000,729720.00000000,3805107.00000000
train	004098	lower__20200911_160149_41_2235_3B_AnalyticMS_SR_8b_clip	pm5__20200905_20200924__0025	/scrfs/storage/yikebe/home/research/AR_Crop_Identification/make_dataset/raw_sentinel/pm5/pm5__20200905_20200924__0025	2020-09-07	729720.00000000,3804339.00000000,730488.00000000,3805107.00000000
train	004114	lower__20200911_160149_41_2235_3B_AnalyticMS_SR_8b_clip	pm5__20200905_20200924__0025	/scrfs/storage/yikebe/home/research/AR_Crop_Identification/make_dataset/raw_sentinel/pm5/pm5__20200905_20200924__0025	2020-09-07	730488.00000000,3804339.00000000,731256.00000000,3805107.00000000
train	004130	lower__20200911_160149_41_2235_3B_AnalyticMS_SR_8b_clip	pm5__20200905_20200924__0025	/scrfs/storage/yikebe/home/research/AR_Crop_Identification/make_dataset/raw_sentinel/pm5/pm5__20200905_20200924__0025	2020-09-07	699768.00000000,3803571.00000000,700536.00000000,3804339.00000000
train	004146	lower__20200911_160149_41_2235_3B_AnalyticMS_SR_8b_clip	pm5__20200905_20200924__0025	/scrfs/storage/yikebe/home/research/AR_Crop_Identification/make_dataset/raw_sentinel/pm5/pm5__20200905_20200924__0025	2020-09-07	702072.00000000,3803571.00000000,702840.00000000,3804339.00000000
train	004162	lower__20200911_160149_41_2235_3B_AnalyticMS_SR_8b_clip	pm5__20200905_20200924__0025	/scrfs/storage/yikebe/home/research/AR_Crop_Identification/make_dataset/raw_sentinel/pm5/pm5__20200905_20200924__0025	2020-09-07	725112.00000000,3803571.00000000,725880.00000000,3804339.00000000
train	004178	lower__20200911_160149_41_2235_3B_AnalyticMS_SR_8b_clip	pm5__20200905_20200924__0025	/scrfs/storage/yikebe/home/research/AR_Crop_Identification/make_dataset/raw_sentinel/pm5/pm5__20200905_20200924__0025	2020-09-07	725880.00000000,3803571.00000000,726648.00000000,3804339.00000000
train	004194	lower__20200911_160149_41_2235_3B_AnalyticMS_SR_8b_clip	pm5__20200905_20200924__0025	/scrfs/storage/yikebe/home/research/AR_Crop_Identification/make_dataset/raw_sentinel/pm5/pm5__20200905_20200924__0025	2020-09-07	728952.00000000,3803571.00000000,729720.00000000,3804339.00000000
train	004210	lower__20200911_160149_41_2235_3B_AnalyticMS_SR_8b_clip	pm5__20200905_20200924__0025	/scrfs/storage/yikebe/home/research/AR_Crop_Identification/make_dataset/raw_sentinel/pm5/pm5__20200905_20200924__0025	2020-09-07	702072.00000000,3802803.00000000,702840.00000000,3803571.00000000
train	004226	lower__20200911_160149_41_2235_3B_AnalyticMS_SR_8b_clip	pm5__20200905_20200924__0025	/scrfs/storage/yikebe/home/research/AR_Crop_Identification/make_dataset/raw_sentinel/pm5/pm5__20200905_20200924__0025	2020-09-07	714360.00000000,3802803.00000000,715128.00000000,3803571.00000000
train	004242	lower__20200911_160149_41_2235_3B_AnalyticMS_SR_8b_clip	pm5__20200905_20200924__0025	/scrfs/storage/yikebe/home/research/AR_Crop_Identification/make_dataset/raw_sentinel/pm5/pm5__20200905_20200924__0025	2020-09-07	718968.00000000,3802803.00000000,719736.00000000,3803571.00000000
train	004258	lower__20200911_160149_41_2235_3B_AnalyticMS_SR_8b_clip	pm5__20200905_20200924__0025	/scrfs/storage/yikebe/home/research/AR_Crop_Identification/make_dataset/raw_sentinel/pm5/pm5__20200905_20200924__0025	2020-09-07	723576.00000000,3802803.00000000,724344.00000000,3803571.00000000
train	004274	lower__20200911_160149_41_2235_3B_AnalyticMS_SR_8b_clip	pm5__20200905_20200924__0025	/scrfs/storage/yikebe/home/research/AR_Crop_Identification/make_dataset/raw_sentinel/pm5/pm5__20200905_20200924__0025	2020-09-07	699768.00000000,3802035.00000000,700536.00000000,3802803.00000000
train	004290	lower__20200911_160149_41_2235_3B_AnalyticMS_SR_8b_clip	pm5__20200905_20200924__0025	/scrfs/storage/yikebe/home/research/AR_Crop_Identification/make_dataset/raw_sentinel/pm5/pm5__20200905_20200924__0025	2020-09-07	702072.00000000,3802035.00000000,702840.00000000,3802803.00000000
train	004306	lower__20200911_160149_41_2235_3B_AnalyticMS_SR_8b_clip	pm5__20200905_20200924__0025	/scrfs/storage/yikebe/home/research/AR_Crop_Identification/make_dataset/raw_sentinel/pm5/pm5__20200905_20200924__0025	2020-09-07	702840.00000000,3802035.00000000,703608.00000000,3802803.00000000
train	004322	lower__20200911_160149_41_2235_3B_AnalyticMS_SR_8b_clip	pm5__20200905_20200924__0025	/scrfs/storage/yikebe/home/research/AR_Crop_Identification/make_dataset/raw_sentinel/pm5/pm5__20200905_20200924__0025	2020-09-07	703608.00000000,3802035.00000000,704376.00000000,3802803.00000000
train	004338	lower__20200911_160149_41_2235_3B_AnalyticMS_SR_8b_clip	pm5__20200905_20200924__0025	/scrfs/storage/yikebe/home/research/AR_Crop_Identification/make_dataset/raw_sentinel/pm5/pm5__20200905_20200924__0025	2020-09-07	714360.00000000,3802035.00000000,715128.00000000,3802803.00000000
train	004354	lower__20200911_160149_41_2235_3B_AnalyticMS_SR_8b_clip	pm5__20200905_20200924__0025	/scrfs/storage/yikebe/home/research/AR_Crop_Identification/make_dataset/raw_sentinel/pm5/pm5__20200905_20200924__0025	2020-09-07	724344.00000000,3802035.00000000,725112.00000000,3802803.00000000
train	004370	lower__20200911_160149_41_2235_3B_AnalyticMS_SR_8b_clip	pm5__20200905_20200924__0025	/scrfs/storage/yikebe/home/research/AR_Crop_Identification/make_dataset/raw_sentinel/pm5/pm5__20200905_20200924__0025	2020-09-07	699768.00000000,3801267.00000000,700536.00000000,3802035.00000000
train	004386	lower__20200911_160149_41_2235_3B_AnalyticMS_SR_8b_clip	pm5__20200905_20200924__0025	/scrfs/storage/yikebe/home/research/AR_Crop_Identification/make_dataset/raw_sentinel/pm5/pm5__20200905_20200924__0025	2020-09-07	700536.00000000,3801267.00000000,701304.00000000,3802035.00000000
train	004402	lower__20200911_160149_41_2235_3B_AnalyticMS_SR_8b_clip	pm5__20200905_20200924__0025	/scrfs/storage/yikebe/home/research/AR_Crop_Identification/make_dataset/raw_sentinel/pm5/pm5__20200905_20200924__0025	2020-09-07	702072.00000000,3801267.00000000,702840.00000000,3802035.00000000
train	004418	lower__20200911_160149_41_2235_3B_AnalyticMS_SR_8b_clip	pm5__20200905_20200924__0025	/scrfs/storage/yikebe/home/research/AR_Crop_Identification/make_dataset/raw_sentinel/pm5/pm5__20200905_20200924__0025	2020-09-07	702840.00000000,3801267.00000000,703608.00000000,3802035.00000000
train	004434	lower__20200911_160149_41_2235_3B_AnalyticMS_SR_8b_clip	pm5__20200905_20200924__0025	/scrfs/storage/yikebe/home/research/AR_Crop_Identification/make_dataset/raw_sentinel/pm5/pm5__20200905_20200924__0025	2020-09-07	703608.00000000,3801267.00000000,704376.00000000,3802035.00000000
train	004450	lower__20200911_160149_41_2235_3B_AnalyticMS_SR_8b_clip	pm5__20200905_20200924__0025	/scrfs/storage/yikebe/home/research/AR_Crop_Identification/make_dataset/raw_sentinel/pm5/pm5__20200905_20200924__0025	2020-09-07	728952.00000000,3801267.00000000,729720.00000000,3802035.00000000
train	004466	lower__20200911_160149_41_2235_3B_AnalyticMS_SR_8b_clip	pm5__20200905_20200924__0025	/scrfs/storage/yikebe/home/research/AR_Crop_Identification/make_dataset/raw_sentinel/pm5/pm5__20200905_20200924__0025	2020-09-07	731256.00000000,3801267.00000000,732024.00000000,3802035.00000000
train	004482	lower__20200911_160149_41_2235_3B_AnalyticMS_SR_8b_clip	pm5__20200905_20200924__0025	/scrfs/storage/yikebe/home/research/AR_Crop_Identification/make_dataset/raw_sentinel/pm5/pm5__20200905_20200924__0025	2020-09-07	699768.00000000,3800499.00000000,700536.00000000,3801267.00000000
train	004498	lower__20200911_160149_41_2235_3B_AnalyticMS_SR_8b_clip	pm5__20200905_20200924__0025	/scrfs/storage/yikebe/home/research/AR_Crop_Identification/make_dataset/raw_sentinel/pm5/pm5__20200905_20200924__0025	2020-09-07	703608.00000000,3800499.00000000,704376.00000000,3801267.00000000
train	004514	lower__20200911_160149_41_2235_3B_AnalyticMS_SR_8b_clip	pm5__20200905_20200924__0025	/scrfs/storage/yikebe/home/research/AR_Crop_Identification/make_dataset/raw_sentinel/pm5/pm5__20200905_20200924__0025	2020-09-07	704376.00000000,3800499.00000000,705144.00000000,3801267.00000000
train	004530	lower__20200911_160149_41_2235_3B_AnalyticMS_SR_8b_clip	pm5__20200905_20200924__0025	/scrfs/storage/yikebe/home/research/AR_Crop_Identification/make_dataset/raw_sentinel/pm5/pm5__20200905_20200924__0025	2020-09-07	706680.00000000,3800499.00000000,707448.00000000,3801267.00000000
train	004546	lower__20200911_160149_41_2235_3B_AnalyticMS_SR_8b_clip	pm5__20200905_20200924__0025	/scrfs/storage/yikebe/home/research/AR_Crop_Identification/make_dataset/raw_sentinel/pm5/pm5__20200905_20200924__0025	2020-09-07	717432.00000000,3800499.00000000,718200.00000000,3801267.00000000
train	004562	lower__20200911_160149_41_2235_3B_AnalyticMS_SR_8b_clip	pm5__20200905_20200924__0025	/scrfs/storage/yikebe/home/research/AR_Crop_Identification/make_dataset/raw_sentinel/pm5/pm5__20200905_20200924__0025	2020-09-07	726648.00000000,3800499.00000000,727416.00000000,3801267.00000000
train	004578	lower__20200911_160149_41_2235_3B_AnalyticMS_SR_8b_clip	pm5__20200905_20200924__0025	/scrfs/storage/yikebe/home/research/AR_Crop_Identification/make_dataset/raw_sentinel/pm5/pm5__20200905_20200924__0025	2020-09-07	702072.00000000,3799731.00000000,702840.00000000,3800499.00000000
train	004594	lower__20200911_160149_41_2235_3B_AnalyticMS_SR_8b_clip	pm5__20200905_20200924__0025	/scrfs/storage/yikebe/home/research/AR_Crop_Identification/make_dataset/raw_sentinel/pm5/pm5__20200905_20200924__0025	2020-09-07	702840.00000000,3799731.00000000,703608.00000000,3800499.00000000
train	004610	lower__20200911_160149_41_2235_3B_AnalyticMS_SR_8b_clip	pm5__20200905_20200924__0025	/scrfs/storage/yikebe/home/research/AR_Crop_Identification/make_dataset/raw_sentinel/pm5/pm5__20200905_20200924__0025	2020-09-07	718200.00000000,3799731.00000000,718968.00000000,3800499.00000000
train	004626	lower__20200911_160149_41_2235_3B_AnalyticMS_SR_8b_clip	pm5__20200905_20200924__0025	/scrfs/storage/yikebe/home/research/AR_Crop_Identification/make_dataset/raw_sentinel/pm5/pm5__20200905_20200924__0025	2020-09-07	728184.00000000,3798963.00000000,728952.00000000,3799731.00000000
train	004642	lower__20200911_160149_41_2235_3B_AnalyticMS_SR_8b_clip	pm5__20200905_20200924__0025	/scrfs/storage/yikebe/home/research/AR_Crop_Identification/make_dataset/raw_sentinel/pm5/pm5__20200905_20200924__0025	2020-09-07	728952.00000000,3798963.00000000,729720.00000000,3799731.00000000
train	004658	lower__20200911_160149_41_2235_3B_AnalyticMS_SR_8b_clip	pm5__20200905_20200924__0025	/scrfs/storage/yikebe/home/research/AR_Crop_Identification/make_dataset/raw_sentinel/pm5/pm5__20200905_20200924__0025	2020-09-07	732024.00000000,3798963.00000000,732792.00000000,3799731.00000000
train	004674	lower__20200911_160149_41_2235_3B_AnalyticMS_SR_8b_clip	pm5__20200905_20200924__0025	/scrfs/storage/yikebe/home/research/AR_Crop_Identification/make_dataset/raw_sentinel/pm5/pm5__20200905_20200924__0025	2020-09-07	725880.00000000,3798195.00000000,726648.00000000,3798963.00000000
train	004690	lower__20200911_160149_41_2235_3B_AnalyticMS_SR_8b_clip	pm5__20200905_20200924__0025	/scrfs/storage/yikebe/home/research/AR_Crop_Identification/make_dataset/raw_sentinel/pm5/pm5__20200905_20200924__0025	2020-09-07	728184.00000000,3798195.00000000,728952.00000000,3798963.00000000
train	004706	lower__20200911_160149_41_2235_3B_AnalyticMS_SR_8b_clip	pm5__20200905_20200924__0025	/scrfs/storage/yikebe/home/research/AR_Crop_Identification/make_dataset/raw_sentinel/pm5/pm5__20200905_20200924__0025	2020-09-07	714360.00000000,3797427.00000000,715128.00000000,3798195.00000000
train	004722	lower__20200911_160149_41_2235_3B_AnalyticMS_SR_8b_clip	pm5__20200905_20200924__0025	/scrfs/storage/yikebe/home/research/AR_Crop_Identification/make_dataset/raw_sentinel/pm5/pm5__20200905_20200924__0025	2020-09-07	728184.00000000,3797427.00000000,728952.00000000,3798195.00000000
train	004738	lower__20200911_160149_41_2235_3B_AnalyticMS_SR_8b_clip	pm5__20200905_20200924__0025	/scrfs/storage/yikebe/home/research/AR_Crop_Identification/make_dataset/raw_sentinel/pm5/pm5__20200905_20200924__0025	2020-09-07	729720.00000000,3796659.00000000,730488.00000000,3797427.00000000
train	004754	lower__20200911_160149_41_2235_3B_AnalyticMS_SR_8b_clip	pm5__20200905_20200924__0025	/scrfs/storage/yikebe/home/research/AR_Crop_Identification/make_dataset/raw_sentinel/pm5/pm5__20200905_20200924__0025	2020-09-07	731256.00000000,3796659.00000000,732024.00000000,3797427.00000000
train	004770	lower__20200911_160149_41_2235_3B_AnalyticMS_SR_8b_clip	pm5__20200905_20200924__0025	/scrfs/storage/yikebe/home/research/AR_Crop_Identification/make_dataset/raw_sentinel/pm5/pm5__20200905_20200924__0025	2020-09-07	698232.00000000,3795891.00000000,699000.00000000,3796659.00000000
train	004786	lower__20200911_160149_41_2235_3B_AnalyticMS_SR_8b_clip	pm5__20200905_20200924__0025	/scrfs/storage/yikebe/home/research/AR_Crop_Identification/make_dataset/raw_sentinel/pm5/pm5__20200905_20200924__0025	2020-09-07	719736.00000000,3795891.00000000,720504.00000000,3796659.00000000
train	004802	lower__20200911_160149_41_2235_3B_AnalyticMS_SR_8b_clip	pm5__20200905_20200924__0025	/scrfs/storage/yikebe/home/research/AR_Crop_Identification/make_dataset/raw_sentinel/pm5/pm5__20200905_20200924__0025	2020-09-07	725112.00000000,3795891.00000000,725880.00000000,3796659.00000000
train	004818	lower__20200911_160149_41_2235_3B_AnalyticMS_SR_8b_clip	pm5__20200905_20200924__0025	/scrfs/storage/yikebe/home/research/AR_Crop_Identification/make_dataset/raw_sentinel/pm5/pm5__20200905_20200924__0025	2020-09-07	728952.00000000,3795891.00000000,729720.00000000,3796659.00000000
train	004834	lower__20200911_160149_41_2235_3B_AnalyticMS_SR_8b_clip	pm5__20200905_20200924__0025	/scrfs/storage/yikebe/home/research/AR_Crop_Identification/make_dataset/raw_sentinel/pm5/pm5__20200905_20200924__0025	2020-09-07	701304.00000000,3795123.00000000,702072.00000000,3795891.00000000
train	004850	lower__20200911_160149_41_2235_3B_AnalyticMS_SR_8b_clip	pm5__20200905_20200924__0025	/scrfs/storage/yikebe/home/research/AR_Crop_Identification/make_dataset/raw_sentinel/pm5/pm5__20200905_20200924__0025	2020-09-07	713592.00000000,3795123.00000000,714360.00000000,3795891.00000000
train	004866	lower__20200911_160149_41_2235_3B_AnalyticMS_SR_8b_clip	pm5__20200905_20200924__0025	/scrfs/storage/yikebe/home/research/AR_Crop_Identification/make_dataset/raw_sentinel/pm5/pm5__20200905_20200924__0025	2020-09-07	714360.00000000,3795123.00000000,715128.00000000,3795891.00000000
train	004882	lower__20200911_160149_41_2235_3B_AnalyticMS_SR_8b_clip	pm5__20200905_20200924__0025	/scrfs/storage/yikebe/home/research/AR_Crop_Identification/make_dataset/raw_sentinel/pm5/pm5__20200905_20200924__0025	2020-09-07	698232.00000000,3794355.00000000,699000.00000000,3795123.00000000
train	004898	lower__20200911_160149_41_2235_3B_AnalyticMS_SR_8b_clip	pm5__20200905_20200924__0025	/scrfs/storage/yikebe/home/research/AR_Crop_Identification/make_dataset/raw_sentinel/pm5/pm5__20200905_20200924__0025	2020-09-07	703608.00000000,3794355.00000000,704376.00000000,3795123.00000000
train	004914	lower__20200911_160149_41_2235_3B_AnalyticMS_SR_8b_clip	pm5__20200905_20200924__0025	/scrfs/storage/yikebe/home/research/AR_Crop_Identification/make_dataset/raw_sentinel/pm5/pm5__20200905_20200924__0025	2020-09-07	712056.00000000,3794355.00000000,712824.00000000,3795123.00000000
train	004930	lower__20200911_160149_41_2235_3B_AnalyticMS_SR_8b_clip	pm5__20200905_20200924__0025	/scrfs/storage/yikebe/home/research/AR_Crop_Identification/make_dataset/raw_sentinel/pm5/pm5__20200905_20200924__0025	2020-09-07	712824.00000000,3794355.00000000,713592.00000000,3795123.00000000
train	004946	lower__20200911_160149_41_2235_3B_AnalyticMS_SR_8b_clip	pm5__20200905_20200924__0025	/scrfs/storage/yikebe/home/research/AR_Crop_Identification/make_dataset/raw_sentinel/pm5/pm5__20200905_20200924__0025	2020-09-07	716664.00000000,3794355.00000000,717432.00000000,3795123.00000000
train	004962	lower__20200911_160149_41_2235_3B_AnalyticMS_SR_8b_clip	pm5__20200905_20200924__0025	/scrfs/storage/yikebe/home/research/AR_Crop_Identification/make_dataset/raw_sentinel/pm5/pm5__20200905_20200924__0025	2020-09-07	727416.00000000,3794355.00000000,728184.00000000,3795123.00000000
train	004978	lower__20200911_160149_41_2235_3B_AnalyticMS_SR_8b_clip	pm5__20200905_20200924__0025	/scrfs/storage/yikebe/home/research/AR_Crop_Identification/make_dataset/raw_sentinel/pm5/pm5__20200905_20200924__0025	2020-09-07	698232.00000000,3793587.00000000,699000.00000000,3794355.00000000
train	004994	lower__20200911_160149_41_2235_3B_AnalyticMS_SR_8b_clip	pm5__20200905_20200924__0025	/scrfs/storage/yikebe/home/research/AR_Crop_Identification/make_dataset/raw_sentinel/pm5/pm5__20200905_20200924__0025	2020-09-07	712056.00000000,3793587.00000000,712824.00000000,3794355.00000000
train	005010	lower__20200911_160149_41_2235_3B_AnalyticMS_SR_8b_clip	pm5__20200905_20200924__0025	/scrfs/storage/yikebe/home/research/AR_Crop_Identification/make_dataset/raw_sentinel/pm5/pm5__20200905_20200924__0025	2020-09-07	720504.00000000,3793587.00000000,721272.00000000,3794355.00000000
train	005026	lower__20200911_160149_41_2235_3B_AnalyticMS_SR_8b_clip	pm5__20200905_20200924__0025	/scrfs/storage/yikebe/home/research/AR_Crop_Identification/make_dataset/raw_sentinel/pm5/pm5__20200905_20200924__0025	2020-09-07	699000.00000000,3792819.00000000,699768.00000000,3793587.00000000
train	005042	lower__20200911_160149_41_2235_3B_AnalyticMS_SR_8b_clip	pm5__20200905_20200924__0025	/scrfs/storage/yikebe/home/research/AR_Crop_Identification/make_dataset/raw_sentinel/pm5/pm5__20200905_20200924__0025	2020-09-07	712056.00000000,3792819.00000000,712824.00000000,3793587.00000000
train	005058	lower__20200911_160149_41_2235_3B_AnalyticMS_SR_8b_clip	pm5__20200905_20200924__0025	/scrfs/storage/yikebe/home/research/AR_Crop_Identification/make_dataset/raw_sentinel/pm5/pm5__20200905_20200924__0025	2020-09-07	712824.00000000,3792819.00000000,713592.00000000,3793587.00000000
train	005074	lower__20200911_160149_41_2235_3B_AnalyticMS_SR_8b_clip	pm5__20200905_20200924__0025	/scrfs/storage/yikebe/home/research/AR_Crop_Identification/make_dataset/raw_sentinel/pm5/pm5__20200905_20200924__0025	2020-09-07	715896.00000000,3792819.00000000,716664.00000000,3793587.00000000
train	005090	lower__20200911_160149_41_2235_3B_AnalyticMS_SR_8b_clip	pm5__20200905_20200924__0025	/scrfs/storage/yikebe/home/research/AR_Crop_Identification/make_dataset/raw_sentinel/pm5/pm5__20200905_20200924__0025	2020-09-07	716664.00000000,3792819.00000000,717432.00000000,3793587.00000000
train	005106	lower__20200911_160149_41_2235_3B_AnalyticMS_SR_8b_clip	pm5__20200905_20200924__0025	/scrfs/storage/yikebe/home/research/AR_Crop_Identification/make_dataset/raw_sentinel/pm5/pm5__20200905_20200924__0025	2020-09-07	731256.00000000,3792819.00000000,732024.00000000,3793587.00000000
train	005122	lower__20200911_160149_41_2235_3B_AnalyticMS_SR_8b_clip	pm5__20200905_20200924__0025	/scrfs/storage/yikebe/home/research/AR_Crop_Identification/make_dataset/raw_sentinel/pm5/pm5__20200905_20200924__0025	2020-09-07	715128.00000000,3792051.00000000,715896.00000000,3792819.00000000
train	005138	lower__20200911_160745_29_2277_3B_AnalyticMS_SR_8b_clip	pm5__20200905_20200924__0034	/scrfs/storage/yikebe/home/research/AR_Crop_Identification/make_dataset/raw_sentinel/pm5/pm5__20200905_20200924__0034	2020-09-07	589146.00000000,3688623.00000000,589914.00000000,3689391.00000000
train	005154	lower__20200911_160745_29_2277_3B_AnalyticMS_SR_8b_clip	pm5__20200905_20200924__0034	/scrfs/storage/yikebe/home/research/AR_Crop_Identification/make_dataset/raw_sentinel/pm5/pm5__20200905_20200924__0034	2020-09-07	589146.00000000,3687855.00000000,589914.00000000,3688623.00000000
train	005170	lower__20200911_160745_29_2277_3B_AnalyticMS_SR_8b_clip	pm5__20200905_20200924__0034	/scrfs/storage/yikebe/home/research/AR_Crop_Identification/make_dataset/raw_sentinel/pm5/pm5__20200905_20200924__0034	2020-09-07	589146.00000000,3687087.00000000,589914.00000000,3687855.00000000
train	005186	lower__20200911_160745_29_2277_3B_AnalyticMS_SR_8b_clip	pm5__20200905_20200924__0034	/scrfs/storage/yikebe/home/research/AR_Crop_Identification/make_dataset/raw_sentinel/pm5/pm5__20200905_20200924__0034	2020-09-07	588378.00000000,3685551.00000000,589146.00000000,3686319.00000000
train	005202	lower__20200911_160745_29_2277_3B_AnalyticMS_SR_8b_clip	pm5__20200905_20200924__0034	/scrfs/storage/yikebe/home/research/AR_Crop_Identification/make_dataset/raw_sentinel/pm5/pm5__20200905_20200924__0034	2020-09-07	590682.00000000,3685551.00000000,591450.00000000,3686319.00000000
train	005218	lower__20200911_160745_29_2277_3B_AnalyticMS_SR_8b_clip	pm5__20200905_20200924__0034	/scrfs/storage/yikebe/home/research/AR_Crop_Identification/make_dataset/raw_sentinel/pm5/pm5__20200905_20200924__0034	2020-09-07	588378.00000000,3684783.00000000,589146.00000000,3685551.00000000
train	005234	lower__20200911_160745_29_2277_3B_AnalyticMS_SR_8b_clip	pm5__20200905_20200924__0034	/scrfs/storage/yikebe/home/research/AR_Crop_Identification/make_dataset/raw_sentinel/pm5/pm5__20200905_20200924__0034	2020-09-07	589146.00000000,3684783.00000000,589914.00000000,3685551.00000000
train	005250	lower__20200911_160745_29_2277_3B_AnalyticMS_SR_8b_clip	pm5__20200905_20200924__0034	/scrfs/storage/yikebe/home/research/AR_Crop_Identification/make_dataset/raw_sentinel/pm5/pm5__20200905_20200924__0034	2020-09-07	589914.00000000,3684783.00000000,590682.00000000,3685551.00000000
train	005266	lower__20200911_160745_29_2277_3B_AnalyticMS_SR_8b_clip	pm5__20200905_20200924__0034	/scrfs/storage/yikebe/home/research/AR_Crop_Identification/make_dataset/raw_sentinel/pm5/pm5__20200905_20200924__0034	2020-09-07	591450.00000000,3684783.00000000,592218.00000000,3685551.00000000
train	005282	lower__20200911_160745_29_2277_3B_AnalyticMS_SR_8b_clip	pm5__20200905_20200924__0034	/scrfs/storage/yikebe/home/research/AR_Crop_Identification/make_dataset/raw_sentinel/pm5/pm5__20200905_20200924__0034	2020-09-07	588378.00000000,3684015.00000000,589146.00000000,3684783.00000000
train	005298	lower__20200911_160745_29_2277_3B_AnalyticMS_SR_8b_clip	pm5__20200905_20200924__0034	/scrfs/storage/yikebe/home/research/AR_Crop_Identification/make_dataset/raw_sentinel/pm5/pm5__20200905_20200924__0034	2020-09-07	589146.00000000,3684015.00000000,589914.00000000,3684783.00000000
train	005314	lower__20200911_160745_29_2277_3B_AnalyticMS_SR_8b_clip	pm5__20200905_20200924__0034	/scrfs/storage/yikebe/home/research/AR_Crop_Identification/make_dataset/raw_sentinel/pm5/pm5__20200905_20200924__0034	2020-09-07	590682.00000000,3684015.00000000,591450.00000000,3684783.00000000
train	005330	lower__20200911_160745_29_2277_3B_AnalyticMS_SR_8b_clip	pm5__20200905_20200924__0034	/scrfs/storage/yikebe/home/research/AR_Crop_Identification/make_dataset/raw_sentinel/pm5/pm5__20200905_20200924__0034	2020-09-07	591450.00000000,3684015.00000000,592218.00000000,3684783.00000000
train	005346	lower__20200911_160745_29_2277_3B_AnalyticMS_SR_8b_clip	pm5__20200905_20200924__0034	/scrfs/storage/yikebe/home/research/AR_Crop_Identification/make_dataset/raw_sentinel/pm5/pm5__20200905_20200924__0034	2020-09-07	588378.00000000,3683247.00000000,589146.00000000,3684015.00000000
train	005362	lower__20200911_160745_29_2277_3B_AnalyticMS_SR_8b_clip	pm5__20200905_20200924__0034	/scrfs/storage/yikebe/home/research/AR_Crop_Identification/make_dataset/raw_sentinel/pm5/pm5__20200905_20200924__0034	2020-09-07	589146.00000000,3683247.00000000,589914.00000000,3684015.00000000
train	005378	lower__20200911_160745_29_2277_3B_AnalyticMS_SR_8b_clip	pm5__20200905_20200924__0034	/scrfs/storage/yikebe/home/research/AR_Crop_Identification/make_dataset/raw_sentinel/pm5/pm5__20200905_20200924__0034	2020-09-07	589914.00000000,3683247.00000000,590682.00000000,3684015.00000000
train	005394	lower__20200911_160745_29_2277_3B_AnalyticMS_SR_8b_clip	pm5__20200905_20200924__0034	/scrfs/storage/yikebe/home/research/AR_Crop_Identification/make_dataset/raw_sentinel/pm5/pm5__20200905_20200924__0034	2020-09-07	590682.00000000,3683247.00000000,591450.00000000,3684015.00000000
train	005410	lower__20200911_160745_29_2277_3B_AnalyticMS_SR_8b_clip	pm5__20200905_20200924__0034	/scrfs/storage/yikebe/home/research/AR_Crop_Identification/make_dataset/raw_sentinel/pm5/pm5__20200905_20200924__0034	2020-09-07	591450.00000000,3683247.00000000,592218.00000000,3684015.00000000
train	005426	lower__20200911_160745_29_2277_3B_AnalyticMS_SR_8b_clip	pm5__20200905_20200924__0034	/scrfs/storage/yikebe/home/research/AR_Crop_Identification/make_dataset/raw_sentinel/pm5/pm5__20200905_20200924__0034	2020-09-07	587610.00000000,3682479.00000000,588378.00000000,3683247.00000000
train	005442	lower__20200911_160745_29_2277_3B_AnalyticMS_SR_8b_clip	pm5__20200905_20200924__0034	/scrfs/storage/yikebe/home/research/AR_Crop_Identification/make_dataset/raw_sentinel/pm5/pm5__20200905_20200924__0034	2020-09-07	588378.00000000,3682479.00000000,589146.00000000,3683247.00000000
train	005458	lower__20200911_160745_29_2277_3B_AnalyticMS_SR_8b_clip	pm5__20200905_20200924__0034	/scrfs/storage/yikebe/home/research/AR_Crop_Identification/make_dataset/raw_sentinel/pm5/pm5__20200905_20200924__0034	2020-09-07	589146.00000000,3682479.00000000,589914.00000000,3683247.00000000
train	005474	lower__20200911_160745_29_2277_3B_AnalyticMS_SR_8b_clip	pm5__20200905_20200924__0034	/scrfs/storage/yikebe/home/research/AR_Crop_Identification/make_dataset/raw_sentinel/pm5/pm5__20200905_20200924__0034	2020-09-07	589914.00000000,3682479.00000000,590682.00000000,3683247.00000000
train	005490	lower__20200911_160745_29_2277_3B_AnalyticMS_SR_8b_clip	pm5__20200905_20200924__0034	/scrfs/storage/yikebe/home/research/AR_Crop_Identification/make_dataset/raw_sentinel/pm5/pm5__20200905_20200924__0034	2020-09-07	590682.00000000,3682479.00000000,591450.00000000,3683247.00000000
train	005506	lower__20200911_160745_29_2277_3B_AnalyticMS_SR_8b_clip	pm5__20200905_20200924__0034	/scrfs/storage/yikebe/home/research/AR_Crop_Identification/make_dataset/raw_sentinel/pm5/pm5__20200905_20200924__0034	2020-09-07	591450.00000000,3682479.00000000,592218.00000000,3683247.00000000
train	005522	lower__20200911_160745_29_2277_3B_AnalyticMS_SR_8b_clip	pm5__20200905_20200924__0034	/scrfs/storage/yikebe/home/research/AR_Crop_Identification/make_dataset/raw_sentinel/pm5/pm5__20200905_20200924__0034	2020-09-07	587610.00000000,3681711.00000000,588378.00000000,3682479.00000000
train	005538	lower__20200911_160745_29_2277_3B_AnalyticMS_SR_8b_clip	pm5__20200905_20200924__0034	/scrfs/storage/yikebe/home/research/AR_Crop_Identification/make_dataset/raw_sentinel/pm5/pm5__20200905_20200924__0034	2020-09-07	588378.00000000,3681711.00000000,589146.00000000,3682479.00000000
train	005554	lower__20200911_160745_29_2277_3B_AnalyticMS_SR_8b_clip	pm5__20200905_20200924__0034	/scrfs/storage/yikebe/home/research/AR_Crop_Identification/make_dataset/raw_sentinel/pm5/pm5__20200905_20200924__0034	2020-09-07	589146.00000000,3681711.00000000,589914.00000000,3682479.00000000
train	005570	lower__20200911_160745_29_2277_3B_AnalyticMS_SR_8b_clip	pm5__20200905_20200924__0034	/scrfs/storage/yikebe/home/research/AR_Crop_Identification/make_dataset/raw_sentinel/pm5/pm5__20200905_20200924__0034	2020-09-07	589914.00000000,3681711.00000000,590682.00000000,3682479.00000000
train	005586	lower__20200911_160745_29_2277_3B_AnalyticMS_SR_8b_clip	pm5__20200905_20200924__0034	/scrfs/storage/yikebe/home/research/AR_Crop_Identification/make_dataset/raw_sentinel/pm5/pm5__20200905_20200924__0034	2020-09-07	590682.00000000,3681711.00000000,591450.00000000,3682479.00000000
train	005602	lower__20200911_160745_29_2277_3B_AnalyticMS_SR_8b_clip	pm5__20200905_20200924__0034	/scrfs/storage/yikebe/home/research/AR_Crop_Identification/make_dataset/raw_sentinel/pm5/pm5__20200905_20200924__0034	2020-09-07	591450.00000000,3681711.00000000,592218.00000000,3682479.00000000
train	005618	lower__20200911_160745_29_2277_3B_AnalyticMS_SR_8b_clip	pm5__20200905_20200924__0034	/scrfs/storage/yikebe/home/research/AR_Crop_Identification/make_dataset/raw_sentinel/pm5/pm5__20200905_20200924__0034	2020-09-07	587610.00000000,3680943.00000000,588378.00000000,3681711.00000000
train	005634	lower__20200911_160745_29_2277_3B_AnalyticMS_SR_8b_clip	pm5__20200905_20200924__0034	/scrfs/storage/yikebe/home/research/AR_Crop_Identification/make_dataset/raw_sentinel/pm5/pm5__20200905_20200924__0034	2020-09-07	588378.00000000,3680943.00000000,589146.00000000,3681711.00000000
train	005650	lower__20200911_160745_29_2277_3B_AnalyticMS_SR_8b_clip	pm5__20200905_20200924__0034	/scrfs/storage/yikebe/home/research/AR_Crop_Identification/make_dataset/raw_sentinel/pm5/pm5__20200905_20200924__0034	2020-09-07	589146.00000000,3680943.00000000,589914.00000000,3681711.00000000
train	005666	lower__20200911_160745_29_2277_3B_AnalyticMS_SR_8b_clip	pm5__20200905_20200924__0034	/scrfs/storage/yikebe/home/research/AR_Crop_Identification/make_dataset/raw_sentinel/pm5/pm5__20200905_20200924__0034	2020-09-07	589914.00000000,3680943.00000000,590682.00000000,3681711.00000000
train	005682	lower__20200911_160745_29_2277_3B_AnalyticMS_SR_8b_clip	pm5__20200905_20200924__0034	/scrfs/storage/yikebe/home/research/AR_Crop_Identification/make_dataset/raw_sentinel/pm5/pm5__20200905_20200924__0034	2020-09-07	590682.00000000,3680943.00000000,591450.00000000,3681711.00000000
train	005698	lower__20200911_160745_29_2277_3B_AnalyticMS_SR_8b_clip	pm5__20200905_20200924__0034	/scrfs/storage/yikebe/home/research/AR_Crop_Identification/make_dataset/raw_sentinel/pm5/pm5__20200905_20200924__0034	2020-09-07	591450.00000000,3680943.00000000,592218.00000000,3681711.00000000
train	005714	lower__20200911_160745_29_2277_3B_AnalyticMS_SR_8b_clip	pm5__20200905_20200924__0034	/scrfs/storage/yikebe/home/research/AR_Crop_Identification/make_dataset/raw_sentinel/pm5/pm5__20200905_20200924__0034	2020-09-07	592218.00000000,3680943.00000000,592986.00000000,3681711.00000000
train	005730	lower__20200911_160745_29_2277_3B_AnalyticMS_SR_8b_clip	pm5__20200905_20200924__0034	/scrfs/storage/yikebe/home/research/AR_Crop_Identification/make_dataset/raw_sentinel/pm5/pm5__20200905_20200924__0034	2020-09-07	587610.00000000,3680175.00000000,588378.00000000,3680943.00000000
train	005746	lower__20200911_160745_29_2277_3B_AnalyticMS_SR_8b_clip	pm5__20200905_20200924__0034	/scrfs/storage/yikebe/home/research/AR_Crop_Identification/make_dataset/raw_sentinel/pm5/pm5__20200905_20200924__0034	2020-09-07	588378.00000000,3680175.00000000,589146.00000000,3680943.00000000
train	005762	lower__20200911_160745_29_2277_3B_AnalyticMS_SR_8b_clip	pm5__20200905_20200924__0034	/scrfs/storage/yikebe/home/research/AR_Crop_Identification/make_dataset/raw_sentinel/pm5/pm5__20200905_20200924__0034	2020-09-07	589146.00000000,3680175.00000000,589914.00000000,3680943.00000000
train	005778	lower__20200911_160745_29_2277_3B_AnalyticMS_SR_8b_clip	pm5__20200905_20200924__0034	/scrfs/storage/yikebe/home/research/AR_Crop_Identification/make_dataset/raw_sentinel/pm5/pm5__20200905_20200924__0034	2020-09-07	589914.00000000,3680175.00000000,590682.00000000,3680943.00000000
train	005794	lower__20200911_160745_29_2277_3B_AnalyticMS_SR_8b_clip	pm5__20200905_20200924__0034	/scrfs/storage/yikebe/home/research/AR_Crop_Identification/make_dataset/raw_sentinel/pm5/pm5__20200905_20200924__0034	2020-09-07	592986.00000000,3680175.00000000,593754.00000000,3680943.00000000
train	005810	lower__20200911_160745_29_2277_3B_AnalyticMS_SR_8b_clip	pm5__20200905_20200924__0034	/scrfs/storage/yikebe/home/research/AR_Crop_Identification/make_dataset/raw_sentinel/pm5/pm5__20200905_20200924__0034	2020-09-07	592218.00000000,3679407.00000000,592986.00000000,3680175.00000000
train	005826	lower__20200911_160745_29_2277_3B_AnalyticMS_SR_8b_clip	pm5__20200905_20200924__0034	/scrfs/storage/yikebe/home/research/AR_Crop_Identification/make_dataset/raw_sentinel/pm5/pm5__20200905_20200924__0034	2020-09-07	592986.00000000,3679407.00000000,593754.00000000,3680175.00000000
train	005842	lower__20201111_160640_84_222f_3B_AnalyticMS_SR_8b_clip	pm5__20201105_20201124__0082	/scrfs/storage/yikebe/home/research/AR_Crop_Identification/make_dataset/raw_sentinel/pm5/pm5__20201105_20201124__0082	2020-11-11	628782.00000000,3845724.00000000,629550.00000000,3846492.00000000
train	005858	lower__20201111_160640_84_222f_3B_AnalyticMS_SR_8b_clip	pm5__20201105_20201124__0082	/scrfs/storage/yikebe/home/research/AR_Crop_Identification/make_dataset/raw_sentinel/pm5/pm5__20201105_20201124__0082	2020-11-11	629550.00000000,3845724.00000000,630318.00000000,3846492.00000000
train	005874	lower__20201111_160640_84_222f_3B_AnalyticMS_SR_8b_clip	pm5__20201105_20201124__0082	/scrfs/storage/yikebe/home/research/AR_Crop_Identification/make_dataset/raw_sentinel/pm5/pm5__20201105_20201124__0082	2020-11-11	630318.00000000,3845724.00000000,631086.00000000,3846492.00000000
train	005890	lower__20201111_160640_84_222f_3B_AnalyticMS_SR_8b_clip	pm5__20201105_20201124__0082	/scrfs/storage/yikebe/home/research/AR_Crop_Identification/make_dataset/raw_sentinel/pm5/pm5__20201105_20201124__0082	2020-11-11	634158.00000000,3845724.00000000,634926.00000000,3846492.00000000
train	005906	lower__20201111_160640_84_222f_3B_AnalyticMS_SR_8b_clip	pm5__20201105_20201124__0082	/scrfs/storage/yikebe/home/research/AR_Crop_Identification/make_dataset/raw_sentinel/pm5/pm5__20201105_20201124__0082	2020-11-11	633390.00000000,3844188.00000000,634158.00000000,3844956.00000000
train	005922	lower__20201111_160640_84_222f_3B_AnalyticMS_SR_8b_clip	pm5__20201105_20201124__0082	/scrfs/storage/yikebe/home/research/AR_Crop_Identification/make_dataset/raw_sentinel/pm5/pm5__20201105_20201124__0082	2020-11-11	630318.00000000,3843420.00000000,631086.00000000,3844188.00000000
train	005938	lower__20201111_160640_84_222f_3B_AnalyticMS_SR_8b_clip	pm5__20201105_20201124__0082	/scrfs/storage/yikebe/home/research/AR_Crop_Identification/make_dataset/raw_sentinel/pm5/pm5__20201105_20201124__0082	2020-11-11	631086.00000000,3840348.00000000,631854.00000000,3841116.00000000
train	005954	lower__20201111_160640_84_222f_3B_AnalyticMS_SR_8b_clip	pm5__20201105_20201124__0082	/scrfs/storage/yikebe/home/research/AR_Crop_Identification/make_dataset/raw_sentinel/pm5/pm5__20201105_20201124__0082	2020-11-11	621870.00000000,3838044.00000000,622638.00000000,3838812.00000000
train	005970	lower__20201111_160640_84_222f_3B_AnalyticMS_SR_8b_clip	pm5__20201105_20201124__0082	/scrfs/storage/yikebe/home/research/AR_Crop_Identification/make_dataset/raw_sentinel/pm5/pm5__20201105_20201124__0082	2020-11-11	631086.00000000,3837276.00000000,631854.00000000,3838044.00000000
train	005986	lower__20201111_160640_84_222f_3B_AnalyticMS_SR_8b_clip	pm5__20201105_20201124__0082	/scrfs/storage/yikebe/home/research/AR_Crop_Identification/make_dataset/raw_sentinel/pm5/pm5__20201105_20201124__0082	2020-11-11	623406.00000000,3836508.00000000,624174.00000000,3837276.00000000
train	006002	lower__20201111_160640_84_222f_3B_AnalyticMS_SR_8b_clip	pm5__20201105_20201124__0082	/scrfs/storage/yikebe/home/research/AR_Crop_Identification/make_dataset/raw_sentinel/pm5/pm5__20201105_20201124__0082	2020-11-11	629550.00000000,3836508.00000000,630318.00000000,3837276.00000000
train	006018	lower__20201111_160640_84_222f_3B_AnalyticMS_SR_8b_clip	pm5__20201105_20201124__0082	/scrfs/storage/yikebe/home/research/AR_Crop_Identification/make_dataset/raw_sentinel/pm5/pm5__20201105_20201124__0082	2020-11-11	630318.00000000,3836508.00000000,631086.00000000,3837276.00000000
train	006034	lower__20201111_160640_84_222f_3B_AnalyticMS_SR_8b_clip	pm5__20201105_20201124__0082	/scrfs/storage/yikebe/home/research/AR_Crop_Identification/make_dataset/raw_sentinel/pm5/pm5__20201105_20201124__0082	2020-11-11	629550.00000000,3835740.00000000,630318.00000000,3836508.00000000
train	006050	lower__20201111_160640_84_222f_3B_AnalyticMS_SR_8b_clip	pm5__20201105_20201124__0082	/scrfs/storage/yikebe/home/research/AR_Crop_Identification/make_dataset/raw_sentinel/pm5/pm5__20201105_20201124__0082	2020-11-11	631086.00000000,3835740.00000000,631854.00000000,3836508.00000000
train	006066	lower__20201111_160640_84_222f_3B_AnalyticMS_SR_8b_clip	pm5__20201105_20201124__0082	/scrfs/storage/yikebe/home/research/AR_Crop_Identification/make_dataset/raw_sentinel/pm5/pm5__20201105_20201124__0082	2020-11-11	627246.00000000,3834972.00000000,628014.00000000,3835740.00000000
train	006082	lower__20201111_160640_84_222f_3B_AnalyticMS_SR_8b_clip	pm5__20201105_20201124__0082	/scrfs/storage/yikebe/home/research/AR_Crop_Identification/make_dataset/raw_sentinel/pm5/pm5__20201105_20201124__0082	2020-11-11	628014.00000000,3834972.00000000,628782.00000000,3835740.00000000
train	006098	lower__20201111_160640_84_222f_3B_AnalyticMS_SR_8b_clip	pm5__20201105_20201124__0082	/scrfs/storage/yikebe/home/research/AR_Crop_Identification/make_dataset/raw_sentinel/pm5/pm5__20201105_20201124__0082	2020-11-11	631854.00000000,3834204.00000000,632622.00000000,3834972.00000000
train	006114	lower__20201111_160640_84_222f_3B_AnalyticMS_SR_8b_clip	pm5__20201105_20201124__0082	/scrfs/storage/yikebe/home/research/AR_Crop_Identification/make_dataset/raw_sentinel/pm5/pm5__20201105_20201124__0082	2020-11-11	632622.00000000,3834204.00000000,633390.00000000,3834972.00000000
train	006130	lower__20201112_165401_27_2274_3B_AnalyticMS_SR_8b_clip	pm5__20201105_20201124__0111	/scrfs/storage/yikebe/home/research/AR_Crop_Identification/make_dataset/raw_sentinel/pm5/pm5__20201105_20201124__0111	2020-11-11	706374.00000000,3672213.00000000,707142.00000000,3672981.00000000
train	006146	lower__20201112_165401_27_2274_3B_AnalyticMS_SR_8b_clip	pm5__20201105_20201124__0111	/scrfs/storage/yikebe/home/research/AR_Crop_Identification/make_dataset/raw_sentinel/pm5/pm5__20201105_20201124__0111	2020-11-11	707142.00000000,3671445.00000000,707910.00000000,3672213.00000000
train	006162	lower__20201112_165401_27_2274_3B_AnalyticMS_SR_8b_clip	pm5__20201105_20201124__0111	/scrfs/storage/yikebe/home/research/AR_Crop_Identification/make_dataset/raw_sentinel/pm5/pm5__20201105_20201124__0111	2020-11-11	691782.00000000,3662229.00000000,692550.00000000,3662997.00000000
train	006178	lower__20201112_165714_97_2405_3B_AnalyticMS_SR_8b_clip	pm5__20201105_20201124__0058	/scrfs/storage/yikebe/home/research/AR_Crop_Identification/make_dataset/raw_sentinel/pm5/pm5__20201105_20201124__0058	2020-11-09	605970.00000000,3818823.00000000,606738.00000000,3819591.00000000
train	006194	lower__20201112_165714_97_2405_3B_AnalyticMS_SR_8b_clip	pm5__20201105_20201124__0058	/scrfs/storage/yikebe/home/research/AR_Crop_Identification/make_dataset/raw_sentinel/pm5/pm5__20201105_20201124__0058	2020-11-09	596754.00000000,3817287.00000000,597522.00000000,3818055.00000000
train	006210	lower__20201112_165714_97_2405_3B_AnalyticMS_SR_8b_clip	pm5__20201105_20201124__0058	/scrfs/storage/yikebe/home/research/AR_Crop_Identification/make_dataset/raw_sentinel/pm5/pm5__20201105_20201124__0058	2020-11-09	605202.00000000,3816519.00000000,605970.00000000,3817287.00000000
train	006226	lower__20201112_165714_97_2405_3B_AnalyticMS_SR_8b_clip	pm5__20201105_20201124__0058	/scrfs/storage/yikebe/home/research/AR_Crop_Identification/make_dataset/raw_sentinel/pm5/pm5__20201105_20201124__0058	2020-11-09	588306.00000000,3810375.00000000,589074.00000000,3811143.00000000
train	006242	lower__20201113_160445_33_2278_3B_AnalyticMS_SR_8b_clip	pm5__20201105_20201124__0113	/scrfs/storage/yikebe/home/research/AR_Crop_Identification/make_dataset/raw_sentinel/pm5/pm5__20201105_20201124__0113	2020-11-11	696363.00000000,3684210.00000000,697131.00000000,3684978.00000000
train	006258	lower__20201113_160445_33_2278_3B_AnalyticMS_SR_8b_clip	pm5__20201105_20201124__0113	/scrfs/storage/yikebe/home/research/AR_Crop_Identification/make_dataset/raw_sentinel/pm5/pm5__20201105_20201124__0113	2020-11-11	697899.00000000,3684210.00000000,698667.00000000,3684978.00000000
train	006274	lower__20201113_160445_33_2278_3B_AnalyticMS_SR_8b_clip	pm5__20201105_20201124__0113	/scrfs/storage/yikebe/home/research/AR_Crop_Identification/make_dataset/raw_sentinel/pm5/pm5__20201105_20201124__0113	2020-11-11	698667.00000000,3684210.00000000,699435.00000000,3684978.00000000
train	006290	lower__20201113_160445_33_2278_3B_AnalyticMS_SR_8b_clip	pm5__20201105_20201124__0113	/scrfs/storage/yikebe/home/research/AR_Crop_Identification/make_dataset/raw_sentinel/pm5/pm5__20201105_20201124__0113	2020-11-11	699435.00000000,3684210.00000000,700203.00000000,3684978.00000000
train	006306	lower__20201113_160445_33_2278_3B_AnalyticMS_SR_8b_clip	pm5__20201105_20201124__0113	/scrfs/storage/yikebe/home/research/AR_Crop_Identification/make_dataset/raw_sentinel/pm5/pm5__20201105_20201124__0113	2020-11-11	700203.00000000,3684210.00000000,700971.00000000,3684978.00000000
train	006322	lower__20201113_160445_33_2278_3B_AnalyticMS_SR_8b_clip	pm5__20201105_20201124__0113	/scrfs/storage/yikebe/home/research/AR_Crop_Identification/make_dataset/raw_sentinel/pm5/pm5__20201105_20201124__0113	2020-11-11	706347.00000000,3684210.00000000,707115.00000000,3684978.00000000
train	006338	lower__20201113_160445_33_2278_3B_AnalyticMS_SR_8b_clip	pm5__20201105_20201124__0113	/scrfs/storage/yikebe/home/research/AR_Crop_Identification/make_dataset/raw_sentinel/pm5/pm5__20201105_20201124__0113	2020-11-11	696363.00000000,3683442.00000000,697131.00000000,3684210.00000000
train	006354	lower__20201113_160445_33_2278_3B_AnalyticMS_SR_8b_clip	pm5__20201105_20201124__0113	/scrfs/storage/yikebe/home/research/AR_Crop_Identification/make_dataset/raw_sentinel/pm5/pm5__20201105_20201124__0113	2020-11-11	698667.00000000,3683442.00000000,699435.00000000,3684210.00000000
train	006370	lower__20201113_160445_33_2278_3B_AnalyticMS_SR_8b_clip	pm5__20201105_20201124__0113	/scrfs/storage/yikebe/home/research/AR_Crop_Identification/make_dataset/raw_sentinel/pm5/pm5__20201105_20201124__0113	2020-11-11	699435.00000000,3683442.00000000,700203.00000000,3684210.00000000
train	006386	lower__20201113_160445_33_2278_3B_AnalyticMS_SR_8b_clip	pm5__20201105_20201124__0113	/scrfs/storage/yikebe/home/research/AR_Crop_Identification/make_dataset/raw_sentinel/pm5/pm5__20201105_20201124__0113	2020-11-11	707115.00000000,3683442.00000000,707883.00000000,3684210.00000000
train	006402	lower__20201113_160445_33_2278_3B_AnalyticMS_SR_8b_clip	pm5__20201105_20201124__0113	/scrfs/storage/yikebe/home/research/AR_Crop_Identification/make_dataset/raw_sentinel/pm5/pm5__20201105_20201124__0113	2020-11-11	700203.00000000,3682674.00000000,700971.00000000,3683442.00000000
train	006418	lower__20201113_160445_33_2278_3B_AnalyticMS_SR_8b_clip	pm5__20201105_20201124__0113	/scrfs/storage/yikebe/home/research/AR_Crop_Identification/make_dataset/raw_sentinel/pm5/pm5__20201105_20201124__0113	2020-11-11	696363.00000000,3681906.00000000,697131.00000000,3682674.00000000
train	006434	lower__20201113_160445_33_2278_3B_AnalyticMS_SR_8b_clip	pm5__20201105_20201124__0113	/scrfs/storage/yikebe/home/research/AR_Crop_Identification/make_dataset/raw_sentinel/pm5/pm5__20201105_20201124__0113	2020-11-11	697899.00000000,3681906.00000000,698667.00000000,3682674.00000000
train	006450	lower__20201113_160445_33_2278_3B_AnalyticMS_SR_8b_clip	pm5__20201105_20201124__0113	/scrfs/storage/yikebe/home/research/AR_Crop_Identification/make_dataset/raw_sentinel/pm5/pm5__20201105_20201124__0113	2020-11-11	698667.00000000,3681906.00000000,699435.00000000,3682674.00000000
train	006466	lower__20201113_160445_33_2278_3B_AnalyticMS_SR_8b_clip	pm5__20201105_20201124__0113	/scrfs/storage/yikebe/home/research/AR_Crop_Identification/make_dataset/raw_sentinel/pm5/pm5__20201105_20201124__0113	2020-11-11	699435.00000000,3681906.00000000,700203.00000000,3682674.00000000
train	006482	lower__20201113_160445_33_2278_3B_AnalyticMS_SR_8b_clip	pm5__20201105_20201124__0113	/scrfs/storage/yikebe/home/research/AR_Crop_Identification/make_dataset/raw_sentinel/pm5/pm5__20201105_20201124__0113	2020-11-11	700203.00000000,3681906.00000000,700971.00000000,3682674.00000000
train	006498	lower__20201113_160445_33_2278_3B_AnalyticMS_SR_8b_clip	pm5__20201105_20201124__0113	/scrfs/storage/yikebe/home/research/AR_Crop_Identification/make_dataset/raw_sentinel/pm5/pm5__20201105_20201124__0113	2020-11-11	700971.00000000,3681906.00000000,701739.00000000,3682674.00000000
train	006514	lower__20201113_160445_33_2278_3B_AnalyticMS_SR_8b_clip	pm5__20201105_20201124__0113	/scrfs/storage/yikebe/home/research/AR_Crop_Identification/make_dataset/raw_sentinel/pm5/pm5__20201105_20201124__0113	2020-11-11	704811.00000000,3681906.00000000,705579.00000000,3682674.00000000
train	006530	lower__20201113_160445_33_2278_3B_AnalyticMS_SR_8b_clip	pm5__20201105_20201124__0113	/scrfs/storage/yikebe/home/research/AR_Crop_Identification/make_dataset/raw_sentinel/pm5/pm5__20201105_20201124__0113	2020-11-11	706347.00000000,3681906.00000000,707115.00000000,3682674.00000000
train	006546	lower__20201113_160445_33_2278_3B_AnalyticMS_SR_8b_clip	pm5__20201105_20201124__0113	/scrfs/storage/yikebe/home/research/AR_Crop_Identification/make_dataset/raw_sentinel/pm5/pm5__20201105_20201124__0113	2020-11-11	696363.00000000,3681138.00000000,697131.00000000,3681906.00000000
train	006562	lower__20201113_160445_33_2278_3B_AnalyticMS_SR_8b_clip	pm5__20201105_20201124__0113	/scrfs/storage/yikebe/home/research/AR_Crop_Identification/make_dataset/raw_sentinel/pm5/pm5__20201105_20201124__0113	2020-11-11	697899.00000000,3681138.00000000,698667.00000000,3681906.00000000
train	006578	lower__20201113_160445_33_2278_3B_AnalyticMS_SR_8b_clip	pm5__20201105_20201124__0113	/scrfs/storage/yikebe/home/research/AR_Crop_Identification/make_dataset/raw_sentinel/pm5/pm5__20201105_20201124__0113	2020-11-11	698667.00000000,3681138.00000000,699435.00000000,3681906.00000000
train	006594	lower__20201113_160445_33_2278_3B_AnalyticMS_SR_8b_clip	pm5__20201105_20201124__0113	/scrfs/storage/yikebe/home/research/AR_Crop_Identification/make_dataset/raw_sentinel/pm5/pm5__20201105_20201124__0113	2020-11-11	699435.00000000,3681138.00000000,700203.00000000,3681906.00000000
train	006610	lower__20201113_160445_33_2278_3B_AnalyticMS_SR_8b_clip	pm5__20201105_20201124__0113	/scrfs/storage/yikebe/home/research/AR_Crop_Identification/make_dataset/raw_sentinel/pm5/pm5__20201105_20201124__0113	2020-11-11	700203.00000000,3681138.00000000,700971.00000000,3681906.00000000
train	006626	lower__20201113_160445_33_2278_3B_AnalyticMS_SR_8b_clip	pm5__20201105_20201124__0113	/scrfs/storage/yikebe/home/research/AR_Crop_Identification/make_dataset/raw_sentinel/pm5/pm5__20201105_20201124__0113	2020-11-11	700971.00000000,3681138.00000000,701739.00000000,3681906.00000000
train	006642	lower__20201113_160445_33_2278_3B_AnalyticMS_SR_8b_clip	pm5__20201105_20201124__0113	/scrfs/storage/yikebe/home/research/AR_Crop_Identification/make_dataset/raw_sentinel/pm5/pm5__20201105_20201124__0113	2020-11-11	701739.00000000,3681138.00000000,702507.00000000,3681906.00000000
train	006658	lower__20201113_160445_33_2278_3B_AnalyticMS_SR_8b_clip	pm5__20201105_20201124__0113	/scrfs/storage/yikebe/home/research/AR_Crop_Identification/make_dataset/raw_sentinel/pm5/pm5__20201105_20201124__0113	2020-11-11	697899.00000000,3680370.00000000,698667.00000000,3681138.00000000
train	006674	lower__20201113_160445_33_2278_3B_AnalyticMS_SR_8b_clip	pm5__20201105_20201124__0113	/scrfs/storage/yikebe/home/research/AR_Crop_Identification/make_dataset/raw_sentinel/pm5/pm5__20201105_20201124__0113	2020-11-11	696363.00000000,3679602.00000000,697131.00000000,3680370.00000000
train	006690	lower__20201113_160445_33_2278_3B_AnalyticMS_SR_8b_clip	pm5__20201105_20201124__0113	/scrfs/storage/yikebe/home/research/AR_Crop_Identification/make_dataset/raw_sentinel/pm5/pm5__20201105_20201124__0113	2020-11-11	696363.00000000,3678834.00000000,697131.00000000,3679602.00000000
train	006706	lower__20201113_160445_33_2278_3B_AnalyticMS_SR_8b_clip	pm5__20201105_20201124__0113	/scrfs/storage/yikebe/home/research/AR_Crop_Identification/make_dataset/raw_sentinel/pm5/pm5__20201105_20201124__0113	2020-11-11	697131.00000000,3678834.00000000,697899.00000000,3679602.00000000
train	006722	lower__20201113_160445_33_2278_3B_AnalyticMS_SR_8b_clip	pm5__20201105_20201124__0113	/scrfs/storage/yikebe/home/research/AR_Crop_Identification/make_dataset/raw_sentinel/pm5/pm5__20201105_20201124__0113	2020-11-11	697899.00000000,3678834.00000000,698667.00000000,3679602.00000000
train	006738	lower__20201113_160445_33_2278_3B_AnalyticMS_SR_8b_clip	pm5__20201105_20201124__0113	/scrfs/storage/yikebe/home/research/AR_Crop_Identification/make_dataset/raw_sentinel/pm5/pm5__20201105_20201124__0113	2020-11-11	699435.00000000,3678066.00000000,700203.00000000,3678834.00000000
train	006754	lower__20201113_160445_33_2278_3B_AnalyticMS_SR_8b_clip	pm5__20201105_20201124__0113	/scrfs/storage/yikebe/home/research/AR_Crop_Identification/make_dataset/raw_sentinel/pm5/pm5__20201105_20201124__0113	2020-11-11	697131.00000000,3677298.00000000,697899.00000000,3678066.00000000
train	006770	lower__20201113_160445_33_2278_3B_AnalyticMS_SR_8b_clip	pm5__20201105_20201124__0113	/scrfs/storage/yikebe/home/research/AR_Crop_Identification/make_dataset/raw_sentinel/pm5/pm5__20201105_20201124__0113	2020-11-11	700971.00000000,3674226.00000000,701739.00000000,3674994.00000000
train	006786	lower__20201113_160445_33_2278_3B_AnalyticMS_SR_8b_clip	pm5__20201105_20201124__0113	/scrfs/storage/yikebe/home/research/AR_Crop_Identification/make_dataset/raw_sentinel/pm5/pm5__20201105_20201124__0113	2020-11-11	701739.00000000,3674226.00000000,702507.00000000,3674994.00000000
train	006802	lower__20201113_160445_33_2278_3B_AnalyticMS_SR_8b_clip	pm5__20201105_20201124__0113	/scrfs/storage/yikebe/home/research/AR_Crop_Identification/make_dataset/raw_sentinel/pm5/pm5__20201105_20201124__0113	2020-11-11	701739.00000000,3672690.00000000,702507.00000000,3673458.00000000
train	006818	lower__20201113_160445_33_2278_3B_AnalyticMS_SR_8b_clip	pm5__20201105_20201124__0113	/scrfs/storage/yikebe/home/research/AR_Crop_Identification/make_dataset/raw_sentinel/pm5/pm5__20201105_20201124__0113	2020-11-11	702507.00000000,3672690.00000000,703275.00000000,3673458.00000000
train	006834	lower__20201113_160445_33_2278_3B_AnalyticMS_SR_8b_clip	pm5__20201105_20201124__0113	/scrfs/storage/yikebe/home/research/AR_Crop_Identification/make_dataset/raw_sentinel/pm5/pm5__20201105_20201124__0113	2020-11-11	702507.00000000,3671922.00000000,703275.00000000,3672690.00000000
train	006850	lower__20201113_160445_33_2278_3B_AnalyticMS_SR_8b_clip	pm5__20201105_20201124__0113	/scrfs/storage/yikebe/home/research/AR_Crop_Identification/make_dataset/raw_sentinel/pm5/pm5__20201105_20201124__0113	2020-11-11	701739.00000000,3671154.00000000,702507.00000000,3671922.00000000
train	006866	lower__20201113_160445_33_2278_3B_AnalyticMS_SR_8b_clip	pm5__20201105_20201124__0113	/scrfs/storage/yikebe/home/research/AR_Crop_Identification/make_dataset/raw_sentinel/pm5/pm5__20201105_20201124__0113	2020-11-11	702507.00000000,3671154.00000000,703275.00000000,3671922.00000000
train	006882	lower__20201113_160445_33_2278_3B_AnalyticMS_SR_8b_clip	pm5__20201105_20201124__0113	/scrfs/storage/yikebe/home/research/AR_Crop_Identification/make_dataset/raw_sentinel/pm5/pm5__20201105_20201124__0113	2020-11-11	699435.00000000,3669618.00000000,700203.00000000,3670386.00000000
train	006898	lower__20201113_160445_33_2278_3B_AnalyticMS_SR_8b_clip	pm5__20201105_20201124__0113	/scrfs/storage/yikebe/home/research/AR_Crop_Identification/make_dataset/raw_sentinel/pm5/pm5__20201105_20201124__0113	2020-11-11	701739.00000000,3669618.00000000,702507.00000000,3670386.00000000
train	006914	lower__20201113_160445_33_2278_3B_AnalyticMS_SR_8b_clip	pm5__20201105_20201124__0113	/scrfs/storage/yikebe/home/research/AR_Crop_Identification/make_dataset/raw_sentinel/pm5/pm5__20201105_20201124__0113	2020-11-11	700971.00000000,3668082.00000000,701739.00000000,3668850.00000000
val	000002	lower__20201115_155856_90_2212_3B_AnalyticMS_SR_8b_clip	pm5__20201105_20201124__0132	/scrfs/storage/yikebe/home/research/AR_Crop_Identification/make_dataset/raw_sentinel/pm5/pm5__20201105_20201124__0132	2020-11-11	730767.00000000,3827862.00000000,731535.00000000,3828630.00000000
val	000018	lower__20201115_155856_90_2212_3B_AnalyticMS_SR_8b_clip	pm5__20201105_20201124__0132	/scrfs/storage/yikebe/home/research/AR_Crop_Identification/make_dataset/raw_sentinel/pm5/pm5__20201105_20201124__0132	2020-11-11	735375.00000000,3826326.00000000,736143.00000000,3827094.00000000
val	000034	lower__20201115_155856_90_2212_3B_AnalyticMS_SR_8b_clip	pm5__20201105_20201124__0132	/scrfs/storage/yikebe/home/research/AR_Crop_Identification/make_dataset/raw_sentinel/pm5/pm5__20201105_20201124__0132	2020-11-11	727695.00000000,3824022.00000000,728463.00000000,3824790.00000000
val	000050	lower__20201115_155856_90_2212_3B_AnalyticMS_SR_8b_clip	pm5__20201105_20201124__0132	/scrfs/storage/yikebe/home/research/AR_Crop_Identification/make_dataset/raw_sentinel/pm5/pm5__20201105_20201124__0132	2020-11-11	736143.00000000,3814806.00000000,736911.00000000,3815574.00000000
val	000066	lower__20201115_155856_90_2212_3B_AnalyticMS_SR_8b_clip	pm5__20201105_20201124__0132	/scrfs/storage/yikebe/home/research/AR_Crop_Identification/make_dataset/raw_sentinel/pm5/pm5__20201105_20201124__0132	2020-11-11	746895.00000000,3811734.00000000,747663.00000000,3812502.00000000
val	000082	lower__20201115_155856_90_2212_3B_AnalyticMS_SR_8b_clip	pm5__20201105_20201124__0132	/scrfs/storage/yikebe/home/research/AR_Crop_Identification/make_dataset/raw_sentinel/pm5/pm5__20201105_20201124__0132	2020-11-11	754575.00000000,3808662.00000000,755343.00000000,3809430.00000000
train	006930	lower__20201115_160539_18_222c_3B_AnalyticMS_SR_8b_clip	pm5__20201105_20201124__0082	/scrfs/storage/yikebe/home/research/AR_Crop_Identification/make_dataset/raw_sentinel/pm5/pm5__20201105_20201124__0082	2020-11-11	629031.00000000,3845871.00000000,629799.00000000,3846639.00000000
train	006946	lower__20201115_160539_18_222c_3B_AnalyticMS_SR_8b_clip	pm5__20201105_20201124__0082	/scrfs/storage/yikebe/home/research/AR_Crop_Identification/make_dataset/raw_sentinel/pm5/pm5__20201105_20201124__0082	2020-11-11	629799.00000000,3845871.00000000,630567.00000000,3846639.00000000
train	006962	lower__20201115_160539_18_222c_3B_AnalyticMS_SR_8b_clip	pm5__20201105_20201124__0082	/scrfs/storage/yikebe/home/research/AR_Crop_Identification/make_dataset/raw_sentinel/pm5/pm5__20201105_20201124__0082	2020-11-11	633639.00000000,3844335.00000000,634407.00000000,3845103.00000000
train	006978	lower__20201115_160539_18_222c_3B_AnalyticMS_SR_8b_clip	pm5__20201105_20201124__0082	/scrfs/storage/yikebe/home/research/AR_Crop_Identification/make_dataset/raw_sentinel/pm5/pm5__20201105_20201124__0082	2020-11-11	620583.00000000,3838191.00000000,621351.00000000,3838959.00000000
train	006994	lower__20201115_160539_18_222c_3B_AnalyticMS_SR_8b_clip	pm5__20201105_20201124__0082	/scrfs/storage/yikebe/home/research/AR_Crop_Identification/make_dataset/raw_sentinel/pm5/pm5__20201105_20201124__0082	2020-11-11	622119.00000000,3838191.00000000,622887.00000000,3838959.00000000
train	007010	lower__20201115_160539_18_222c_3B_AnalyticMS_SR_8b_clip	pm5__20201105_20201124__0082	/scrfs/storage/yikebe/home/research/AR_Crop_Identification/make_dataset/raw_sentinel/pm5/pm5__20201105_20201124__0082	2020-11-11	647463.00000000,3834351.00000000,648231.00000000,3835119.00000000
train	007026	lower__20201115_165505_64_2254_3B_AnalyticMS_SR_8b_clip	pm5__20201105_20201124__0091	/scrfs/storage/yikebe/home/research/AR_Crop_Identification/make_dataset/raw_sentinel/pm5/pm5__20201105_20201124__0091	2020-11-14	633015.00000000,3678498.00000000,633783.00000000,3679266.00000000
train	007042	lower__20201115_165505_64_2254_3B_AnalyticMS_SR_8b_clip	pm5__20201105_20201124__0091	/scrfs/storage/yikebe/home/research/AR_Crop_Identification/make_dataset/raw_sentinel/pm5/pm5__20201105_20201124__0091	2020-11-14	639159.00000000,3676962.00000000,639927.00000000,3677730.00000000
train	007058	lower__20201115_165505_64_2254_3B_AnalyticMS_SR_8b_clip	pm5__20201105_20201124__0091	/scrfs/storage/yikebe/home/research/AR_Crop_Identification/make_dataset/raw_sentinel/pm5/pm5__20201105_20201124__0091	2020-11-14	639927.00000000,3676962.00000000,640695.00000000,3677730.00000000
train	007074	lower__20201115_165505_64_2254_3B_AnalyticMS_SR_8b_clip	pm5__20201105_20201124__0091	/scrfs/storage/yikebe/home/research/AR_Crop_Identification/make_dataset/raw_sentinel/pm5/pm5__20201105_20201124__0091	2020-11-14	643767.00000000,3676194.00000000,644535.00000000,3676962.00000000
train	007090	lower__20201115_165505_64_2254_3B_AnalyticMS_SR_8b_clip	pm5__20201105_20201124__0091	/scrfs/storage/yikebe/home/research/AR_Crop_Identification/make_dataset/raw_sentinel/pm5/pm5__20201105_20201124__0091	2020-11-14	637623.00000000,3673890.00000000,638391.00000000,3674658.00000000
train	007106	lower__20201115_165505_64_2254_3B_AnalyticMS_SR_8b_clip	pm5__20201105_20201124__0091	/scrfs/storage/yikebe/home/research/AR_Crop_Identification/make_dataset/raw_sentinel/pm5/pm5__20201105_20201124__0091	2020-11-14	638391.00000000,3673890.00000000,639159.00000000,3674658.00000000
train	007122	lower__20201115_165505_64_2254_3B_AnalyticMS_SR_8b_clip	pm5__20201105_20201124__0091	/scrfs/storage/yikebe/home/research/AR_Crop_Identification/make_dataset/raw_sentinel/pm5/pm5__20201105_20201124__0091	2020-11-14	640695.00000000,3673890.00000000,641463.00000000,3674658.00000000
train	007138	lower__20201115_165505_64_2254_3B_AnalyticMS_SR_8b_clip	pm5__20201105_20201124__0091	/scrfs/storage/yikebe/home/research/AR_Crop_Identification/make_dataset/raw_sentinel/pm5/pm5__20201105_20201124__0091	2020-11-14	637623.00000000,3673122.00000000,638391.00000000,3673890.00000000
train	007154	lower__20201115_165505_64_2254_3B_AnalyticMS_SR_8b_clip	pm5__20201105_20201124__0091	/scrfs/storage/yikebe/home/research/AR_Crop_Identification/make_dataset/raw_sentinel/pm5/pm5__20201105_20201124__0091	2020-11-14	638391.00000000,3673122.00000000,639159.00000000,3673890.00000000
train	007170	lower__20201115_165505_64_2254_3B_AnalyticMS_SR_8b_clip	pm5__20201105_20201124__0091	/scrfs/storage/yikebe/home/research/AR_Crop_Identification/make_dataset/raw_sentinel/pm5/pm5__20201105_20201124__0091	2020-11-14	640695.00000000,3673122.00000000,641463.00000000,3673890.00000000
train	007186	lower__20201115_165505_64_2254_3B_AnalyticMS_SR_8b_clip	pm5__20201105_20201124__0091	/scrfs/storage/yikebe/home/research/AR_Crop_Identification/make_dataset/raw_sentinel/pm5/pm5__20201105_20201124__0091	2020-11-14	638391.00000000,3672354.00000000,639159.00000000,3673122.00000000
train	007202	lower__20201115_165505_64_2254_3B_AnalyticMS_SR_8b_clip	pm5__20201105_20201124__0091	/scrfs/storage/yikebe/home/research/AR_Crop_Identification/make_dataset/raw_sentinel/pm5/pm5__20201105_20201124__0091	2020-11-14	639159.00000000,3672354.00000000,639927.00000000,3673122.00000000
train	007218	lower__20201115_165505_64_2254_3B_AnalyticMS_SR_8b_clip	pm5__20201105_20201124__0091	/scrfs/storage/yikebe/home/research/AR_Crop_Identification/make_dataset/raw_sentinel/pm5/pm5__20201105_20201124__0091	2020-11-14	639927.00000000,3672354.00000000,640695.00000000,3673122.00000000
train	007234	lower__20201115_165505_64_2254_3B_AnalyticMS_SR_8b_clip	pm5__20201105_20201124__0091	/scrfs/storage/yikebe/home/research/AR_Crop_Identification/make_dataset/raw_sentinel/pm5/pm5__20201105_20201124__0091	2020-11-14	641463.00000000,3670818.00000000,642231.00000000,3671586.00000000
train	007250	lower__20201115_165505_64_2254_3B_AnalyticMS_SR_8b_clip	pm5__20201105_20201124__0091	/scrfs/storage/yikebe/home/research/AR_Crop_Identification/make_dataset/raw_sentinel/pm5/pm5__20201105_20201124__0091	2020-11-14	644535.00000000,3670818.00000000,645303.00000000,3671586.00000000
train	007266	lower__20201115_165505_64_2254_3B_AnalyticMS_SR_8b_clip	pm5__20201105_20201124__0091	/scrfs/storage/yikebe/home/research/AR_Crop_Identification/make_dataset/raw_sentinel/pm5/pm5__20201105_20201124__0091	2020-11-14	641463.00000000,3668514.00000000,642231.00000000,3669282.00000000
train	007282	lower__20201115_165505_64_2254_3B_AnalyticMS_SR_8b_clip	pm5__20201105_20201124__0091	/scrfs/storage/yikebe/home/research/AR_Crop_Identification/make_dataset/raw_sentinel/pm5/pm5__20201105_20201124__0091	2020-11-14	635319.00000000,3660834.00000000,636087.00000000,3661602.00000000
train	007298	lower__20201115_165505_64_2254_3B_AnalyticMS_SR_8b_clip	pm5__20201105_20201124__0091	/scrfs/storage/yikebe/home/research/AR_Crop_Identification/make_dataset/raw_sentinel/pm5/pm5__20201105_20201124__0091	2020-11-14	647607.00000000,3660834.00000000,648375.00000000,3661602.00000000
train	007314	lower__20201116_160031_17_2257_3B_AnalyticMS_SR_8b_clip	pm5__20201105_20201124__0123	/scrfs/storage/yikebe/home/research/AR_Crop_Identification/make_dataset/raw_sentinel/pm5/pm5__20201105_20201124__0123	2020-11-21	727005.00000000,3674937.00000000,727773.00000000,3675705.00000000
train	007330	lower__20201116_160031_17_2257_3B_AnalyticMS_SR_8b_clip	pm5__20201105_20201124__0123	/scrfs/storage/yikebe/home/research/AR_Crop_Identification/make_dataset/raw_sentinel/pm5/pm5__20201105_20201124__0123	2020-11-21	729309.00000000,3674169.00000000,730077.00000000,3674937.00000000
train	007346	lower__20201116_160031_17_2257_3B_AnalyticMS_SR_8b_clip	pm5__20201105_20201124__0123	/scrfs/storage/yikebe/home/research/AR_Crop_Identification/make_dataset/raw_sentinel/pm5/pm5__20201105_20201124__0123	2020-11-21	720861.00000000,3672633.00000000,721629.00000000,3673401.00000000
train	007362	lower__20201116_160031_17_2257_3B_AnalyticMS_SR_8b_clip	pm5__20201105_20201124__0123	/scrfs/storage/yikebe/home/research/AR_Crop_Identification/make_dataset/raw_sentinel/pm5/pm5__20201105_20201124__0123	2020-11-21	726237.00000000,3672633.00000000,727005.00000000,3673401.00000000
train	007378	lower__20201116_160031_17_2257_3B_AnalyticMS_SR_8b_clip	pm5__20201105_20201124__0123	/scrfs/storage/yikebe/home/research/AR_Crop_Identification/make_dataset/raw_sentinel/pm5/pm5__20201105_20201124__0123	2020-11-21	727005.00000000,3672633.00000000,727773.00000000,3673401.00000000
train	007394	lower__20201116_160031_17_2257_3B_AnalyticMS_SR_8b_clip	pm5__20201105_20201124__0123	/scrfs/storage/yikebe/home/research/AR_Crop_Identification/make_dataset/raw_sentinel/pm5/pm5__20201105_20201124__0123	2020-11-21	723165.00000000,3671097.00000000,723933.00000000,3671865.00000000
train	007410	lower__20201116_160031_17_2257_3B_AnalyticMS_SR_8b_clip	pm5__20201105_20201124__0123	/scrfs/storage/yikebe/home/research/AR_Crop_Identification/make_dataset/raw_sentinel/pm5/pm5__20201105_20201124__0123	2020-11-21	731613.00000000,3670329.00000000,732381.00000000,3671097.00000000
train	007426	lower__20201116_160031_17_2257_3B_AnalyticMS_SR_8b_clip	pm5__20201105_20201124__0123	/scrfs/storage/yikebe/home/research/AR_Crop_Identification/make_dataset/raw_sentinel/pm5/pm5__20201105_20201124__0123	2020-11-21	749277.00000000,3668025.00000000,750045.00000000,3668793.00000000
train	007442	lower__20201116_160031_17_2257_3B_AnalyticMS_SR_8b_clip	pm5__20201105_20201124__0123	/scrfs/storage/yikebe/home/research/AR_Crop_Identification/make_dataset/raw_sentinel/pm5/pm5__20201105_20201124__0123	2020-11-21	736989.00000000,3667257.00000000,737757.00000000,3668025.00000000
train	007458	lower__20201116_160031_17_2257_3B_AnalyticMS_SR_8b_clip	pm5__20201105_20201124__0123	/scrfs/storage/yikebe/home/research/AR_Crop_Identification/make_dataset/raw_sentinel/pm5/pm5__20201105_20201124__0123	2020-11-21	741597.00000000,3666489.00000000,742365.00000000,3667257.00000000
train	007474	lower__20201116_160031_17_2257_3B_AnalyticMS_SR_8b_clip	pm5__20201105_20201124__0123	/scrfs/storage/yikebe/home/research/AR_Crop_Identification/make_dataset/raw_sentinel/pm5/pm5__20201105_20201124__0123	2020-11-21	743901.00000000,3664953.00000000,744669.00000000,3665721.00000000
train	007490	lower__20201116_160031_17_2257_3B_AnalyticMS_SR_8b_clip	pm5__20201105_20201124__0123	/scrfs/storage/yikebe/home/research/AR_Crop_Identification/make_dataset/raw_sentinel/pm5/pm5__20201105_20201124__0123	2020-11-21	721629.00000000,3664185.00000000,722397.00000000,3664953.00000000
train	007506	lower__20201116_160031_17_2257_3B_AnalyticMS_SR_8b_clip	pm5__20201105_20201124__0123	/scrfs/storage/yikebe/home/research/AR_Crop_Identification/make_dataset/raw_sentinel/pm5/pm5__20201105_20201124__0123	2020-11-21	743901.00000000,3664185.00000000,744669.00000000,3664953.00000000
train	007522	lower__20201116_160031_17_2257_3B_AnalyticMS_SR_8b_clip	pm5__20201105_20201124__0123	/scrfs/storage/yikebe/home/research/AR_Crop_Identification/make_dataset/raw_sentinel/pm5/pm5__20201105_20201124__0123	2020-11-21	721629.00000000,3663417.00000000,722397.00000000,3664185.00000000
train	007538	lower__20201116_160031_17_2257_3B_AnalyticMS_SR_8b_clip	pm5__20201105_20201124__0123	/scrfs/storage/yikebe/home/research/AR_Crop_Identification/make_dataset/raw_sentinel/pm5/pm5__20201105_20201124__0123	2020-11-21	746205.00000000,3663417.00000000,746973.00000000,3664185.00000000
train	007554	lower__20201116_160031_17_2257_3B_AnalyticMS_SR_8b_clip	pm5__20201105_20201124__0123	/scrfs/storage/yikebe/home/research/AR_Crop_Identification/make_dataset/raw_sentinel/pm5/pm5__20201105_20201124__0123	2020-11-21	733917.00000000,3662649.00000000,734685.00000000,3663417.00000000
train	007570	lower__20201116_160031_17_2257_3B_AnalyticMS_SR_8b_clip	pm5__20201105_20201124__0123	/scrfs/storage/yikebe/home/research/AR_Crop_Identification/make_dataset/raw_sentinel/pm5/pm5__20201105_20201124__0123	2020-11-21	736221.00000000,3661881.00000000,736989.00000000,3662649.00000000
train	007586	lower__20201116_160031_17_2257_3B_AnalyticMS_SR_8b_clip	pm5__20201105_20201124__0123	/scrfs/storage/yikebe/home/research/AR_Crop_Identification/make_dataset/raw_sentinel/pm5/pm5__20201105_20201124__0123	2020-11-21	742365.00000000,3661881.00000000,743133.00000000,3662649.00000000
train	007602	lower__20201116_160031_17_2257_3B_AnalyticMS_SR_8b_clip	pm5__20201105_20201124__0123	/scrfs/storage/yikebe/home/research/AR_Crop_Identification/make_dataset/raw_sentinel/pm5/pm5__20201105_20201124__0123	2020-11-21	732381.00000000,3655737.00000000,733149.00000000,3656505.00000000
train	007618	lower__20201116_160429_33_220b_3B_AnalyticMS_SR_8b_clip	pm5__20201105_20201124__0082	/scrfs/storage/yikebe/home/research/AR_Crop_Identification/make_dataset/raw_sentinel/pm5/pm5__20201105_20201124__0082	2020-11-19	628029.00000000,3829377.00000000,628797.00000000,3830145.00000000
train	007634	lower__20201116_160429_33_220b_3B_AnalyticMS_SR_8b_clip	pm5__20201105_20201124__0082	/scrfs/storage/yikebe/home/research/AR_Crop_Identification/make_dataset/raw_sentinel/pm5/pm5__20201105_20201124__0082	2020-11-19	624189.00000000,3828609.00000000,624957.00000000,3829377.00000000
train	007650	lower__20201116_160429_33_220b_3B_AnalyticMS_SR_8b_clip	pm5__20201105_20201124__0082	/scrfs/storage/yikebe/home/research/AR_Crop_Identification/make_dataset/raw_sentinel/pm5/pm5__20201105_20201124__0082	2020-11-19	629565.00000000,3828609.00000000,630333.00000000,3829377.00000000
train	007666	lower__20201116_160429_33_220b_3B_AnalyticMS_SR_8b_clip	pm5__20201105_20201124__0082	/scrfs/storage/yikebe/home/research/AR_Crop_Identification/make_dataset/raw_sentinel/pm5/pm5__20201105_20201124__0082	2020-11-19	629565.00000000,3827841.00000000,630333.00000000,3828609.00000000
train	007682	lower__20201116_160429_33_220b_3B_AnalyticMS_SR_8b_clip	pm5__20201105_20201124__0082	/scrfs/storage/yikebe/home/research/AR_Crop_Identification/make_dataset/raw_sentinel/pm5/pm5__20201105_20201124__0082	2020-11-19	631869.00000000,3827073.00000000,632637.00000000,3827841.00000000
train	007698	lower__20201116_160429_33_220b_3B_AnalyticMS_SR_8b_clip	pm5__20201105_20201124__0082	/scrfs/storage/yikebe/home/research/AR_Crop_Identification/make_dataset/raw_sentinel/pm5/pm5__20201105_20201124__0082	2020-11-19	633405.00000000,3826305.00000000,634173.00000000,3827073.00000000
train	007714	lower__20201116_160429_33_220b_3B_AnalyticMS_SR_8b_clip	pm5__20201105_20201124__0082	/scrfs/storage/yikebe/home/research/AR_Crop_Identification/make_dataset/raw_sentinel/pm5/pm5__20201105_20201124__0082	2020-11-19	634173.00000000,3826305.00000000,634941.00000000,3827073.00000000
train	007730	lower__20201116_160429_33_220b_3B_AnalyticMS_SR_8b_clip	pm5__20201105_20201124__0082	/scrfs/storage/yikebe/home/research/AR_Crop_Identification/make_dataset/raw_sentinel/pm5/pm5__20201105_20201124__0082	2020-11-19	628029.00000000,3825537.00000000,628797.00000000,3826305.00000000
train	007746	lower__20201116_160429_33_220b_3B_AnalyticMS_SR_8b_clip	pm5__20201105_20201124__0082	/scrfs/storage/yikebe/home/research/AR_Crop_Identification/make_dataset/raw_sentinel/pm5/pm5__20201105_20201124__0082	2020-11-19	627261.00000000,3824769.00000000,628029.00000000,3825537.00000000
train	007762	lower__20201116_160429_33_220b_3B_AnalyticMS_SR_8b_clip	pm5__20201105_20201124__0082	/scrfs/storage/yikebe/home/research/AR_Crop_Identification/make_dataset/raw_sentinel/pm5/pm5__20201105_20201124__0082	2020-11-19	634173.00000000,3824769.00000000,634941.00000000,3825537.00000000
train	007778	lower__20201116_160429_33_220b_3B_AnalyticMS_SR_8b_clip	pm5__20201105_20201124__0082	/scrfs/storage/yikebe/home/research/AR_Crop_Identification/make_dataset/raw_sentinel/pm5/pm5__20201105_20201124__0082	2020-11-19	631869.00000000,3824001.00000000,632637.00000000,3824769.00000000
train	007794	lower__20201116_160429_33_220b_3B_AnalyticMS_SR_8b_clip	pm5__20201105_20201124__0082	/scrfs/storage/yikebe/home/research/AR_Crop_Identification/make_dataset/raw_sentinel/pm5/pm5__20201105_20201124__0082	2020-11-19	634941.00000000,3824001.00000000,635709.00000000,3824769.00000000
train	007810	lower__20201116_160429_33_220b_3B_AnalyticMS_SR_8b_clip	pm5__20201105_20201124__0082	/scrfs/storage/yikebe/home/research/AR_Crop_Identification/make_dataset/raw_sentinel/pm5/pm5__20201105_20201124__0082	2020-11-19	638013.00000000,3824001.00000000,638781.00000000,3824769.00000000
train	007826	lower__20201116_160429_33_220b_3B_AnalyticMS_SR_8b_clip	pm5__20201105_20201124__0082	/scrfs/storage/yikebe/home/research/AR_Crop_Identification/make_dataset/raw_sentinel/pm5/pm5__20201105_20201124__0082	2020-11-19	644925.00000000,3824001.00000000,645693.00000000,3824769.00000000
train	007842	lower__20201116_160429_33_220b_3B_AnalyticMS_SR_8b_clip	pm5__20201105_20201124__0082	/scrfs/storage/yikebe/home/research/AR_Crop_Identification/make_dataset/raw_sentinel/pm5/pm5__20201105_20201124__0082	2020-11-19	626493.00000000,3823233.00000000,627261.00000000,3824001.00000000
train	007858	lower__20201116_160429_33_220b_3B_AnalyticMS_SR_8b_clip	pm5__20201105_20201124__0082	/scrfs/storage/yikebe/home/research/AR_Crop_Identification/make_dataset/raw_sentinel/pm5/pm5__20201105_20201124__0082	2020-11-19	637245.00000000,3823233.00000000,638013.00000000,3824001.00000000
train	007874	lower__20201116_160429_33_220b_3B_AnalyticMS_SR_8b_clip	pm5__20201105_20201124__0082	/scrfs/storage/yikebe/home/research/AR_Crop_Identification/make_dataset/raw_sentinel/pm5/pm5__20201105_20201124__0082	2020-11-19	644157.00000000,3823233.00000000,644925.00000000,3824001.00000000
train	007890	lower__20201116_160429_33_220b_3B_AnalyticMS_SR_8b_clip	pm5__20201105_20201124__0082	/scrfs/storage/yikebe/home/research/AR_Crop_Identification/make_dataset/raw_sentinel/pm5/pm5__20201105_20201124__0082	2020-11-19	644925.00000000,3823233.00000000,645693.00000000,3824001.00000000
train	007906	lower__20201116_160429_33_220b_3B_AnalyticMS_SR_8b_clip	pm5__20201105_20201124__0082	/scrfs/storage/yikebe/home/research/AR_Crop_Identification/make_dataset/raw_sentinel/pm5/pm5__20201105_20201124__0082	2020-11-19	645693.00000000,3822465.00000000,646461.00000000,3823233.00000000
train	007922	lower__20201116_160429_33_220b_3B_AnalyticMS_SR_8b_clip	pm5__20201105_20201124__0082	/scrfs/storage/yikebe/home/research/AR_Crop_Identification/make_dataset/raw_sentinel/pm5/pm5__20201105_20201124__0082	2020-11-19	646461.00000000,3822465.00000000,647229.00000000,3823233.00000000
train	007938	lower__20201116_160429_33_220b_3B_AnalyticMS_SR_8b_clip	pm5__20201105_20201124__0082	/scrfs/storage/yikebe/home/research/AR_Crop_Identification/make_dataset/raw_sentinel/pm5/pm5__20201105_20201124__0082	2020-11-19	624957.00000000,3821697.00000000,625725.00000000,3822465.00000000
train	007954	lower__20201116_160429_33_220b_3B_AnalyticMS_SR_8b_clip	pm5__20201105_20201124__0082	/scrfs/storage/yikebe/home/research/AR_Crop_Identification/make_dataset/raw_sentinel/pm5/pm5__20201105_20201124__0082	2020-11-19	637245.00000000,3821697.00000000,638013.00000000,3822465.00000000
train	007970	lower__20201116_160429_33_220b_3B_AnalyticMS_SR_8b_clip	pm5__20201105_20201124__0082	/scrfs/storage/yikebe/home/research/AR_Crop_Identification/make_dataset/raw_sentinel/pm5/pm5__20201105_20201124__0082	2020-11-19	638013.00000000,3821697.00000000,638781.00000000,3822465.00000000
train	007986	lower__20201116_160429_33_220b_3B_AnalyticMS_SR_8b_clip	pm5__20201105_20201124__0082	/scrfs/storage/yikebe/home/research/AR_Crop_Identification/make_dataset/raw_sentinel/pm5/pm5__20201105_20201124__0082	2020-11-19	644925.00000000,3821697.00000000,645693.00000000,3822465.00000000
train	008002	lower__20201116_160429_33_220b_3B_AnalyticMS_SR_8b_clip	pm5__20201105_20201124__0082	/scrfs/storage/yikebe/home/research/AR_Crop_Identification/make_dataset/raw_sentinel/pm5/pm5__20201105_20201124__0082	2020-11-19	646461.00000000,3821697.00000000,647229.00000000,3822465.00000000
train	008018	lower__20201116_160429_33_220b_3B_AnalyticMS_SR_8b_clip	pm5__20201105_20201124__0082	/scrfs/storage/yikebe/home/research/AR_Crop_Identification/make_dataset/raw_sentinel/pm5/pm5__20201105_20201124__0082	2020-11-19	647229.00000000,3821697.00000000,647997.00000000,3822465.00000000
train	008034	lower__20201116_160429_33_220b_3B_AnalyticMS_SR_8b_clip	pm5__20201105_20201124__0082	/scrfs/storage/yikebe/home/research/AR_Crop_Identification/make_dataset/raw_sentinel/pm5/pm5__20201105_20201124__0082	2020-11-19	648765.00000000,3821697.00000000,649533.00000000,3822465.00000000
train	008050	lower__20201116_160429_33_220b_3B_AnalyticMS_SR_8b_clip	pm5__20201105_20201124__0082	/scrfs/storage/yikebe/home/research/AR_Crop_Identification/make_dataset/raw_sentinel/pm5/pm5__20201105_20201124__0082	2020-11-19	624189.00000000,3820929.00000000,624957.00000000,3821697.00000000
train	008066	lower__20201116_160429_33_220b_3B_AnalyticMS_SR_8b_clip	pm5__20201105_20201124__0082	/scrfs/storage/yikebe/home/research/AR_Crop_Identification/make_dataset/raw_sentinel/pm5/pm5__20201105_20201124__0082	2020-11-19	628797.00000000,3820929.00000000,629565.00000000,3821697.00000000
train	008082	lower__20201116_160429_33_220b_3B_AnalyticMS_SR_8b_clip	pm5__20201105_20201124__0082	/scrfs/storage/yikebe/home/research/AR_Crop_Identification/make_dataset/raw_sentinel/pm5/pm5__20201105_20201124__0082	2020-11-19	637245.00000000,3820929.00000000,638013.00000000,3821697.00000000
train	008098	lower__20201116_160429_33_220b_3B_AnalyticMS_SR_8b_clip	pm5__20201105_20201124__0082	/scrfs/storage/yikebe/home/research/AR_Crop_Identification/make_dataset/raw_sentinel/pm5/pm5__20201105_20201124__0082	2020-11-19	646461.00000000,3820929.00000000,647229.00000000,3821697.00000000
train	008114	lower__20201116_160429_33_220b_3B_AnalyticMS_SR_8b_clip	pm5__20201105_20201124__0082	/scrfs/storage/yikebe/home/research/AR_Crop_Identification/make_dataset/raw_sentinel/pm5/pm5__20201105_20201124__0082	2020-11-19	639549.00000000,3818625.00000000,640317.00000000,3819393.00000000
train	008130	lower__20201116_160429_33_220b_3B_AnalyticMS_SR_8b_clip	pm5__20201105_20201124__0082	/scrfs/storage/yikebe/home/research/AR_Crop_Identification/make_dataset/raw_sentinel/pm5/pm5__20201105_20201124__0082	2020-11-19	649533.00000000,3817857.00000000,650301.00000000,3818625.00000000
train	008146	lower__20201116_160429_33_220b_3B_AnalyticMS_SR_8b_clip	pm5__20201105_20201124__0082	/scrfs/storage/yikebe/home/research/AR_Crop_Identification/make_dataset/raw_sentinel/pm5/pm5__20201105_20201124__0082	2020-11-19	637245.00000000,3817089.00000000,638013.00000000,3817857.00000000
train	008162	lower__20201116_160429_33_220b_3B_AnalyticMS_SR_8b_clip	pm5__20201105_20201124__0082	/scrfs/storage/yikebe/home/research/AR_Crop_Identification/make_dataset/raw_sentinel/pm5/pm5__20201105_20201124__0082	2020-11-19	639549.00000000,3817089.00000000,640317.00000000,3817857.00000000
train	008178	lower__20201116_160429_33_220b_3B_AnalyticMS_SR_8b_clip	pm5__20201105_20201124__0082	/scrfs/storage/yikebe/home/research/AR_Crop_Identification/make_dataset/raw_sentinel/pm5/pm5__20201105_20201124__0082	2020-11-19	638781.00000000,3816321.00000000,639549.00000000,3817089.00000000
train	008194	lower__20201116_160429_33_220b_3B_AnalyticMS_SR_8b_clip	pm5__20201105_20201124__0082	/scrfs/storage/yikebe/home/research/AR_Crop_Identification/make_dataset/raw_sentinel/pm5/pm5__20201105_20201124__0082	2020-11-19	639549.00000000,3816321.00000000,640317.00000000,3817089.00000000
train	008210	lower__20201116_160429_33_220b_3B_AnalyticMS_SR_8b_clip	pm5__20201105_20201124__0082	/scrfs/storage/yikebe/home/research/AR_Crop_Identification/make_dataset/raw_sentinel/pm5/pm5__20201105_20201124__0082	2020-11-19	634941.00000000,3815553.00000000,635709.00000000,3816321.00000000
train	008226	lower__20201116_160429_33_220b_3B_AnalyticMS_SR_8b_clip	pm5__20201105_20201124__0082	/scrfs/storage/yikebe/home/research/AR_Crop_Identification/make_dataset/raw_sentinel/pm5/pm5__20201105_20201124__0082	2020-11-19	637245.00000000,3815553.00000000,638013.00000000,3816321.00000000
train	008242	lower__20201116_160429_33_220b_3B_AnalyticMS_SR_8b_clip	pm5__20201105_20201124__0082	/scrfs/storage/yikebe/home/research/AR_Crop_Identification/make_dataset/raw_sentinel/pm5/pm5__20201105_20201124__0082	2020-11-19	638013.00000000,3815553.00000000,638781.00000000,3816321.00000000
train	008258	lower__20201116_160429_33_220b_3B_AnalyticMS_SR_8b_clip	pm5__20201105_20201124__0082	/scrfs/storage/yikebe/home/research/AR_Crop_Identification/make_dataset/raw_sentinel/pm5/pm5__20201105_20201124__0082	2020-11-19	629565.00000000,3814785.00000000,630333.00000000,3815553.00000000
train	008274	lower__20201116_160429_33_220b_3B_AnalyticMS_SR_8b_clip	pm5__20201105_20201124__0082	/scrfs/storage/yikebe/home/research/AR_Crop_Identification/make_dataset/raw_sentinel/pm5/pm5__20201105_20201124__0082	2020-11-19	637245.00000000,3814785.00000000,638013.00000000,3815553.00000000
train	008290	lower__20201116_160429_33_220b_3B_AnalyticMS_SR_8b_clip	pm5__20201105_20201124__0082	/scrfs/storage/yikebe/home/research/AR_Crop_Identification/make_dataset/raw_sentinel/pm5/pm5__20201105_20201124__0082	2020-11-19	628797.00000000,3814017.00000000,629565.00000000,3814785.00000000
train	008306	lower__20201116_160429_33_220b_3B_AnalyticMS_SR_8b_clip	pm5__20201105_20201124__0082	/scrfs/storage/yikebe/home/research/AR_Crop_Identification/make_dataset/raw_sentinel/pm5/pm5__20201105_20201124__0082	2020-11-19	635709.00000000,3814017.00000000,636477.00000000,3814785.00000000
train	008322	lower__20201116_160429_33_220b_3B_AnalyticMS_SR_8b_clip	pm5__20201105_20201124__0082	/scrfs/storage/yikebe/home/research/AR_Crop_Identification/make_dataset/raw_sentinel/pm5/pm5__20201105_20201124__0082	2020-11-19	649533.00000000,3814017.00000000,650301.00000000,3814785.00000000
train	008338	lower__20201116_160429_33_220b_3B_AnalyticMS_SR_8b_clip	pm5__20201105_20201124__0082	/scrfs/storage/yikebe/home/research/AR_Crop_Identification/make_dataset/raw_sentinel/pm5/pm5__20201105_20201124__0082	2020-11-19	634173.00000000,3813249.00000000,634941.00000000,3814017.00000000
train	008354	lower__20201116_160429_33_220b_3B_AnalyticMS_SR_8b_clip	pm5__20201105_20201124__0082	/scrfs/storage/yikebe/home/research/AR_Crop_Identification/make_dataset/raw_sentinel/pm5/pm5__20201105_20201124__0082	2020-11-19	629565.00000000,3812481.00000000,630333.00000000,3813249.00000000
train	008370	lower__20201116_160429_33_220b_3B_AnalyticMS_SR_8b_clip	pm5__20201105_20201124__0082	/scrfs/storage/yikebe/home/research/AR_Crop_Identification/make_dataset/raw_sentinel/pm5/pm5__20201105_20201124__0082	2020-11-19	630333.00000000,3812481.00000000,631101.00000000,3813249.00000000
train	008386	lower__20201116_160429_33_220b_3B_AnalyticMS_SR_8b_clip	pm5__20201105_20201124__0082	/scrfs/storage/yikebe/home/research/AR_Crop_Identification/make_dataset/raw_sentinel/pm5/pm5__20201105_20201124__0082	2020-11-19	637245.00000000,3812481.00000000,638013.00000000,3813249.00000000
train	008402	lower__20201116_160429_33_220b_3B_AnalyticMS_SR_8b_clip	pm5__20201105_20201124__0082	/scrfs/storage/yikebe/home/research/AR_Crop_Identification/make_dataset/raw_sentinel/pm5/pm5__20201105_20201124__0082	2020-11-19	638013.00000000,3812481.00000000,638781.00000000,3813249.00000000
train	008418	lower__20201116_160429_33_220b_3B_AnalyticMS_SR_8b_clip	pm5__20201105_20201124__0082	/scrfs/storage/yikebe/home/research/AR_Crop_Identification/make_dataset/raw_sentinel/pm5/pm5__20201105_20201124__0082	2020-11-19	638781.00000000,3812481.00000000,639549.00000000,3813249.00000000
train	008434	lower__20201116_160429_33_220b_3B_AnalyticMS_SR_8b_clip	pm5__20201105_20201124__0082	/scrfs/storage/yikebe/home/research/AR_Crop_Identification/make_dataset/raw_sentinel/pm5/pm5__20201105_20201124__0082	2020-11-19	629565.00000000,3811713.00000000,630333.00000000,3812481.00000000
train	008450	lower__20201116_160429_33_220b_3B_AnalyticMS_SR_8b_clip	pm5__20201105_20201124__0082	/scrfs/storage/yikebe/home/research/AR_Crop_Identification/make_dataset/raw_sentinel/pm5/pm5__20201105_20201124__0082	2020-11-19	630333.00000000,3811713.00000000,631101.00000000,3812481.00000000
train	008466	lower__20201116_160429_33_220b_3B_AnalyticMS_SR_8b_clip	pm5__20201105_20201124__0082	/scrfs/storage/yikebe/home/research/AR_Crop_Identification/make_dataset/raw_sentinel/pm5/pm5__20201105_20201124__0082	2020-11-19	642621.00000000,3811713.00000000,643389.00000000,3812481.00000000
train	008482	lower__20201116_160429_33_220b_3B_AnalyticMS_SR_8b_clip	pm5__20201105_20201124__0082	/scrfs/storage/yikebe/home/research/AR_Crop_Identification/make_dataset/raw_sentinel/pm5/pm5__20201105_20201124__0082	2020-11-19	638013.00000000,3810945.00000000,638781.00000000,3811713.00000000
train	008498	lower__20201116_160429_33_220b_3B_AnalyticMS_SR_8b_clip	pm5__20201105_20201124__0082	/scrfs/storage/yikebe/home/research/AR_Crop_Identification/make_dataset/raw_sentinel/pm5/pm5__20201105_20201124__0082	2020-11-19	629565.00000000,3810177.00000000,630333.00000000,3810945.00000000
train	008514	lower__20201116_160429_33_220b_3B_AnalyticMS_SR_8b_clip	pm5__20201105_20201124__0082	/scrfs/storage/yikebe/home/research/AR_Crop_Identification/make_dataset/raw_sentinel/pm5/pm5__20201105_20201124__0082	2020-11-19	634941.00000000,3810177.00000000,635709.00000000,3810945.00000000
train	008530	lower__20201116_160429_33_220b_3B_AnalyticMS_SR_8b_clip	pm5__20201105_20201124__0082	/scrfs/storage/yikebe/home/research/AR_Crop_Identification/make_dataset/raw_sentinel/pm5/pm5__20201105_20201124__0082	2020-11-19	629565.00000000,3809409.00000000,630333.00000000,3810177.00000000
train	008546	lower__20201116_160429_33_220b_3B_AnalyticMS_SR_8b_clip	pm5__20201105_20201124__0082	/scrfs/storage/yikebe/home/research/AR_Crop_Identification/make_dataset/raw_sentinel/pm5/pm5__20201105_20201124__0082	2020-11-19	632637.00000000,3808641.00000000,633405.00000000,3809409.00000000
train	008562	lower__20201116_160429_33_220b_3B_AnalyticMS_SR_8b_clip	pm5__20201105_20201124__0082	/scrfs/storage/yikebe/home/research/AR_Crop_Identification/make_dataset/raw_sentinel/pm5/pm5__20201105_20201124__0082	2020-11-19	635709.00000000,3807873.00000000,636477.00000000,3808641.00000000
train	008578	lower__20201116_160429_33_220b_3B_AnalyticMS_SR_8b_clip	pm5__20201105_20201124__0082	/scrfs/storage/yikebe/home/research/AR_Crop_Identification/make_dataset/raw_sentinel/pm5/pm5__20201105_20201124__0082	2020-11-19	638781.00000000,3807873.00000000,639549.00000000,3808641.00000000
train	008594	lower__20201116_160429_33_220b_3B_AnalyticMS_SR_8b_clip	pm5__20201105_20201124__0082	/scrfs/storage/yikebe/home/research/AR_Crop_Identification/make_dataset/raw_sentinel/pm5/pm5__20201105_20201124__0082	2020-11-19	639549.00000000,3807873.00000000,640317.00000000,3808641.00000000
train	008610	lower__20201116_160429_33_220b_3B_AnalyticMS_SR_8b_clip	pm5__20201105_20201124__0082	/scrfs/storage/yikebe/home/research/AR_Crop_Identification/make_dataset/raw_sentinel/pm5/pm5__20201105_20201124__0082	2020-11-19	641085.00000000,3807873.00000000,641853.00000000,3808641.00000000
train	008626	lower__20201116_160429_33_220b_3B_AnalyticMS_SR_8b_clip	pm5__20201105_20201124__0082	/scrfs/storage/yikebe/home/research/AR_Crop_Identification/make_dataset/raw_sentinel/pm5/pm5__20201105_20201124__0082	2020-11-19	644157.00000000,3807873.00000000,644925.00000000,3808641.00000000
train	008642	lower__20201116_160429_33_220b_3B_AnalyticMS_SR_8b_clip	pm5__20201105_20201124__0082	/scrfs/storage/yikebe/home/research/AR_Crop_Identification/make_dataset/raw_sentinel/pm5/pm5__20201105_20201124__0082	2020-11-19	643389.00000000,3807105.00000000,644157.00000000,3807873.00000000
train	008658	lower__20201116_160429_33_220b_3B_AnalyticMS_SR_8b_clip	pm5__20201105_20201124__0082	/scrfs/storage/yikebe/home/research/AR_Crop_Identification/make_dataset/raw_sentinel/pm5/pm5__20201105_20201124__0082	2020-11-19	644157.00000000,3807105.00000000,644925.00000000,3807873.00000000
train	008674	lower__20201116_160429_33_220b_3B_AnalyticMS_SR_8b_clip	pm5__20201105_20201124__0082	/scrfs/storage/yikebe/home/research/AR_Crop_Identification/make_dataset/raw_sentinel/pm5/pm5__20201105_20201124__0082	2020-11-19	642621.00000000,3806337.00000000,643389.00000000,3807105.00000000
train	008690	lower__20201116_160942_79_222f_3B_AnalyticMS_SR_8b_clip	pm5__20201105_20201124__0082	/scrfs/storage/yikebe/home/research/AR_Crop_Identification/make_dataset/raw_sentinel/pm5/pm5__20201105_20201124__0082	2020-11-19	635925.00000000,3775368.00000000,636693.00000000,3776136.00000000
train	008706	lower__20201116_160942_79_222f_3B_AnalyticMS_SR_8b_clip	pm5__20201105_20201124__0082	/scrfs/storage/yikebe/home/research/AR_Crop_Identification/make_dataset/raw_sentinel/pm5/pm5__20201105_20201124__0082	2020-11-19	636693.00000000,3775368.00000000,637461.00000000,3776136.00000000
train	008722	lower__20201116_160942_79_222f_3B_AnalyticMS_SR_8b_clip	pm5__20201105_20201124__0082	/scrfs/storage/yikebe/home/research/AR_Crop_Identification/make_dataset/raw_sentinel/pm5/pm5__20201105_20201124__0082	2020-11-19	625941.00000000,3774600.00000000,626709.00000000,3775368.00000000
train	008738	lower__20201116_160942_79_222f_3B_AnalyticMS_SR_8b_clip	pm5__20201105_20201124__0082	/scrfs/storage/yikebe/home/research/AR_Crop_Identification/make_dataset/raw_sentinel/pm5/pm5__20201105_20201124__0082	2020-11-19	626709.00000000,3774600.00000000,627477.00000000,3775368.00000000
train	008754	lower__20201116_160942_79_222f_3B_AnalyticMS_SR_8b_clip	pm5__20201105_20201124__0082	/scrfs/storage/yikebe/home/research/AR_Crop_Identification/make_dataset/raw_sentinel/pm5/pm5__20201105_20201124__0082	2020-11-19	641301.00000000,3774600.00000000,642069.00000000,3775368.00000000
train	008770	lower__20201116_160942_79_222f_3B_AnalyticMS_SR_8b_clip	pm5__20201105_20201124__0082	/scrfs/storage/yikebe/home/research/AR_Crop_Identification/make_dataset/raw_sentinel/pm5/pm5__20201105_20201124__0082	2020-11-19	626709.00000000,3773832.00000000,627477.00000000,3774600.00000000
train	008786	lower__20201116_160942_79_222f_3B_AnalyticMS_SR_8b_clip	pm5__20201105_20201124__0082	/scrfs/storage/yikebe/home/research/AR_Crop_Identification/make_dataset/raw_sentinel/pm5/pm5__20201105_20201124__0082	2020-11-19	626709.00000000,3773064.00000000,627477.00000000,3773832.00000000
train	008802	lower__20201116_160942_79_222f_3B_AnalyticMS_SR_8b_clip	pm5__20201105_20201124__0082	/scrfs/storage/yikebe/home/research/AR_Crop_Identification/make_dataset/raw_sentinel/pm5/pm5__20201105_20201124__0082	2020-11-19	626709.00000000,3772296.00000000,627477.00000000,3773064.00000000
train	008818	lower__20201116_160942_79_222f_3B_AnalyticMS_SR_8b_clip	pm5__20201105_20201124__0082	/scrfs/storage/yikebe/home/research/AR_Crop_Identification/make_dataset/raw_sentinel/pm5/pm5__20201105_20201124__0082	2020-11-19	651285.00000000,3772296.00000000,652053.00000000,3773064.00000000
train	008834	lower__20201116_160942_79_222f_3B_AnalyticMS_SR_8b_clip	pm5__20201105_20201124__0082	/scrfs/storage/yikebe/home/research/AR_Crop_Identification/make_dataset/raw_sentinel/pm5/pm5__20201105_20201124__0082	2020-11-19	626709.00000000,3771528.00000000,627477.00000000,3772296.00000000
train	008850	lower__20201116_160942_79_222f_3B_AnalyticMS_SR_8b_clip	pm5__20201105_20201124__0082	/scrfs/storage/yikebe/home/research/AR_Crop_Identification/make_dataset/raw_sentinel/pm5/pm5__20201105_20201124__0082	2020-11-19	627477.00000000,3771528.00000000,628245.00000000,3772296.00000000
train	008866	lower__20201116_160942_79_222f_3B_AnalyticMS_SR_8b_clip	pm5__20201105_20201124__0082	/scrfs/storage/yikebe/home/research/AR_Crop_Identification/make_dataset/raw_sentinel/pm5/pm5__20201105_20201124__0082	2020-11-19	628245.00000000,3771528.00000000,629013.00000000,3772296.00000000
train	008882	lower__20201116_160942_79_222f_3B_AnalyticMS_SR_8b_clip	pm5__20201105_20201124__0082	/scrfs/storage/yikebe/home/research/AR_Crop_Identification/make_dataset/raw_sentinel/pm5/pm5__20201105_20201124__0082	2020-11-19	648981.00000000,3771528.00000000,649749.00000000,3772296.00000000
train	008898	lower__20201116_160942_79_222f_3B_AnalyticMS_SR_8b_clip	pm5__20201105_20201124__0082	/scrfs/storage/yikebe/home/research/AR_Crop_Identification/make_dataset/raw_sentinel/pm5/pm5__20201105_20201124__0082	2020-11-19	657429.00000000,3770760.00000000,658197.00000000,3771528.00000000
train	008914	lower__20201116_160942_79_222f_3B_AnalyticMS_SR_8b_clip	pm5__20201105_20201124__0082	/scrfs/storage/yikebe/home/research/AR_Crop_Identification/make_dataset/raw_sentinel/pm5/pm5__20201105_20201124__0082	2020-11-19	634389.00000000,3768456.00000000,635157.00000000,3769224.00000000
train	008930	lower__20201116_160942_79_222f_3B_AnalyticMS_SR_8b_clip	pm5__20201105_20201124__0082	/scrfs/storage/yikebe/home/research/AR_Crop_Identification/make_dataset/raw_sentinel/pm5/pm5__20201105_20201124__0082	2020-11-19	629013.00000000,3767688.00000000,629781.00000000,3768456.00000000
train	008946	lower__20201116_160942_79_222f_3B_AnalyticMS_SR_8b_clip	pm5__20201105_20201124__0082	/scrfs/storage/yikebe/home/research/AR_Crop_Identification/make_dataset/raw_sentinel/pm5/pm5__20201105_20201124__0082	2020-11-19	632085.00000000,3767688.00000000,632853.00000000,3768456.00000000
train	008962	lower__20201116_160942_79_222f_3B_AnalyticMS_SR_8b_clip	pm5__20201105_20201124__0082	/scrfs/storage/yikebe/home/research/AR_Crop_Identification/make_dataset/raw_sentinel/pm5/pm5__20201105_20201124__0082	2020-11-19	632853.00000000,3767688.00000000,633621.00000000,3768456.00000000
train	008978	lower__20201116_160942_79_222f_3B_AnalyticMS_SR_8b_clip	pm5__20201105_20201124__0082	/scrfs/storage/yikebe/home/research/AR_Crop_Identification/make_dataset/raw_sentinel/pm5/pm5__20201105_20201124__0082	2020-11-19	634389.00000000,3767688.00000000,635157.00000000,3768456.00000000
train	008994	lower__20201116_160942_79_222f_3B_AnalyticMS_SR_8b_clip	pm5__20201105_20201124__0082	/scrfs/storage/yikebe/home/research/AR_Crop_Identification/make_dataset/raw_sentinel/pm5/pm5__20201105_20201124__0082	2020-11-19	639765.00000000,3767688.00000000,640533.00000000,3768456.00000000
train	009010	lower__20201116_160942_79_222f_3B_AnalyticMS_SR_8b_clip	pm5__20201105_20201124__0082	/scrfs/storage/yikebe/home/research/AR_Crop_Identification/make_dataset/raw_sentinel/pm5/pm5__20201105_20201124__0082	2020-11-19	628245.00000000,3766920.00000000,629013.00000000,3767688.00000000
train	009026	lower__20201116_160942_79_222f_3B_AnalyticMS_SR_8b_clip	pm5__20201105_20201124__0082	/scrfs/storage/yikebe/home/research/AR_Crop_Identification/make_dataset/raw_sentinel/pm5/pm5__20201105_20201124__0082	2020-11-19	629013.00000000,3766920.00000000,629781.00000000,3767688.00000000
train	009042	lower__20201116_160942_79_222f_3B_AnalyticMS_SR_8b_clip	pm5__20201105_20201124__0082	/scrfs/storage/yikebe/home/research/AR_Crop_Identification/make_dataset/raw_sentinel/pm5/pm5__20201105_20201124__0082	2020-11-19	633621.00000000,3766920.00000000,634389.00000000,3767688.00000000
train	009058	lower__20201116_160942_79_222f_3B_AnalyticMS_SR_8b_clip	pm5__20201105_20201124__0082	/scrfs/storage/yikebe/home/research/AR_Crop_Identification/make_dataset/raw_sentinel/pm5/pm5__20201105_20201124__0082	2020-11-19	634389.00000000,3766920.00000000,635157.00000000,3767688.00000000
train	009074	lower__20201116_160942_79_222f_3B_AnalyticMS_SR_8b_clip	pm5__20201105_20201124__0082	/scrfs/storage/yikebe/home/research/AR_Crop_Identification/make_dataset/raw_sentinel/pm5/pm5__20201105_20201124__0082	2020-11-19	637461.00000000,3766920.00000000,638229.00000000,3767688.00000000
train	009090	lower__20201116_160942_79_222f_3B_AnalyticMS_SR_8b_clip	pm5__20201105_20201124__0082	/scrfs/storage/yikebe/home/research/AR_Crop_Identification/make_dataset/raw_sentinel/pm5/pm5__20201105_20201124__0082	2020-11-19	638229.00000000,3766920.00000000,638997.00000000,3767688.00000000
train	009106	lower__20201116_160942_79_222f_3B_AnalyticMS_SR_8b_clip	pm5__20201105_20201124__0082	/scrfs/storage/yikebe/home/research/AR_Crop_Identification/make_dataset/raw_sentinel/pm5/pm5__20201105_20201124__0082	2020-11-19	629013.00000000,3766152.00000000,629781.00000000,3766920.00000000
train	009122	lower__20201116_160942_79_222f_3B_AnalyticMS_SR_8b_clip	pm5__20201105_20201124__0082	/scrfs/storage/yikebe/home/research/AR_Crop_Identification/make_dataset/raw_sentinel/pm5/pm5__20201105_20201124__0082	2020-11-19	630549.00000000,3766152.00000000,631317.00000000,3766920.00000000
train	009138	lower__20201116_160942_79_222f_3B_AnalyticMS_SR_8b_clip	pm5__20201105_20201124__0082	/scrfs/storage/yikebe/home/research/AR_Crop_Identification/make_dataset/raw_sentinel/pm5/pm5__20201105_20201124__0082	2020-11-19	632085.00000000,3766152.00000000,632853.00000000,3766920.00000000
train	009154	lower__20201116_160942_79_222f_3B_AnalyticMS_SR_8b_clip	pm5__20201105_20201124__0082	/scrfs/storage/yikebe/home/research/AR_Crop_Identification/make_dataset/raw_sentinel/pm5/pm5__20201105_20201124__0082	2020-11-19	634389.00000000,3766152.00000000,635157.00000000,3766920.00000000
train	009170	lower__20201116_160942_79_222f_3B_AnalyticMS_SR_8b_clip	pm5__20201105_20201124__0082	/scrfs/storage/yikebe/home/research/AR_Crop_Identification/make_dataset/raw_sentinel/pm5/pm5__20201105_20201124__0082	2020-11-19	637461.00000000,3766152.00000000,638229.00000000,3766920.00000000
train	009186	lower__20201116_160942_79_222f_3B_AnalyticMS_SR_8b_clip	pm5__20201105_20201124__0082	/scrfs/storage/yikebe/home/research/AR_Crop_Identification/make_dataset/raw_sentinel/pm5/pm5__20201105_20201124__0082	2020-11-19	638229.00000000,3766152.00000000,638997.00000000,3766920.00000000
train	009202	lower__20201116_160942_79_222f_3B_AnalyticMS_SR_8b_clip	pm5__20201105_20201124__0082	/scrfs/storage/yikebe/home/research/AR_Crop_Identification/make_dataset/raw_sentinel/pm5/pm5__20201105_20201124__0082	2020-11-19	638997.00000000,3766152.00000000,639765.00000000,3766920.00000000
train	009218	lower__20201116_160942_79_222f_3B_AnalyticMS_SR_8b_clip	pm5__20201105_20201124__0082	/scrfs/storage/yikebe/home/research/AR_Crop_Identification/make_dataset/raw_sentinel/pm5/pm5__20201105_20201124__0082	2020-11-19	639765.00000000,3766152.00000000,640533.00000000,3766920.00000000
train	009234	lower__20201116_160942_79_222f_3B_AnalyticMS_SR_8b_clip	pm5__20201105_20201124__0082	/scrfs/storage/yikebe/home/research/AR_Crop_Identification/make_dataset/raw_sentinel/pm5/pm5__20201105_20201124__0082	2020-11-19	631317.00000000,3765384.00000000,632085.00000000,3766152.00000000
train	009250	lower__20201116_160942_79_222f_3B_AnalyticMS_SR_8b_clip	pm5__20201105_20201124__0082	/scrfs/storage/yikebe/home/research/AR_Crop_Identification/make_dataset/raw_sentinel/pm5/pm5__20201105_20201124__0082	2020-11-19	632085.00000000,3765384.00000000,632853.00000000,3766152.00000000
train	009266	lower__20201116_160942_79_222f_3B_AnalyticMS_SR_8b_clip	pm5__20201105_20201124__0082	/scrfs/storage/yikebe/home/research/AR_Crop_Identification/make_dataset/raw_sentinel/pm5/pm5__20201105_20201124__0082	2020-11-19	632853.00000000,3765384.00000000,633621.00000000,3766152.00000000
train	009282	lower__20201116_160942_79_222f_3B_AnalyticMS_SR_8b_clip	pm5__20201105_20201124__0082	/scrfs/storage/yikebe/home/research/AR_Crop_Identification/make_dataset/raw_sentinel/pm5/pm5__20201105_20201124__0082	2020-11-19	633621.00000000,3764616.00000000,634389.00000000,3765384.00000000
train	009298	lower__20201116_160942_79_222f_3B_AnalyticMS_SR_8b_clip	pm5__20201105_20201124__0082	/scrfs/storage/yikebe/home/research/AR_Crop_Identification/make_dataset/raw_sentinel/pm5/pm5__20201105_20201124__0082	2020-11-19	636693.00000000,3763080.00000000,637461.00000000,3763848.00000000
train	009314	lower__20201116_160942_79_222f_3B_AnalyticMS_SR_8b_clip	pm5__20201105_20201124__0082	/scrfs/storage/yikebe/home/research/AR_Crop_Identification/make_dataset/raw_sentinel/pm5/pm5__20201105_20201124__0082	2020-11-19	624405.00000000,3762312.00000000,625173.00000000,3763080.00000000
train	009330	lower__20201116_160942_79_222f_3B_AnalyticMS_SR_8b_clip	pm5__20201105_20201124__0082	/scrfs/storage/yikebe/home/research/AR_Crop_Identification/make_dataset/raw_sentinel/pm5/pm5__20201105_20201124__0082	2020-11-19	632085.00000000,3762312.00000000,632853.00000000,3763080.00000000
train	009346	lower__20201116_160942_79_222f_3B_AnalyticMS_SR_8b_clip	pm5__20201105_20201124__0082	/scrfs/storage/yikebe/home/research/AR_Crop_Identification/make_dataset/raw_sentinel/pm5/pm5__20201105_20201124__0082	2020-11-19	625173.00000000,3761544.00000000,625941.00000000,3762312.00000000
train	009362	lower__20201116_160942_79_222f_3B_AnalyticMS_SR_8b_clip	pm5__20201105_20201124__0082	/scrfs/storage/yikebe/home/research/AR_Crop_Identification/make_dataset/raw_sentinel/pm5/pm5__20201105_20201124__0082	2020-11-19	638229.00000000,3761544.00000000,638997.00000000,3762312.00000000
train	009378	lower__20201116_160942_79_222f_3B_AnalyticMS_SR_8b_clip	pm5__20201105_20201124__0082	/scrfs/storage/yikebe/home/research/AR_Crop_Identification/make_dataset/raw_sentinel/pm5/pm5__20201105_20201124__0082	2020-11-19	637461.00000000,3760776.00000000,638229.00000000,3761544.00000000
train	009394	lower__20201116_160942_79_222f_3B_AnalyticMS_SR_8b_clip	pm5__20201105_20201124__0082	/scrfs/storage/yikebe/home/research/AR_Crop_Identification/make_dataset/raw_sentinel/pm5/pm5__20201105_20201124__0082	2020-11-19	638229.00000000,3760776.00000000,638997.00000000,3761544.00000000
train	009410	lower__20201116_160942_79_222f_3B_AnalyticMS_SR_8b_clip	pm5__20201105_20201124__0082	/scrfs/storage/yikebe/home/research/AR_Crop_Identification/make_dataset/raw_sentinel/pm5/pm5__20201105_20201124__0082	2020-11-19	625941.00000000,3760008.00000000,626709.00000000,3760776.00000000
train	009426	lower__20201116_160942_79_222f_3B_AnalyticMS_SR_8b_clip	pm5__20201105_20201124__0082	/scrfs/storage/yikebe/home/research/AR_Crop_Identification/make_dataset/raw_sentinel/pm5/pm5__20201105_20201124__0082	2020-11-19	634389.00000000,3760008.00000000,635157.00000000,3760776.00000000
train	009442	lower__20201116_160942_79_222f_3B_AnalyticMS_SR_8b_clip	pm5__20201105_20201124__0082	/scrfs/storage/yikebe/home/research/AR_Crop_Identification/make_dataset/raw_sentinel/pm5/pm5__20201105_20201124__0082	2020-11-19	638229.00000000,3760008.00000000,638997.00000000,3760776.00000000
train	009458	lower__20201116_160942_79_222f_3B_AnalyticMS_SR_8b_clip	pm5__20201105_20201124__0082	/scrfs/storage/yikebe/home/research/AR_Crop_Identification/make_dataset/raw_sentinel/pm5/pm5__20201105_20201124__0082	2020-11-19	641301.00000000,3760008.00000000,642069.00000000,3760776.00000000
train	009474	lower__20201116_160942_79_222f_3B_AnalyticMS_SR_8b_clip	pm5__20201105_20201124__0082	/scrfs/storage/yikebe/home/research/AR_Crop_Identification/make_dataset/raw_sentinel/pm5/pm5__20201105_20201124__0082	2020-11-19	625941.00000000,3759240.00000000,626709.00000000,3760008.00000000
train	009490	lower__20201116_160942_79_222f_3B_AnalyticMS_SR_8b_clip	pm5__20201105_20201124__0082	/scrfs/storage/yikebe/home/research/AR_Crop_Identification/make_dataset/raw_sentinel/pm5/pm5__20201105_20201124__0082	2020-11-19	627477.00000000,3759240.00000000,628245.00000000,3760008.00000000
train	009506	lower__20201116_160942_79_222f_3B_AnalyticMS_SR_8b_clip	pm5__20201105_20201124__0082	/scrfs/storage/yikebe/home/research/AR_Crop_Identification/make_dataset/raw_sentinel/pm5/pm5__20201105_20201124__0082	2020-11-19	632853.00000000,3759240.00000000,633621.00000000,3760008.00000000
train	009522	lower__20201116_160942_79_222f_3B_AnalyticMS_SR_8b_clip	pm5__20201105_20201124__0082	/scrfs/storage/yikebe/home/research/AR_Crop_Identification/make_dataset/raw_sentinel/pm5/pm5__20201105_20201124__0082	2020-11-19	634389.00000000,3759240.00000000,635157.00000000,3760008.00000000
train	009538	lower__20201116_160942_79_222f_3B_AnalyticMS_SR_8b_clip	pm5__20201105_20201124__0082	/scrfs/storage/yikebe/home/research/AR_Crop_Identification/make_dataset/raw_sentinel/pm5/pm5__20201105_20201124__0082	2020-11-19	635157.00000000,3759240.00000000,635925.00000000,3760008.00000000
train	009554	lower__20201116_160942_79_222f_3B_AnalyticMS_SR_8b_clip	pm5__20201105_20201124__0082	/scrfs/storage/yikebe/home/research/AR_Crop_Identification/make_dataset/raw_sentinel/pm5/pm5__20201105_20201124__0082	2020-11-19	635925.00000000,3759240.00000000,636693.00000000,3760008.00000000
train	009570	lower__20201116_160942_79_222f_3B_AnalyticMS_SR_8b_clip	pm5__20201105_20201124__0082	/scrfs/storage/yikebe/home/research/AR_Crop_Identification/make_dataset/raw_sentinel/pm5/pm5__20201105_20201124__0082	2020-11-19	642069.00000000,3759240.00000000,642837.00000000,3760008.00000000
train	009586	lower__20201116_160942_79_222f_3B_AnalyticMS_SR_8b_clip	pm5__20201105_20201124__0082	/scrfs/storage/yikebe/home/research/AR_Crop_Identification/make_dataset/raw_sentinel/pm5/pm5__20201105_20201124__0082	2020-11-19	625941.00000000,3758472.00000000,626709.00000000,3759240.00000000
train	009602	lower__20201116_160942_79_222f_3B_AnalyticMS_SR_8b_clip	pm5__20201105_20201124__0082	/scrfs/storage/yikebe/home/research/AR_Crop_Identification/make_dataset/raw_sentinel/pm5/pm5__20201105_20201124__0082	2020-11-19	626709.00000000,3758472.00000000,627477.00000000,3759240.00000000
train	009618	lower__20201116_160942_79_222f_3B_AnalyticMS_SR_8b_clip	pm5__20201105_20201124__0082	/scrfs/storage/yikebe/home/research/AR_Crop_Identification/make_dataset/raw_sentinel/pm5/pm5__20201105_20201124__0082	2020-11-19	629013.00000000,3758472.00000000,629781.00000000,3759240.00000000
train	009634	lower__20201116_160942_79_222f_3B_AnalyticMS_SR_8b_clip	pm5__20201105_20201124__0082	/scrfs/storage/yikebe/home/research/AR_Crop_Identification/make_dataset/raw_sentinel/pm5/pm5__20201105_20201124__0082	2020-11-19	635157.00000000,3758472.00000000,635925.00000000,3759240.00000000
train	009650	lower__20201116_160942_79_222f_3B_AnalyticMS_SR_8b_clip	pm5__20201105_20201124__0082	/scrfs/storage/yikebe/home/research/AR_Crop_Identification/make_dataset/raw_sentinel/pm5/pm5__20201105_20201124__0082	2020-11-19	642069.00000000,3758472.00000000,642837.00000000,3759240.00000000
train	009666	lower__20201116_160942_79_222f_3B_AnalyticMS_SR_8b_clip	pm5__20201105_20201124__0082	/scrfs/storage/yikebe/home/research/AR_Crop_Identification/make_dataset/raw_sentinel/pm5/pm5__20201105_20201124__0082	2020-11-19	633621.00000000,3757704.00000000,634389.00000000,3758472.00000000
train	009682	lower__20201116_160942_79_222f_3B_AnalyticMS_SR_8b_clip	pm5__20201105_20201124__0082	/scrfs/storage/yikebe/home/research/AR_Crop_Identification/make_dataset/raw_sentinel/pm5/pm5__20201105_20201124__0082	2020-11-19	632853.00000000,3756936.00000000,633621.00000000,3757704.00000000
train	009698	lower__20201116_160942_79_222f_3B_AnalyticMS_SR_8b_clip	pm5__20201105_20201124__0082	/scrfs/storage/yikebe/home/research/AR_Crop_Identification/make_dataset/raw_sentinel/pm5/pm5__20201105_20201124__0082	2020-11-19	635925.00000000,3756936.00000000,636693.00000000,3757704.00000000
train	009714	lower__20201116_160942_79_222f_3B_AnalyticMS_SR_8b_clip	pm5__20201105_20201124__0082	/scrfs/storage/yikebe/home/research/AR_Crop_Identification/make_dataset/raw_sentinel/pm5/pm5__20201105_20201124__0082	2020-11-19	645909.00000000,3756936.00000000,646677.00000000,3757704.00000000
train	009730	lower__20201116_160942_79_222f_3B_AnalyticMS_SR_8b_clip	pm5__20201105_20201124__0082	/scrfs/storage/yikebe/home/research/AR_Crop_Identification/make_dataset/raw_sentinel/pm5/pm5__20201105_20201124__0082	2020-11-19	650517.00000000,3756936.00000000,651285.00000000,3757704.00000000
train	009746	lower__20201116_160942_79_222f_3B_AnalyticMS_SR_8b_clip	pm5__20201105_20201124__0082	/scrfs/storage/yikebe/home/research/AR_Crop_Identification/make_dataset/raw_sentinel/pm5/pm5__20201105_20201124__0082	2020-11-19	640533.00000000,3756168.00000000,641301.00000000,3756936.00000000
train	009762	lower__20201116_160942_79_222f_3B_AnalyticMS_SR_8b_clip	pm5__20201105_20201124__0082	/scrfs/storage/yikebe/home/research/AR_Crop_Identification/make_dataset/raw_sentinel/pm5/pm5__20201105_20201124__0082	2020-11-19	646677.00000000,3756168.00000000,647445.00000000,3756936.00000000
train	009778	lower__20201116_160942_79_222f_3B_AnalyticMS_SR_8b_clip	pm5__20201105_20201124__0082	/scrfs/storage/yikebe/home/research/AR_Crop_Identification/make_dataset/raw_sentinel/pm5/pm5__20201105_20201124__0082	2020-11-19	648981.00000000,3756168.00000000,649749.00000000,3756936.00000000
train	009794	lower__20201116_160942_79_222f_3B_AnalyticMS_SR_8b_clip	pm5__20201105_20201124__0082	/scrfs/storage/yikebe/home/research/AR_Crop_Identification/make_dataset/raw_sentinel/pm5/pm5__20201105_20201124__0082	2020-11-19	650517.00000000,3756168.00000000,651285.00000000,3756936.00000000
train	009810	lower__20201116_160942_79_222f_3B_AnalyticMS_SR_8b_clip	pm5__20201105_20201124__0082	/scrfs/storage/yikebe/home/research/AR_Crop_Identification/make_dataset/raw_sentinel/pm5/pm5__20201105_20201124__0082	2020-11-19	651285.00000000,3756168.00000000,652053.00000000,3756936.00000000
train	009826	lower__20201116_160942_79_222f_3B_AnalyticMS_SR_8b_clip	pm5__20201105_20201124__0082	/scrfs/storage/yikebe/home/research/AR_Crop_Identification/make_dataset/raw_sentinel/pm5/pm5__20201105_20201124__0082	2020-11-19	652053.00000000,3756168.00000000,652821.00000000,3756936.00000000
train	009842	lower__20201116_160942_79_222f_3B_AnalyticMS_SR_8b_clip	pm5__20201105_20201124__0082	/scrfs/storage/yikebe/home/research/AR_Crop_Identification/make_dataset/raw_sentinel/pm5/pm5__20201105_20201124__0082	2020-11-19	652821.00000000,3756168.00000000,653589.00000000,3756936.00000000
train	009858	lower__20201116_160942_79_222f_3B_AnalyticMS_SR_8b_clip	pm5__20201105_20201124__0082	/scrfs/storage/yikebe/home/research/AR_Crop_Identification/make_dataset/raw_sentinel/pm5/pm5__20201105_20201124__0082	2020-11-19	651285.00000000,3755400.00000000,652053.00000000,3756168.00000000
train	009874	lower__20201116_160942_79_222f_3B_AnalyticMS_SR_8b_clip	pm5__20201105_20201124__0082	/scrfs/storage/yikebe/home/research/AR_Crop_Identification/make_dataset/raw_sentinel/pm5/pm5__20201105_20201124__0082	2020-11-19	654357.00000000,3755400.00000000,655125.00000000,3756168.00000000
train	009890	lower__20201116_160942_79_222f_3B_AnalyticMS_SR_8b_clip	pm5__20201105_20201124__0082	/scrfs/storage/yikebe/home/research/AR_Crop_Identification/make_dataset/raw_sentinel/pm5/pm5__20201105_20201124__0082	2020-11-19	655125.00000000,3755400.00000000,655893.00000000,3756168.00000000
train	009906	lower__20201116_160942_79_222f_3B_AnalyticMS_SR_8b_clip	pm5__20201105_20201124__0082	/scrfs/storage/yikebe/home/research/AR_Crop_Identification/make_dataset/raw_sentinel/pm5/pm5__20201105_20201124__0082	2020-11-19	646677.00000000,3754632.00000000,647445.00000000,3755400.00000000
train	009922	lower__20201116_160942_79_222f_3B_AnalyticMS_SR_8b_clip	pm5__20201105_20201124__0082	/scrfs/storage/yikebe/home/research/AR_Crop_Identification/make_dataset/raw_sentinel/pm5/pm5__20201105_20201124__0082	2020-11-19	648981.00000000,3753096.00000000,649749.00000000,3753864.00000000
train	009938	lower__20201116_160942_79_222f_3B_AnalyticMS_SR_8b_clip	pm5__20201105_20201124__0082	/scrfs/storage/yikebe/home/research/AR_Crop_Identification/make_dataset/raw_sentinel/pm5/pm5__20201105_20201124__0082	2020-11-19	652053.00000000,3753096.00000000,652821.00000000,3753864.00000000
train	009954	lower__20201116_160942_79_222f_3B_AnalyticMS_SR_8b_clip	pm5__20201105_20201124__0082	/scrfs/storage/yikebe/home/research/AR_Crop_Identification/make_dataset/raw_sentinel/pm5/pm5__20201105_20201124__0082	2020-11-19	652821.00000000,3753096.00000000,653589.00000000,3753864.00000000
train	009970	lower__20201116_160942_79_222f_3B_AnalyticMS_SR_8b_clip	pm5__20201105_20201124__0082	/scrfs/storage/yikebe/home/research/AR_Crop_Identification/make_dataset/raw_sentinel/pm5/pm5__20201105_20201124__0082	2020-11-19	652053.00000000,3752328.00000000,652821.00000000,3753096.00000000
train	009986	lower__20201117_160528_10_2280_3B_AnalyticMS_SR_8b_clip	pm5__20201105_20201124__0129	/scrfs/storage/yikebe/home/research/AR_Crop_Identification/make_dataset/raw_sentinel/pm5/pm5__20201105_20201124__0129	2020-11-21	733896.00000000,3788022.00000000,734664.00000000,3788790.00000000
train	010002	lower__20201117_160528_10_2280_3B_AnalyticMS_SR_8b_clip	pm5__20201105_20201124__0129	/scrfs/storage/yikebe/home/research/AR_Crop_Identification/make_dataset/raw_sentinel/pm5/pm5__20201105_20201124__0129	2020-11-21	736968.00000000,3781878.00000000,737736.00000000,3782646.00000000
train	010018	lower__20201117_160607_31_2235_3B_AnalyticMS_SR_8b_clip	pm5__20201105_20201124__0053	/scrfs/storage/yikebe/home/research/AR_Crop_Identification/make_dataset/raw_sentinel/pm5/pm5__20201105_20201124__0053	2020-11-19	567714.00000000,3754002.00000000,568482.00000000,3754770.00000000
train	010034	lower__20201117_160607_31_2235_3B_AnalyticMS_SR_8b_clip	pm5__20201105_20201124__0053	/scrfs/storage/yikebe/home/research/AR_Crop_Identification/make_dataset/raw_sentinel/pm5/pm5__20201105_20201124__0053	2020-11-19	570018.00000000,3754002.00000000,570786.00000000,3754770.00000000
train	010050	lower__20201117_165359_63_2414_3B_AnalyticMS_SR_8b_clip	pm5__20201105_20201124__0079	/scrfs/storage/yikebe/home/research/AR_Crop_Identification/make_dataset/raw_sentinel/pm5/pm5__20201105_20201124__0079	2020-11-19	624933.00000000,3733065.00000000,625701.00000000,3733833.00000000
train	010066	lower__20201118_155746_06_222b_3B_AnalyticMS_SR_8b_clip	pm5__20201105_20201124__0119	/scrfs/storage/yikebe/home/research/AR_Crop_Identification/make_dataset/raw_sentinel/pm5/pm5__20201105_20201124__0119	2020-11-21	712347.00000000,3703566.00000000,713115.00000000,3704334.00000000
train	010082	lower__20201118_155746_06_222b_3B_AnalyticMS_SR_8b_clip	pm5__20201105_20201124__0119	/scrfs/storage/yikebe/home/research/AR_Crop_Identification/make_dataset/raw_sentinel/pm5/pm5__20201105_20201124__0119	2020-11-21	723867.00000000,3703566.00000000,724635.00000000,3704334.00000000
train	010098	lower__20201118_155746_06_222b_3B_AnalyticMS_SR_8b_clip	pm5__20201105_20201124__0119	/scrfs/storage/yikebe/home/research/AR_Crop_Identification/make_dataset/raw_sentinel/pm5/pm5__20201105_20201124__0119	2020-11-21	729243.00000000,3698958.00000000,730011.00000000,3699726.00000000
train	010114	lower__20201118_155746_06_222b_3B_AnalyticMS_SR_8b_clip	pm5__20201105_20201124__0119	/scrfs/storage/yikebe/home/research/AR_Crop_Identification/make_dataset/raw_sentinel/pm5/pm5__20201105_20201124__0119	2020-11-21	719259.00000000,3698190.00000000,720027.00000000,3698958.00000000
train	010130	lower__20201118_155746_06_222b_3B_AnalyticMS_SR_8b_clip	pm5__20201105_20201124__0119	/scrfs/storage/yikebe/home/research/AR_Crop_Identification/make_dataset/raw_sentinel/pm5/pm5__20201105_20201124__0119	2020-11-21	729243.00000000,3698190.00000000,730011.00000000,3698958.00000000
train	010146	lower__20201118_155746_06_222b_3B_AnalyticMS_SR_8b_clip	pm5__20201105_20201124__0119	/scrfs/storage/yikebe/home/research/AR_Crop_Identification/make_dataset/raw_sentinel/pm5/pm5__20201105_20201124__0119	2020-11-21	727707.00000000,3697422.00000000,728475.00000000,3698190.00000000
train	010162	lower__20201118_155746_06_222b_3B_AnalyticMS_SR_8b_clip	pm5__20201105_20201124__0119	/scrfs/storage/yikebe/home/research/AR_Crop_Identification/make_dataset/raw_sentinel/pm5/pm5__20201105_20201124__0119	2020-11-21	730779.00000000,3697422.00000000,731547.00000000,3698190.00000000
train	010178	lower__20201118_155746_06_222b_3B_AnalyticMS_SR_8b_clip	pm5__20201105_20201124__0119	/scrfs/storage/yikebe/home/research/AR_Crop_Identification/make_dataset/raw_sentinel/pm5/pm5__20201105_20201124__0119	2020-11-21	730779.00000000,3696654.00000000,731547.00000000,3697422.00000000
train	010194	lower__20201118_155746_06_222b_3B_AnalyticMS_SR_8b_clip	pm5__20201105_20201124__0119	/scrfs/storage/yikebe/home/research/AR_Crop_Identification/make_dataset/raw_sentinel/pm5/pm5__20201105_20201124__0119	2020-11-21	731547.00000000,3696654.00000000,732315.00000000,3697422.00000000
train	010210	lower__20201118_155746_06_222b_3B_AnalyticMS_SR_8b_clip	pm5__20201105_20201124__0119	/scrfs/storage/yikebe/home/research/AR_Crop_Identification/make_dataset/raw_sentinel/pm5/pm5__20201105_20201124__0119	2020-11-21	739227.00000000,3696654.00000000,739995.00000000,3697422.00000000
train	010226	lower__20201118_155746_06_222b_3B_AnalyticMS_SR_8b_clip	pm5__20201105_20201124__0119	/scrfs/storage/yikebe/home/research/AR_Crop_Identification/make_dataset/raw_sentinel/pm5/pm5__20201105_20201124__0119	2020-11-21	715419.00000000,3695886.00000000,716187.00000000,3696654.00000000
train	010242	lower__20201118_155746_06_222b_3B_AnalyticMS_SR_8b_clip	pm5__20201105_20201124__0119	/scrfs/storage/yikebe/home/research/AR_Crop_Identification/make_dataset/raw_sentinel/pm5/pm5__20201105_20201124__0119	2020-11-21	724635.00000000,3695886.00000000,725403.00000000,3696654.00000000
train	010258	lower__20201118_155746_06_222b_3B_AnalyticMS_SR_8b_clip	pm5__20201105_20201124__0119	/scrfs/storage/yikebe/home/research/AR_Crop_Identification/make_dataset/raw_sentinel/pm5/pm5__20201105_20201124__0119	2020-11-21	728475.00000000,3695886.00000000,729243.00000000,3696654.00000000
train	010274	lower__20201118_155746_06_222b_3B_AnalyticMS_SR_8b_clip	pm5__20201105_20201124__0119	/scrfs/storage/yikebe/home/research/AR_Crop_Identification/make_dataset/raw_sentinel/pm5/pm5__20201105_20201124__0119	2020-11-21	730779.00000000,3695886.00000000,731547.00000000,3696654.00000000
train	010290	lower__20201118_155746_06_222b_3B_AnalyticMS_SR_8b_clip	pm5__20201105_20201124__0119	/scrfs/storage/yikebe/home/research/AR_Crop_Identification/make_dataset/raw_sentinel/pm5/pm5__20201105_20201124__0119	2020-11-21	731547.00000000,3695886.00000000,732315.00000000,3696654.00000000
train	010306	lower__20201118_155746_06_222b_3B_AnalyticMS_SR_8b_clip	pm5__20201105_20201124__0119	/scrfs/storage/yikebe/home/research/AR_Crop_Identification/make_dataset/raw_sentinel/pm5/pm5__20201105_20201124__0119	2020-11-21	723099.00000000,3695118.00000000,723867.00000000,3695886.00000000
train	010322	lower__20201118_155746_06_222b_3B_AnalyticMS_SR_8b_clip	pm5__20201105_20201124__0119	/scrfs/storage/yikebe/home/research/AR_Crop_Identification/make_dataset/raw_sentinel/pm5/pm5__20201105_20201124__0119	2020-11-21	729243.00000000,3695118.00000000,730011.00000000,3695886.00000000
train	010338	lower__20201118_155746_06_222b_3B_AnalyticMS_SR_8b_clip	pm5__20201105_20201124__0119	/scrfs/storage/yikebe/home/research/AR_Crop_Identification/make_dataset/raw_sentinel/pm5/pm5__20201105_20201124__0119	2020-11-21	742299.00000000,3695118.00000000,743067.00000000,3695886.00000000
train	010354	lower__20201118_155746_06_222b_3B_AnalyticMS_SR_8b_clip	pm5__20201105_20201124__0119	/scrfs/storage/yikebe/home/research/AR_Crop_Identification/make_dataset/raw_sentinel/pm5/pm5__20201105_20201124__0119	2020-11-21	725403.00000000,3694350.00000000,726171.00000000,3695118.00000000
train	010370	lower__20201118_155746_06_222b_3B_AnalyticMS_SR_8b_clip	pm5__20201105_20201124__0119	/scrfs/storage/yikebe/home/research/AR_Crop_Identification/make_dataset/raw_sentinel/pm5/pm5__20201105_20201124__0119	2020-11-21	729243.00000000,3694350.00000000,730011.00000000,3695118.00000000
train	010386	lower__20201118_155746_06_222b_3B_AnalyticMS_SR_8b_clip	pm5__20201105_20201124__0119	/scrfs/storage/yikebe/home/research/AR_Crop_Identification/make_dataset/raw_sentinel/pm5/pm5__20201105_20201124__0119	2020-11-21	731547.00000000,3694350.00000000,732315.00000000,3695118.00000000
train	010402	lower__20201118_155746_06_222b_3B_AnalyticMS_SR_8b_clip	pm5__20201105_20201124__0119	/scrfs/storage/yikebe/home/research/AR_Crop_Identification/make_dataset/raw_sentinel/pm5/pm5__20201105_20201124__0119	2020-11-21	743067.00000000,3694350.00000000,743835.00000000,3695118.00000000
train	010418	lower__20201118_155746_06_222b_3B_AnalyticMS_SR_8b_clip	pm5__20201105_20201124__0119	/scrfs/storage/yikebe/home/research/AR_Crop_Identification/make_dataset/raw_sentinel/pm5/pm5__20201105_20201124__0119	2020-11-21	734619.00000000,3693582.00000000,735387.00000000,3694350.00000000
train	010434	lower__20201118_155746_06_222b_3B_AnalyticMS_SR_8b_clip	pm5__20201105_20201124__0119	/scrfs/storage/yikebe/home/research/AR_Crop_Identification/make_dataset/raw_sentinel/pm5/pm5__20201105_20201124__0119	2020-11-21	730011.00000000,3692814.00000000,730779.00000000,3693582.00000000
train	010450	lower__20201118_155746_06_222b_3B_AnalyticMS_SR_8b_clip	pm5__20201105_20201124__0119	/scrfs/storage/yikebe/home/research/AR_Crop_Identification/make_dataset/raw_sentinel/pm5/pm5__20201105_20201124__0119	2020-11-21	728475.00000000,3692046.00000000,729243.00000000,3692814.00000000
train	010466	lower__20201118_155746_06_222b_3B_AnalyticMS_SR_8b_clip	pm5__20201105_20201124__0119	/scrfs/storage/yikebe/home/research/AR_Crop_Identification/make_dataset/raw_sentinel/pm5/pm5__20201105_20201124__0119	2020-11-21	730011.00000000,3692046.00000000,730779.00000000,3692814.00000000
train	010482	lower__20201118_155746_06_222b_3B_AnalyticMS_SR_8b_clip	pm5__20201105_20201124__0119	/scrfs/storage/yikebe/home/research/AR_Crop_Identification/make_dataset/raw_sentinel/pm5/pm5__20201105_20201124__0119	2020-11-21	726939.00000000,3691278.00000000,727707.00000000,3692046.00000000
train	010498	lower__20201118_155746_06_222b_3B_AnalyticMS_SR_8b_clip	pm5__20201105_20201124__0119	/scrfs/storage/yikebe/home/research/AR_Crop_Identification/make_dataset/raw_sentinel/pm5/pm5__20201105_20201124__0119	2020-11-21	710811.00000000,3690510.00000000,711579.00000000,3691278.00000000
train	010514	lower__20201118_155746_06_222b_3B_AnalyticMS_SR_8b_clip	pm5__20201105_20201124__0119	/scrfs/storage/yikebe/home/research/AR_Crop_Identification/make_dataset/raw_sentinel/pm5/pm5__20201105_20201124__0119	2020-11-21	717723.00000000,3690510.00000000,718491.00000000,3691278.00000000
train	010530	lower__20201118_155746_06_222b_3B_AnalyticMS_SR_8b_clip	pm5__20201105_20201124__0119	/scrfs/storage/yikebe/home/research/AR_Crop_Identification/make_dataset/raw_sentinel/pm5/pm5__20201105_20201124__0119	2020-11-21	726171.00000000,3690510.00000000,726939.00000000,3691278.00000000
train	010546	lower__20201118_155746_06_222b_3B_AnalyticMS_SR_8b_clip	pm5__20201105_20201124__0119	/scrfs/storage/yikebe/home/research/AR_Crop_Identification/make_dataset/raw_sentinel/pm5/pm5__20201105_20201124__0119	2020-11-21	726939.00000000,3690510.00000000,727707.00000000,3691278.00000000
train	010562	lower__20201118_155746_06_222b_3B_AnalyticMS_SR_8b_clip	pm5__20201105_20201124__0119	/scrfs/storage/yikebe/home/research/AR_Crop_Identification/make_dataset/raw_sentinel/pm5/pm5__20201105_20201124__0119	2020-11-21	733083.00000000,3690510.00000000,733851.00000000,3691278.00000000
train	010578	lower__20201118_155746_06_222b_3B_AnalyticMS_SR_8b_clip	pm5__20201105_20201124__0119	/scrfs/storage/yikebe/home/research/AR_Crop_Identification/make_dataset/raw_sentinel/pm5/pm5__20201105_20201124__0119	2020-11-21	718491.00000000,3689742.00000000,719259.00000000,3690510.00000000
train	010594	lower__20201118_155746_06_222b_3B_AnalyticMS_SR_8b_clip	pm5__20201105_20201124__0119	/scrfs/storage/yikebe/home/research/AR_Crop_Identification/make_dataset/raw_sentinel/pm5/pm5__20201105_20201124__0119	2020-11-21	716187.00000000,3688974.00000000,716955.00000000,3689742.00000000
train	010610	lower__20201118_155746_06_222b_3B_AnalyticMS_SR_8b_clip	pm5__20201105_20201124__0119	/scrfs/storage/yikebe/home/research/AR_Crop_Identification/make_dataset/raw_sentinel/pm5/pm5__20201105_20201124__0119	2020-11-21	708507.00000000,3688206.00000000,709275.00000000,3688974.00000000
train	010626	lower__20201118_155746_06_222b_3B_AnalyticMS_SR_8b_clip	pm5__20201105_20201124__0119	/scrfs/storage/yikebe/home/research/AR_Crop_Identification/make_dataset/raw_sentinel/pm5/pm5__20201105_20201124__0119	2020-11-21	711579.00000000,3688206.00000000,712347.00000000,3688974.00000000
train	010642	lower__20201118_155746_06_222b_3B_AnalyticMS_SR_8b_clip	pm5__20201105_20201124__0119	/scrfs/storage/yikebe/home/research/AR_Crop_Identification/make_dataset/raw_sentinel/pm5/pm5__20201105_20201124__0119	2020-11-21	712347.00000000,3687438.00000000,713115.00000000,3688206.00000000
train	010658	lower__20201118_160526_11_2264_3B_AnalyticMS_SR_8b_clip	pm5__20201105_20201124__0111	/scrfs/storage/yikebe/home/research/AR_Crop_Identification/make_dataset/raw_sentinel/pm5/pm5__20201105_20201124__0111	2020-11-21	687321.00000000,3670248.00000000,688089.00000000,3671016.00000000
train	010674	lower__20201118_160526_11_2264_3B_AnalyticMS_SR_8b_clip	pm5__20201105_20201124__0111	/scrfs/storage/yikebe/home/research/AR_Crop_Identification/make_dataset/raw_sentinel/pm5/pm5__20201105_20201124__0111	2020-11-21	688857.00000000,3669480.00000000,689625.00000000,3670248.00000000
train	010690	lower__20201118_160526_11_2264_3B_AnalyticMS_SR_8b_clip	pm5__20201105_20201124__0111	/scrfs/storage/yikebe/home/research/AR_Crop_Identification/make_dataset/raw_sentinel/pm5/pm5__20201105_20201124__0111	2020-11-21	707289.00000000,3668712.00000000,708057.00000000,3669480.00000000
train	010706	lower__20201118_160526_11_2264_3B_AnalyticMS_SR_8b_clip	pm5__20201105_20201124__0111	/scrfs/storage/yikebe/home/research/AR_Crop_Identification/make_dataset/raw_sentinel/pm5/pm5__20201105_20201124__0111	2020-11-21	684249.00000000,3667176.00000000,685017.00000000,3667944.00000000
train	010722	lower__20201118_160526_11_2264_3B_AnalyticMS_SR_8b_clip	pm5__20201105_20201124__0111	/scrfs/storage/yikebe/home/research/AR_Crop_Identification/make_dataset/raw_sentinel/pm5/pm5__20201105_20201124__0111	2020-11-21	705753.00000000,3666408.00000000,706521.00000000,3667176.00000000
train	010738	lower__20201118_160526_11_2264_3B_AnalyticMS_SR_8b_clip	pm5__20201105_20201124__0111	/scrfs/storage/yikebe/home/research/AR_Crop_Identification/make_dataset/raw_sentinel/pm5/pm5__20201105_20201124__0111	2020-11-21	706521.00000000,3666408.00000000,707289.00000000,3667176.00000000
train	010754	lower__20201118_160526_11_2264_3B_AnalyticMS_SR_8b_clip	pm5__20201105_20201124__0111	/scrfs/storage/yikebe/home/research/AR_Crop_Identification/make_dataset/raw_sentinel/pm5/pm5__20201105_20201124__0111	2020-11-21	707289.00000000,3666408.00000000,708057.00000000,3667176.00000000
train	010770	lower__20201118_160526_11_2264_3B_AnalyticMS_SR_8b_clip	pm5__20201105_20201124__0111	/scrfs/storage/yikebe/home/research/AR_Crop_Identification/make_dataset/raw_sentinel/pm5/pm5__20201105_20201124__0111	2020-11-21	702681.00000000,3665640.00000000,703449.00000000,3666408.00000000
train	010786	lower__20201118_160526_11_2264_3B_AnalyticMS_SR_8b_clip	pm5__20201105_20201124__0111	/scrfs/storage/yikebe/home/research/AR_Crop_Identification/make_dataset/raw_sentinel/pm5/pm5__20201105_20201124__0111	2020-11-21	703449.00000000,3665640.00000000,704217.00000000,3666408.00000000
train	010802	lower__20201118_160526_11_2264_3B_AnalyticMS_SR_8b_clip	pm5__20201105_20201124__0111	/scrfs/storage/yikebe/home/research/AR_Crop_Identification/make_dataset/raw_sentinel/pm5/pm5__20201105_20201124__0111	2020-11-21	714201.00000000,3665640.00000000,714969.00000000,3666408.00000000
train	010818	lower__20201118_160526_11_2264_3B_AnalyticMS_SR_8b_clip	pm5__20201105_20201124__0111	/scrfs/storage/yikebe/home/research/AR_Crop_Identification/make_dataset/raw_sentinel/pm5/pm5__20201105_20201124__0111	2020-11-21	691929.00000000,3664872.00000000,692697.00000000,3665640.00000000
train	010834	lower__20201118_160526_11_2264_3B_AnalyticMS_SR_8b_clip	pm5__20201105_20201124__0111	/scrfs/storage/yikebe/home/research/AR_Crop_Identification/make_dataset/raw_sentinel/pm5/pm5__20201105_20201124__0111	2020-11-21	702681.00000000,3664872.00000000,703449.00000000,3665640.00000000
train	010850	lower__20201118_160526_11_2264_3B_AnalyticMS_SR_8b_clip	pm5__20201105_20201124__0111	/scrfs/storage/yikebe/home/research/AR_Crop_Identification/make_dataset/raw_sentinel/pm5/pm5__20201105_20201124__0111	2020-11-21	691929.00000000,3663336.00000000,692697.00000000,3664104.00000000
train	010866	lower__20201118_160526_11_2264_3B_AnalyticMS_SR_8b_clip	pm5__20201105_20201124__0111	/scrfs/storage/yikebe/home/research/AR_Crop_Identification/make_dataset/raw_sentinel/pm5/pm5__20201105_20201124__0111	2020-11-21	705753.00000000,3662568.00000000,706521.00000000,3663336.00000000
train	010882	lower__20201118_160526_11_2264_3B_AnalyticMS_SR_8b_clip	pm5__20201105_20201124__0111	/scrfs/storage/yikebe/home/research/AR_Crop_Identification/make_dataset/raw_sentinel/pm5/pm5__20201105_20201124__0111	2020-11-21	706521.00000000,3662568.00000000,707289.00000000,3663336.00000000
train	010898	lower__20201118_160526_11_2264_3B_AnalyticMS_SR_8b_clip	pm5__20201105_20201124__0111	/scrfs/storage/yikebe/home/research/AR_Crop_Identification/make_dataset/raw_sentinel/pm5/pm5__20201105_20201124__0111	2020-11-21	691161.00000000,3661800.00000000,691929.00000000,3662568.00000000
train	010914	lower__20201118_160526_11_2264_3B_AnalyticMS_SR_8b_clip	pm5__20201105_20201124__0111	/scrfs/storage/yikebe/home/research/AR_Crop_Identification/make_dataset/raw_sentinel/pm5/pm5__20201105_20201124__0111	2020-11-21	693465.00000000,3661800.00000000,694233.00000000,3662568.00000000
train	010930	lower__20201118_160526_11_2264_3B_AnalyticMS_SR_8b_clip	pm5__20201105_20201124__0111	/scrfs/storage/yikebe/home/research/AR_Crop_Identification/make_dataset/raw_sentinel/pm5/pm5__20201105_20201124__0111	2020-11-21	691161.00000000,3661032.00000000,691929.00000000,3661800.00000000
train	010946	lower__20201118_160526_11_2264_3B_AnalyticMS_SR_8b_clip	pm5__20201105_20201124__0111	/scrfs/storage/yikebe/home/research/AR_Crop_Identification/make_dataset/raw_sentinel/pm5/pm5__20201105_20201124__0111	2020-11-21	691929.00000000,3661032.00000000,692697.00000000,3661800.00000000
train	010962	lower__20201118_160526_11_2264_3B_AnalyticMS_SR_8b_clip	pm5__20201105_20201124__0111	/scrfs/storage/yikebe/home/research/AR_Crop_Identification/make_dataset/raw_sentinel/pm5/pm5__20201105_20201124__0111	2020-11-21	692697.00000000,3661032.00000000,693465.00000000,3661800.00000000
train	010978	lower__20201118_160526_11_2264_3B_AnalyticMS_SR_8b_clip	pm5__20201105_20201124__0111	/scrfs/storage/yikebe/home/research/AR_Crop_Identification/make_dataset/raw_sentinel/pm5/pm5__20201105_20201124__0111	2020-11-21	693465.00000000,3661032.00000000,694233.00000000,3661800.00000000
train	010994	lower__20201118_160526_11_2264_3B_AnalyticMS_SR_8b_clip	pm5__20201105_20201124__0111	/scrfs/storage/yikebe/home/research/AR_Crop_Identification/make_dataset/raw_sentinel/pm5/pm5__20201105_20201124__0111	2020-11-21	690393.00000000,3660264.00000000,691161.00000000,3661032.00000000
train	011010	lower__20201118_160526_11_2264_3B_AnalyticMS_SR_8b_clip	pm5__20201105_20201124__0111	/scrfs/storage/yikebe/home/research/AR_Crop_Identification/make_dataset/raw_sentinel/pm5/pm5__20201105_20201124__0111	2020-11-21	691161.00000000,3660264.00000000,691929.00000000,3661032.00000000
train	011026	lower__20201118_160526_11_2264_3B_AnalyticMS_SR_8b_clip	pm5__20201105_20201124__0111	/scrfs/storage/yikebe/home/research/AR_Crop_Identification/make_dataset/raw_sentinel/pm5/pm5__20201105_20201124__0111	2020-11-21	691929.00000000,3660264.00000000,692697.00000000,3661032.00000000
train	011042	lower__20201118_160526_11_2264_3B_AnalyticMS_SR_8b_clip	pm5__20201105_20201124__0111	/scrfs/storage/yikebe/home/research/AR_Crop_Identification/make_dataset/raw_sentinel/pm5/pm5__20201105_20201124__0111	2020-11-21	696537.00000000,3660264.00000000,697305.00000000,3661032.00000000
train	011058	lower__20201118_160526_11_2264_3B_AnalyticMS_SR_8b_clip	pm5__20201105_20201124__0111	/scrfs/storage/yikebe/home/research/AR_Crop_Identification/make_dataset/raw_sentinel/pm5/pm5__20201105_20201124__0111	2020-11-21	690393.00000000,3659496.00000000,691161.00000000,3660264.00000000
train	011074	lower__20201118_160526_11_2264_3B_AnalyticMS_SR_8b_clip	pm5__20201105_20201124__0111	/scrfs/storage/yikebe/home/research/AR_Crop_Identification/make_dataset/raw_sentinel/pm5/pm5__20201105_20201124__0111	2020-11-21	691161.00000000,3659496.00000000,691929.00000000,3660264.00000000
train	011090	lower__20201118_160526_11_2264_3B_AnalyticMS_SR_8b_clip	pm5__20201105_20201124__0111	/scrfs/storage/yikebe/home/research/AR_Crop_Identification/make_dataset/raw_sentinel/pm5/pm5__20201105_20201124__0111	2020-11-21	691929.00000000,3659496.00000000,692697.00000000,3660264.00000000
train	011106	lower__20201118_160526_11_2264_3B_AnalyticMS_SR_8b_clip	pm5__20201105_20201124__0111	/scrfs/storage/yikebe/home/research/AR_Crop_Identification/make_dataset/raw_sentinel/pm5/pm5__20201105_20201124__0111	2020-11-21	689625.00000000,3658728.00000000,690393.00000000,3659496.00000000
train	011122	lower__20201118_160526_11_2264_3B_AnalyticMS_SR_8b_clip	pm5__20201105_20201124__0111	/scrfs/storage/yikebe/home/research/AR_Crop_Identification/make_dataset/raw_sentinel/pm5/pm5__20201105_20201124__0111	2020-11-21	690393.00000000,3658728.00000000,691161.00000000,3659496.00000000
train	011138	lower__20201118_160526_11_2264_3B_AnalyticMS_SR_8b_clip	pm5__20201105_20201124__0111	/scrfs/storage/yikebe/home/research/AR_Crop_Identification/make_dataset/raw_sentinel/pm5/pm5__20201105_20201124__0111	2020-11-21	684249.00000000,3657960.00000000,685017.00000000,3658728.00000000
train	011154	lower__20201118_160526_11_2264_3B_AnalyticMS_SR_8b_clip	pm5__20201105_20201124__0111	/scrfs/storage/yikebe/home/research/AR_Crop_Identification/make_dataset/raw_sentinel/pm5/pm5__20201105_20201124__0111	2020-11-21	688857.00000000,3657960.00000000,689625.00000000,3658728.00000000
train	011170	lower__20201118_160526_11_2264_3B_AnalyticMS_SR_8b_clip	pm5__20201105_20201124__0111	/scrfs/storage/yikebe/home/research/AR_Crop_Identification/make_dataset/raw_sentinel/pm5/pm5__20201105_20201124__0111	2020-11-21	689625.00000000,3657960.00000000,690393.00000000,3658728.00000000
train	011186	lower__20201118_160526_11_2264_3B_AnalyticMS_SR_8b_clip	pm5__20201105_20201124__0111	/scrfs/storage/yikebe/home/research/AR_Crop_Identification/make_dataset/raw_sentinel/pm5/pm5__20201105_20201124__0111	2020-11-21	693465.00000000,3657960.00000000,694233.00000000,3658728.00000000
train	011202	lower__20201118_160526_11_2264_3B_AnalyticMS_SR_8b_clip	pm5__20201105_20201124__0111	/scrfs/storage/yikebe/home/research/AR_Crop_Identification/make_dataset/raw_sentinel/pm5/pm5__20201105_20201124__0111	2020-11-21	688089.00000000,3657192.00000000,688857.00000000,3657960.00000000
train	011218	lower__20201118_160526_11_2264_3B_AnalyticMS_SR_8b_clip	pm5__20201105_20201124__0111	/scrfs/storage/yikebe/home/research/AR_Crop_Identification/make_dataset/raw_sentinel/pm5/pm5__20201105_20201124__0111	2020-11-21	688857.00000000,3657192.00000000,689625.00000000,3657960.00000000
train	011234	lower__20201118_160526_11_2264_3B_AnalyticMS_SR_8b_clip	pm5__20201105_20201124__0111	/scrfs/storage/yikebe/home/research/AR_Crop_Identification/make_dataset/raw_sentinel/pm5/pm5__20201105_20201124__0111	2020-11-21	689625.00000000,3657192.00000000,690393.00000000,3657960.00000000
train	011250	lower__20201118_160526_11_2264_3B_AnalyticMS_SR_8b_clip	pm5__20201105_20201124__0111	/scrfs/storage/yikebe/home/research/AR_Crop_Identification/make_dataset/raw_sentinel/pm5/pm5__20201105_20201124__0111	2020-11-21	692697.00000000,3657192.00000000,693465.00000000,3657960.00000000
train	011266	lower__20201118_160526_11_2264_3B_AnalyticMS_SR_8b_clip	pm5__20201105_20201124__0111	/scrfs/storage/yikebe/home/research/AR_Crop_Identification/make_dataset/raw_sentinel/pm5/pm5__20201105_20201124__0111	2020-11-21	693465.00000000,3657192.00000000,694233.00000000,3657960.00000000
train	011282	lower__20201118_160526_11_2264_3B_AnalyticMS_SR_8b_clip	pm5__20201105_20201124__0111	/scrfs/storage/yikebe/home/research/AR_Crop_Identification/make_dataset/raw_sentinel/pm5/pm5__20201105_20201124__0111	2020-11-21	695769.00000000,3657192.00000000,696537.00000000,3657960.00000000
train	011298	lower__20201118_160526_11_2264_3B_AnalyticMS_SR_8b_clip	pm5__20201105_20201124__0111	/scrfs/storage/yikebe/home/research/AR_Crop_Identification/make_dataset/raw_sentinel/pm5/pm5__20201105_20201124__0111	2020-11-21	685017.00000000,3656424.00000000,685785.00000000,3657192.00000000
train	011314	lower__20201118_160526_11_2264_3B_AnalyticMS_SR_8b_clip	pm5__20201105_20201124__0111	/scrfs/storage/yikebe/home/research/AR_Crop_Identification/make_dataset/raw_sentinel/pm5/pm5__20201105_20201124__0111	2020-11-21	691161.00000000,3656424.00000000,691929.00000000,3657192.00000000
train	011330	lower__20201118_160526_11_2264_3B_AnalyticMS_SR_8b_clip	pm5__20201105_20201124__0111	/scrfs/storage/yikebe/home/research/AR_Crop_Identification/make_dataset/raw_sentinel/pm5/pm5__20201105_20201124__0111	2020-11-21	693465.00000000,3656424.00000000,694233.00000000,3657192.00000000
train	011346	lower__20201118_160526_11_2264_3B_AnalyticMS_SR_8b_clip	pm5__20201105_20201124__0111	/scrfs/storage/yikebe/home/research/AR_Crop_Identification/make_dataset/raw_sentinel/pm5/pm5__20201105_20201124__0111	2020-11-21	697305.00000000,3656424.00000000,698073.00000000,3657192.00000000
train	011362	lower__20201118_160526_11_2264_3B_AnalyticMS_SR_8b_clip	pm5__20201105_20201124__0111	/scrfs/storage/yikebe/home/research/AR_Crop_Identification/make_dataset/raw_sentinel/pm5/pm5__20201105_20201124__0111	2020-11-21	691929.00000000,3655656.00000000,692697.00000000,3656424.00000000
train	011378	lower__20201118_160526_11_2264_3B_AnalyticMS_SR_8b_clip	pm5__20201105_20201124__0111	/scrfs/storage/yikebe/home/research/AR_Crop_Identification/make_dataset/raw_sentinel/pm5/pm5__20201105_20201124__0111	2020-11-21	695001.00000000,3655656.00000000,695769.00000000,3656424.00000000
train	011394	lower__20201118_160526_11_2264_3B_AnalyticMS_SR_8b_clip	pm5__20201105_20201124__0111	/scrfs/storage/yikebe/home/research/AR_Crop_Identification/make_dataset/raw_sentinel/pm5/pm5__20201105_20201124__0111	2020-11-21	691929.00000000,3654888.00000000,692697.00000000,3655656.00000000
train	011410	lower__20201118_160526_11_2264_3B_AnalyticMS_SR_8b_clip	pm5__20201105_20201124__0111	/scrfs/storage/yikebe/home/research/AR_Crop_Identification/make_dataset/raw_sentinel/pm5/pm5__20201105_20201124__0111	2020-11-21	694233.00000000,3654888.00000000,695001.00000000,3655656.00000000
train	011426	lower__20201118_160526_11_2264_3B_AnalyticMS_SR_8b_clip	pm5__20201105_20201124__0111	/scrfs/storage/yikebe/home/research/AR_Crop_Identification/make_dataset/raw_sentinel/pm5/pm5__20201105_20201124__0111	2020-11-21	688857.00000000,3654120.00000000,689625.00000000,3654888.00000000
train	011442	lower__20201118_160526_11_2264_3B_AnalyticMS_SR_8b_clip	pm5__20201105_20201124__0111	/scrfs/storage/yikebe/home/research/AR_Crop_Identification/make_dataset/raw_sentinel/pm5/pm5__20201105_20201124__0111	2020-11-21	690393.00000000,3654120.00000000,691161.00000000,3654888.00000000
train	011458	lower__20201118_160526_11_2264_3B_AnalyticMS_SR_8b_clip	pm5__20201105_20201124__0111	/scrfs/storage/yikebe/home/research/AR_Crop_Identification/make_dataset/raw_sentinel/pm5/pm5__20201105_20201124__0111	2020-11-21	691929.00000000,3654120.00000000,692697.00000000,3654888.00000000
train	011474	lower__20201118_160826_82_2441_3B_AnalyticMS_SR_8b_clip	pm5__20201105_20201124__0090	/scrfs/storage/yikebe/home/research/AR_Crop_Identification/make_dataset/raw_sentinel/pm5/pm5__20201105_20201124__0090	2020-11-19	658539.00000000,3845235.00000000,659307.00000000,3846003.00000000
train	011490	lower__20201118_164959_83_240c_3B_AnalyticMS_SR_8b_clip	pm5__20201105_20201124__0134	/scrfs/storage/yikebe/home/research/AR_Crop_Identification/make_dataset/raw_sentinel/pm5/pm5__20201105_20201124__0134	2020-11-21	741861.00000000,3772344.00000000,742629.00000000,3773112.00000000
train	011506	lower__20201118_164959_83_240c_3B_AnalyticMS_SR_8b_clip	pm5__20201105_20201124__0134	/scrfs/storage/yikebe/home/research/AR_Crop_Identification/make_dataset/raw_sentinel/pm5/pm5__20201105_20201124__0134	2020-11-21	763365.00000000,3764664.00000000,764133.00000000,3765432.00000000
train	011522	lower__20201118_164959_83_240c_3B_AnalyticMS_SR_8b_clip	pm5__20201105_20201124__0134	/scrfs/storage/yikebe/home/research/AR_Crop_Identification/make_dataset/raw_sentinel/pm5/pm5__20201105_20201124__0134	2020-11-21	766437.00000000,3764664.00000000,767205.00000000,3765432.00000000
train	011538	lower__20201118_164959_83_240c_3B_AnalyticMS_SR_8b_clip	pm5__20201105_20201124__0134	/scrfs/storage/yikebe/home/research/AR_Crop_Identification/make_dataset/raw_sentinel/pm5/pm5__20201105_20201124__0134	2020-11-21	767205.00000000,3764664.00000000,767973.00000000,3765432.00000000
train	011554	lower__20201118_164959_83_240c_3B_AnalyticMS_SR_8b_clip	pm5__20201105_20201124__0134	/scrfs/storage/yikebe/home/research/AR_Crop_Identification/make_dataset/raw_sentinel/pm5/pm5__20201105_20201124__0134	2020-11-21	767205.00000000,3763896.00000000,767973.00000000,3764664.00000000
train	011570	lower__20201118_164959_83_240c_3B_AnalyticMS_SR_8b_clip	pm5__20201105_20201124__0134	/scrfs/storage/yikebe/home/research/AR_Crop_Identification/make_dataset/raw_sentinel/pm5/pm5__20201105_20201124__0134	2020-11-21	767973.00000000,3763896.00000000,768741.00000000,3764664.00000000
train	011586	lower__20201118_164959_83_240c_3B_AnalyticMS_SR_8b_clip	pm5__20201105_20201124__0134	/scrfs/storage/yikebe/home/research/AR_Crop_Identification/make_dataset/raw_sentinel/pm5/pm5__20201105_20201124__0134	2020-11-21	767973.00000000,3763128.00000000,768741.00000000,3763896.00000000
train	011602	lower__20201118_164959_83_240c_3B_AnalyticMS_SR_8b_clip	pm5__20201105_20201124__0134	/scrfs/storage/yikebe/home/research/AR_Crop_Identification/make_dataset/raw_sentinel/pm5/pm5__20201105_20201124__0134	2020-11-21	744165.00000000,3762360.00000000,744933.00000000,3763128.00000000
train	011618	lower__20201118_164959_83_240c_3B_AnalyticMS_SR_8b_clip	pm5__20201105_20201124__0134	/scrfs/storage/yikebe/home/research/AR_Crop_Identification/make_dataset/raw_sentinel/pm5/pm5__20201105_20201124__0134	2020-11-21	768741.00000000,3762360.00000000,769509.00000000,3763128.00000000
train	011634	lower__20201118_164959_83_240c_3B_AnalyticMS_SR_8b_clip	pm5__20201105_20201124__0134	/scrfs/storage/yikebe/home/research/AR_Crop_Identification/make_dataset/raw_sentinel/pm5/pm5__20201105_20201124__0134	2020-11-21	769509.00000000,3762360.00000000,770277.00000000,3763128.00000000
train	011650	lower__20201118_164959_83_240c_3B_AnalyticMS_SR_8b_clip	pm5__20201105_20201124__0134	/scrfs/storage/yikebe/home/research/AR_Crop_Identification/make_dataset/raw_sentinel/pm5/pm5__20201105_20201124__0134	2020-11-21	767205.00000000,3755448.00000000,767973.00000000,3756216.00000000
train	011666	lower__20201118_164959_83_240c_3B_AnalyticMS_SR_8b_clip	pm5__20201105_20201124__0134	/scrfs/storage/yikebe/home/research/AR_Crop_Identification/make_dataset/raw_sentinel/pm5/pm5__20201105_20201124__0134	2020-11-21	767973.00000000,3755448.00000000,768741.00000000,3756216.00000000
train	011682	lower__20201118_165049_41_2401_3B_AnalyticMS_SR_8b_clip	pm5__20201105_20201124__0102	/scrfs/storage/yikebe/home/research/AR_Crop_Identification/make_dataset/raw_sentinel/pm5/pm5__20201105_20201124__0102	2020-11-21	691578.00000000,3709098.00000000,692346.00000000,3709866.00000000
train	011698	lower__20201119_160602_89_2271_3B_AnalyticMS_SR_8b_clip	pm5__20201105_20201124__0095	/scrfs/storage/yikebe/home/research/AR_Crop_Identification/make_dataset/raw_sentinel/pm5/pm5__20201105_20201124__0095	2020-11-19	643656.00000000,3676608.00000000,644424.00000000,3677376.00000000
train	011714	lower__20201119_160602_89_2271_3B_AnalyticMS_SR_8b_clip	pm5__20201105_20201124__0095	/scrfs/storage/yikebe/home/research/AR_Crop_Identification/make_dataset/raw_sentinel/pm5/pm5__20201105_20201124__0095	2020-11-19	644424.00000000,3675840.00000000,645192.00000000,3676608.00000000
train	011730	lower__20201119_160602_89_2271_3B_AnalyticMS_SR_8b_clip	pm5__20201105_20201124__0095	/scrfs/storage/yikebe/home/research/AR_Crop_Identification/make_dataset/raw_sentinel/pm5/pm5__20201105_20201124__0095	2020-11-19	645192.00000000,3675072.00000000,645960.00000000,3675840.00000000
train	011746	lower__20201119_160602_89_2271_3B_AnalyticMS_SR_8b_clip	pm5__20201105_20201124__0095	/scrfs/storage/yikebe/home/research/AR_Crop_Identification/make_dataset/raw_sentinel/pm5/pm5__20201105_20201124__0095	2020-11-19	642120.00000000,3672000.00000000,642888.00000000,3672768.00000000
train	011762	lower__20201119_160602_89_2271_3B_AnalyticMS_SR_8b_clip	pm5__20201105_20201124__0095	/scrfs/storage/yikebe/home/research/AR_Crop_Identification/make_dataset/raw_sentinel/pm5/pm5__20201105_20201124__0095	2020-11-19	642888.00000000,3672000.00000000,643656.00000000,3672768.00000000
train	011778	lower__20201119_160602_89_2271_3B_AnalyticMS_SR_8b_clip	pm5__20201105_20201124__0095	/scrfs/storage/yikebe/home/research/AR_Crop_Identification/make_dataset/raw_sentinel/pm5/pm5__20201105_20201124__0095	2020-11-19	642120.00000000,3671232.00000000,642888.00000000,3672000.00000000
train	011794	lower__20201119_160602_89_2271_3B_AnalyticMS_SR_8b_clip	pm5__20201105_20201124__0095	/scrfs/storage/yikebe/home/research/AR_Crop_Identification/make_dataset/raw_sentinel/pm5/pm5__20201105_20201124__0095	2020-11-19	642888.00000000,3671232.00000000,643656.00000000,3672000.00000000
train	011810	lower__20201119_160602_89_2271_3B_AnalyticMS_SR_8b_clip	pm5__20201105_20201124__0095	/scrfs/storage/yikebe/home/research/AR_Crop_Identification/make_dataset/raw_sentinel/pm5/pm5__20201105_20201124__0095	2020-11-19	643656.00000000,3668160.00000000,644424.00000000,3668928.00000000
train	011826	lower__20201119_160602_89_2271_3B_AnalyticMS_SR_8b_clip	pm5__20201105_20201124__0095	/scrfs/storage/yikebe/home/research/AR_Crop_Identification/make_dataset/raw_sentinel/pm5/pm5__20201105_20201124__0095	2020-11-19	646728.00000000,3668160.00000000,647496.00000000,3668928.00000000
train	011842	lower__20201119_160602_89_2271_3B_AnalyticMS_SR_8b_clip	pm5__20201105_20201124__0095	/scrfs/storage/yikebe/home/research/AR_Crop_Identification/make_dataset/raw_sentinel/pm5/pm5__20201105_20201124__0095	2020-11-19	646728.00000000,3666624.00000000,647496.00000000,3667392.00000000
train	011858	lower__20201119_160602_89_2271_3B_AnalyticMS_SR_8b_clip	pm5__20201105_20201124__0095	/scrfs/storage/yikebe/home/research/AR_Crop_Identification/make_dataset/raw_sentinel/pm5/pm5__20201105_20201124__0095	2020-11-19	649800.00000000,3664320.00000000,650568.00000000,3665088.00000000
train	011874	lower__20201119_160602_89_2271_3B_AnalyticMS_SR_8b_clip	pm5__20201105_20201124__0095	/scrfs/storage/yikebe/home/research/AR_Crop_Identification/make_dataset/raw_sentinel/pm5/pm5__20201105_20201124__0095	2020-11-19	646728.00000000,3663552.00000000,647496.00000000,3664320.00000000
train	011890	lower__20201119_160602_89_2271_3B_AnalyticMS_SR_8b_clip	pm5__20201105_20201124__0095	/scrfs/storage/yikebe/home/research/AR_Crop_Identification/make_dataset/raw_sentinel/pm5/pm5__20201105_20201124__0095	2020-11-19	645960.00000000,3658176.00000000,646728.00000000,3658944.00000000
train	011906	lower__20201119_160602_89_2271_3B_AnalyticMS_SR_8b_clip	pm5__20201105_20201124__0095	/scrfs/storage/yikebe/home/research/AR_Crop_Identification/make_dataset/raw_sentinel/pm5/pm5__20201105_20201124__0095	2020-11-19	646728.00000000,3658176.00000000,647496.00000000,3658944.00000000
train	011922	lower__20201119_165112_31_240f_3B_AnalyticMS_SR_8b_clip	pm5__20201105_20201124__0119	/scrfs/storage/yikebe/home/research/AR_Crop_Identification/make_dataset/raw_sentinel/pm5/pm5__20201105_20201124__0119	2020-11-21	725223.00000000,3757218.00000000,725991.00000000,3757986.00000000
train	011938	lower__20201119_165112_31_240f_3B_AnalyticMS_SR_8b_clip	pm5__20201105_20201124__0119	/scrfs/storage/yikebe/home/research/AR_Crop_Identification/make_dataset/raw_sentinel/pm5/pm5__20201105_20201124__0119	2020-11-21	697575.00000000,3756450.00000000,698343.00000000,3757218.00000000
train	011954	lower__20201119_165112_31_240f_3B_AnalyticMS_SR_8b_clip	pm5__20201105_20201124__0119	/scrfs/storage/yikebe/home/research/AR_Crop_Identification/make_dataset/raw_sentinel/pm5/pm5__20201105_20201124__0119	2020-11-21	721383.00000000,3754146.00000000,722151.00000000,3754914.00000000
train	011970	lower__20201119_165112_31_240f_3B_AnalyticMS_SR_8b_clip	pm5__20201105_20201124__0119	/scrfs/storage/yikebe/home/research/AR_Crop_Identification/make_dataset/raw_sentinel/pm5/pm5__20201105_20201124__0119	2020-11-21	702951.00000000,3749538.00000000,703719.00000000,3750306.00000000
train	011986	lower__20201119_165112_31_240f_3B_AnalyticMS_SR_8b_clip	pm5__20201105_20201124__0119	/scrfs/storage/yikebe/home/research/AR_Crop_Identification/make_dataset/raw_sentinel/pm5/pm5__20201105_20201124__0119	2020-11-21	703719.00000000,3749538.00000000,704487.00000000,3750306.00000000
train	012002	lower__20201119_165112_31_240f_3B_AnalyticMS_SR_8b_clip	pm5__20201105_20201124__0119	/scrfs/storage/yikebe/home/research/AR_Crop_Identification/make_dataset/raw_sentinel/pm5/pm5__20201105_20201124__0119	2020-11-21	697575.00000000,3748002.00000000,698343.00000000,3748770.00000000
train	012018	lower__20201119_165112_31_240f_3B_AnalyticMS_SR_8b_clip	pm5__20201105_20201124__0119	/scrfs/storage/yikebe/home/research/AR_Crop_Identification/make_dataset/raw_sentinel/pm5/pm5__20201105_20201124__0119	2020-11-21	700647.00000000,3747234.00000000,701415.00000000,3748002.00000000
train	012034	lower__20201119_165112_31_240f_3B_AnalyticMS_SR_8b_clip	pm5__20201105_20201124__0119	/scrfs/storage/yikebe/home/research/AR_Crop_Identification/make_dataset/raw_sentinel/pm5/pm5__20201105_20201124__0119	2020-11-21	702951.00000000,3747234.00000000,703719.00000000,3748002.00000000
train	012050	lower__20201119_165112_31_240f_3B_AnalyticMS_SR_8b_clip	pm5__20201105_20201124__0119	/scrfs/storage/yikebe/home/research/AR_Crop_Identification/make_dataset/raw_sentinel/pm5/pm5__20201105_20201124__0119	2020-11-21	716775.00000000,3747234.00000000,717543.00000000,3748002.00000000
train	012066	lower__20201119_165112_31_240f_3B_AnalyticMS_SR_8b_clip	pm5__20201105_20201124__0119	/scrfs/storage/yikebe/home/research/AR_Crop_Identification/make_dataset/raw_sentinel/pm5/pm5__20201105_20201124__0119	2020-11-21	700647.00000000,3746466.00000000,701415.00000000,3747234.00000000
train	012082	lower__20201119_165112_31_240f_3B_AnalyticMS_SR_8b_clip	pm5__20201105_20201124__0119	/scrfs/storage/yikebe/home/research/AR_Crop_Identification/make_dataset/raw_sentinel/pm5/pm5__20201105_20201124__0119	2020-11-21	702951.00000000,3746466.00000000,703719.00000000,3747234.00000000
train	012098	lower__20201119_165112_31_240f_3B_AnalyticMS_SR_8b_clip	pm5__20201105_20201124__0119	/scrfs/storage/yikebe/home/research/AR_Crop_Identification/make_dataset/raw_sentinel/pm5/pm5__20201105_20201124__0119	2020-11-21	703719.00000000,3746466.00000000,704487.00000000,3747234.00000000
train	012114	lower__20201119_165112_31_240f_3B_AnalyticMS_SR_8b_clip	pm5__20201105_20201124__0119	/scrfs/storage/yikebe/home/research/AR_Crop_Identification/make_dataset/raw_sentinel/pm5/pm5__20201105_20201124__0119	2020-11-21	700647.00000000,3745698.00000000,701415.00000000,3746466.00000000
train	012130	lower__20201119_165112_31_240f_3B_AnalyticMS_SR_8b_clip	pm5__20201105_20201124__0119	/scrfs/storage/yikebe/home/research/AR_Crop_Identification/make_dataset/raw_sentinel/pm5/pm5__20201105_20201124__0119	2020-11-21	700647.00000000,3744930.00000000,701415.00000000,3745698.00000000
train	012146	lower__20201119_165112_31_240f_3B_AnalyticMS_SR_8b_clip	pm5__20201105_20201124__0119	/scrfs/storage/yikebe/home/research/AR_Crop_Identification/make_dataset/raw_sentinel/pm5/pm5__20201105_20201124__0119	2020-11-21	696039.00000000,3743394.00000000,696807.00000000,3744162.00000000
train	012162	lower__20201119_165112_31_240f_3B_AnalyticMS_SR_8b_clip	pm5__20201105_20201124__0119	/scrfs/storage/yikebe/home/research/AR_Crop_Identification/make_dataset/raw_sentinel/pm5/pm5__20201105_20201124__0119	2020-11-21	716775.00000000,3741858.00000000,717543.00000000,3742626.00000000
train	012178	lower__20201119_165112_31_240f_3B_AnalyticMS_SR_8b_clip	pm5__20201105_20201124__0119	/scrfs/storage/yikebe/home/research/AR_Crop_Identification/make_dataset/raw_sentinel/pm5/pm5__20201105_20201124__0119	2020-11-21	702951.00000000,3741090.00000000,703719.00000000,3741858.00000000
train	012194	lower__20201119_165112_31_240f_3B_AnalyticMS_SR_8b_clip	pm5__20201105_20201124__0119	/scrfs/storage/yikebe/home/research/AR_Crop_Identification/make_dataset/raw_sentinel/pm5/pm5__20201105_20201124__0119	2020-11-21	719079.00000000,3741090.00000000,719847.00000000,3741858.00000000
train	012210	lower__20201119_165218_25_225b_3B_AnalyticMS_SR_8b_clip	pm5__20201105_20201124__0129	/scrfs/storage/yikebe/home/research/AR_Crop_Identification/make_dataset/raw_sentinel/pm5/pm5__20201105_20201124__0129	2020-11-21	722928.00000000,3695322.00000000,723696.00000000,3696090.00000000
train	012226	lower__20201119_165218_25_225b_3B_AnalyticMS_SR_8b_clip	pm5__20201105_20201124__0129	/scrfs/storage/yikebe/home/research/AR_Crop_Identification/make_dataset/raw_sentinel/pm5/pm5__20201105_20201124__0129	2020-11-21	731376.00000000,3694554.00000000,732144.00000000,3695322.00000000
train	012242	lower__20201119_165218_25_225b_3B_AnalyticMS_SR_8b_clip	pm5__20201105_20201124__0129	/scrfs/storage/yikebe/home/research/AR_Crop_Identification/make_dataset/raw_sentinel/pm5/pm5__20201105_20201124__0129	2020-11-21	734448.00000000,3693786.00000000,735216.00000000,3694554.00000000
train	012258	lower__20201119_165218_25_225b_3B_AnalyticMS_SR_8b_clip	pm5__20201105_20201124__0129	/scrfs/storage/yikebe/home/research/AR_Crop_Identification/make_dataset/raw_sentinel/pm5/pm5__20201105_20201124__0129	2020-11-21	729072.00000000,3693018.00000000,729840.00000000,3693786.00000000
train	012274	lower__20201119_165218_25_225b_3B_AnalyticMS_SR_8b_clip	pm5__20201105_20201124__0129	/scrfs/storage/yikebe/home/research/AR_Crop_Identification/make_dataset/raw_sentinel/pm5/pm5__20201105_20201124__0129	2020-11-21	729840.00000000,3693018.00000000,730608.00000000,3693786.00000000
train	012290	lower__20201119_165218_25_225b_3B_AnalyticMS_SR_8b_clip	pm5__20201105_20201124__0129	/scrfs/storage/yikebe/home/research/AR_Crop_Identification/make_dataset/raw_sentinel/pm5/pm5__20201105_20201124__0129	2020-11-21	730608.00000000,3693018.00000000,731376.00000000,3693786.00000000
train	012306	lower__20201119_165218_25_225b_3B_AnalyticMS_SR_8b_clip	pm5__20201105_20201124__0129	/scrfs/storage/yikebe/home/research/AR_Crop_Identification/make_dataset/raw_sentinel/pm5/pm5__20201105_20201124__0129	2020-11-21	729840.00000000,3692250.00000000,730608.00000000,3693018.00000000
train	012322	lower__20201119_165218_25_225b_3B_AnalyticMS_SR_8b_clip	pm5__20201105_20201124__0129	/scrfs/storage/yikebe/home/research/AR_Crop_Identification/make_dataset/raw_sentinel/pm5/pm5__20201105_20201124__0129	2020-11-21	730608.00000000,3692250.00000000,731376.00000000,3693018.00000000
train	012338	lower__20201119_165218_25_225b_3B_AnalyticMS_SR_8b_clip	pm5__20201105_20201124__0129	/scrfs/storage/yikebe/home/research/AR_Crop_Identification/make_dataset/raw_sentinel/pm5/pm5__20201105_20201124__0129	2020-11-21	726768.00000000,3690714.00000000,727536.00000000,3691482.00000000
train	012354	lower__20201119_165218_25_225b_3B_AnalyticMS_SR_8b_clip	pm5__20201105_20201124__0129	/scrfs/storage/yikebe/home/research/AR_Crop_Identification/make_dataset/raw_sentinel/pm5/pm5__20201105_20201124__0129	2020-11-21	727536.00000000,3690714.00000000,728304.00000000,3691482.00000000
train	012370	lower__20201119_165218_25_225b_3B_AnalyticMS_SR_8b_clip	pm5__20201105_20201124__0129	/scrfs/storage/yikebe/home/research/AR_Crop_Identification/make_dataset/raw_sentinel/pm5/pm5__20201105_20201124__0129	2020-11-21	730608.00000000,3690714.00000000,731376.00000000,3691482.00000000
train	012386	lower__20201119_165218_25_225b_3B_AnalyticMS_SR_8b_clip	pm5__20201105_20201124__0129	/scrfs/storage/yikebe/home/research/AR_Crop_Identification/make_dataset/raw_sentinel/pm5/pm5__20201105_20201124__0129	2020-11-21	732912.00000000,3690714.00000000,733680.00000000,3691482.00000000
train	012402	lower__20201119_165218_25_225b_3B_AnalyticMS_SR_8b_clip	pm5__20201105_20201124__0129	/scrfs/storage/yikebe/home/research/AR_Crop_Identification/make_dataset/raw_sentinel/pm5/pm5__20201105_20201124__0129	2020-11-21	742896.00000000,3689178.00000000,743664.00000000,3689946.00000000
train	012418	lower__20201119_165218_25_225b_3B_AnalyticMS_SR_8b_clip	pm5__20201105_20201124__0129	/scrfs/storage/yikebe/home/research/AR_Crop_Identification/make_dataset/raw_sentinel/pm5/pm5__20201105_20201124__0129	2020-11-21	732912.00000000,3683802.00000000,733680.00000000,3684570.00000000
train	012434	lower__20201119_165218_25_225b_3B_AnalyticMS_SR_8b_clip	pm5__20201105_20201124__0129	/scrfs/storage/yikebe/home/research/AR_Crop_Identification/make_dataset/raw_sentinel/pm5/pm5__20201105_20201124__0129	2020-11-21	735216.00000000,3679962.00000000,735984.00000000,3680730.00000000
train	012450	lower__20201119_165218_25_225b_3B_AnalyticMS_SR_8b_clip	pm5__20201105_20201124__0129	/scrfs/storage/yikebe/home/research/AR_Crop_Identification/make_dataset/raw_sentinel/pm5/pm5__20201105_20201124__0129	2020-11-21	729840.00000000,3677658.00000000,730608.00000000,3678426.00000000
train	012466	lower__20201119_165218_25_225b_3B_AnalyticMS_SR_8b_clip	pm5__20201105_20201124__0129	/scrfs/storage/yikebe/home/research/AR_Crop_Identification/make_dataset/raw_sentinel/pm5/pm5__20201105_20201124__0129	2020-11-21	730608.00000000,3677658.00000000,731376.00000000,3678426.00000000
train	012482	lower__20201119_165218_25_225b_3B_AnalyticMS_SR_8b_clip	pm5__20201105_20201124__0129	/scrfs/storage/yikebe/home/research/AR_Crop_Identification/make_dataset/raw_sentinel/pm5/pm5__20201105_20201124__0129	2020-11-21	732144.00000000,3677658.00000000,732912.00000000,3678426.00000000
train	012498	lower__20201119_165218_25_225b_3B_AnalyticMS_SR_8b_clip	pm5__20201105_20201124__0129	/scrfs/storage/yikebe/home/research/AR_Crop_Identification/make_dataset/raw_sentinel/pm5/pm5__20201105_20201124__0129	2020-11-21	752880.00000000,3676890.00000000,753648.00000000,3677658.00000000
train	012514	lower__20201119_165218_25_225b_3B_AnalyticMS_SR_8b_clip	pm5__20201105_20201124__0129	/scrfs/storage/yikebe/home/research/AR_Crop_Identification/make_dataset/raw_sentinel/pm5/pm5__20201105_20201124__0129	2020-11-21	736752.00000000,3675354.00000000,737520.00000000,3676122.00000000
train	012530	lower__20201119_165218_25_225b_3B_AnalyticMS_SR_8b_clip	pm5__20201105_20201124__0129	/scrfs/storage/yikebe/home/research/AR_Crop_Identification/make_dataset/raw_sentinel/pm5/pm5__20201105_20201124__0129	2020-11-21	753648.00000000,3675354.00000000,754416.00000000,3676122.00000000
train	012546	lower__20201119_165218_25_225b_3B_AnalyticMS_SR_8b_clip	pm5__20201105_20201124__0129	/scrfs/storage/yikebe/home/research/AR_Crop_Identification/make_dataset/raw_sentinel/pm5/pm5__20201105_20201124__0129	2020-11-21	726768.00000000,3674586.00000000,727536.00000000,3675354.00000000
train	012562	lower__20201119_165218_25_225b_3B_AnalyticMS_SR_8b_clip	pm5__20201105_20201124__0129	/scrfs/storage/yikebe/home/research/AR_Crop_Identification/make_dataset/raw_sentinel/pm5/pm5__20201105_20201124__0129	2020-11-21	729072.00000000,3674586.00000000,729840.00000000,3675354.00000000
train	012578	lower__20201119_165218_25_225b_3B_AnalyticMS_SR_8b_clip	pm5__20201105_20201124__0129	/scrfs/storage/yikebe/home/research/AR_Crop_Identification/make_dataset/raw_sentinel/pm5/pm5__20201105_20201124__0129	2020-11-21	752880.00000000,3674586.00000000,753648.00000000,3675354.00000000
train	012594	lower__20201119_165800_07_227a_3B_AnalyticMS_SR_8b_clip	pm5__20201105_20201124__0064	/scrfs/storage/yikebe/home/research/AR_Crop_Identification/make_dataset/raw_sentinel/pm5/pm5__20201105_20201124__0064	2020-11-19	602400.00000000,3845298.00000000,603168.00000000,3846066.00000000
train	012610	lower__20201119_165800_07_227a_3B_AnalyticMS_SR_8b_clip	pm5__20201105_20201124__0064	/scrfs/storage/yikebe/home/research/AR_Crop_Identification/make_dataset/raw_sentinel/pm5/pm5__20201105_20201124__0064	2020-11-19	611616.00000000,3845298.00000000,612384.00000000,3846066.00000000
train	012626	lower__20201119_165800_07_227a_3B_AnalyticMS_SR_8b_clip	pm5__20201105_20201124__0064	/scrfs/storage/yikebe/home/research/AR_Crop_Identification/make_dataset/raw_sentinel/pm5/pm5__20201105_20201124__0064	2020-11-19	611616.00000000,3844530.00000000,612384.00000000,3845298.00000000
train	012642	lower__20201119_165800_07_227a_3B_AnalyticMS_SR_8b_clip	pm5__20201105_20201124__0064	/scrfs/storage/yikebe/home/research/AR_Crop_Identification/make_dataset/raw_sentinel/pm5/pm5__20201105_20201124__0064	2020-11-19	593184.00000000,3843762.00000000,593952.00000000,3844530.00000000
train	012658	lower__20201119_165800_07_227a_3B_AnalyticMS_SR_8b_clip	pm5__20201105_20201124__0064	/scrfs/storage/yikebe/home/research/AR_Crop_Identification/make_dataset/raw_sentinel/pm5/pm5__20201105_20201124__0064	2020-11-19	607008.00000000,3842994.00000000,607776.00000000,3843762.00000000
train	012674	lower__20201119_165800_07_227a_3B_AnalyticMS_SR_8b_clip	pm5__20201105_20201124__0064	/scrfs/storage/yikebe/home/research/AR_Crop_Identification/make_dataset/raw_sentinel/pm5/pm5__20201105_20201124__0064	2020-11-19	598560.00000000,3842226.00000000,599328.00000000,3842994.00000000
train	012690	lower__20201119_165800_07_227a_3B_AnalyticMS_SR_8b_clip	pm5__20201105_20201124__0064	/scrfs/storage/yikebe/home/research/AR_Crop_Identification/make_dataset/raw_sentinel/pm5/pm5__20201105_20201124__0064	2020-11-19	606240.00000000,3842226.00000000,607008.00000000,3842994.00000000
train	012706	lower__20201119_165800_07_227a_3B_AnalyticMS_SR_8b_clip	pm5__20201105_20201124__0064	/scrfs/storage/yikebe/home/research/AR_Crop_Identification/make_dataset/raw_sentinel/pm5/pm5__20201105_20201124__0064	2020-11-19	587808.00000000,3840690.00000000,588576.00000000,3841458.00000000
train	012722	lower__20201119_165800_07_227a_3B_AnalyticMS_SR_8b_clip	pm5__20201105_20201124__0064	/scrfs/storage/yikebe/home/research/AR_Crop_Identification/make_dataset/raw_sentinel/pm5/pm5__20201105_20201124__0064	2020-11-19	593952.00000000,3840690.00000000,594720.00000000,3841458.00000000
train	012738	lower__20201119_165800_07_227a_3B_AnalyticMS_SR_8b_clip	pm5__20201105_20201124__0064	/scrfs/storage/yikebe/home/research/AR_Crop_Identification/make_dataset/raw_sentinel/pm5/pm5__20201105_20201124__0064	2020-11-19	610080.00000000,3840690.00000000,610848.00000000,3841458.00000000
train	012754	lower__20201119_165800_07_227a_3B_AnalyticMS_SR_8b_clip	pm5__20201105_20201124__0064	/scrfs/storage/yikebe/home/research/AR_Crop_Identification/make_dataset/raw_sentinel/pm5/pm5__20201105_20201124__0064	2020-11-19	606240.00000000,3839154.00000000,607008.00000000,3839922.00000000
train	012770	lower__20201119_165800_07_227a_3B_AnalyticMS_SR_8b_clip	pm5__20201105_20201124__0064	/scrfs/storage/yikebe/home/research/AR_Crop_Identification/make_dataset/raw_sentinel/pm5/pm5__20201105_20201124__0064	2020-11-19	593952.00000000,3838386.00000000,594720.00000000,3839154.00000000
train	012786	lower__20201119_165800_07_227a_3B_AnalyticMS_SR_8b_clip	pm5__20201105_20201124__0064	/scrfs/storage/yikebe/home/research/AR_Crop_Identification/make_dataset/raw_sentinel/pm5/pm5__20201105_20201124__0064	2020-11-19	610080.00000000,3838386.00000000,610848.00000000,3839154.00000000
train	012802	lower__20201119_165800_07_227a_3B_AnalyticMS_SR_8b_clip	pm5__20201105_20201124__0064	/scrfs/storage/yikebe/home/research/AR_Crop_Identification/make_dataset/raw_sentinel/pm5/pm5__20201105_20201124__0064	2020-11-19	590112.00000000,3837618.00000000,590880.00000000,3838386.00000000
train	012818	lower__20201119_165800_07_227a_3B_AnalyticMS_SR_8b_clip	pm5__20201105_20201124__0064	/scrfs/storage/yikebe/home/research/AR_Crop_Identification/make_dataset/raw_sentinel/pm5/pm5__20201105_20201124__0064	2020-11-19	600096.00000000,3837618.00000000,600864.00000000,3838386.00000000
train	012834	lower__20201119_165800_07_227a_3B_AnalyticMS_SR_8b_clip	pm5__20201105_20201124__0064	/scrfs/storage/yikebe/home/research/AR_Crop_Identification/make_dataset/raw_sentinel/pm5/pm5__20201105_20201124__0064	2020-11-19	606240.00000000,3837618.00000000,607008.00000000,3838386.00000000
train	012850	lower__20201119_165800_07_227a_3B_AnalyticMS_SR_8b_clip	pm5__20201105_20201124__0064	/scrfs/storage/yikebe/home/research/AR_Crop_Identification/make_dataset/raw_sentinel/pm5/pm5__20201105_20201124__0064	2020-11-19	609312.00000000,3837618.00000000,610080.00000000,3838386.00000000
train	012866	lower__20201119_165800_07_227a_3B_AnalyticMS_SR_8b_clip	pm5__20201105_20201124__0064	/scrfs/storage/yikebe/home/research/AR_Crop_Identification/make_dataset/raw_sentinel/pm5/pm5__20201105_20201124__0064	2020-11-19	612384.00000000,3837618.00000000,613152.00000000,3838386.00000000
train	012882	lower__20201119_165800_07_227a_3B_AnalyticMS_SR_8b_clip	pm5__20201105_20201124__0064	/scrfs/storage/yikebe/home/research/AR_Crop_Identification/make_dataset/raw_sentinel/pm5/pm5__20201105_20201124__0064	2020-11-19	613152.00000000,3837618.00000000,613920.00000000,3838386.00000000
train	012898	lower__20201119_165800_07_227a_3B_AnalyticMS_SR_8b_clip	pm5__20201105_20201124__0064	/scrfs/storage/yikebe/home/research/AR_Crop_Identification/make_dataset/raw_sentinel/pm5/pm5__20201105_20201124__0064	2020-11-19	613920.00000000,3837618.00000000,614688.00000000,3838386.00000000
train	012914	lower__20201119_165800_07_227a_3B_AnalyticMS_SR_8b_clip	pm5__20201105_20201124__0064	/scrfs/storage/yikebe/home/research/AR_Crop_Identification/make_dataset/raw_sentinel/pm5/pm5__20201105_20201124__0064	2020-11-19	614688.00000000,3837618.00000000,615456.00000000,3838386.00000000
train	012930	lower__20201119_165800_07_227a_3B_AnalyticMS_SR_8b_clip	pm5__20201105_20201124__0064	/scrfs/storage/yikebe/home/research/AR_Crop_Identification/make_dataset/raw_sentinel/pm5/pm5__20201105_20201124__0064	2020-11-19	615456.00000000,3837618.00000000,616224.00000000,3838386.00000000
train	012946	lower__20201119_165800_07_227a_3B_AnalyticMS_SR_8b_clip	pm5__20201105_20201124__0064	/scrfs/storage/yikebe/home/research/AR_Crop_Identification/make_dataset/raw_sentinel/pm5/pm5__20201105_20201124__0064	2020-11-19	589344.00000000,3836850.00000000,590112.00000000,3837618.00000000
train	012962	lower__20201119_165800_07_227a_3B_AnalyticMS_SR_8b_clip	pm5__20201105_20201124__0064	/scrfs/storage/yikebe/home/research/AR_Crop_Identification/make_dataset/raw_sentinel/pm5/pm5__20201105_20201124__0064	2020-11-19	609312.00000000,3836850.00000000,610080.00000000,3837618.00000000
train	012978	lower__20201119_165800_07_227a_3B_AnalyticMS_SR_8b_clip	pm5__20201105_20201124__0064	/scrfs/storage/yikebe/home/research/AR_Crop_Identification/make_dataset/raw_sentinel/pm5/pm5__20201105_20201124__0064	2020-11-19	610080.00000000,3836850.00000000,610848.00000000,3837618.00000000
train	012994	lower__20201119_165800_07_227a_3B_AnalyticMS_SR_8b_clip	pm5__20201105_20201124__0064	/scrfs/storage/yikebe/home/research/AR_Crop_Identification/make_dataset/raw_sentinel/pm5/pm5__20201105_20201124__0064	2020-11-19	589344.00000000,3836082.00000000,590112.00000000,3836850.00000000
train	013010	lower__20201119_165800_07_227a_3B_AnalyticMS_SR_8b_clip	pm5__20201105_20201124__0064	/scrfs/storage/yikebe/home/research/AR_Crop_Identification/make_dataset/raw_sentinel/pm5/pm5__20201105_20201124__0064	2020-11-19	611616.00000000,3836082.00000000,612384.00000000,3836850.00000000
train	013026	lower__20201119_165800_07_227a_3B_AnalyticMS_SR_8b_clip	pm5__20201105_20201124__0064	/scrfs/storage/yikebe/home/research/AR_Crop_Identification/make_dataset/raw_sentinel/pm5/pm5__20201105_20201124__0064	2020-11-19	597024.00000000,3835314.00000000,597792.00000000,3836082.00000000
train	013042	lower__20201119_165800_07_227a_3B_AnalyticMS_SR_8b_clip	pm5__20201105_20201124__0064	/scrfs/storage/yikebe/home/research/AR_Crop_Identification/make_dataset/raw_sentinel/pm5/pm5__20201105_20201124__0064	2020-11-19	603168.00000000,3835314.00000000,603936.00000000,3836082.00000000
train	013058	lower__20201119_165800_07_227a_3B_AnalyticMS_SR_8b_clip	pm5__20201105_20201124__0064	/scrfs/storage/yikebe/home/research/AR_Crop_Identification/make_dataset/raw_sentinel/pm5/pm5__20201105_20201124__0064	2020-11-19	613152.00000000,3835314.00000000,613920.00000000,3836082.00000000
train	013074	lower__20201119_165800_07_227a_3B_AnalyticMS_SR_8b_clip	pm5__20201105_20201124__0064	/scrfs/storage/yikebe/home/research/AR_Crop_Identification/make_dataset/raw_sentinel/pm5/pm5__20201105_20201124__0064	2020-11-19	607776.00000000,3832242.00000000,608544.00000000,3833010.00000000
