split	sample_id	scene_id	sentinel_request_id	sentinel_request_root	sentinel_date	planet_bounds
train	000001	lower__20200316_155444_45_2304_3B_AnalyticMS_SR_8b_clip	pm5__20200311_20200331__0001	/scrfs/storage/yikebe/home/research/AR_Crop_Identification/make_dataset/raw_sentinel/pm5/pm5__20200311_20200331__0001	2020-03-16	755964.00000000,3664728.00000000,756732.00000000,3665496.00000000
train	000017	lower__20200316_155444_45_2304_3B_AnalyticMS_SR_8b_clip	pm5__20200311_20200331__0001	/scrfs/storage/yikebe/home/research/AR_Crop_Identification/make_dataset/raw_sentinel/pm5/pm5__20200311_20200331__0001	2020-03-16	745212.00000000,3660120.00000000,745980.00000000,3660888.00000000
train	000033	lower__20200316_155444_45_2304_3B_AnalyticMS_SR_8b_clip	pm5__20200311_20200331__0001	/scrfs/storage/yikebe/home/research/AR_Crop_Identification/make_dataset/raw_sentinel/pm5/pm5__20200311_20200331__0001	2020-03-16	745980.00000000,3660120.00000000,746748.00000000,3660888.00000000
train	000049	lower__20200316_155444_45_2304_3B_AnalyticMS_SR_8b_clip	pm5__20200311_20200331__0001	/scrfs/storage/yikebe/home/research/AR_Crop_Identification/make_dataset/raw_sentinel/pm5/pm5__20200311_20200331__0001	2020-03-16	745212.00000000,3659352.00000000,745980.00000000,3660120.00000000
train	000065	lower__20200316_155444_45_2304_3B_AnalyticMS_SR_8b_clip	pm5__20200311_20200331__0001	/scrfs/storage/yikebe/home/research/AR_Crop_Identification/make_dataset/raw_sentinel/pm5/pm5__20200311_20200331__0001	2020-03-16	745980.00000000,3659352.00000000,746748.00000000,3660120.00000000
train	000081	lower__20200326_160344_55_2278_3B_AnalyticMS_SR_8b_clip	pm5__20200311_20200331__0004	/scrfs/storage/yikebe/home/research/AR_Crop_Identification/make_dataset/raw_sentinel/pm5/pm5__20200311_20200331__0004	2020-03-29	587913.00000000,3845076.00000000,588681.00000000,3845844.00000000
train	000097	lower__20200326_160344_55_2278_3B_AnalyticMS_SR_8b_clip	pm5__20200311_20200331__0004	/scrfs/storage/yikebe/home/research/AR_Crop_Identification/make_dataset/raw_sentinel/pm5/pm5__20200311_20200331__0004	2020-03-29	587913.00000000,3844308.00000000,588681.00000000,3845076.00000000
train	000113	lower__20200326_160344_55_2278_3B_AnalyticMS_SR_8b_clip	pm5__20200311_20200331__0004	/scrfs/storage/yikebe/home/research/AR_Crop_Identification/make_dataset/raw_sentinel/pm5/pm5__20200311_20200331__0004	2020-03-29	588681.00000000,3844308.00000000,589449.00000000,3845076.00000000
train	000129	lower__20200326_160344_55_2278_3B_AnalyticMS_SR_8b_clip	pm5__20200311_20200331__0004	/scrfs/storage/yikebe/home/research/AR_Crop_Identification/make_dataset/raw_sentinel/pm5/pm5__20200311_20200331__0004	2020-03-29	591753.00000000,3844308.00000000,592521.00000000,3845076.00000000
train	000145	lower__20200326_160344_55_2278_3B_AnalyticMS_SR_8b_clip	pm5__20200311_20200331__0004	/scrfs/storage/yikebe/home/research/AR_Crop_Identification/make_dataset/raw_sentinel/pm5/pm5__20200311_20200331__0004	2020-03-29	593289.00000000,3844308.00000000,594057.00000000,3845076.00000000
train	000161	lower__20200326_160344_55_2278_3B_AnalyticMS_SR_8b_clip	pm5__20200311_20200331__0004	/scrfs/storage/yikebe/home/research/AR_Crop_Identification/make_dataset/raw_sentinel/pm5/pm5__20200311_20200331__0004	2020-03-29	590985.00000000,3843540.00000000,591753.00000000,3844308.00000000
train	000177	lower__20200511_160015_17_2263_3B_AnalyticMS_SR_8b_clip	pm5__20200506_20200523__0006	/scrfs/storage/yikebe/home/research/AR_Crop_Identification/make_dataset/raw_sentinel/pm5/pm5__20200506_20200523__0006	2020-05-10	685077.00000000,3713970.00000000,685845.00000000,3714738.00000000
train	000193	lower__20200511_160015_17_2263_3B_AnalyticMS_SR_8b_clip	pm5__20200506_20200523__0006	/scrfs/storage/yikebe/home/research/AR_Crop_Identification/make_dataset/raw_sentinel/pm5/pm5__20200506_20200523__0006	2020-05-10	686613.00000000,3713970.00000000,687381.00000000,3714738.00000000
train	000209	lower__20200511_160015_17_2263_3B_AnalyticMS_SR_8b_clip	pm5__20200506_20200523__0006	/scrfs/storage/yikebe/home/research/AR_Crop_Identification/make_dataset/raw_sentinel/pm5/pm5__20200506_20200523__0006	2020-05-10	686613.00000000,3713202.00000000,687381.00000000,3713970.00000000
train	000225	lower__20200511_160015_17_2263_3B_AnalyticMS_SR_8b_clip	pm5__20200506_20200523__0006	/scrfs/storage/yikebe/home/research/AR_Crop_Identification/make_dataset/raw_sentinel/pm5/pm5__20200506_20200523__0006	2020-05-10	688917.00000000,3713202.00000000,689685.00000000,3713970.00000000
train	000241	lower__20200511_160015_17_2263_3B_AnalyticMS_SR_8b_clip	pm5__20200506_20200523__0006	/scrfs/storage/yikebe/home/research/AR_Crop_Identification/make_dataset/raw_sentinel/pm5/pm5__20200506_20200523__0006	2020-05-10	689685.00000000,3713202.00000000,690453.00000000,3713970.00000000
train	000257	lower__20200511_160015_17_2263_3B_AnalyticMS_SR_8b_clip	pm5__20200506_20200523__0006	/scrfs/storage/yikebe/home/research/AR_Crop_Identification/make_dataset/raw_sentinel/pm5/pm5__20200506_20200523__0006	2020-05-10	690453.00000000,3713202.00000000,691221.00000000,3713970.00000000
train	000273	lower__20200511_160015_17_2263_3B_AnalyticMS_SR_8b_clip	pm5__20200506_20200523__0006	/scrfs/storage/yikebe/home/research/AR_Crop_Identification/make_dataset/raw_sentinel/pm5/pm5__20200506_20200523__0006	2020-05-10	684309.00000000,3712434.00000000,685077.00000000,3713202.00000000
train	000289	lower__20200511_160015_17_2263_3B_AnalyticMS_SR_8b_clip	pm5__20200506_20200523__0006	/scrfs/storage/yikebe/home/research/AR_Crop_Identification/make_dataset/raw_sentinel/pm5/pm5__20200506_20200523__0006	2020-05-10	685077.00000000,3712434.00000000,685845.00000000,3713202.00000000
train	000305	lower__20200511_160015_17_2263_3B_AnalyticMS_SR_8b_clip	pm5__20200506_20200523__0006	/scrfs/storage/yikebe/home/research/AR_Crop_Identification/make_dataset/raw_sentinel/pm5/pm5__20200506_20200523__0006	2020-05-10	694293.00000000,3712434.00000000,695061.00000000,3713202.00000000
train	000321	lower__20200511_160015_17_2263_3B_AnalyticMS_SR_8b_clip	pm5__20200506_20200523__0006	/scrfs/storage/yikebe/home/research/AR_Crop_Identification/make_dataset/raw_sentinel/pm5/pm5__20200506_20200523__0006	2020-05-10	685077.00000000,3711666.00000000,685845.00000000,3712434.00000000
train	000337	lower__20200511_160015_17_2263_3B_AnalyticMS_SR_8b_clip	pm5__20200506_20200523__0006	/scrfs/storage/yikebe/home/research/AR_Crop_Identification/make_dataset/raw_sentinel/pm5/pm5__20200506_20200523__0006	2020-05-10	687381.00000000,3711666.00000000,688149.00000000,3712434.00000000
train	000353	lower__20200511_160015_17_2263_3B_AnalyticMS_SR_8b_clip	pm5__20200506_20200523__0006	/scrfs/storage/yikebe/home/research/AR_Crop_Identification/make_dataset/raw_sentinel/pm5/pm5__20200506_20200523__0006	2020-05-10	693525.00000000,3711666.00000000,694293.00000000,3712434.00000000
train	000369	lower__20200511_160015_17_2263_3B_AnalyticMS_SR_8b_clip	pm5__20200506_20200523__0006	/scrfs/storage/yikebe/home/research/AR_Crop_Identification/make_dataset/raw_sentinel/pm5/pm5__20200506_20200523__0006	2020-05-10	694293.00000000,3711666.00000000,695061.00000000,3712434.00000000
train	000385	lower__20200511_160015_17_2263_3B_AnalyticMS_SR_8b_clip	pm5__20200506_20200523__0006	/scrfs/storage/yikebe/home/research/AR_Crop_Identification/make_dataset/raw_sentinel/pm5/pm5__20200506_20200523__0006	2020-05-10	695829.00000000,3711666.00000000,696597.00000000,3712434.00000000
train	000401	lower__20200511_160015_17_2263_3B_AnalyticMS_SR_8b_clip	pm5__20200506_20200523__0006	/scrfs/storage/yikebe/home/research/AR_Crop_Identification/make_dataset/raw_sentinel/pm5/pm5__20200506_20200523__0006	2020-05-10	696597.00000000,3711666.00000000,697365.00000000,3712434.00000000
train	000417	lower__20200511_160015_17_2263_3B_AnalyticMS_SR_8b_clip	pm5__20200506_20200523__0006	/scrfs/storage/yikebe/home/research/AR_Crop_Identification/make_dataset/raw_sentinel/pm5/pm5__20200506_20200523__0006	2020-05-10	697365.00000000,3711666.00000000,698133.00000000,3712434.00000000
train	000433	lower__20200511_160015_17_2263_3B_AnalyticMS_SR_8b_clip	pm5__20200506_20200523__0006	/scrfs/storage/yikebe/home/research/AR_Crop_Identification/make_dataset/raw_sentinel/pm5/pm5__20200506_20200523__0006	2020-05-10	688149.00000000,3710898.00000000,688917.00000000,3711666.00000000
train	000449	lower__20200511_160015_17_2263_3B_AnalyticMS_SR_8b_clip	pm5__20200506_20200523__0006	/scrfs/storage/yikebe/home/research/AR_Crop_Identification/make_dataset/raw_sentinel/pm5/pm5__20200506_20200523__0006	2020-05-10	689685.00000000,3710898.00000000,690453.00000000,3711666.00000000
train	000465	lower__20200511_160015_17_2263_3B_AnalyticMS_SR_8b_clip	pm5__20200506_20200523__0006	/scrfs/storage/yikebe/home/research/AR_Crop_Identification/make_dataset/raw_sentinel/pm5/pm5__20200506_20200523__0006	2020-05-10	693525.00000000,3710898.00000000,694293.00000000,3711666.00000000
train	000481	lower__20200511_160015_17_2263_3B_AnalyticMS_SR_8b_clip	pm5__20200506_20200523__0006	/scrfs/storage/yikebe/home/research/AR_Crop_Identification/make_dataset/raw_sentinel/pm5/pm5__20200506_20200523__0006	2020-05-10	694293.00000000,3710898.00000000,695061.00000000,3711666.00000000
train	000497	lower__20200511_160015_17_2263_3B_AnalyticMS_SR_8b_clip	pm5__20200506_20200523__0006	/scrfs/storage/yikebe/home/research/AR_Crop_Identification/make_dataset/raw_sentinel/pm5/pm5__20200506_20200523__0006	2020-05-10	695829.00000000,3710898.00000000,696597.00000000,3711666.00000000
train	000513	lower__20200511_160015_17_2263_3B_AnalyticMS_SR_8b_clip	pm5__20200506_20200523__0006	/scrfs/storage/yikebe/home/research/AR_Crop_Identification/make_dataset/raw_sentinel/pm5/pm5__20200506_20200523__0006	2020-05-10	691989.00000000,3710130.00000000,692757.00000000,3710898.00000000
train	000529	lower__20200511_160015_17_2263_3B_AnalyticMS_SR_8b_clip	pm5__20200506_20200523__0006	/scrfs/storage/yikebe/home/research/AR_Crop_Identification/make_dataset/raw_sentinel/pm5/pm5__20200506_20200523__0006	2020-05-10	693525.00000000,3710130.00000000,694293.00000000,3710898.00000000
train	000545	lower__20200511_160015_17_2263_3B_AnalyticMS_SR_8b_clip	pm5__20200506_20200523__0006	/scrfs/storage/yikebe/home/research/AR_Crop_Identification/make_dataset/raw_sentinel/pm5/pm5__20200506_20200523__0006	2020-05-10	694293.00000000,3710130.00000000,695061.00000000,3710898.00000000
train	000561	lower__20200511_160015_17_2263_3B_AnalyticMS_SR_8b_clip	pm5__20200506_20200523__0006	/scrfs/storage/yikebe/home/research/AR_Crop_Identification/make_dataset/raw_sentinel/pm5/pm5__20200506_20200523__0006	2020-05-10	695829.00000000,3710130.00000000,696597.00000000,3710898.00000000
train	000577	lower__20200511_160015_17_2263_3B_AnalyticMS_SR_8b_clip	pm5__20200506_20200523__0006	/scrfs/storage/yikebe/home/research/AR_Crop_Identification/make_dataset/raw_sentinel/pm5/pm5__20200506_20200523__0006	2020-05-10	691221.00000000,3709362.00000000,691989.00000000,3710130.00000000
train	000593	lower__20200511_160015_17_2263_3B_AnalyticMS_SR_8b_clip	pm5__20200506_20200523__0006	/scrfs/storage/yikebe/home/research/AR_Crop_Identification/make_dataset/raw_sentinel/pm5/pm5__20200506_20200523__0006	2020-05-10	694293.00000000,3709362.00000000,695061.00000000,3710130.00000000
train	000609	lower__20200511_160015_17_2263_3B_AnalyticMS_SR_8b_clip	pm5__20200506_20200523__0006	/scrfs/storage/yikebe/home/research/AR_Crop_Identification/make_dataset/raw_sentinel/pm5/pm5__20200506_20200523__0006	2020-05-10	695061.00000000,3709362.00000000,695829.00000000,3710130.00000000
train	000625	lower__20200511_160015_17_2263_3B_AnalyticMS_SR_8b_clip	pm5__20200506_20200523__0006	/scrfs/storage/yikebe/home/research/AR_Crop_Identification/make_dataset/raw_sentinel/pm5/pm5__20200506_20200523__0006	2020-05-10	695829.00000000,3709362.00000000,696597.00000000,3710130.00000000
train	000641	lower__20200511_160015_17_2263_3B_AnalyticMS_SR_8b_clip	pm5__20200506_20200523__0006	/scrfs/storage/yikebe/home/research/AR_Crop_Identification/make_dataset/raw_sentinel/pm5/pm5__20200506_20200523__0006	2020-05-10	690453.00000000,3708594.00000000,691221.00000000,3709362.00000000
train	000657	lower__20200511_160015_17_2263_3B_AnalyticMS_SR_8b_clip	pm5__20200506_20200523__0006	/scrfs/storage/yikebe/home/research/AR_Crop_Identification/make_dataset/raw_sentinel/pm5/pm5__20200506_20200523__0006	2020-05-10	694293.00000000,3708594.00000000,695061.00000000,3709362.00000000
train	000673	lower__20200511_160015_17_2263_3B_AnalyticMS_SR_8b_clip	pm5__20200506_20200523__0006	/scrfs/storage/yikebe/home/research/AR_Crop_Identification/make_dataset/raw_sentinel/pm5/pm5__20200506_20200523__0006	2020-05-10	695061.00000000,3708594.00000000,695829.00000000,3709362.00000000
train	000689	lower__20200511_160015_17_2263_3B_AnalyticMS_SR_8b_clip	pm5__20200506_20200523__0006	/scrfs/storage/yikebe/home/research/AR_Crop_Identification/make_dataset/raw_sentinel/pm5/pm5__20200506_20200523__0006	2020-05-10	670485.00000000,3707826.00000000,671253.00000000,3708594.00000000
train	000705	lower__20200511_160015_17_2263_3B_AnalyticMS_SR_8b_clip	pm5__20200506_20200523__0006	/scrfs/storage/yikebe/home/research/AR_Crop_Identification/make_dataset/raw_sentinel/pm5/pm5__20200506_20200523__0006	2020-05-10	687381.00000000,3707826.00000000,688149.00000000,3708594.00000000
train	000721	lower__20200511_160015_17_2263_3B_AnalyticMS_SR_8b_clip	pm5__20200506_20200523__0006	/scrfs/storage/yikebe/home/research/AR_Crop_Identification/make_dataset/raw_sentinel/pm5/pm5__20200506_20200523__0006	2020-05-10	690453.00000000,3707826.00000000,691221.00000000,3708594.00000000
train	000737	lower__20200511_160015_17_2263_3B_AnalyticMS_SR_8b_clip	pm5__20200506_20200523__0006	/scrfs/storage/yikebe/home/research/AR_Crop_Identification/make_dataset/raw_sentinel/pm5/pm5__20200506_20200523__0006	2020-05-10	694293.00000000,3707826.00000000,695061.00000000,3708594.00000000
train	000753	lower__20200511_160015_17_2263_3B_AnalyticMS_SR_8b_clip	pm5__20200506_20200523__0006	/scrfs/storage/yikebe/home/research/AR_Crop_Identification/make_dataset/raw_sentinel/pm5/pm5__20200506_20200523__0006	2020-05-10	690453.00000000,3707058.00000000,691221.00000000,3707826.00000000
train	000769	lower__20200511_160015_17_2263_3B_AnalyticMS_SR_8b_clip	pm5__20200506_20200523__0006	/scrfs/storage/yikebe/home/research/AR_Crop_Identification/make_dataset/raw_sentinel/pm5/pm5__20200506_20200523__0006	2020-05-10	686613.00000000,3706290.00000000,687381.00000000,3707058.00000000
train	000785	lower__20200511_160015_17_2263_3B_AnalyticMS_SR_8b_clip	pm5__20200506_20200523__0006	/scrfs/storage/yikebe/home/research/AR_Crop_Identification/make_dataset/raw_sentinel/pm5/pm5__20200506_20200523__0006	2020-05-10	688917.00000000,3706290.00000000,689685.00000000,3707058.00000000
train	000801	lower__20200511_160015_17_2263_3B_AnalyticMS_SR_8b_clip	pm5__20200506_20200523__0006	/scrfs/storage/yikebe/home/research/AR_Crop_Identification/make_dataset/raw_sentinel/pm5/pm5__20200506_20200523__0006	2020-05-10	689685.00000000,3706290.00000000,690453.00000000,3707058.00000000
train	000817	lower__20200511_160015_17_2263_3B_AnalyticMS_SR_8b_clip	pm5__20200506_20200523__0006	/scrfs/storage/yikebe/home/research/AR_Crop_Identification/make_dataset/raw_sentinel/pm5/pm5__20200506_20200523__0006	2020-05-10	690453.00000000,3706290.00000000,691221.00000000,3707058.00000000
train	000833	lower__20200511_160015_17_2263_3B_AnalyticMS_SR_8b_clip	pm5__20200506_20200523__0006	/scrfs/storage/yikebe/home/research/AR_Crop_Identification/make_dataset/raw_sentinel/pm5/pm5__20200506_20200523__0006	2020-05-10	691221.00000000,3706290.00000000,691989.00000000,3707058.00000000
train	000849	lower__20200511_160015_17_2263_3B_AnalyticMS_SR_8b_clip	pm5__20200506_20200523__0006	/scrfs/storage/yikebe/home/research/AR_Crop_Identification/make_dataset/raw_sentinel/pm5/pm5__20200506_20200523__0006	2020-05-10	691989.00000000,3706290.00000000,692757.00000000,3707058.00000000
train	000865	lower__20200511_160015_17_2263_3B_AnalyticMS_SR_8b_clip	pm5__20200506_20200523__0006	/scrfs/storage/yikebe/home/research/AR_Crop_Identification/make_dataset/raw_sentinel/pm5/pm5__20200506_20200523__0006	2020-05-10	696597.00000000,3704754.00000000,697365.00000000,3705522.00000000
train	000881	lower__20200511_160015_17_2263_3B_AnalyticMS_SR_8b_clip	pm5__20200506_20200523__0006	/scrfs/storage/yikebe/home/research/AR_Crop_Identification/make_dataset/raw_sentinel/pm5/pm5__20200506_20200523__0006	2020-05-10	697365.00000000,3704754.00000000,698133.00000000,3705522.00000000
train	000897	lower__20200511_160015_17_2263_3B_AnalyticMS_SR_8b_clip	pm5__20200506_20200523__0006	/scrfs/storage/yikebe/home/research/AR_Crop_Identification/make_dataset/raw_sentinel/pm5/pm5__20200506_20200523__0006	2020-05-10	690453.00000000,3703218.00000000,691221.00000000,3703986.00000000
train	000913	lower__20200511_160015_17_2263_3B_AnalyticMS_SR_8b_clip	pm5__20200506_20200523__0006	/scrfs/storage/yikebe/home/research/AR_Crop_Identification/make_dataset/raw_sentinel/pm5/pm5__20200506_20200523__0006	2020-05-10	691989.00000000,3702450.00000000,692757.00000000,3703218.00000000
train	000929	lower__20200511_160015_17_2263_3B_AnalyticMS_SR_8b_clip	pm5__20200506_20200523__0006	/scrfs/storage/yikebe/home/research/AR_Crop_Identification/make_dataset/raw_sentinel/pm5/pm5__20200506_20200523__0006	2020-05-10	696597.00000000,3698610.00000000,697365.00000000,3699378.00000000
train	000945	lower__20200511_160015_17_2263_3B_AnalyticMS_SR_8b_clip	pm5__20200506_20200523__0006	/scrfs/storage/yikebe/home/research/AR_Crop_Identification/make_dataset/raw_sentinel/pm5/pm5__20200506_20200523__0006	2020-05-10	697365.00000000,3698610.00000000,698133.00000000,3699378.00000000
train	000961	lower__20200511_160015_17_2263_3B_AnalyticMS_SR_8b_clip	pm5__20200506_20200523__0006	/scrfs/storage/yikebe/home/research/AR_Crop_Identification/make_dataset/raw_sentinel/pm5/pm5__20200506_20200523__0006	2020-05-10	691989.00000000,3697842.00000000,692757.00000000,3698610.00000000
train	000977	lower__20200511_160015_17_2263_3B_AnalyticMS_SR_8b_clip	pm5__20200506_20200523__0006	/scrfs/storage/yikebe/home/research/AR_Crop_Identification/make_dataset/raw_sentinel/pm5/pm5__20200506_20200523__0006	2020-05-10	685845.00000000,3696306.00000000,686613.00000000,3697074.00000000
train	000993	lower__20200511_160015_17_2263_3B_AnalyticMS_SR_8b_clip	pm5__20200506_20200523__0006	/scrfs/storage/yikebe/home/research/AR_Crop_Identification/make_dataset/raw_sentinel/pm5/pm5__20200506_20200523__0006	2020-05-10	690453.00000000,3696306.00000000,691221.00000000,3697074.00000000
train	001009	lower__20200511_160015_17_2263_3B_AnalyticMS_SR_8b_clip	pm5__20200506_20200523__0006	/scrfs/storage/yikebe/home/research/AR_Crop_Identification/make_dataset/raw_sentinel/pm5/pm5__20200506_20200523__0006	2020-05-10	691221.00000000,3696306.00000000,691989.00000000,3697074.00000000
train	001025	lower__20200511_160015_17_2263_3B_AnalyticMS_SR_8b_clip	pm5__20200506_20200523__0006	/scrfs/storage/yikebe/home/research/AR_Crop_Identification/make_dataset/raw_sentinel/pm5/pm5__20200506_20200523__0006	2020-05-10	693525.00000000,3696306.00000000,694293.00000000,3697074.00000000
train	001041	lower__20200511_160015_17_2263_3B_AnalyticMS_SR_8b_clip	pm5__20200506_20200523__0006	/scrfs/storage/yikebe/home/research/AR_Crop_Identification/make_dataset/raw_sentinel/pm5/pm5__20200506_20200523__0006	2020-05-10	685845.00000000,3695538.00000000,686613.00000000,3696306.00000000
train	001057	lower__20200511_160015_17_2263_3B_AnalyticMS_SR_8b_clip	pm5__20200506_20200523__0006	/scrfs/storage/yikebe/home/research/AR_Crop_Identification/make_dataset/raw_sentinel/pm5/pm5__20200506_20200523__0006	2020-05-10	690453.00000000,3695538.00000000,691221.00000000,3696306.00000000
train	001073	lower__20200511_160015_17_2263_3B_AnalyticMS_SR_8b_clip	pm5__20200506_20200523__0006	/scrfs/storage/yikebe/home/research/AR_Crop_Identification/make_dataset/raw_sentinel/pm5/pm5__20200506_20200523__0006	2020-05-10	692757.00000000,3695538.00000000,693525.00000000,3696306.00000000
train	001089	lower__20200511_160015_17_2263_3B_AnalyticMS_SR_8b_clip	pm5__20200506_20200523__0006	/scrfs/storage/yikebe/home/research/AR_Crop_Identification/make_dataset/raw_sentinel/pm5/pm5__20200506_20200523__0006	2020-05-10	684309.00000000,3694770.00000000,685077.00000000,3695538.00000000
train	001105	lower__20200511_160015_17_2263_3B_AnalyticMS_SR_8b_clip	pm5__20200506_20200523__0006	/scrfs/storage/yikebe/home/research/AR_Crop_Identification/make_dataset/raw_sentinel/pm5/pm5__20200506_20200523__0006	2020-05-10	685845.00000000,3694770.00000000,686613.00000000,3695538.00000000
train	001121	lower__20200511_160015_17_2263_3B_AnalyticMS_SR_8b_clip	pm5__20200506_20200523__0006	/scrfs/storage/yikebe/home/research/AR_Crop_Identification/make_dataset/raw_sentinel/pm5/pm5__20200506_20200523__0006	2020-05-10	690453.00000000,3694770.00000000,691221.00000000,3695538.00000000
train	001137	lower__20200511_160015_17_2263_3B_AnalyticMS_SR_8b_clip	pm5__20200506_20200523__0006	/scrfs/storage/yikebe/home/research/AR_Crop_Identification/make_dataset/raw_sentinel/pm5/pm5__20200506_20200523__0006	2020-05-10	684309.00000000,3694002.00000000,685077.00000000,3694770.00000000
train	001153	lower__20200511_160015_17_2263_3B_AnalyticMS_SR_8b_clip	pm5__20200506_20200523__0006	/scrfs/storage/yikebe/home/research/AR_Crop_Identification/make_dataset/raw_sentinel/pm5/pm5__20200506_20200523__0006	2020-05-10	685845.00000000,3694002.00000000,686613.00000000,3694770.00000000
train	001169	lower__20200511_160015_17_2263_3B_AnalyticMS_SR_8b_clip	pm5__20200506_20200523__0006	/scrfs/storage/yikebe/home/research/AR_Crop_Identification/make_dataset/raw_sentinel/pm5/pm5__20200506_20200523__0006	2020-05-10	686613.00000000,3694002.00000000,687381.00000000,3694770.00000000
train	001185	lower__20200718_160619_90_2259_3B_AnalyticMS_SR_8b_clip	pm5__20200705_20200723__0010	/scrfs/storage/yikebe/home/research/AR_Crop_Identification/make_dataset/raw_sentinel/pm5/pm5__20200705_20200723__0010	2020-07-17	623679.00000000,3755316.00000000,624447.00000000,3756084.00000000
train	001201	lower__20200910_155454_70_2206_3B_AnalyticMS_SR_8b_clip	pm5__20200905_20200924__0031	/scrfs/storage/yikebe/home/research/AR_Crop_Identification/make_dataset/raw_sentinel/pm5/pm5__20200905_20200924__0031	2020-09-12	754722.00000000,3681156.00000000,755490.00000000,3681924.00000000
train	001217	lower__20200910_155454_70_2206_3B_AnalyticMS_SR_8b_clip	pm5__20200905_20200924__0031	/scrfs/storage/yikebe/home/research/AR_Crop_Identification/make_dataset/raw_sentinel/pm5/pm5__20200905_20200924__0031	2020-09-12	752418.00000000,3680388.00000000,753186.00000000,3681156.00000000
train	001233	lower__20200910_155454_70_2206_3B_AnalyticMS_SR_8b_clip	pm5__20200905_20200924__0031	/scrfs/storage/yikebe/home/research/AR_Crop_Identification/make_dataset/raw_sentinel/pm5/pm5__20200905_20200924__0031	2020-09-12	753186.00000000,3679620.00000000,753954.00000000,3680388.00000000
train	001249	lower__20200910_155454_70_2206_3B_AnalyticMS_SR_8b_clip	pm5__20200905_20200924__0031	/scrfs/storage/yikebe/home/research/AR_Crop_Identification/make_dataset/raw_sentinel/pm5/pm5__20200905_20200924__0031	2020-09-12	753954.00000000,3677316.00000000,754722.00000000,3678084.00000000
train	001265	lower__20200910_155454_70_2206_3B_AnalyticMS_SR_8b_clip	pm5__20200905_20200924__0031	/scrfs/storage/yikebe/home/research/AR_Crop_Identification/make_dataset/raw_sentinel/pm5/pm5__20200905_20200924__0031	2020-09-12	753954.00000000,3674244.00000000,754722.00000000,3675012.00000000
train	001281	lower__20200911_160147_20_2235_3B_AnalyticMS_SR_8b_clip	pm5__20200905_20200924__0026	/scrfs/storage/yikebe/home/research/AR_Crop_Identification/make_dataset/raw_sentinel/pm5/pm5__20200905_20200924__0026	2020-09-07	733485.00000000,3819891.00000000,734253.00000000,3820659.00000000
train	001297	lower__20200911_160147_20_2235_3B_AnalyticMS_SR_8b_clip	pm5__20200905_20200924__0026	/scrfs/storage/yikebe/home/research/AR_Crop_Identification/make_dataset/raw_sentinel/pm5/pm5__20200905_20200924__0026	2020-09-07	733485.00000000,3819123.00000000,734253.00000000,3819891.00000000
train	001313	lower__20200911_160147_20_2235_3B_AnalyticMS_SR_8b_clip	pm5__20200905_20200924__0026	/scrfs/storage/yikebe/home/research/AR_Crop_Identification/make_dataset/raw_sentinel/pm5/pm5__20200905_20200924__0026	2020-09-07	708909.00000000,3818355.00000000,709677.00000000,3819123.00000000
train	001329	lower__20200911_160147_20_2235_3B_AnalyticMS_SR_8b_clip	pm5__20200905_20200924__0026	/scrfs/storage/yikebe/home/research/AR_Crop_Identification/make_dataset/raw_sentinel/pm5/pm5__20200905_20200924__0026	2020-09-07	708141.00000000,3817587.00000000,708909.00000000,3818355.00000000
train	001345	lower__20200911_160147_20_2235_3B_AnalyticMS_SR_8b_clip	pm5__20200905_20200924__0026	/scrfs/storage/yikebe/home/research/AR_Crop_Identification/make_dataset/raw_sentinel/pm5/pm5__20200905_20200924__0026	2020-09-07	708909.00000000,3817587.00000000,709677.00000000,3818355.00000000
train	001361	lower__20200911_160147_20_2235_3B_AnalyticMS_SR_8b_clip	pm5__20200905_20200924__0026	/scrfs/storage/yikebe/home/research/AR_Crop_Identification/make_dataset/raw_sentinel/pm5/pm5__20200905_20200924__0026	2020-09-07	705069.00000000,3816819.00000000,705837.00000000,3817587.00000000
train	001377	lower__20200911_160147_20_2235_3B_AnalyticMS_SR_8b_clip	pm5__20200905_20200924__0026	/scrfs/storage/yikebe/home/research/AR_Crop_Identification/make_dataset/raw_sentinel/pm5/pm5__20200905_20200924__0026	2020-09-07	729645.00000000,3816819.00000000,730413.00000000,3817587.00000000
train	001393	lower__20200911_160147_20_2235_3B_AnalyticMS_SR_8b_clip	pm5__20200905_20200924__0026	/scrfs/storage/yikebe/home/research/AR_Crop_Identification/make_dataset/raw_sentinel/pm5/pm5__20200905_20200924__0026	2020-09-07	718893.00000000,3816051.00000000,719661.00000000,3816819.00000000
train	001409	lower__20200911_160147_20_2235_3B_AnalyticMS_SR_8b_clip	pm5__20200905_20200924__0026	/scrfs/storage/yikebe/home/research/AR_Crop_Identification/make_dataset/raw_sentinel/pm5/pm5__20200905_20200924__0026	2020-09-07	725037.00000000,3816051.00000000,725805.00000000,3816819.00000000
train	001425	lower__20200911_160147_20_2235_3B_AnalyticMS_SR_8b_clip	pm5__20200905_20200924__0026	/scrfs/storage/yikebe/home/research/AR_Crop_Identification/make_dataset/raw_sentinel/pm5/pm5__20200905_20200924__0026	2020-09-07	729645.00000000,3816051.00000000,730413.00000000,3816819.00000000
train	001441	lower__20200911_160147_20_2235_3B_AnalyticMS_SR_8b_clip	pm5__20200905_20200924__0026	/scrfs/storage/yikebe/home/research/AR_Crop_Identification/make_dataset/raw_sentinel/pm5/pm5__20200905_20200924__0026	2020-09-07	730413.00000000,3816051.00000000,731181.00000000,3816819.00000000
train	001457	lower__20200911_160147_20_2235_3B_AnalyticMS_SR_8b_clip	pm5__20200905_20200924__0026	/scrfs/storage/yikebe/home/research/AR_Crop_Identification/make_dataset/raw_sentinel/pm5/pm5__20200905_20200924__0026	2020-09-07	705069.00000000,3815283.00000000,705837.00000000,3816051.00000000
train	001473	lower__20200911_160147_20_2235_3B_AnalyticMS_SR_8b_clip	pm5__20200905_20200924__0026	/scrfs/storage/yikebe/home/research/AR_Crop_Identification/make_dataset/raw_sentinel/pm5/pm5__20200905_20200924__0026	2020-09-07	729645.00000000,3815283.00000000,730413.00000000,3816051.00000000
train	001489	lower__20200911_160147_20_2235_3B_AnalyticMS_SR_8b_clip	pm5__20200905_20200924__0026	/scrfs/storage/yikebe/home/research/AR_Crop_Identification/make_dataset/raw_sentinel/pm5/pm5__20200905_20200924__0026	2020-09-07	706605.00000000,3814515.00000000,707373.00000000,3815283.00000000
train	001505	lower__20200911_160147_20_2235_3B_AnalyticMS_SR_8b_clip	pm5__20200905_20200924__0026	/scrfs/storage/yikebe/home/research/AR_Crop_Identification/make_dataset/raw_sentinel/pm5/pm5__20200905_20200924__0026	2020-09-07	708141.00000000,3813747.00000000,708909.00000000,3814515.00000000
train	001521	lower__20200911_160147_20_2235_3B_AnalyticMS_SR_8b_clip	pm5__20200905_20200924__0026	/scrfs/storage/yikebe/home/research/AR_Crop_Identification/make_dataset/raw_sentinel/pm5/pm5__20200905_20200924__0026	2020-09-07	708141.00000000,3812979.00000000,708909.00000000,3813747.00000000
train	001537	lower__20200911_160147_20_2235_3B_AnalyticMS_SR_8b_clip	pm5__20200905_20200924__0026	/scrfs/storage/yikebe/home/research/AR_Crop_Identification/make_dataset/raw_sentinel/pm5/pm5__20200905_20200924__0026	2020-09-07	725805.00000000,3812979.00000000,726573.00000000,3813747.00000000
train	001553	lower__20200911_160147_20_2235_3B_AnalyticMS_SR_8b_clip	pm5__20200905_20200924__0026	/scrfs/storage/yikebe/home/research/AR_Crop_Identification/make_dataset/raw_sentinel/pm5/pm5__20200905_20200924__0026	2020-09-07	708141.00000000,3812211.00000000,708909.00000000,3812979.00000000
train	001569	lower__20200911_160147_20_2235_3B_AnalyticMS_SR_8b_clip	pm5__20200905_20200924__0026	/scrfs/storage/yikebe/home/research/AR_Crop_Identification/make_dataset/raw_sentinel/pm5/pm5__20200905_20200924__0026	2020-09-07	719661.00000000,3812211.00000000,720429.00000000,3812979.00000000
train	001585	lower__20200911_160147_20_2235_3B_AnalyticMS_SR_8b_clip	pm5__20200905_20200924__0026	/scrfs/storage/yikebe/home/research/AR_Crop_Identification/make_dataset/raw_sentinel/pm5/pm5__20200905_20200924__0026	2020-09-07	715821.00000000,3811443.00000000,716589.00000000,3812211.00000000
train	001601	lower__20200911_160147_20_2235_3B_AnalyticMS_SR_8b_clip	pm5__20200905_20200924__0026	/scrfs/storage/yikebe/home/research/AR_Crop_Identification/make_dataset/raw_sentinel/pm5/pm5__20200905_20200924__0026	2020-09-07	721965.00000000,3811443.00000000,722733.00000000,3812211.00000000
train	001617	lower__20200911_160147_20_2235_3B_AnalyticMS_SR_8b_clip	pm5__20200905_20200924__0026	/scrfs/storage/yikebe/home/research/AR_Crop_Identification/make_dataset/raw_sentinel/pm5/pm5__20200905_20200924__0026	2020-09-07	716589.00000000,3810675.00000000,717357.00000000,3811443.00000000
train	001633	lower__20200911_160147_20_2235_3B_AnalyticMS_SR_8b_clip	pm5__20200905_20200924__0026	/scrfs/storage/yikebe/home/research/AR_Crop_Identification/make_dataset/raw_sentinel/pm5/pm5__20200905_20200924__0026	2020-09-07	708141.00000000,3809139.00000000,708909.00000000,3809907.00000000
train	001649	lower__20200911_160147_20_2235_3B_AnalyticMS_SR_8b_clip	pm5__20200905_20200924__0026	/scrfs/storage/yikebe/home/research/AR_Crop_Identification/make_dataset/raw_sentinel/pm5/pm5__20200905_20200924__0026	2020-09-07	715821.00000000,3809139.00000000,716589.00000000,3809907.00000000
train	001665	lower__20200911_160147_20_2235_3B_AnalyticMS_SR_8b_clip	pm5__20200905_20200924__0026	/scrfs/storage/yikebe/home/research/AR_Crop_Identification/make_dataset/raw_sentinel/pm5/pm5__20200905_20200924__0026	2020-09-07	706605.00000000,3808371.00000000,707373.00000000,3809139.00000000
train	001681	lower__20200911_160147_20_2235_3B_AnalyticMS_SR_8b_clip	pm5__20200905_20200924__0026	/scrfs/storage/yikebe/home/research/AR_Crop_Identification/make_dataset/raw_sentinel/pm5/pm5__20200905_20200924__0026	2020-09-07	712749.00000000,3808371.00000000,713517.00000000,3809139.00000000
train	001697	lower__20200911_160147_20_2235_3B_AnalyticMS_SR_8b_clip	pm5__20200905_20200924__0026	/scrfs/storage/yikebe/home/research/AR_Crop_Identification/make_dataset/raw_sentinel/pm5/pm5__20200905_20200924__0026	2020-09-07	713517.00000000,3808371.00000000,714285.00000000,3809139.00000000
train	001713	lower__20200911_160147_20_2235_3B_AnalyticMS_SR_8b_clip	pm5__20200905_20200924__0026	/scrfs/storage/yikebe/home/research/AR_Crop_Identification/make_dataset/raw_sentinel/pm5/pm5__20200905_20200924__0026	2020-09-07	714285.00000000,3808371.00000000,715053.00000000,3809139.00000000
train	001729	lower__20200911_160147_20_2235_3B_AnalyticMS_SR_8b_clip	pm5__20200905_20200924__0026	/scrfs/storage/yikebe/home/research/AR_Crop_Identification/make_dataset/raw_sentinel/pm5/pm5__20200905_20200924__0026	2020-09-07	723501.00000000,3808371.00000000,724269.00000000,3809139.00000000
train	001745	lower__20200911_160147_20_2235_3B_AnalyticMS_SR_8b_clip	pm5__20200905_20200924__0026	/scrfs/storage/yikebe/home/research/AR_Crop_Identification/make_dataset/raw_sentinel/pm5/pm5__20200905_20200924__0026	2020-09-07	724269.00000000,3808371.00000000,725037.00000000,3809139.00000000
train	001761	lower__20200911_160147_20_2235_3B_AnalyticMS_SR_8b_clip	pm5__20200905_20200924__0026	/scrfs/storage/yikebe/home/research/AR_Crop_Identification/make_dataset/raw_sentinel/pm5/pm5__20200905_20200924__0026	2020-09-07	715821.00000000,3806835.00000000,716589.00000000,3807603.00000000
train	001777	lower__20200911_160147_20_2235_3B_AnalyticMS_SR_8b_clip	pm5__20200905_20200924__0026	/scrfs/storage/yikebe/home/research/AR_Crop_Identification/make_dataset/raw_sentinel/pm5/pm5__20200905_20200924__0026	2020-09-07	717357.00000000,3806835.00000000,718125.00000000,3807603.00000000
train	001793	lower__20200911_160147_20_2235_3B_AnalyticMS_SR_8b_clip	pm5__20200905_20200924__0026	/scrfs/storage/yikebe/home/research/AR_Crop_Identification/make_dataset/raw_sentinel/pm5/pm5__20200905_20200924__0026	2020-09-07	721965.00000000,3806835.00000000,722733.00000000,3807603.00000000
train	001809	lower__20200911_160147_20_2235_3B_AnalyticMS_SR_8b_clip	pm5__20200905_20200924__0026	/scrfs/storage/yikebe/home/research/AR_Crop_Identification/make_dataset/raw_sentinel/pm5/pm5__20200905_20200924__0026	2020-09-07	715053.00000000,3806067.00000000,715821.00000000,3806835.00000000
train	001825	lower__20200911_160147_20_2235_3B_AnalyticMS_SR_8b_clip	pm5__20200905_20200924__0026	/scrfs/storage/yikebe/home/research/AR_Crop_Identification/make_dataset/raw_sentinel/pm5/pm5__20200905_20200924__0026	2020-09-07	720429.00000000,3804531.00000000,721197.00000000,3805299.00000000
train	001841	lower__20200911_160147_20_2235_3B_AnalyticMS_SR_8b_clip	pm5__20200905_20200924__0026	/scrfs/storage/yikebe/home/research/AR_Crop_Identification/make_dataset/raw_sentinel/pm5/pm5__20200905_20200924__0026	2020-09-07	721197.00000000,3804531.00000000,721965.00000000,3805299.00000000
train	001857	lower__20200911_160147_20_2235_3B_AnalyticMS_SR_8b_clip	pm5__20200905_20200924__0026	/scrfs/storage/yikebe/home/research/AR_Crop_Identification/make_dataset/raw_sentinel/pm5/pm5__20200905_20200924__0026	2020-09-07	728877.00000000,3804531.00000000,729645.00000000,3805299.00000000
train	001873	lower__20200911_160147_20_2235_3B_AnalyticMS_SR_8b_clip	pm5__20200905_20200924__0026	/scrfs/storage/yikebe/home/research/AR_Crop_Identification/make_dataset/raw_sentinel/pm5/pm5__20200905_20200924__0026	2020-09-07	725037.00000000,3803763.00000000,725805.00000000,3804531.00000000
train	001889	lower__20200911_160147_20_2235_3B_AnalyticMS_SR_8b_clip	pm5__20200905_20200924__0026	/scrfs/storage/yikebe/home/research/AR_Crop_Identification/make_dataset/raw_sentinel/pm5/pm5__20200905_20200924__0026	2020-09-07	726573.00000000,3803763.00000000,727341.00000000,3804531.00000000
train	001905	lower__20200911_160742_90_2277_3B_AnalyticMS_SR_8b_clip	pm5__20200905_20200924__0034	/scrfs/storage/yikebe/home/research/AR_Crop_Identification/make_dataset/raw_sentinel/pm5/pm5__20200905_20200924__0034	2020-09-12	603246.00000000,3710640.00000000,604014.00000000,3711408.00000000
train	001921	lower__20200911_160742_90_2277_3B_AnalyticMS_SR_8b_clip	pm5__20200905_20200924__0034	/scrfs/storage/yikebe/home/research/AR_Crop_Identification/make_dataset/raw_sentinel/pm5/pm5__20200905_20200924__0034	2020-09-12	602478.00000000,3709872.00000000,603246.00000000,3710640.00000000
train	001937	lower__20200911_160742_90_2277_3B_AnalyticMS_SR_8b_clip	pm5__20200905_20200924__0034	/scrfs/storage/yikebe/home/research/AR_Crop_Identification/make_dataset/raw_sentinel/pm5/pm5__20200905_20200924__0034	2020-09-12	604014.00000000,3709872.00000000,604782.00000000,3710640.00000000
train	001953	lower__20200911_160742_90_2277_3B_AnalyticMS_SR_8b_clip	pm5__20200905_20200924__0034	/scrfs/storage/yikebe/home/research/AR_Crop_Identification/make_dataset/raw_sentinel/pm5/pm5__20200905_20200924__0034	2020-09-12	601710.00000000,3709104.00000000,602478.00000000,3709872.00000000
train	001969	lower__20200911_160742_90_2277_3B_AnalyticMS_SR_8b_clip	pm5__20200905_20200924__0034	/scrfs/storage/yikebe/home/research/AR_Crop_Identification/make_dataset/raw_sentinel/pm5/pm5__20200905_20200924__0034	2020-09-12	602478.00000000,3709104.00000000,603246.00000000,3709872.00000000
train	001985	lower__20200911_160742_90_2277_3B_AnalyticMS_SR_8b_clip	pm5__20200905_20200924__0034	/scrfs/storage/yikebe/home/research/AR_Crop_Identification/make_dataset/raw_sentinel/pm5/pm5__20200905_20200924__0034	2020-09-12	603246.00000000,3709104.00000000,604014.00000000,3709872.00000000
train	002001	lower__20200911_160742_90_2277_3B_AnalyticMS_SR_8b_clip	pm5__20200905_20200924__0034	/scrfs/storage/yikebe/home/research/AR_Crop_Identification/make_dataset/raw_sentinel/pm5/pm5__20200905_20200924__0034	2020-09-12	604014.00000000,3709104.00000000,604782.00000000,3709872.00000000
train	002017	lower__20200911_160742_90_2277_3B_AnalyticMS_SR_8b_clip	pm5__20200905_20200924__0034	/scrfs/storage/yikebe/home/research/AR_Crop_Identification/make_dataset/raw_sentinel/pm5/pm5__20200905_20200924__0034	2020-09-12	603246.00000000,3706032.00000000,604014.00000000,3706800.00000000
train	002033	lower__20201112_165358_92_2274_3B_AnalyticMS_SR_8b_clip	pm5__20201105_20201124__0113	/scrfs/storage/yikebe/home/research/AR_Crop_Identification/make_dataset/raw_sentinel/pm5/pm5__20201105_20201124__0113	2020-11-11	697362.00000000,3695613.00000000,698130.00000000,3696381.00000000
train	002049	lower__20201113_160440_88_2278_3B_AnalyticMS_SR_8b_clip	pm5__20201105_20201124__0115	/scrfs/storage/yikebe/home/research/AR_Crop_Identification/make_dataset/raw_sentinel/pm5/pm5__20201105_20201124__0115	2020-11-11	695394.00000000,3720645.00000000,696162.00000000,3721413.00000000
train	002065	lower__20201113_160440_88_2278_3B_AnalyticMS_SR_8b_clip	pm5__20201105_20201124__0115	/scrfs/storage/yikebe/home/research/AR_Crop_Identification/make_dataset/raw_sentinel/pm5/pm5__20201105_20201124__0115	2020-11-11	702306.00000000,3718341.00000000,703074.00000000,3719109.00000000
train	002081	lower__20201113_160440_88_2278_3B_AnalyticMS_SR_8b_clip	pm5__20201105_20201124__0115	/scrfs/storage/yikebe/home/research/AR_Crop_Identification/make_dataset/raw_sentinel/pm5/pm5__20201105_20201124__0115	2020-11-11	708450.00000000,3718341.00000000,709218.00000000,3719109.00000000
train	002097	lower__20201113_160440_88_2278_3B_AnalyticMS_SR_8b_clip	pm5__20201105_20201124__0115	/scrfs/storage/yikebe/home/research/AR_Crop_Identification/make_dataset/raw_sentinel/pm5/pm5__20201105_20201124__0115	2020-11-11	706146.00000000,3714501.00000000,706914.00000000,3715269.00000000
train	002113	lower__20201113_160440_88_2278_3B_AnalyticMS_SR_8b_clip	pm5__20201105_20201124__0115	/scrfs/storage/yikebe/home/research/AR_Crop_Identification/make_dataset/raw_sentinel/pm5/pm5__20201105_20201124__0115	2020-11-11	706914.00000000,3714501.00000000,707682.00000000,3715269.00000000
train	002129	lower__20201113_160440_88_2278_3B_AnalyticMS_SR_8b_clip	pm5__20201105_20201124__0115	/scrfs/storage/yikebe/home/research/AR_Crop_Identification/make_dataset/raw_sentinel/pm5/pm5__20201105_20201124__0115	2020-11-11	707682.00000000,3712197.00000000,708450.00000000,3712965.00000000
train	002145	lower__20201113_160440_88_2278_3B_AnalyticMS_SR_8b_clip	pm5__20201105_20201124__0115	/scrfs/storage/yikebe/home/research/AR_Crop_Identification/make_dataset/raw_sentinel/pm5/pm5__20201105_20201124__0115	2020-11-11	704610.00000000,3710661.00000000,705378.00000000,3711429.00000000
train	002161	lower__20201113_160440_88_2278_3B_AnalyticMS_SR_8b_clip	pm5__20201105_20201124__0115	/scrfs/storage/yikebe/home/research/AR_Crop_Identification/make_dataset/raw_sentinel/pm5/pm5__20201105_20201124__0115	2020-11-11	720738.00000000,3710661.00000000,721506.00000000,3711429.00000000
train	002177	lower__20201113_160440_88_2278_3B_AnalyticMS_SR_8b_clip	pm5__20201105_20201124__0115	/scrfs/storage/yikebe/home/research/AR_Crop_Identification/make_dataset/raw_sentinel/pm5/pm5__20201105_20201124__0115	2020-11-11	703074.00000000,3709893.00000000,703842.00000000,3710661.00000000
train	002193	lower__20201113_160440_88_2278_3B_AnalyticMS_SR_8b_clip	pm5__20201105_20201124__0115	/scrfs/storage/yikebe/home/research/AR_Crop_Identification/make_dataset/raw_sentinel/pm5/pm5__20201105_20201124__0115	2020-11-11	704610.00000000,3709893.00000000,705378.00000000,3710661.00000000
train	002209	lower__20201113_160440_88_2278_3B_AnalyticMS_SR_8b_clip	pm5__20201105_20201124__0115	/scrfs/storage/yikebe/home/research/AR_Crop_Identification/make_dataset/raw_sentinel/pm5/pm5__20201105_20201124__0115	2020-11-11	705378.00000000,3709893.00000000,706146.00000000,3710661.00000000
train	002225	lower__20201113_160440_88_2278_3B_AnalyticMS_SR_8b_clip	pm5__20201105_20201124__0115	/scrfs/storage/yikebe/home/research/AR_Crop_Identification/make_dataset/raw_sentinel/pm5/pm5__20201105_20201124__0115	2020-11-11	713826.00000000,3709893.00000000,714594.00000000,3710661.00000000
train	002241	lower__20201113_160440_88_2278_3B_AnalyticMS_SR_8b_clip	pm5__20201105_20201124__0115	/scrfs/storage/yikebe/home/research/AR_Crop_Identification/make_dataset/raw_sentinel/pm5/pm5__20201105_20201124__0115	2020-11-11	704610.00000000,3709125.00000000,705378.00000000,3709893.00000000
train	002257	lower__20201113_160440_88_2278_3B_AnalyticMS_SR_8b_clip	pm5__20201105_20201124__0115	/scrfs/storage/yikebe/home/research/AR_Crop_Identification/make_dataset/raw_sentinel/pm5/pm5__20201105_20201124__0115	2020-11-11	705378.00000000,3709125.00000000,706146.00000000,3709893.00000000
train	002273	lower__20201113_160440_88_2278_3B_AnalyticMS_SR_8b_clip	pm5__20201105_20201124__0115	/scrfs/storage/yikebe/home/research/AR_Crop_Identification/make_dataset/raw_sentinel/pm5/pm5__20201105_20201124__0115	2020-11-11	703842.00000000,3708357.00000000,704610.00000000,3709125.00000000
train	002289	lower__20201113_160440_88_2278_3B_AnalyticMS_SR_8b_clip	pm5__20201105_20201124__0115	/scrfs/storage/yikebe/home/research/AR_Crop_Identification/make_dataset/raw_sentinel/pm5/pm5__20201105_20201124__0115	2020-11-11	713826.00000000,3708357.00000000,714594.00000000,3709125.00000000
train	002305	lower__20201113_160440_88_2278_3B_AnalyticMS_SR_8b_clip	pm5__20201105_20201124__0115	/scrfs/storage/yikebe/home/research/AR_Crop_Identification/make_dataset/raw_sentinel/pm5/pm5__20201105_20201124__0115	2020-11-11	701538.00000000,3707589.00000000,702306.00000000,3708357.00000000
train	002321	lower__20201113_160440_88_2278_3B_AnalyticMS_SR_8b_clip	pm5__20201105_20201124__0115	/scrfs/storage/yikebe/home/research/AR_Crop_Identification/make_dataset/raw_sentinel/pm5/pm5__20201105_20201124__0115	2020-11-11	713058.00000000,3707589.00000000,713826.00000000,3708357.00000000
train	002337	lower__20201113_160440_88_2278_3B_AnalyticMS_SR_8b_clip	pm5__20201105_20201124__0115	/scrfs/storage/yikebe/home/research/AR_Crop_Identification/make_dataset/raw_sentinel/pm5/pm5__20201105_20201124__0115	2020-11-11	700770.00000000,3706821.00000000,701538.00000000,3707589.00000000
train	002353	lower__20201113_160440_88_2278_3B_AnalyticMS_SR_8b_clip	pm5__20201105_20201124__0115	/scrfs/storage/yikebe/home/research/AR_Crop_Identification/make_dataset/raw_sentinel/pm5/pm5__20201105_20201124__0115	2020-11-11	713058.00000000,3706821.00000000,713826.00000000,3707589.00000000
train	002369	lower__20201113_160440_88_2278_3B_AnalyticMS_SR_8b_clip	pm5__20201105_20201124__0115	/scrfs/storage/yikebe/home/research/AR_Crop_Identification/make_dataset/raw_sentinel/pm5/pm5__20201105_20201124__0115	2020-11-11	700770.00000000,3706053.00000000,701538.00000000,3706821.00000000
train	002385	lower__20201113_160440_88_2278_3B_AnalyticMS_SR_8b_clip	pm5__20201105_20201124__0115	/scrfs/storage/yikebe/home/research/AR_Crop_Identification/make_dataset/raw_sentinel/pm5/pm5__20201105_20201124__0115	2020-11-11	701538.00000000,3706053.00000000,702306.00000000,3706821.00000000
train	002401	lower__20201113_160440_88_2278_3B_AnalyticMS_SR_8b_clip	pm5__20201105_20201124__0115	/scrfs/storage/yikebe/home/research/AR_Crop_Identification/make_dataset/raw_sentinel/pm5/pm5__20201105_20201124__0115	2020-11-11	715362.00000000,3706053.00000000,716130.00000000,3706821.00000000
train	002417	lower__20201113_160440_88_2278_3B_AnalyticMS_SR_8b_clip	pm5__20201105_20201124__0115	/scrfs/storage/yikebe/home/research/AR_Crop_Identification/make_dataset/raw_sentinel/pm5/pm5__20201105_20201124__0115	2020-11-11	722274.00000000,3706053.00000000,723042.00000000,3706821.00000000
train	002433	lower__20201113_160440_88_2278_3B_AnalyticMS_SR_8b_clip	pm5__20201105_20201124__0115	/scrfs/storage/yikebe/home/research/AR_Crop_Identification/make_dataset/raw_sentinel/pm5/pm5__20201105_20201124__0115	2020-11-11	700770.00000000,3705285.00000000,701538.00000000,3706053.00000000
train	002449	lower__20201113_160440_88_2278_3B_AnalyticMS_SR_8b_clip	pm5__20201105_20201124__0115	/scrfs/storage/yikebe/home/research/AR_Crop_Identification/make_dataset/raw_sentinel/pm5/pm5__20201105_20201124__0115	2020-11-11	713058.00000000,3705285.00000000,713826.00000000,3706053.00000000
train	002465	lower__20201113_160440_88_2278_3B_AnalyticMS_SR_8b_clip	pm5__20201105_20201124__0115	/scrfs/storage/yikebe/home/research/AR_Crop_Identification/make_dataset/raw_sentinel/pm5/pm5__20201105_20201124__0115	2020-11-11	721506.00000000,3705285.00000000,722274.00000000,3706053.00000000
train	002481	lower__20201113_160440_88_2278_3B_AnalyticMS_SR_8b_clip	pm5__20201105_20201124__0115	/scrfs/storage/yikebe/home/research/AR_Crop_Identification/make_dataset/raw_sentinel/pm5/pm5__20201105_20201124__0115	2020-11-11	700770.00000000,3704517.00000000,701538.00000000,3705285.00000000
train	002497	lower__20201113_160440_88_2278_3B_AnalyticMS_SR_8b_clip	pm5__20201105_20201124__0115	/scrfs/storage/yikebe/home/research/AR_Crop_Identification/make_dataset/raw_sentinel/pm5/pm5__20201105_20201124__0115	2020-11-11	711522.00000000,3704517.00000000,712290.00000000,3705285.00000000
train	002513	lower__20201113_160440_88_2278_3B_AnalyticMS_SR_8b_clip	pm5__20201105_20201124__0115	/scrfs/storage/yikebe/home/research/AR_Crop_Identification/make_dataset/raw_sentinel/pm5/pm5__20201105_20201124__0115	2020-11-11	713058.00000000,3704517.00000000,713826.00000000,3705285.00000000
train	002529	lower__20201113_160440_88_2278_3B_AnalyticMS_SR_8b_clip	pm5__20201105_20201124__0115	/scrfs/storage/yikebe/home/research/AR_Crop_Identification/make_dataset/raw_sentinel/pm5/pm5__20201105_20201124__0115	2020-11-11	700770.00000000,3703749.00000000,701538.00000000,3704517.00000000
train	002545	lower__20201113_160440_88_2278_3B_AnalyticMS_SR_8b_clip	pm5__20201105_20201124__0115	/scrfs/storage/yikebe/home/research/AR_Crop_Identification/make_dataset/raw_sentinel/pm5/pm5__20201105_20201124__0115	2020-11-11	701538.00000000,3703749.00000000,702306.00000000,3704517.00000000
train	002561	lower__20201113_160440_88_2278_3B_AnalyticMS_SR_8b_clip	pm5__20201105_20201124__0115	/scrfs/storage/yikebe/home/research/AR_Crop_Identification/make_dataset/raw_sentinel/pm5/pm5__20201105_20201124__0115	2020-11-11	712290.00000000,3703749.00000000,713058.00000000,3704517.00000000
train	002577	lower__20201113_160440_88_2278_3B_AnalyticMS_SR_8b_clip	pm5__20201105_20201124__0115	/scrfs/storage/yikebe/home/research/AR_Crop_Identification/make_dataset/raw_sentinel/pm5/pm5__20201105_20201124__0115	2020-11-11	713058.00000000,3703749.00000000,713826.00000000,3704517.00000000
train	002593	lower__20201113_160440_88_2278_3B_AnalyticMS_SR_8b_clip	pm5__20201105_20201124__0115	/scrfs/storage/yikebe/home/research/AR_Crop_Identification/make_dataset/raw_sentinel/pm5/pm5__20201105_20201124__0115	2020-11-11	696930.00000000,3702981.00000000,697698.00000000,3703749.00000000
train	002609	lower__20201113_160440_88_2278_3B_AnalyticMS_SR_8b_clip	pm5__20201105_20201124__0115	/scrfs/storage/yikebe/home/research/AR_Crop_Identification/make_dataset/raw_sentinel/pm5/pm5__20201105_20201124__0115	2020-11-11	701538.00000000,3702213.00000000,702306.00000000,3702981.00000000
train	002625	lower__20201113_160440_88_2278_3B_AnalyticMS_SR_8b_clip	pm5__20201105_20201124__0115	/scrfs/storage/yikebe/home/research/AR_Crop_Identification/make_dataset/raw_sentinel/pm5/pm5__20201105_20201124__0115	2020-11-11	701538.00000000,3701445.00000000,702306.00000000,3702213.00000000
train	002641	lower__20201113_160440_88_2278_3B_AnalyticMS_SR_8b_clip	pm5__20201105_20201124__0115	/scrfs/storage/yikebe/home/research/AR_Crop_Identification/make_dataset/raw_sentinel/pm5/pm5__20201105_20201124__0115	2020-11-11	710754.00000000,3700677.00000000,711522.00000000,3701445.00000000
train	002657	lower__20201113_160440_88_2278_3B_AnalyticMS_SR_8b_clip	pm5__20201105_20201124__0115	/scrfs/storage/yikebe/home/research/AR_Crop_Identification/make_dataset/raw_sentinel/pm5/pm5__20201105_20201124__0115	2020-11-11	714594.00000000,3699909.00000000,715362.00000000,3700677.00000000
train	002673	lower__20201113_160440_88_2278_3B_AnalyticMS_SR_8b_clip	pm5__20201105_20201124__0115	/scrfs/storage/yikebe/home/research/AR_Crop_Identification/make_dataset/raw_sentinel/pm5/pm5__20201105_20201124__0115	2020-11-11	715362.00000000,3699909.00000000,716130.00000000,3700677.00000000
train	002689	lower__20201113_160440_88_2278_3B_AnalyticMS_SR_8b_clip	pm5__20201105_20201124__0115	/scrfs/storage/yikebe/home/research/AR_Crop_Identification/make_dataset/raw_sentinel/pm5/pm5__20201105_20201124__0115	2020-11-11	713826.00000000,3699141.00000000,714594.00000000,3699909.00000000
val	000001	lower__20201115_155854_69_2212_3B_AnalyticMS_SR_8b_clip	pm5__20201105_20201124__0133	/scrfs/storage/yikebe/home/research/AR_Crop_Identification/make_dataset/raw_sentinel/pm5/pm5__20201105_20201124__0133	2020-11-11	739044.00000000,3843408.00000000,739812.00000000,3844176.00000000
val	000017	lower__20201115_155854_69_2212_3B_AnalyticMS_SR_8b_clip	pm5__20201105_20201124__0133	/scrfs/storage/yikebe/home/research/AR_Crop_Identification/make_dataset/raw_sentinel/pm5/pm5__20201105_20201124__0133	2020-11-11	749028.00000000,3841104.00000000,749796.00000000,3841872.00000000
val	000033	lower__20201115_155854_69_2212_3B_AnalyticMS_SR_8b_clip	pm5__20201105_20201124__0133	/scrfs/storage/yikebe/home/research/AR_Crop_Identification/make_dataset/raw_sentinel/pm5/pm5__20201105_20201124__0133	2020-11-11	749796.00000000,3841104.00000000,750564.00000000,3841872.00000000
val	000049	lower__20201115_155854_69_2212_3B_AnalyticMS_SR_8b_clip	pm5__20201105_20201124__0133	/scrfs/storage/yikebe/home/research/AR_Crop_Identification/make_dataset/raw_sentinel/pm5/pm5__20201105_20201124__0133	2020-11-11	745956.00000000,3840336.00000000,746724.00000000,3841104.00000000
val	000065	lower__20201115_155854_69_2212_3B_AnalyticMS_SR_8b_clip	pm5__20201105_20201124__0133	/scrfs/storage/yikebe/home/research/AR_Crop_Identification/make_dataset/raw_sentinel/pm5/pm5__20201105_20201124__0133	2020-11-11	742116.00000000,3839568.00000000,742884.00000000,3840336.00000000
val	000081	lower__20201115_155854_69_2212_3B_AnalyticMS_SR_8b_clip	pm5__20201105_20201124__0133	/scrfs/storage/yikebe/home/research/AR_Crop_Identification/make_dataset/raw_sentinel/pm5/pm5__20201105_20201124__0133	2020-11-11	745956.00000000,3839568.00000000,746724.00000000,3840336.00000000
val	000097	lower__20201115_155854_69_2212_3B_AnalyticMS_SR_8b_clip	pm5__20201105_20201124__0133	/scrfs/storage/yikebe/home/research/AR_Crop_Identification/make_dataset/raw_sentinel/pm5/pm5__20201105_20201124__0133	2020-11-11	747492.00000000,3839568.00000000,748260.00000000,3840336.00000000
val	000113	lower__20201115_155854_69_2212_3B_AnalyticMS_SR_8b_clip	pm5__20201105_20201124__0133	/scrfs/storage/yikebe/home/research/AR_Crop_Identification/make_dataset/raw_sentinel/pm5/pm5__20201105_20201124__0133	2020-11-11	749796.00000000,3839568.00000000,750564.00000000,3840336.00000000
val	000129	lower__20201115_155854_69_2212_3B_AnalyticMS_SR_8b_clip	pm5__20201105_20201124__0133	/scrfs/storage/yikebe/home/research/AR_Crop_Identification/make_dataset/raw_sentinel/pm5/pm5__20201105_20201124__0133	2020-11-11	750564.00000000,3839568.00000000,751332.00000000,3840336.00000000
val	000145	lower__20201115_155854_69_2212_3B_AnalyticMS_SR_8b_clip	pm5__20201105_20201124__0133	/scrfs/storage/yikebe/home/research/AR_Crop_Identification/make_dataset/raw_sentinel/pm5/pm5__20201105_20201124__0133	2020-11-11	749028.00000000,3838800.00000000,749796.00000000,3839568.00000000
val	000161	lower__20201115_155854_69_2212_3B_AnalyticMS_SR_8b_clip	pm5__20201105_20201124__0133	/scrfs/storage/yikebe/home/research/AR_Crop_Identification/make_dataset/raw_sentinel/pm5/pm5__20201105_20201124__0133	2020-11-11	749796.00000000,3838800.00000000,750564.00000000,3839568.00000000
val	000177	lower__20201115_155854_69_2212_3B_AnalyticMS_SR_8b_clip	pm5__20201105_20201124__0133	/scrfs/storage/yikebe/home/research/AR_Crop_Identification/make_dataset/raw_sentinel/pm5/pm5__20201105_20201124__0133	2020-11-11	750564.00000000,3838800.00000000,751332.00000000,3839568.00000000
val	000193	lower__20201115_155854_69_2212_3B_AnalyticMS_SR_8b_clip	pm5__20201105_20201124__0133	/scrfs/storage/yikebe/home/research/AR_Crop_Identification/make_dataset/raw_sentinel/pm5/pm5__20201105_20201124__0133	2020-11-11	744420.00000000,3838032.00000000,745188.00000000,3838800.00000000
val	000209	lower__20201115_155854_69_2212_3B_AnalyticMS_SR_8b_clip	pm5__20201105_20201124__0133	/scrfs/storage/yikebe/home/research/AR_Crop_Identification/make_dataset/raw_sentinel/pm5/pm5__20201105_20201124__0133	2020-11-11	749028.00000000,3838032.00000000,749796.00000000,3838800.00000000
val	000225	lower__20201115_155854_69_2212_3B_AnalyticMS_SR_8b_clip	pm5__20201105_20201124__0133	/scrfs/storage/yikebe/home/research/AR_Crop_Identification/make_dataset/raw_sentinel/pm5/pm5__20201105_20201124__0133	2020-11-11	749028.00000000,3837264.00000000,749796.00000000,3838032.00000000
val	000241	lower__20201115_155854_69_2212_3B_AnalyticMS_SR_8b_clip	pm5__20201105_20201124__0133	/scrfs/storage/yikebe/home/research/AR_Crop_Identification/make_dataset/raw_sentinel/pm5/pm5__20201105_20201124__0133	2020-11-11	734436.00000000,3836496.00000000,735204.00000000,3837264.00000000
val	000257	lower__20201115_155854_69_2212_3B_AnalyticMS_SR_8b_clip	pm5__20201105_20201124__0133	/scrfs/storage/yikebe/home/research/AR_Crop_Identification/make_dataset/raw_sentinel/pm5/pm5__20201105_20201124__0133	2020-11-11	743652.00000000,3835728.00000000,744420.00000000,3836496.00000000
val	000273	lower__20201115_155854_69_2212_3B_AnalyticMS_SR_8b_clip	pm5__20201105_20201124__0133	/scrfs/storage/yikebe/home/research/AR_Crop_Identification/make_dataset/raw_sentinel/pm5/pm5__20201105_20201124__0133	2020-11-11	734436.00000000,3833424.00000000,735204.00000000,3834192.00000000
val	000289	lower__20201115_155854_69_2212_3B_AnalyticMS_SR_8b_clip	pm5__20201105_20201124__0133	/scrfs/storage/yikebe/home/research/AR_Crop_Identification/make_dataset/raw_sentinel/pm5/pm5__20201105_20201124__0133	2020-11-11	747492.00000000,3831120.00000000,748260.00000000,3831888.00000000
val	000305	lower__20201115_155854_69_2212_3B_AnalyticMS_SR_8b_clip	pm5__20201105_20201124__0133	/scrfs/storage/yikebe/home/research/AR_Crop_Identification/make_dataset/raw_sentinel/pm5/pm5__20201105_20201124__0133	2020-11-11	747492.00000000,3829584.00000000,748260.00000000,3830352.00000000
val	000321	lower__20201115_155854_69_2212_3B_AnalyticMS_SR_8b_clip	pm5__20201105_20201124__0133	/scrfs/storage/yikebe/home/research/AR_Crop_Identification/make_dataset/raw_sentinel/pm5/pm5__20201105_20201124__0133	2020-11-11	749796.00000000,3828816.00000000,750564.00000000,3829584.00000000
val	000337	lower__20201115_155854_69_2212_3B_AnalyticMS_SR_8b_clip	pm5__20201105_20201124__0133	/scrfs/storage/yikebe/home/research/AR_Crop_Identification/make_dataset/raw_sentinel/pm5/pm5__20201105_20201124__0133	2020-11-11	735204.00000000,3826512.00000000,735972.00000000,3827280.00000000
val	000353	lower__20201115_155854_69_2212_3B_AnalyticMS_SR_8b_clip	pm5__20201105_20201124__0133	/scrfs/storage/yikebe/home/research/AR_Crop_Identification/make_dataset/raw_sentinel/pm5/pm5__20201105_20201124__0133	2020-11-11	741348.00000000,3824208.00000000,742116.00000000,3824976.00000000
val	000369	lower__20201115_161003_49_2233_3B_AnalyticMS_SR_8b_clip	pm5__20201105_20201124__0053	/scrfs/storage/yikebe/home/research/AR_Crop_Identification/make_dataset/raw_sentinel/pm5/pm5__20201105_20201124__0053	2020-11-19	582759.00000000,3807696.00000000,583527.00000000,3808464.00000000
train	002705	lower__20201115_165503_29_2254_3B_AnalyticMS_SR_8b_clip	pm5__20201105_20201124__0093	/scrfs/storage/yikebe/home/research/AR_Crop_Identification/make_dataset/raw_sentinel/pm5/pm5__20201105_20201124__0093	2020-11-14	644037.00000000,3692463.00000000,644805.00000000,3693231.00000000
train	002721	lower__20201115_165503_29_2254_3B_AnalyticMS_SR_8b_clip	pm5__20201105_20201124__0093	/scrfs/storage/yikebe/home/research/AR_Crop_Identification/make_dataset/raw_sentinel/pm5/pm5__20201105_20201124__0093	2020-11-14	644805.00000000,3692463.00000000,645573.00000000,3693231.00000000
train	002737	lower__20201115_165503_29_2254_3B_AnalyticMS_SR_8b_clip	pm5__20201105_20201124__0093	/scrfs/storage/yikebe/home/research/AR_Crop_Identification/make_dataset/raw_sentinel/pm5/pm5__20201105_20201124__0093	2020-11-14	654021.00000000,3691695.00000000,654789.00000000,3692463.00000000
train	002753	lower__20201116_160030_62_2206_3B_AnalyticMS_SR_8b_clip	pm5__20201105_20201124__0110	/scrfs/storage/yikebe/home/research/AR_Crop_Identification/make_dataset/raw_sentinel/pm5/pm5__20201105_20201124__0110	2020-11-19	689781.00000000,3846981.00000000,690549.00000000,3847749.00000000
train	002769	lower__20201116_160030_62_2206_3B_AnalyticMS_SR_8b_clip	pm5__20201105_20201124__0110	/scrfs/storage/yikebe/home/research/AR_Crop_Identification/make_dataset/raw_sentinel/pm5/pm5__20201105_20201124__0110	2020-11-19	692853.00000000,3846213.00000000,693621.00000000,3846981.00000000
train	002785	lower__20201116_160030_62_2206_3B_AnalyticMS_SR_8b_clip	pm5__20201105_20201124__0110	/scrfs/storage/yikebe/home/research/AR_Crop_Identification/make_dataset/raw_sentinel/pm5/pm5__20201105_20201124__0110	2020-11-19	690549.00000000,3844677.00000000,691317.00000000,3845445.00000000
train	002801	lower__20201116_160030_62_2206_3B_AnalyticMS_SR_8b_clip	pm5__20201105_20201124__0110	/scrfs/storage/yikebe/home/research/AR_Crop_Identification/make_dataset/raw_sentinel/pm5/pm5__20201105_20201124__0110	2020-11-19	688245.00000000,3838533.00000000,689013.00000000,3839301.00000000
train	002817	lower__20201116_160030_62_2206_3B_AnalyticMS_SR_8b_clip	pm5__20201105_20201124__0110	/scrfs/storage/yikebe/home/research/AR_Crop_Identification/make_dataset/raw_sentinel/pm5/pm5__20201105_20201124__0110	2020-11-19	688245.00000000,3836229.00000000,689013.00000000,3836997.00000000
train	002833	lower__20201116_160030_62_2206_3B_AnalyticMS_SR_8b_clip	pm5__20201105_20201124__0110	/scrfs/storage/yikebe/home/research/AR_Crop_Identification/make_dataset/raw_sentinel/pm5/pm5__20201105_20201124__0110	2020-11-19	689013.00000000,3836229.00000000,689781.00000000,3836997.00000000
train	002849	lower__20201116_160030_62_2206_3B_AnalyticMS_SR_8b_clip	pm5__20201105_20201124__0110	/scrfs/storage/yikebe/home/research/AR_Crop_Identification/make_dataset/raw_sentinel/pm5/pm5__20201105_20201124__0110	2020-11-19	682869.00000000,3835461.00000000,683637.00000000,3836229.00000000
train	002865	lower__20201116_160030_62_2206_3B_AnalyticMS_SR_8b_clip	pm5__20201105_20201124__0110	/scrfs/storage/yikebe/home/research/AR_Crop_Identification/make_dataset/raw_sentinel/pm5/pm5__20201105_20201124__0110	2020-11-19	683637.00000000,3835461.00000000,684405.00000000,3836229.00000000
train	002881	lower__20201116_160030_62_2206_3B_AnalyticMS_SR_8b_clip	pm5__20201105_20201124__0110	/scrfs/storage/yikebe/home/research/AR_Crop_Identification/make_dataset/raw_sentinel/pm5/pm5__20201105_20201124__0110	2020-11-19	684405.00000000,3835461.00000000,685173.00000000,3836229.00000000
train	002897	lower__20201116_160030_62_2206_3B_AnalyticMS_SR_8b_clip	pm5__20201105_20201124__0110	/scrfs/storage/yikebe/home/research/AR_Crop_Identification/make_dataset/raw_sentinel/pm5/pm5__20201105_20201124__0110	2020-11-19	687477.00000000,3834693.00000000,688245.00000000,3835461.00000000
train	002913	lower__20201116_160030_62_2206_3B_AnalyticMS_SR_8b_clip	pm5__20201105_20201124__0110	/scrfs/storage/yikebe/home/research/AR_Crop_Identification/make_dataset/raw_sentinel/pm5/pm5__20201105_20201124__0110	2020-11-19	688245.00000000,3834693.00000000,689013.00000000,3835461.00000000
train	002929	lower__20201116_160030_62_2206_3B_AnalyticMS_SR_8b_clip	pm5__20201105_20201124__0110	/scrfs/storage/yikebe/home/research/AR_Crop_Identification/make_dataset/raw_sentinel/pm5/pm5__20201105_20201124__0110	2020-11-19	685173.00000000,3833925.00000000,685941.00000000,3834693.00000000
train	002945	lower__20201116_160030_62_2206_3B_AnalyticMS_SR_8b_clip	pm5__20201105_20201124__0110	/scrfs/storage/yikebe/home/research/AR_Crop_Identification/make_dataset/raw_sentinel/pm5/pm5__20201105_20201124__0110	2020-11-19	675957.00000000,3832389.00000000,676725.00000000,3833157.00000000
train	002961	lower__20201116_160427_12_220b_3B_AnalyticMS_SR_8b_clip	pm5__20201105_20201124__0082	/scrfs/storage/yikebe/home/research/AR_Crop_Identification/make_dataset/raw_sentinel/pm5/pm5__20201105_20201124__0082	2020-11-19	630999.00000000,3843351.00000000,631767.00000000,3844119.00000000
train	002977	lower__20201116_160427_12_220b_3B_AnalyticMS_SR_8b_clip	pm5__20201105_20201124__0082	/scrfs/storage/yikebe/home/research/AR_Crop_Identification/make_dataset/raw_sentinel/pm5/pm5__20201105_20201124__0082	2020-11-19	636375.00000000,3841815.00000000,637143.00000000,3842583.00000000
train	002993	lower__20201116_160427_12_220b_3B_AnalyticMS_SR_8b_clip	pm5__20201105_20201124__0082	/scrfs/storage/yikebe/home/research/AR_Crop_Identification/make_dataset/raw_sentinel/pm5/pm5__20201105_20201124__0082	2020-11-19	627927.00000000,3839511.00000000,628695.00000000,3840279.00000000
train	003009	lower__20201116_160427_12_220b_3B_AnalyticMS_SR_8b_clip	pm5__20201105_20201124__0082	/scrfs/storage/yikebe/home/research/AR_Crop_Identification/make_dataset/raw_sentinel/pm5/pm5__20201105_20201124__0082	2020-11-19	633303.00000000,3837975.00000000,634071.00000000,3838743.00000000
train	003025	lower__20201116_160427_12_220b_3B_AnalyticMS_SR_8b_clip	pm5__20201105_20201124__0082	/scrfs/storage/yikebe/home/research/AR_Crop_Identification/make_dataset/raw_sentinel/pm5/pm5__20201105_20201124__0082	2020-11-19	627927.00000000,3834903.00000000,628695.00000000,3835671.00000000
train	003041	lower__20201116_160427_12_220b_3B_AnalyticMS_SR_8b_clip	pm5__20201105_20201124__0082	/scrfs/storage/yikebe/home/research/AR_Crop_Identification/make_dataset/raw_sentinel/pm5/pm5__20201105_20201124__0082	2020-11-19	633303.00000000,3834903.00000000,634071.00000000,3835671.00000000
train	003057	lower__20201116_160427_12_220b_3B_AnalyticMS_SR_8b_clip	pm5__20201105_20201124__0082	/scrfs/storage/yikebe/home/research/AR_Crop_Identification/make_dataset/raw_sentinel/pm5/pm5__20201105_20201124__0082	2020-11-19	645591.00000000,3834903.00000000,646359.00000000,3835671.00000000
train	003073	lower__20201116_160427_12_220b_3B_AnalyticMS_SR_8b_clip	pm5__20201105_20201124__0082	/scrfs/storage/yikebe/home/research/AR_Crop_Identification/make_dataset/raw_sentinel/pm5/pm5__20201105_20201124__0082	2020-11-19	624855.00000000,3834135.00000000,625623.00000000,3834903.00000000
train	003089	lower__20201116_160427_12_220b_3B_AnalyticMS_SR_8b_clip	pm5__20201105_20201124__0082	/scrfs/storage/yikebe/home/research/AR_Crop_Identification/make_dataset/raw_sentinel/pm5/pm5__20201105_20201124__0082	2020-11-19	633303.00000000,3834135.00000000,634071.00000000,3834903.00000000
train	003105	lower__20201116_160427_12_220b_3B_AnalyticMS_SR_8b_clip	pm5__20201105_20201124__0082	/scrfs/storage/yikebe/home/research/AR_Crop_Identification/make_dataset/raw_sentinel/pm5/pm5__20201105_20201124__0082	2020-11-19	645591.00000000,3833367.00000000,646359.00000000,3834135.00000000
train	003121	lower__20201116_160427_12_220b_3B_AnalyticMS_SR_8b_clip	pm5__20201105_20201124__0082	/scrfs/storage/yikebe/home/research/AR_Crop_Identification/make_dataset/raw_sentinel/pm5/pm5__20201105_20201124__0082	2020-11-19	629463.00000000,3832599.00000000,630231.00000000,3833367.00000000
train	003137	lower__20201116_160427_12_220b_3B_AnalyticMS_SR_8b_clip	pm5__20201105_20201124__0082	/scrfs/storage/yikebe/home/research/AR_Crop_Identification/make_dataset/raw_sentinel/pm5/pm5__20201105_20201124__0082	2020-11-19	634071.00000000,3832599.00000000,634839.00000000,3833367.00000000
train	003153	lower__20201116_160427_12_220b_3B_AnalyticMS_SR_8b_clip	pm5__20201105_20201124__0082	/scrfs/storage/yikebe/home/research/AR_Crop_Identification/make_dataset/raw_sentinel/pm5/pm5__20201105_20201124__0082	2020-11-19	634071.00000000,3829527.00000000,634839.00000000,3830295.00000000
train	003169	lower__20201116_160427_12_220b_3B_AnalyticMS_SR_8b_clip	pm5__20201105_20201124__0082	/scrfs/storage/yikebe/home/research/AR_Crop_Identification/make_dataset/raw_sentinel/pm5/pm5__20201105_20201124__0082	2020-11-19	634839.00000000,3829527.00000000,635607.00000000,3830295.00000000
train	003185	lower__20201116_160427_12_220b_3B_AnalyticMS_SR_8b_clip	pm5__20201105_20201124__0082	/scrfs/storage/yikebe/home/research/AR_Crop_Identification/make_dataset/raw_sentinel/pm5/pm5__20201105_20201124__0082	2020-11-19	624087.00000000,3827991.00000000,624855.00000000,3828759.00000000
train	003201	lower__20201116_160427_12_220b_3B_AnalyticMS_SR_8b_clip	pm5__20201105_20201124__0082	/scrfs/storage/yikebe/home/research/AR_Crop_Identification/make_dataset/raw_sentinel/pm5/pm5__20201105_20201124__0082	2020-11-19	644055.00000000,3827991.00000000,644823.00000000,3828759.00000000
train	003217	lower__20201116_160427_12_220b_3B_AnalyticMS_SR_8b_clip	pm5__20201105_20201124__0082	/scrfs/storage/yikebe/home/research/AR_Crop_Identification/make_dataset/raw_sentinel/pm5/pm5__20201105_20201124__0082	2020-11-19	634071.00000000,3826455.00000000,634839.00000000,3827223.00000000
train	003233	lower__20201116_160427_12_220b_3B_AnalyticMS_SR_8b_clip	pm5__20201105_20201124__0082	/scrfs/storage/yikebe/home/research/AR_Crop_Identification/make_dataset/raw_sentinel/pm5/pm5__20201105_20201124__0082	2020-11-19	627927.00000000,3825687.00000000,628695.00000000,3826455.00000000
train	003249	lower__20201116_160427_12_220b_3B_AnalyticMS_SR_8b_clip	pm5__20201105_20201124__0082	/scrfs/storage/yikebe/home/research/AR_Crop_Identification/make_dataset/raw_sentinel/pm5/pm5__20201105_20201124__0082	2020-11-19	634839.00000000,3824151.00000000,635607.00000000,3824919.00000000
train	003265	lower__20201116_160427_12_220b_3B_AnalyticMS_SR_8b_clip	pm5__20201105_20201124__0082	/scrfs/storage/yikebe/home/research/AR_Crop_Identification/make_dataset/raw_sentinel/pm5/pm5__20201105_20201124__0082	2020-11-19	637911.00000000,3824151.00000000,638679.00000000,3824919.00000000
train	003281	lower__20201116_160427_12_220b_3B_AnalyticMS_SR_8b_clip	pm5__20201105_20201124__0082	/scrfs/storage/yikebe/home/research/AR_Crop_Identification/make_dataset/raw_sentinel/pm5/pm5__20201105_20201124__0082	2020-11-19	637143.00000000,3823383.00000000,637911.00000000,3824151.00000000
train	003297	lower__20201116_160427_12_220b_3B_AnalyticMS_SR_8b_clip	pm5__20201105_20201124__0082	/scrfs/storage/yikebe/home/research/AR_Crop_Identification/make_dataset/raw_sentinel/pm5/pm5__20201105_20201124__0082	2020-11-19	644055.00000000,3823383.00000000,644823.00000000,3824151.00000000
train	003313	lower__20201116_160427_12_220b_3B_AnalyticMS_SR_8b_clip	pm5__20201105_20201124__0082	/scrfs/storage/yikebe/home/research/AR_Crop_Identification/make_dataset/raw_sentinel/pm5/pm5__20201105_20201124__0082	2020-11-19	644823.00000000,3823383.00000000,645591.00000000,3824151.00000000
train	003329	lower__20201116_160427_12_220b_3B_AnalyticMS_SR_8b_clip	pm5__20201105_20201124__0082	/scrfs/storage/yikebe/home/research/AR_Crop_Identification/make_dataset/raw_sentinel/pm5/pm5__20201105_20201124__0082	2020-11-19	645591.00000000,3823383.00000000,646359.00000000,3824151.00000000
train	003345	lower__20201116_160427_12_220b_3B_AnalyticMS_SR_8b_clip	pm5__20201105_20201124__0082	/scrfs/storage/yikebe/home/research/AR_Crop_Identification/make_dataset/raw_sentinel/pm5/pm5__20201105_20201124__0082	2020-11-19	646359.00000000,3822615.00000000,647127.00000000,3823383.00000000
train	003361	lower__20201116_160427_12_220b_3B_AnalyticMS_SR_8b_clip	pm5__20201105_20201124__0082	/scrfs/storage/yikebe/home/research/AR_Crop_Identification/make_dataset/raw_sentinel/pm5/pm5__20201105_20201124__0082	2020-11-19	646359.00000000,3821847.00000000,647127.00000000,3822615.00000000
train	003377	lower__20201116_160427_12_220b_3B_AnalyticMS_SR_8b_clip	pm5__20201105_20201124__0082	/scrfs/storage/yikebe/home/research/AR_Crop_Identification/make_dataset/raw_sentinel/pm5/pm5__20201105_20201124__0082	2020-11-19	647127.00000000,3821847.00000000,647895.00000000,3822615.00000000
train	003393	lower__20201116_160427_12_220b_3B_AnalyticMS_SR_8b_clip	pm5__20201105_20201124__0082	/scrfs/storage/yikebe/home/research/AR_Crop_Identification/make_dataset/raw_sentinel/pm5/pm5__20201105_20201124__0082	2020-11-19	647895.00000000,3821847.00000000,648663.00000000,3822615.00000000
train	003409	lower__20201116_160427_12_220b_3B_AnalyticMS_SR_8b_clip	pm5__20201105_20201124__0082	/scrfs/storage/yikebe/home/research/AR_Crop_Identification/make_dataset/raw_sentinel/pm5/pm5__20201105_20201124__0082	2020-11-19	648663.00000000,3821847.00000000,649431.00000000,3822615.00000000
train	003425	lower__20201116_160940_58_222f_3B_AnalyticMS_SR_8b_clip	pm5__20201105_20201124__0087	/scrfs/storage/yikebe/home/research/AR_Crop_Identification/make_dataset/raw_sentinel/pm5/pm5__20201105_20201124__0087	2020-11-19	639135.00000000,3789339.00000000,639903.00000000,3790107.00000000
train	003441	lower__20201116_160940_58_222f_3B_AnalyticMS_SR_8b_clip	pm5__20201105_20201124__0087	/scrfs/storage/yikebe/home/research/AR_Crop_Identification/make_dataset/raw_sentinel/pm5/pm5__20201105_20201124__0087	2020-11-19	655263.00000000,3787035.00000000,656031.00000000,3787803.00000000
train	003457	lower__20201116_160940_58_222f_3B_AnalyticMS_SR_8b_clip	pm5__20201105_20201124__0087	/scrfs/storage/yikebe/home/research/AR_Crop_Identification/make_dataset/raw_sentinel/pm5/pm5__20201105_20201124__0087	2020-11-19	653727.00000000,3786267.00000000,654495.00000000,3787035.00000000
train	003473	lower__20201116_160940_58_222f_3B_AnalyticMS_SR_8b_clip	pm5__20201105_20201124__0087	/scrfs/storage/yikebe/home/research/AR_Crop_Identification/make_dataset/raw_sentinel/pm5/pm5__20201105_20201124__0087	2020-11-19	639135.00000000,3782427.00000000,639903.00000000,3783195.00000000
train	003489	lower__20201116_160940_58_222f_3B_AnalyticMS_SR_8b_clip	pm5__20201105_20201124__0087	/scrfs/storage/yikebe/home/research/AR_Crop_Identification/make_dataset/raw_sentinel/pm5/pm5__20201105_20201124__0087	2020-11-19	646815.00000000,3780891.00000000,647583.00000000,3781659.00000000
train	003505	lower__20201116_160940_58_222f_3B_AnalyticMS_SR_8b_clip	pm5__20201105_20201124__0087	/scrfs/storage/yikebe/home/research/AR_Crop_Identification/make_dataset/raw_sentinel/pm5/pm5__20201105_20201124__0087	2020-11-19	647583.00000000,3780891.00000000,648351.00000000,3781659.00000000
train	003521	lower__20201116_160940_58_222f_3B_AnalyticMS_SR_8b_clip	pm5__20201105_20201124__0087	/scrfs/storage/yikebe/home/research/AR_Crop_Identification/make_dataset/raw_sentinel/pm5/pm5__20201105_20201124__0087	2020-11-19	648351.00000000,3780891.00000000,649119.00000000,3781659.00000000
train	003537	lower__20201116_160940_58_222f_3B_AnalyticMS_SR_8b_clip	pm5__20201105_20201124__0087	/scrfs/storage/yikebe/home/research/AR_Crop_Identification/make_dataset/raw_sentinel/pm5/pm5__20201105_20201124__0087	2020-11-19	650655.00000000,3780891.00000000,651423.00000000,3781659.00000000
train	003553	lower__20201116_160940_58_222f_3B_AnalyticMS_SR_8b_clip	pm5__20201105_20201124__0087	/scrfs/storage/yikebe/home/research/AR_Crop_Identification/make_dataset/raw_sentinel/pm5/pm5__20201105_20201124__0087	2020-11-19	647583.00000000,3780123.00000000,648351.00000000,3780891.00000000
train	003569	lower__20201116_160940_58_222f_3B_AnalyticMS_SR_8b_clip	pm5__20201105_20201124__0087	/scrfs/storage/yikebe/home/research/AR_Crop_Identification/make_dataset/raw_sentinel/pm5/pm5__20201105_20201124__0087	2020-11-19	628383.00000000,3779355.00000000,629151.00000000,3780123.00000000
train	003585	lower__20201116_160940_58_222f_3B_AnalyticMS_SR_8b_clip	pm5__20201105_20201124__0087	/scrfs/storage/yikebe/home/research/AR_Crop_Identification/make_dataset/raw_sentinel/pm5/pm5__20201105_20201124__0087	2020-11-19	650655.00000000,3779355.00000000,651423.00000000,3780123.00000000
train	003601	lower__20201116_160940_58_222f_3B_AnalyticMS_SR_8b_clip	pm5__20201105_20201124__0087	/scrfs/storage/yikebe/home/research/AR_Crop_Identification/make_dataset/raw_sentinel/pm5/pm5__20201105_20201124__0087	2020-11-19	636831.00000000,3777051.00000000,637599.00000000,3777819.00000000
train	003617	lower__20201116_160940_58_222f_3B_AnalyticMS_SR_8b_clip	pm5__20201105_20201124__0087	/scrfs/storage/yikebe/home/research/AR_Crop_Identification/make_dataset/raw_sentinel/pm5/pm5__20201105_20201124__0087	2020-11-19	637599.00000000,3777051.00000000,638367.00000000,3777819.00000000
train	003633	lower__20201116_160940_58_222f_3B_AnalyticMS_SR_8b_clip	pm5__20201105_20201124__0087	/scrfs/storage/yikebe/home/research/AR_Crop_Identification/make_dataset/raw_sentinel/pm5/pm5__20201105_20201124__0087	2020-11-19	640671.00000000,3777051.00000000,641439.00000000,3777819.00000000
train	003649	lower__20201116_160940_58_222f_3B_AnalyticMS_SR_8b_clip	pm5__20201105_20201124__0087	/scrfs/storage/yikebe/home/research/AR_Crop_Identification/make_dataset/raw_sentinel/pm5/pm5__20201105_20201124__0087	2020-11-19	641439.00000000,3777051.00000000,642207.00000000,3777819.00000000
train	003665	lower__20201116_160940_58_222f_3B_AnalyticMS_SR_8b_clip	pm5__20201105_20201124__0087	/scrfs/storage/yikebe/home/research/AR_Crop_Identification/make_dataset/raw_sentinel/pm5/pm5__20201105_20201124__0087	2020-11-19	636831.00000000,3776283.00000000,637599.00000000,3777051.00000000
train	003681	lower__20201116_160940_58_222f_3B_AnalyticMS_SR_8b_clip	pm5__20201105_20201124__0087	/scrfs/storage/yikebe/home/research/AR_Crop_Identification/make_dataset/raw_sentinel/pm5/pm5__20201105_20201124__0087	2020-11-19	637599.00000000,3776283.00000000,638367.00000000,3777051.00000000
train	003697	lower__20201116_160940_58_222f_3B_AnalyticMS_SR_8b_clip	pm5__20201105_20201124__0087	/scrfs/storage/yikebe/home/research/AR_Crop_Identification/make_dataset/raw_sentinel/pm5/pm5__20201105_20201124__0087	2020-11-19	638367.00000000,3776283.00000000,639135.00000000,3777051.00000000
train	003713	lower__20201116_160940_58_222f_3B_AnalyticMS_SR_8b_clip	pm5__20201105_20201124__0087	/scrfs/storage/yikebe/home/research/AR_Crop_Identification/make_dataset/raw_sentinel/pm5/pm5__20201105_20201124__0087	2020-11-19	639135.00000000,3776283.00000000,639903.00000000,3777051.00000000
train	003729	lower__20201116_160940_58_222f_3B_AnalyticMS_SR_8b_clip	pm5__20201105_20201124__0087	/scrfs/storage/yikebe/home/research/AR_Crop_Identification/make_dataset/raw_sentinel/pm5/pm5__20201105_20201124__0087	2020-11-19	639903.00000000,3776283.00000000,640671.00000000,3777051.00000000
train	003745	lower__20201116_160940_58_222f_3B_AnalyticMS_SR_8b_clip	pm5__20201105_20201124__0087	/scrfs/storage/yikebe/home/research/AR_Crop_Identification/make_dataset/raw_sentinel/pm5/pm5__20201105_20201124__0087	2020-11-19	640671.00000000,3776283.00000000,641439.00000000,3777051.00000000
train	003761	lower__20201116_160940_58_222f_3B_AnalyticMS_SR_8b_clip	pm5__20201105_20201124__0087	/scrfs/storage/yikebe/home/research/AR_Crop_Identification/make_dataset/raw_sentinel/pm5/pm5__20201105_20201124__0087	2020-11-19	636063.00000000,3775515.00000000,636831.00000000,3776283.00000000
train	003777	lower__20201116_160940_58_222f_3B_AnalyticMS_SR_8b_clip	pm5__20201105_20201124__0087	/scrfs/storage/yikebe/home/research/AR_Crop_Identification/make_dataset/raw_sentinel/pm5/pm5__20201105_20201124__0087	2020-11-19	636831.00000000,3775515.00000000,637599.00000000,3776283.00000000
train	003793	lower__20201116_160940_58_222f_3B_AnalyticMS_SR_8b_clip	pm5__20201105_20201124__0087	/scrfs/storage/yikebe/home/research/AR_Crop_Identification/make_dataset/raw_sentinel/pm5/pm5__20201105_20201124__0087	2020-11-19	640671.00000000,3775515.00000000,641439.00000000,3776283.00000000
train	003809	lower__20201116_160940_58_222f_3B_AnalyticMS_SR_8b_clip	pm5__20201105_20201124__0087	/scrfs/storage/yikebe/home/research/AR_Crop_Identification/make_dataset/raw_sentinel/pm5/pm5__20201105_20201124__0087	2020-11-19	641439.00000000,3775515.00000000,642207.00000000,3776283.00000000
train	003825	lower__20201116_160940_58_222f_3B_AnalyticMS_SR_8b_clip	pm5__20201105_20201124__0087	/scrfs/storage/yikebe/home/research/AR_Crop_Identification/make_dataset/raw_sentinel/pm5/pm5__20201105_20201124__0087	2020-11-19	646047.00000000,3775515.00000000,646815.00000000,3776283.00000000
train	003841	lower__20201116_160940_58_222f_3B_AnalyticMS_SR_8b_clip	pm5__20201105_20201124__0087	/scrfs/storage/yikebe/home/research/AR_Crop_Identification/make_dataset/raw_sentinel/pm5/pm5__20201105_20201124__0087	2020-11-19	626079.00000000,3774747.00000000,626847.00000000,3775515.00000000
train	003857	lower__20201116_160940_58_222f_3B_AnalyticMS_SR_8b_clip	pm5__20201105_20201124__0087	/scrfs/storage/yikebe/home/research/AR_Crop_Identification/make_dataset/raw_sentinel/pm5/pm5__20201105_20201124__0087	2020-11-19	626847.00000000,3774747.00000000,627615.00000000,3775515.00000000
train	003873	lower__20201116_160940_58_222f_3B_AnalyticMS_SR_8b_clip	pm5__20201105_20201124__0087	/scrfs/storage/yikebe/home/research/AR_Crop_Identification/make_dataset/raw_sentinel/pm5/pm5__20201105_20201124__0087	2020-11-19	636063.00000000,3774747.00000000,636831.00000000,3775515.00000000
train	003889	lower__20201116_160940_58_222f_3B_AnalyticMS_SR_8b_clip	pm5__20201105_20201124__0087	/scrfs/storage/yikebe/home/research/AR_Crop_Identification/make_dataset/raw_sentinel/pm5/pm5__20201105_20201124__0087	2020-11-19	640671.00000000,3774747.00000000,641439.00000000,3775515.00000000
train	003905	lower__20201116_160940_58_222f_3B_AnalyticMS_SR_8b_clip	pm5__20201105_20201124__0087	/scrfs/storage/yikebe/home/research/AR_Crop_Identification/make_dataset/raw_sentinel/pm5/pm5__20201105_20201124__0087	2020-11-19	642207.00000000,3774747.00000000,642975.00000000,3775515.00000000
train	003921	lower__20201116_160940_58_222f_3B_AnalyticMS_SR_8b_clip	pm5__20201105_20201124__0087	/scrfs/storage/yikebe/home/research/AR_Crop_Identification/make_dataset/raw_sentinel/pm5/pm5__20201105_20201124__0087	2020-11-19	659103.00000000,3774747.00000000,659871.00000000,3775515.00000000
train	003937	lower__20201117_165357_35_2414_3B_AnalyticMS_SR_8b_clip	pm5__20201105_20201124__0081	/scrfs/storage/yikebe/home/research/AR_Crop_Identification/make_dataset/raw_sentinel/pm5/pm5__20201105_20201124__0081	2020-11-19	631131.00000000,3748989.00000000,631899.00000000,3749757.00000000
train	003953	lower__20201117_165357_35_2414_3B_AnalyticMS_SR_8b_clip	pm5__20201105_20201124__0081	/scrfs/storage/yikebe/home/research/AR_Crop_Identification/make_dataset/raw_sentinel/pm5/pm5__20201105_20201124__0081	2020-11-19	631899.00000000,3748989.00000000,632667.00000000,3749757.00000000
train	003969	lower__20201117_165357_35_2414_3B_AnalyticMS_SR_8b_clip	pm5__20201105_20201124__0081	/scrfs/storage/yikebe/home/research/AR_Crop_Identification/make_dataset/raw_sentinel/pm5/pm5__20201105_20201124__0081	2020-11-19	632667.00000000,3748989.00000000,633435.00000000,3749757.00000000
train	003985	lower__20201117_165357_35_2414_3B_AnalyticMS_SR_8b_clip	pm5__20201105_20201124__0081	/scrfs/storage/yikebe/home/research/AR_Crop_Identification/make_dataset/raw_sentinel/pm5/pm5__20201105_20201124__0081	2020-11-19	633435.00000000,3748221.00000000,634203.00000000,3748989.00000000
train	004001	lower__20201117_165357_35_2414_3B_AnalyticMS_SR_8b_clip	pm5__20201105_20201124__0081	/scrfs/storage/yikebe/home/research/AR_Crop_Identification/make_dataset/raw_sentinel/pm5/pm5__20201105_20201124__0081	2020-11-19	634203.00000000,3746685.00000000,634971.00000000,3747453.00000000
train	004017	lower__20201117_165357_35_2414_3B_AnalyticMS_SR_8b_clip	pm5__20201105_20201124__0081	/scrfs/storage/yikebe/home/research/AR_Crop_Identification/make_dataset/raw_sentinel/pm5/pm5__20201105_20201124__0081	2020-11-19	640347.00000000,3746685.00000000,641115.00000000,3747453.00000000
train	004033	lower__20201117_165357_35_2414_3B_AnalyticMS_SR_8b_clip	pm5__20201105_20201124__0081	/scrfs/storage/yikebe/home/research/AR_Crop_Identification/make_dataset/raw_sentinel/pm5/pm5__20201105_20201124__0081	2020-11-19	641115.00000000,3745149.00000000,641883.00000000,3745917.00000000
train	004049	lower__20201117_165357_35_2414_3B_AnalyticMS_SR_8b_clip	pm5__20201105_20201124__0081	/scrfs/storage/yikebe/home/research/AR_Crop_Identification/make_dataset/raw_sentinel/pm5/pm5__20201105_20201124__0081	2020-11-19	628059.00000000,3742845.00000000,628827.00000000,3743613.00000000
train	004065	lower__20201117_165357_35_2414_3B_AnalyticMS_SR_8b_clip	pm5__20201105_20201124__0081	/scrfs/storage/yikebe/home/research/AR_Crop_Identification/make_dataset/raw_sentinel/pm5/pm5__20201105_20201124__0081	2020-11-19	642651.00000000,3739773.00000000,643419.00000000,3740541.00000000
train	004081	lower__20201117_165357_35_2414_3B_AnalyticMS_SR_8b_clip	pm5__20201105_20201124__0081	/scrfs/storage/yikebe/home/research/AR_Crop_Identification/make_dataset/raw_sentinel/pm5/pm5__20201105_20201124__0081	2020-11-19	641115.00000000,3736701.00000000,641883.00000000,3737469.00000000
train	004097	lower__20201117_165357_35_2414_3B_AnalyticMS_SR_8b_clip	pm5__20201105_20201124__0081	/scrfs/storage/yikebe/home/research/AR_Crop_Identification/make_dataset/raw_sentinel/pm5/pm5__20201105_20201124__0081	2020-11-19	641883.00000000,3736701.00000000,642651.00000000,3737469.00000000
train	004113	lower__20201117_165357_35_2414_3B_AnalyticMS_SR_8b_clip	pm5__20201105_20201124__0081	/scrfs/storage/yikebe/home/research/AR_Crop_Identification/make_dataset/raw_sentinel/pm5/pm5__20201105_20201124__0081	2020-11-19	641115.00000000,3735933.00000000,641883.00000000,3736701.00000000
train	004129	lower__20201117_165357_35_2414_3B_AnalyticMS_SR_8b_clip	pm5__20201105_20201124__0081	/scrfs/storage/yikebe/home/research/AR_Crop_Identification/make_dataset/raw_sentinel/pm5/pm5__20201105_20201124__0081	2020-11-19	641883.00000000,3735933.00000000,642651.00000000,3736701.00000000
train	004145	lower__20201117_165357_35_2414_3B_AnalyticMS_SR_8b_clip	pm5__20201105_20201124__0081	/scrfs/storage/yikebe/home/research/AR_Crop_Identification/make_dataset/raw_sentinel/pm5/pm5__20201105_20201124__0081	2020-11-19	631899.00000000,3735165.00000000,632667.00000000,3735933.00000000
train	004161	lower__20201117_165357_35_2414_3B_AnalyticMS_SR_8b_clip	pm5__20201105_20201124__0081	/scrfs/storage/yikebe/home/research/AR_Crop_Identification/make_dataset/raw_sentinel/pm5/pm5__20201105_20201124__0081	2020-11-19	632667.00000000,3735165.00000000,633435.00000000,3735933.00000000
train	004177	lower__20201117_165357_35_2414_3B_AnalyticMS_SR_8b_clip	pm5__20201105_20201124__0081	/scrfs/storage/yikebe/home/research/AR_Crop_Identification/make_dataset/raw_sentinel/pm5/pm5__20201105_20201124__0081	2020-11-19	641115.00000000,3735165.00000000,641883.00000000,3735933.00000000
train	004193	lower__20201117_165357_35_2414_3B_AnalyticMS_SR_8b_clip	pm5__20201105_20201124__0081	/scrfs/storage/yikebe/home/research/AR_Crop_Identification/make_dataset/raw_sentinel/pm5/pm5__20201105_20201124__0081	2020-11-19	641115.00000000,3734397.00000000,641883.00000000,3735165.00000000
train	004209	lower__20201117_165357_35_2414_3B_AnalyticMS_SR_8b_clip	pm5__20201105_20201124__0081	/scrfs/storage/yikebe/home/research/AR_Crop_Identification/make_dataset/raw_sentinel/pm5/pm5__20201105_20201124__0081	2020-11-19	634971.00000000,3729789.00000000,635739.00000000,3730557.00000000
train	004225	lower__20201118_155743_85_222b_3B_AnalyticMS_SR_8b_clip	pm5__20201105_20201124__0119	/scrfs/storage/yikebe/home/research/AR_Crop_Identification/make_dataset/raw_sentinel/pm5/pm5__20201105_20201124__0119	2020-11-21	725178.00000000,3718260.00000000,725946.00000000,3719028.00000000
train	004241	lower__20201118_155743_85_222b_3B_AnalyticMS_SR_8b_clip	pm5__20201105_20201124__0119	/scrfs/storage/yikebe/home/research/AR_Crop_Identification/make_dataset/raw_sentinel/pm5/pm5__20201105_20201124__0119	2020-11-21	725946.00000000,3718260.00000000,726714.00000000,3719028.00000000
train	004257	lower__20201118_155743_85_222b_3B_AnalyticMS_SR_8b_clip	pm5__20201105_20201124__0119	/scrfs/storage/yikebe/home/research/AR_Crop_Identification/make_dataset/raw_sentinel/pm5/pm5__20201105_20201124__0119	2020-11-21	726714.00000000,3718260.00000000,727482.00000000,3719028.00000000
train	004273	lower__20201118_155743_85_222b_3B_AnalyticMS_SR_8b_clip	pm5__20201105_20201124__0119	/scrfs/storage/yikebe/home/research/AR_Crop_Identification/make_dataset/raw_sentinel/pm5/pm5__20201105_20201124__0119	2020-11-21	729018.00000000,3718260.00000000,729786.00000000,3719028.00000000
train	004289	lower__20201118_155743_85_222b_3B_AnalyticMS_SR_8b_clip	pm5__20201105_20201124__0119	/scrfs/storage/yikebe/home/research/AR_Crop_Identification/make_dataset/raw_sentinel/pm5/pm5__20201105_20201124__0119	2020-11-21	729018.00000000,3717492.00000000,729786.00000000,3718260.00000000
train	004305	lower__20201118_155743_85_222b_3B_AnalyticMS_SR_8b_clip	pm5__20201105_20201124__0119	/scrfs/storage/yikebe/home/research/AR_Crop_Identification/make_dataset/raw_sentinel/pm5/pm5__20201105_20201124__0119	2020-11-21	729786.00000000,3717492.00000000,730554.00000000,3718260.00000000
train	004321	lower__20201118_155743_85_222b_3B_AnalyticMS_SR_8b_clip	pm5__20201105_20201124__0119	/scrfs/storage/yikebe/home/research/AR_Crop_Identification/make_dataset/raw_sentinel/pm5/pm5__20201105_20201124__0119	2020-11-21	729786.00000000,3716724.00000000,730554.00000000,3717492.00000000
train	004337	lower__20201118_155743_85_222b_3B_AnalyticMS_SR_8b_clip	pm5__20201105_20201124__0119	/scrfs/storage/yikebe/home/research/AR_Crop_Identification/make_dataset/raw_sentinel/pm5/pm5__20201105_20201124__0119	2020-11-21	730554.00000000,3716724.00000000,731322.00000000,3717492.00000000
train	004353	lower__20201118_155743_85_222b_3B_AnalyticMS_SR_8b_clip	pm5__20201105_20201124__0119	/scrfs/storage/yikebe/home/research/AR_Crop_Identification/make_dataset/raw_sentinel/pm5/pm5__20201105_20201124__0119	2020-11-21	733626.00000000,3716724.00000000,734394.00000000,3717492.00000000
train	004369	lower__20201118_155743_85_222b_3B_AnalyticMS_SR_8b_clip	pm5__20201105_20201124__0119	/scrfs/storage/yikebe/home/research/AR_Crop_Identification/make_dataset/raw_sentinel/pm5/pm5__20201105_20201124__0119	2020-11-21	734394.00000000,3716724.00000000,735162.00000000,3717492.00000000
train	004385	lower__20201118_155743_85_222b_3B_AnalyticMS_SR_8b_clip	pm5__20201105_20201124__0119	/scrfs/storage/yikebe/home/research/AR_Crop_Identification/make_dataset/raw_sentinel/pm5/pm5__20201105_20201124__0119	2020-11-21	730554.00000000,3715956.00000000,731322.00000000,3716724.00000000
train	004401	lower__20201118_155743_85_222b_3B_AnalyticMS_SR_8b_clip	pm5__20201105_20201124__0119	/scrfs/storage/yikebe/home/research/AR_Crop_Identification/make_dataset/raw_sentinel/pm5/pm5__20201105_20201124__0119	2020-11-21	731322.00000000,3715956.00000000,732090.00000000,3716724.00000000
train	004417	lower__20201118_155743_85_222b_3B_AnalyticMS_SR_8b_clip	pm5__20201105_20201124__0119	/scrfs/storage/yikebe/home/research/AR_Crop_Identification/make_dataset/raw_sentinel/pm5/pm5__20201105_20201124__0119	2020-11-21	734394.00000000,3715956.00000000,735162.00000000,3716724.00000000
train	004433	lower__20201118_155743_85_222b_3B_AnalyticMS_SR_8b_clip	pm5__20201105_20201124__0119	/scrfs/storage/yikebe/home/research/AR_Crop_Identification/make_dataset/raw_sentinel/pm5/pm5__20201105_20201124__0119	2020-11-21	736698.00000000,3715956.00000000,737466.00000000,3716724.00000000
train	004449	lower__20201118_155743_85_222b_3B_AnalyticMS_SR_8b_clip	pm5__20201105_20201124__0119	/scrfs/storage/yikebe/home/research/AR_Crop_Identification/make_dataset/raw_sentinel/pm5/pm5__20201105_20201124__0119	2020-11-21	745146.00000000,3715956.00000000,745914.00000000,3716724.00000000
train	004465	lower__20201118_155743_85_222b_3B_AnalyticMS_SR_8b_clip	pm5__20201105_20201124__0119	/scrfs/storage/yikebe/home/research/AR_Crop_Identification/make_dataset/raw_sentinel/pm5/pm5__20201105_20201124__0119	2020-11-21	728250.00000000,3715188.00000000,729018.00000000,3715956.00000000
train	004481	lower__20201118_155743_85_222b_3B_AnalyticMS_SR_8b_clip	pm5__20201105_20201124__0119	/scrfs/storage/yikebe/home/research/AR_Crop_Identification/make_dataset/raw_sentinel/pm5/pm5__20201105_20201124__0119	2020-11-21	730554.00000000,3715188.00000000,731322.00000000,3715956.00000000
train	004497	lower__20201118_155743_85_222b_3B_AnalyticMS_SR_8b_clip	pm5__20201105_20201124__0119	/scrfs/storage/yikebe/home/research/AR_Crop_Identification/make_dataset/raw_sentinel/pm5/pm5__20201105_20201124__0119	2020-11-21	731322.00000000,3715188.00000000,732090.00000000,3715956.00000000
train	004513	lower__20201118_155743_85_222b_3B_AnalyticMS_SR_8b_clip	pm5__20201105_20201124__0119	/scrfs/storage/yikebe/home/research/AR_Crop_Identification/make_dataset/raw_sentinel/pm5/pm5__20201105_20201124__0119	2020-11-21	734394.00000000,3715188.00000000,735162.00000000,3715956.00000000
train	004529	lower__20201118_155743_85_222b_3B_AnalyticMS_SR_8b_clip	pm5__20201105_20201124__0119	/scrfs/storage/yikebe/home/research/AR_Crop_Identification/make_dataset/raw_sentinel/pm5/pm5__20201105_20201124__0119	2020-11-21	729018.00000000,3714420.00000000,729786.00000000,3715188.00000000
train	004545	lower__20201118_155743_85_222b_3B_AnalyticMS_SR_8b_clip	pm5__20201105_20201124__0119	/scrfs/storage/yikebe/home/research/AR_Crop_Identification/make_dataset/raw_sentinel/pm5/pm5__20201105_20201124__0119	2020-11-21	730554.00000000,3714420.00000000,731322.00000000,3715188.00000000
train	004561	lower__20201118_155743_85_222b_3B_AnalyticMS_SR_8b_clip	pm5__20201105_20201124__0119	/scrfs/storage/yikebe/home/research/AR_Crop_Identification/make_dataset/raw_sentinel/pm5/pm5__20201105_20201124__0119	2020-11-21	734394.00000000,3714420.00000000,735162.00000000,3715188.00000000
train	004577	lower__20201118_155743_85_222b_3B_AnalyticMS_SR_8b_clip	pm5__20201105_20201124__0119	/scrfs/storage/yikebe/home/research/AR_Crop_Identification/make_dataset/raw_sentinel/pm5/pm5__20201105_20201124__0119	2020-11-21	731322.00000000,3713652.00000000,732090.00000000,3714420.00000000
train	004593	lower__20201118_155743_85_222b_3B_AnalyticMS_SR_8b_clip	pm5__20201105_20201124__0119	/scrfs/storage/yikebe/home/research/AR_Crop_Identification/make_dataset/raw_sentinel/pm5/pm5__20201105_20201124__0119	2020-11-21	732858.00000000,3713652.00000000,733626.00000000,3714420.00000000
train	004609	lower__20201118_155743_85_222b_3B_AnalyticMS_SR_8b_clip	pm5__20201105_20201124__0119	/scrfs/storage/yikebe/home/research/AR_Crop_Identification/make_dataset/raw_sentinel/pm5/pm5__20201105_20201124__0119	2020-11-21	733626.00000000,3713652.00000000,734394.00000000,3714420.00000000
train	004625	lower__20201118_155743_85_222b_3B_AnalyticMS_SR_8b_clip	pm5__20201105_20201124__0119	/scrfs/storage/yikebe/home/research/AR_Crop_Identification/make_dataset/raw_sentinel/pm5/pm5__20201105_20201124__0119	2020-11-21	731322.00000000,3712884.00000000,732090.00000000,3713652.00000000
train	004641	lower__20201118_155743_85_222b_3B_AnalyticMS_SR_8b_clip	pm5__20201105_20201124__0119	/scrfs/storage/yikebe/home/research/AR_Crop_Identification/make_dataset/raw_sentinel/pm5/pm5__20201105_20201124__0119	2020-11-21	725946.00000000,3711348.00000000,726714.00000000,3712116.00000000
train	004657	lower__20201118_155743_85_222b_3B_AnalyticMS_SR_8b_clip	pm5__20201105_20201124__0119	/scrfs/storage/yikebe/home/research/AR_Crop_Identification/make_dataset/raw_sentinel/pm5/pm5__20201105_20201124__0119	2020-11-21	720570.00000000,3710580.00000000,721338.00000000,3711348.00000000
train	004673	lower__20201118_155743_85_222b_3B_AnalyticMS_SR_8b_clip	pm5__20201105_20201124__0119	/scrfs/storage/yikebe/home/research/AR_Crop_Identification/make_dataset/raw_sentinel/pm5/pm5__20201105_20201124__0119	2020-11-21	724410.00000000,3710580.00000000,725178.00000000,3711348.00000000
train	004689	lower__20201118_155743_85_222b_3B_AnalyticMS_SR_8b_clip	pm5__20201105_20201124__0119	/scrfs/storage/yikebe/home/research/AR_Crop_Identification/make_dataset/raw_sentinel/pm5/pm5__20201105_20201124__0119	2020-11-21	725178.00000000,3710580.00000000,725946.00000000,3711348.00000000
train	004705	lower__20201118_155743_85_222b_3B_AnalyticMS_SR_8b_clip	pm5__20201105_20201124__0119	/scrfs/storage/yikebe/home/research/AR_Crop_Identification/make_dataset/raw_sentinel/pm5/pm5__20201105_20201124__0119	2020-11-21	733626.00000000,3710580.00000000,734394.00000000,3711348.00000000
train	004721	lower__20201118_155743_85_222b_3B_AnalyticMS_SR_8b_clip	pm5__20201105_20201124__0119	/scrfs/storage/yikebe/home/research/AR_Crop_Identification/make_dataset/raw_sentinel/pm5/pm5__20201105_20201124__0119	2020-11-21	725946.00000000,3709812.00000000,726714.00000000,3710580.00000000
train	004737	lower__20201118_155743_85_222b_3B_AnalyticMS_SR_8b_clip	pm5__20201105_20201124__0119	/scrfs/storage/yikebe/home/research/AR_Crop_Identification/make_dataset/raw_sentinel/pm5/pm5__20201105_20201124__0119	2020-11-21	733626.00000000,3709812.00000000,734394.00000000,3710580.00000000
train	004753	lower__20201118_155743_85_222b_3B_AnalyticMS_SR_8b_clip	pm5__20201105_20201124__0119	/scrfs/storage/yikebe/home/research/AR_Crop_Identification/make_dataset/raw_sentinel/pm5/pm5__20201105_20201124__0119	2020-11-21	744378.00000000,3709812.00000000,745146.00000000,3710580.00000000
train	004769	lower__20201118_155743_85_222b_3B_AnalyticMS_SR_8b_clip	pm5__20201105_20201124__0119	/scrfs/storage/yikebe/home/research/AR_Crop_Identification/make_dataset/raw_sentinel/pm5/pm5__20201105_20201124__0119	2020-11-21	727482.00000000,3709044.00000000,728250.00000000,3709812.00000000
train	004785	lower__20201118_155743_85_222b_3B_AnalyticMS_SR_8b_clip	pm5__20201105_20201124__0119	/scrfs/storage/yikebe/home/research/AR_Crop_Identification/make_dataset/raw_sentinel/pm5/pm5__20201105_20201124__0119	2020-11-21	734394.00000000,3709044.00000000,735162.00000000,3709812.00000000
train	004801	lower__20201118_155743_85_222b_3B_AnalyticMS_SR_8b_clip	pm5__20201105_20201124__0119	/scrfs/storage/yikebe/home/research/AR_Crop_Identification/make_dataset/raw_sentinel/pm5/pm5__20201105_20201124__0119	2020-11-21	725946.00000000,3707508.00000000,726714.00000000,3708276.00000000
train	004817	lower__20201118_155743_85_222b_3B_AnalyticMS_SR_8b_clip	pm5__20201105_20201124__0119	/scrfs/storage/yikebe/home/research/AR_Crop_Identification/make_dataset/raw_sentinel/pm5/pm5__20201105_20201124__0119	2020-11-21	731322.00000000,3707508.00000000,732090.00000000,3708276.00000000
train	004833	lower__20201118_155743_85_222b_3B_AnalyticMS_SR_8b_clip	pm5__20201105_20201124__0119	/scrfs/storage/yikebe/home/research/AR_Crop_Identification/make_dataset/raw_sentinel/pm5/pm5__20201105_20201124__0119	2020-11-21	732090.00000000,3707508.00000000,732858.00000000,3708276.00000000
train	004849	lower__20201118_155743_85_222b_3B_AnalyticMS_SR_8b_clip	pm5__20201105_20201124__0119	/scrfs/storage/yikebe/home/research/AR_Crop_Identification/make_dataset/raw_sentinel/pm5/pm5__20201105_20201124__0119	2020-11-21	722106.00000000,3705972.00000000,722874.00000000,3706740.00000000
train	004865	lower__20201118_155743_85_222b_3B_AnalyticMS_SR_8b_clip	pm5__20201105_20201124__0119	/scrfs/storage/yikebe/home/research/AR_Crop_Identification/make_dataset/raw_sentinel/pm5/pm5__20201105_20201124__0119	2020-11-21	734394.00000000,3705972.00000000,735162.00000000,3706740.00000000
train	004881	lower__20201118_155743_85_222b_3B_AnalyticMS_SR_8b_clip	pm5__20201105_20201124__0119	/scrfs/storage/yikebe/home/research/AR_Crop_Identification/make_dataset/raw_sentinel/pm5/pm5__20201105_20201124__0119	2020-11-21	740538.00000000,3705972.00000000,741306.00000000,3706740.00000000
train	004897	lower__20201118_155743_85_222b_3B_AnalyticMS_SR_8b_clip	pm5__20201105_20201124__0119	/scrfs/storage/yikebe/home/research/AR_Crop_Identification/make_dataset/raw_sentinel/pm5/pm5__20201105_20201124__0119	2020-11-21	742074.00000000,3705972.00000000,742842.00000000,3706740.00000000
train	004913	lower__20201118_155743_85_222b_3B_AnalyticMS_SR_8b_clip	pm5__20201105_20201124__0119	/scrfs/storage/yikebe/home/research/AR_Crop_Identification/make_dataset/raw_sentinel/pm5/pm5__20201105_20201124__0119	2020-11-21	727482.00000000,3705204.00000000,728250.00000000,3705972.00000000
train	004929	lower__20201118_155743_85_222b_3B_AnalyticMS_SR_8b_clip	pm5__20201105_20201124__0119	/scrfs/storage/yikebe/home/research/AR_Crop_Identification/make_dataset/raw_sentinel/pm5/pm5__20201105_20201124__0119	2020-11-21	733626.00000000,3705204.00000000,734394.00000000,3705972.00000000
train	004945	lower__20201118_155743_85_222b_3B_AnalyticMS_SR_8b_clip	pm5__20201105_20201124__0119	/scrfs/storage/yikebe/home/research/AR_Crop_Identification/make_dataset/raw_sentinel/pm5/pm5__20201105_20201124__0119	2020-11-21	734394.00000000,3705204.00000000,735162.00000000,3705972.00000000
train	004961	lower__20201118_155743_85_222b_3B_AnalyticMS_SR_8b_clip	pm5__20201105_20201124__0119	/scrfs/storage/yikebe/home/research/AR_Crop_Identification/make_dataset/raw_sentinel/pm5/pm5__20201105_20201124__0119	2020-11-21	740538.00000000,3705204.00000000,741306.00000000,3705972.00000000
train	004977	lower__20201118_155743_85_222b_3B_AnalyticMS_SR_8b_clip	pm5__20201105_20201124__0119	/scrfs/storage/yikebe/home/research/AR_Crop_Identification/make_dataset/raw_sentinel/pm5/pm5__20201105_20201124__0119	2020-11-21	741306.00000000,3705204.00000000,742074.00000000,3705972.00000000
train	004993	lower__20201118_155743_85_222b_3B_AnalyticMS_SR_8b_clip	pm5__20201105_20201124__0119	/scrfs/storage/yikebe/home/research/AR_Crop_Identification/make_dataset/raw_sentinel/pm5/pm5__20201105_20201124__0119	2020-11-21	742074.00000000,3705204.00000000,742842.00000000,3705972.00000000
train	005009	lower__20201118_155743_85_222b_3B_AnalyticMS_SR_8b_clip	pm5__20201105_20201124__0119	/scrfs/storage/yikebe/home/research/AR_Crop_Identification/make_dataset/raw_sentinel/pm5/pm5__20201105_20201124__0119	2020-11-21	712890.00000000,3704436.00000000,713658.00000000,3705204.00000000
train	005025	lower__20201118_155743_85_222b_3B_AnalyticMS_SR_8b_clip	pm5__20201105_20201124__0119	/scrfs/storage/yikebe/home/research/AR_Crop_Identification/make_dataset/raw_sentinel/pm5/pm5__20201105_20201124__0119	2020-11-21	742842.00000000,3704436.00000000,743610.00000000,3705204.00000000
train	005041	lower__20201118_155743_85_222b_3B_AnalyticMS_SR_8b_clip	pm5__20201105_20201124__0119	/scrfs/storage/yikebe/home/research/AR_Crop_Identification/make_dataset/raw_sentinel/pm5/pm5__20201105_20201124__0119	2020-11-21	712122.00000000,3703668.00000000,712890.00000000,3704436.00000000
train	005057	lower__20201118_155743_85_222b_3B_AnalyticMS_SR_8b_clip	pm5__20201105_20201124__0119	/scrfs/storage/yikebe/home/research/AR_Crop_Identification/make_dataset/raw_sentinel/pm5/pm5__20201105_20201124__0119	2020-11-21	739002.00000000,3703668.00000000,739770.00000000,3704436.00000000
train	005073	lower__20201118_155743_85_222b_3B_AnalyticMS_SR_8b_clip	pm5__20201105_20201124__0119	/scrfs/storage/yikebe/home/research/AR_Crop_Identification/make_dataset/raw_sentinel/pm5/pm5__20201105_20201124__0119	2020-11-21	740538.00000000,3703668.00000000,741306.00000000,3704436.00000000
train	005089	lower__20201118_160523_84_2264_3B_AnalyticMS_SR_8b_clip	pm5__20201105_20201124__0113	/scrfs/storage/yikebe/home/research/AR_Crop_Identification/make_dataset/raw_sentinel/pm5/pm5__20201105_20201124__0113	2020-11-21	690444.00000000,3689061.00000000,691212.00000000,3689829.00000000
train	005105	lower__20201118_160523_84_2264_3B_AnalyticMS_SR_8b_clip	pm5__20201105_20201124__0113	/scrfs/storage/yikebe/home/research/AR_Crop_Identification/make_dataset/raw_sentinel/pm5/pm5__20201105_20201124__0113	2020-11-21	700428.00000000,3687525.00000000,701196.00000000,3688293.00000000
train	005121	lower__20201118_160523_84_2264_3B_AnalyticMS_SR_8b_clip	pm5__20201105_20201124__0113	/scrfs/storage/yikebe/home/research/AR_Crop_Identification/make_dataset/raw_sentinel/pm5/pm5__20201105_20201124__0113	2020-11-21	700428.00000000,3686757.00000000,701196.00000000,3687525.00000000
train	005137	lower__20201118_160523_84_2264_3B_AnalyticMS_SR_8b_clip	pm5__20201105_20201124__0113	/scrfs/storage/yikebe/home/research/AR_Crop_Identification/make_dataset/raw_sentinel/pm5/pm5__20201105_20201124__0113	2020-11-21	701196.00000000,3686757.00000000,701964.00000000,3687525.00000000
train	005153	lower__20201118_160523_84_2264_3B_AnalyticMS_SR_8b_clip	pm5__20201105_20201124__0113	/scrfs/storage/yikebe/home/research/AR_Crop_Identification/make_dataset/raw_sentinel/pm5/pm5__20201105_20201124__0113	2020-11-21	701964.00000000,3686757.00000000,702732.00000000,3687525.00000000
train	005169	lower__20201118_160523_84_2264_3B_AnalyticMS_SR_8b_clip	pm5__20201105_20201124__0113	/scrfs/storage/yikebe/home/research/AR_Crop_Identification/make_dataset/raw_sentinel/pm5/pm5__20201105_20201124__0113	2020-11-21	701196.00000000,3685989.00000000,701964.00000000,3686757.00000000
train	005185	lower__20201118_160523_84_2264_3B_AnalyticMS_SR_8b_clip	pm5__20201105_20201124__0113	/scrfs/storage/yikebe/home/research/AR_Crop_Identification/make_dataset/raw_sentinel/pm5/pm5__20201105_20201124__0113	2020-11-21	695052.00000000,3685221.00000000,695820.00000000,3685989.00000000
train	005201	lower__20201118_164957_55_240c_3B_AnalyticMS_SR_8b_clip	pm5__20201105_20201124__0136	/scrfs/storage/yikebe/home/research/AR_Crop_Identification/make_dataset/raw_sentinel/pm5/pm5__20201105_20201124__0136	2020-11-21	750936.00000000,3785913.00000000,751704.00000000,3786681.00000000
train	005217	lower__20201118_164957_55_240c_3B_AnalyticMS_SR_8b_clip	pm5__20201105_20201124__0136	/scrfs/storage/yikebe/home/research/AR_Crop_Identification/make_dataset/raw_sentinel/pm5/pm5__20201105_20201124__0136	2020-11-21	753240.00000000,3785913.00000000,754008.00000000,3786681.00000000
train	005233	lower__20201118_164957_55_240c_3B_AnalyticMS_SR_8b_clip	pm5__20201105_20201124__0136	/scrfs/storage/yikebe/home/research/AR_Crop_Identification/make_dataset/raw_sentinel/pm5/pm5__20201105_20201124__0136	2020-11-21	753240.00000000,3785145.00000000,754008.00000000,3785913.00000000
train	005249	lower__20201118_164957_55_240c_3B_AnalyticMS_SR_8b_clip	pm5__20201105_20201124__0136	/scrfs/storage/yikebe/home/research/AR_Crop_Identification/make_dataset/raw_sentinel/pm5/pm5__20201105_20201124__0136	2020-11-21	742488.00000000,3782073.00000000,743256.00000000,3782841.00000000
train	005265	lower__20201118_164957_55_240c_3B_AnalyticMS_SR_8b_clip	pm5__20201105_20201124__0136	/scrfs/storage/yikebe/home/research/AR_Crop_Identification/make_dataset/raw_sentinel/pm5/pm5__20201105_20201124__0136	2020-11-21	753240.00000000,3782073.00000000,754008.00000000,3782841.00000000
train	005281	lower__20201118_164957_55_240c_3B_AnalyticMS_SR_8b_clip	pm5__20201105_20201124__0136	/scrfs/storage/yikebe/home/research/AR_Crop_Identification/make_dataset/raw_sentinel/pm5/pm5__20201105_20201124__0136	2020-11-21	744024.00000000,3781305.00000000,744792.00000000,3782073.00000000
train	005297	lower__20201118_164957_55_240c_3B_AnalyticMS_SR_8b_clip	pm5__20201105_20201124__0136	/scrfs/storage/yikebe/home/research/AR_Crop_Identification/make_dataset/raw_sentinel/pm5/pm5__20201105_20201124__0136	2020-11-21	754008.00000000,3781305.00000000,754776.00000000,3782073.00000000
train	005313	lower__20201118_164957_55_240c_3B_AnalyticMS_SR_8b_clip	pm5__20201105_20201124__0136	/scrfs/storage/yikebe/home/research/AR_Crop_Identification/make_dataset/raw_sentinel/pm5/pm5__20201105_20201124__0136	2020-11-21	745560.00000000,3779769.00000000,746328.00000000,3780537.00000000
train	005329	lower__20201118_164957_55_240c_3B_AnalyticMS_SR_8b_clip	pm5__20201105_20201124__0136	/scrfs/storage/yikebe/home/research/AR_Crop_Identification/make_dataset/raw_sentinel/pm5/pm5__20201105_20201124__0136	2020-11-21	757080.00000000,3773625.00000000,757848.00000000,3774393.00000000
train	005345	lower__20201118_164957_55_240c_3B_AnalyticMS_SR_8b_clip	pm5__20201105_20201124__0136	/scrfs/storage/yikebe/home/research/AR_Crop_Identification/make_dataset/raw_sentinel/pm5/pm5__20201105_20201124__0136	2020-11-21	741720.00000000,3772089.00000000,742488.00000000,3772857.00000000
train	005361	lower__20201118_165046_94_2401_3B_AnalyticMS_SR_8b_clip	pm5__20201105_20201124__0104	/scrfs/storage/yikebe/home/research/AR_Crop_Identification/make_dataset/raw_sentinel/pm5/pm5__20201105_20201124__0104	2020-11-21	687111.00000000,3739308.00000000,687879.00000000,3740076.00000000
train	005377	lower__20201118_165046_94_2401_3B_AnalyticMS_SR_8b_clip	pm5__20201105_20201124__0104	/scrfs/storage/yikebe/home/research/AR_Crop_Identification/make_dataset/raw_sentinel/pm5/pm5__20201105_20201124__0104	2020-11-21	688647.00000000,3737772.00000000,689415.00000000,3738540.00000000
train	005393	lower__20201118_165046_94_2401_3B_AnalyticMS_SR_8b_clip	pm5__20201105_20201124__0104	/scrfs/storage/yikebe/home/research/AR_Crop_Identification/make_dataset/raw_sentinel/pm5/pm5__20201105_20201124__0104	2020-11-21	691719.00000000,3737772.00000000,692487.00000000,3738540.00000000
train	005409	lower__20201118_165046_94_2401_3B_AnalyticMS_SR_8b_clip	pm5__20201105_20201124__0104	/scrfs/storage/yikebe/home/research/AR_Crop_Identification/make_dataset/raw_sentinel/pm5/pm5__20201105_20201124__0104	2020-11-21	687879.00000000,3735468.00000000,688647.00000000,3736236.00000000
train	005425	lower__20201118_165046_94_2401_3B_AnalyticMS_SR_8b_clip	pm5__20201105_20201124__0104	/scrfs/storage/yikebe/home/research/AR_Crop_Identification/make_dataset/raw_sentinel/pm5/pm5__20201105_20201124__0104	2020-11-21	684807.00000000,3734700.00000000,685575.00000000,3735468.00000000
train	005441	lower__20201118_165046_94_2401_3B_AnalyticMS_SR_8b_clip	pm5__20201105_20201124__0104	/scrfs/storage/yikebe/home/research/AR_Crop_Identification/make_dataset/raw_sentinel/pm5/pm5__20201105_20201124__0104	2020-11-21	685575.00000000,3734700.00000000,686343.00000000,3735468.00000000
train	005457	lower__20201118_165046_94_2401_3B_AnalyticMS_SR_8b_clip	pm5__20201105_20201124__0104	/scrfs/storage/yikebe/home/research/AR_Crop_Identification/make_dataset/raw_sentinel/pm5/pm5__20201105_20201124__0104	2020-11-21	702471.00000000,3732396.00000000,703239.00000000,3733164.00000000
train	005473	lower__20201118_165938_95_227b_3B_AnalyticMS_SR_8b_clip	pm5__20201105_20201124__0043	/scrfs/storage/yikebe/home/research/AR_Crop_Identification/make_dataset/raw_sentinel/pm5/pm5__20201105_20201124__0043	2020-11-19	570609.00000000,3672894.00000000,571377.00000000,3673662.00000000
train	005489	lower__20201119_160600_68_2271_3B_AnalyticMS_SR_8b_clip	pm5__20201105_20201124__0097	/scrfs/storage/yikebe/home/research/AR_Crop_Identification/make_dataset/raw_sentinel/pm5/pm5__20201105_20201124__0097	2020-11-19	652191.00000000,3691206.00000000,652959.00000000,3691974.00000000
train	005505	lower__20201119_160600_68_2271_3B_AnalyticMS_SR_8b_clip	pm5__20201105_20201124__0097	/scrfs/storage/yikebe/home/research/AR_Crop_Identification/make_dataset/raw_sentinel/pm5/pm5__20201105_20201124__0097	2020-11-19	647583.00000000,3690438.00000000,648351.00000000,3691206.00000000
train	005521	lower__20201119_160600_68_2271_3B_AnalyticMS_SR_8b_clip	pm5__20201105_20201124__0097	/scrfs/storage/yikebe/home/research/AR_Crop_Identification/make_dataset/raw_sentinel/pm5/pm5__20201105_20201124__0097	2020-11-19	648351.00000000,3690438.00000000,649119.00000000,3691206.00000000
train	005537	lower__20201119_160600_68_2271_3B_AnalyticMS_SR_8b_clip	pm5__20201105_20201124__0097	/scrfs/storage/yikebe/home/research/AR_Crop_Identification/make_dataset/raw_sentinel/pm5/pm5__20201105_20201124__0097	2020-11-19	649119.00000000,3690438.00000000,649887.00000000,3691206.00000000
train	005553	lower__20201119_160600_68_2271_3B_AnalyticMS_SR_8b_clip	pm5__20201105_20201124__0097	/scrfs/storage/yikebe/home/research/AR_Crop_Identification/make_dataset/raw_sentinel/pm5/pm5__20201105_20201124__0097	2020-11-19	653727.00000000,3690438.00000000,654495.00000000,3691206.00000000
train	005569	lower__20201119_160600_68_2271_3B_AnalyticMS_SR_8b_clip	pm5__20201105_20201124__0097	/scrfs/storage/yikebe/home/research/AR_Crop_Identification/make_dataset/raw_sentinel/pm5/pm5__20201105_20201124__0097	2020-11-19	653727.00000000,3689670.00000000,654495.00000000,3690438.00000000
train	005585	lower__20201119_160600_68_2271_3B_AnalyticMS_SR_8b_clip	pm5__20201105_20201124__0097	/scrfs/storage/yikebe/home/research/AR_Crop_Identification/make_dataset/raw_sentinel/pm5/pm5__20201105_20201124__0097	2020-11-19	653727.00000000,3688902.00000000,654495.00000000,3689670.00000000
train	005601	lower__20201119_160600_68_2271_3B_AnalyticMS_SR_8b_clip	pm5__20201105_20201124__0097	/scrfs/storage/yikebe/home/research/AR_Crop_Identification/make_dataset/raw_sentinel/pm5/pm5__20201105_20201124__0097	2020-11-19	654495.00000000,3688902.00000000,655263.00000000,3689670.00000000
train	005617	lower__20201119_160600_68_2271_3B_AnalyticMS_SR_8b_clip	pm5__20201105_20201124__0097	/scrfs/storage/yikebe/home/research/AR_Crop_Identification/make_dataset/raw_sentinel/pm5/pm5__20201105_20201124__0097	2020-11-19	649119.00000000,3688134.00000000,649887.00000000,3688902.00000000
train	005633	lower__20201119_160600_68_2271_3B_AnalyticMS_SR_8b_clip	pm5__20201105_20201124__0097	/scrfs/storage/yikebe/home/research/AR_Crop_Identification/make_dataset/raw_sentinel/pm5/pm5__20201105_20201124__0097	2020-11-19	653727.00000000,3688134.00000000,654495.00000000,3688902.00000000
train	005649	lower__20201119_160600_68_2271_3B_AnalyticMS_SR_8b_clip	pm5__20201105_20201124__0097	/scrfs/storage/yikebe/home/research/AR_Crop_Identification/make_dataset/raw_sentinel/pm5/pm5__20201105_20201124__0097	2020-11-19	654495.00000000,3688134.00000000,655263.00000000,3688902.00000000
train	005665	lower__20201119_160600_68_2271_3B_AnalyticMS_SR_8b_clip	pm5__20201105_20201124__0097	/scrfs/storage/yikebe/home/research/AR_Crop_Identification/make_dataset/raw_sentinel/pm5/pm5__20201105_20201124__0097	2020-11-19	650655.00000000,3687366.00000000,651423.00000000,3688134.00000000
train	005681	lower__20201119_160600_68_2271_3B_AnalyticMS_SR_8b_clip	pm5__20201105_20201124__0097	/scrfs/storage/yikebe/home/research/AR_Crop_Identification/make_dataset/raw_sentinel/pm5/pm5__20201105_20201124__0097	2020-11-19	652959.00000000,3687366.00000000,653727.00000000,3688134.00000000
train	005697	lower__20201119_160600_68_2271_3B_AnalyticMS_SR_8b_clip	pm5__20201105_20201124__0097	/scrfs/storage/yikebe/home/research/AR_Crop_Identification/make_dataset/raw_sentinel/pm5/pm5__20201105_20201124__0097	2020-11-19	650655.00000000,3686598.00000000,651423.00000000,3687366.00000000
train	005713	lower__20201119_160600_68_2271_3B_AnalyticMS_SR_8b_clip	pm5__20201105_20201124__0097	/scrfs/storage/yikebe/home/research/AR_Crop_Identification/make_dataset/raw_sentinel/pm5/pm5__20201105_20201124__0097	2020-11-19	650655.00000000,3685830.00000000,651423.00000000,3686598.00000000
train	005729	lower__20201119_160600_68_2271_3B_AnalyticMS_SR_8b_clip	pm5__20201105_20201124__0097	/scrfs/storage/yikebe/home/research/AR_Crop_Identification/make_dataset/raw_sentinel/pm5/pm5__20201105_20201124__0097	2020-11-19	649119.00000000,3685062.00000000,649887.00000000,3685830.00000000
train	005745	lower__20201119_160600_68_2271_3B_AnalyticMS_SR_8b_clip	pm5__20201105_20201124__0097	/scrfs/storage/yikebe/home/research/AR_Crop_Identification/make_dataset/raw_sentinel/pm5/pm5__20201105_20201124__0097	2020-11-19	654495.00000000,3685062.00000000,655263.00000000,3685830.00000000
train	005761	lower__20201119_160600_68_2271_3B_AnalyticMS_SR_8b_clip	pm5__20201105_20201124__0097	/scrfs/storage/yikebe/home/research/AR_Crop_Identification/make_dataset/raw_sentinel/pm5/pm5__20201105_20201124__0097	2020-11-19	645279.00000000,3684294.00000000,646047.00000000,3685062.00000000
train	005777	lower__20201119_160600_68_2271_3B_AnalyticMS_SR_8b_clip	pm5__20201105_20201124__0097	/scrfs/storage/yikebe/home/research/AR_Crop_Identification/make_dataset/raw_sentinel/pm5/pm5__20201105_20201124__0097	2020-11-19	646047.00000000,3684294.00000000,646815.00000000,3685062.00000000
train	005793	lower__20201119_160600_68_2271_3B_AnalyticMS_SR_8b_clip	pm5__20201105_20201124__0097	/scrfs/storage/yikebe/home/research/AR_Crop_Identification/make_dataset/raw_sentinel/pm5/pm5__20201105_20201124__0097	2020-11-19	651423.00000000,3683526.00000000,652191.00000000,3684294.00000000
train	005809	lower__20201119_160600_68_2271_3B_AnalyticMS_SR_8b_clip	pm5__20201105_20201124__0097	/scrfs/storage/yikebe/home/research/AR_Crop_Identification/make_dataset/raw_sentinel/pm5/pm5__20201105_20201124__0097	2020-11-19	652191.00000000,3683526.00000000,652959.00000000,3684294.00000000
train	005825	lower__20201119_160600_68_2271_3B_AnalyticMS_SR_8b_clip	pm5__20201105_20201124__0097	/scrfs/storage/yikebe/home/research/AR_Crop_Identification/make_dataset/raw_sentinel/pm5/pm5__20201105_20201124__0097	2020-11-19	645279.00000000,3682758.00000000,646047.00000000,3683526.00000000
train	005841	lower__20201119_160600_68_2271_3B_AnalyticMS_SR_8b_clip	pm5__20201105_20201124__0097	/scrfs/storage/yikebe/home/research/AR_Crop_Identification/make_dataset/raw_sentinel/pm5/pm5__20201105_20201124__0097	2020-11-19	646815.00000000,3681990.00000000,647583.00000000,3682758.00000000
train	005857	lower__20201119_160600_68_2271_3B_AnalyticMS_SR_8b_clip	pm5__20201105_20201124__0097	/scrfs/storage/yikebe/home/research/AR_Crop_Identification/make_dataset/raw_sentinel/pm5/pm5__20201105_20201124__0097	2020-11-19	652191.00000000,3681990.00000000,652959.00000000,3682758.00000000
train	005873	lower__20201119_160600_68_2271_3B_AnalyticMS_SR_8b_clip	pm5__20201105_20201124__0097	/scrfs/storage/yikebe/home/research/AR_Crop_Identification/make_dataset/raw_sentinel/pm5/pm5__20201105_20201124__0097	2020-11-19	646815.00000000,3681222.00000000,647583.00000000,3681990.00000000
train	005889	lower__20201119_160600_68_2271_3B_AnalyticMS_SR_8b_clip	pm5__20201105_20201124__0097	/scrfs/storage/yikebe/home/research/AR_Crop_Identification/make_dataset/raw_sentinel/pm5/pm5__20201105_20201124__0097	2020-11-19	646815.00000000,3680454.00000000,647583.00000000,3681222.00000000
train	005905	lower__20201119_160600_68_2271_3B_AnalyticMS_SR_8b_clip	pm5__20201105_20201124__0097	/scrfs/storage/yikebe/home/research/AR_Crop_Identification/make_dataset/raw_sentinel/pm5/pm5__20201105_20201124__0097	2020-11-19	653727.00000000,3680454.00000000,654495.00000000,3681222.00000000
train	005921	lower__20201119_160600_68_2271_3B_AnalyticMS_SR_8b_clip	pm5__20201105_20201124__0097	/scrfs/storage/yikebe/home/research/AR_Crop_Identification/make_dataset/raw_sentinel/pm5/pm5__20201105_20201124__0097	2020-11-19	652191.00000000,3679686.00000000,652959.00000000,3680454.00000000
train	005937	lower__20201119_160600_68_2271_3B_AnalyticMS_SR_8b_clip	pm5__20201105_20201124__0097	/scrfs/storage/yikebe/home/research/AR_Crop_Identification/make_dataset/raw_sentinel/pm5/pm5__20201105_20201124__0097	2020-11-19	643743.00000000,3677382.00000000,644511.00000000,3678150.00000000
train	005953	lower__20201119_160600_68_2271_3B_AnalyticMS_SR_8b_clip	pm5__20201105_20201124__0097	/scrfs/storage/yikebe/home/research/AR_Crop_Identification/make_dataset/raw_sentinel/pm5/pm5__20201105_20201124__0097	2020-11-19	652191.00000000,3677382.00000000,652959.00000000,3678150.00000000
train	005969	lower__20201119_160600_68_2271_3B_AnalyticMS_SR_8b_clip	pm5__20201105_20201124__0097	/scrfs/storage/yikebe/home/research/AR_Crop_Identification/make_dataset/raw_sentinel/pm5/pm5__20201105_20201124__0097	2020-11-19	652191.00000000,3676614.00000000,652959.00000000,3677382.00000000
train	005985	lower__20201119_160600_68_2271_3B_AnalyticMS_SR_8b_clip	pm5__20201105_20201124__0097	/scrfs/storage/yikebe/home/research/AR_Crop_Identification/make_dataset/raw_sentinel/pm5/pm5__20201105_20201124__0097	2020-11-19	644511.00000000,3675846.00000000,645279.00000000,3676614.00000000
train	006001	lower__20201119_165109_94_240f_3B_AnalyticMS_SR_8b_clip	pm5__20201105_20201124__0119	/scrfs/storage/yikebe/home/research/AR_Crop_Identification/make_dataset/raw_sentinel/pm5/pm5__20201105_20201124__0119	2020-11-21	710673.00000000,3769872.00000000,711441.00000000,3770640.00000000
train	006017	lower__20201119_165109_94_240f_3B_AnalyticMS_SR_8b_clip	pm5__20201105_20201124__0119	/scrfs/storage/yikebe/home/research/AR_Crop_Identification/make_dataset/raw_sentinel/pm5/pm5__20201105_20201124__0119	2020-11-21	709137.00000000,3766800.00000000,709905.00000000,3767568.00000000
train	006033	lower__20201119_165109_94_240f_3B_AnalyticMS_SR_8b_clip	pm5__20201105_20201124__0119	/scrfs/storage/yikebe/home/research/AR_Crop_Identification/make_dataset/raw_sentinel/pm5/pm5__20201105_20201124__0119	2020-11-21	709905.00000000,3766800.00000000,710673.00000000,3767568.00000000
train	006049	lower__20201119_165109_94_240f_3B_AnalyticMS_SR_8b_clip	pm5__20201105_20201124__0119	/scrfs/storage/yikebe/home/research/AR_Crop_Identification/make_dataset/raw_sentinel/pm5/pm5__20201105_20201124__0119	2020-11-21	719889.00000000,3766032.00000000,720657.00000000,3766800.00000000
train	006065	lower__20201119_165215_87_225b_3B_AnalyticMS_SR_8b_clip	pm5__20201105_20201124__0131	/scrfs/storage/yikebe/home/research/AR_Crop_Identification/make_dataset/raw_sentinel/pm5/pm5__20201105_20201124__0131	2020-11-21	728406.00000000,3711138.00000000,729174.00000000,3711906.00000000
train	006081	lower__20201119_165215_87_225b_3B_AnalyticMS_SR_8b_clip	pm5__20201105_20201124__0131	/scrfs/storage/yikebe/home/research/AR_Crop_Identification/make_dataset/raw_sentinel/pm5/pm5__20201105_20201124__0131	2020-11-21	725334.00000000,3710370.00000000,726102.00000000,3711138.00000000
train	006097	lower__20201119_165215_87_225b_3B_AnalyticMS_SR_8b_clip	pm5__20201105_20201124__0131	/scrfs/storage/yikebe/home/research/AR_Crop_Identification/make_dataset/raw_sentinel/pm5/pm5__20201105_20201124__0131	2020-11-21	733782.00000000,3709602.00000000,734550.00000000,3710370.00000000
train	006113	lower__20201119_165215_87_225b_3B_AnalyticMS_SR_8b_clip	pm5__20201105_20201124__0131	/scrfs/storage/yikebe/home/research/AR_Crop_Identification/make_dataset/raw_sentinel/pm5/pm5__20201105_20201124__0131	2020-11-21	744534.00000000,3709602.00000000,745302.00000000,3710370.00000000
train	006129	lower__20201119_165215_87_225b_3B_AnalyticMS_SR_8b_clip	pm5__20201105_20201124__0131	/scrfs/storage/yikebe/home/research/AR_Crop_Identification/make_dataset/raw_sentinel/pm5/pm5__20201105_20201124__0131	2020-11-21	734550.00000000,3708834.00000000,735318.00000000,3709602.00000000
train	006145	lower__20201119_165215_87_225b_3B_AnalyticMS_SR_8b_clip	pm5__20201105_20201124__0131	/scrfs/storage/yikebe/home/research/AR_Crop_Identification/make_dataset/raw_sentinel/pm5/pm5__20201105_20201124__0131	2020-11-21	731478.00000000,3708066.00000000,732246.00000000,3708834.00000000
train	006161	lower__20201119_165215_87_225b_3B_AnalyticMS_SR_8b_clip	pm5__20201105_20201124__0131	/scrfs/storage/yikebe/home/research/AR_Crop_Identification/make_dataset/raw_sentinel/pm5/pm5__20201105_20201124__0131	2020-11-21	735318.00000000,3708066.00000000,736086.00000000,3708834.00000000
train	006177	lower__20201119_165215_87_225b_3B_AnalyticMS_SR_8b_clip	pm5__20201105_20201124__0131	/scrfs/storage/yikebe/home/research/AR_Crop_Identification/make_dataset/raw_sentinel/pm5/pm5__20201105_20201124__0131	2020-11-21	742230.00000000,3708066.00000000,742998.00000000,3708834.00000000
train	006193	lower__20201119_165215_87_225b_3B_AnalyticMS_SR_8b_clip	pm5__20201105_20201124__0131	/scrfs/storage/yikebe/home/research/AR_Crop_Identification/make_dataset/raw_sentinel/pm5/pm5__20201105_20201124__0131	2020-11-21	726102.00000000,3707298.00000000,726870.00000000,3708066.00000000
train	006209	lower__20201119_165215_87_225b_3B_AnalyticMS_SR_8b_clip	pm5__20201105_20201124__0131	/scrfs/storage/yikebe/home/research/AR_Crop_Identification/make_dataset/raw_sentinel/pm5/pm5__20201105_20201124__0131	2020-11-21	730710.00000000,3707298.00000000,731478.00000000,3708066.00000000
train	006225	lower__20201119_165215_87_225b_3B_AnalyticMS_SR_8b_clip	pm5__20201105_20201124__0131	/scrfs/storage/yikebe/home/research/AR_Crop_Identification/make_dataset/raw_sentinel/pm5/pm5__20201105_20201124__0131	2020-11-21	731478.00000000,3707298.00000000,732246.00000000,3708066.00000000
train	006241	lower__20201119_165215_87_225b_3B_AnalyticMS_SR_8b_clip	pm5__20201105_20201124__0131	/scrfs/storage/yikebe/home/research/AR_Crop_Identification/make_dataset/raw_sentinel/pm5/pm5__20201105_20201124__0131	2020-11-21	732246.00000000,3707298.00000000,733014.00000000,3708066.00000000
train	006257	lower__20201119_165215_87_225b_3B_AnalyticMS_SR_8b_clip	pm5__20201105_20201124__0131	/scrfs/storage/yikebe/home/research/AR_Crop_Identification/make_dataset/raw_sentinel/pm5/pm5__20201105_20201124__0131	2020-11-21	742230.00000000,3707298.00000000,742998.00000000,3708066.00000000
train	006273	lower__20201119_165215_87_225b_3B_AnalyticMS_SR_8b_clip	pm5__20201105_20201124__0131	/scrfs/storage/yikebe/home/research/AR_Crop_Identification/make_dataset/raw_sentinel/pm5/pm5__20201105_20201124__0131	2020-11-21	729174.00000000,3698850.00000000,729942.00000000,3699618.00000000
train	006289	lower__20201119_165215_87_225b_3B_AnalyticMS_SR_8b_clip	pm5__20201105_20201124__0131	/scrfs/storage/yikebe/home/research/AR_Crop_Identification/make_dataset/raw_sentinel/pm5/pm5__20201105_20201124__0131	2020-11-21	738390.00000000,3698082.00000000,739158.00000000,3698850.00000000
train	006305	lower__20201119_165215_87_225b_3B_AnalyticMS_SR_8b_clip	pm5__20201105_20201124__0131	/scrfs/storage/yikebe/home/research/AR_Crop_Identification/make_dataset/raw_sentinel/pm5/pm5__20201105_20201124__0131	2020-11-21	727638.00000000,3697314.00000000,728406.00000000,3698082.00000000
train	006321	lower__20201119_165215_87_225b_3B_AnalyticMS_SR_8b_clip	pm5__20201105_20201124__0131	/scrfs/storage/yikebe/home/research/AR_Crop_Identification/make_dataset/raw_sentinel/pm5/pm5__20201105_20201124__0131	2020-11-21	730710.00000000,3697314.00000000,731478.00000000,3698082.00000000
train	006337	lower__20201119_165215_87_225b_3B_AnalyticMS_SR_8b_clip	pm5__20201105_20201124__0131	/scrfs/storage/yikebe/home/research/AR_Crop_Identification/make_dataset/raw_sentinel/pm5/pm5__20201105_20201124__0131	2020-11-21	732246.00000000,3697314.00000000,733014.00000000,3698082.00000000
train	006353	lower__20201119_165215_87_225b_3B_AnalyticMS_SR_8b_clip	pm5__20201105_20201124__0131	/scrfs/storage/yikebe/home/research/AR_Crop_Identification/make_dataset/raw_sentinel/pm5/pm5__20201105_20201124__0131	2020-11-21	730710.00000000,3696546.00000000,731478.00000000,3697314.00000000
train	006369	lower__20201119_165215_87_225b_3B_AnalyticMS_SR_8b_clip	pm5__20201105_20201124__0131	/scrfs/storage/yikebe/home/research/AR_Crop_Identification/make_dataset/raw_sentinel/pm5/pm5__20201105_20201124__0131	2020-11-21	731478.00000000,3696546.00000000,732246.00000000,3697314.00000000
train	006385	lower__20201119_165215_87_225b_3B_AnalyticMS_SR_8b_clip	pm5__20201105_20201124__0131	/scrfs/storage/yikebe/home/research/AR_Crop_Identification/make_dataset/raw_sentinel/pm5/pm5__20201105_20201124__0131	2020-11-21	730710.00000000,3695778.00000000,731478.00000000,3696546.00000000
train	006401	lower__20201119_165215_87_225b_3B_AnalyticMS_SR_8b_clip	pm5__20201105_20201124__0131	/scrfs/storage/yikebe/home/research/AR_Crop_Identification/make_dataset/raw_sentinel/pm5/pm5__20201105_20201124__0131	2020-11-21	731478.00000000,3695778.00000000,732246.00000000,3696546.00000000
train	006417	lower__20201119_165215_87_225b_3B_AnalyticMS_SR_8b_clip	pm5__20201105_20201124__0131	/scrfs/storage/yikebe/home/research/AR_Crop_Identification/make_dataset/raw_sentinel/pm5/pm5__20201105_20201124__0131	2020-11-21	742230.00000000,3695778.00000000,742998.00000000,3696546.00000000
train	006433	lower__20201119_165215_87_225b_3B_AnalyticMS_SR_8b_clip	pm5__20201105_20201124__0131	/scrfs/storage/yikebe/home/research/AR_Crop_Identification/make_dataset/raw_sentinel/pm5/pm5__20201105_20201124__0131	2020-11-21	729174.00000000,3695010.00000000,729942.00000000,3695778.00000000
train	006449	lower__20201119_165215_87_225b_3B_AnalyticMS_SR_8b_clip	pm5__20201105_20201124__0131	/scrfs/storage/yikebe/home/research/AR_Crop_Identification/make_dataset/raw_sentinel/pm5/pm5__20201105_20201124__0131	2020-11-21	731478.00000000,3695010.00000000,732246.00000000,3695778.00000000
train	006465	lower__20201119_165215_87_225b_3B_AnalyticMS_SR_8b_clip	pm5__20201105_20201124__0131	/scrfs/storage/yikebe/home/research/AR_Crop_Identification/make_dataset/raw_sentinel/pm5/pm5__20201105_20201124__0131	2020-11-21	742998.00000000,3695010.00000000,743766.00000000,3695778.00000000
train	006481	lower__20201119_165215_87_225b_3B_AnalyticMS_SR_8b_clip	pm5__20201105_20201124__0131	/scrfs/storage/yikebe/home/research/AR_Crop_Identification/make_dataset/raw_sentinel/pm5/pm5__20201105_20201124__0131	2020-11-21	742998.00000000,3694242.00000000,743766.00000000,3695010.00000000
train	006497	lower__20201119_165215_87_225b_3B_AnalyticMS_SR_8b_clip	pm5__20201105_20201124__0131	/scrfs/storage/yikebe/home/research/AR_Crop_Identification/make_dataset/raw_sentinel/pm5/pm5__20201105_20201124__0131	2020-11-21	729942.00000000,3693474.00000000,730710.00000000,3694242.00000000
train	006513	lower__20201119_165215_87_225b_3B_AnalyticMS_SR_8b_clip	pm5__20201105_20201124__0131	/scrfs/storage/yikebe/home/research/AR_Crop_Identification/make_dataset/raw_sentinel/pm5/pm5__20201105_20201124__0131	2020-11-21	734550.00000000,3693474.00000000,735318.00000000,3694242.00000000
train	006529	lower__20201119_165215_87_225b_3B_AnalyticMS_SR_8b_clip	pm5__20201105_20201124__0131	/scrfs/storage/yikebe/home/research/AR_Crop_Identification/make_dataset/raw_sentinel/pm5/pm5__20201105_20201124__0131	2020-11-21	742998.00000000,3693474.00000000,743766.00000000,3694242.00000000
train	006545	lower__20201119_165215_87_225b_3B_AnalyticMS_SR_8b_clip	pm5__20201105_20201124__0131	/scrfs/storage/yikebe/home/research/AR_Crop_Identification/make_dataset/raw_sentinel/pm5/pm5__20201105_20201124__0131	2020-11-21	729942.00000000,3692706.00000000,730710.00000000,3693474.00000000
train	006561	lower__20201119_165215_87_225b_3B_AnalyticMS_SR_8b_clip	pm5__20201105_20201124__0131	/scrfs/storage/yikebe/home/research/AR_Crop_Identification/make_dataset/raw_sentinel/pm5/pm5__20201105_20201124__0131	2020-11-21	730710.00000000,3692706.00000000,731478.00000000,3693474.00000000
train	006577	lower__20201119_165215_87_225b_3B_AnalyticMS_SR_8b_clip	pm5__20201105_20201124__0131	/scrfs/storage/yikebe/home/research/AR_Crop_Identification/make_dataset/raw_sentinel/pm5/pm5__20201105_20201124__0131	2020-11-21	729942.00000000,3691938.00000000,730710.00000000,3692706.00000000
train	006593	lower__20201119_165215_87_225b_3B_AnalyticMS_SR_8b_clip	pm5__20201105_20201124__0131	/scrfs/storage/yikebe/home/research/AR_Crop_Identification/make_dataset/raw_sentinel/pm5/pm5__20201105_20201124__0131	2020-11-21	731478.00000000,3691938.00000000,732246.00000000,3692706.00000000
train	006609	lower__20201119_165215_87_225b_3B_AnalyticMS_SR_8b_clip	pm5__20201105_20201124__0131	/scrfs/storage/yikebe/home/research/AR_Crop_Identification/make_dataset/raw_sentinel/pm5/pm5__20201105_20201124__0131	2020-11-21	733014.00000000,3690402.00000000,733782.00000000,3691170.00000000
train	006625	lower__20201119_165215_87_225b_3B_AnalyticMS_SR_8b_clip	pm5__20201105_20201124__0131	/scrfs/storage/yikebe/home/research/AR_Crop_Identification/make_dataset/raw_sentinel/pm5/pm5__20201105_20201124__0131	2020-11-21	742998.00000000,3688866.00000000,743766.00000000,3689634.00000000
train	006641	lower__20201119_165215_87_225b_3B_AnalyticMS_SR_8b_clip	pm5__20201105_20201124__0131	/scrfs/storage/yikebe/home/research/AR_Crop_Identification/make_dataset/raw_sentinel/pm5/pm5__20201105_20201124__0131	2020-11-21	744534.00000000,3688866.00000000,745302.00000000,3689634.00000000
