split	sample_id	scene_id	sentinel_request_id	sentinel_request_root	sentinel_date	planet_bounds
train	000013	lower__20200511_160006_40_2263_3B_AnalyticMS_SR_8b_clip	pm5__20200506_20200523__0006	/scrfs/storage/yikebe/home/research/AR_Crop_Identification/make_dataset/raw_sentinel/pm5/pm5__20200506_20200523__0006	2020-05-10	679944.00000000,3776718.00000000,680712.00000000,3777486.00000000
train	000029	lower__20200511_160006_40_2263_3B_AnalyticMS_SR_8b_clip	pm5__20200506_20200523__0006	/scrfs/storage/yikebe/home/research/AR_Crop_Identification/make_dataset/raw_sentinel/pm5/pm5__20200506_20200523__0006	2020-05-10	682248.00000000,3776718.00000000,683016.00000000,3777486.00000000
train	000045	lower__20200511_160006_40_2263_3B_AnalyticMS_SR_8b_clip	pm5__20200506_20200523__0006	/scrfs/storage/yikebe/home/research/AR_Crop_Identification/make_dataset/raw_sentinel/pm5/pm5__20200506_20200523__0006	2020-05-10	689160.00000000,3776718.00000000,689928.00000000,3777486.00000000
train	000061	lower__20200511_160006_40_2263_3B_AnalyticMS_SR_8b_clip	pm5__20200506_20200523__0006	/scrfs/storage/yikebe/home/research/AR_Crop_Identification/make_dataset/raw_sentinel/pm5/pm5__20200506_20200523__0006	2020-05-10	679176.00000000,3775950.00000000,679944.00000000,3776718.00000000
train	000077	lower__20200511_160006_40_2263_3B_AnalyticMS_SR_8b_clip	pm5__20200506_20200523__0006	/scrfs/storage/yikebe/home/research/AR_Crop_Identification/make_dataset/raw_sentinel/pm5/pm5__20200506_20200523__0006	2020-05-10	679944.00000000,3775950.00000000,680712.00000000,3776718.00000000
train	000093	lower__20200511_160006_40_2263_3B_AnalyticMS_SR_8b_clip	pm5__20200506_20200523__0006	/scrfs/storage/yikebe/home/research/AR_Crop_Identification/make_dataset/raw_sentinel/pm5/pm5__20200506_20200523__0006	2020-05-10	680712.00000000,3775950.00000000,681480.00000000,3776718.00000000
train	000109	lower__20200511_160006_40_2263_3B_AnalyticMS_SR_8b_clip	pm5__20200506_20200523__0006	/scrfs/storage/yikebe/home/research/AR_Crop_Identification/make_dataset/raw_sentinel/pm5/pm5__20200506_20200523__0006	2020-05-10	682248.00000000,3775950.00000000,683016.00000000,3776718.00000000
train	000125	lower__20200511_160006_40_2263_3B_AnalyticMS_SR_8b_clip	pm5__20200506_20200523__0006	/scrfs/storage/yikebe/home/research/AR_Crop_Identification/make_dataset/raw_sentinel/pm5/pm5__20200506_20200523__0006	2020-05-10	683016.00000000,3775950.00000000,683784.00000000,3776718.00000000
train	000141	lower__20200511_160006_40_2263_3B_AnalyticMS_SR_8b_clip	pm5__20200506_20200523__0006	/scrfs/storage/yikebe/home/research/AR_Crop_Identification/make_dataset/raw_sentinel/pm5/pm5__20200506_20200523__0006	2020-05-10	679176.00000000,3775182.00000000,679944.00000000,3775950.00000000
train	000157	lower__20200511_160006_40_2263_3B_AnalyticMS_SR_8b_clip	pm5__20200506_20200523__0006	/scrfs/storage/yikebe/home/research/AR_Crop_Identification/make_dataset/raw_sentinel/pm5/pm5__20200506_20200523__0006	2020-05-10	679944.00000000,3775182.00000000,680712.00000000,3775950.00000000
train	000173	lower__20200511_160006_40_2263_3B_AnalyticMS_SR_8b_clip	pm5__20200506_20200523__0006	/scrfs/storage/yikebe/home/research/AR_Crop_Identification/make_dataset/raw_sentinel/pm5/pm5__20200506_20200523__0006	2020-05-10	680712.00000000,3775182.00000000,681480.00000000,3775950.00000000
train	000189	lower__20200511_160006_40_2263_3B_AnalyticMS_SR_8b_clip	pm5__20200506_20200523__0006	/scrfs/storage/yikebe/home/research/AR_Crop_Identification/make_dataset/raw_sentinel/pm5/pm5__20200506_20200523__0006	2020-05-10	681480.00000000,3775182.00000000,682248.00000000,3775950.00000000
train	000205	lower__20200511_160006_40_2263_3B_AnalyticMS_SR_8b_clip	pm5__20200506_20200523__0006	/scrfs/storage/yikebe/home/research/AR_Crop_Identification/make_dataset/raw_sentinel/pm5/pm5__20200506_20200523__0006	2020-05-10	682248.00000000,3775182.00000000,683016.00000000,3775950.00000000
train	000221	lower__20200511_160006_40_2263_3B_AnalyticMS_SR_8b_clip	pm5__20200506_20200523__0006	/scrfs/storage/yikebe/home/research/AR_Crop_Identification/make_dataset/raw_sentinel/pm5/pm5__20200506_20200523__0006	2020-05-10	683016.00000000,3775182.00000000,683784.00000000,3775950.00000000
train	000237	lower__20200511_160006_40_2263_3B_AnalyticMS_SR_8b_clip	pm5__20200506_20200523__0006	/scrfs/storage/yikebe/home/research/AR_Crop_Identification/make_dataset/raw_sentinel/pm5/pm5__20200506_20200523__0006	2020-05-10	683784.00000000,3775182.00000000,684552.00000000,3775950.00000000
train	000253	lower__20200511_160006_40_2263_3B_AnalyticMS_SR_8b_clip	pm5__20200506_20200523__0006	/scrfs/storage/yikebe/home/research/AR_Crop_Identification/make_dataset/raw_sentinel/pm5/pm5__20200506_20200523__0006	2020-05-10	682248.00000000,3774414.00000000,683016.00000000,3775182.00000000
train	000269	lower__20200511_160006_40_2263_3B_AnalyticMS_SR_8b_clip	pm5__20200506_20200523__0006	/scrfs/storage/yikebe/home/research/AR_Crop_Identification/make_dataset/raw_sentinel/pm5/pm5__20200506_20200523__0006	2020-05-10	683016.00000000,3774414.00000000,683784.00000000,3775182.00000000
train	000285	lower__20200511_160006_40_2263_3B_AnalyticMS_SR_8b_clip	pm5__20200506_20200523__0006	/scrfs/storage/yikebe/home/research/AR_Crop_Identification/make_dataset/raw_sentinel/pm5/pm5__20200506_20200523__0006	2020-05-10	686088.00000000,3774414.00000000,686856.00000000,3775182.00000000
train	000301	lower__20200511_160006_40_2263_3B_AnalyticMS_SR_8b_clip	pm5__20200506_20200523__0006	/scrfs/storage/yikebe/home/research/AR_Crop_Identification/make_dataset/raw_sentinel/pm5/pm5__20200506_20200523__0006	2020-05-10	700680.00000000,3774414.00000000,701448.00000000,3775182.00000000
train	000317	lower__20200511_160006_40_2263_3B_AnalyticMS_SR_8b_clip	pm5__20200506_20200523__0006	/scrfs/storage/yikebe/home/research/AR_Crop_Identification/make_dataset/raw_sentinel/pm5/pm5__20200506_20200523__0006	2020-05-10	701448.00000000,3774414.00000000,702216.00000000,3775182.00000000
train	000333	lower__20200511_160006_40_2263_3B_AnalyticMS_SR_8b_clip	pm5__20200506_20200523__0006	/scrfs/storage/yikebe/home/research/AR_Crop_Identification/make_dataset/raw_sentinel/pm5/pm5__20200506_20200523__0006	2020-05-10	679176.00000000,3773646.00000000,679944.00000000,3774414.00000000
train	000349	lower__20200511_160006_40_2263_3B_AnalyticMS_SR_8b_clip	pm5__20200506_20200523__0006	/scrfs/storage/yikebe/home/research/AR_Crop_Identification/make_dataset/raw_sentinel/pm5/pm5__20200506_20200523__0006	2020-05-10	679944.00000000,3773646.00000000,680712.00000000,3774414.00000000
train	000365	lower__20200511_160006_40_2263_3B_AnalyticMS_SR_8b_clip	pm5__20200506_20200523__0006	/scrfs/storage/yikebe/home/research/AR_Crop_Identification/make_dataset/raw_sentinel/pm5/pm5__20200506_20200523__0006	2020-05-10	680712.00000000,3773646.00000000,681480.00000000,3774414.00000000
train	000381	lower__20200511_160006_40_2263_3B_AnalyticMS_SR_8b_clip	pm5__20200506_20200523__0006	/scrfs/storage/yikebe/home/research/AR_Crop_Identification/make_dataset/raw_sentinel/pm5/pm5__20200506_20200523__0006	2020-05-10	681480.00000000,3773646.00000000,682248.00000000,3774414.00000000
train	000397	lower__20200511_160006_40_2263_3B_AnalyticMS_SR_8b_clip	pm5__20200506_20200523__0006	/scrfs/storage/yikebe/home/research/AR_Crop_Identification/make_dataset/raw_sentinel/pm5/pm5__20200506_20200523__0006	2020-05-10	682248.00000000,3773646.00000000,683016.00000000,3774414.00000000
train	000413	lower__20200511_160006_40_2263_3B_AnalyticMS_SR_8b_clip	pm5__20200506_20200523__0006	/scrfs/storage/yikebe/home/research/AR_Crop_Identification/make_dataset/raw_sentinel/pm5/pm5__20200506_20200523__0006	2020-05-10	683016.00000000,3773646.00000000,683784.00000000,3774414.00000000
train	000429	lower__20200511_160006_40_2263_3B_AnalyticMS_SR_8b_clip	pm5__20200506_20200523__0006	/scrfs/storage/yikebe/home/research/AR_Crop_Identification/make_dataset/raw_sentinel/pm5/pm5__20200506_20200523__0006	2020-05-10	686856.00000000,3773646.00000000,687624.00000000,3774414.00000000
train	000445	lower__20200511_160006_40_2263_3B_AnalyticMS_SR_8b_clip	pm5__20200506_20200523__0006	/scrfs/storage/yikebe/home/research/AR_Crop_Identification/make_dataset/raw_sentinel/pm5/pm5__20200506_20200523__0006	2020-05-10	679176.00000000,3772878.00000000,679944.00000000,3773646.00000000
train	000461	lower__20200511_160006_40_2263_3B_AnalyticMS_SR_8b_clip	pm5__20200506_20200523__0006	/scrfs/storage/yikebe/home/research/AR_Crop_Identification/make_dataset/raw_sentinel/pm5/pm5__20200506_20200523__0006	2020-05-10	682248.00000000,3772878.00000000,683016.00000000,3773646.00000000
train	000477	lower__20200511_160006_40_2263_3B_AnalyticMS_SR_8b_clip	pm5__20200506_20200523__0006	/scrfs/storage/yikebe/home/research/AR_Crop_Identification/make_dataset/raw_sentinel/pm5/pm5__20200506_20200523__0006	2020-05-10	683016.00000000,3769806.00000000,683784.00000000,3770574.00000000
train	000493	lower__20200511_160006_40_2263_3B_AnalyticMS_SR_8b_clip	pm5__20200506_20200523__0006	/scrfs/storage/yikebe/home/research/AR_Crop_Identification/make_dataset/raw_sentinel/pm5/pm5__20200506_20200523__0006	2020-05-10	683784.00000000,3769806.00000000,684552.00000000,3770574.00000000
train	000509	lower__20200511_160006_40_2263_3B_AnalyticMS_SR_8b_clip	pm5__20200506_20200523__0006	/scrfs/storage/yikebe/home/research/AR_Crop_Identification/make_dataset/raw_sentinel/pm5/pm5__20200506_20200523__0006	2020-05-10	683784.00000000,3769038.00000000,684552.00000000,3769806.00000000
train	000525	lower__20200511_160006_40_2263_3B_AnalyticMS_SR_8b_clip	pm5__20200506_20200523__0006	/scrfs/storage/yikebe/home/research/AR_Crop_Identification/make_dataset/raw_sentinel/pm5/pm5__20200506_20200523__0006	2020-05-10	681480.00000000,3767502.00000000,682248.00000000,3768270.00000000
train	000541	lower__20200511_160006_40_2263_3B_AnalyticMS_SR_8b_clip	pm5__20200506_20200523__0006	/scrfs/storage/yikebe/home/research/AR_Crop_Identification/make_dataset/raw_sentinel/pm5/pm5__20200506_20200523__0006	2020-05-10	708360.00000000,3766734.00000000,709128.00000000,3767502.00000000
train	000557	lower__20200511_160006_40_2263_3B_AnalyticMS_SR_8b_clip	pm5__20200506_20200523__0006	/scrfs/storage/yikebe/home/research/AR_Crop_Identification/make_dataset/raw_sentinel/pm5/pm5__20200506_20200523__0006	2020-05-10	709128.00000000,3766734.00000000,709896.00000000,3767502.00000000
train	000573	lower__20200511_160006_40_2263_3B_AnalyticMS_SR_8b_clip	pm5__20200506_20200523__0006	/scrfs/storage/yikebe/home/research/AR_Crop_Identification/make_dataset/raw_sentinel/pm5/pm5__20200506_20200523__0006	2020-05-10	695304.00000000,3765198.00000000,696072.00000000,3765966.00000000
train	000589	lower__20200511_160006_40_2263_3B_AnalyticMS_SR_8b_clip	pm5__20200506_20200523__0006	/scrfs/storage/yikebe/home/research/AR_Crop_Identification/make_dataset/raw_sentinel/pm5/pm5__20200506_20200523__0006	2020-05-10	709896.00000000,3764430.00000000,710664.00000000,3765198.00000000
train	000605	lower__20200511_160006_40_2263_3B_AnalyticMS_SR_8b_clip	pm5__20200506_20200523__0006	/scrfs/storage/yikebe/home/research/AR_Crop_Identification/make_dataset/raw_sentinel/pm5/pm5__20200506_20200523__0006	2020-05-10	697608.00000000,3760590.00000000,698376.00000000,3761358.00000000
train	000621	lower__20200511_160006_40_2263_3B_AnalyticMS_SR_8b_clip	pm5__20200506_20200523__0006	/scrfs/storage/yikebe/home/research/AR_Crop_Identification/make_dataset/raw_sentinel/pm5/pm5__20200506_20200523__0006	2020-05-10	707592.00000000,3760590.00000000,708360.00000000,3761358.00000000
train	000637	lower__20200511_160006_40_2263_3B_AnalyticMS_SR_8b_clip	pm5__20200506_20200523__0006	/scrfs/storage/yikebe/home/research/AR_Crop_Identification/make_dataset/raw_sentinel/pm5/pm5__20200506_20200523__0006	2020-05-10	708360.00000000,3760590.00000000,709128.00000000,3761358.00000000
train	000653	lower__20200511_160006_40_2263_3B_AnalyticMS_SR_8b_clip	pm5__20200506_20200523__0006	/scrfs/storage/yikebe/home/research/AR_Crop_Identification/make_dataset/raw_sentinel/pm5/pm5__20200506_20200523__0006	2020-05-10	709128.00000000,3760590.00000000,709896.00000000,3761358.00000000
train	000669	lower__20200511_160006_40_2263_3B_AnalyticMS_SR_8b_clip	pm5__20200506_20200523__0006	/scrfs/storage/yikebe/home/research/AR_Crop_Identification/make_dataset/raw_sentinel/pm5/pm5__20200506_20200523__0006	2020-05-10	708360.00000000,3759822.00000000,709128.00000000,3760590.00000000
train	000685	lower__20200511_160006_40_2263_3B_AnalyticMS_SR_8b_clip	pm5__20200506_20200523__0006	/scrfs/storage/yikebe/home/research/AR_Crop_Identification/make_dataset/raw_sentinel/pm5/pm5__20200506_20200523__0006	2020-05-10	709128.00000000,3759822.00000000,709896.00000000,3760590.00000000
train	000701	lower__20200713_160208_07_2259_3B_AnalyticMS_SR_8b_clip	pm5__20200705_20200723__0016	/scrfs/storage/yikebe/home/research/AR_Crop_Identification/make_dataset/raw_sentinel/pm5/pm5__20200705_20200723__0016	2020-07-14	671973.00000000,3721962.00000000,672741.00000000,3722730.00000000
train	000717	lower__20200713_160208_07_2259_3B_AnalyticMS_SR_8b_clip	pm5__20200705_20200723__0016	/scrfs/storage/yikebe/home/research/AR_Crop_Identification/make_dataset/raw_sentinel/pm5/pm5__20200705_20200723__0016	2020-07-14	672741.00000000,3718890.00000000,673509.00000000,3719658.00000000
train	000733	lower__20200910_155902_45_220b_3B_AnalyticMS_SR_8b_clip	pm5__20200905_20200924__0025	/scrfs/storage/yikebe/home/research/AR_Crop_Identification/make_dataset/raw_sentinel/pm5/pm5__20200905_20200924__0025	2020-09-07	704109.00000000,3706434.00000000,704877.00000000,3707202.00000000
train	000749	lower__20200910_155902_45_220b_3B_AnalyticMS_SR_8b_clip	pm5__20200905_20200924__0025	/scrfs/storage/yikebe/home/research/AR_Crop_Identification/make_dataset/raw_sentinel/pm5/pm5__20200905_20200924__0025	2020-09-07	703341.00000000,3705666.00000000,704109.00000000,3706434.00000000
train	000765	lower__20200910_155902_45_220b_3B_AnalyticMS_SR_8b_clip	pm5__20200905_20200924__0025	/scrfs/storage/yikebe/home/research/AR_Crop_Identification/make_dataset/raw_sentinel/pm5/pm5__20200905_20200924__0025	2020-09-07	704109.00000000,3705666.00000000,704877.00000000,3706434.00000000
train	000781	lower__20200910_155902_45_220b_3B_AnalyticMS_SR_8b_clip	pm5__20200905_20200924__0025	/scrfs/storage/yikebe/home/research/AR_Crop_Identification/make_dataset/raw_sentinel/pm5/pm5__20200905_20200924__0025	2020-09-07	711789.00000000,3704130.00000000,712557.00000000,3704898.00000000
train	000797	lower__20200910_155902_45_220b_3B_AnalyticMS_SR_8b_clip	pm5__20200905_20200924__0025	/scrfs/storage/yikebe/home/research/AR_Crop_Identification/make_dataset/raw_sentinel/pm5/pm5__20200905_20200924__0025	2020-09-07	712557.00000000,3704130.00000000,713325.00000000,3704898.00000000
train	000813	lower__20200910_155902_45_220b_3B_AnalyticMS_SR_8b_clip	pm5__20200905_20200924__0025	/scrfs/storage/yikebe/home/research/AR_Crop_Identification/make_dataset/raw_sentinel/pm5/pm5__20200905_20200924__0025	2020-09-07	713325.00000000,3704130.00000000,714093.00000000,3704898.00000000
train	000829	lower__20200910_155902_45_220b_3B_AnalyticMS_SR_8b_clip	pm5__20200905_20200924__0025	/scrfs/storage/yikebe/home/research/AR_Crop_Identification/make_dataset/raw_sentinel/pm5/pm5__20200905_20200924__0025	2020-09-07	713325.00000000,3703362.00000000,714093.00000000,3704130.00000000
train	000845	lower__20200910_155902_45_220b_3B_AnalyticMS_SR_8b_clip	pm5__20200905_20200924__0025	/scrfs/storage/yikebe/home/research/AR_Crop_Identification/make_dataset/raw_sentinel/pm5/pm5__20200905_20200924__0025	2020-09-07	713325.00000000,3701826.00000000,714093.00000000,3702594.00000000
train	000861	lower__20200910_155902_45_220b_3B_AnalyticMS_SR_8b_clip	pm5__20200905_20200924__0025	/scrfs/storage/yikebe/home/research/AR_Crop_Identification/make_dataset/raw_sentinel/pm5/pm5__20200905_20200924__0025	2020-09-07	714861.00000000,3701826.00000000,715629.00000000,3702594.00000000
train	000877	lower__20200910_155902_45_220b_3B_AnalyticMS_SR_8b_clip	pm5__20200905_20200924__0025	/scrfs/storage/yikebe/home/research/AR_Crop_Identification/make_dataset/raw_sentinel/pm5/pm5__20200905_20200924__0025	2020-09-07	715629.00000000,3701826.00000000,716397.00000000,3702594.00000000
train	000893	lower__20200910_155902_45_220b_3B_AnalyticMS_SR_8b_clip	pm5__20200905_20200924__0025	/scrfs/storage/yikebe/home/research/AR_Crop_Identification/make_dataset/raw_sentinel/pm5/pm5__20200905_20200924__0025	2020-09-07	716397.00000000,3701826.00000000,717165.00000000,3702594.00000000
train	000909	lower__20200910_155902_45_220b_3B_AnalyticMS_SR_8b_clip	pm5__20200905_20200924__0025	/scrfs/storage/yikebe/home/research/AR_Crop_Identification/make_dataset/raw_sentinel/pm5/pm5__20200905_20200924__0025	2020-09-07	726381.00000000,3701826.00000000,727149.00000000,3702594.00000000
train	000925	lower__20200910_155902_45_220b_3B_AnalyticMS_SR_8b_clip	pm5__20200905_20200924__0025	/scrfs/storage/yikebe/home/research/AR_Crop_Identification/make_dataset/raw_sentinel/pm5/pm5__20200905_20200924__0025	2020-09-07	708717.00000000,3701058.00000000,709485.00000000,3701826.00000000
train	000941	lower__20200910_155902_45_220b_3B_AnalyticMS_SR_8b_clip	pm5__20200905_20200924__0025	/scrfs/storage/yikebe/home/research/AR_Crop_Identification/make_dataset/raw_sentinel/pm5/pm5__20200905_20200924__0025	2020-09-07	714861.00000000,3701058.00000000,715629.00000000,3701826.00000000
train	000957	lower__20200910_155902_45_220b_3B_AnalyticMS_SR_8b_clip	pm5__20200905_20200924__0025	/scrfs/storage/yikebe/home/research/AR_Crop_Identification/make_dataset/raw_sentinel/pm5/pm5__20200905_20200924__0025	2020-09-07	715629.00000000,3700290.00000000,716397.00000000,3701058.00000000
train	000973	lower__20200910_155902_45_220b_3B_AnalyticMS_SR_8b_clip	pm5__20200905_20200924__0025	/scrfs/storage/yikebe/home/research/AR_Crop_Identification/make_dataset/raw_sentinel/pm5/pm5__20200905_20200924__0025	2020-09-07	717165.00000000,3700290.00000000,717933.00000000,3701058.00000000
train	000989	lower__20200910_155902_45_220b_3B_AnalyticMS_SR_8b_clip	pm5__20200905_20200924__0025	/scrfs/storage/yikebe/home/research/AR_Crop_Identification/make_dataset/raw_sentinel/pm5/pm5__20200905_20200924__0025	2020-09-07	702573.00000000,3698754.00000000,703341.00000000,3699522.00000000
train	001005	lower__20200910_155902_45_220b_3B_AnalyticMS_SR_8b_clip	pm5__20200905_20200924__0025	/scrfs/storage/yikebe/home/research/AR_Crop_Identification/make_dataset/raw_sentinel/pm5/pm5__20200905_20200924__0025	2020-09-07	703341.00000000,3698754.00000000,704109.00000000,3699522.00000000
train	001021	lower__20200910_155902_45_220b_3B_AnalyticMS_SR_8b_clip	pm5__20200905_20200924__0025	/scrfs/storage/yikebe/home/research/AR_Crop_Identification/make_dataset/raw_sentinel/pm5/pm5__20200905_20200924__0025	2020-09-07	714093.00000000,3698754.00000000,714861.00000000,3699522.00000000
train	001037	lower__20200910_155902_45_220b_3B_AnalyticMS_SR_8b_clip	pm5__20200905_20200924__0025	/scrfs/storage/yikebe/home/research/AR_Crop_Identification/make_dataset/raw_sentinel/pm5/pm5__20200905_20200924__0025	2020-09-07	701805.00000000,3697986.00000000,702573.00000000,3698754.00000000
train	001053	lower__20200910_155902_45_220b_3B_AnalyticMS_SR_8b_clip	pm5__20200905_20200924__0025	/scrfs/storage/yikebe/home/research/AR_Crop_Identification/make_dataset/raw_sentinel/pm5/pm5__20200905_20200924__0025	2020-09-07	702573.00000000,3697986.00000000,703341.00000000,3698754.00000000
train	001069	lower__20200910_155902_45_220b_3B_AnalyticMS_SR_8b_clip	pm5__20200905_20200924__0025	/scrfs/storage/yikebe/home/research/AR_Crop_Identification/make_dataset/raw_sentinel/pm5/pm5__20200905_20200924__0025	2020-09-07	723309.00000000,3697986.00000000,724077.00000000,3698754.00000000
train	001085	lower__20200910_155902_45_220b_3B_AnalyticMS_SR_8b_clip	pm5__20200905_20200924__0025	/scrfs/storage/yikebe/home/research/AR_Crop_Identification/make_dataset/raw_sentinel/pm5/pm5__20200905_20200924__0025	2020-09-07	701805.00000000,3697218.00000000,702573.00000000,3697986.00000000
train	001101	lower__20200910_155902_45_220b_3B_AnalyticMS_SR_8b_clip	pm5__20200905_20200924__0025	/scrfs/storage/yikebe/home/research/AR_Crop_Identification/make_dataset/raw_sentinel/pm5/pm5__20200905_20200924__0025	2020-09-07	704109.00000000,3697218.00000000,704877.00000000,3697986.00000000
train	001117	lower__20200910_155902_45_220b_3B_AnalyticMS_SR_8b_clip	pm5__20200905_20200924__0025	/scrfs/storage/yikebe/home/research/AR_Crop_Identification/make_dataset/raw_sentinel/pm5/pm5__20200905_20200924__0025	2020-09-07	703341.00000000,3696450.00000000,704109.00000000,3697218.00000000
train	001133	lower__20200910_155902_45_220b_3B_AnalyticMS_SR_8b_clip	pm5__20200905_20200924__0025	/scrfs/storage/yikebe/home/research/AR_Crop_Identification/make_dataset/raw_sentinel/pm5/pm5__20200905_20200924__0025	2020-09-07	714861.00000000,3696450.00000000,715629.00000000,3697218.00000000
train	001149	lower__20200910_155902_45_220b_3B_AnalyticMS_SR_8b_clip	pm5__20200905_20200924__0025	/scrfs/storage/yikebe/home/research/AR_Crop_Identification/make_dataset/raw_sentinel/pm5/pm5__20200905_20200924__0025	2020-09-07	714093.00000000,3694914.00000000,714861.00000000,3695682.00000000
train	001165	lower__20200910_155902_45_220b_3B_AnalyticMS_SR_8b_clip	pm5__20200905_20200924__0025	/scrfs/storage/yikebe/home/research/AR_Crop_Identification/make_dataset/raw_sentinel/pm5/pm5__20200905_20200924__0025	2020-09-07	714093.00000000,3694146.00000000,714861.00000000,3694914.00000000
train	001181	lower__20200910_155902_45_220b_3B_AnalyticMS_SR_8b_clip	pm5__20200905_20200924__0025	/scrfs/storage/yikebe/home/research/AR_Crop_Identification/make_dataset/raw_sentinel/pm5/pm5__20200905_20200924__0025	2020-09-07	717933.00000000,3693378.00000000,718701.00000000,3694146.00000000
train	001197	lower__20200910_155902_45_220b_3B_AnalyticMS_SR_8b_clip	pm5__20200905_20200924__0025	/scrfs/storage/yikebe/home/research/AR_Crop_Identification/make_dataset/raw_sentinel/pm5/pm5__20200905_20200924__0025	2020-09-07	717165.00000000,3692610.00000000,717933.00000000,3693378.00000000
train	001213	lower__20200910_155902_45_220b_3B_AnalyticMS_SR_8b_clip	pm5__20200905_20200924__0025	/scrfs/storage/yikebe/home/research/AR_Crop_Identification/make_dataset/raw_sentinel/pm5/pm5__20200905_20200924__0025	2020-09-07	700269.00000000,3691842.00000000,701037.00000000,3692610.00000000
train	001229	lower__20200910_155902_45_220b_3B_AnalyticMS_SR_8b_clip	pm5__20200905_20200924__0025	/scrfs/storage/yikebe/home/research/AR_Crop_Identification/make_dataset/raw_sentinel/pm5/pm5__20200905_20200924__0025	2020-09-07	701037.00000000,3691842.00000000,701805.00000000,3692610.00000000
train	001245	lower__20200910_155902_45_220b_3B_AnalyticMS_SR_8b_clip	pm5__20200905_20200924__0025	/scrfs/storage/yikebe/home/research/AR_Crop_Identification/make_dataset/raw_sentinel/pm5/pm5__20200905_20200924__0025	2020-09-07	717165.00000000,3691842.00000000,717933.00000000,3692610.00000000
train	001261	lower__20200910_155902_45_220b_3B_AnalyticMS_SR_8b_clip	pm5__20200905_20200924__0025	/scrfs/storage/yikebe/home/research/AR_Crop_Identification/make_dataset/raw_sentinel/pm5/pm5__20200905_20200924__0025	2020-09-07	717933.00000000,3691842.00000000,718701.00000000,3692610.00000000
train	001277	lower__20200911_160733_34_2277_3B_AnalyticMS_SR_8b_clip	pm5__20200905_20200924__0034	/scrfs/storage/yikebe/home/research/AR_Crop_Identification/make_dataset/raw_sentinel/pm5/pm5__20200905_20200924__0034	2020-09-07	616647.00000000,3770286.00000000,617415.00000000,3771054.00000000
train	001293	lower__20200911_160733_34_2277_3B_AnalyticMS_SR_8b_clip	pm5__20200905_20200924__0034	/scrfs/storage/yikebe/home/research/AR_Crop_Identification/make_dataset/raw_sentinel/pm5/pm5__20200905_20200924__0034	2020-09-07	606663.00000000,3769518.00000000,607431.00000000,3770286.00000000
train	001309	lower__20200911_160733_34_2277_3B_AnalyticMS_SR_8b_clip	pm5__20200905_20200924__0034	/scrfs/storage/yikebe/home/research/AR_Crop_Identification/make_dataset/raw_sentinel/pm5/pm5__20200905_20200924__0034	2020-09-07	616647.00000000,3768750.00000000,617415.00000000,3769518.00000000
train	001325	lower__20200911_160733_34_2277_3B_AnalyticMS_SR_8b_clip	pm5__20200905_20200924__0034	/scrfs/storage/yikebe/home/research/AR_Crop_Identification/make_dataset/raw_sentinel/pm5/pm5__20200905_20200924__0034	2020-09-07	617415.00000000,3767214.00000000,618183.00000000,3767982.00000000
train	001341	lower__20200911_160733_34_2277_3B_AnalyticMS_SR_8b_clip	pm5__20200905_20200924__0034	/scrfs/storage/yikebe/home/research/AR_Crop_Identification/make_dataset/raw_sentinel/pm5/pm5__20200905_20200924__0034	2020-09-07	618183.00000000,3765678.00000000,618951.00000000,3766446.00000000
train	001357	lower__20200911_160733_34_2277_3B_AnalyticMS_SR_8b_clip	pm5__20200905_20200924__0034	/scrfs/storage/yikebe/home/research/AR_Crop_Identification/make_dataset/raw_sentinel/pm5/pm5__20200905_20200924__0034	2020-09-07	618951.00000000,3765678.00000000,619719.00000000,3766446.00000000
train	001373	lower__20200911_160733_34_2277_3B_AnalyticMS_SR_8b_clip	pm5__20200905_20200924__0034	/scrfs/storage/yikebe/home/research/AR_Crop_Identification/make_dataset/raw_sentinel/pm5/pm5__20200905_20200924__0034	2020-09-07	617415.00000000,3764910.00000000,618183.00000000,3765678.00000000
train	001389	lower__20200911_160733_34_2277_3B_AnalyticMS_SR_8b_clip	pm5__20200905_20200924__0034	/scrfs/storage/yikebe/home/research/AR_Crop_Identification/make_dataset/raw_sentinel/pm5/pm5__20200905_20200924__0034	2020-09-07	618183.00000000,3764910.00000000,618951.00000000,3765678.00000000
train	001405	lower__20200911_160733_34_2277_3B_AnalyticMS_SR_8b_clip	pm5__20200905_20200924__0034	/scrfs/storage/yikebe/home/research/AR_Crop_Identification/make_dataset/raw_sentinel/pm5/pm5__20200905_20200924__0034	2020-09-07	618951.00000000,3764910.00000000,619719.00000000,3765678.00000000
train	001421	lower__20200911_160733_34_2277_3B_AnalyticMS_SR_8b_clip	pm5__20200905_20200924__0034	/scrfs/storage/yikebe/home/research/AR_Crop_Identification/make_dataset/raw_sentinel/pm5/pm5__20200905_20200924__0034	2020-09-07	618183.00000000,3764142.00000000,618951.00000000,3764910.00000000
train	001437	lower__20200911_160733_34_2277_3B_AnalyticMS_SR_8b_clip	pm5__20200905_20200924__0034	/scrfs/storage/yikebe/home/research/AR_Crop_Identification/make_dataset/raw_sentinel/pm5/pm5__20200905_20200924__0034	2020-09-07	618183.00000000,3762606.00000000,618951.00000000,3763374.00000000
train	001453	lower__20200911_160733_34_2277_3B_AnalyticMS_SR_8b_clip	pm5__20200905_20200924__0034	/scrfs/storage/yikebe/home/research/AR_Crop_Identification/make_dataset/raw_sentinel/pm5/pm5__20200905_20200924__0034	2020-09-07	618183.00000000,3761838.00000000,618951.00000000,3762606.00000000
train	001469	lower__20201111_165333_78_2401_3B_AnalyticMS_SR_8b_clip	pm5__20201105_20201124__0119	/scrfs/storage/yikebe/home/research/AR_Crop_Identification/make_dataset/raw_sentinel/pm5/pm5__20201105_20201124__0119	2020-11-11	711612.00000000,3728856.00000000,712380.00000000,3729624.00000000
train	001485	lower__20201111_165333_78_2401_3B_AnalyticMS_SR_8b_clip	pm5__20201105_20201124__0119	/scrfs/storage/yikebe/home/research/AR_Crop_Identification/make_dataset/raw_sentinel/pm5/pm5__20201105_20201124__0119	2020-11-11	714684.00000000,3728856.00000000,715452.00000000,3729624.00000000
train	001501	lower__20201111_165333_78_2401_3B_AnalyticMS_SR_8b_clip	pm5__20201105_20201124__0119	/scrfs/storage/yikebe/home/research/AR_Crop_Identification/make_dataset/raw_sentinel/pm5/pm5__20201105_20201124__0119	2020-11-11	715452.00000000,3728856.00000000,716220.00000000,3729624.00000000
train	001517	lower__20201111_165333_78_2401_3B_AnalyticMS_SR_8b_clip	pm5__20201105_20201124__0119	/scrfs/storage/yikebe/home/research/AR_Crop_Identification/make_dataset/raw_sentinel/pm5/pm5__20201105_20201124__0119	2020-11-11	716220.00000000,3727320.00000000,716988.00000000,3728088.00000000
train	001533	lower__20201111_165333_78_2401_3B_AnalyticMS_SR_8b_clip	pm5__20201105_20201124__0119	/scrfs/storage/yikebe/home/research/AR_Crop_Identification/make_dataset/raw_sentinel/pm5/pm5__20201105_20201124__0119	2020-11-11	706236.00000000,3726552.00000000,707004.00000000,3727320.00000000
train	001549	lower__20201111_165333_78_2401_3B_AnalyticMS_SR_8b_clip	pm5__20201105_20201124__0119	/scrfs/storage/yikebe/home/research/AR_Crop_Identification/make_dataset/raw_sentinel/pm5/pm5__20201105_20201124__0119	2020-11-11	715452.00000000,3726552.00000000,716220.00000000,3727320.00000000
train	001565	lower__20201111_165333_78_2401_3B_AnalyticMS_SR_8b_clip	pm5__20201105_20201124__0119	/scrfs/storage/yikebe/home/research/AR_Crop_Identification/make_dataset/raw_sentinel/pm5/pm5__20201105_20201124__0119	2020-11-11	703164.00000000,3725784.00000000,703932.00000000,3726552.00000000
train	001581	lower__20201111_165333_78_2401_3B_AnalyticMS_SR_8b_clip	pm5__20201105_20201124__0119	/scrfs/storage/yikebe/home/research/AR_Crop_Identification/make_dataset/raw_sentinel/pm5/pm5__20201105_20201124__0119	2020-11-11	710844.00000000,3725784.00000000,711612.00000000,3726552.00000000
train	001597	lower__20201111_165333_78_2401_3B_AnalyticMS_SR_8b_clip	pm5__20201105_20201124__0119	/scrfs/storage/yikebe/home/research/AR_Crop_Identification/make_dataset/raw_sentinel/pm5/pm5__20201105_20201124__0119	2020-11-11	714684.00000000,3725784.00000000,715452.00000000,3726552.00000000
train	001613	lower__20201111_165333_78_2401_3B_AnalyticMS_SR_8b_clip	pm5__20201105_20201124__0119	/scrfs/storage/yikebe/home/research/AR_Crop_Identification/make_dataset/raw_sentinel/pm5/pm5__20201105_20201124__0119	2020-11-11	730812.00000000,3725784.00000000,731580.00000000,3726552.00000000
train	001629	lower__20201111_165333_78_2401_3B_AnalyticMS_SR_8b_clip	pm5__20201105_20201124__0119	/scrfs/storage/yikebe/home/research/AR_Crop_Identification/make_dataset/raw_sentinel/pm5/pm5__20201105_20201124__0119	2020-11-11	731580.00000000,3725784.00000000,732348.00000000,3726552.00000000
train	001645	lower__20201111_165333_78_2401_3B_AnalyticMS_SR_8b_clip	pm5__20201105_20201124__0119	/scrfs/storage/yikebe/home/research/AR_Crop_Identification/make_dataset/raw_sentinel/pm5/pm5__20201105_20201124__0119	2020-11-11	702396.00000000,3725016.00000000,703164.00000000,3725784.00000000
train	001661	lower__20201111_165333_78_2401_3B_AnalyticMS_SR_8b_clip	pm5__20201105_20201124__0119	/scrfs/storage/yikebe/home/research/AR_Crop_Identification/make_dataset/raw_sentinel/pm5/pm5__20201105_20201124__0119	2020-11-11	703164.00000000,3725016.00000000,703932.00000000,3725784.00000000
train	001677	lower__20201111_165333_78_2401_3B_AnalyticMS_SR_8b_clip	pm5__20201105_20201124__0119	/scrfs/storage/yikebe/home/research/AR_Crop_Identification/make_dataset/raw_sentinel/pm5/pm5__20201105_20201124__0119	2020-11-11	730812.00000000,3725016.00000000,731580.00000000,3725784.00000000
train	001693	lower__20201111_165333_78_2401_3B_AnalyticMS_SR_8b_clip	pm5__20201105_20201124__0119	/scrfs/storage/yikebe/home/research/AR_Crop_Identification/make_dataset/raw_sentinel/pm5/pm5__20201105_20201124__0119	2020-11-11	731580.00000000,3725016.00000000,732348.00000000,3725784.00000000
train	001709	lower__20201111_165333_78_2401_3B_AnalyticMS_SR_8b_clip	pm5__20201105_20201124__0119	/scrfs/storage/yikebe/home/research/AR_Crop_Identification/make_dataset/raw_sentinel/pm5/pm5__20201105_20201124__0119	2020-11-11	733116.00000000,3725016.00000000,733884.00000000,3725784.00000000
train	001725	lower__20201111_165333_78_2401_3B_AnalyticMS_SR_8b_clip	pm5__20201105_20201124__0119	/scrfs/storage/yikebe/home/research/AR_Crop_Identification/make_dataset/raw_sentinel/pm5/pm5__20201105_20201124__0119	2020-11-11	703932.00000000,3724248.00000000,704700.00000000,3725016.00000000
train	001741	lower__20201111_165333_78_2401_3B_AnalyticMS_SR_8b_clip	pm5__20201105_20201124__0119	/scrfs/storage/yikebe/home/research/AR_Crop_Identification/make_dataset/raw_sentinel/pm5/pm5__20201105_20201124__0119	2020-11-11	730812.00000000,3724248.00000000,731580.00000000,3725016.00000000
train	001757	lower__20201111_165333_78_2401_3B_AnalyticMS_SR_8b_clip	pm5__20201105_20201124__0119	/scrfs/storage/yikebe/home/research/AR_Crop_Identification/make_dataset/raw_sentinel/pm5/pm5__20201105_20201124__0119	2020-11-11	732348.00000000,3724248.00000000,733116.00000000,3725016.00000000
train	001773	lower__20201111_165333_78_2401_3B_AnalyticMS_SR_8b_clip	pm5__20201105_20201124__0119	/scrfs/storage/yikebe/home/research/AR_Crop_Identification/make_dataset/raw_sentinel/pm5/pm5__20201105_20201124__0119	2020-11-11	733116.00000000,3724248.00000000,733884.00000000,3725016.00000000
train	001789	lower__20201111_165333_78_2401_3B_AnalyticMS_SR_8b_clip	pm5__20201105_20201124__0119	/scrfs/storage/yikebe/home/research/AR_Crop_Identification/make_dataset/raw_sentinel/pm5/pm5__20201105_20201124__0119	2020-11-11	725436.00000000,3723480.00000000,726204.00000000,3724248.00000000
train	001805	lower__20201111_165333_78_2401_3B_AnalyticMS_SR_8b_clip	pm5__20201105_20201124__0119	/scrfs/storage/yikebe/home/research/AR_Crop_Identification/make_dataset/raw_sentinel/pm5/pm5__20201105_20201124__0119	2020-11-11	730812.00000000,3723480.00000000,731580.00000000,3724248.00000000
train	001821	lower__20201111_165333_78_2401_3B_AnalyticMS_SR_8b_clip	pm5__20201105_20201124__0119	/scrfs/storage/yikebe/home/research/AR_Crop_Identification/make_dataset/raw_sentinel/pm5/pm5__20201105_20201124__0119	2020-11-11	730044.00000000,3722712.00000000,730812.00000000,3723480.00000000
train	001837	lower__20201111_165333_78_2401_3B_AnalyticMS_SR_8b_clip	pm5__20201105_20201124__0119	/scrfs/storage/yikebe/home/research/AR_Crop_Identification/make_dataset/raw_sentinel/pm5/pm5__20201105_20201124__0119	2020-11-11	730812.00000000,3722712.00000000,731580.00000000,3723480.00000000
train	001853	lower__20201111_165333_78_2401_3B_AnalyticMS_SR_8b_clip	pm5__20201105_20201124__0119	/scrfs/storage/yikebe/home/research/AR_Crop_Identification/make_dataset/raw_sentinel/pm5/pm5__20201105_20201124__0119	2020-11-11	700092.00000000,3721944.00000000,700860.00000000,3722712.00000000
train	001869	lower__20201111_165333_78_2401_3B_AnalyticMS_SR_8b_clip	pm5__20201105_20201124__0119	/scrfs/storage/yikebe/home/research/AR_Crop_Identification/make_dataset/raw_sentinel/pm5/pm5__20201105_20201124__0119	2020-11-11	730044.00000000,3721944.00000000,730812.00000000,3722712.00000000
train	001885	lower__20201111_165333_78_2401_3B_AnalyticMS_SR_8b_clip	pm5__20201105_20201124__0119	/scrfs/storage/yikebe/home/research/AR_Crop_Identification/make_dataset/raw_sentinel/pm5/pm5__20201105_20201124__0119	2020-11-11	730812.00000000,3721944.00000000,731580.00000000,3722712.00000000
train	001901	lower__20201111_165333_78_2401_3B_AnalyticMS_SR_8b_clip	pm5__20201105_20201124__0119	/scrfs/storage/yikebe/home/research/AR_Crop_Identification/make_dataset/raw_sentinel/pm5/pm5__20201105_20201124__0119	2020-11-11	731580.00000000,3721176.00000000,732348.00000000,3721944.00000000
train	001917	lower__20201111_165333_78_2401_3B_AnalyticMS_SR_8b_clip	pm5__20201105_20201124__0119	/scrfs/storage/yikebe/home/research/AR_Crop_Identification/make_dataset/raw_sentinel/pm5/pm5__20201105_20201124__0119	2020-11-11	732348.00000000,3721176.00000000,733116.00000000,3721944.00000000
train	001933	lower__20201111_165333_78_2401_3B_AnalyticMS_SR_8b_clip	pm5__20201105_20201124__0119	/scrfs/storage/yikebe/home/research/AR_Crop_Identification/make_dataset/raw_sentinel/pm5/pm5__20201105_20201124__0119	2020-11-11	710844.00000000,3720408.00000000,711612.00000000,3721176.00000000
train	001949	lower__20201111_165333_78_2401_3B_AnalyticMS_SR_8b_clip	pm5__20201105_20201124__0119	/scrfs/storage/yikebe/home/research/AR_Crop_Identification/make_dataset/raw_sentinel/pm5/pm5__20201105_20201124__0119	2020-11-11	730044.00000000,3720408.00000000,730812.00000000,3721176.00000000
train	001965	lower__20201111_165333_78_2401_3B_AnalyticMS_SR_8b_clip	pm5__20201105_20201124__0119	/scrfs/storage/yikebe/home/research/AR_Crop_Identification/make_dataset/raw_sentinel/pm5/pm5__20201105_20201124__0119	2020-11-11	731580.00000000,3720408.00000000,732348.00000000,3721176.00000000
train	001981	lower__20201111_165333_78_2401_3B_AnalyticMS_SR_8b_clip	pm5__20201105_20201124__0119	/scrfs/storage/yikebe/home/research/AR_Crop_Identification/make_dataset/raw_sentinel/pm5/pm5__20201105_20201124__0119	2020-11-11	732348.00000000,3720408.00000000,733116.00000000,3721176.00000000
train	001997	lower__20201111_165333_78_2401_3B_AnalyticMS_SR_8b_clip	pm5__20201105_20201124__0119	/scrfs/storage/yikebe/home/research/AR_Crop_Identification/make_dataset/raw_sentinel/pm5/pm5__20201105_20201124__0119	2020-11-11	730044.00000000,3719640.00000000,730812.00000000,3720408.00000000
train	002013	lower__20201111_165333_78_2401_3B_AnalyticMS_SR_8b_clip	pm5__20201105_20201124__0119	/scrfs/storage/yikebe/home/research/AR_Crop_Identification/make_dataset/raw_sentinel/pm5/pm5__20201105_20201124__0119	2020-11-11	699324.00000000,3718872.00000000,700092.00000000,3719640.00000000
train	002029	lower__20201111_165333_78_2401_3B_AnalyticMS_SR_8b_clip	pm5__20201105_20201124__0119	/scrfs/storage/yikebe/home/research/AR_Crop_Identification/make_dataset/raw_sentinel/pm5/pm5__20201105_20201124__0119	2020-11-11	700860.00000000,3718872.00000000,701628.00000000,3719640.00000000
train	002045	lower__20201111_165333_78_2401_3B_AnalyticMS_SR_8b_clip	pm5__20201105_20201124__0119	/scrfs/storage/yikebe/home/research/AR_Crop_Identification/make_dataset/raw_sentinel/pm5/pm5__20201105_20201124__0119	2020-11-11	700860.00000000,3718104.00000000,701628.00000000,3718872.00000000
train	002061	lower__20201111_165333_78_2401_3B_AnalyticMS_SR_8b_clip	pm5__20201105_20201124__0119	/scrfs/storage/yikebe/home/research/AR_Crop_Identification/make_dataset/raw_sentinel/pm5/pm5__20201105_20201124__0119	2020-11-11	702396.00000000,3718104.00000000,703164.00000000,3718872.00000000
train	002077	lower__20201111_165333_78_2401_3B_AnalyticMS_SR_8b_clip	pm5__20201105_20201124__0119	/scrfs/storage/yikebe/home/research/AR_Crop_Identification/make_dataset/raw_sentinel/pm5/pm5__20201105_20201124__0119	2020-11-11	725436.00000000,3718104.00000000,726204.00000000,3718872.00000000
train	002093	lower__20201111_165333_78_2401_3B_AnalyticMS_SR_8b_clip	pm5__20201105_20201124__0119	/scrfs/storage/yikebe/home/research/AR_Crop_Identification/make_dataset/raw_sentinel/pm5/pm5__20201105_20201124__0119	2020-11-11	702396.00000000,3717336.00000000,703164.00000000,3718104.00000000
train	002109	lower__20201111_165333_78_2401_3B_AnalyticMS_SR_8b_clip	pm5__20201105_20201124__0119	/scrfs/storage/yikebe/home/research/AR_Crop_Identification/make_dataset/raw_sentinel/pm5/pm5__20201105_20201124__0119	2020-11-11	729276.00000000,3717336.00000000,730044.00000000,3718104.00000000
train	002125	lower__20201111_165333_78_2401_3B_AnalyticMS_SR_8b_clip	pm5__20201105_20201124__0119	/scrfs/storage/yikebe/home/research/AR_Crop_Identification/make_dataset/raw_sentinel/pm5/pm5__20201105_20201124__0119	2020-11-11	701628.00000000,3716568.00000000,702396.00000000,3717336.00000000
train	002141	lower__20201111_165333_78_2401_3B_AnalyticMS_SR_8b_clip	pm5__20201105_20201124__0119	/scrfs/storage/yikebe/home/research/AR_Crop_Identification/make_dataset/raw_sentinel/pm5/pm5__20201105_20201124__0119	2020-11-11	707772.00000000,3716568.00000000,708540.00000000,3717336.00000000
train	002157	lower__20201111_165333_78_2401_3B_AnalyticMS_SR_8b_clip	pm5__20201105_20201124__0119	/scrfs/storage/yikebe/home/research/AR_Crop_Identification/make_dataset/raw_sentinel/pm5/pm5__20201105_20201124__0119	2020-11-11	712380.00000000,3714264.00000000,713148.00000000,3715032.00000000
train	002173	lower__20201111_165333_78_2401_3B_AnalyticMS_SR_8b_clip	pm5__20201105_20201124__0119	/scrfs/storage/yikebe/home/research/AR_Crop_Identification/make_dataset/raw_sentinel/pm5/pm5__20201105_20201124__0119	2020-11-11	727740.00000000,3712728.00000000,728508.00000000,3713496.00000000
train	002189	lower__20201111_165333_78_2401_3B_AnalyticMS_SR_8b_clip	pm5__20201105_20201124__0119	/scrfs/storage/yikebe/home/research/AR_Crop_Identification/make_dataset/raw_sentinel/pm5/pm5__20201105_20201124__0119	2020-11-11	707772.00000000,3711960.00000000,708540.00000000,3712728.00000000
train	002205	lower__20201111_165333_78_2401_3B_AnalyticMS_SR_8b_clip	pm5__20201105_20201124__0119	/scrfs/storage/yikebe/home/research/AR_Crop_Identification/make_dataset/raw_sentinel/pm5/pm5__20201105_20201124__0119	2020-11-11	702396.00000000,3711192.00000000,703164.00000000,3711960.00000000
train	002221	lower__20201111_165333_78_2401_3B_AnalyticMS_SR_8b_clip	pm5__20201105_20201124__0119	/scrfs/storage/yikebe/home/research/AR_Crop_Identification/make_dataset/raw_sentinel/pm5/pm5__20201105_20201124__0119	2020-11-11	703164.00000000,3710424.00000000,703932.00000000,3711192.00000000
train	002237	lower__20201111_165333_78_2401_3B_AnalyticMS_SR_8b_clip	pm5__20201105_20201124__0119	/scrfs/storage/yikebe/home/research/AR_Crop_Identification/make_dataset/raw_sentinel/pm5/pm5__20201105_20201124__0119	2020-11-11	703932.00000000,3710424.00000000,704700.00000000,3711192.00000000
train	002253	lower__20201111_165333_78_2401_3B_AnalyticMS_SR_8b_clip	pm5__20201105_20201124__0119	/scrfs/storage/yikebe/home/research/AR_Crop_Identification/make_dataset/raw_sentinel/pm5/pm5__20201105_20201124__0119	2020-11-11	704700.00000000,3710424.00000000,705468.00000000,3711192.00000000
train	002269	lower__20201111_165333_78_2401_3B_AnalyticMS_SR_8b_clip	pm5__20201105_20201124__0119	/scrfs/storage/yikebe/home/research/AR_Crop_Identification/make_dataset/raw_sentinel/pm5/pm5__20201105_20201124__0119	2020-11-11	723900.00000000,3710424.00000000,724668.00000000,3711192.00000000
train	002285	lower__20201112_165349_50_2274_3B_AnalyticMS_SR_8b_clip	pm5__20201105_20201124__0119	/scrfs/storage/yikebe/home/research/AR_Crop_Identification/make_dataset/raw_sentinel/pm5/pm5__20201105_20201124__0119	2020-11-11	708570.00000000,3763716.00000000,709338.00000000,3764484.00000000
train	002301	lower__20201112_165349_50_2274_3B_AnalyticMS_SR_8b_clip	pm5__20201105_20201124__0119	/scrfs/storage/yikebe/home/research/AR_Crop_Identification/make_dataset/raw_sentinel/pm5/pm5__20201105_20201124__0119	2020-11-11	702426.00000000,3762180.00000000,703194.00000000,3762948.00000000
train	002317	lower__20201112_165349_50_2274_3B_AnalyticMS_SR_8b_clip	pm5__20201105_20201124__0119	/scrfs/storage/yikebe/home/research/AR_Crop_Identification/make_dataset/raw_sentinel/pm5/pm5__20201105_20201124__0119	2020-11-11	707034.00000000,3762180.00000000,707802.00000000,3762948.00000000
train	002333	lower__20201112_165349_50_2274_3B_AnalyticMS_SR_8b_clip	pm5__20201105_20201124__0119	/scrfs/storage/yikebe/home/research/AR_Crop_Identification/make_dataset/raw_sentinel/pm5/pm5__20201105_20201124__0119	2020-11-11	716250.00000000,3762180.00000000,717018.00000000,3762948.00000000
train	002349	lower__20201112_165349_50_2274_3B_AnalyticMS_SR_8b_clip	pm5__20201105_20201124__0119	/scrfs/storage/yikebe/home/research/AR_Crop_Identification/make_dataset/raw_sentinel/pm5/pm5__20201105_20201124__0119	2020-11-11	706266.00000000,3761412.00000000,707034.00000000,3762180.00000000
train	002365	lower__20201112_165349_50_2274_3B_AnalyticMS_SR_8b_clip	pm5__20201105_20201124__0119	/scrfs/storage/yikebe/home/research/AR_Crop_Identification/make_dataset/raw_sentinel/pm5/pm5__20201105_20201124__0119	2020-11-11	721626.00000000,3761412.00000000,722394.00000000,3762180.00000000
train	002381	lower__20201112_165349_50_2274_3B_AnalyticMS_SR_8b_clip	pm5__20201105_20201124__0119	/scrfs/storage/yikebe/home/research/AR_Crop_Identification/make_dataset/raw_sentinel/pm5/pm5__20201105_20201124__0119	2020-11-11	700122.00000000,3760644.00000000,700890.00000000,3761412.00000000
train	002397	lower__20201112_165349_50_2274_3B_AnalyticMS_SR_8b_clip	pm5__20201105_20201124__0119	/scrfs/storage/yikebe/home/research/AR_Crop_Identification/make_dataset/raw_sentinel/pm5/pm5__20201105_20201124__0119	2020-11-11	702426.00000000,3760644.00000000,703194.00000000,3761412.00000000
train	002413	lower__20201112_165349_50_2274_3B_AnalyticMS_SR_8b_clip	pm5__20201105_20201124__0119	/scrfs/storage/yikebe/home/research/AR_Crop_Identification/make_dataset/raw_sentinel/pm5/pm5__20201105_20201124__0119	2020-11-11	703194.00000000,3760644.00000000,703962.00000000,3761412.00000000
train	002429	lower__20201112_165349_50_2274_3B_AnalyticMS_SR_8b_clip	pm5__20201105_20201124__0119	/scrfs/storage/yikebe/home/research/AR_Crop_Identification/make_dataset/raw_sentinel/pm5/pm5__20201105_20201124__0119	2020-11-11	707034.00000000,3760644.00000000,707802.00000000,3761412.00000000
train	002445	lower__20201112_165349_50_2274_3B_AnalyticMS_SR_8b_clip	pm5__20201105_20201124__0119	/scrfs/storage/yikebe/home/research/AR_Crop_Identification/make_dataset/raw_sentinel/pm5/pm5__20201105_20201124__0119	2020-11-11	707802.00000000,3760644.00000000,708570.00000000,3761412.00000000
train	002461	lower__20201112_165349_50_2274_3B_AnalyticMS_SR_8b_clip	pm5__20201105_20201124__0119	/scrfs/storage/yikebe/home/research/AR_Crop_Identification/make_dataset/raw_sentinel/pm5/pm5__20201105_20201124__0119	2020-11-11	721626.00000000,3760644.00000000,722394.00000000,3761412.00000000
train	002477	lower__20201112_165349_50_2274_3B_AnalyticMS_SR_8b_clip	pm5__20201105_20201124__0119	/scrfs/storage/yikebe/home/research/AR_Crop_Identification/make_dataset/raw_sentinel/pm5/pm5__20201105_20201124__0119	2020-11-11	703962.00000000,3759876.00000000,704730.00000000,3760644.00000000
train	002493	lower__20201112_165349_50_2274_3B_AnalyticMS_SR_8b_clip	pm5__20201105_20201124__0119	/scrfs/storage/yikebe/home/research/AR_Crop_Identification/make_dataset/raw_sentinel/pm5/pm5__20201105_20201124__0119	2020-11-11	713178.00000000,3759876.00000000,713946.00000000,3760644.00000000
train	002509	lower__20201112_165349_50_2274_3B_AnalyticMS_SR_8b_clip	pm5__20201105_20201124__0119	/scrfs/storage/yikebe/home/research/AR_Crop_Identification/make_dataset/raw_sentinel/pm5/pm5__20201105_20201124__0119	2020-11-11	714714.00000000,3759876.00000000,715482.00000000,3760644.00000000
train	002525	lower__20201112_165349_50_2274_3B_AnalyticMS_SR_8b_clip	pm5__20201105_20201124__0119	/scrfs/storage/yikebe/home/research/AR_Crop_Identification/make_dataset/raw_sentinel/pm5/pm5__20201105_20201124__0119	2020-11-11	715482.00000000,3759876.00000000,716250.00000000,3760644.00000000
train	002541	lower__20201112_165349_50_2274_3B_AnalyticMS_SR_8b_clip	pm5__20201105_20201124__0119	/scrfs/storage/yikebe/home/research/AR_Crop_Identification/make_dataset/raw_sentinel/pm5/pm5__20201105_20201124__0119	2020-11-11	717018.00000000,3759876.00000000,717786.00000000,3760644.00000000
train	002557	lower__20201112_165349_50_2274_3B_AnalyticMS_SR_8b_clip	pm5__20201105_20201124__0119	/scrfs/storage/yikebe/home/research/AR_Crop_Identification/make_dataset/raw_sentinel/pm5/pm5__20201105_20201124__0119	2020-11-11	717786.00000000,3759876.00000000,718554.00000000,3760644.00000000
train	002573	lower__20201112_165349_50_2274_3B_AnalyticMS_SR_8b_clip	pm5__20201105_20201124__0119	/scrfs/storage/yikebe/home/research/AR_Crop_Identification/make_dataset/raw_sentinel/pm5/pm5__20201105_20201124__0119	2020-11-11	722394.00000000,3759876.00000000,723162.00000000,3760644.00000000
train	002589	lower__20201112_165349_50_2274_3B_AnalyticMS_SR_8b_clip	pm5__20201105_20201124__0119	/scrfs/storage/yikebe/home/research/AR_Crop_Identification/make_dataset/raw_sentinel/pm5/pm5__20201105_20201124__0119	2020-11-11	723162.00000000,3759876.00000000,723930.00000000,3760644.00000000
train	002605	lower__20201112_165349_50_2274_3B_AnalyticMS_SR_8b_clip	pm5__20201105_20201124__0119	/scrfs/storage/yikebe/home/research/AR_Crop_Identification/make_dataset/raw_sentinel/pm5/pm5__20201105_20201124__0119	2020-11-11	723930.00000000,3759876.00000000,724698.00000000,3760644.00000000
train	002621	lower__20201112_165349_50_2274_3B_AnalyticMS_SR_8b_clip	pm5__20201105_20201124__0119	/scrfs/storage/yikebe/home/research/AR_Crop_Identification/make_dataset/raw_sentinel/pm5/pm5__20201105_20201124__0119	2020-11-11	713178.00000000,3759108.00000000,713946.00000000,3759876.00000000
train	002637	lower__20201112_165349_50_2274_3B_AnalyticMS_SR_8b_clip	pm5__20201105_20201124__0119	/scrfs/storage/yikebe/home/research/AR_Crop_Identification/make_dataset/raw_sentinel/pm5/pm5__20201105_20201124__0119	2020-11-11	713946.00000000,3759108.00000000,714714.00000000,3759876.00000000
train	002653	lower__20201112_165349_50_2274_3B_AnalyticMS_SR_8b_clip	pm5__20201105_20201124__0119	/scrfs/storage/yikebe/home/research/AR_Crop_Identification/make_dataset/raw_sentinel/pm5/pm5__20201105_20201124__0119	2020-11-11	727002.00000000,3759108.00000000,727770.00000000,3759876.00000000
train	002669	lower__20201112_165349_50_2274_3B_AnalyticMS_SR_8b_clip	pm5__20201105_20201124__0119	/scrfs/storage/yikebe/home/research/AR_Crop_Identification/make_dataset/raw_sentinel/pm5/pm5__20201105_20201124__0119	2020-11-11	708570.00000000,3758340.00000000,709338.00000000,3759108.00000000
train	002685	lower__20201112_165349_50_2274_3B_AnalyticMS_SR_8b_clip	pm5__20201105_20201124__0119	/scrfs/storage/yikebe/home/research/AR_Crop_Identification/make_dataset/raw_sentinel/pm5/pm5__20201105_20201124__0119	2020-11-11	715482.00000000,3758340.00000000,716250.00000000,3759108.00000000
train	002701	lower__20201112_165349_50_2274_3B_AnalyticMS_SR_8b_clip	pm5__20201105_20201124__0119	/scrfs/storage/yikebe/home/research/AR_Crop_Identification/make_dataset/raw_sentinel/pm5/pm5__20201105_20201124__0119	2020-11-11	723930.00000000,3758340.00000000,724698.00000000,3759108.00000000
train	002717	lower__20201112_165349_50_2274_3B_AnalyticMS_SR_8b_clip	pm5__20201105_20201124__0119	/scrfs/storage/yikebe/home/research/AR_Crop_Identification/make_dataset/raw_sentinel/pm5/pm5__20201105_20201124__0119	2020-11-11	724698.00000000,3758340.00000000,725466.00000000,3759108.00000000
train	002733	lower__20201112_165349_50_2274_3B_AnalyticMS_SR_8b_clip	pm5__20201105_20201124__0119	/scrfs/storage/yikebe/home/research/AR_Crop_Identification/make_dataset/raw_sentinel/pm5/pm5__20201105_20201124__0119	2020-11-11	697818.00000000,3757572.00000000,698586.00000000,3758340.00000000
train	002749	lower__20201112_165349_50_2274_3B_AnalyticMS_SR_8b_clip	pm5__20201105_20201124__0119	/scrfs/storage/yikebe/home/research/AR_Crop_Identification/make_dataset/raw_sentinel/pm5/pm5__20201105_20201124__0119	2020-11-11	702426.00000000,3757572.00000000,703194.00000000,3758340.00000000
train	002765	lower__20201112_165349_50_2274_3B_AnalyticMS_SR_8b_clip	pm5__20201105_20201124__0119	/scrfs/storage/yikebe/home/research/AR_Crop_Identification/make_dataset/raw_sentinel/pm5/pm5__20201105_20201124__0119	2020-11-11	723930.00000000,3757572.00000000,724698.00000000,3758340.00000000
train	002781	lower__20201112_165349_50_2274_3B_AnalyticMS_SR_8b_clip	pm5__20201105_20201124__0119	/scrfs/storage/yikebe/home/research/AR_Crop_Identification/make_dataset/raw_sentinel/pm5/pm5__20201105_20201124__0119	2020-11-11	697818.00000000,3756804.00000000,698586.00000000,3757572.00000000
train	002797	lower__20201112_165349_50_2274_3B_AnalyticMS_SR_8b_clip	pm5__20201105_20201124__0119	/scrfs/storage/yikebe/home/research/AR_Crop_Identification/make_dataset/raw_sentinel/pm5/pm5__20201105_20201124__0119	2020-11-11	723930.00000000,3756804.00000000,724698.00000000,3757572.00000000
train	002813	lower__20201112_165349_50_2274_3B_AnalyticMS_SR_8b_clip	pm5__20201105_20201124__0119	/scrfs/storage/yikebe/home/research/AR_Crop_Identification/make_dataset/raw_sentinel/pm5/pm5__20201105_20201124__0119	2020-11-11	697818.00000000,3756036.00000000,698586.00000000,3756804.00000000
train	002829	lower__20201112_165349_50_2274_3B_AnalyticMS_SR_8b_clip	pm5__20201105_20201124__0119	/scrfs/storage/yikebe/home/research/AR_Crop_Identification/make_dataset/raw_sentinel/pm5/pm5__20201105_20201124__0119	2020-11-11	700122.00000000,3756036.00000000,700890.00000000,3756804.00000000
train	002845	lower__20201112_165349_50_2274_3B_AnalyticMS_SR_8b_clip	pm5__20201105_20201124__0119	/scrfs/storage/yikebe/home/research/AR_Crop_Identification/make_dataset/raw_sentinel/pm5/pm5__20201105_20201124__0119	2020-11-11	703194.00000000,3755268.00000000,703962.00000000,3756036.00000000
train	002861	lower__20201112_165349_50_2274_3B_AnalyticMS_SR_8b_clip	pm5__20201105_20201124__0119	/scrfs/storage/yikebe/home/research/AR_Crop_Identification/make_dataset/raw_sentinel/pm5/pm5__20201105_20201124__0119	2020-11-11	726234.00000000,3755268.00000000,727002.00000000,3756036.00000000
train	002877	lower__20201112_165349_50_2274_3B_AnalyticMS_SR_8b_clip	pm5__20201105_20201124__0119	/scrfs/storage/yikebe/home/research/AR_Crop_Identification/make_dataset/raw_sentinel/pm5/pm5__20201105_20201124__0119	2020-11-11	698586.00000000,3754500.00000000,699354.00000000,3755268.00000000
train	002893	lower__20201112_165349_50_2274_3B_AnalyticMS_SR_8b_clip	pm5__20201105_20201124__0119	/scrfs/storage/yikebe/home/research/AR_Crop_Identification/make_dataset/raw_sentinel/pm5/pm5__20201105_20201124__0119	2020-11-11	699354.00000000,3754500.00000000,700122.00000000,3755268.00000000
train	002909	lower__20201112_165349_50_2274_3B_AnalyticMS_SR_8b_clip	pm5__20201105_20201124__0119	/scrfs/storage/yikebe/home/research/AR_Crop_Identification/make_dataset/raw_sentinel/pm5/pm5__20201105_20201124__0119	2020-11-11	721626.00000000,3754500.00000000,722394.00000000,3755268.00000000
train	002925	lower__20201112_165349_50_2274_3B_AnalyticMS_SR_8b_clip	pm5__20201105_20201124__0119	/scrfs/storage/yikebe/home/research/AR_Crop_Identification/make_dataset/raw_sentinel/pm5/pm5__20201105_20201124__0119	2020-11-11	699354.00000000,3753732.00000000,700122.00000000,3754500.00000000
train	002941	lower__20201112_165349_50_2274_3B_AnalyticMS_SR_8b_clip	pm5__20201105_20201124__0119	/scrfs/storage/yikebe/home/research/AR_Crop_Identification/make_dataset/raw_sentinel/pm5/pm5__20201105_20201124__0119	2020-11-11	722394.00000000,3753732.00000000,723162.00000000,3754500.00000000
train	002957	lower__20201112_165349_50_2274_3B_AnalyticMS_SR_8b_clip	pm5__20201105_20201124__0119	/scrfs/storage/yikebe/home/research/AR_Crop_Identification/make_dataset/raw_sentinel/pm5/pm5__20201105_20201124__0119	2020-11-11	697818.00000000,3752964.00000000,698586.00000000,3753732.00000000
train	002973	lower__20201112_165349_50_2274_3B_AnalyticMS_SR_8b_clip	pm5__20201105_20201124__0119	/scrfs/storage/yikebe/home/research/AR_Crop_Identification/make_dataset/raw_sentinel/pm5/pm5__20201105_20201124__0119	2020-11-11	715482.00000000,3752964.00000000,716250.00000000,3753732.00000000
train	002989	lower__20201112_165349_50_2274_3B_AnalyticMS_SR_8b_clip	pm5__20201105_20201124__0119	/scrfs/storage/yikebe/home/research/AR_Crop_Identification/make_dataset/raw_sentinel/pm5/pm5__20201105_20201124__0119	2020-11-11	716250.00000000,3752964.00000000,717018.00000000,3753732.00000000
train	003005	lower__20201112_165349_50_2274_3B_AnalyticMS_SR_8b_clip	pm5__20201105_20201124__0119	/scrfs/storage/yikebe/home/research/AR_Crop_Identification/make_dataset/raw_sentinel/pm5/pm5__20201105_20201124__0119	2020-11-11	722394.00000000,3752964.00000000,723162.00000000,3753732.00000000
train	003021	lower__20201112_165349_50_2274_3B_AnalyticMS_SR_8b_clip	pm5__20201105_20201124__0119	/scrfs/storage/yikebe/home/research/AR_Crop_Identification/make_dataset/raw_sentinel/pm5/pm5__20201105_20201124__0119	2020-11-11	730074.00000000,3752964.00000000,730842.00000000,3753732.00000000
train	003037	lower__20201112_165349_50_2274_3B_AnalyticMS_SR_8b_clip	pm5__20201105_20201124__0119	/scrfs/storage/yikebe/home/research/AR_Crop_Identification/make_dataset/raw_sentinel/pm5/pm5__20201105_20201124__0119	2020-11-11	722394.00000000,3752196.00000000,723162.00000000,3752964.00000000
train	003053	lower__20201112_165349_50_2274_3B_AnalyticMS_SR_8b_clip	pm5__20201105_20201124__0119	/scrfs/storage/yikebe/home/research/AR_Crop_Identification/make_dataset/raw_sentinel/pm5/pm5__20201105_20201124__0119	2020-11-11	723162.00000000,3752196.00000000,723930.00000000,3752964.00000000
train	003069	lower__20201112_165349_50_2274_3B_AnalyticMS_SR_8b_clip	pm5__20201105_20201124__0119	/scrfs/storage/yikebe/home/research/AR_Crop_Identification/make_dataset/raw_sentinel/pm5/pm5__20201105_20201124__0119	2020-11-11	703962.00000000,3751428.00000000,704730.00000000,3752196.00000000
train	003085	lower__20201112_165349_50_2274_3B_AnalyticMS_SR_8b_clip	pm5__20201105_20201124__0119	/scrfs/storage/yikebe/home/research/AR_Crop_Identification/make_dataset/raw_sentinel/pm5/pm5__20201105_20201124__0119	2020-11-11	722394.00000000,3751428.00000000,723162.00000000,3752196.00000000
train	003101	lower__20201112_165349_50_2274_3B_AnalyticMS_SR_8b_clip	pm5__20201105_20201124__0119	/scrfs/storage/yikebe/home/research/AR_Crop_Identification/make_dataset/raw_sentinel/pm5/pm5__20201105_20201124__0119	2020-11-11	703962.00000000,3750660.00000000,704730.00000000,3751428.00000000
train	003117	lower__20201112_165349_50_2274_3B_AnalyticMS_SR_8b_clip	pm5__20201105_20201124__0119	/scrfs/storage/yikebe/home/research/AR_Crop_Identification/make_dataset/raw_sentinel/pm5/pm5__20201105_20201124__0119	2020-11-11	729306.00000000,3750660.00000000,730074.00000000,3751428.00000000
train	003133	lower__20201112_165349_50_2274_3B_AnalyticMS_SR_8b_clip	pm5__20201105_20201124__0119	/scrfs/storage/yikebe/home/research/AR_Crop_Identification/make_dataset/raw_sentinel/pm5/pm5__20201105_20201124__0119	2020-11-11	700122.00000000,3749892.00000000,700890.00000000,3750660.00000000
train	003149	lower__20201112_165349_50_2274_3B_AnalyticMS_SR_8b_clip	pm5__20201105_20201124__0119	/scrfs/storage/yikebe/home/research/AR_Crop_Identification/make_dataset/raw_sentinel/pm5/pm5__20201105_20201124__0119	2020-11-11	697818.00000000,3748356.00000000,698586.00000000,3749124.00000000
train	003165	lower__20201112_165349_50_2274_3B_AnalyticMS_SR_8b_clip	pm5__20201105_20201124__0119	/scrfs/storage/yikebe/home/research/AR_Crop_Identification/make_dataset/raw_sentinel/pm5/pm5__20201105_20201124__0119	2020-11-11	730074.00000000,3748356.00000000,730842.00000000,3749124.00000000
train	003181	lower__20201112_165349_50_2274_3B_AnalyticMS_SR_8b_clip	pm5__20201105_20201124__0119	/scrfs/storage/yikebe/home/research/AR_Crop_Identification/make_dataset/raw_sentinel/pm5/pm5__20201105_20201124__0119	2020-11-11	730842.00000000,3748356.00000000,731610.00000000,3749124.00000000
train	003197	lower__20201112_165349_50_2274_3B_AnalyticMS_SR_8b_clip	pm5__20201105_20201124__0119	/scrfs/storage/yikebe/home/research/AR_Crop_Identification/make_dataset/raw_sentinel/pm5/pm5__20201105_20201124__0119	2020-11-11	695514.00000000,3747588.00000000,696282.00000000,3748356.00000000
train	003213	lower__20201112_165349_50_2274_3B_AnalyticMS_SR_8b_clip	pm5__20201105_20201124__0119	/scrfs/storage/yikebe/home/research/AR_Crop_Identification/make_dataset/raw_sentinel/pm5/pm5__20201105_20201124__0119	2020-11-11	697818.00000000,3747588.00000000,698586.00000000,3748356.00000000
train	003229	lower__20201112_165349_50_2274_3B_AnalyticMS_SR_8b_clip	pm5__20201105_20201124__0119	/scrfs/storage/yikebe/home/research/AR_Crop_Identification/make_dataset/raw_sentinel/pm5/pm5__20201105_20201124__0119	2020-11-11	702426.00000000,3747588.00000000,703194.00000000,3748356.00000000
train	003245	lower__20201112_165349_50_2274_3B_AnalyticMS_SR_8b_clip	pm5__20201105_20201124__0119	/scrfs/storage/yikebe/home/research/AR_Crop_Identification/make_dataset/raw_sentinel/pm5/pm5__20201105_20201124__0119	2020-11-11	730842.00000000,3747588.00000000,731610.00000000,3748356.00000000
train	003261	lower__20201112_165349_50_2274_3B_AnalyticMS_SR_8b_clip	pm5__20201105_20201124__0119	/scrfs/storage/yikebe/home/research/AR_Crop_Identification/make_dataset/raw_sentinel/pm5/pm5__20201105_20201124__0119	2020-11-11	694746.00000000,3746820.00000000,695514.00000000,3747588.00000000
train	003277	lower__20201112_165349_50_2274_3B_AnalyticMS_SR_8b_clip	pm5__20201105_20201124__0119	/scrfs/storage/yikebe/home/research/AR_Crop_Identification/make_dataset/raw_sentinel/pm5/pm5__20201105_20201124__0119	2020-11-11	695514.00000000,3746820.00000000,696282.00000000,3747588.00000000
train	003293	lower__20201112_165349_50_2274_3B_AnalyticMS_SR_8b_clip	pm5__20201105_20201124__0119	/scrfs/storage/yikebe/home/research/AR_Crop_Identification/make_dataset/raw_sentinel/pm5/pm5__20201105_20201124__0119	2020-11-11	699354.00000000,3746820.00000000,700122.00000000,3747588.00000000
train	003309	lower__20201112_165349_50_2274_3B_AnalyticMS_SR_8b_clip	pm5__20201105_20201124__0119	/scrfs/storage/yikebe/home/research/AR_Crop_Identification/make_dataset/raw_sentinel/pm5/pm5__20201105_20201124__0119	2020-11-11	702426.00000000,3746820.00000000,703194.00000000,3747588.00000000
train	003325	lower__20201112_165349_50_2274_3B_AnalyticMS_SR_8b_clip	pm5__20201105_20201124__0119	/scrfs/storage/yikebe/home/research/AR_Crop_Identification/make_dataset/raw_sentinel/pm5/pm5__20201105_20201124__0119	2020-11-11	716250.00000000,3746820.00000000,717018.00000000,3747588.00000000
train	003341	lower__20201112_165349_50_2274_3B_AnalyticMS_SR_8b_clip	pm5__20201105_20201124__0119	/scrfs/storage/yikebe/home/research/AR_Crop_Identification/make_dataset/raw_sentinel/pm5/pm5__20201105_20201124__0119	2020-11-11	695514.00000000,3746052.00000000,696282.00000000,3746820.00000000
train	003357	lower__20201112_165349_50_2274_3B_AnalyticMS_SR_8b_clip	pm5__20201105_20201124__0119	/scrfs/storage/yikebe/home/research/AR_Crop_Identification/make_dataset/raw_sentinel/pm5/pm5__20201105_20201124__0119	2020-11-11	696282.00000000,3746052.00000000,697050.00000000,3746820.00000000
train	003373	lower__20201112_165508_12_2407_3B_AnalyticMS_SR_8b_clip	pm5__20201105_20201124__0100	/scrfs/storage/yikebe/home/research/AR_Crop_Identification/make_dataset/raw_sentinel/pm5/pm5__20201105_20201124__0100	2020-11-11	690708.00000000,3804183.00000000,691476.00000000,3804951.00000000
train	003389	lower__20201112_165508_12_2407_3B_AnalyticMS_SR_8b_clip	pm5__20201105_20201124__0100	/scrfs/storage/yikebe/home/research/AR_Crop_Identification/make_dataset/raw_sentinel/pm5/pm5__20201105_20201124__0100	2020-11-11	689172.00000000,3803415.00000000,689940.00000000,3804183.00000000
train	003405	lower__20201112_165508_12_2407_3B_AnalyticMS_SR_8b_clip	pm5__20201105_20201124__0100	/scrfs/storage/yikebe/home/research/AR_Crop_Identification/make_dataset/raw_sentinel/pm5/pm5__20201105_20201124__0100	2020-11-11	689940.00000000,3803415.00000000,690708.00000000,3804183.00000000
train	003421	lower__20201112_165508_12_2407_3B_AnalyticMS_SR_8b_clip	pm5__20201105_20201124__0100	/scrfs/storage/yikebe/home/research/AR_Crop_Identification/make_dataset/raw_sentinel/pm5/pm5__20201105_20201124__0100	2020-11-11	687636.00000000,3801879.00000000,688404.00000000,3802647.00000000
train	003437	lower__20201112_165508_12_2407_3B_AnalyticMS_SR_8b_clip	pm5__20201105_20201124__0100	/scrfs/storage/yikebe/home/research/AR_Crop_Identification/make_dataset/raw_sentinel/pm5/pm5__20201105_20201124__0100	2020-11-11	683796.00000000,3798039.00000000,684564.00000000,3798807.00000000
train	003453	lower__20201112_165508_12_2407_3B_AnalyticMS_SR_8b_clip	pm5__20201105_20201124__0100	/scrfs/storage/yikebe/home/research/AR_Crop_Identification/make_dataset/raw_sentinel/pm5/pm5__20201105_20201124__0100	2020-11-11	683796.00000000,3797271.00000000,684564.00000000,3798039.00000000
train	003469	lower__20201112_165526_38_2407_3B_AnalyticMS_SR_8b_clip	pm5__20201105_20201124__0091	/scrfs/storage/yikebe/home/research/AR_Crop_Identification/make_dataset/raw_sentinel/pm5/pm5__20201105_20201124__0091	2020-11-11	640926.00000000,3693624.00000000,641694.00000000,3694392.00000000
train	003485	lower__20201112_165526_38_2407_3B_AnalyticMS_SR_8b_clip	pm5__20201105_20201124__0091	/scrfs/storage/yikebe/home/research/AR_Crop_Identification/make_dataset/raw_sentinel/pm5/pm5__20201105_20201124__0091	2020-11-11	644766.00000000,3692856.00000000,645534.00000000,3693624.00000000
train	003501	lower__20201112_165526_38_2407_3B_AnalyticMS_SR_8b_clip	pm5__20201105_20201124__0091	/scrfs/storage/yikebe/home/research/AR_Crop_Identification/make_dataset/raw_sentinel/pm5/pm5__20201105_20201124__0091	2020-11-11	644766.00000000,3692088.00000000,645534.00000000,3692856.00000000
train	003517	lower__20201112_165526_38_2407_3B_AnalyticMS_SR_8b_clip	pm5__20201105_20201124__0091	/scrfs/storage/yikebe/home/research/AR_Crop_Identification/make_dataset/raw_sentinel/pm5/pm5__20201105_20201124__0091	2020-11-11	630942.00000000,3682104.00000000,631710.00000000,3682872.00000000
train	003533	lower__20201112_165526_38_2407_3B_AnalyticMS_SR_8b_clip	pm5__20201105_20201124__0091	/scrfs/storage/yikebe/home/research/AR_Crop_Identification/make_dataset/raw_sentinel/pm5/pm5__20201105_20201124__0091	2020-11-11	640158.00000000,3681336.00000000,640926.00000000,3682104.00000000
train	003549	lower__20201112_165526_38_2407_3B_AnalyticMS_SR_8b_clip	pm5__20201105_20201124__0091	/scrfs/storage/yikebe/home/research/AR_Crop_Identification/make_dataset/raw_sentinel/pm5/pm5__20201105_20201124__0091	2020-11-11	640926.00000000,3681336.00000000,641694.00000000,3682104.00000000
train	003565	lower__20201112_165526_38_2407_3B_AnalyticMS_SR_8b_clip	pm5__20201105_20201124__0091	/scrfs/storage/yikebe/home/research/AR_Crop_Identification/make_dataset/raw_sentinel/pm5/pm5__20201105_20201124__0091	2020-11-11	640158.00000000,3680568.00000000,640926.00000000,3681336.00000000
train	003581	lower__20201112_165526_38_2407_3B_AnalyticMS_SR_8b_clip	pm5__20201105_20201124__0091	/scrfs/storage/yikebe/home/research/AR_Crop_Identification/make_dataset/raw_sentinel/pm5/pm5__20201105_20201124__0091	2020-11-11	663966.00000000,3680568.00000000,664734.00000000,3681336.00000000
train	003597	lower__20201112_165526_38_2407_3B_AnalyticMS_SR_8b_clip	pm5__20201105_20201124__0091	/scrfs/storage/yikebe/home/research/AR_Crop_Identification/make_dataset/raw_sentinel/pm5/pm5__20201105_20201124__0091	2020-11-11	665502.00000000,3679032.00000000,666270.00000000,3679800.00000000
train	003613	lower__20201112_165526_38_2407_3B_AnalyticMS_SR_8b_clip	pm5__20201105_20201124__0091	/scrfs/storage/yikebe/home/research/AR_Crop_Identification/make_dataset/raw_sentinel/pm5/pm5__20201105_20201124__0091	2020-11-11	632478.00000000,3678264.00000000,633246.00000000,3679032.00000000
train	003629	lower__20201112_165526_38_2407_3B_AnalyticMS_SR_8b_clip	pm5__20201105_20201124__0091	/scrfs/storage/yikebe/home/research/AR_Crop_Identification/make_dataset/raw_sentinel/pm5/pm5__20201105_20201124__0091	2020-11-11	638622.00000000,3676728.00000000,639390.00000000,3677496.00000000
train	003645	lower__20201112_165526_38_2407_3B_AnalyticMS_SR_8b_clip	pm5__20201105_20201124__0091	/scrfs/storage/yikebe/home/research/AR_Crop_Identification/make_dataset/raw_sentinel/pm5/pm5__20201105_20201124__0091	2020-11-11	639390.00000000,3674424.00000000,640158.00000000,3675192.00000000
train	003661	lower__20201112_165759_01_227c_3B_AnalyticMS_SR_8b_clip	pm5__20201105_20201124__0065	/scrfs/storage/yikebe/home/research/AR_Crop_Identification/make_dataset/raw_sentinel/pm5/pm5__20201105_20201124__0065	2020-11-11	613194.00000000,3774375.00000000,613962.00000000,3775143.00000000
train	003677	lower__20201112_165759_01_227c_3B_AnalyticMS_SR_8b_clip	pm5__20201105_20201124__0065	/scrfs/storage/yikebe/home/research/AR_Crop_Identification/make_dataset/raw_sentinel/pm5/pm5__20201105_20201124__0065	2020-11-11	614730.00000000,3772071.00000000,615498.00000000,3772839.00000000
train	003693	lower__20201112_165759_01_227c_3B_AnalyticMS_SR_8b_clip	pm5__20201105_20201124__0065	/scrfs/storage/yikebe/home/research/AR_Crop_Identification/make_dataset/raw_sentinel/pm5/pm5__20201105_20201124__0065	2020-11-11	607818.00000000,3770535.00000000,608586.00000000,3771303.00000000
train	003709	lower__20201112_165759_01_227c_3B_AnalyticMS_SR_8b_clip	pm5__20201105_20201124__0065	/scrfs/storage/yikebe/home/research/AR_Crop_Identification/make_dataset/raw_sentinel/pm5/pm5__20201105_20201124__0065	2020-11-11	616266.00000000,3768231.00000000,617034.00000000,3768999.00000000
val	000013	lower__20201113_155626_23_2235_3B_AnalyticMS_SR_8b_clip	pm5__20201105_20201124__0152	/scrfs/storage/yikebe/home/research/AR_Crop_Identification/make_dataset/raw_sentinel/pm5/pm5__20201105_20201124__0152	2020-11-11	765537.00000000,3847374.00000000,766305.00000000,3848142.00000000
val	000029	lower__20201113_155626_23_2235_3B_AnalyticMS_SR_8b_clip	pm5__20201105_20201124__0152	/scrfs/storage/yikebe/home/research/AR_Crop_Identification/make_dataset/raw_sentinel/pm5/pm5__20201105_20201124__0152	2020-11-11	766305.00000000,3846606.00000000,767073.00000000,3847374.00000000
train	003725	lower__20201115_165453_88_2254_3B_AnalyticMS_SR_8b_clip	pm5__20201105_20201124__0099	/scrfs/storage/yikebe/home/research/AR_Crop_Identification/make_dataset/raw_sentinel/pm5/pm5__20201105_20201124__0099	2020-11-11	650955.00000000,3756141.00000000,651723.00000000,3756909.00000000
train	003741	lower__20201115_165453_88_2254_3B_AnalyticMS_SR_8b_clip	pm5__20201105_20201124__0099	/scrfs/storage/yikebe/home/research/AR_Crop_Identification/make_dataset/raw_sentinel/pm5/pm5__20201105_20201124__0099	2020-11-11	661707.00000000,3740013.00000000,662475.00000000,3740781.00000000
train	003757	lower__20201116_160024_49_2257_3B_AnalyticMS_SR_8b_clip	pm5__20201105_20201124__0132	/scrfs/storage/yikebe/home/research/AR_Crop_Identification/make_dataset/raw_sentinel/pm5/pm5__20201105_20201124__0132	2020-11-21	741774.00000000,3720294.00000000,742542.00000000,3721062.00000000
train	003773	lower__20201116_160024_49_2257_3B_AnalyticMS_SR_8b_clip	pm5__20201105_20201124__0132	/scrfs/storage/yikebe/home/research/AR_Crop_Identification/make_dataset/raw_sentinel/pm5/pm5__20201105_20201124__0132	2020-11-21	744078.00000000,3719526.00000000,744846.00000000,3720294.00000000
train	003789	lower__20201116_160024_49_2257_3B_AnalyticMS_SR_8b_clip	pm5__20201105_20201124__0132	/scrfs/storage/yikebe/home/research/AR_Crop_Identification/make_dataset/raw_sentinel/pm5/pm5__20201105_20201124__0132	2020-11-21	744846.00000000,3719526.00000000,745614.00000000,3720294.00000000
train	003805	lower__20201116_160024_49_2257_3B_AnalyticMS_SR_8b_clip	pm5__20201105_20201124__0132	/scrfs/storage/yikebe/home/research/AR_Crop_Identification/make_dataset/raw_sentinel/pm5/pm5__20201105_20201124__0132	2020-11-21	744078.00000000,3718758.00000000,744846.00000000,3719526.00000000
train	003821	lower__20201116_160024_49_2257_3B_AnalyticMS_SR_8b_clip	pm5__20201105_20201124__0132	/scrfs/storage/yikebe/home/research/AR_Crop_Identification/make_dataset/raw_sentinel/pm5/pm5__20201105_20201124__0132	2020-11-21	744846.00000000,3718758.00000000,745614.00000000,3719526.00000000
train	003837	lower__20201116_160024_49_2257_3B_AnalyticMS_SR_8b_clip	pm5__20201105_20201124__0132	/scrfs/storage/yikebe/home/research/AR_Crop_Identification/make_dataset/raw_sentinel/pm5/pm5__20201105_20201124__0132	2020-11-21	745614.00000000,3718758.00000000,746382.00000000,3719526.00000000
train	003853	lower__20201116_160024_49_2257_3B_AnalyticMS_SR_8b_clip	pm5__20201105_20201124__0132	/scrfs/storage/yikebe/home/research/AR_Crop_Identification/make_dataset/raw_sentinel/pm5/pm5__20201105_20201124__0132	2020-11-21	728718.00000000,3717990.00000000,729486.00000000,3718758.00000000
train	003869	lower__20201116_160024_49_2257_3B_AnalyticMS_SR_8b_clip	pm5__20201105_20201124__0132	/scrfs/storage/yikebe/home/research/AR_Crop_Identification/make_dataset/raw_sentinel/pm5/pm5__20201105_20201124__0132	2020-11-21	744846.00000000,3717990.00000000,745614.00000000,3718758.00000000
train	003885	lower__20201116_160024_49_2257_3B_AnalyticMS_SR_8b_clip	pm5__20201105_20201124__0132	/scrfs/storage/yikebe/home/research/AR_Crop_Identification/make_dataset/raw_sentinel/pm5/pm5__20201105_20201124__0132	2020-11-21	745614.00000000,3717990.00000000,746382.00000000,3718758.00000000
train	003901	lower__20201116_160024_49_2257_3B_AnalyticMS_SR_8b_clip	pm5__20201105_20201124__0132	/scrfs/storage/yikebe/home/research/AR_Crop_Identification/make_dataset/raw_sentinel/pm5/pm5__20201105_20201124__0132	2020-11-21	746382.00000000,3717990.00000000,747150.00000000,3718758.00000000
train	003917	lower__20201116_160024_49_2257_3B_AnalyticMS_SR_8b_clip	pm5__20201105_20201124__0132	/scrfs/storage/yikebe/home/research/AR_Crop_Identification/make_dataset/raw_sentinel/pm5/pm5__20201105_20201124__0132	2020-11-21	728718.00000000,3717222.00000000,729486.00000000,3717990.00000000
train	003933	lower__20201116_160024_49_2257_3B_AnalyticMS_SR_8b_clip	pm5__20201105_20201124__0132	/scrfs/storage/yikebe/home/research/AR_Crop_Identification/make_dataset/raw_sentinel/pm5/pm5__20201105_20201124__0132	2020-11-21	729486.00000000,3717222.00000000,730254.00000000,3717990.00000000
train	003949	lower__20201116_160024_49_2257_3B_AnalyticMS_SR_8b_clip	pm5__20201105_20201124__0132	/scrfs/storage/yikebe/home/research/AR_Crop_Identification/make_dataset/raw_sentinel/pm5/pm5__20201105_20201124__0132	2020-11-21	744078.00000000,3717222.00000000,744846.00000000,3717990.00000000
train	003965	lower__20201116_160024_49_2257_3B_AnalyticMS_SR_8b_clip	pm5__20201105_20201124__0132	/scrfs/storage/yikebe/home/research/AR_Crop_Identification/make_dataset/raw_sentinel/pm5/pm5__20201105_20201124__0132	2020-11-21	730254.00000000,3716454.00000000,731022.00000000,3717222.00000000
train	003981	lower__20201116_160024_49_2257_3B_AnalyticMS_SR_8b_clip	pm5__20201105_20201124__0132	/scrfs/storage/yikebe/home/research/AR_Crop_Identification/make_dataset/raw_sentinel/pm5/pm5__20201105_20201124__0132	2020-11-21	731022.00000000,3716454.00000000,731790.00000000,3717222.00000000
train	003997	lower__20201116_160024_49_2257_3B_AnalyticMS_SR_8b_clip	pm5__20201105_20201124__0132	/scrfs/storage/yikebe/home/research/AR_Crop_Identification/make_dataset/raw_sentinel/pm5/pm5__20201105_20201124__0132	2020-11-21	734094.00000000,3716454.00000000,734862.00000000,3717222.00000000
train	004013	lower__20201116_160024_49_2257_3B_AnalyticMS_SR_8b_clip	pm5__20201105_20201124__0132	/scrfs/storage/yikebe/home/research/AR_Crop_Identification/make_dataset/raw_sentinel/pm5/pm5__20201105_20201124__0132	2020-11-21	749454.00000000,3716454.00000000,750222.00000000,3717222.00000000
train	004029	lower__20201116_160024_49_2257_3B_AnalyticMS_SR_8b_clip	pm5__20201105_20201124__0132	/scrfs/storage/yikebe/home/research/AR_Crop_Identification/make_dataset/raw_sentinel/pm5/pm5__20201105_20201124__0132	2020-11-21	750222.00000000,3716454.00000000,750990.00000000,3717222.00000000
train	004045	lower__20201116_160024_49_2257_3B_AnalyticMS_SR_8b_clip	pm5__20201105_20201124__0132	/scrfs/storage/yikebe/home/research/AR_Crop_Identification/make_dataset/raw_sentinel/pm5/pm5__20201105_20201124__0132	2020-11-21	758670.00000000,3716454.00000000,759438.00000000,3717222.00000000
train	004061	lower__20201116_160024_49_2257_3B_AnalyticMS_SR_8b_clip	pm5__20201105_20201124__0132	/scrfs/storage/yikebe/home/research/AR_Crop_Identification/make_dataset/raw_sentinel/pm5/pm5__20201105_20201124__0132	2020-11-21	730254.00000000,3715686.00000000,731022.00000000,3716454.00000000
train	004077	lower__20201116_160024_49_2257_3B_AnalyticMS_SR_8b_clip	pm5__20201105_20201124__0132	/scrfs/storage/yikebe/home/research/AR_Crop_Identification/make_dataset/raw_sentinel/pm5/pm5__20201105_20201124__0132	2020-11-21	731022.00000000,3715686.00000000,731790.00000000,3716454.00000000
train	004093	lower__20201116_160024_49_2257_3B_AnalyticMS_SR_8b_clip	pm5__20201105_20201124__0132	/scrfs/storage/yikebe/home/research/AR_Crop_Identification/make_dataset/raw_sentinel/pm5/pm5__20201105_20201124__0132	2020-11-21	734862.00000000,3715686.00000000,735630.00000000,3716454.00000000
train	004109	lower__20201116_160024_49_2257_3B_AnalyticMS_SR_8b_clip	pm5__20201105_20201124__0132	/scrfs/storage/yikebe/home/research/AR_Crop_Identification/make_dataset/raw_sentinel/pm5/pm5__20201105_20201124__0132	2020-11-21	749454.00000000,3715686.00000000,750222.00000000,3716454.00000000
train	004125	lower__20201116_160024_49_2257_3B_AnalyticMS_SR_8b_clip	pm5__20201105_20201124__0132	/scrfs/storage/yikebe/home/research/AR_Crop_Identification/make_dataset/raw_sentinel/pm5/pm5__20201105_20201124__0132	2020-11-21	750222.00000000,3715686.00000000,750990.00000000,3716454.00000000
train	004141	lower__20201116_160024_49_2257_3B_AnalyticMS_SR_8b_clip	pm5__20201105_20201124__0132	/scrfs/storage/yikebe/home/research/AR_Crop_Identification/make_dataset/raw_sentinel/pm5/pm5__20201105_20201124__0132	2020-11-21	730254.00000000,3714918.00000000,731022.00000000,3715686.00000000
train	004157	lower__20201116_160024_49_2257_3B_AnalyticMS_SR_8b_clip	pm5__20201105_20201124__0132	/scrfs/storage/yikebe/home/research/AR_Crop_Identification/make_dataset/raw_sentinel/pm5/pm5__20201105_20201124__0132	2020-11-21	731022.00000000,3714918.00000000,731790.00000000,3715686.00000000
train	004173	lower__20201116_160024_49_2257_3B_AnalyticMS_SR_8b_clip	pm5__20201105_20201124__0132	/scrfs/storage/yikebe/home/research/AR_Crop_Identification/make_dataset/raw_sentinel/pm5/pm5__20201105_20201124__0132	2020-11-21	732558.00000000,3714918.00000000,733326.00000000,3715686.00000000
train	004189	lower__20201116_160024_49_2257_3B_AnalyticMS_SR_8b_clip	pm5__20201105_20201124__0132	/scrfs/storage/yikebe/home/research/AR_Crop_Identification/make_dataset/raw_sentinel/pm5/pm5__20201105_20201124__0132	2020-11-21	734862.00000000,3714918.00000000,735630.00000000,3715686.00000000
train	004205	lower__20201116_160024_49_2257_3B_AnalyticMS_SR_8b_clip	pm5__20201105_20201124__0132	/scrfs/storage/yikebe/home/research/AR_Crop_Identification/make_dataset/raw_sentinel/pm5/pm5__20201105_20201124__0132	2020-11-21	731022.00000000,3714150.00000000,731790.00000000,3714918.00000000
train	004221	lower__20201116_160024_49_2257_3B_AnalyticMS_SR_8b_clip	pm5__20201105_20201124__0132	/scrfs/storage/yikebe/home/research/AR_Crop_Identification/make_dataset/raw_sentinel/pm5/pm5__20201105_20201124__0132	2020-11-21	732558.00000000,3714150.00000000,733326.00000000,3714918.00000000
train	004237	lower__20201116_160024_49_2257_3B_AnalyticMS_SR_8b_clip	pm5__20201105_20201124__0132	/scrfs/storage/yikebe/home/research/AR_Crop_Identification/make_dataset/raw_sentinel/pm5/pm5__20201105_20201124__0132	2020-11-21	753294.00000000,3714150.00000000,754062.00000000,3714918.00000000
train	004253	lower__20201116_160024_49_2257_3B_AnalyticMS_SR_8b_clip	pm5__20201105_20201124__0132	/scrfs/storage/yikebe/home/research/AR_Crop_Identification/make_dataset/raw_sentinel/pm5/pm5__20201105_20201124__0132	2020-11-21	735630.00000000,3713382.00000000,736398.00000000,3714150.00000000
train	004269	lower__20201116_160024_49_2257_3B_AnalyticMS_SR_8b_clip	pm5__20201105_20201124__0132	/scrfs/storage/yikebe/home/research/AR_Crop_Identification/make_dataset/raw_sentinel/pm5/pm5__20201105_20201124__0132	2020-11-21	726414.00000000,3711078.00000000,727182.00000000,3711846.00000000
train	004285	lower__20201116_160024_49_2257_3B_AnalyticMS_SR_8b_clip	pm5__20201105_20201124__0132	/scrfs/storage/yikebe/home/research/AR_Crop_Identification/make_dataset/raw_sentinel/pm5/pm5__20201105_20201124__0132	2020-11-21	725646.00000000,3710310.00000000,726414.00000000,3711078.00000000
train	004301	lower__20201116_160024_49_2257_3B_AnalyticMS_SR_8b_clip	pm5__20201105_20201124__0132	/scrfs/storage/yikebe/home/research/AR_Crop_Identification/make_dataset/raw_sentinel/pm5/pm5__20201105_20201124__0132	2020-11-21	726414.00000000,3710310.00000000,727182.00000000,3711078.00000000
train	004317	lower__20201116_160024_49_2257_3B_AnalyticMS_SR_8b_clip	pm5__20201105_20201124__0132	/scrfs/storage/yikebe/home/research/AR_Crop_Identification/make_dataset/raw_sentinel/pm5/pm5__20201105_20201124__0132	2020-11-21	752526.00000000,3709542.00000000,753294.00000000,3710310.00000000
train	004333	lower__20201116_160024_49_2257_3B_AnalyticMS_SR_8b_clip	pm5__20201105_20201124__0132	/scrfs/storage/yikebe/home/research/AR_Crop_Identification/make_dataset/raw_sentinel/pm5/pm5__20201105_20201124__0132	2020-11-21	734094.00000000,3708774.00000000,734862.00000000,3709542.00000000
train	004349	lower__20201116_160024_49_2257_3B_AnalyticMS_SR_8b_clip	pm5__20201105_20201124__0132	/scrfs/storage/yikebe/home/research/AR_Crop_Identification/make_dataset/raw_sentinel/pm5/pm5__20201105_20201124__0132	2020-11-21	750222.00000000,3708774.00000000,750990.00000000,3709542.00000000
train	004365	lower__20201116_160024_49_2257_3B_AnalyticMS_SR_8b_clip	pm5__20201105_20201124__0132	/scrfs/storage/yikebe/home/research/AR_Crop_Identification/make_dataset/raw_sentinel/pm5/pm5__20201105_20201124__0132	2020-11-21	726414.00000000,3708006.00000000,727182.00000000,3708774.00000000
train	004381	lower__20201116_160024_49_2257_3B_AnalyticMS_SR_8b_clip	pm5__20201105_20201124__0132	/scrfs/storage/yikebe/home/research/AR_Crop_Identification/make_dataset/raw_sentinel/pm5/pm5__20201105_20201124__0132	2020-11-21	731022.00000000,3707238.00000000,731790.00000000,3708006.00000000
train	004397	lower__20201116_160024_49_2257_3B_AnalyticMS_SR_8b_clip	pm5__20201105_20201124__0132	/scrfs/storage/yikebe/home/research/AR_Crop_Identification/make_dataset/raw_sentinel/pm5/pm5__20201105_20201124__0132	2020-11-21	731790.00000000,3707238.00000000,732558.00000000,3708006.00000000
train	004413	lower__20201116_160024_49_2257_3B_AnalyticMS_SR_8b_clip	pm5__20201105_20201124__0132	/scrfs/storage/yikebe/home/research/AR_Crop_Identification/make_dataset/raw_sentinel/pm5/pm5__20201105_20201124__0132	2020-11-21	732558.00000000,3707238.00000000,733326.00000000,3708006.00000000
train	004429	lower__20201116_160024_49_2257_3B_AnalyticMS_SR_8b_clip	pm5__20201105_20201124__0132	/scrfs/storage/yikebe/home/research/AR_Crop_Identification/make_dataset/raw_sentinel/pm5/pm5__20201105_20201124__0132	2020-11-21	734094.00000000,3706470.00000000,734862.00000000,3707238.00000000
train	004445	lower__20201116_160024_49_2257_3B_AnalyticMS_SR_8b_clip	pm5__20201105_20201124__0132	/scrfs/storage/yikebe/home/research/AR_Crop_Identification/make_dataset/raw_sentinel/pm5/pm5__20201105_20201124__0132	2020-11-21	734094.00000000,3705702.00000000,734862.00000000,3706470.00000000
train	004461	lower__20201116_160024_49_2257_3B_AnalyticMS_SR_8b_clip	pm5__20201105_20201124__0132	/scrfs/storage/yikebe/home/research/AR_Crop_Identification/make_dataset/raw_sentinel/pm5/pm5__20201105_20201124__0132	2020-11-21	741774.00000000,3705702.00000000,742542.00000000,3706470.00000000
train	004477	lower__20201116_160024_49_2257_3B_AnalyticMS_SR_8b_clip	pm5__20201105_20201124__0132	/scrfs/storage/yikebe/home/research/AR_Crop_Identification/make_dataset/raw_sentinel/pm5/pm5__20201105_20201124__0132	2020-11-21	754830.00000000,3705702.00000000,755598.00000000,3706470.00000000
train	004493	lower__20201116_160024_49_2257_3B_AnalyticMS_SR_8b_clip	pm5__20201105_20201124__0132	/scrfs/storage/yikebe/home/research/AR_Crop_Identification/make_dataset/raw_sentinel/pm5/pm5__20201105_20201124__0132	2020-11-21	737166.00000000,3704934.00000000,737934.00000000,3705702.00000000
train	004509	lower__20201116_160024_49_2257_3B_AnalyticMS_SR_8b_clip	pm5__20201105_20201124__0132	/scrfs/storage/yikebe/home/research/AR_Crop_Identification/make_dataset/raw_sentinel/pm5/pm5__20201105_20201124__0132	2020-11-21	741006.00000000,3704934.00000000,741774.00000000,3705702.00000000
train	004525	lower__20201116_160052_73_2206_3B_AnalyticMS_SR_8b_clip	pm5__20201105_20201124__0099	/scrfs/storage/yikebe/home/research/AR_Crop_Identification/make_dataset/raw_sentinel/pm5/pm5__20201105_20201124__0099	2020-11-14	653733.00000000,3694386.00000000,654501.00000000,3695154.00000000
train	004541	lower__20201116_160052_73_2206_3B_AnalyticMS_SR_8b_clip	pm5__20201105_20201124__0099	/scrfs/storage/yikebe/home/research/AR_Crop_Identification/make_dataset/raw_sentinel/pm5/pm5__20201105_20201124__0099	2020-11-14	653733.00000000,3690546.00000000,654501.00000000,3691314.00000000
train	004557	lower__20201116_160052_73_2206_3B_AnalyticMS_SR_8b_clip	pm5__20201105_20201124__0099	/scrfs/storage/yikebe/home/research/AR_Crop_Identification/make_dataset/raw_sentinel/pm5/pm5__20201105_20201124__0099	2020-11-14	653733.00000000,3689778.00000000,654501.00000000,3690546.00000000
train	004573	lower__20201116_160052_73_2206_3B_AnalyticMS_SR_8b_clip	pm5__20201105_20201124__0099	/scrfs/storage/yikebe/home/research/AR_Crop_Identification/make_dataset/raw_sentinel/pm5/pm5__20201105_20201124__0099	2020-11-14	653733.00000000,3689010.00000000,654501.00000000,3689778.00000000
train	004589	lower__20201116_160052_73_2206_3B_AnalyticMS_SR_8b_clip	pm5__20201105_20201124__0099	/scrfs/storage/yikebe/home/research/AR_Crop_Identification/make_dataset/raw_sentinel/pm5/pm5__20201105_20201124__0099	2020-11-14	653733.00000000,3688242.00000000,654501.00000000,3689010.00000000
train	004605	lower__20201116_160052_73_2206_3B_AnalyticMS_SR_8b_clip	pm5__20201105_20201124__0099	/scrfs/storage/yikebe/home/research/AR_Crop_Identification/make_dataset/raw_sentinel/pm5/pm5__20201105_20201124__0099	2020-11-14	652965.00000000,3687474.00000000,653733.00000000,3688242.00000000
train	004621	lower__20201116_160052_73_2206_3B_AnalyticMS_SR_8b_clip	pm5__20201105_20201124__0099	/scrfs/storage/yikebe/home/research/AR_Crop_Identification/make_dataset/raw_sentinel/pm5/pm5__20201105_20201124__0099	2020-11-14	646821.00000000,3680562.00000000,647589.00000000,3681330.00000000
train	004637	lower__20201116_160052_73_2206_3B_AnalyticMS_SR_8b_clip	pm5__20201105_20201124__0099	/scrfs/storage/yikebe/home/research/AR_Crop_Identification/make_dataset/raw_sentinel/pm5/pm5__20201105_20201124__0099	2020-11-14	652197.00000000,3679794.00000000,652965.00000000,3680562.00000000
train	004653	lower__20201116_160052_73_2206_3B_AnalyticMS_SR_8b_clip	pm5__20201105_20201124__0099	/scrfs/storage/yikebe/home/research/AR_Crop_Identification/make_dataset/raw_sentinel/pm5/pm5__20201105_20201124__0099	2020-11-14	652197.00000000,3677490.00000000,652965.00000000,3678258.00000000
train	004669	lower__20201116_160052_73_2206_3B_AnalyticMS_SR_8b_clip	pm5__20201105_20201124__0099	/scrfs/storage/yikebe/home/research/AR_Crop_Identification/make_dataset/raw_sentinel/pm5/pm5__20201105_20201124__0099	2020-11-14	652197.00000000,3676722.00000000,652965.00000000,3677490.00000000
train	004685	lower__20201116_160931_73_222f_3B_AnalyticMS_SR_8b_clip	pm5__20201105_20201124__0096	/scrfs/storage/yikebe/home/research/AR_Crop_Identification/make_dataset/raw_sentinel/pm5/pm5__20201105_20201124__0096	2020-11-11	659115.00000000,3844659.00000000,659883.00000000,3845427.00000000
train	004701	lower__20201116_160931_73_222f_3B_AnalyticMS_SR_8b_clip	pm5__20201105_20201124__0096	/scrfs/storage/yikebe/home/research/AR_Crop_Identification/make_dataset/raw_sentinel/pm5/pm5__20201105_20201124__0096	2020-11-11	666795.00000000,3836979.00000000,667563.00000000,3837747.00000000
train	004717	lower__20201117_160556_26_2235_3B_AnalyticMS_SR_8b_clip	pm5__20201105_20201124__0058	/scrfs/storage/yikebe/home/research/AR_Crop_Identification/make_dataset/raw_sentinel/pm5/pm5__20201105_20201124__0058	2020-11-19	606342.00000000,3837951.00000000,607110.00000000,3838719.00000000
train	004733	lower__20201117_160556_26_2235_3B_AnalyticMS_SR_8b_clip	pm5__20201105_20201124__0058	/scrfs/storage/yikebe/home/research/AR_Crop_Identification/make_dataset/raw_sentinel/pm5/pm5__20201105_20201124__0058	2020-11-19	589446.00000000,3836415.00000000,590214.00000000,3837183.00000000
train	004749	lower__20201117_160556_26_2235_3B_AnalyticMS_SR_8b_clip	pm5__20201105_20201124__0058	/scrfs/storage/yikebe/home/research/AR_Crop_Identification/make_dataset/raw_sentinel/pm5/pm5__20201105_20201124__0058	2020-11-19	603270.00000000,3833343.00000000,604038.00000000,3834111.00000000
train	004765	lower__20201117_160556_26_2235_3B_AnalyticMS_SR_8b_clip	pm5__20201105_20201124__0058	/scrfs/storage/yikebe/home/research/AR_Crop_Identification/make_dataset/raw_sentinel/pm5/pm5__20201105_20201124__0058	2020-11-19	603270.00000000,3832575.00000000,604038.00000000,3833343.00000000
train	004781	lower__20201117_160556_26_2235_3B_AnalyticMS_SR_8b_clip	pm5__20201105_20201124__0058	/scrfs/storage/yikebe/home/research/AR_Crop_Identification/make_dataset/raw_sentinel/pm5/pm5__20201105_20201124__0058	2020-11-19	589446.00000000,3831807.00000000,590214.00000000,3832575.00000000
train	004797	lower__20201117_160556_26_2235_3B_AnalyticMS_SR_8b_clip	pm5__20201105_20201124__0058	/scrfs/storage/yikebe/home/research/AR_Crop_Identification/make_dataset/raw_sentinel/pm5/pm5__20201105_20201124__0058	2020-11-19	573318.00000000,3829503.00000000,574086.00000000,3830271.00000000
train	004813	lower__20201117_160556_26_2235_3B_AnalyticMS_SR_8b_clip	pm5__20201105_20201124__0058	/scrfs/storage/yikebe/home/research/AR_Crop_Identification/make_dataset/raw_sentinel/pm5/pm5__20201105_20201124__0058	2020-11-19	580998.00000000,3828735.00000000,581766.00000000,3829503.00000000
train	004829	lower__20201117_160556_26_2235_3B_AnalyticMS_SR_8b_clip	pm5__20201105_20201124__0058	/scrfs/storage/yikebe/home/research/AR_Crop_Identification/make_dataset/raw_sentinel/pm5/pm5__20201105_20201124__0058	2020-11-19	595590.00000000,3828735.00000000,596358.00000000,3829503.00000000
train	004845	lower__20201117_160556_26_2235_3B_AnalyticMS_SR_8b_clip	pm5__20201105_20201124__0058	/scrfs/storage/yikebe/home/research/AR_Crop_Identification/make_dataset/raw_sentinel/pm5/pm5__20201105_20201124__0058	2020-11-19	595590.00000000,3827967.00000000,596358.00000000,3828735.00000000
train	004861	lower__20201117_160556_26_2235_3B_AnalyticMS_SR_8b_clip	pm5__20201105_20201124__0058	/scrfs/storage/yikebe/home/research/AR_Crop_Identification/make_dataset/raw_sentinel/pm5/pm5__20201105_20201124__0058	2020-11-19	601734.00000000,3827967.00000000,602502.00000000,3828735.00000000
train	004877	lower__20201117_160556_26_2235_3B_AnalyticMS_SR_8b_clip	pm5__20201105_20201124__0058	/scrfs/storage/yikebe/home/research/AR_Crop_Identification/make_dataset/raw_sentinel/pm5/pm5__20201105_20201124__0058	2020-11-19	584070.00000000,3823359.00000000,584838.00000000,3824127.00000000
train	004893	lower__20201117_160556_26_2235_3B_AnalyticMS_SR_8b_clip	pm5__20201105_20201124__0058	/scrfs/storage/yikebe/home/research/AR_Crop_Identification/make_dataset/raw_sentinel/pm5/pm5__20201105_20201124__0058	2020-11-19	593286.00000000,3823359.00000000,594054.00000000,3824127.00000000
train	004909	lower__20201117_160556_26_2235_3B_AnalyticMS_SR_8b_clip	pm5__20201105_20201124__0058	/scrfs/storage/yikebe/home/research/AR_Crop_Identification/make_dataset/raw_sentinel/pm5/pm5__20201105_20201124__0058	2020-11-19	583302.00000000,3822591.00000000,584070.00000000,3823359.00000000
train	004925	lower__20201117_160556_26_2235_3B_AnalyticMS_SR_8b_clip	pm5__20201105_20201124__0058	/scrfs/storage/yikebe/home/research/AR_Crop_Identification/make_dataset/raw_sentinel/pm5/pm5__20201105_20201124__0058	2020-11-19	584070.00000000,3822591.00000000,584838.00000000,3823359.00000000
train	004941	lower__20201117_165348_26_2414_3B_AnalyticMS_SR_8b_clip	pm5__20201105_20201124__0082	/scrfs/storage/yikebe/home/research/AR_Crop_Identification/make_dataset/raw_sentinel/pm5/pm5__20201105_20201124__0082	2020-11-19	632589.00000000,3813798.00000000,633357.00000000,3814566.00000000
train	004957	lower__20201117_165348_26_2414_3B_AnalyticMS_SR_8b_clip	pm5__20201105_20201124__0082	/scrfs/storage/yikebe/home/research/AR_Crop_Identification/make_dataset/raw_sentinel/pm5/pm5__20201105_20201124__0082	2020-11-19	634125.00000000,3813798.00000000,634893.00000000,3814566.00000000
train	004973	lower__20201117_165348_26_2414_3B_AnalyticMS_SR_8b_clip	pm5__20201105_20201124__0082	/scrfs/storage/yikebe/home/research/AR_Crop_Identification/make_dataset/raw_sentinel/pm5/pm5__20201105_20201124__0082	2020-11-19	635661.00000000,3813798.00000000,636429.00000000,3814566.00000000
train	004989	lower__20201117_165348_26_2414_3B_AnalyticMS_SR_8b_clip	pm5__20201105_20201124__0082	/scrfs/storage/yikebe/home/research/AR_Crop_Identification/make_dataset/raw_sentinel/pm5/pm5__20201105_20201124__0082	2020-11-19	637197.00000000,3813798.00000000,637965.00000000,3814566.00000000
train	005005	lower__20201117_165348_26_2414_3B_AnalyticMS_SR_8b_clip	pm5__20201105_20201124__0082	/scrfs/storage/yikebe/home/research/AR_Crop_Identification/make_dataset/raw_sentinel/pm5/pm5__20201105_20201124__0082	2020-11-19	634125.00000000,3813030.00000000,634893.00000000,3813798.00000000
train	005021	lower__20201117_165348_26_2414_3B_AnalyticMS_SR_8b_clip	pm5__20201105_20201124__0082	/scrfs/storage/yikebe/home/research/AR_Crop_Identification/make_dataset/raw_sentinel/pm5/pm5__20201105_20201124__0082	2020-11-19	629517.00000000,3812262.00000000,630285.00000000,3813030.00000000
train	005037	lower__20201117_165348_26_2414_3B_AnalyticMS_SR_8b_clip	pm5__20201105_20201124__0082	/scrfs/storage/yikebe/home/research/AR_Crop_Identification/make_dataset/raw_sentinel/pm5/pm5__20201105_20201124__0082	2020-11-19	630285.00000000,3812262.00000000,631053.00000000,3813030.00000000
train	005053	lower__20201117_165348_26_2414_3B_AnalyticMS_SR_8b_clip	pm5__20201105_20201124__0082	/scrfs/storage/yikebe/home/research/AR_Crop_Identification/make_dataset/raw_sentinel/pm5/pm5__20201105_20201124__0082	2020-11-19	637965.00000000,3812262.00000000,638733.00000000,3813030.00000000
train	005069	lower__20201117_165348_26_2414_3B_AnalyticMS_SR_8b_clip	pm5__20201105_20201124__0082	/scrfs/storage/yikebe/home/research/AR_Crop_Identification/make_dataset/raw_sentinel/pm5/pm5__20201105_20201124__0082	2020-11-19	638733.00000000,3812262.00000000,639501.00000000,3813030.00000000
train	005085	lower__20201117_165348_26_2414_3B_AnalyticMS_SR_8b_clip	pm5__20201105_20201124__0082	/scrfs/storage/yikebe/home/research/AR_Crop_Identification/make_dataset/raw_sentinel/pm5/pm5__20201105_20201124__0082	2020-11-19	629517.00000000,3811494.00000000,630285.00000000,3812262.00000000
train	005101	lower__20201117_165348_26_2414_3B_AnalyticMS_SR_8b_clip	pm5__20201105_20201124__0082	/scrfs/storage/yikebe/home/research/AR_Crop_Identification/make_dataset/raw_sentinel/pm5/pm5__20201105_20201124__0082	2020-11-19	643341.00000000,3811494.00000000,644109.00000000,3812262.00000000
train	005117	lower__20201117_165348_26_2414_3B_AnalyticMS_SR_8b_clip	pm5__20201105_20201124__0082	/scrfs/storage/yikebe/home/research/AR_Crop_Identification/make_dataset/raw_sentinel/pm5/pm5__20201105_20201124__0082	2020-11-19	642573.00000000,3810726.00000000,643341.00000000,3811494.00000000
train	005133	lower__20201117_165348_26_2414_3B_AnalyticMS_SR_8b_clip	pm5__20201105_20201124__0082	/scrfs/storage/yikebe/home/research/AR_Crop_Identification/make_dataset/raw_sentinel/pm5/pm5__20201105_20201124__0082	2020-11-19	629517.00000000,3809958.00000000,630285.00000000,3810726.00000000
train	005149	lower__20201117_165348_26_2414_3B_AnalyticMS_SR_8b_clip	pm5__20201105_20201124__0082	/scrfs/storage/yikebe/home/research/AR_Crop_Identification/make_dataset/raw_sentinel/pm5/pm5__20201105_20201124__0082	2020-11-19	629517.00000000,3809190.00000000,630285.00000000,3809958.00000000
train	005165	lower__20201117_165348_26_2414_3B_AnalyticMS_SR_8b_clip	pm5__20201105_20201124__0082	/scrfs/storage/yikebe/home/research/AR_Crop_Identification/make_dataset/raw_sentinel/pm5/pm5__20201105_20201124__0082	2020-11-19	636429.00000000,3809190.00000000,637197.00000000,3809958.00000000
train	005181	lower__20201117_165348_26_2414_3B_AnalyticMS_SR_8b_clip	pm5__20201105_20201124__0082	/scrfs/storage/yikebe/home/research/AR_Crop_Identification/make_dataset/raw_sentinel/pm5/pm5__20201105_20201124__0082	2020-11-19	628749.00000000,3808422.00000000,629517.00000000,3809190.00000000
train	005197	lower__20201117_165348_26_2414_3B_AnalyticMS_SR_8b_clip	pm5__20201105_20201124__0082	/scrfs/storage/yikebe/home/research/AR_Crop_Identification/make_dataset/raw_sentinel/pm5/pm5__20201105_20201124__0082	2020-11-19	636429.00000000,3808422.00000000,637197.00000000,3809190.00000000
train	005213	lower__20201117_165348_26_2414_3B_AnalyticMS_SR_8b_clip	pm5__20201105_20201124__0082	/scrfs/storage/yikebe/home/research/AR_Crop_Identification/make_dataset/raw_sentinel/pm5/pm5__20201105_20201124__0082	2020-11-19	635661.00000000,3807654.00000000,636429.00000000,3808422.00000000
train	005229	lower__20201117_165348_26_2414_3B_AnalyticMS_SR_8b_clip	pm5__20201105_20201124__0082	/scrfs/storage/yikebe/home/research/AR_Crop_Identification/make_dataset/raw_sentinel/pm5/pm5__20201105_20201124__0082	2020-11-19	644109.00000000,3807654.00000000,644877.00000000,3808422.00000000
train	005245	lower__20201117_165348_26_2414_3B_AnalyticMS_SR_8b_clip	pm5__20201105_20201124__0082	/scrfs/storage/yikebe/home/research/AR_Crop_Identification/make_dataset/raw_sentinel/pm5/pm5__20201105_20201124__0082	2020-11-19	635661.00000000,3806886.00000000,636429.00000000,3807654.00000000
train	005261	lower__20201117_165348_26_2414_3B_AnalyticMS_SR_8b_clip	pm5__20201105_20201124__0082	/scrfs/storage/yikebe/home/research/AR_Crop_Identification/make_dataset/raw_sentinel/pm5/pm5__20201105_20201124__0082	2020-11-19	644109.00000000,3806886.00000000,644877.00000000,3807654.00000000
train	005277	lower__20201117_165348_26_2414_3B_AnalyticMS_SR_8b_clip	pm5__20201105_20201124__0082	/scrfs/storage/yikebe/home/research/AR_Crop_Identification/make_dataset/raw_sentinel/pm5/pm5__20201105_20201124__0082	2020-11-19	636429.00000000,3806118.00000000,637197.00000000,3806886.00000000
train	005293	lower__20201117_165348_26_2414_3B_AnalyticMS_SR_8b_clip	pm5__20201105_20201124__0082	/scrfs/storage/yikebe/home/research/AR_Crop_Identification/make_dataset/raw_sentinel/pm5/pm5__20201105_20201124__0082	2020-11-19	642573.00000000,3806118.00000000,643341.00000000,3806886.00000000
train	005309	lower__20201117_165348_26_2414_3B_AnalyticMS_SR_8b_clip	pm5__20201105_20201124__0082	/scrfs/storage/yikebe/home/research/AR_Crop_Identification/make_dataset/raw_sentinel/pm5/pm5__20201105_20201124__0082	2020-11-19	654093.00000000,3806118.00000000,654861.00000000,3806886.00000000
train	005325	lower__20201117_165348_26_2414_3B_AnalyticMS_SR_8b_clip	pm5__20201105_20201124__0082	/scrfs/storage/yikebe/home/research/AR_Crop_Identification/make_dataset/raw_sentinel/pm5/pm5__20201105_20201124__0082	2020-11-19	635661.00000000,3805350.00000000,636429.00000000,3806118.00000000
train	005341	lower__20201117_165348_26_2414_3B_AnalyticMS_SR_8b_clip	pm5__20201105_20201124__0082	/scrfs/storage/yikebe/home/research/AR_Crop_Identification/make_dataset/raw_sentinel/pm5/pm5__20201105_20201124__0082	2020-11-19	651021.00000000,3805350.00000000,651789.00000000,3806118.00000000
train	005357	lower__20201117_165348_26_2414_3B_AnalyticMS_SR_8b_clip	pm5__20201105_20201124__0082	/scrfs/storage/yikebe/home/research/AR_Crop_Identification/make_dataset/raw_sentinel/pm5/pm5__20201105_20201124__0082	2020-11-19	651789.00000000,3805350.00000000,652557.00000000,3806118.00000000
train	005373	lower__20201117_165348_26_2414_3B_AnalyticMS_SR_8b_clip	pm5__20201105_20201124__0082	/scrfs/storage/yikebe/home/research/AR_Crop_Identification/make_dataset/raw_sentinel/pm5/pm5__20201105_20201124__0082	2020-11-19	639501.00000000,3798438.00000000,640269.00000000,3799206.00000000
train	005389	lower__20201117_165348_26_2414_3B_AnalyticMS_SR_8b_clip	pm5__20201105_20201124__0082	/scrfs/storage/yikebe/home/research/AR_Crop_Identification/make_dataset/raw_sentinel/pm5/pm5__20201105_20201124__0082	2020-11-19	639501.00000000,3797670.00000000,640269.00000000,3798438.00000000
train	005405	lower__20201117_165348_26_2414_3B_AnalyticMS_SR_8b_clip	pm5__20201105_20201124__0082	/scrfs/storage/yikebe/home/research/AR_Crop_Identification/make_dataset/raw_sentinel/pm5/pm5__20201105_20201124__0082	2020-11-19	640269.00000000,3797670.00000000,641037.00000000,3798438.00000000
train	005421	lower__20201117_165348_26_2414_3B_AnalyticMS_SR_8b_clip	pm5__20201105_20201124__0082	/scrfs/storage/yikebe/home/research/AR_Crop_Identification/make_dataset/raw_sentinel/pm5/pm5__20201105_20201124__0082	2020-11-19	637965.00000000,3796902.00000000,638733.00000000,3797670.00000000
train	005437	lower__20201117_165348_26_2414_3B_AnalyticMS_SR_8b_clip	pm5__20201105_20201124__0082	/scrfs/storage/yikebe/home/research/AR_Crop_Identification/make_dataset/raw_sentinel/pm5/pm5__20201105_20201124__0082	2020-11-19	646413.00000000,3796902.00000000,647181.00000000,3797670.00000000
train	005453	lower__20201117_165348_26_2414_3B_AnalyticMS_SR_8b_clip	pm5__20201105_20201124__0082	/scrfs/storage/yikebe/home/research/AR_Crop_Identification/make_dataset/raw_sentinel/pm5/pm5__20201105_20201124__0082	2020-11-19	646413.00000000,3795366.00000000,647181.00000000,3796134.00000000
train	005469	lower__20201117_165348_26_2414_3B_AnalyticMS_SR_8b_clip	pm5__20201105_20201124__0082	/scrfs/storage/yikebe/home/research/AR_Crop_Identification/make_dataset/raw_sentinel/pm5/pm5__20201105_20201124__0082	2020-11-19	647181.00000000,3795366.00000000,647949.00000000,3796134.00000000
train	005485	lower__20201117_165348_26_2414_3B_AnalyticMS_SR_8b_clip	pm5__20201105_20201124__0082	/scrfs/storage/yikebe/home/research/AR_Crop_Identification/make_dataset/raw_sentinel/pm5/pm5__20201105_20201124__0082	2020-11-19	647181.00000000,3793830.00000000,647949.00000000,3794598.00000000
train	005501	lower__20201117_165348_26_2414_3B_AnalyticMS_SR_8b_clip	pm5__20201105_20201124__0082	/scrfs/storage/yikebe/home/research/AR_Crop_Identification/make_dataset/raw_sentinel/pm5/pm5__20201105_20201124__0082	2020-11-19	639501.00000000,3792294.00000000,640269.00000000,3793062.00000000
train	005517	lower__20201117_165348_26_2414_3B_AnalyticMS_SR_8b_clip	pm5__20201105_20201124__0082	/scrfs/storage/yikebe/home/research/AR_Crop_Identification/make_dataset/raw_sentinel/pm5/pm5__20201105_20201124__0082	2020-11-19	647181.00000000,3792294.00000000,647949.00000000,3793062.00000000
train	005533	lower__20201117_165348_26_2414_3B_AnalyticMS_SR_8b_clip	pm5__20201105_20201124__0082	/scrfs/storage/yikebe/home/research/AR_Crop_Identification/make_dataset/raw_sentinel/pm5/pm5__20201105_20201124__0082	2020-11-19	647949.00000000,3792294.00000000,648717.00000000,3793062.00000000
train	005549	lower__20201117_165348_26_2414_3B_AnalyticMS_SR_8b_clip	pm5__20201105_20201124__0082	/scrfs/storage/yikebe/home/research/AR_Crop_Identification/make_dataset/raw_sentinel/pm5/pm5__20201105_20201124__0082	2020-11-19	650253.00000000,3792294.00000000,651021.00000000,3793062.00000000
train	005565	lower__20201117_165348_26_2414_3B_AnalyticMS_SR_8b_clip	pm5__20201105_20201124__0082	/scrfs/storage/yikebe/home/research/AR_Crop_Identification/make_dataset/raw_sentinel/pm5/pm5__20201105_20201124__0082	2020-11-19	651021.00000000,3792294.00000000,651789.00000000,3793062.00000000
train	005581	lower__20201117_165348_26_2414_3B_AnalyticMS_SR_8b_clip	pm5__20201105_20201124__0082	/scrfs/storage/yikebe/home/research/AR_Crop_Identification/make_dataset/raw_sentinel/pm5/pm5__20201105_20201124__0082	2020-11-19	651021.00000000,3790758.00000000,651789.00000000,3791526.00000000
train	005597	lower__20201118_155735_00_222b_3B_AnalyticMS_SR_8b_clip	pm5__20201105_20201124__0132	/scrfs/storage/yikebe/home/research/AR_Crop_Identification/make_dataset/raw_sentinel/pm5/pm5__20201105_20201124__0132	2020-11-21	729657.00000000,3780258.00000000,730425.00000000,3781026.00000000
train	005613	lower__20201118_155735_00_222b_3B_AnalyticMS_SR_8b_clip	pm5__20201105_20201124__0132	/scrfs/storage/yikebe/home/research/AR_Crop_Identification/make_dataset/raw_sentinel/pm5/pm5__20201105_20201124__0132	2020-11-21	726585.00000000,3777954.00000000,727353.00000000,3778722.00000000
train	005629	lower__20201118_155735_00_222b_3B_AnalyticMS_SR_8b_clip	pm5__20201105_20201124__0132	/scrfs/storage/yikebe/home/research/AR_Crop_Identification/make_dataset/raw_sentinel/pm5/pm5__20201105_20201124__0132	2020-11-21	727353.00000000,3775650.00000000,728121.00000000,3776418.00000000
train	005645	lower__20201118_155735_00_222b_3B_AnalyticMS_SR_8b_clip	pm5__20201105_20201124__0132	/scrfs/storage/yikebe/home/research/AR_Crop_Identification/make_dataset/raw_sentinel/pm5/pm5__20201105_20201124__0132	2020-11-21	741945.00000000,3771810.00000000,742713.00000000,3772578.00000000
train	005661	lower__20201118_155735_00_222b_3B_AnalyticMS_SR_8b_clip	pm5__20201105_20201124__0132	/scrfs/storage/yikebe/home/research/AR_Crop_Identification/make_dataset/raw_sentinel/pm5/pm5__20201105_20201124__0132	2020-11-21	726585.00000000,3769506.00000000,727353.00000000,3770274.00000000
train	005677	lower__20201118_160514_78_2264_3B_AnalyticMS_SR_8b_clip	pm5__20201105_20201124__0119	/scrfs/storage/yikebe/home/research/AR_Crop_Identification/make_dataset/raw_sentinel/pm5/pm5__20201105_20201124__0119	2020-11-21	700305.00000000,3746919.00000000,701073.00000000,3747687.00000000
train	005693	lower__20201118_160514_78_2264_3B_AnalyticMS_SR_8b_clip	pm5__20201105_20201124__0119	/scrfs/storage/yikebe/home/research/AR_Crop_Identification/make_dataset/raw_sentinel/pm5/pm5__20201105_20201124__0119	2020-11-21	701073.00000000,3746919.00000000,701841.00000000,3747687.00000000
train	005709	lower__20201118_160514_78_2264_3B_AnalyticMS_SR_8b_clip	pm5__20201105_20201124__0119	/scrfs/storage/yikebe/home/research/AR_Crop_Identification/make_dataset/raw_sentinel/pm5/pm5__20201105_20201124__0119	2020-11-21	716433.00000000,3746919.00000000,717201.00000000,3747687.00000000
train	005725	lower__20201118_160514_78_2264_3B_AnalyticMS_SR_8b_clip	pm5__20201105_20201124__0119	/scrfs/storage/yikebe/home/research/AR_Crop_Identification/make_dataset/raw_sentinel/pm5/pm5__20201105_20201124__0119	2020-11-21	701073.00000000,3746151.00000000,701841.00000000,3746919.00000000
train	005741	lower__20201118_160514_78_2264_3B_AnalyticMS_SR_8b_clip	pm5__20201105_20201124__0119	/scrfs/storage/yikebe/home/research/AR_Crop_Identification/make_dataset/raw_sentinel/pm5/pm5__20201105_20201124__0119	2020-11-21	714897.00000000,3741543.00000000,715665.00000000,3742311.00000000
train	005757	lower__20201118_160514_78_2264_3B_AnalyticMS_SR_8b_clip	pm5__20201105_20201124__0119	/scrfs/storage/yikebe/home/research/AR_Crop_Identification/make_dataset/raw_sentinel/pm5/pm5__20201105_20201124__0119	2020-11-21	703377.00000000,3740775.00000000,704145.00000000,3741543.00000000
train	005773	lower__20201118_160514_78_2264_3B_AnalyticMS_SR_8b_clip	pm5__20201105_20201124__0119	/scrfs/storage/yikebe/home/research/AR_Crop_Identification/make_dataset/raw_sentinel/pm5/pm5__20201105_20201124__0119	2020-11-21	714129.00000000,3737703.00000000,714897.00000000,3738471.00000000
train	005789	lower__20201118_160514_78_2264_3B_AnalyticMS_SR_8b_clip	pm5__20201105_20201124__0119	/scrfs/storage/yikebe/home/research/AR_Crop_Identification/make_dataset/raw_sentinel/pm5/pm5__20201105_20201124__0119	2020-11-21	716433.00000000,3736935.00000000,717201.00000000,3737703.00000000
train	005805	lower__20201118_165037_06_2401_3B_AnalyticMS_SR_8b_clip	pm5__20201105_20201124__0113	/scrfs/storage/yikebe/home/research/AR_Crop_Identification/make_dataset/raw_sentinel/pm5/pm5__20201105_20201124__0113	2020-11-19	681651.00000000,3798186.00000000,682419.00000000,3798954.00000000
train	005821	lower__20201119_160551_82_2271_3B_AnalyticMS_SR_8b_clip	pm5__20201105_20201124__0099	/scrfs/storage/yikebe/home/research/AR_Crop_Identification/make_dataset/raw_sentinel/pm5/pm5__20201105_20201124__0099	2020-11-19	664299.00000000,3753129.00000000,665067.00000000,3753897.00000000
train	005837	lower__20201119_160551_82_2271_3B_AnalyticMS_SR_8b_clip	pm5__20201105_20201124__0099	/scrfs/storage/yikebe/home/research/AR_Crop_Identification/make_dataset/raw_sentinel/pm5/pm5__20201105_20201124__0099	2020-11-19	665067.00000000,3753129.00000000,665835.00000000,3753897.00000000
train	005853	lower__20201119_160551_82_2271_3B_AnalyticMS_SR_8b_clip	pm5__20201105_20201124__0099	/scrfs/storage/yikebe/home/research/AR_Crop_Identification/make_dataset/raw_sentinel/pm5/pm5__20201105_20201124__0099	2020-11-19	662763.00000000,3752361.00000000,663531.00000000,3753129.00000000
train	005869	lower__20201119_160551_82_2271_3B_AnalyticMS_SR_8b_clip	pm5__20201105_20201124__0099	/scrfs/storage/yikebe/home/research/AR_Crop_Identification/make_dataset/raw_sentinel/pm5/pm5__20201105_20201124__0099	2020-11-19	664299.00000000,3752361.00000000,665067.00000000,3753129.00000000
train	005885	lower__20201119_160551_82_2271_3B_AnalyticMS_SR_8b_clip	pm5__20201105_20201124__0099	/scrfs/storage/yikebe/home/research/AR_Crop_Identification/make_dataset/raw_sentinel/pm5/pm5__20201105_20201124__0099	2020-11-19	665067.00000000,3752361.00000000,665835.00000000,3753129.00000000
train	005901	lower__20201119_160551_82_2271_3B_AnalyticMS_SR_8b_clip	pm5__20201105_20201124__0099	/scrfs/storage/yikebe/home/research/AR_Crop_Identification/make_dataset/raw_sentinel/pm5/pm5__20201105_20201124__0099	2020-11-19	665835.00000000,3752361.00000000,666603.00000000,3753129.00000000
train	005917	lower__20201119_160551_82_2271_3B_AnalyticMS_SR_8b_clip	pm5__20201105_20201124__0099	/scrfs/storage/yikebe/home/research/AR_Crop_Identification/make_dataset/raw_sentinel/pm5/pm5__20201105_20201124__0099	2020-11-19	665067.00000000,3751593.00000000,665835.00000000,3752361.00000000
train	005933	lower__20201119_160551_82_2271_3B_AnalyticMS_SR_8b_clip	pm5__20201105_20201124__0099	/scrfs/storage/yikebe/home/research/AR_Crop_Identification/make_dataset/raw_sentinel/pm5/pm5__20201105_20201124__0099	2020-11-19	667371.00000000,3750825.00000000,668139.00000000,3751593.00000000
train	005949	lower__20201119_160551_82_2271_3B_AnalyticMS_SR_8b_clip	pm5__20201105_20201124__0099	/scrfs/storage/yikebe/home/research/AR_Crop_Identification/make_dataset/raw_sentinel/pm5/pm5__20201105_20201124__0099	2020-11-19	658155.00000000,3749289.00000000,658923.00000000,3750057.00000000
train	005965	lower__20201119_160551_82_2271_3B_AnalyticMS_SR_8b_clip	pm5__20201105_20201124__0099	/scrfs/storage/yikebe/home/research/AR_Crop_Identification/make_dataset/raw_sentinel/pm5/pm5__20201105_20201124__0099	2020-11-19	658923.00000000,3749289.00000000,659691.00000000,3750057.00000000
train	005981	lower__20201119_160551_82_2271_3B_AnalyticMS_SR_8b_clip	pm5__20201105_20201124__0099	/scrfs/storage/yikebe/home/research/AR_Crop_Identification/make_dataset/raw_sentinel/pm5/pm5__20201105_20201124__0099	2020-11-19	665835.00000000,3749289.00000000,666603.00000000,3750057.00000000
train	005997	lower__20201119_160551_82_2271_3B_AnalyticMS_SR_8b_clip	pm5__20201105_20201124__0099	/scrfs/storage/yikebe/home/research/AR_Crop_Identification/make_dataset/raw_sentinel/pm5/pm5__20201105_20201124__0099	2020-11-19	661227.00000000,3748521.00000000,661995.00000000,3749289.00000000
train	006013	lower__20201119_160551_82_2271_3B_AnalyticMS_SR_8b_clip	pm5__20201105_20201124__0099	/scrfs/storage/yikebe/home/research/AR_Crop_Identification/make_dataset/raw_sentinel/pm5/pm5__20201105_20201124__0099	2020-11-19	661995.00000000,3748521.00000000,662763.00000000,3749289.00000000
train	006029	lower__20201119_160551_82_2271_3B_AnalyticMS_SR_8b_clip	pm5__20201105_20201124__0099	/scrfs/storage/yikebe/home/research/AR_Crop_Identification/make_dataset/raw_sentinel/pm5/pm5__20201105_20201124__0099	2020-11-19	665835.00000000,3748521.00000000,666603.00000000,3749289.00000000
train	006045	lower__20201119_160551_82_2271_3B_AnalyticMS_SR_8b_clip	pm5__20201105_20201124__0099	/scrfs/storage/yikebe/home/research/AR_Crop_Identification/make_dataset/raw_sentinel/pm5/pm5__20201105_20201124__0099	2020-11-19	667371.00000000,3746985.00000000,668139.00000000,3747753.00000000
train	006061	lower__20201119_160551_82_2271_3B_AnalyticMS_SR_8b_clip	pm5__20201105_20201124__0099	/scrfs/storage/yikebe/home/research/AR_Crop_Identification/make_dataset/raw_sentinel/pm5/pm5__20201105_20201124__0099	2020-11-19	661227.00000000,3746217.00000000,661995.00000000,3746985.00000000
train	006077	lower__20201119_160551_82_2271_3B_AnalyticMS_SR_8b_clip	pm5__20201105_20201124__0099	/scrfs/storage/yikebe/home/research/AR_Crop_Identification/make_dataset/raw_sentinel/pm5/pm5__20201105_20201124__0099	2020-11-19	662763.00000000,3746217.00000000,663531.00000000,3746985.00000000
train	006093	lower__20201119_160551_82_2271_3B_AnalyticMS_SR_8b_clip	pm5__20201105_20201124__0099	/scrfs/storage/yikebe/home/research/AR_Crop_Identification/make_dataset/raw_sentinel/pm5/pm5__20201105_20201124__0099	2020-11-19	668139.00000000,3744681.00000000,668907.00000000,3745449.00000000
train	006109	lower__20201119_160551_82_2271_3B_AnalyticMS_SR_8b_clip	pm5__20201105_20201124__0099	/scrfs/storage/yikebe/home/research/AR_Crop_Identification/make_dataset/raw_sentinel/pm5/pm5__20201105_20201124__0099	2020-11-19	657387.00000000,3740073.00000000,658155.00000000,3740841.00000000
train	006125	lower__20201119_160551_82_2271_3B_AnalyticMS_SR_8b_clip	pm5__20201105_20201124__0099	/scrfs/storage/yikebe/home/research/AR_Crop_Identification/make_dataset/raw_sentinel/pm5/pm5__20201105_20201124__0099	2020-11-19	655851.00000000,3739305.00000000,656619.00000000,3740073.00000000
train	006141	lower__20201119_160551_82_2271_3B_AnalyticMS_SR_8b_clip	pm5__20201105_20201124__0099	/scrfs/storage/yikebe/home/research/AR_Crop_Identification/make_dataset/raw_sentinel/pm5/pm5__20201105_20201124__0099	2020-11-19	657387.00000000,3739305.00000000,658155.00000000,3740073.00000000
train	006157	lower__20201119_164803_98_240a_3B_AnalyticMS_SR_8b_clip	pm5__20201105_20201124__0125	/scrfs/storage/yikebe/home/research/AR_Crop_Identification/make_dataset/raw_sentinel/pm5/pm5__20201105_20201124__0125	2020-11-21	726531.00000000,3672654.00000000,727299.00000000,3673422.00000000
train	006173	lower__20201119_164803_98_240a_3B_AnalyticMS_SR_8b_clip	pm5__20201105_20201124__0125	/scrfs/storage/yikebe/home/research/AR_Crop_Identification/make_dataset/raw_sentinel/pm5/pm5__20201105_20201124__0125	2020-11-21	731907.00000000,3671118.00000000,732675.00000000,3671886.00000000
train	006189	lower__20201119_164803_98_240a_3B_AnalyticMS_SR_8b_clip	pm5__20201105_20201124__0125	/scrfs/storage/yikebe/home/research/AR_Crop_Identification/make_dataset/raw_sentinel/pm5/pm5__20201105_20201124__0125	2020-11-21	731907.00000000,3670350.00000000,732675.00000000,3671118.00000000
train	006205	lower__20201119_164803_98_240a_3B_AnalyticMS_SR_8b_clip	pm5__20201105_20201124__0125	/scrfs/storage/yikebe/home/research/AR_Crop_Identification/make_dataset/raw_sentinel/pm5/pm5__20201105_20201124__0125	2020-11-21	741123.00000000,3667278.00000000,741891.00000000,3668046.00000000
train	006221	lower__20201119_164803_98_240a_3B_AnalyticMS_SR_8b_clip	pm5__20201105_20201124__0125	/scrfs/storage/yikebe/home/research/AR_Crop_Identification/make_dataset/raw_sentinel/pm5/pm5__20201105_20201124__0125	2020-11-21	741123.00000000,3666510.00000000,741891.00000000,3667278.00000000
train	006237	lower__20201119_164803_98_240a_3B_AnalyticMS_SR_8b_clip	pm5__20201105_20201124__0125	/scrfs/storage/yikebe/home/research/AR_Crop_Identification/make_dataset/raw_sentinel/pm5/pm5__20201105_20201124__0125	2020-11-21	741891.00000000,3666510.00000000,742659.00000000,3667278.00000000
train	006253	lower__20201119_164803_98_240a_3B_AnalyticMS_SR_8b_clip	pm5__20201105_20201124__0125	/scrfs/storage/yikebe/home/research/AR_Crop_Identification/make_dataset/raw_sentinel/pm5/pm5__20201105_20201124__0125	2020-11-21	721923.00000000,3664206.00000000,722691.00000000,3664974.00000000
train	006269	lower__20201119_164803_98_240a_3B_AnalyticMS_SR_8b_clip	pm5__20201105_20201124__0125	/scrfs/storage/yikebe/home/research/AR_Crop_Identification/make_dataset/raw_sentinel/pm5/pm5__20201105_20201124__0125	2020-11-21	744195.00000000,3664206.00000000,744963.00000000,3664974.00000000
train	006285	lower__20201119_164803_98_240a_3B_AnalyticMS_SR_8b_clip	pm5__20201105_20201124__0125	/scrfs/storage/yikebe/home/research/AR_Crop_Identification/make_dataset/raw_sentinel/pm5/pm5__20201105_20201124__0125	2020-11-21	721155.00000000,3663438.00000000,721923.00000000,3664206.00000000
train	006301	lower__20201119_164803_98_240a_3B_AnalyticMS_SR_8b_clip	pm5__20201105_20201124__0125	/scrfs/storage/yikebe/home/research/AR_Crop_Identification/make_dataset/raw_sentinel/pm5/pm5__20201105_20201124__0125	2020-11-21	746499.00000000,3663438.00000000,747267.00000000,3664206.00000000
train	006317	lower__20201119_164803_98_240a_3B_AnalyticMS_SR_8b_clip	pm5__20201105_20201124__0125	/scrfs/storage/yikebe/home/research/AR_Crop_Identification/make_dataset/raw_sentinel/pm5/pm5__20201105_20201124__0125	2020-11-21	751107.00000000,3662670.00000000,751875.00000000,3663438.00000000
train	006333	lower__20201119_164803_98_240a_3B_AnalyticMS_SR_8b_clip	pm5__20201105_20201124__0125	/scrfs/storage/yikebe/home/research/AR_Crop_Identification/make_dataset/raw_sentinel/pm5/pm5__20201105_20201124__0125	2020-11-21	741891.00000000,3661902.00000000,742659.00000000,3662670.00000000
train	006349	lower__20201119_164803_98_240a_3B_AnalyticMS_SR_8b_clip	pm5__20201105_20201124__0125	/scrfs/storage/yikebe/home/research/AR_Crop_Identification/make_dataset/raw_sentinel/pm5/pm5__20201105_20201124__0125	2020-11-21	742659.00000000,3661902.00000000,743427.00000000,3662670.00000000
train	006365	lower__20201119_164803_98_240a_3B_AnalyticMS_SR_8b_clip	pm5__20201105_20201124__0125	/scrfs/storage/yikebe/home/research/AR_Crop_Identification/make_dataset/raw_sentinel/pm5/pm5__20201105_20201124__0125	2020-11-21	743427.00000000,3661902.00000000,744195.00000000,3662670.00000000
train	006381	lower__20201119_164803_98_240a_3B_AnalyticMS_SR_8b_clip	pm5__20201105_20201124__0125	/scrfs/storage/yikebe/home/research/AR_Crop_Identification/make_dataset/raw_sentinel/pm5/pm5__20201105_20201124__0125	2020-11-21	743427.00000000,3658062.00000000,744195.00000000,3658830.00000000
train	006397	lower__20201119_164803_98_240a_3B_AnalyticMS_SR_8b_clip	pm5__20201105_20201124__0125	/scrfs/storage/yikebe/home/research/AR_Crop_Identification/make_dataset/raw_sentinel/pm5/pm5__20201105_20201124__0125	2020-11-21	731907.00000000,3654990.00000000,732675.00000000,3655758.00000000
train	006413	lower__20201119_165206_36_225b_3B_AnalyticMS_SR_8b_clip	pm5__20201105_20201124__0133	/scrfs/storage/yikebe/home/research/AR_Crop_Identification/make_dataset/raw_sentinel/pm5/pm5__20201105_20201124__0133	2020-11-21	755550.00000000,3775650.00000000,756318.00000000,3776418.00000000
train	006429	lower__20201119_165206_36_225b_3B_AnalyticMS_SR_8b_clip	pm5__20201105_20201124__0133	/scrfs/storage/yikebe/home/research/AR_Crop_Identification/make_dataset/raw_sentinel/pm5/pm5__20201105_20201124__0133	2020-11-21	741726.00000000,3771810.00000000,742494.00000000,3772578.00000000
train	006445	lower__20201119_165206_36_225b_3B_AnalyticMS_SR_8b_clip	pm5__20201105_20201124__0133	/scrfs/storage/yikebe/home/research/AR_Crop_Identification/make_dataset/raw_sentinel/pm5/pm5__20201105_20201124__0133	2020-11-21	766302.00000000,3764898.00000000,767070.00000000,3765666.00000000
train	006461	lower__20201119_165206_36_225b_3B_AnalyticMS_SR_8b_clip	pm5__20201105_20201124__0133	/scrfs/storage/yikebe/home/research/AR_Crop_Identification/make_dataset/raw_sentinel/pm5/pm5__20201105_20201124__0133	2020-11-21	767070.00000000,3764898.00000000,767838.00000000,3765666.00000000
train	006477	lower__20201119_165206_36_225b_3B_AnalyticMS_SR_8b_clip	pm5__20201105_20201124__0133	/scrfs/storage/yikebe/home/research/AR_Crop_Identification/make_dataset/raw_sentinel/pm5/pm5__20201105_20201124__0133	2020-11-21	766302.00000000,3764130.00000000,767070.00000000,3764898.00000000
train	006493	lower__20201119_165206_36_225b_3B_AnalyticMS_SR_8b_clip	pm5__20201105_20201124__0133	/scrfs/storage/yikebe/home/research/AR_Crop_Identification/make_dataset/raw_sentinel/pm5/pm5__20201105_20201124__0133	2020-11-21	767070.00000000,3764130.00000000,767838.00000000,3764898.00000000
train	006509	lower__20201119_165206_36_225b_3B_AnalyticMS_SR_8b_clip	pm5__20201105_20201124__0133	/scrfs/storage/yikebe/home/research/AR_Crop_Identification/make_dataset/raw_sentinel/pm5/pm5__20201105_20201124__0133	2020-11-21	767070.00000000,3755682.00000000,767838.00000000,3756450.00000000
train	006525	lower__20201119_165206_36_225b_3B_AnalyticMS_SR_8b_clip	pm5__20201105_20201124__0133	/scrfs/storage/yikebe/home/research/AR_Crop_Identification/make_dataset/raw_sentinel/pm5/pm5__20201105_20201124__0133	2020-11-21	767838.00000000,3755682.00000000,768606.00000000,3756450.00000000
train	006541	lower__20201119_165206_36_225b_3B_AnalyticMS_SR_8b_clip	pm5__20201105_20201124__0133	/scrfs/storage/yikebe/home/research/AR_Crop_Identification/make_dataset/raw_sentinel/pm5/pm5__20201105_20201124__0133	2020-11-21	768606.00000000,3755682.00000000,769374.00000000,3756450.00000000
train	006557	lower__20201119_165206_36_225b_3B_AnalyticMS_SR_8b_clip	pm5__20201105_20201124__0133	/scrfs/storage/yikebe/home/research/AR_Crop_Identification/make_dataset/raw_sentinel/pm5/pm5__20201105_20201124__0133	2020-11-21	766302.00000000,3754914.00000000,767070.00000000,3755682.00000000
train	006573	lower__20201119_165504_56_2416_3B_AnalyticMS_SR_8b_clip	pm5__20201105_20201124__0067	/scrfs/storage/yikebe/home/research/AR_Crop_Identification/make_dataset/raw_sentinel/pm5/pm5__20201105_20201124__0067	2020-11-19	616833.00000000,3684912.00000000,617601.00000000,3685680.00000000
train	006589	lower__20201119_165504_56_2416_3B_AnalyticMS_SR_8b_clip	pm5__20201105_20201124__0067	/scrfs/storage/yikebe/home/research/AR_Crop_Identification/make_dataset/raw_sentinel/pm5/pm5__20201105_20201124__0067	2020-11-19	620673.00000000,3682608.00000000,621441.00000000,3683376.00000000
train	006605	lower__20201119_165504_56_2416_3B_AnalyticMS_SR_8b_clip	pm5__20201105_20201124__0067	/scrfs/storage/yikebe/home/research/AR_Crop_Identification/make_dataset/raw_sentinel/pm5/pm5__20201105_20201124__0067	2020-11-19	622977.00000000,3681840.00000000,623745.00000000,3682608.00000000
