split	sample_id	scene_id	sentinel_request_id	sentinel_request_root	sentinel_date	planet_bounds
train	000009	lower__20200511_155957_63_2263_3B_AnalyticMS_SR_8b_clip	pm5__20200506_20200523__0007	/scrfs/storage/yikebe/home/research/AR_Crop_Identification/make_dataset/raw_sentinel/pm5/pm5__20200506_20200523__0007	2020-05-10	704820.00000000,3828747.00000000,705588.00000000,3829515.00000000
train	000025	lower__20200511_155957_63_2263_3B_AnalyticMS_SR_8b_clip	pm5__20200506_20200523__0007	/scrfs/storage/yikebe/home/research/AR_Crop_Identification/make_dataset/raw_sentinel/pm5/pm5__20200506_20200523__0007	2020-05-10	693300.00000000,3824139.00000000,694068.00000000,3824907.00000000
train	000041	lower__20200511_155957_63_2263_3B_AnalyticMS_SR_8b_clip	pm5__20200506_20200523__0007	/scrfs/storage/yikebe/home/research/AR_Crop_Identification/make_dataset/raw_sentinel/pm5/pm5__20200506_20200523__0007	2020-05-10	694068.00000000,3824139.00000000,694836.00000000,3824907.00000000
train	000057	lower__20200511_155957_63_2263_3B_AnalyticMS_SR_8b_clip	pm5__20200506_20200523__0007	/scrfs/storage/yikebe/home/research/AR_Crop_Identification/make_dataset/raw_sentinel/pm5/pm5__20200506_20200523__0007	2020-05-10	694068.00000000,3823371.00000000,694836.00000000,3824139.00000000
train	000073	lower__20200511_155957_63_2263_3B_AnalyticMS_SR_8b_clip	pm5__20200506_20200523__0007	/scrfs/storage/yikebe/home/research/AR_Crop_Identification/make_dataset/raw_sentinel/pm5/pm5__20200506_20200523__0007	2020-05-10	700212.00000000,3823371.00000000,700980.00000000,3824139.00000000
train	000089	lower__20200511_155957_63_2263_3B_AnalyticMS_SR_8b_clip	pm5__20200506_20200523__0007	/scrfs/storage/yikebe/home/research/AR_Crop_Identification/make_dataset/raw_sentinel/pm5/pm5__20200506_20200523__0007	2020-05-10	702516.00000000,3823371.00000000,703284.00000000,3824139.00000000
train	000105	lower__20200511_155957_63_2263_3B_AnalyticMS_SR_8b_clip	pm5__20200506_20200523__0007	/scrfs/storage/yikebe/home/research/AR_Crop_Identification/make_dataset/raw_sentinel/pm5/pm5__20200506_20200523__0007	2020-05-10	705588.00000000,3823371.00000000,706356.00000000,3824139.00000000
train	000121	lower__20200511_155957_63_2263_3B_AnalyticMS_SR_8b_clip	pm5__20200506_20200523__0007	/scrfs/storage/yikebe/home/research/AR_Crop_Identification/make_dataset/raw_sentinel/pm5/pm5__20200506_20200523__0007	2020-05-10	693300.00000000,3822603.00000000,694068.00000000,3823371.00000000
train	000137	lower__20200511_155957_63_2263_3B_AnalyticMS_SR_8b_clip	pm5__20200506_20200523__0007	/scrfs/storage/yikebe/home/research/AR_Crop_Identification/make_dataset/raw_sentinel/pm5/pm5__20200506_20200523__0007	2020-05-10	707892.00000000,3822603.00000000,708660.00000000,3823371.00000000
train	000153	lower__20200511_155957_63_2263_3B_AnalyticMS_SR_8b_clip	pm5__20200506_20200523__0007	/scrfs/storage/yikebe/home/research/AR_Crop_Identification/make_dataset/raw_sentinel/pm5/pm5__20200506_20200523__0007	2020-05-10	707892.00000000,3821835.00000000,708660.00000000,3822603.00000000
train	000169	lower__20200511_155957_63_2263_3B_AnalyticMS_SR_8b_clip	pm5__20200506_20200523__0007	/scrfs/storage/yikebe/home/research/AR_Crop_Identification/make_dataset/raw_sentinel/pm5/pm5__20200506_20200523__0007	2020-05-10	713268.00000000,3821835.00000000,714036.00000000,3822603.00000000
train	000185	lower__20200511_155957_63_2263_3B_AnalyticMS_SR_8b_clip	pm5__20200506_20200523__0007	/scrfs/storage/yikebe/home/research/AR_Crop_Identification/make_dataset/raw_sentinel/pm5/pm5__20200506_20200523__0007	2020-05-10	713268.00000000,3820299.00000000,714036.00000000,3821067.00000000
train	000201	lower__20200511_155957_63_2263_3B_AnalyticMS_SR_8b_clip	pm5__20200506_20200523__0007	/scrfs/storage/yikebe/home/research/AR_Crop_Identification/make_dataset/raw_sentinel/pm5/pm5__20200506_20200523__0007	2020-05-10	715572.00000000,3820299.00000000,716340.00000000,3821067.00000000
train	000217	lower__20200511_155957_63_2263_3B_AnalyticMS_SR_8b_clip	pm5__20200506_20200523__0007	/scrfs/storage/yikebe/home/research/AR_Crop_Identification/make_dataset/raw_sentinel/pm5/pm5__20200506_20200523__0007	2020-05-10	715572.00000000,3819531.00000000,716340.00000000,3820299.00000000
train	000233	lower__20200511_155957_63_2263_3B_AnalyticMS_SR_8b_clip	pm5__20200506_20200523__0007	/scrfs/storage/yikebe/home/research/AR_Crop_Identification/make_dataset/raw_sentinel/pm5/pm5__20200506_20200523__0007	2020-05-10	700212.00000000,3818763.00000000,700980.00000000,3819531.00000000
train	000249	lower__20200511_155957_63_2263_3B_AnalyticMS_SR_8b_clip	pm5__20200506_20200523__0007	/scrfs/storage/yikebe/home/research/AR_Crop_Identification/make_dataset/raw_sentinel/pm5/pm5__20200506_20200523__0007	2020-05-10	708660.00000000,3817227.00000000,709428.00000000,3817995.00000000
train	000265	lower__20200518_160603_46_2304_3B_AnalyticMS_SR_8b_clip	pm5__20200506_20200523__0008	/scrfs/storage/yikebe/home/research/AR_Crop_Identification/make_dataset/raw_sentinel/pm5/pm5__20200506_20200523__0008	2020-05-18	587112.00000000,3811977.00000000,587880.00000000,3812745.00000000
train	000281	lower__20200518_160603_46_2304_3B_AnalyticMS_SR_8b_clip	pm5__20200506_20200523__0008	/scrfs/storage/yikebe/home/research/AR_Crop_Identification/make_dataset/raw_sentinel/pm5/pm5__20200506_20200523__0008	2020-05-18	587112.00000000,3811209.00000000,587880.00000000,3811977.00000000
train	000297	lower__20200518_160603_46_2304_3B_AnalyticMS_SR_8b_clip	pm5__20200506_20200523__0008	/scrfs/storage/yikebe/home/research/AR_Crop_Identification/make_dataset/raw_sentinel/pm5/pm5__20200506_20200523__0008	2020-05-18	587880.00000000,3811209.00000000,588648.00000000,3811977.00000000
train	000313	lower__20200518_160603_46_2304_3B_AnalyticMS_SR_8b_clip	pm5__20200506_20200523__0008	/scrfs/storage/yikebe/home/research/AR_Crop_Identification/make_dataset/raw_sentinel/pm5/pm5__20200506_20200523__0008	2020-05-18	587112.00000000,3810441.00000000,587880.00000000,3811209.00000000
train	000329	lower__20200518_160603_46_2304_3B_AnalyticMS_SR_8b_clip	pm5__20200506_20200523__0008	/scrfs/storage/yikebe/home/research/AR_Crop_Identification/make_dataset/raw_sentinel/pm5/pm5__20200506_20200523__0008	2020-05-18	587880.00000000,3810441.00000000,588648.00000000,3811209.00000000
train	000345	lower__20200518_160603_46_2304_3B_AnalyticMS_SR_8b_clip	pm5__20200506_20200523__0008	/scrfs/storage/yikebe/home/research/AR_Crop_Identification/make_dataset/raw_sentinel/pm5/pm5__20200506_20200523__0008	2020-05-18	597096.00000000,3810441.00000000,597864.00000000,3811209.00000000
train	000361	lower__20200518_160603_46_2304_3B_AnalyticMS_SR_8b_clip	pm5__20200506_20200523__0008	/scrfs/storage/yikebe/home/research/AR_Crop_Identification/make_dataset/raw_sentinel/pm5/pm5__20200506_20200523__0008	2020-05-18	586344.00000000,3809673.00000000,587112.00000000,3810441.00000000
train	000377	lower__20200518_160603_46_2304_3B_AnalyticMS_SR_8b_clip	pm5__20200506_20200523__0008	/scrfs/storage/yikebe/home/research/AR_Crop_Identification/make_dataset/raw_sentinel/pm5/pm5__20200506_20200523__0008	2020-05-18	587112.00000000,3809673.00000000,587880.00000000,3810441.00000000
train	000393	lower__20200518_160603_46_2304_3B_AnalyticMS_SR_8b_clip	pm5__20200506_20200523__0008	/scrfs/storage/yikebe/home/research/AR_Crop_Identification/make_dataset/raw_sentinel/pm5/pm5__20200506_20200523__0008	2020-05-18	587880.00000000,3809673.00000000,588648.00000000,3810441.00000000
train	000409	lower__20200518_160603_46_2304_3B_AnalyticMS_SR_8b_clip	pm5__20200506_20200523__0008	/scrfs/storage/yikebe/home/research/AR_Crop_Identification/make_dataset/raw_sentinel/pm5/pm5__20200506_20200523__0008	2020-05-18	590952.00000000,3809673.00000000,591720.00000000,3810441.00000000
train	000425	lower__20200518_160603_46_2304_3B_AnalyticMS_SR_8b_clip	pm5__20200506_20200523__0008	/scrfs/storage/yikebe/home/research/AR_Crop_Identification/make_dataset/raw_sentinel/pm5/pm5__20200506_20200523__0008	2020-05-18	603240.00000000,3809673.00000000,604008.00000000,3810441.00000000
train	000441	lower__20200518_160603_46_2304_3B_AnalyticMS_SR_8b_clip	pm5__20200506_20200523__0008	/scrfs/storage/yikebe/home/research/AR_Crop_Identification/make_dataset/raw_sentinel/pm5/pm5__20200506_20200523__0008	2020-05-18	587112.00000000,3808905.00000000,587880.00000000,3809673.00000000
train	000457	lower__20200518_160603_46_2304_3B_AnalyticMS_SR_8b_clip	pm5__20200506_20200523__0008	/scrfs/storage/yikebe/home/research/AR_Crop_Identification/make_dataset/raw_sentinel/pm5/pm5__20200506_20200523__0008	2020-05-18	587880.00000000,3808905.00000000,588648.00000000,3809673.00000000
train	000473	lower__20200518_160603_46_2304_3B_AnalyticMS_SR_8b_clip	pm5__20200506_20200523__0008	/scrfs/storage/yikebe/home/research/AR_Crop_Identification/make_dataset/raw_sentinel/pm5/pm5__20200506_20200523__0008	2020-05-18	584808.00000000,3808137.00000000,585576.00000000,3808905.00000000
train	000489	lower__20200518_160603_46_2304_3B_AnalyticMS_SR_8b_clip	pm5__20200506_20200523__0008	/scrfs/storage/yikebe/home/research/AR_Crop_Identification/make_dataset/raw_sentinel/pm5/pm5__20200506_20200523__0008	2020-05-18	586344.00000000,3808137.00000000,587112.00000000,3808905.00000000
train	000505	lower__20200518_160603_46_2304_3B_AnalyticMS_SR_8b_clip	pm5__20200506_20200523__0008	/scrfs/storage/yikebe/home/research/AR_Crop_Identification/make_dataset/raw_sentinel/pm5/pm5__20200506_20200523__0008	2020-05-18	587112.00000000,3808137.00000000,587880.00000000,3808905.00000000
train	000521	lower__20200518_160603_46_2304_3B_AnalyticMS_SR_8b_clip	pm5__20200506_20200523__0008	/scrfs/storage/yikebe/home/research/AR_Crop_Identification/make_dataset/raw_sentinel/pm5/pm5__20200506_20200523__0008	2020-05-18	587880.00000000,3808137.00000000,588648.00000000,3808905.00000000
train	000537	lower__20200518_160603_46_2304_3B_AnalyticMS_SR_8b_clip	pm5__20200506_20200523__0008	/scrfs/storage/yikebe/home/research/AR_Crop_Identification/make_dataset/raw_sentinel/pm5/pm5__20200506_20200523__0008	2020-05-18	588648.00000000,3807369.00000000,589416.00000000,3808137.00000000
train	000553	lower__20200518_160603_46_2304_3B_AnalyticMS_SR_8b_clip	pm5__20200506_20200523__0008	/scrfs/storage/yikebe/home/research/AR_Crop_Identification/make_dataset/raw_sentinel/pm5/pm5__20200506_20200523__0008	2020-05-18	589416.00000000,3807369.00000000,590184.00000000,3808137.00000000
train	000569	lower__20200518_160603_46_2304_3B_AnalyticMS_SR_8b_clip	pm5__20200506_20200523__0008	/scrfs/storage/yikebe/home/research/AR_Crop_Identification/make_dataset/raw_sentinel/pm5/pm5__20200506_20200523__0008	2020-05-18	605544.00000000,3807369.00000000,606312.00000000,3808137.00000000
train	000585	lower__20200518_160603_46_2304_3B_AnalyticMS_SR_8b_clip	pm5__20200506_20200523__0008	/scrfs/storage/yikebe/home/research/AR_Crop_Identification/make_dataset/raw_sentinel/pm5/pm5__20200506_20200523__0008	2020-05-18	606312.00000000,3807369.00000000,607080.00000000,3808137.00000000
train	000601	lower__20200518_160603_46_2304_3B_AnalyticMS_SR_8b_clip	pm5__20200506_20200523__0008	/scrfs/storage/yikebe/home/research/AR_Crop_Identification/make_dataset/raw_sentinel/pm5/pm5__20200506_20200523__0008	2020-05-18	601704.00000000,3806601.00000000,602472.00000000,3807369.00000000
train	000617	lower__20200518_160603_46_2304_3B_AnalyticMS_SR_8b_clip	pm5__20200506_20200523__0008	/scrfs/storage/yikebe/home/research/AR_Crop_Identification/make_dataset/raw_sentinel/pm5/pm5__20200506_20200523__0008	2020-05-18	600168.00000000,3805833.00000000,600936.00000000,3806601.00000000
train	000633	lower__20200518_160603_46_2304_3B_AnalyticMS_SR_8b_clip	pm5__20200506_20200523__0008	/scrfs/storage/yikebe/home/research/AR_Crop_Identification/make_dataset/raw_sentinel/pm5/pm5__20200506_20200523__0008	2020-05-18	600168.00000000,3805065.00000000,600936.00000000,3805833.00000000
train	000649	lower__20200518_160603_46_2304_3B_AnalyticMS_SR_8b_clip	pm5__20200506_20200523__0008	/scrfs/storage/yikebe/home/research/AR_Crop_Identification/make_dataset/raw_sentinel/pm5/pm5__20200506_20200523__0008	2020-05-18	600936.00000000,3805065.00000000,601704.00000000,3805833.00000000
train	000665	lower__20200518_160603_46_2304_3B_AnalyticMS_SR_8b_clip	pm5__20200506_20200523__0008	/scrfs/storage/yikebe/home/research/AR_Crop_Identification/make_dataset/raw_sentinel/pm5/pm5__20200506_20200523__0008	2020-05-18	601704.00000000,3805065.00000000,602472.00000000,3805833.00000000
train	000681	lower__20200518_160603_46_2304_3B_AnalyticMS_SR_8b_clip	pm5__20200506_20200523__0008	/scrfs/storage/yikebe/home/research/AR_Crop_Identification/make_dataset/raw_sentinel/pm5/pm5__20200506_20200523__0008	2020-05-18	601704.00000000,3804297.00000000,602472.00000000,3805065.00000000
train	000697	lower__20200518_160603_46_2304_3B_AnalyticMS_SR_8b_clip	pm5__20200506_20200523__0008	/scrfs/storage/yikebe/home/research/AR_Crop_Identification/make_dataset/raw_sentinel/pm5/pm5__20200506_20200523__0008	2020-05-18	601704.00000000,3803529.00000000,602472.00000000,3804297.00000000
train	000713	lower__20200518_160603_46_2304_3B_AnalyticMS_SR_8b_clip	pm5__20200506_20200523__0008	/scrfs/storage/yikebe/home/research/AR_Crop_Identification/make_dataset/raw_sentinel/pm5/pm5__20200506_20200523__0008	2020-05-18	586344.00000000,3801993.00000000,587112.00000000,3802761.00000000
train	000729	lower__20200518_160603_46_2304_3B_AnalyticMS_SR_8b_clip	pm5__20200506_20200523__0008	/scrfs/storage/yikebe/home/research/AR_Crop_Identification/make_dataset/raw_sentinel/pm5/pm5__20200506_20200523__0008	2020-05-18	589416.00000000,3801225.00000000,590184.00000000,3801993.00000000
train	000745	lower__20200518_160603_46_2304_3B_AnalyticMS_SR_8b_clip	pm5__20200506_20200523__0008	/scrfs/storage/yikebe/home/research/AR_Crop_Identification/make_dataset/raw_sentinel/pm5/pm5__20200506_20200523__0008	2020-05-18	590952.00000000,3801225.00000000,591720.00000000,3801993.00000000
train	000761	lower__20200518_160603_46_2304_3B_AnalyticMS_SR_8b_clip	pm5__20200506_20200523__0008	/scrfs/storage/yikebe/home/research/AR_Crop_Identification/make_dataset/raw_sentinel/pm5/pm5__20200506_20200523__0008	2020-05-18	590952.00000000,3800457.00000000,591720.00000000,3801225.00000000
train	000777	lower__20200518_160603_46_2304_3B_AnalyticMS_SR_8b_clip	pm5__20200506_20200523__0008	/scrfs/storage/yikebe/home/research/AR_Crop_Identification/make_dataset/raw_sentinel/pm5/pm5__20200506_20200523__0008	2020-05-18	590184.00000000,3798153.00000000,590952.00000000,3798921.00000000
train	000793	lower__20200518_160603_46_2304_3B_AnalyticMS_SR_8b_clip	pm5__20200506_20200523__0008	/scrfs/storage/yikebe/home/research/AR_Crop_Identification/make_dataset/raw_sentinel/pm5/pm5__20200506_20200523__0008	2020-05-18	594024.00000000,3797385.00000000,594792.00000000,3798153.00000000
train	000809	lower__20200518_160603_46_2304_3B_AnalyticMS_SR_8b_clip	pm5__20200506_20200523__0008	/scrfs/storage/yikebe/home/research/AR_Crop_Identification/make_dataset/raw_sentinel/pm5/pm5__20200506_20200523__0008	2020-05-18	594024.00000000,3796617.00000000,594792.00000000,3797385.00000000
train	000825	lower__20200518_160603_46_2304_3B_AnalyticMS_SR_8b_clip	pm5__20200506_20200523__0008	/scrfs/storage/yikebe/home/research/AR_Crop_Identification/make_dataset/raw_sentinel/pm5/pm5__20200506_20200523__0008	2020-05-18	594792.00000000,3796617.00000000,595560.00000000,3797385.00000000
train	000841	lower__20200518_160603_46_2304_3B_AnalyticMS_SR_8b_clip	pm5__20200506_20200523__0008	/scrfs/storage/yikebe/home/research/AR_Crop_Identification/make_dataset/raw_sentinel/pm5/pm5__20200506_20200523__0008	2020-05-18	594024.00000000,3795849.00000000,594792.00000000,3796617.00000000
train	000857	lower__20200518_160603_46_2304_3B_AnalyticMS_SR_8b_clip	pm5__20200506_20200523__0008	/scrfs/storage/yikebe/home/research/AR_Crop_Identification/make_dataset/raw_sentinel/pm5/pm5__20200506_20200523__0008	2020-05-18	603240.00000000,3795849.00000000,604008.00000000,3796617.00000000
train	000873	lower__20200518_160603_46_2304_3B_AnalyticMS_SR_8b_clip	pm5__20200506_20200523__0008	/scrfs/storage/yikebe/home/research/AR_Crop_Identification/make_dataset/raw_sentinel/pm5/pm5__20200506_20200523__0008	2020-05-18	600936.00000000,3795081.00000000,601704.00000000,3795849.00000000
train	000889	lower__20200518_160603_46_2304_3B_AnalyticMS_SR_8b_clip	pm5__20200506_20200523__0008	/scrfs/storage/yikebe/home/research/AR_Crop_Identification/make_dataset/raw_sentinel/pm5/pm5__20200506_20200523__0008	2020-05-18	602472.00000000,3795081.00000000,603240.00000000,3795849.00000000
train	000905	lower__20200518_160603_46_2304_3B_AnalyticMS_SR_8b_clip	pm5__20200506_20200523__0008	/scrfs/storage/yikebe/home/research/AR_Crop_Identification/make_dataset/raw_sentinel/pm5/pm5__20200506_20200523__0008	2020-05-18	603240.00000000,3795081.00000000,604008.00000000,3795849.00000000
train	000921	lower__20200518_160603_46_2304_3B_AnalyticMS_SR_8b_clip	pm5__20200506_20200523__0008	/scrfs/storage/yikebe/home/research/AR_Crop_Identification/make_dataset/raw_sentinel/pm5/pm5__20200506_20200523__0008	2020-05-18	602472.00000000,3794313.00000000,603240.00000000,3795081.00000000
train	000937	lower__20200910_155853_60_220b_3B_AnalyticMS_SR_8b_clip	pm5__20200905_20200924__0026	/scrfs/storage/yikebe/home/research/AR_Crop_Identification/make_dataset/raw_sentinel/pm5/pm5__20200905_20200924__0026	2020-09-07	722601.00000000,3766935.00000000,723369.00000000,3767703.00000000
train	000953	lower__20200910_155853_60_220b_3B_AnalyticMS_SR_8b_clip	pm5__20200905_20200924__0026	/scrfs/storage/yikebe/home/research/AR_Crop_Identification/make_dataset/raw_sentinel/pm5/pm5__20200905_20200924__0026	2020-09-07	723369.00000000,3766935.00000000,724137.00000000,3767703.00000000
train	000969	lower__20200910_155853_60_220b_3B_AnalyticMS_SR_8b_clip	pm5__20200905_20200924__0026	/scrfs/storage/yikebe/home/research/AR_Crop_Identification/make_dataset/raw_sentinel/pm5/pm5__20200905_20200924__0026	2020-09-07	722601.00000000,3764631.00000000,723369.00000000,3765399.00000000
train	000985	lower__20200910_155853_60_220b_3B_AnalyticMS_SR_8b_clip	pm5__20200905_20200924__0026	/scrfs/storage/yikebe/home/research/AR_Crop_Identification/make_dataset/raw_sentinel/pm5/pm5__20200905_20200924__0026	2020-09-07	721065.00000000,3763095.00000000,721833.00000000,3763863.00000000
train	001001	lower__20200910_155853_60_220b_3B_AnalyticMS_SR_8b_clip	pm5__20200905_20200924__0026	/scrfs/storage/yikebe/home/research/AR_Crop_Identification/make_dataset/raw_sentinel/pm5/pm5__20200905_20200924__0026	2020-09-07	713385.00000000,3762327.00000000,714153.00000000,3763095.00000000
train	001017	lower__20200910_155853_60_220b_3B_AnalyticMS_SR_8b_clip	pm5__20200905_20200924__0026	/scrfs/storage/yikebe/home/research/AR_Crop_Identification/make_dataset/raw_sentinel/pm5/pm5__20200905_20200924__0026	2020-09-07	716457.00000000,3762327.00000000,717225.00000000,3763095.00000000
train	001033	lower__20200910_155853_60_220b_3B_AnalyticMS_SR_8b_clip	pm5__20200905_20200924__0026	/scrfs/storage/yikebe/home/research/AR_Crop_Identification/make_dataset/raw_sentinel/pm5/pm5__20200905_20200924__0026	2020-09-07	717225.00000000,3762327.00000000,717993.00000000,3763095.00000000
train	001049	lower__20200910_155853_60_220b_3B_AnalyticMS_SR_8b_clip	pm5__20200905_20200924__0026	/scrfs/storage/yikebe/home/research/AR_Crop_Identification/make_dataset/raw_sentinel/pm5/pm5__20200905_20200924__0026	2020-09-07	720297.00000000,3762327.00000000,721065.00000000,3763095.00000000
train	001065	lower__20200910_155853_60_220b_3B_AnalyticMS_SR_8b_clip	pm5__20200905_20200924__0026	/scrfs/storage/yikebe/home/research/AR_Crop_Identification/make_dataset/raw_sentinel/pm5/pm5__20200905_20200924__0026	2020-09-07	721065.00000000,3762327.00000000,721833.00000000,3763095.00000000
train	001081	lower__20200910_155853_60_220b_3B_AnalyticMS_SR_8b_clip	pm5__20200905_20200924__0026	/scrfs/storage/yikebe/home/research/AR_Crop_Identification/make_dataset/raw_sentinel/pm5/pm5__20200905_20200924__0026	2020-09-07	717225.00000000,3761559.00000000,717993.00000000,3762327.00000000
train	001097	lower__20200910_155853_60_220b_3B_AnalyticMS_SR_8b_clip	pm5__20200905_20200924__0026	/scrfs/storage/yikebe/home/research/AR_Crop_Identification/make_dataset/raw_sentinel/pm5/pm5__20200905_20200924__0026	2020-09-07	726441.00000000,3761559.00000000,727209.00000000,3762327.00000000
train	001113	lower__20200910_155853_60_220b_3B_AnalyticMS_SR_8b_clip	pm5__20200905_20200924__0026	/scrfs/storage/yikebe/home/research/AR_Crop_Identification/make_dataset/raw_sentinel/pm5/pm5__20200905_20200924__0026	2020-09-07	723369.00000000,3760791.00000000,724137.00000000,3761559.00000000
train	001129	lower__20200910_155853_60_220b_3B_AnalyticMS_SR_8b_clip	pm5__20200905_20200924__0026	/scrfs/storage/yikebe/home/research/AR_Crop_Identification/make_dataset/raw_sentinel/pm5/pm5__20200905_20200924__0026	2020-09-07	724137.00000000,3760791.00000000,724905.00000000,3761559.00000000
train	001145	lower__20200910_155853_60_220b_3B_AnalyticMS_SR_8b_clip	pm5__20200905_20200924__0026	/scrfs/storage/yikebe/home/research/AR_Crop_Identification/make_dataset/raw_sentinel/pm5/pm5__20200905_20200924__0026	2020-09-07	726441.00000000,3760791.00000000,727209.00000000,3761559.00000000
train	001161	lower__20200910_155853_60_220b_3B_AnalyticMS_SR_8b_clip	pm5__20200905_20200924__0026	/scrfs/storage/yikebe/home/research/AR_Crop_Identification/make_dataset/raw_sentinel/pm5/pm5__20200905_20200924__0026	2020-09-07	721833.00000000,3760023.00000000,722601.00000000,3760791.00000000
train	001177	lower__20200910_155853_60_220b_3B_AnalyticMS_SR_8b_clip	pm5__20200905_20200924__0026	/scrfs/storage/yikebe/home/research/AR_Crop_Identification/make_dataset/raw_sentinel/pm5/pm5__20200905_20200924__0026	2020-09-07	723369.00000000,3760023.00000000,724137.00000000,3760791.00000000
train	001193	lower__20200910_155853_60_220b_3B_AnalyticMS_SR_8b_clip	pm5__20200905_20200924__0026	/scrfs/storage/yikebe/home/research/AR_Crop_Identification/make_dataset/raw_sentinel/pm5/pm5__20200905_20200924__0026	2020-09-07	714921.00000000,3759255.00000000,715689.00000000,3760023.00000000
train	001209	lower__20200910_155853_60_220b_3B_AnalyticMS_SR_8b_clip	pm5__20200905_20200924__0026	/scrfs/storage/yikebe/home/research/AR_Crop_Identification/make_dataset/raw_sentinel/pm5/pm5__20200905_20200924__0026	2020-09-07	717225.00000000,3759255.00000000,717993.00000000,3760023.00000000
train	001225	lower__20200910_155853_60_220b_3B_AnalyticMS_SR_8b_clip	pm5__20200905_20200924__0026	/scrfs/storage/yikebe/home/research/AR_Crop_Identification/make_dataset/raw_sentinel/pm5/pm5__20200905_20200924__0026	2020-09-07	721065.00000000,3759255.00000000,721833.00000000,3760023.00000000
train	001241	lower__20200910_155853_60_220b_3B_AnalyticMS_SR_8b_clip	pm5__20200905_20200924__0026	/scrfs/storage/yikebe/home/research/AR_Crop_Identification/make_dataset/raw_sentinel/pm5/pm5__20200905_20200924__0026	2020-09-07	721833.00000000,3759255.00000000,722601.00000000,3760023.00000000
train	001257	lower__20200910_155853_60_220b_3B_AnalyticMS_SR_8b_clip	pm5__20200905_20200924__0026	/scrfs/storage/yikebe/home/research/AR_Crop_Identification/make_dataset/raw_sentinel/pm5/pm5__20200905_20200924__0026	2020-09-07	724905.00000000,3759255.00000000,725673.00000000,3760023.00000000
train	001273	lower__20200910_155853_60_220b_3B_AnalyticMS_SR_8b_clip	pm5__20200905_20200924__0026	/scrfs/storage/yikebe/home/research/AR_Crop_Identification/make_dataset/raw_sentinel/pm5/pm5__20200905_20200924__0026	2020-09-07	731049.00000000,3759255.00000000,731817.00000000,3760023.00000000
train	001289	lower__20200910_155853_60_220b_3B_AnalyticMS_SR_8b_clip	pm5__20200905_20200924__0026	/scrfs/storage/yikebe/home/research/AR_Crop_Identification/make_dataset/raw_sentinel/pm5/pm5__20200905_20200924__0026	2020-09-07	711849.00000000,3758487.00000000,712617.00000000,3759255.00000000
train	001305	lower__20200910_155853_60_220b_3B_AnalyticMS_SR_8b_clip	pm5__20200905_20200924__0026	/scrfs/storage/yikebe/home/research/AR_Crop_Identification/make_dataset/raw_sentinel/pm5/pm5__20200905_20200924__0026	2020-09-07	712617.00000000,3758487.00000000,713385.00000000,3759255.00000000
train	001321	lower__20200910_155853_60_220b_3B_AnalyticMS_SR_8b_clip	pm5__20200905_20200924__0026	/scrfs/storage/yikebe/home/research/AR_Crop_Identification/make_dataset/raw_sentinel/pm5/pm5__20200905_20200924__0026	2020-09-07	722601.00000000,3758487.00000000,723369.00000000,3759255.00000000
train	001337	lower__20200910_155853_60_220b_3B_AnalyticMS_SR_8b_clip	pm5__20200905_20200924__0026	/scrfs/storage/yikebe/home/research/AR_Crop_Identification/make_dataset/raw_sentinel/pm5/pm5__20200905_20200924__0026	2020-09-07	723369.00000000,3758487.00000000,724137.00000000,3759255.00000000
train	001353	lower__20200910_155853_60_220b_3B_AnalyticMS_SR_8b_clip	pm5__20200905_20200924__0026	/scrfs/storage/yikebe/home/research/AR_Crop_Identification/make_dataset/raw_sentinel/pm5/pm5__20200905_20200924__0026	2020-09-07	727977.00000000,3758487.00000000,728745.00000000,3759255.00000000
train	001369	lower__20200910_155853_60_220b_3B_AnalyticMS_SR_8b_clip	pm5__20200905_20200924__0026	/scrfs/storage/yikebe/home/research/AR_Crop_Identification/make_dataset/raw_sentinel/pm5/pm5__20200905_20200924__0026	2020-09-07	708777.00000000,3757719.00000000,709545.00000000,3758487.00000000
train	001385	lower__20200910_155853_60_220b_3B_AnalyticMS_SR_8b_clip	pm5__20200905_20200924__0026	/scrfs/storage/yikebe/home/research/AR_Crop_Identification/make_dataset/raw_sentinel/pm5/pm5__20200905_20200924__0026	2020-09-07	710313.00000000,3757719.00000000,711081.00000000,3758487.00000000
train	001401	lower__20200910_155853_60_220b_3B_AnalyticMS_SR_8b_clip	pm5__20200905_20200924__0026	/scrfs/storage/yikebe/home/research/AR_Crop_Identification/make_dataset/raw_sentinel/pm5/pm5__20200905_20200924__0026	2020-09-07	725673.00000000,3757719.00000000,726441.00000000,3758487.00000000
train	001417	lower__20200910_155853_60_220b_3B_AnalyticMS_SR_8b_clip	pm5__20200905_20200924__0026	/scrfs/storage/yikebe/home/research/AR_Crop_Identification/make_dataset/raw_sentinel/pm5/pm5__20200905_20200924__0026	2020-09-07	735657.00000000,3757719.00000000,736425.00000000,3758487.00000000
train	001433	lower__20200910_155853_60_220b_3B_AnalyticMS_SR_8b_clip	pm5__20200905_20200924__0026	/scrfs/storage/yikebe/home/research/AR_Crop_Identification/make_dataset/raw_sentinel/pm5/pm5__20200905_20200924__0026	2020-09-07	723369.00000000,3756951.00000000,724137.00000000,3757719.00000000
train	001449	lower__20200910_155853_60_220b_3B_AnalyticMS_SR_8b_clip	pm5__20200905_20200924__0026	/scrfs/storage/yikebe/home/research/AR_Crop_Identification/make_dataset/raw_sentinel/pm5/pm5__20200905_20200924__0026	2020-09-07	724137.00000000,3756951.00000000,724905.00000000,3757719.00000000
train	001465	lower__20200910_155853_60_220b_3B_AnalyticMS_SR_8b_clip	pm5__20200905_20200924__0026	/scrfs/storage/yikebe/home/research/AR_Crop_Identification/make_dataset/raw_sentinel/pm5/pm5__20200905_20200924__0026	2020-09-07	724905.00000000,3756951.00000000,725673.00000000,3757719.00000000
train	001481	lower__20200910_155853_60_220b_3B_AnalyticMS_SR_8b_clip	pm5__20200905_20200924__0026	/scrfs/storage/yikebe/home/research/AR_Crop_Identification/make_dataset/raw_sentinel/pm5/pm5__20200905_20200924__0026	2020-09-07	708009.00000000,3756183.00000000,708777.00000000,3756951.00000000
train	001497	lower__20200910_155853_60_220b_3B_AnalyticMS_SR_8b_clip	pm5__20200905_20200924__0026	/scrfs/storage/yikebe/home/research/AR_Crop_Identification/make_dataset/raw_sentinel/pm5/pm5__20200905_20200924__0026	2020-09-07	714153.00000000,3756183.00000000,714921.00000000,3756951.00000000
train	001513	lower__20200910_155853_60_220b_3B_AnalyticMS_SR_8b_clip	pm5__20200905_20200924__0026	/scrfs/storage/yikebe/home/research/AR_Crop_Identification/make_dataset/raw_sentinel/pm5/pm5__20200905_20200924__0026	2020-09-07	723369.00000000,3756183.00000000,724137.00000000,3756951.00000000
train	001529	lower__20200910_155853_60_220b_3B_AnalyticMS_SR_8b_clip	pm5__20200905_20200924__0026	/scrfs/storage/yikebe/home/research/AR_Crop_Identification/make_dataset/raw_sentinel/pm5/pm5__20200905_20200924__0026	2020-09-07	724905.00000000,3756183.00000000,725673.00000000,3756951.00000000
train	001545	lower__20200910_155853_60_220b_3B_AnalyticMS_SR_8b_clip	pm5__20200905_20200924__0026	/scrfs/storage/yikebe/home/research/AR_Crop_Identification/make_dataset/raw_sentinel/pm5/pm5__20200905_20200924__0026	2020-09-07	727977.00000000,3756183.00000000,728745.00000000,3756951.00000000
train	001561	lower__20200910_155853_60_220b_3B_AnalyticMS_SR_8b_clip	pm5__20200905_20200924__0026	/scrfs/storage/yikebe/home/research/AR_Crop_Identification/make_dataset/raw_sentinel/pm5/pm5__20200905_20200924__0026	2020-09-07	730281.00000000,3756183.00000000,731049.00000000,3756951.00000000
train	001577	lower__20200910_155853_60_220b_3B_AnalyticMS_SR_8b_clip	pm5__20200905_20200924__0026	/scrfs/storage/yikebe/home/research/AR_Crop_Identification/make_dataset/raw_sentinel/pm5/pm5__20200905_20200924__0026	2020-09-07	714153.00000000,3755415.00000000,714921.00000000,3756183.00000000
train	001593	lower__20200910_155853_60_220b_3B_AnalyticMS_SR_8b_clip	pm5__20200905_20200924__0026	/scrfs/storage/yikebe/home/research/AR_Crop_Identification/make_dataset/raw_sentinel/pm5/pm5__20200905_20200924__0026	2020-09-07	722601.00000000,3755415.00000000,723369.00000000,3756183.00000000
train	001609	lower__20200910_155853_60_220b_3B_AnalyticMS_SR_8b_clip	pm5__20200905_20200924__0026	/scrfs/storage/yikebe/home/research/AR_Crop_Identification/make_dataset/raw_sentinel/pm5/pm5__20200905_20200924__0026	2020-09-07	708777.00000000,3754647.00000000,709545.00000000,3755415.00000000
train	001625	lower__20200910_155853_60_220b_3B_AnalyticMS_SR_8b_clip	pm5__20200905_20200924__0026	/scrfs/storage/yikebe/home/research/AR_Crop_Identification/make_dataset/raw_sentinel/pm5/pm5__20200905_20200924__0026	2020-09-07	721833.00000000,3754647.00000000,722601.00000000,3755415.00000000
train	001641	lower__20200910_155853_60_220b_3B_AnalyticMS_SR_8b_clip	pm5__20200905_20200924__0026	/scrfs/storage/yikebe/home/research/AR_Crop_Identification/make_dataset/raw_sentinel/pm5/pm5__20200905_20200924__0026	2020-09-07	722601.00000000,3754647.00000000,723369.00000000,3755415.00000000
train	001657	lower__20200910_155853_60_220b_3B_AnalyticMS_SR_8b_clip	pm5__20200905_20200924__0026	/scrfs/storage/yikebe/home/research/AR_Crop_Identification/make_dataset/raw_sentinel/pm5/pm5__20200905_20200924__0026	2020-09-07	725673.00000000,3754647.00000000,726441.00000000,3755415.00000000
train	001673	lower__20200910_155853_60_220b_3B_AnalyticMS_SR_8b_clip	pm5__20200905_20200924__0026	/scrfs/storage/yikebe/home/research/AR_Crop_Identification/make_dataset/raw_sentinel/pm5/pm5__20200905_20200924__0026	2020-09-07	726441.00000000,3754647.00000000,727209.00000000,3755415.00000000
train	001689	lower__20200910_155853_60_220b_3B_AnalyticMS_SR_8b_clip	pm5__20200905_20200924__0026	/scrfs/storage/yikebe/home/research/AR_Crop_Identification/make_dataset/raw_sentinel/pm5/pm5__20200905_20200924__0026	2020-09-07	729513.00000000,3754647.00000000,730281.00000000,3755415.00000000
train	001705	lower__20200910_155853_60_220b_3B_AnalyticMS_SR_8b_clip	pm5__20200905_20200924__0026	/scrfs/storage/yikebe/home/research/AR_Crop_Identification/make_dataset/raw_sentinel/pm5/pm5__20200905_20200924__0026	2020-09-07	707241.00000000,3753879.00000000,708009.00000000,3754647.00000000
train	001721	lower__20200910_155853_60_220b_3B_AnalyticMS_SR_8b_clip	pm5__20200905_20200924__0026	/scrfs/storage/yikebe/home/research/AR_Crop_Identification/make_dataset/raw_sentinel/pm5/pm5__20200905_20200924__0026	2020-09-07	708777.00000000,3753879.00000000,709545.00000000,3754647.00000000
train	001737	lower__20200910_155853_60_220b_3B_AnalyticMS_SR_8b_clip	pm5__20200905_20200924__0026	/scrfs/storage/yikebe/home/research/AR_Crop_Identification/make_dataset/raw_sentinel/pm5/pm5__20200905_20200924__0026	2020-09-07	725673.00000000,3753879.00000000,726441.00000000,3754647.00000000
train	001753	lower__20200910_155853_60_220b_3B_AnalyticMS_SR_8b_clip	pm5__20200905_20200924__0026	/scrfs/storage/yikebe/home/research/AR_Crop_Identification/make_dataset/raw_sentinel/pm5/pm5__20200905_20200924__0026	2020-09-07	728745.00000000,3753879.00000000,729513.00000000,3754647.00000000
train	001769	lower__20200910_155853_60_220b_3B_AnalyticMS_SR_8b_clip	pm5__20200905_20200924__0026	/scrfs/storage/yikebe/home/research/AR_Crop_Identification/make_dataset/raw_sentinel/pm5/pm5__20200905_20200924__0026	2020-09-07	708009.00000000,3753111.00000000,708777.00000000,3753879.00000000
train	001785	lower__20200910_155853_60_220b_3B_AnalyticMS_SR_8b_clip	pm5__20200905_20200924__0026	/scrfs/storage/yikebe/home/research/AR_Crop_Identification/make_dataset/raw_sentinel/pm5/pm5__20200905_20200924__0026	2020-09-07	722601.00000000,3753111.00000000,723369.00000000,3753879.00000000
train	001801	lower__20200910_155853_60_220b_3B_AnalyticMS_SR_8b_clip	pm5__20200905_20200924__0026	/scrfs/storage/yikebe/home/research/AR_Crop_Identification/make_dataset/raw_sentinel/pm5/pm5__20200905_20200924__0026	2020-09-07	728745.00000000,3753111.00000000,729513.00000000,3753879.00000000
train	001817	lower__20200910_155853_60_220b_3B_AnalyticMS_SR_8b_clip	pm5__20200905_20200924__0026	/scrfs/storage/yikebe/home/research/AR_Crop_Identification/make_dataset/raw_sentinel/pm5/pm5__20200905_20200924__0026	2020-09-07	730281.00000000,3753111.00000000,731049.00000000,3753879.00000000
train	001833	lower__20200910_155853_60_220b_3B_AnalyticMS_SR_8b_clip	pm5__20200905_20200924__0026	/scrfs/storage/yikebe/home/research/AR_Crop_Identification/make_dataset/raw_sentinel/pm5/pm5__20200905_20200924__0026	2020-09-07	721833.00000000,3752343.00000000,722601.00000000,3753111.00000000
train	001849	lower__20200910_155853_60_220b_3B_AnalyticMS_SR_8b_clip	pm5__20200905_20200924__0026	/scrfs/storage/yikebe/home/research/AR_Crop_Identification/make_dataset/raw_sentinel/pm5/pm5__20200905_20200924__0026	2020-09-07	729513.00000000,3752343.00000000,730281.00000000,3753111.00000000
train	001865	lower__20200910_155853_60_220b_3B_AnalyticMS_SR_8b_clip	pm5__20200905_20200924__0026	/scrfs/storage/yikebe/home/research/AR_Crop_Identification/make_dataset/raw_sentinel/pm5/pm5__20200905_20200924__0026	2020-09-07	716457.00000000,3751575.00000000,717225.00000000,3752343.00000000
train	001881	lower__20200910_155853_60_220b_3B_AnalyticMS_SR_8b_clip	pm5__20200905_20200924__0026	/scrfs/storage/yikebe/home/research/AR_Crop_Identification/make_dataset/raw_sentinel/pm5/pm5__20200905_20200924__0026	2020-09-07	708009.00000000,3750807.00000000,708777.00000000,3751575.00000000
train	001897	lower__20200910_155853_60_220b_3B_AnalyticMS_SR_8b_clip	pm5__20200905_20200924__0026	/scrfs/storage/yikebe/home/research/AR_Crop_Identification/make_dataset/raw_sentinel/pm5/pm5__20200905_20200924__0026	2020-09-07	716457.00000000,3750807.00000000,717225.00000000,3751575.00000000
train	001913	lower__20200910_155853_60_220b_3B_AnalyticMS_SR_8b_clip	pm5__20200905_20200924__0026	/scrfs/storage/yikebe/home/research/AR_Crop_Identification/make_dataset/raw_sentinel/pm5/pm5__20200905_20200924__0026	2020-09-07	729513.00000000,3750807.00000000,730281.00000000,3751575.00000000
train	001929	lower__20200910_155853_60_220b_3B_AnalyticMS_SR_8b_clip	pm5__20200905_20200924__0026	/scrfs/storage/yikebe/home/research/AR_Crop_Identification/make_dataset/raw_sentinel/pm5/pm5__20200905_20200924__0026	2020-09-07	714153.00000000,3750039.00000000,714921.00000000,3750807.00000000
train	001945	lower__20200910_155853_60_220b_3B_AnalyticMS_SR_8b_clip	pm5__20200905_20200924__0026	/scrfs/storage/yikebe/home/research/AR_Crop_Identification/make_dataset/raw_sentinel/pm5/pm5__20200905_20200924__0026	2020-09-07	732585.00000000,3750039.00000000,733353.00000000,3750807.00000000
train	001961	lower__20200910_155853_60_220b_3B_AnalyticMS_SR_8b_clip	pm5__20200905_20200924__0026	/scrfs/storage/yikebe/home/research/AR_Crop_Identification/make_dataset/raw_sentinel/pm5/pm5__20200905_20200924__0026	2020-09-07	734121.00000000,3750039.00000000,734889.00000000,3750807.00000000
train	001977	lower__20200910_155853_60_220b_3B_AnalyticMS_SR_8b_clip	pm5__20200905_20200924__0026	/scrfs/storage/yikebe/home/research/AR_Crop_Identification/make_dataset/raw_sentinel/pm5/pm5__20200905_20200924__0026	2020-09-07	734889.00000000,3750039.00000000,735657.00000000,3750807.00000000
train	001993	lower__20200910_155853_60_220b_3B_AnalyticMS_SR_8b_clip	pm5__20200905_20200924__0026	/scrfs/storage/yikebe/home/research/AR_Crop_Identification/make_dataset/raw_sentinel/pm5/pm5__20200905_20200924__0026	2020-09-07	714153.00000000,3749271.00000000,714921.00000000,3750039.00000000
train	002009	lower__20200910_155853_60_220b_3B_AnalyticMS_SR_8b_clip	pm5__20200905_20200924__0026	/scrfs/storage/yikebe/home/research/AR_Crop_Identification/make_dataset/raw_sentinel/pm5/pm5__20200905_20200924__0026	2020-09-07	729513.00000000,3749271.00000000,730281.00000000,3750039.00000000
train	002025	lower__20200910_155853_60_220b_3B_AnalyticMS_SR_8b_clip	pm5__20200905_20200924__0026	/scrfs/storage/yikebe/home/research/AR_Crop_Identification/make_dataset/raw_sentinel/pm5/pm5__20200905_20200924__0026	2020-09-07	733353.00000000,3749271.00000000,734121.00000000,3750039.00000000
train	002041	lower__20200910_155853_60_220b_3B_AnalyticMS_SR_8b_clip	pm5__20200905_20200924__0026	/scrfs/storage/yikebe/home/research/AR_Crop_Identification/make_dataset/raw_sentinel/pm5/pm5__20200905_20200924__0026	2020-09-07	724905.00000000,3746967.00000000,725673.00000000,3747735.00000000
train	002057	lower__20200910_155853_60_220b_3B_AnalyticMS_SR_8b_clip	pm5__20200905_20200924__0026	/scrfs/storage/yikebe/home/research/AR_Crop_Identification/make_dataset/raw_sentinel/pm5/pm5__20200905_20200924__0026	2020-09-07	733353.00000000,3746967.00000000,734121.00000000,3747735.00000000
train	002073	lower__20200910_155853_60_220b_3B_AnalyticMS_SR_8b_clip	pm5__20200905_20200924__0026	/scrfs/storage/yikebe/home/research/AR_Crop_Identification/make_dataset/raw_sentinel/pm5/pm5__20200905_20200924__0026	2020-09-07	734889.00000000,3746967.00000000,735657.00000000,3747735.00000000
train	002089	lower__20200910_155853_60_220b_3B_AnalyticMS_SR_8b_clip	pm5__20200905_20200924__0026	/scrfs/storage/yikebe/home/research/AR_Crop_Identification/make_dataset/raw_sentinel/pm5/pm5__20200905_20200924__0026	2020-09-07	730281.00000000,3746199.00000000,731049.00000000,3746967.00000000
train	002105	lower__20200910_155853_60_220b_3B_AnalyticMS_SR_8b_clip	pm5__20200905_20200924__0026	/scrfs/storage/yikebe/home/research/AR_Crop_Identification/make_dataset/raw_sentinel/pm5/pm5__20200905_20200924__0026	2020-09-07	732585.00000000,3746199.00000000,733353.00000000,3746967.00000000
train	002121	lower__20200910_155853_60_220b_3B_AnalyticMS_SR_8b_clip	pm5__20200905_20200924__0026	/scrfs/storage/yikebe/home/research/AR_Crop_Identification/make_dataset/raw_sentinel/pm5/pm5__20200905_20200924__0026	2020-09-07	734121.00000000,3746199.00000000,734889.00000000,3746967.00000000
train	002137	lower__20200910_155853_60_220b_3B_AnalyticMS_SR_8b_clip	pm5__20200905_20200924__0026	/scrfs/storage/yikebe/home/research/AR_Crop_Identification/make_dataset/raw_sentinel/pm5/pm5__20200905_20200924__0026	2020-09-07	736425.00000000,3745431.00000000,737193.00000000,3746199.00000000
train	002153	lower__20200910_160135_05_222c_3B_AnalyticMS_SR_8b_clip	pm5__20200905_20200924__0024	/scrfs/storage/yikebe/home/research/AR_Crop_Identification/make_dataset/raw_sentinel/pm5/pm5__20200905_20200924__0024	2020-09-10	657696.00000000,3726756.00000000,658464.00000000,3727524.00000000
train	002169	lower__20200911_160723_78_2277_3B_AnalyticMS_SR_8b_clip	pm5__20200905_20200924__0035	/scrfs/storage/yikebe/home/research/AR_Crop_Identification/make_dataset/raw_sentinel/pm5/pm5__20200905_20200924__0035	2020-09-10	603999.00000000,3842472.00000000,604767.00000000,3843240.00000000
train	002185	lower__20200911_160723_78_2277_3B_AnalyticMS_SR_8b_clip	pm5__20200905_20200924__0035	/scrfs/storage/yikebe/home/research/AR_Crop_Identification/make_dataset/raw_sentinel/pm5/pm5__20200905_20200924__0035	2020-09-10	634719.00000000,3842472.00000000,635487.00000000,3843240.00000000
train	002201	lower__20200911_160723_78_2277_3B_AnalyticMS_SR_8b_clip	pm5__20200905_20200924__0035	/scrfs/storage/yikebe/home/research/AR_Crop_Identification/make_dataset/raw_sentinel/pm5/pm5__20200905_20200924__0035	2020-09-10	628575.00000000,3840936.00000000,629343.00000000,3841704.00000000
train	002217	lower__20200911_160723_78_2277_3B_AnalyticMS_SR_8b_clip	pm5__20200905_20200924__0035	/scrfs/storage/yikebe/home/research/AR_Crop_Identification/make_dataset/raw_sentinel/pm5/pm5__20200905_20200924__0035	2020-09-10	628575.00000000,3840168.00000000,629343.00000000,3840936.00000000
train	002233	lower__20200911_160723_78_2277_3B_AnalyticMS_SR_8b_clip	pm5__20200905_20200924__0035	/scrfs/storage/yikebe/home/research/AR_Crop_Identification/make_dataset/raw_sentinel/pm5/pm5__20200905_20200924__0035	2020-09-10	629343.00000000,3839400.00000000,630111.00000000,3840168.00000000
train	002249	lower__20200911_160723_78_2277_3B_AnalyticMS_SR_8b_clip	pm5__20200905_20200924__0035	/scrfs/storage/yikebe/home/research/AR_Crop_Identification/make_dataset/raw_sentinel/pm5/pm5__20200905_20200924__0035	2020-09-10	606303.00000000,3838632.00000000,607071.00000000,3839400.00000000
train	002265	lower__20200911_160723_78_2277_3B_AnalyticMS_SR_8b_clip	pm5__20200905_20200924__0035	/scrfs/storage/yikebe/home/research/AR_Crop_Identification/make_dataset/raw_sentinel/pm5/pm5__20200905_20200924__0035	2020-09-10	600159.00000000,3837864.00000000,600927.00000000,3838632.00000000
train	002281	lower__20200911_160723_78_2277_3B_AnalyticMS_SR_8b_clip	pm5__20200905_20200924__0035	/scrfs/storage/yikebe/home/research/AR_Crop_Identification/make_dataset/raw_sentinel/pm5/pm5__20200905_20200924__0035	2020-09-10	606303.00000000,3837864.00000000,607071.00000000,3838632.00000000
train	002297	lower__20200911_160723_78_2277_3B_AnalyticMS_SR_8b_clip	pm5__20200905_20200924__0035	/scrfs/storage/yikebe/home/research/AR_Crop_Identification/make_dataset/raw_sentinel/pm5/pm5__20200905_20200924__0035	2020-09-10	603231.00000000,3836328.00000000,603999.00000000,3837096.00000000
train	002313	lower__20200911_160723_78_2277_3B_AnalyticMS_SR_8b_clip	pm5__20200905_20200924__0035	/scrfs/storage/yikebe/home/research/AR_Crop_Identification/make_dataset/raw_sentinel/pm5/pm5__20200905_20200924__0035	2020-09-10	612447.00000000,3836328.00000000,613215.00000000,3837096.00000000
train	002329	lower__20200911_160723_78_2277_3B_AnalyticMS_SR_8b_clip	pm5__20200905_20200924__0035	/scrfs/storage/yikebe/home/research/AR_Crop_Identification/make_dataset/raw_sentinel/pm5/pm5__20200905_20200924__0035	2020-09-10	610911.00000000,3835560.00000000,611679.00000000,3836328.00000000
train	002345	lower__20200911_160723_78_2277_3B_AnalyticMS_SR_8b_clip	pm5__20200905_20200924__0035	/scrfs/storage/yikebe/home/research/AR_Crop_Identification/make_dataset/raw_sentinel/pm5/pm5__20200905_20200924__0035	2020-09-10	603999.00000000,3834792.00000000,604767.00000000,3835560.00000000
train	002361	lower__20200911_160723_78_2277_3B_AnalyticMS_SR_8b_clip	pm5__20200905_20200924__0035	/scrfs/storage/yikebe/home/research/AR_Crop_Identification/make_dataset/raw_sentinel/pm5/pm5__20200905_20200924__0035	2020-09-10	604767.00000000,3834792.00000000,605535.00000000,3835560.00000000
train	002377	lower__20200911_160723_78_2277_3B_AnalyticMS_SR_8b_clip	pm5__20200905_20200924__0035	/scrfs/storage/yikebe/home/research/AR_Crop_Identification/make_dataset/raw_sentinel/pm5/pm5__20200905_20200924__0035	2020-09-10	610911.00000000,3834792.00000000,611679.00000000,3835560.00000000
train	002393	lower__20200911_160723_78_2277_3B_AnalyticMS_SR_8b_clip	pm5__20200905_20200924__0035	/scrfs/storage/yikebe/home/research/AR_Crop_Identification/make_dataset/raw_sentinel/pm5/pm5__20200905_20200924__0035	2020-09-10	603231.00000000,3833256.00000000,603999.00000000,3834024.00000000
train	002409	lower__20200911_160723_78_2277_3B_AnalyticMS_SR_8b_clip	pm5__20200905_20200924__0035	/scrfs/storage/yikebe/home/research/AR_Crop_Identification/make_dataset/raw_sentinel/pm5/pm5__20200905_20200924__0035	2020-09-10	617055.00000000,3833256.00000000,617823.00000000,3834024.00000000
train	002425	lower__20200911_160723_78_2277_3B_AnalyticMS_SR_8b_clip	pm5__20200905_20200924__0035	/scrfs/storage/yikebe/home/research/AR_Crop_Identification/make_dataset/raw_sentinel/pm5/pm5__20200905_20200924__0035	2020-09-10	632415.00000000,3833256.00000000,633183.00000000,3834024.00000000
train	002441	lower__20200911_160723_78_2277_3B_AnalyticMS_SR_8b_clip	pm5__20200905_20200924__0035	/scrfs/storage/yikebe/home/research/AR_Crop_Identification/make_dataset/raw_sentinel/pm5/pm5__20200905_20200924__0035	2020-09-10	616287.00000000,3831720.00000000,617055.00000000,3832488.00000000
train	002457	lower__20200911_160723_78_2277_3B_AnalyticMS_SR_8b_clip	pm5__20200905_20200924__0035	/scrfs/storage/yikebe/home/research/AR_Crop_Identification/make_dataset/raw_sentinel/pm5/pm5__20200905_20200924__0035	2020-09-10	631647.00000000,3830184.00000000,632415.00000000,3830952.00000000
train	002473	lower__20201111_161032_99_2264_3B_AnalyticMS_SR_8b_clip	pm5__20201105_20201124__0065	/scrfs/storage/yikebe/home/research/AR_Crop_Identification/make_dataset/raw_sentinel/pm5/pm5__20201105_20201124__0065	2020-11-06	616434.00000000,3755211.00000000,617202.00000000,3755979.00000000
train	002489	lower__20201111_165326_99_2401_3B_AnalyticMS_SR_8b_clip	pm5__20201105_20201124__0119	/scrfs/storage/yikebe/home/research/AR_Crop_Identification/make_dataset/raw_sentinel/pm5/pm5__20201105_20201124__0119	2020-11-11	716928.00000000,3777639.00000000,717696.00000000,3778407.00000000
train	002505	lower__20201111_165326_99_2401_3B_AnalyticMS_SR_8b_clip	pm5__20201105_20201124__0119	/scrfs/storage/yikebe/home/research/AR_Crop_Identification/make_dataset/raw_sentinel/pm5/pm5__20201105_20201124__0119	2020-11-11	713088.00000000,3776103.00000000,713856.00000000,3776871.00000000
train	002521	lower__20201111_165326_99_2401_3B_AnalyticMS_SR_8b_clip	pm5__20201105_20201124__0119	/scrfs/storage/yikebe/home/research/AR_Crop_Identification/make_dataset/raw_sentinel/pm5/pm5__20201105_20201124__0119	2020-11-11	721536.00000000,3776103.00000000,722304.00000000,3776871.00000000
train	002537	lower__20201111_165326_99_2401_3B_AnalyticMS_SR_8b_clip	pm5__20201105_20201124__0119	/scrfs/storage/yikebe/home/research/AR_Crop_Identification/make_dataset/raw_sentinel/pm5/pm5__20201105_20201124__0119	2020-11-11	722304.00000000,3776103.00000000,723072.00000000,3776871.00000000
train	002553	lower__20201111_165326_99_2401_3B_AnalyticMS_SR_8b_clip	pm5__20201105_20201124__0119	/scrfs/storage/yikebe/home/research/AR_Crop_Identification/make_dataset/raw_sentinel/pm5/pm5__20201105_20201124__0119	2020-11-11	712320.00000000,3774567.00000000,713088.00000000,3775335.00000000
train	002569	lower__20201111_165326_99_2401_3B_AnalyticMS_SR_8b_clip	pm5__20201105_20201124__0119	/scrfs/storage/yikebe/home/research/AR_Crop_Identification/make_dataset/raw_sentinel/pm5/pm5__20201105_20201124__0119	2020-11-11	730752.00000000,3774567.00000000,731520.00000000,3775335.00000000
train	002585	lower__20201111_165326_99_2401_3B_AnalyticMS_SR_8b_clip	pm5__20201105_20201124__0119	/scrfs/storage/yikebe/home/research/AR_Crop_Identification/make_dataset/raw_sentinel/pm5/pm5__20201105_20201124__0119	2020-11-11	713088.00000000,3773799.00000000,713856.00000000,3774567.00000000
train	002601	lower__20201111_165326_99_2401_3B_AnalyticMS_SR_8b_clip	pm5__20201105_20201124__0119	/scrfs/storage/yikebe/home/research/AR_Crop_Identification/make_dataset/raw_sentinel/pm5/pm5__20201105_20201124__0119	2020-11-11	720768.00000000,3773799.00000000,721536.00000000,3774567.00000000
train	002617	lower__20201111_165326_99_2401_3B_AnalyticMS_SR_8b_clip	pm5__20201105_20201124__0119	/scrfs/storage/yikebe/home/research/AR_Crop_Identification/make_dataset/raw_sentinel/pm5/pm5__20201105_20201124__0119	2020-11-11	716928.00000000,3773031.00000000,717696.00000000,3773799.00000000
train	002633	lower__20201111_165326_99_2401_3B_AnalyticMS_SR_8b_clip	pm5__20201105_20201124__0119	/scrfs/storage/yikebe/home/research/AR_Crop_Identification/make_dataset/raw_sentinel/pm5/pm5__20201105_20201124__0119	2020-11-11	734592.00000000,3773031.00000000,735360.00000000,3773799.00000000
train	002649	lower__20201111_165326_99_2401_3B_AnalyticMS_SR_8b_clip	pm5__20201105_20201124__0119	/scrfs/storage/yikebe/home/research/AR_Crop_Identification/make_dataset/raw_sentinel/pm5/pm5__20201105_20201124__0119	2020-11-11	716928.00000000,3772263.00000000,717696.00000000,3773031.00000000
train	002665	lower__20201111_165326_99_2401_3B_AnalyticMS_SR_8b_clip	pm5__20201105_20201124__0119	/scrfs/storage/yikebe/home/research/AR_Crop_Identification/make_dataset/raw_sentinel/pm5/pm5__20201105_20201124__0119	2020-11-11	729984.00000000,3772263.00000000,730752.00000000,3773031.00000000
train	002681	lower__20201111_165326_99_2401_3B_AnalyticMS_SR_8b_clip	pm5__20201105_20201124__0119	/scrfs/storage/yikebe/home/research/AR_Crop_Identification/make_dataset/raw_sentinel/pm5/pm5__20201105_20201124__0119	2020-11-11	741504.00000000,3772263.00000000,742272.00000000,3773031.00000000
train	002697	lower__20201111_165326_99_2401_3B_AnalyticMS_SR_8b_clip	pm5__20201105_20201124__0119	/scrfs/storage/yikebe/home/research/AR_Crop_Identification/make_dataset/raw_sentinel/pm5/pm5__20201105_20201124__0119	2020-11-11	712320.00000000,3771495.00000000,713088.00000000,3772263.00000000
train	002713	lower__20201111_165326_99_2401_3B_AnalyticMS_SR_8b_clip	pm5__20201105_20201124__0119	/scrfs/storage/yikebe/home/research/AR_Crop_Identification/make_dataset/raw_sentinel/pm5/pm5__20201105_20201124__0119	2020-11-11	724608.00000000,3771495.00000000,725376.00000000,3772263.00000000
train	002729	lower__20201111_165326_99_2401_3B_AnalyticMS_SR_8b_clip	pm5__20201105_20201124__0119	/scrfs/storage/yikebe/home/research/AR_Crop_Identification/make_dataset/raw_sentinel/pm5/pm5__20201105_20201124__0119	2020-11-11	726912.00000000,3771495.00000000,727680.00000000,3772263.00000000
train	002745	lower__20201111_165326_99_2401_3B_AnalyticMS_SR_8b_clip	pm5__20201105_20201124__0119	/scrfs/storage/yikebe/home/research/AR_Crop_Identification/make_dataset/raw_sentinel/pm5/pm5__20201105_20201124__0119	2020-11-11	720000.00000000,3769959.00000000,720768.00000000,3770727.00000000
train	002761	lower__20201111_165326_99_2401_3B_AnalyticMS_SR_8b_clip	pm5__20201105_20201124__0119	/scrfs/storage/yikebe/home/research/AR_Crop_Identification/make_dataset/raw_sentinel/pm5/pm5__20201105_20201124__0119	2020-11-11	726144.00000000,3769959.00000000,726912.00000000,3770727.00000000
train	002777	lower__20201111_165326_99_2401_3B_AnalyticMS_SR_8b_clip	pm5__20201105_20201124__0119	/scrfs/storage/yikebe/home/research/AR_Crop_Identification/make_dataset/raw_sentinel/pm5/pm5__20201105_20201124__0119	2020-11-11	726912.00000000,3769959.00000000,727680.00000000,3770727.00000000
train	002793	lower__20201111_165326_99_2401_3B_AnalyticMS_SR_8b_clip	pm5__20201105_20201124__0119	/scrfs/storage/yikebe/home/research/AR_Crop_Identification/make_dataset/raw_sentinel/pm5/pm5__20201105_20201124__0119	2020-11-11	730752.00000000,3769959.00000000,731520.00000000,3770727.00000000
train	002809	lower__20201111_165326_99_2401_3B_AnalyticMS_SR_8b_clip	pm5__20201105_20201124__0119	/scrfs/storage/yikebe/home/research/AR_Crop_Identification/make_dataset/raw_sentinel/pm5/pm5__20201105_20201124__0119	2020-11-11	726912.00000000,3769191.00000000,727680.00000000,3769959.00000000
train	002825	lower__20201111_165326_99_2401_3B_AnalyticMS_SR_8b_clip	pm5__20201105_20201124__0119	/scrfs/storage/yikebe/home/research/AR_Crop_Identification/make_dataset/raw_sentinel/pm5/pm5__20201105_20201124__0119	2020-11-11	730752.00000000,3769191.00000000,731520.00000000,3769959.00000000
train	002841	lower__20201111_165326_99_2401_3B_AnalyticMS_SR_8b_clip	pm5__20201105_20201124__0119	/scrfs/storage/yikebe/home/research/AR_Crop_Identification/make_dataset/raw_sentinel/pm5/pm5__20201105_20201124__0119	2020-11-11	731520.00000000,3769191.00000000,732288.00000000,3769959.00000000
train	002857	lower__20201111_165326_99_2401_3B_AnalyticMS_SR_8b_clip	pm5__20201105_20201124__0119	/scrfs/storage/yikebe/home/research/AR_Crop_Identification/make_dataset/raw_sentinel/pm5/pm5__20201105_20201124__0119	2020-11-11	734592.00000000,3769191.00000000,735360.00000000,3769959.00000000
train	002873	lower__20201111_165326_99_2401_3B_AnalyticMS_SR_8b_clip	pm5__20201105_20201124__0119	/scrfs/storage/yikebe/home/research/AR_Crop_Identification/make_dataset/raw_sentinel/pm5/pm5__20201105_20201124__0119	2020-11-11	733056.00000000,3767655.00000000,733824.00000000,3768423.00000000
train	002889	lower__20201111_165326_99_2401_3B_AnalyticMS_SR_8b_clip	pm5__20201105_20201124__0119	/scrfs/storage/yikebe/home/research/AR_Crop_Identification/make_dataset/raw_sentinel/pm5/pm5__20201105_20201124__0119	2020-11-11	733056.00000000,3766887.00000000,733824.00000000,3767655.00000000
train	002905	lower__20201111_165326_99_2401_3B_AnalyticMS_SR_8b_clip	pm5__20201105_20201124__0119	/scrfs/storage/yikebe/home/research/AR_Crop_Identification/make_dataset/raw_sentinel/pm5/pm5__20201105_20201124__0119	2020-11-11	716928.00000000,3765351.00000000,717696.00000000,3766119.00000000
train	002921	lower__20201111_165326_99_2401_3B_AnalyticMS_SR_8b_clip	pm5__20201105_20201124__0119	/scrfs/storage/yikebe/home/research/AR_Crop_Identification/make_dataset/raw_sentinel/pm5/pm5__20201105_20201124__0119	2020-11-11	721536.00000000,3765351.00000000,722304.00000000,3766119.00000000
train	002937	lower__20201111_165326_99_2401_3B_AnalyticMS_SR_8b_clip	pm5__20201105_20201124__0119	/scrfs/storage/yikebe/home/research/AR_Crop_Identification/make_dataset/raw_sentinel/pm5/pm5__20201105_20201124__0119	2020-11-11	717696.00000000,3764583.00000000,718464.00000000,3765351.00000000
train	002953	lower__20201111_165326_99_2401_3B_AnalyticMS_SR_8b_clip	pm5__20201105_20201124__0119	/scrfs/storage/yikebe/home/research/AR_Crop_Identification/make_dataset/raw_sentinel/pm5/pm5__20201105_20201124__0119	2020-11-11	729216.00000000,3764583.00000000,729984.00000000,3765351.00000000
train	002969	lower__20201111_165326_99_2401_3B_AnalyticMS_SR_8b_clip	pm5__20201105_20201124__0119	/scrfs/storage/yikebe/home/research/AR_Crop_Identification/make_dataset/raw_sentinel/pm5/pm5__20201105_20201124__0119	2020-11-11	729984.00000000,3764583.00000000,730752.00000000,3765351.00000000
train	002985	lower__20201111_165326_99_2401_3B_AnalyticMS_SR_8b_clip	pm5__20201105_20201124__0119	/scrfs/storage/yikebe/home/research/AR_Crop_Identification/make_dataset/raw_sentinel/pm5/pm5__20201105_20201124__0119	2020-11-11	723072.00000000,3763047.00000000,723840.00000000,3763815.00000000
train	003001	lower__20201111_165326_99_2401_3B_AnalyticMS_SR_8b_clip	pm5__20201105_20201124__0119	/scrfs/storage/yikebe/home/research/AR_Crop_Identification/make_dataset/raw_sentinel/pm5/pm5__20201105_20201124__0119	2020-11-11	721536.00000000,3761511.00000000,722304.00000000,3762279.00000000
train	003017	lower__20201111_165326_99_2401_3B_AnalyticMS_SR_8b_clip	pm5__20201105_20201124__0119	/scrfs/storage/yikebe/home/research/AR_Crop_Identification/make_dataset/raw_sentinel/pm5/pm5__20201105_20201124__0119	2020-11-11	706944.00000000,3760743.00000000,707712.00000000,3761511.00000000
train	003033	lower__20201111_165326_99_2401_3B_AnalyticMS_SR_8b_clip	pm5__20201105_20201124__0119	/scrfs/storage/yikebe/home/research/AR_Crop_Identification/make_dataset/raw_sentinel/pm5/pm5__20201105_20201124__0119	2020-11-11	707712.00000000,3760743.00000000,708480.00000000,3761511.00000000
train	003049	lower__20201111_165326_99_2401_3B_AnalyticMS_SR_8b_clip	pm5__20201105_20201124__0119	/scrfs/storage/yikebe/home/research/AR_Crop_Identification/make_dataset/raw_sentinel/pm5/pm5__20201105_20201124__0119	2020-11-11	708480.00000000,3760743.00000000,709248.00000000,3761511.00000000
train	003065	lower__20201111_165326_99_2401_3B_AnalyticMS_SR_8b_clip	pm5__20201105_20201124__0119	/scrfs/storage/yikebe/home/research/AR_Crop_Identification/make_dataset/raw_sentinel/pm5/pm5__20201105_20201124__0119	2020-11-11	721536.00000000,3760743.00000000,722304.00000000,3761511.00000000
train	003081	lower__20201111_165326_99_2401_3B_AnalyticMS_SR_8b_clip	pm5__20201105_20201124__0119	/scrfs/storage/yikebe/home/research/AR_Crop_Identification/make_dataset/raw_sentinel/pm5/pm5__20201105_20201124__0119	2020-11-11	715392.00000000,3759975.00000000,716160.00000000,3760743.00000000
train	003097	lower__20201111_165326_99_2401_3B_AnalyticMS_SR_8b_clip	pm5__20201105_20201124__0119	/scrfs/storage/yikebe/home/research/AR_Crop_Identification/make_dataset/raw_sentinel/pm5/pm5__20201105_20201124__0119	2020-11-11	723072.00000000,3759975.00000000,723840.00000000,3760743.00000000
train	003113	lower__20201111_165326_99_2401_3B_AnalyticMS_SR_8b_clip	pm5__20201105_20201124__0119	/scrfs/storage/yikebe/home/research/AR_Crop_Identification/make_dataset/raw_sentinel/pm5/pm5__20201105_20201124__0119	2020-11-11	723840.00000000,3759975.00000000,724608.00000000,3760743.00000000
train	003129	lower__20201111_165326_99_2401_3B_AnalyticMS_SR_8b_clip	pm5__20201105_20201124__0119	/scrfs/storage/yikebe/home/research/AR_Crop_Identification/make_dataset/raw_sentinel/pm5/pm5__20201105_20201124__0119	2020-11-11	708480.00000000,3759207.00000000,709248.00000000,3759975.00000000
train	003145	lower__20201111_165326_99_2401_3B_AnalyticMS_SR_8b_clip	pm5__20201105_20201124__0119	/scrfs/storage/yikebe/home/research/AR_Crop_Identification/make_dataset/raw_sentinel/pm5/pm5__20201105_20201124__0119	2020-11-11	713088.00000000,3759207.00000000,713856.00000000,3759975.00000000
train	003161	lower__20201111_165326_99_2401_3B_AnalyticMS_SR_8b_clip	pm5__20201105_20201124__0119	/scrfs/storage/yikebe/home/research/AR_Crop_Identification/make_dataset/raw_sentinel/pm5/pm5__20201105_20201124__0119	2020-11-11	713856.00000000,3759207.00000000,714624.00000000,3759975.00000000
train	003177	lower__20201111_165326_99_2401_3B_AnalyticMS_SR_8b_clip	pm5__20201105_20201124__0119	/scrfs/storage/yikebe/home/research/AR_Crop_Identification/make_dataset/raw_sentinel/pm5/pm5__20201105_20201124__0119	2020-11-11	726912.00000000,3759207.00000000,727680.00000000,3759975.00000000
train	003193	lower__20201111_165326_99_2401_3B_AnalyticMS_SR_8b_clip	pm5__20201105_20201124__0119	/scrfs/storage/yikebe/home/research/AR_Crop_Identification/make_dataset/raw_sentinel/pm5/pm5__20201105_20201124__0119	2020-11-11	712320.00000000,3758439.00000000,713088.00000000,3759207.00000000
train	003209	lower__20201111_165326_99_2401_3B_AnalyticMS_SR_8b_clip	pm5__20201105_20201124__0119	/scrfs/storage/yikebe/home/research/AR_Crop_Identification/make_dataset/raw_sentinel/pm5/pm5__20201105_20201124__0119	2020-11-11	713856.00000000,3758439.00000000,714624.00000000,3759207.00000000
train	003225	lower__20201111_165326_99_2401_3B_AnalyticMS_SR_8b_clip	pm5__20201105_20201124__0119	/scrfs/storage/yikebe/home/research/AR_Crop_Identification/make_dataset/raw_sentinel/pm5/pm5__20201105_20201124__0119	2020-11-11	723840.00000000,3758439.00000000,724608.00000000,3759207.00000000
train	003241	lower__20201111_165326_99_2401_3B_AnalyticMS_SR_8b_clip	pm5__20201105_20201124__0119	/scrfs/storage/yikebe/home/research/AR_Crop_Identification/make_dataset/raw_sentinel/pm5/pm5__20201105_20201124__0119	2020-11-11	725376.00000000,3758439.00000000,726144.00000000,3759207.00000000
train	003257	lower__20201111_165326_99_2401_3B_AnalyticMS_SR_8b_clip	pm5__20201105_20201124__0119	/scrfs/storage/yikebe/home/research/AR_Crop_Identification/make_dataset/raw_sentinel/pm5/pm5__20201105_20201124__0119	2020-11-11	735360.00000000,3758439.00000000,736128.00000000,3759207.00000000
train	003273	lower__20201111_165326_99_2401_3B_AnalyticMS_SR_8b_clip	pm5__20201105_20201124__0119	/scrfs/storage/yikebe/home/research/AR_Crop_Identification/make_dataset/raw_sentinel/pm5/pm5__20201105_20201124__0119	2020-11-11	737664.00000000,3758439.00000000,738432.00000000,3759207.00000000
train	003289	lower__20201111_165326_99_2401_3B_AnalyticMS_SR_8b_clip	pm5__20201105_20201124__0119	/scrfs/storage/yikebe/home/research/AR_Crop_Identification/make_dataset/raw_sentinel/pm5/pm5__20201105_20201124__0119	2020-11-11	723840.00000000,3757671.00000000,724608.00000000,3758439.00000000
train	003305	lower__20201111_165326_99_2401_3B_AnalyticMS_SR_8b_clip	pm5__20201105_20201124__0119	/scrfs/storage/yikebe/home/research/AR_Crop_Identification/make_dataset/raw_sentinel/pm5/pm5__20201105_20201124__0119	2020-11-11	724608.00000000,3757671.00000000,725376.00000000,3758439.00000000
train	003321	lower__20201111_165326_99_2401_3B_AnalyticMS_SR_8b_clip	pm5__20201105_20201124__0119	/scrfs/storage/yikebe/home/research/AR_Crop_Identification/make_dataset/raw_sentinel/pm5/pm5__20201105_20201124__0119	2020-11-11	725376.00000000,3757671.00000000,726144.00000000,3758439.00000000
train	003337	lower__20201111_165326_99_2401_3B_AnalyticMS_SR_8b_clip	pm5__20201105_20201124__0119	/scrfs/storage/yikebe/home/research/AR_Crop_Identification/make_dataset/raw_sentinel/pm5/pm5__20201105_20201124__0119	2020-11-11	723840.00000000,3756903.00000000,724608.00000000,3757671.00000000
train	003353	lower__20201111_165326_99_2401_3B_AnalyticMS_SR_8b_clip	pm5__20201105_20201124__0119	/scrfs/storage/yikebe/home/research/AR_Crop_Identification/make_dataset/raw_sentinel/pm5/pm5__20201105_20201124__0119	2020-11-11	724608.00000000,3756903.00000000,725376.00000000,3757671.00000000
train	003369	lower__20201111_165326_99_2401_3B_AnalyticMS_SR_8b_clip	pm5__20201105_20201124__0119	/scrfs/storage/yikebe/home/research/AR_Crop_Identification/make_dataset/raw_sentinel/pm5/pm5__20201105_20201124__0119	2020-11-11	728448.00000000,3756903.00000000,729216.00000000,3757671.00000000
train	003385	lower__20201111_165326_99_2401_3B_AnalyticMS_SR_8b_clip	pm5__20201105_20201124__0119	/scrfs/storage/yikebe/home/research/AR_Crop_Identification/make_dataset/raw_sentinel/pm5/pm5__20201105_20201124__0119	2020-11-11	741504.00000000,3756903.00000000,742272.00000000,3757671.00000000
train	003401	lower__20201111_165326_99_2401_3B_AnalyticMS_SR_8b_clip	pm5__20201105_20201124__0119	/scrfs/storage/yikebe/home/research/AR_Crop_Identification/make_dataset/raw_sentinel/pm5/pm5__20201105_20201124__0119	2020-11-11	722304.00000000,3756135.00000000,723072.00000000,3756903.00000000
train	003417	lower__20201111_165326_99_2401_3B_AnalyticMS_SR_8b_clip	pm5__20201105_20201124__0119	/scrfs/storage/yikebe/home/research/AR_Crop_Identification/make_dataset/raw_sentinel/pm5/pm5__20201105_20201124__0119	2020-11-11	725376.00000000,3756135.00000000,726144.00000000,3756903.00000000
train	003433	lower__20201111_165326_99_2401_3B_AnalyticMS_SR_8b_clip	pm5__20201105_20201124__0119	/scrfs/storage/yikebe/home/research/AR_Crop_Identification/make_dataset/raw_sentinel/pm5/pm5__20201105_20201124__0119	2020-11-11	740736.00000000,3753063.00000000,741504.00000000,3753831.00000000
train	003449	lower__20201111_165326_99_2401_3B_AnalyticMS_SR_8b_clip	pm5__20201105_20201124__0119	/scrfs/storage/yikebe/home/research/AR_Crop_Identification/make_dataset/raw_sentinel/pm5/pm5__20201105_20201124__0119	2020-11-11	740736.00000000,3752295.00000000,741504.00000000,3753063.00000000
train	003465	lower__20201112_165340_08_2274_3B_AnalyticMS_SR_8b_clip	pm5__20201105_20201124__0120	/scrfs/storage/yikebe/home/research/AR_Crop_Identification/make_dataset/raw_sentinel/pm5/pm5__20201105_20201124__0120	2020-11-11	738240.00000000,3825699.00000000,739008.00000000,3826467.00000000
train	003481	lower__20201112_165340_08_2274_3B_AnalyticMS_SR_8b_clip	pm5__20201105_20201124__0120	/scrfs/storage/yikebe/home/research/AR_Crop_Identification/make_dataset/raw_sentinel/pm5/pm5__20201105_20201124__0120	2020-11-11	726720.00000000,3823395.00000000,727488.00000000,3824163.00000000
train	003497	lower__20201112_165340_08_2274_3B_AnalyticMS_SR_8b_clip	pm5__20201105_20201124__0120	/scrfs/storage/yikebe/home/research/AR_Crop_Identification/make_dataset/raw_sentinel/pm5/pm5__20201105_20201124__0120	2020-11-11	727488.00000000,3823395.00000000,728256.00000000,3824163.00000000
train	003513	lower__20201112_165340_08_2274_3B_AnalyticMS_SR_8b_clip	pm5__20201105_20201124__0120	/scrfs/storage/yikebe/home/research/AR_Crop_Identification/make_dataset/raw_sentinel/pm5/pm5__20201105_20201124__0120	2020-11-11	726720.00000000,3821859.00000000,727488.00000000,3822627.00000000
train	003529	lower__20201112_165340_08_2274_3B_AnalyticMS_SR_8b_clip	pm5__20201105_20201124__0120	/scrfs/storage/yikebe/home/research/AR_Crop_Identification/make_dataset/raw_sentinel/pm5/pm5__20201105_20201124__0120	2020-11-11	733632.00000000,3807267.00000000,734400.00000000,3808035.00000000
train	003545	lower__20201112_165340_08_2274_3B_AnalyticMS_SR_8b_clip	pm5__20201105_20201124__0120	/scrfs/storage/yikebe/home/research/AR_Crop_Identification/make_dataset/raw_sentinel/pm5/pm5__20201105_20201124__0120	2020-11-11	732864.00000000,3806499.00000000,733632.00000000,3807267.00000000
train	003561	lower__20201112_165503_55_2407_3B_AnalyticMS_SR_8b_clip	pm5__20201105_20201124__0102	/scrfs/storage/yikebe/home/research/AR_Crop_Identification/make_dataset/raw_sentinel/pm5/pm5__20201105_20201124__0102	2020-11-11	665400.00000000,3846702.00000000,666168.00000000,3847470.00000000
train	003577	lower__20201112_165503_55_2407_3B_AnalyticMS_SR_8b_clip	pm5__20201105_20201124__0102	/scrfs/storage/yikebe/home/research/AR_Crop_Identification/make_dataset/raw_sentinel/pm5/pm5__20201105_20201124__0102	2020-11-11	687672.00000000,3846702.00000000,688440.00000000,3847470.00000000
train	003593	lower__20201112_165503_55_2407_3B_AnalyticMS_SR_8b_clip	pm5__20201105_20201124__0102	/scrfs/storage/yikebe/home/research/AR_Crop_Identification/make_dataset/raw_sentinel/pm5/pm5__20201105_20201124__0102	2020-11-11	693048.00000000,3846702.00000000,693816.00000000,3847470.00000000
train	003609	lower__20201112_165503_55_2407_3B_AnalyticMS_SR_8b_clip	pm5__20201105_20201124__0102	/scrfs/storage/yikebe/home/research/AR_Crop_Identification/make_dataset/raw_sentinel/pm5/pm5__20201105_20201124__0102	2020-11-11	665400.00000000,3845934.00000000,666168.00000000,3846702.00000000
train	003625	lower__20201112_165503_55_2407_3B_AnalyticMS_SR_8b_clip	pm5__20201105_20201124__0102	/scrfs/storage/yikebe/home/research/AR_Crop_Identification/make_dataset/raw_sentinel/pm5/pm5__20201105_20201124__0102	2020-11-11	670008.00000000,3844398.00000000,670776.00000000,3845166.00000000
train	003641	lower__20201112_165503_55_2407_3B_AnalyticMS_SR_8b_clip	pm5__20201105_20201124__0102	/scrfs/storage/yikebe/home/research/AR_Crop_Identification/make_dataset/raw_sentinel/pm5/pm5__20201105_20201124__0102	2020-11-11	666168.00000000,3836718.00000000,666936.00000000,3837486.00000000
train	003657	lower__20201112_165503_55_2407_3B_AnalyticMS_SR_8b_clip	pm5__20201105_20201124__0102	/scrfs/storage/yikebe/home/research/AR_Crop_Identification/make_dataset/raw_sentinel/pm5/pm5__20201105_20201124__0102	2020-11-11	666936.00000000,3835182.00000000,667704.00000000,3835950.00000000
val	000009	lower__20201112_165521_82_2407_3B_AnalyticMS_SR_8b_clip	pm5__20201105_20201124__0094	/scrfs/storage/yikebe/home/research/AR_Crop_Identification/make_dataset/raw_sentinel/pm5/pm5__20201105_20201124__0094	2020-11-11	661791.00000000,3723777.00000000,662559.00000000,3724545.00000000
val	000025	lower__20201112_165521_82_2407_3B_AnalyticMS_SR_8b_clip	pm5__20201105_20201124__0094	/scrfs/storage/yikebe/home/research/AR_Crop_Identification/make_dataset/raw_sentinel/pm5/pm5__20201105_20201124__0094	2020-11-11	653343.00000000,3721473.00000000,654111.00000000,3722241.00000000
val	000041	lower__20201112_165521_82_2407_3B_AnalyticMS_SR_8b_clip	pm5__20201105_20201124__0094	/scrfs/storage/yikebe/home/research/AR_Crop_Identification/make_dataset/raw_sentinel/pm5/pm5__20201105_20201124__0094	2020-11-11	665631.00000000,3721473.00000000,666399.00000000,3722241.00000000
val	000057	lower__20201112_165521_82_2407_3B_AnalyticMS_SR_8b_clip	pm5__20201105_20201124__0094	/scrfs/storage/yikebe/home/research/AR_Crop_Identification/make_dataset/raw_sentinel/pm5/pm5__20201105_20201124__0094	2020-11-11	645663.00000000,3720705.00000000,646431.00000000,3721473.00000000
val	000073	lower__20201112_165521_82_2407_3B_AnalyticMS_SR_8b_clip	pm5__20201105_20201124__0094	/scrfs/storage/yikebe/home/research/AR_Crop_Identification/make_dataset/raw_sentinel/pm5/pm5__20201105_20201124__0094	2020-11-11	652575.00000000,3720705.00000000,653343.00000000,3721473.00000000
val	000089	lower__20201112_165521_82_2407_3B_AnalyticMS_SR_8b_clip	pm5__20201105_20201124__0094	/scrfs/storage/yikebe/home/research/AR_Crop_Identification/make_dataset/raw_sentinel/pm5/pm5__20201105_20201124__0094	2020-11-11	653343.00000000,3720705.00000000,654111.00000000,3721473.00000000
val	000105	lower__20201112_165521_82_2407_3B_AnalyticMS_SR_8b_clip	pm5__20201105_20201124__0094	/scrfs/storage/yikebe/home/research/AR_Crop_Identification/make_dataset/raw_sentinel/pm5/pm5__20201105_20201124__0094	2020-11-11	664863.00000000,3720705.00000000,665631.00000000,3721473.00000000
val	000121	lower__20201112_165521_82_2407_3B_AnalyticMS_SR_8b_clip	pm5__20201105_20201124__0094	/scrfs/storage/yikebe/home/research/AR_Crop_Identification/make_dataset/raw_sentinel/pm5/pm5__20201105_20201124__0094	2020-11-11	644895.00000000,3719937.00000000,645663.00000000,3720705.00000000
val	000137	lower__20201112_165521_82_2407_3B_AnalyticMS_SR_8b_clip	pm5__20201105_20201124__0094	/scrfs/storage/yikebe/home/research/AR_Crop_Identification/make_dataset/raw_sentinel/pm5/pm5__20201105_20201124__0094	2020-11-11	652575.00000000,3719937.00000000,653343.00000000,3720705.00000000
val	000153	lower__20201112_165521_82_2407_3B_AnalyticMS_SR_8b_clip	pm5__20201105_20201124__0094	/scrfs/storage/yikebe/home/research/AR_Crop_Identification/make_dataset/raw_sentinel/pm5/pm5__20201105_20201124__0094	2020-11-11	653343.00000000,3719937.00000000,654111.00000000,3720705.00000000
val	000169	lower__20201112_165521_82_2407_3B_AnalyticMS_SR_8b_clip	pm5__20201105_20201124__0094	/scrfs/storage/yikebe/home/research/AR_Crop_Identification/make_dataset/raw_sentinel/pm5/pm5__20201105_20201124__0094	2020-11-11	654111.00000000,3719937.00000000,654879.00000000,3720705.00000000
val	000185	lower__20201112_165521_82_2407_3B_AnalyticMS_SR_8b_clip	pm5__20201105_20201124__0094	/scrfs/storage/yikebe/home/research/AR_Crop_Identification/make_dataset/raw_sentinel/pm5/pm5__20201105_20201124__0094	2020-11-11	659487.00000000,3719937.00000000,660255.00000000,3720705.00000000
val	000201	lower__20201112_165521_82_2407_3B_AnalyticMS_SR_8b_clip	pm5__20201105_20201124__0094	/scrfs/storage/yikebe/home/research/AR_Crop_Identification/make_dataset/raw_sentinel/pm5/pm5__20201105_20201124__0094	2020-11-11	645663.00000000,3719169.00000000,646431.00000000,3719937.00000000
val	000217	lower__20201112_165521_82_2407_3B_AnalyticMS_SR_8b_clip	pm5__20201105_20201124__0094	/scrfs/storage/yikebe/home/research/AR_Crop_Identification/make_dataset/raw_sentinel/pm5/pm5__20201105_20201124__0094	2020-11-11	658719.00000000,3719169.00000000,659487.00000000,3719937.00000000
val	000233	lower__20201112_165521_82_2407_3B_AnalyticMS_SR_8b_clip	pm5__20201105_20201124__0094	/scrfs/storage/yikebe/home/research/AR_Crop_Identification/make_dataset/raw_sentinel/pm5/pm5__20201105_20201124__0094	2020-11-11	644895.00000000,3718401.00000000,645663.00000000,3719169.00000000
val	000249	lower__20201112_165521_82_2407_3B_AnalyticMS_SR_8b_clip	pm5__20201105_20201124__0094	/scrfs/storage/yikebe/home/research/AR_Crop_Identification/make_dataset/raw_sentinel/pm5/pm5__20201105_20201124__0094	2020-11-11	645663.00000000,3718401.00000000,646431.00000000,3719169.00000000
val	000265	lower__20201112_165521_82_2407_3B_AnalyticMS_SR_8b_clip	pm5__20201105_20201124__0094	/scrfs/storage/yikebe/home/research/AR_Crop_Identification/make_dataset/raw_sentinel/pm5/pm5__20201105_20201124__0094	2020-11-11	643359.00000000,3716865.00000000,644127.00000000,3717633.00000000
val	000281	lower__20201112_165521_82_2407_3B_AnalyticMS_SR_8b_clip	pm5__20201105_20201124__0094	/scrfs/storage/yikebe/home/research/AR_Crop_Identification/make_dataset/raw_sentinel/pm5/pm5__20201105_20201124__0094	2020-11-11	644127.00000000,3716097.00000000,644895.00000000,3716865.00000000
val	000297	lower__20201112_165521_82_2407_3B_AnalyticMS_SR_8b_clip	pm5__20201105_20201124__0094	/scrfs/storage/yikebe/home/research/AR_Crop_Identification/make_dataset/raw_sentinel/pm5/pm5__20201105_20201124__0094	2020-11-11	645663.00000000,3716097.00000000,646431.00000000,3716865.00000000
val	000313	lower__20201112_165521_82_2407_3B_AnalyticMS_SR_8b_clip	pm5__20201105_20201124__0094	/scrfs/storage/yikebe/home/research/AR_Crop_Identification/make_dataset/raw_sentinel/pm5/pm5__20201105_20201124__0094	2020-11-11	651807.00000000,3716097.00000000,652575.00000000,3716865.00000000
val	000329	lower__20201112_165521_82_2407_3B_AnalyticMS_SR_8b_clip	pm5__20201105_20201124__0094	/scrfs/storage/yikebe/home/research/AR_Crop_Identification/make_dataset/raw_sentinel/pm5/pm5__20201105_20201124__0094	2020-11-11	653343.00000000,3716097.00000000,654111.00000000,3716865.00000000
val	000345	lower__20201112_165521_82_2407_3B_AnalyticMS_SR_8b_clip	pm5__20201105_20201124__0094	/scrfs/storage/yikebe/home/research/AR_Crop_Identification/make_dataset/raw_sentinel/pm5/pm5__20201105_20201124__0094	2020-11-11	654111.00000000,3716097.00000000,654879.00000000,3716865.00000000
val	000361	lower__20201112_165521_82_2407_3B_AnalyticMS_SR_8b_clip	pm5__20201105_20201124__0094	/scrfs/storage/yikebe/home/research/AR_Crop_Identification/make_dataset/raw_sentinel/pm5/pm5__20201105_20201124__0094	2020-11-11	647967.00000000,3715329.00000000,648735.00000000,3716097.00000000
val	000377	lower__20201112_165521_82_2407_3B_AnalyticMS_SR_8b_clip	pm5__20201105_20201124__0094	/scrfs/storage/yikebe/home/research/AR_Crop_Identification/make_dataset/raw_sentinel/pm5/pm5__20201105_20201124__0094	2020-11-11	651807.00000000,3715329.00000000,652575.00000000,3716097.00000000
val	000393	lower__20201112_165521_82_2407_3B_AnalyticMS_SR_8b_clip	pm5__20201105_20201124__0094	/scrfs/storage/yikebe/home/research/AR_Crop_Identification/make_dataset/raw_sentinel/pm5/pm5__20201105_20201124__0094	2020-11-11	647199.00000000,3714561.00000000,647967.00000000,3715329.00000000
val	000409	lower__20201112_165521_82_2407_3B_AnalyticMS_SR_8b_clip	pm5__20201105_20201124__0094	/scrfs/storage/yikebe/home/research/AR_Crop_Identification/make_dataset/raw_sentinel/pm5/pm5__20201105_20201124__0094	2020-11-11	653343.00000000,3714561.00000000,654111.00000000,3715329.00000000
val	000425	lower__20201112_165521_82_2407_3B_AnalyticMS_SR_8b_clip	pm5__20201105_20201124__0094	/scrfs/storage/yikebe/home/research/AR_Crop_Identification/make_dataset/raw_sentinel/pm5/pm5__20201105_20201124__0094	2020-11-11	650271.00000000,3713793.00000000,651039.00000000,3714561.00000000
val	000441	lower__20201112_165521_82_2407_3B_AnalyticMS_SR_8b_clip	pm5__20201105_20201124__0094	/scrfs/storage/yikebe/home/research/AR_Crop_Identification/make_dataset/raw_sentinel/pm5/pm5__20201105_20201124__0094	2020-11-11	647199.00000000,3712257.00000000,647967.00000000,3713025.00000000
val	000457	lower__20201112_165521_82_2407_3B_AnalyticMS_SR_8b_clip	pm5__20201105_20201124__0094	/scrfs/storage/yikebe/home/research/AR_Crop_Identification/make_dataset/raw_sentinel/pm5/pm5__20201105_20201124__0094	2020-11-11	648735.00000000,3711489.00000000,649503.00000000,3712257.00000000
val	000473	lower__20201112_165521_82_2407_3B_AnalyticMS_SR_8b_clip	pm5__20201105_20201124__0094	/scrfs/storage/yikebe/home/research/AR_Crop_Identification/make_dataset/raw_sentinel/pm5/pm5__20201105_20201124__0094	2020-11-11	653343.00000000,3711489.00000000,654111.00000000,3712257.00000000
val	000489	lower__20201112_165521_82_2407_3B_AnalyticMS_SR_8b_clip	pm5__20201105_20201124__0094	/scrfs/storage/yikebe/home/research/AR_Crop_Identification/make_dataset/raw_sentinel/pm5/pm5__20201105_20201124__0094	2020-11-11	656415.00000000,3711489.00000000,657183.00000000,3712257.00000000
val	000505	lower__20201112_165521_82_2407_3B_AnalyticMS_SR_8b_clip	pm5__20201105_20201124__0094	/scrfs/storage/yikebe/home/research/AR_Crop_Identification/make_dataset/raw_sentinel/pm5/pm5__20201105_20201124__0094	2020-11-11	653343.00000000,3710721.00000000,654111.00000000,3711489.00000000
val	000521	lower__20201112_165521_82_2407_3B_AnalyticMS_SR_8b_clip	pm5__20201105_20201124__0094	/scrfs/storage/yikebe/home/research/AR_Crop_Identification/make_dataset/raw_sentinel/pm5/pm5__20201105_20201124__0094	2020-11-11	658719.00000000,3710721.00000000,659487.00000000,3711489.00000000
val	000537	lower__20201112_165521_82_2407_3B_AnalyticMS_SR_8b_clip	pm5__20201105_20201124__0094	/scrfs/storage/yikebe/home/research/AR_Crop_Identification/make_dataset/raw_sentinel/pm5/pm5__20201105_20201124__0094	2020-11-11	660255.00000000,3709953.00000000,661023.00000000,3710721.00000000
val	000553	lower__20201112_165521_82_2407_3B_AnalyticMS_SR_8b_clip	pm5__20201105_20201124__0094	/scrfs/storage/yikebe/home/research/AR_Crop_Identification/make_dataset/raw_sentinel/pm5/pm5__20201105_20201124__0094	2020-11-11	646431.00000000,3709185.00000000,647199.00000000,3709953.00000000
val	000569	lower__20201112_165521_82_2407_3B_AnalyticMS_SR_8b_clip	pm5__20201105_20201124__0094	/scrfs/storage/yikebe/home/research/AR_Crop_Identification/make_dataset/raw_sentinel/pm5/pm5__20201105_20201124__0094	2020-11-11	648735.00000000,3709185.00000000,649503.00000000,3709953.00000000
val	000585	lower__20201112_165521_82_2407_3B_AnalyticMS_SR_8b_clip	pm5__20201105_20201124__0094	/scrfs/storage/yikebe/home/research/AR_Crop_Identification/make_dataset/raw_sentinel/pm5/pm5__20201105_20201124__0094	2020-11-11	662559.00000000,3709185.00000000,663327.00000000,3709953.00000000
val	000601	lower__20201112_165521_82_2407_3B_AnalyticMS_SR_8b_clip	pm5__20201105_20201124__0094	/scrfs/storage/yikebe/home/research/AR_Crop_Identification/make_dataset/raw_sentinel/pm5/pm5__20201105_20201124__0094	2020-11-11	663327.00000000,3709185.00000000,664095.00000000,3709953.00000000
val	000617	lower__20201112_165521_82_2407_3B_AnalyticMS_SR_8b_clip	pm5__20201105_20201124__0094	/scrfs/storage/yikebe/home/research/AR_Crop_Identification/make_dataset/raw_sentinel/pm5/pm5__20201105_20201124__0094	2020-11-11	637983.00000000,3708417.00000000,638751.00000000,3709185.00000000
val	000633	lower__20201112_165521_82_2407_3B_AnalyticMS_SR_8b_clip	pm5__20201105_20201124__0094	/scrfs/storage/yikebe/home/research/AR_Crop_Identification/make_dataset/raw_sentinel/pm5/pm5__20201105_20201124__0094	2020-11-11	645663.00000000,3708417.00000000,646431.00000000,3709185.00000000
val	000649	lower__20201112_165521_82_2407_3B_AnalyticMS_SR_8b_clip	pm5__20201105_20201124__0094	/scrfs/storage/yikebe/home/research/AR_Crop_Identification/make_dataset/raw_sentinel/pm5/pm5__20201105_20201124__0094	2020-11-11	648735.00000000,3708417.00000000,649503.00000000,3709185.00000000
val	000665	lower__20201112_165521_82_2407_3B_AnalyticMS_SR_8b_clip	pm5__20201105_20201124__0094	/scrfs/storage/yikebe/home/research/AR_Crop_Identification/make_dataset/raw_sentinel/pm5/pm5__20201105_20201124__0094	2020-11-11	662559.00000000,3708417.00000000,663327.00000000,3709185.00000000
val	000681	lower__20201112_165521_82_2407_3B_AnalyticMS_SR_8b_clip	pm5__20201105_20201124__0094	/scrfs/storage/yikebe/home/research/AR_Crop_Identification/make_dataset/raw_sentinel/pm5/pm5__20201105_20201124__0094	2020-11-11	637983.00000000,3707649.00000000,638751.00000000,3708417.00000000
val	000697	lower__20201112_165521_82_2407_3B_AnalyticMS_SR_8b_clip	pm5__20201105_20201124__0094	/scrfs/storage/yikebe/home/research/AR_Crop_Identification/make_dataset/raw_sentinel/pm5/pm5__20201105_20201124__0094	2020-11-11	662559.00000000,3707649.00000000,663327.00000000,3708417.00000000
val	000713	lower__20201112_165521_82_2407_3B_AnalyticMS_SR_8b_clip	pm5__20201105_20201124__0094	/scrfs/storage/yikebe/home/research/AR_Crop_Identification/make_dataset/raw_sentinel/pm5/pm5__20201105_20201124__0094	2020-11-11	653343.00000000,3706881.00000000,654111.00000000,3707649.00000000
val	000729	lower__20201112_165521_82_2407_3B_AnalyticMS_SR_8b_clip	pm5__20201105_20201124__0094	/scrfs/storage/yikebe/home/research/AR_Crop_Identification/make_dataset/raw_sentinel/pm5/pm5__20201105_20201124__0094	2020-11-11	653343.00000000,3706113.00000000,654111.00000000,3706881.00000000
val	000745	lower__20201112_165521_82_2407_3B_AnalyticMS_SR_8b_clip	pm5__20201105_20201124__0094	/scrfs/storage/yikebe/home/research/AR_Crop_Identification/make_dataset/raw_sentinel/pm5/pm5__20201105_20201124__0094	2020-11-11	653343.00000000,3705345.00000000,654111.00000000,3706113.00000000
val	000761	lower__20201112_165521_82_2407_3B_AnalyticMS_SR_8b_clip	pm5__20201105_20201124__0094	/scrfs/storage/yikebe/home/research/AR_Crop_Identification/make_dataset/raw_sentinel/pm5/pm5__20201105_20201124__0094	2020-11-11	652575.00000000,3704577.00000000,653343.00000000,3705345.00000000
val	000777	lower__20201112_165521_82_2407_3B_AnalyticMS_SR_8b_clip	pm5__20201105_20201124__0094	/scrfs/storage/yikebe/home/research/AR_Crop_Identification/make_dataset/raw_sentinel/pm5/pm5__20201105_20201124__0094	2020-11-11	653343.00000000,3704577.00000000,654111.00000000,3705345.00000000
train	003673	lower__20201112_165747_24_227c_3B_AnalyticMS_SR_8b_clip	pm5__20201105_20201124__0078	/scrfs/storage/yikebe/home/research/AR_Crop_Identification/make_dataset/raw_sentinel/pm5/pm5__20201105_20201124__0078	2020-11-11	622344.00000000,3845565.00000000,623112.00000000,3846333.00000000
train	003689	lower__20201112_165747_24_227c_3B_AnalyticMS_SR_8b_clip	pm5__20201105_20201124__0078	/scrfs/storage/yikebe/home/research/AR_Crop_Identification/make_dataset/raw_sentinel/pm5/pm5__20201105_20201124__0078	2020-11-11	623112.00000000,3845565.00000000,623880.00000000,3846333.00000000
train	003705	lower__20201112_165747_24_227c_3B_AnalyticMS_SR_8b_clip	pm5__20201105_20201124__0078	/scrfs/storage/yikebe/home/research/AR_Crop_Identification/make_dataset/raw_sentinel/pm5/pm5__20201105_20201124__0078	2020-11-11	621576.00000000,3844029.00000000,622344.00000000,3844797.00000000
train	003721	lower__20201112_165747_24_227c_3B_AnalyticMS_SR_8b_clip	pm5__20201105_20201124__0078	/scrfs/storage/yikebe/home/research/AR_Crop_Identification/make_dataset/raw_sentinel/pm5/pm5__20201105_20201124__0078	2020-11-11	630792.00000000,3843261.00000000,631560.00000000,3844029.00000000
val	000793	lower__20201115_155912_37_2212_3B_AnalyticMS_SR_8b_clip	pm5__20201105_20201124__0119	/scrfs/storage/yikebe/home/research/AR_Crop_Identification/make_dataset/raw_sentinel/pm5/pm5__20201105_20201124__0119	2020-11-11	710496.00000000,3718347.00000000,711264.00000000,3719115.00000000
val	000809	lower__20201115_155912_37_2212_3B_AnalyticMS_SR_8b_clip	pm5__20201105_20201124__0119	/scrfs/storage/yikebe/home/research/AR_Crop_Identification/make_dataset/raw_sentinel/pm5/pm5__20201105_20201124__0119	2020-11-11	725088.00000000,3718347.00000000,725856.00000000,3719115.00000000
val	000825	lower__20201115_155912_37_2212_3B_AnalyticMS_SR_8b_clip	pm5__20201105_20201124__0119	/scrfs/storage/yikebe/home/research/AR_Crop_Identification/make_dataset/raw_sentinel/pm5/pm5__20201105_20201124__0119	2020-11-11	706656.00000000,3714507.00000000,707424.00000000,3715275.00000000
val	000841	lower__20201115_155912_37_2212_3B_AnalyticMS_SR_8b_clip	pm5__20201105_20201124__0119	/scrfs/storage/yikebe/home/research/AR_Crop_Identification/make_dataset/raw_sentinel/pm5/pm5__20201105_20201124__0119	2020-11-11	705888.00000000,3711435.00000000,706656.00000000,3712203.00000000
val	000857	lower__20201115_155912_37_2212_3B_AnalyticMS_SR_8b_clip	pm5__20201105_20201124__0119	/scrfs/storage/yikebe/home/research/AR_Crop_Identification/make_dataset/raw_sentinel/pm5/pm5__20201105_20201124__0119	2020-11-11	723552.00000000,3709899.00000000,724320.00000000,3710667.00000000
val	000873	lower__20201115_155912_37_2212_3B_AnalyticMS_SR_8b_clip	pm5__20201105_20201124__0119	/scrfs/storage/yikebe/home/research/AR_Crop_Identification/make_dataset/raw_sentinel/pm5/pm5__20201105_20201124__0119	2020-11-11	712032.00000000,3704523.00000000,712800.00000000,3705291.00000000
val	000889	lower__20201115_155912_37_2212_3B_AnalyticMS_SR_8b_clip	pm5__20201105_20201124__0119	/scrfs/storage/yikebe/home/research/AR_Crop_Identification/make_dataset/raw_sentinel/pm5/pm5__20201105_20201124__0119	2020-11-11	712800.00000000,3704523.00000000,713568.00000000,3705291.00000000
val	000905	lower__20201115_155912_37_2212_3B_AnalyticMS_SR_8b_clip	pm5__20201105_20201124__0119	/scrfs/storage/yikebe/home/research/AR_Crop_Identification/make_dataset/raw_sentinel/pm5/pm5__20201105_20201124__0119	2020-11-11	712032.00000000,3703755.00000000,712800.00000000,3704523.00000000
val	000921	lower__20201115_155912_37_2212_3B_AnalyticMS_SR_8b_clip	pm5__20201105_20201124__0119	/scrfs/storage/yikebe/home/research/AR_Crop_Identification/make_dataset/raw_sentinel/pm5/pm5__20201105_20201124__0119	2020-11-11	715104.00000000,3702219.00000000,715872.00000000,3702987.00000000
val	000937	lower__20201115_155912_37_2212_3B_AnalyticMS_SR_8b_clip	pm5__20201105_20201124__0119	/scrfs/storage/yikebe/home/research/AR_Crop_Identification/make_dataset/raw_sentinel/pm5/pm5__20201105_20201124__0119	2020-11-11	715872.00000000,3702219.00000000,716640.00000000,3702987.00000000
val	000953	lower__20201115_155912_37_2212_3B_AnalyticMS_SR_8b_clip	pm5__20201105_20201124__0119	/scrfs/storage/yikebe/home/research/AR_Crop_Identification/make_dataset/raw_sentinel/pm5/pm5__20201105_20201124__0119	2020-11-11	715104.00000000,3701451.00000000,715872.00000000,3702219.00000000
train	003737	lower__20201115_160554_65_222c_3B_AnalyticMS_SR_8b_clip	pm5__20201105_20201124__0076	/scrfs/storage/yikebe/home/research/AR_Crop_Identification/make_dataset/raw_sentinel/pm5/pm5__20201105_20201124__0076	2020-11-11	624918.00000000,3732966.00000000,625686.00000000,3733734.00000000
train	003753	lower__20201115_160554_65_222c_3B_AnalyticMS_SR_8b_clip	pm5__20201105_20201124__0076	/scrfs/storage/yikebe/home/research/AR_Crop_Identification/make_dataset/raw_sentinel/pm5/pm5__20201105_20201124__0076	2020-11-11	621846.00000000,3725286.00000000,622614.00000000,3726054.00000000
train	003769	lower__20201115_165444_46_2254_3B_AnalyticMS_SR_8b_clip	pm5__20201105_20201124__0101	/scrfs/storage/yikebe/home/research/AR_Crop_Identification/make_dataset/raw_sentinel/pm5/pm5__20201105_20201124__0101	2020-11-11	691656.00000000,3805389.00000000,692424.00000000,3806157.00000000
train	003785	lower__20201116_160015_57_2257_3B_AnalyticMS_SR_8b_clip	pm5__20201105_20201124__0134	/scrfs/storage/yikebe/home/research/AR_Crop_Identification/make_dataset/raw_sentinel/pm5/pm5__20201105_20201124__0134	2020-11-11	747057.00000000,3772902.00000000,747825.00000000,3773670.00000000
train	003801	lower__20201116_160015_57_2257_3B_AnalyticMS_SR_8b_clip	pm5__20201105_20201124__0134	/scrfs/storage/yikebe/home/research/AR_Crop_Identification/make_dataset/raw_sentinel/pm5/pm5__20201105_20201124__0134	2020-11-11	747057.00000000,3772134.00000000,747825.00000000,3772902.00000000
train	003817	lower__20201116_160043_89_2206_3B_AnalyticMS_SR_8b_clip	pm5__20201105_20201124__0100	/scrfs/storage/yikebe/home/research/AR_Crop_Identification/make_dataset/raw_sentinel/pm5/pm5__20201105_20201124__0100	2020-11-19	661233.00000000,3753273.00000000,662001.00000000,3754041.00000000
train	003833	lower__20201116_160043_89_2206_3B_AnalyticMS_SR_8b_clip	pm5__20201105_20201124__0100	/scrfs/storage/yikebe/home/research/AR_Crop_Identification/make_dataset/raw_sentinel/pm5/pm5__20201105_20201124__0100	2020-11-19	664305.00000000,3753273.00000000,665073.00000000,3754041.00000000
train	003849	lower__20201116_160043_89_2206_3B_AnalyticMS_SR_8b_clip	pm5__20201105_20201124__0100	/scrfs/storage/yikebe/home/research/AR_Crop_Identification/make_dataset/raw_sentinel/pm5/pm5__20201105_20201124__0100	2020-11-19	665073.00000000,3753273.00000000,665841.00000000,3754041.00000000
train	003865	lower__20201116_160043_89_2206_3B_AnalyticMS_SR_8b_clip	pm5__20201105_20201124__0100	/scrfs/storage/yikebe/home/research/AR_Crop_Identification/make_dataset/raw_sentinel/pm5/pm5__20201105_20201124__0100	2020-11-19	668913.00000000,3753273.00000000,669681.00000000,3754041.00000000
train	003881	lower__20201116_160043_89_2206_3B_AnalyticMS_SR_8b_clip	pm5__20201105_20201124__0100	/scrfs/storage/yikebe/home/research/AR_Crop_Identification/make_dataset/raw_sentinel/pm5/pm5__20201105_20201124__0100	2020-11-19	665073.00000000,3752505.00000000,665841.00000000,3753273.00000000
train	003897	lower__20201116_160043_89_2206_3B_AnalyticMS_SR_8b_clip	pm5__20201105_20201124__0100	/scrfs/storage/yikebe/home/research/AR_Crop_Identification/make_dataset/raw_sentinel/pm5/pm5__20201105_20201124__0100	2020-11-19	665841.00000000,3752505.00000000,666609.00000000,3753273.00000000
train	003913	lower__20201116_160043_89_2206_3B_AnalyticMS_SR_8b_clip	pm5__20201105_20201124__0100	/scrfs/storage/yikebe/home/research/AR_Crop_Identification/make_dataset/raw_sentinel/pm5/pm5__20201105_20201124__0100	2020-11-19	666609.00000000,3752505.00000000,667377.00000000,3753273.00000000
train	003929	lower__20201116_160043_89_2206_3B_AnalyticMS_SR_8b_clip	pm5__20201105_20201124__0100	/scrfs/storage/yikebe/home/research/AR_Crop_Identification/make_dataset/raw_sentinel/pm5/pm5__20201105_20201124__0100	2020-11-19	667377.00000000,3750201.00000000,668145.00000000,3750969.00000000
train	003945	lower__20201116_160043_89_2206_3B_AnalyticMS_SR_8b_clip	pm5__20201105_20201124__0100	/scrfs/storage/yikebe/home/research/AR_Crop_Identification/make_dataset/raw_sentinel/pm5/pm5__20201105_20201124__0100	2020-11-19	665841.00000000,3748665.00000000,666609.00000000,3749433.00000000
train	003961	lower__20201116_160043_89_2206_3B_AnalyticMS_SR_8b_clip	pm5__20201105_20201124__0100	/scrfs/storage/yikebe/home/research/AR_Crop_Identification/make_dataset/raw_sentinel/pm5/pm5__20201105_20201124__0100	2020-11-19	658161.00000000,3739449.00000000,658929.00000000,3740217.00000000
train	003977	lower__20201116_160444_81_220b_3B_AnalyticMS_SR_8b_clip	pm5__20201105_20201124__0072	/scrfs/storage/yikebe/home/research/AR_Crop_Identification/make_dataset/raw_sentinel/pm5/pm5__20201105_20201124__0072	2020-11-19	630183.00000000,3715794.00000000,630951.00000000,3716562.00000000
train	003993	lower__20201116_160444_81_220b_3B_AnalyticMS_SR_8b_clip	pm5__20201105_20201124__0072	/scrfs/storage/yikebe/home/research/AR_Crop_Identification/make_dataset/raw_sentinel/pm5/pm5__20201105_20201124__0072	2020-11-19	630951.00000000,3714258.00000000,631719.00000000,3715026.00000000
train	004009	lower__20201116_160820_01_227e_3B_AnalyticMS_SR_8b_clip	pm5__20201105_20201124__0093	/scrfs/storage/yikebe/home/research/AR_Crop_Identification/make_dataset/raw_sentinel/pm5/pm5__20201105_20201124__0093	2020-11-14	643080.00000000,3684321.00000000,643848.00000000,3685089.00000000
train	004025	lower__20201116_160820_01_227e_3B_AnalyticMS_SR_8b_clip	pm5__20201105_20201124__0093	/scrfs/storage/yikebe/home/research/AR_Crop_Identification/make_dataset/raw_sentinel/pm5/pm5__20201105_20201124__0093	2020-11-14	640008.00000000,3681249.00000000,640776.00000000,3682017.00000000
train	004041	lower__20201116_160820_01_227e_3B_AnalyticMS_SR_8b_clip	pm5__20201105_20201124__0093	/scrfs/storage/yikebe/home/research/AR_Crop_Identification/make_dataset/raw_sentinel/pm5/pm5__20201105_20201124__0093	2020-11-14	642312.00000000,3681249.00000000,643080.00000000,3682017.00000000
train	004057	lower__20201116_160820_01_227e_3B_AnalyticMS_SR_8b_clip	pm5__20201105_20201124__0093	/scrfs/storage/yikebe/home/research/AR_Crop_Identification/make_dataset/raw_sentinel/pm5/pm5__20201105_20201124__0093	2020-11-14	652296.00000000,3679713.00000000,653064.00000000,3680481.00000000
train	004073	lower__20201116_160820_01_227e_3B_AnalyticMS_SR_8b_clip	pm5__20201105_20201124__0093	/scrfs/storage/yikebe/home/research/AR_Crop_Identification/make_dataset/raw_sentinel/pm5/pm5__20201105_20201124__0093	2020-11-14	652296.00000000,3677409.00000000,653064.00000000,3678177.00000000
train	004089	lower__20201116_160820_01_227e_3B_AnalyticMS_SR_8b_clip	pm5__20201105_20201124__0093	/scrfs/storage/yikebe/home/research/AR_Crop_Identification/make_dataset/raw_sentinel/pm5/pm5__20201105_20201124__0093	2020-11-14	638472.00000000,3676641.00000000,639240.00000000,3677409.00000000
train	004105	lower__20201116_160820_01_227e_3B_AnalyticMS_SR_8b_clip	pm5__20201105_20201124__0093	/scrfs/storage/yikebe/home/research/AR_Crop_Identification/make_dataset/raw_sentinel/pm5/pm5__20201105_20201124__0093	2020-11-14	643848.00000000,3675873.00000000,644616.00000000,3676641.00000000
train	004121	lower__20201116_160820_01_227e_3B_AnalyticMS_SR_8b_clip	pm5__20201105_20201124__0093	/scrfs/storage/yikebe/home/research/AR_Crop_Identification/make_dataset/raw_sentinel/pm5/pm5__20201105_20201124__0093	2020-11-14	640776.00000000,3673569.00000000,641544.00000000,3674337.00000000
train	004137	lower__20201116_160820_01_227e_3B_AnalyticMS_SR_8b_clip	pm5__20201105_20201124__0093	/scrfs/storage/yikebe/home/research/AR_Crop_Identification/make_dataset/raw_sentinel/pm5/pm5__20201105_20201124__0093	2020-11-14	639240.00000000,3672033.00000000,640008.00000000,3672801.00000000
train	004153	lower__20201116_160820_01_227e_3B_AnalyticMS_SR_8b_clip	pm5__20201105_20201124__0093	/scrfs/storage/yikebe/home/research/AR_Crop_Identification/make_dataset/raw_sentinel/pm5/pm5__20201105_20201124__0093	2020-11-14	646920.00000000,3669729.00000000,647688.00000000,3670497.00000000
train	004169	lower__20201116_160958_26_222f_3B_AnalyticMS_SR_8b_clip	pm5__20201105_20201124__0077	/scrfs/storage/yikebe/home/research/AR_Crop_Identification/make_dataset/raw_sentinel/pm5/pm5__20201105_20201124__0077	2020-11-19	630633.00000000,3662118.00000000,631401.00000000,3662886.00000000
train	004185	lower__20201116_160958_26_222f_3B_AnalyticMS_SR_8b_clip	pm5__20201105_20201124__0077	/scrfs/storage/yikebe/home/research/AR_Crop_Identification/make_dataset/raw_sentinel/pm5/pm5__20201105_20201124__0077	2020-11-19	636009.00000000,3662118.00000000,636777.00000000,3662886.00000000
train	004201	lower__20201117_160543_88_2280_3B_AnalyticMS_SR_8b_clip	pm5__20201105_20201124__0119	/scrfs/storage/yikebe/home/research/AR_Crop_Identification/make_dataset/raw_sentinel/pm5/pm5__20201105_20201124__0119	2020-11-21	706041.00000000,3691668.00000000,706809.00000000,3692436.00000000
train	004217	lower__20201117_160543_88_2280_3B_AnalyticMS_SR_8b_clip	pm5__20201105_20201124__0119	/scrfs/storage/yikebe/home/research/AR_Crop_Identification/make_dataset/raw_sentinel/pm5/pm5__20201105_20201124__0119	2020-11-21	707577.00000000,3690900.00000000,708345.00000000,3691668.00000000
train	004233	lower__20201117_160543_88_2280_3B_AnalyticMS_SR_8b_clip	pm5__20201105_20201124__0119	/scrfs/storage/yikebe/home/research/AR_Crop_Identification/make_dataset/raw_sentinel/pm5/pm5__20201105_20201124__0119	2020-11-21	710649.00000000,3690900.00000000,711417.00000000,3691668.00000000
train	004249	lower__20201117_160543_88_2280_3B_AnalyticMS_SR_8b_clip	pm5__20201105_20201124__0119	/scrfs/storage/yikebe/home/research/AR_Crop_Identification/make_dataset/raw_sentinel/pm5/pm5__20201105_20201124__0119	2020-11-21	701433.00000000,3690132.00000000,702201.00000000,3690900.00000000
train	004265	lower__20201117_160543_88_2280_3B_AnalyticMS_SR_8b_clip	pm5__20201105_20201124__0119	/scrfs/storage/yikebe/home/research/AR_Crop_Identification/make_dataset/raw_sentinel/pm5/pm5__20201105_20201124__0119	2020-11-21	702201.00000000,3690132.00000000,702969.00000000,3690900.00000000
train	004281	lower__20201117_160543_88_2280_3B_AnalyticMS_SR_8b_clip	pm5__20201105_20201124__0119	/scrfs/storage/yikebe/home/research/AR_Crop_Identification/make_dataset/raw_sentinel/pm5/pm5__20201105_20201124__0119	2020-11-21	706041.00000000,3690132.00000000,706809.00000000,3690900.00000000
train	004297	lower__20201117_160543_88_2280_3B_AnalyticMS_SR_8b_clip	pm5__20201105_20201124__0119	/scrfs/storage/yikebe/home/research/AR_Crop_Identification/make_dataset/raw_sentinel/pm5/pm5__20201105_20201124__0119	2020-11-21	707577.00000000,3690132.00000000,708345.00000000,3690900.00000000
train	004313	lower__20201117_160543_88_2280_3B_AnalyticMS_SR_8b_clip	pm5__20201105_20201124__0119	/scrfs/storage/yikebe/home/research/AR_Crop_Identification/make_dataset/raw_sentinel/pm5/pm5__20201105_20201124__0119	2020-11-21	706041.00000000,3689364.00000000,706809.00000000,3690132.00000000
train	004329	lower__20201117_160543_88_2280_3B_AnalyticMS_SR_8b_clip	pm5__20201105_20201124__0119	/scrfs/storage/yikebe/home/research/AR_Crop_Identification/make_dataset/raw_sentinel/pm5/pm5__20201105_20201124__0119	2020-11-21	701433.00000000,3688596.00000000,702201.00000000,3689364.00000000
train	004345	lower__20201117_160543_88_2280_3B_AnalyticMS_SR_8b_clip	pm5__20201105_20201124__0119	/scrfs/storage/yikebe/home/research/AR_Crop_Identification/make_dataset/raw_sentinel/pm5/pm5__20201105_20201124__0119	2020-11-21	708345.00000000,3688596.00000000,709113.00000000,3689364.00000000
train	004361	lower__20201117_160543_88_2280_3B_AnalyticMS_SR_8b_clip	pm5__20201105_20201124__0119	/scrfs/storage/yikebe/home/research/AR_Crop_Identification/make_dataset/raw_sentinel/pm5/pm5__20201105_20201124__0119	2020-11-21	700665.00000000,3687828.00000000,701433.00000000,3688596.00000000
train	004377	lower__20201117_160543_88_2280_3B_AnalyticMS_SR_8b_clip	pm5__20201105_20201124__0119	/scrfs/storage/yikebe/home/research/AR_Crop_Identification/make_dataset/raw_sentinel/pm5/pm5__20201105_20201124__0119	2020-11-21	711417.00000000,3687828.00000000,712185.00000000,3688596.00000000
train	004393	lower__20201117_160543_88_2280_3B_AnalyticMS_SR_8b_clip	pm5__20201105_20201124__0119	/scrfs/storage/yikebe/home/research/AR_Crop_Identification/make_dataset/raw_sentinel/pm5/pm5__20201105_20201124__0119	2020-11-21	700665.00000000,3687060.00000000,701433.00000000,3687828.00000000
train	004409	lower__20201117_160543_88_2280_3B_AnalyticMS_SR_8b_clip	pm5__20201105_20201124__0119	/scrfs/storage/yikebe/home/research/AR_Crop_Identification/make_dataset/raw_sentinel/pm5/pm5__20201105_20201124__0119	2020-11-21	701433.00000000,3687060.00000000,702201.00000000,3687828.00000000
train	004425	lower__20201117_160543_88_2280_3B_AnalyticMS_SR_8b_clip	pm5__20201105_20201124__0119	/scrfs/storage/yikebe/home/research/AR_Crop_Identification/make_dataset/raw_sentinel/pm5/pm5__20201105_20201124__0119	2020-11-21	702201.00000000,3687060.00000000,702969.00000000,3687828.00000000
train	004441	lower__20201117_160543_88_2280_3B_AnalyticMS_SR_8b_clip	pm5__20201105_20201124__0119	/scrfs/storage/yikebe/home/research/AR_Crop_Identification/make_dataset/raw_sentinel/pm5/pm5__20201105_20201124__0119	2020-11-21	700665.00000000,3686292.00000000,701433.00000000,3687060.00000000
train	004457	lower__20201117_160543_88_2280_3B_AnalyticMS_SR_8b_clip	pm5__20201105_20201124__0119	/scrfs/storage/yikebe/home/research/AR_Crop_Identification/make_dataset/raw_sentinel/pm5/pm5__20201105_20201124__0119	2020-11-21	702201.00000000,3686292.00000000,702969.00000000,3687060.00000000
train	004473	lower__20201117_160543_88_2280_3B_AnalyticMS_SR_8b_clip	pm5__20201105_20201124__0119	/scrfs/storage/yikebe/home/research/AR_Crop_Identification/make_dataset/raw_sentinel/pm5/pm5__20201105_20201124__0119	2020-11-21	709881.00000000,3685524.00000000,710649.00000000,3686292.00000000
train	004489	lower__20201117_160543_88_2280_3B_AnalyticMS_SR_8b_clip	pm5__20201105_20201124__0119	/scrfs/storage/yikebe/home/research/AR_Crop_Identification/make_dataset/raw_sentinel/pm5/pm5__20201105_20201124__0119	2020-11-21	701433.00000000,3684756.00000000,702201.00000000,3685524.00000000
train	004505	lower__20201117_160543_88_2280_3B_AnalyticMS_SR_8b_clip	pm5__20201105_20201124__0119	/scrfs/storage/yikebe/home/research/AR_Crop_Identification/make_dataset/raw_sentinel/pm5/pm5__20201105_20201124__0119	2020-11-21	709881.00000000,3684756.00000000,710649.00000000,3685524.00000000
train	004521	lower__20201117_160543_88_2280_3B_AnalyticMS_SR_8b_clip	pm5__20201105_20201124__0119	/scrfs/storage/yikebe/home/research/AR_Crop_Identification/make_dataset/raw_sentinel/pm5/pm5__20201105_20201124__0119	2020-11-21	701433.00000000,3683988.00000000,702201.00000000,3684756.00000000
train	004537	lower__20201117_160543_88_2280_3B_AnalyticMS_SR_8b_clip	pm5__20201105_20201124__0119	/scrfs/storage/yikebe/home/research/AR_Crop_Identification/make_dataset/raw_sentinel/pm5/pm5__20201105_20201124__0119	2020-11-21	701433.00000000,3681684.00000000,702201.00000000,3682452.00000000
train	004553	lower__20201117_160543_88_2280_3B_AnalyticMS_SR_8b_clip	pm5__20201105_20201124__0119	/scrfs/storage/yikebe/home/research/AR_Crop_Identification/make_dataset/raw_sentinel/pm5/pm5__20201105_20201124__0119	2020-11-21	703737.00000000,3681684.00000000,704505.00000000,3682452.00000000
train	004569	lower__20201117_160543_88_2280_3B_AnalyticMS_SR_8b_clip	pm5__20201105_20201124__0119	/scrfs/storage/yikebe/home/research/AR_Crop_Identification/make_dataset/raw_sentinel/pm5/pm5__20201105_20201124__0119	2020-11-21	703737.00000000,3680916.00000000,704505.00000000,3681684.00000000
train	004585	lower__20201117_160543_88_2280_3B_AnalyticMS_SR_8b_clip	pm5__20201105_20201124__0119	/scrfs/storage/yikebe/home/research/AR_Crop_Identification/make_dataset/raw_sentinel/pm5/pm5__20201105_20201124__0119	2020-11-21	702969.00000000,3678612.00000000,703737.00000000,3679380.00000000
train	004601	lower__20201117_160543_88_2280_3B_AnalyticMS_SR_8b_clip	pm5__20201105_20201124__0119	/scrfs/storage/yikebe/home/research/AR_Crop_Identification/make_dataset/raw_sentinel/pm5/pm5__20201105_20201124__0119	2020-11-21	726777.00000000,3677844.00000000,727545.00000000,3678612.00000000
train	004617	lower__20201117_160543_88_2280_3B_AnalyticMS_SR_8b_clip	pm5__20201105_20201124__0119	/scrfs/storage/yikebe/home/research/AR_Crop_Identification/make_dataset/raw_sentinel/pm5/pm5__20201105_20201124__0119	2020-11-21	730617.00000000,3677844.00000000,731385.00000000,3678612.00000000
train	004633	lower__20201117_160543_88_2280_3B_AnalyticMS_SR_8b_clip	pm5__20201105_20201124__0119	/scrfs/storage/yikebe/home/research/AR_Crop_Identification/make_dataset/raw_sentinel/pm5/pm5__20201105_20201124__0119	2020-11-21	702201.00000000,3677076.00000000,702969.00000000,3677844.00000000
train	004649	lower__20201117_160543_88_2280_3B_AnalyticMS_SR_8b_clip	pm5__20201105_20201124__0119	/scrfs/storage/yikebe/home/research/AR_Crop_Identification/make_dataset/raw_sentinel/pm5/pm5__20201105_20201124__0119	2020-11-21	702201.00000000,3676308.00000000,702969.00000000,3677076.00000000
train	004665	lower__20201117_160543_88_2280_3B_AnalyticMS_SR_8b_clip	pm5__20201105_20201124__0119	/scrfs/storage/yikebe/home/research/AR_Crop_Identification/make_dataset/raw_sentinel/pm5/pm5__20201105_20201124__0119	2020-11-21	701433.00000000,3675540.00000000,702201.00000000,3676308.00000000
train	004681	lower__20201117_160543_88_2280_3B_AnalyticMS_SR_8b_clip	pm5__20201105_20201124__0119	/scrfs/storage/yikebe/home/research/AR_Crop_Identification/make_dataset/raw_sentinel/pm5/pm5__20201105_20201124__0119	2020-11-21	726777.00000000,3674772.00000000,727545.00000000,3675540.00000000
train	004697	lower__20201117_160543_88_2280_3B_AnalyticMS_SR_8b_clip	pm5__20201105_20201124__0119	/scrfs/storage/yikebe/home/research/AR_Crop_Identification/make_dataset/raw_sentinel/pm5/pm5__20201105_20201124__0119	2020-11-21	711417.00000000,3674004.00000000,712185.00000000,3674772.00000000
train	004713	lower__20201117_160543_88_2280_3B_AnalyticMS_SR_8b_clip	pm5__20201105_20201124__0119	/scrfs/storage/yikebe/home/research/AR_Crop_Identification/make_dataset/raw_sentinel/pm5/pm5__20201105_20201124__0119	2020-11-21	711417.00000000,3673236.00000000,712185.00000000,3674004.00000000
train	004729	lower__20201117_160543_88_2280_3B_AnalyticMS_SR_8b_clip	pm5__20201105_20201124__0119	/scrfs/storage/yikebe/home/research/AR_Crop_Identification/make_dataset/raw_sentinel/pm5/pm5__20201105_20201124__0119	2020-11-21	707577.00000000,3672468.00000000,708345.00000000,3673236.00000000
train	004745	lower__20201117_160543_88_2280_3B_AnalyticMS_SR_8b_clip	pm5__20201105_20201124__0119	/scrfs/storage/yikebe/home/research/AR_Crop_Identification/make_dataset/raw_sentinel/pm5/pm5__20201105_20201124__0119	2020-11-21	710649.00000000,3671700.00000000,711417.00000000,3672468.00000000
train	004761	lower__20201118_160722_31_2278_3B_AnalyticMS_SR_8b_clip	pm5__20201105_20201124__0065	/scrfs/storage/yikebe/home/research/AR_Crop_Identification/make_dataset/raw_sentinel/pm5/pm5__20201105_20201124__0065	2020-11-19	601338.00000000,3779313.00000000,602106.00000000,3780081.00000000
train	004777	lower__20201118_160722_31_2278_3B_AnalyticMS_SR_8b_clip	pm5__20201105_20201124__0065	/scrfs/storage/yikebe/home/research/AR_Crop_Identification/make_dataset/raw_sentinel/pm5/pm5__20201105_20201124__0065	2020-11-19	602874.00000000,3779313.00000000,603642.00000000,3780081.00000000
train	004793	lower__20201118_160722_31_2278_3B_AnalyticMS_SR_8b_clip	pm5__20201105_20201124__0065	/scrfs/storage/yikebe/home/research/AR_Crop_Identification/make_dataset/raw_sentinel/pm5/pm5__20201105_20201124__0065	2020-11-19	604410.00000000,3779313.00000000,605178.00000000,3780081.00000000
train	004809	lower__20201118_160722_31_2278_3B_AnalyticMS_SR_8b_clip	pm5__20201105_20201124__0065	/scrfs/storage/yikebe/home/research/AR_Crop_Identification/make_dataset/raw_sentinel/pm5/pm5__20201105_20201124__0065	2020-11-19	605178.00000000,3779313.00000000,605946.00000000,3780081.00000000
train	004825	lower__20201118_160722_31_2278_3B_AnalyticMS_SR_8b_clip	pm5__20201105_20201124__0065	/scrfs/storage/yikebe/home/research/AR_Crop_Identification/make_dataset/raw_sentinel/pm5/pm5__20201105_20201124__0065	2020-11-19	605946.00000000,3779313.00000000,606714.00000000,3780081.00000000
train	004841	lower__20201118_160722_31_2278_3B_AnalyticMS_SR_8b_clip	pm5__20201105_20201124__0065	/scrfs/storage/yikebe/home/research/AR_Crop_Identification/make_dataset/raw_sentinel/pm5/pm5__20201105_20201124__0065	2020-11-19	602106.00000000,3778545.00000000,602874.00000000,3779313.00000000
train	004857	lower__20201118_160722_31_2278_3B_AnalyticMS_SR_8b_clip	pm5__20201105_20201124__0065	/scrfs/storage/yikebe/home/research/AR_Crop_Identification/make_dataset/raw_sentinel/pm5/pm5__20201105_20201124__0065	2020-11-19	605178.00000000,3778545.00000000,605946.00000000,3779313.00000000
train	004873	lower__20201118_160722_31_2278_3B_AnalyticMS_SR_8b_clip	pm5__20201105_20201124__0065	/scrfs/storage/yikebe/home/research/AR_Crop_Identification/make_dataset/raw_sentinel/pm5/pm5__20201105_20201124__0065	2020-11-19	605946.00000000,3778545.00000000,606714.00000000,3779313.00000000
train	004889	lower__20201118_160722_31_2278_3B_AnalyticMS_SR_8b_clip	pm5__20201105_20201124__0065	/scrfs/storage/yikebe/home/research/AR_Crop_Identification/make_dataset/raw_sentinel/pm5/pm5__20201105_20201124__0065	2020-11-19	605178.00000000,3777777.00000000,605946.00000000,3778545.00000000
train	004905	lower__20201118_160722_31_2278_3B_AnalyticMS_SR_8b_clip	pm5__20201105_20201124__0065	/scrfs/storage/yikebe/home/research/AR_Crop_Identification/make_dataset/raw_sentinel/pm5/pm5__20201105_20201124__0065	2020-11-19	605946.00000000,3777777.00000000,606714.00000000,3778545.00000000
train	004921	lower__20201118_160722_31_2278_3B_AnalyticMS_SR_8b_clip	pm5__20201105_20201124__0065	/scrfs/storage/yikebe/home/research/AR_Crop_Identification/make_dataset/raw_sentinel/pm5/pm5__20201105_20201124__0065	2020-11-19	606714.00000000,3777777.00000000,607482.00000000,3778545.00000000
train	004937	lower__20201118_160722_31_2278_3B_AnalyticMS_SR_8b_clip	pm5__20201105_20201124__0065	/scrfs/storage/yikebe/home/research/AR_Crop_Identification/make_dataset/raw_sentinel/pm5/pm5__20201105_20201124__0065	2020-11-19	605946.00000000,3777009.00000000,606714.00000000,3777777.00000000
train	004953	lower__20201118_160722_31_2278_3B_AnalyticMS_SR_8b_clip	pm5__20201105_20201124__0065	/scrfs/storage/yikebe/home/research/AR_Crop_Identification/make_dataset/raw_sentinel/pm5/pm5__20201105_20201124__0065	2020-11-19	618234.00000000,3776241.00000000,619002.00000000,3777009.00000000
train	004969	lower__20201118_160722_31_2278_3B_AnalyticMS_SR_8b_clip	pm5__20201105_20201124__0065	/scrfs/storage/yikebe/home/research/AR_Crop_Identification/make_dataset/raw_sentinel/pm5/pm5__20201105_20201124__0065	2020-11-19	606714.00000000,3775473.00000000,607482.00000000,3776241.00000000
train	004985	lower__20201118_160722_31_2278_3B_AnalyticMS_SR_8b_clip	pm5__20201105_20201124__0065	/scrfs/storage/yikebe/home/research/AR_Crop_Identification/make_dataset/raw_sentinel/pm5/pm5__20201105_20201124__0065	2020-11-19	608250.00000000,3775473.00000000,609018.00000000,3776241.00000000
train	005001	lower__20201118_160722_31_2278_3B_AnalyticMS_SR_8b_clip	pm5__20201105_20201124__0065	/scrfs/storage/yikebe/home/research/AR_Crop_Identification/make_dataset/raw_sentinel/pm5/pm5__20201105_20201124__0065	2020-11-19	612858.00000000,3775473.00000000,613626.00000000,3776241.00000000
train	005017	lower__20201118_160722_31_2278_3B_AnalyticMS_SR_8b_clip	pm5__20201105_20201124__0065	/scrfs/storage/yikebe/home/research/AR_Crop_Identification/make_dataset/raw_sentinel/pm5/pm5__20201105_20201124__0065	2020-11-19	612858.00000000,3774705.00000000,613626.00000000,3775473.00000000
train	005033	lower__20201118_160722_31_2278_3B_AnalyticMS_SR_8b_clip	pm5__20201105_20201124__0065	/scrfs/storage/yikebe/home/research/AR_Crop_Identification/make_dataset/raw_sentinel/pm5/pm5__20201105_20201124__0065	2020-11-19	607482.00000000,3773937.00000000,608250.00000000,3774705.00000000
train	005049	lower__20201118_160722_31_2278_3B_AnalyticMS_SR_8b_clip	pm5__20201105_20201124__0065	/scrfs/storage/yikebe/home/research/AR_Crop_Identification/make_dataset/raw_sentinel/pm5/pm5__20201105_20201124__0065	2020-11-19	609018.00000000,3772401.00000000,609786.00000000,3773169.00000000
train	005065	lower__20201118_160722_31_2278_3B_AnalyticMS_SR_8b_clip	pm5__20201105_20201124__0065	/scrfs/storage/yikebe/home/research/AR_Crop_Identification/make_dataset/raw_sentinel/pm5/pm5__20201105_20201124__0065	2020-11-19	609786.00000000,3772401.00000000,610554.00000000,3773169.00000000
train	005081	lower__20201118_160722_31_2278_3B_AnalyticMS_SR_8b_clip	pm5__20201105_20201124__0065	/scrfs/storage/yikebe/home/research/AR_Crop_Identification/make_dataset/raw_sentinel/pm5/pm5__20201105_20201124__0065	2020-11-19	609786.00000000,3771633.00000000,610554.00000000,3772401.00000000
train	005097	lower__20201118_160722_31_2278_3B_AnalyticMS_SR_8b_clip	pm5__20201105_20201124__0065	/scrfs/storage/yikebe/home/research/AR_Crop_Identification/make_dataset/raw_sentinel/pm5/pm5__20201105_20201124__0065	2020-11-19	607482.00000000,3770865.00000000,608250.00000000,3771633.00000000
train	005113	lower__20201118_160722_31_2278_3B_AnalyticMS_SR_8b_clip	pm5__20201105_20201124__0065	/scrfs/storage/yikebe/home/research/AR_Crop_Identification/make_dataset/raw_sentinel/pm5/pm5__20201105_20201124__0065	2020-11-19	606714.00000000,3770097.00000000,607482.00000000,3770865.00000000
train	005129	lower__20201118_160722_31_2278_3B_AnalyticMS_SR_8b_clip	pm5__20201105_20201124__0065	/scrfs/storage/yikebe/home/research/AR_Crop_Identification/make_dataset/raw_sentinel/pm5/pm5__20201105_20201124__0065	2020-11-19	615930.00000000,3769329.00000000,616698.00000000,3770097.00000000
train	005145	lower__20201118_160722_31_2278_3B_AnalyticMS_SR_8b_clip	pm5__20201105_20201124__0065	/scrfs/storage/yikebe/home/research/AR_Crop_Identification/make_dataset/raw_sentinel/pm5/pm5__20201105_20201124__0065	2020-11-19	615930.00000000,3768561.00000000,616698.00000000,3769329.00000000
train	005161	lower__20201118_160722_31_2278_3B_AnalyticMS_SR_8b_clip	pm5__20201105_20201124__0065	/scrfs/storage/yikebe/home/research/AR_Crop_Identification/make_dataset/raw_sentinel/pm5/pm5__20201105_20201124__0065	2020-11-19	616698.00000000,3768561.00000000,617466.00000000,3769329.00000000
train	005177	lower__20201118_160722_31_2278_3B_AnalyticMS_SR_8b_clip	pm5__20201105_20201124__0065	/scrfs/storage/yikebe/home/research/AR_Crop_Identification/make_dataset/raw_sentinel/pm5/pm5__20201105_20201124__0065	2020-11-19	616698.00000000,3762417.00000000,617466.00000000,3763185.00000000
train	005193	lower__20201118_164632_65_2408_3B_AnalyticMS_SR_8b_clip	pm5__20201105_20201124__0151	/scrfs/storage/yikebe/home/research/AR_Crop_Identification/make_dataset/raw_sentinel/pm5/pm5__20201105_20201124__0151	2020-11-21	764430.00000000,3684720.00000000,765198.00000000,3685488.00000000
train	005209	lower__20201118_165015_76_240c_3B_AnalyticMS_SR_8b_clip	pm5__20201105_20201124__0125	/scrfs/storage/yikebe/home/research/AR_Crop_Identification/make_dataset/raw_sentinel/pm5/pm5__20201105_20201124__0125	2020-11-21	721848.00000000,3664443.00000000,722616.00000000,3665211.00000000
train	005225	lower__20201118_165015_76_240c_3B_AnalyticMS_SR_8b_clip	pm5__20201105_20201124__0125	/scrfs/storage/yikebe/home/research/AR_Crop_Identification/make_dataset/raw_sentinel/pm5/pm5__20201105_20201124__0125	2020-11-21	721080.00000000,3663675.00000000,721848.00000000,3664443.00000000
train	005241	lower__20201118_165015_76_240c_3B_AnalyticMS_SR_8b_clip	pm5__20201105_20201124__0125	/scrfs/storage/yikebe/home/research/AR_Crop_Identification/make_dataset/raw_sentinel/pm5/pm5__20201105_20201124__0125	2020-11-21	721848.00000000,3663675.00000000,722616.00000000,3664443.00000000
train	005257	lower__20201118_165015_76_240c_3B_AnalyticMS_SR_8b_clip	pm5__20201105_20201124__0125	/scrfs/storage/yikebe/home/research/AR_Crop_Identification/make_dataset/raw_sentinel/pm5/pm5__20201105_20201124__0125	2020-11-21	730296.00000000,3659835.00000000,731064.00000000,3660603.00000000
train	005273	lower__20201118_165015_76_240c_3B_AnalyticMS_SR_8b_clip	pm5__20201105_20201124__0125	/scrfs/storage/yikebe/home/research/AR_Crop_Identification/make_dataset/raw_sentinel/pm5/pm5__20201105_20201124__0125	2020-11-21	744888.00000000,3659067.00000000,745656.00000000,3659835.00000000
train	005289	lower__20201118_165015_76_240c_3B_AnalyticMS_SR_8b_clip	pm5__20201105_20201124__0125	/scrfs/storage/yikebe/home/research/AR_Crop_Identification/make_dataset/raw_sentinel/pm5/pm5__20201105_20201124__0125	2020-11-21	721848.00000000,3654459.00000000,722616.00000000,3655227.00000000
train	005305	lower__20201118_165919_97_227b_3B_AnalyticMS_SR_8b_clip	pm5__20201105_20201124__0057	/scrfs/storage/yikebe/home/research/AR_Crop_Identification/make_dataset/raw_sentinel/pm5/pm5__20201105_20201124__0057	2020-11-19	598899.00000000,3798738.00000000,599667.00000000,3799506.00000000
train	005321	lower__20201119_160542_97_2271_3B_AnalyticMS_SR_8b_clip	pm5__20201105_20201124__0104	/scrfs/storage/yikebe/home/research/AR_Crop_Identification/make_dataset/raw_sentinel/pm5/pm5__20201105_20201124__0104	2020-11-19	674853.00000000,3814227.00000000,675621.00000000,3814995.00000000
train	005337	lower__20201119_160542_97_2271_3B_AnalyticMS_SR_8b_clip	pm5__20201105_20201124__0104	/scrfs/storage/yikebe/home/research/AR_Crop_Identification/make_dataset/raw_sentinel/pm5/pm5__20201105_20201124__0104	2020-11-19	668709.00000000,3802707.00000000,669477.00000000,3803475.00000000
train	005353	lower__20201119_160542_97_2271_3B_AnalyticMS_SR_8b_clip	pm5__20201105_20201124__0104	/scrfs/storage/yikebe/home/research/AR_Crop_Identification/make_dataset/raw_sentinel/pm5/pm5__20201105_20201124__0104	2020-11-19	680997.00000000,3798099.00000000,681765.00000000,3798867.00000000
train	005369	lower__20201119_164754_59_240a_3B_AnalyticMS_SR_8b_clip	pm5__20201105_20201124__0133	/scrfs/storage/yikebe/home/research/AR_Crop_Identification/make_dataset/raw_sentinel/pm5/pm5__20201105_20201124__0133	2020-11-21	743985.00000000,3737472.00000000,744753.00000000,3738240.00000000
train	005385	lower__20201119_164754_59_240a_3B_AnalyticMS_SR_8b_clip	pm5__20201105_20201124__0133	/scrfs/storage/yikebe/home/research/AR_Crop_Identification/make_dataset/raw_sentinel/pm5/pm5__20201105_20201124__0133	2020-11-21	745521.00000000,3737472.00000000,746289.00000000,3738240.00000000
train	005401	lower__20201119_164754_59_240a_3B_AnalyticMS_SR_8b_clip	pm5__20201105_20201124__0133	/scrfs/storage/yikebe/home/research/AR_Crop_Identification/make_dataset/raw_sentinel/pm5/pm5__20201105_20201124__0133	2020-11-21	742449.00000000,3736704.00000000,743217.00000000,3737472.00000000
train	005417	lower__20201119_164754_59_240a_3B_AnalyticMS_SR_8b_clip	pm5__20201105_20201124__0133	/scrfs/storage/yikebe/home/research/AR_Crop_Identification/make_dataset/raw_sentinel/pm5/pm5__20201105_20201124__0133	2020-11-21	743217.00000000,3736704.00000000,743985.00000000,3737472.00000000
train	005433	lower__20201119_164754_59_240a_3B_AnalyticMS_SR_8b_clip	pm5__20201105_20201124__0133	/scrfs/storage/yikebe/home/research/AR_Crop_Identification/make_dataset/raw_sentinel/pm5/pm5__20201105_20201124__0133	2020-11-21	743985.00000000,3736704.00000000,744753.00000000,3737472.00000000
train	005449	lower__20201119_164754_59_240a_3B_AnalyticMS_SR_8b_clip	pm5__20201105_20201124__0133	/scrfs/storage/yikebe/home/research/AR_Crop_Identification/make_dataset/raw_sentinel/pm5/pm5__20201105_20201124__0133	2020-11-21	741681.00000000,3735936.00000000,742449.00000000,3736704.00000000
train	005465	lower__20201119_164754_59_240a_3B_AnalyticMS_SR_8b_clip	pm5__20201105_20201124__0133	/scrfs/storage/yikebe/home/research/AR_Crop_Identification/make_dataset/raw_sentinel/pm5/pm5__20201105_20201124__0133	2020-11-21	742449.00000000,3735936.00000000,743217.00000000,3736704.00000000
train	005481	lower__20201119_164754_59_240a_3B_AnalyticMS_SR_8b_clip	pm5__20201105_20201124__0133	/scrfs/storage/yikebe/home/research/AR_Crop_Identification/make_dataset/raw_sentinel/pm5/pm5__20201105_20201124__0133	2020-11-21	740145.00000000,3735168.00000000,740913.00000000,3735936.00000000
train	005497	lower__20201119_164754_59_240a_3B_AnalyticMS_SR_8b_clip	pm5__20201105_20201124__0133	/scrfs/storage/yikebe/home/research/AR_Crop_Identification/make_dataset/raw_sentinel/pm5/pm5__20201105_20201124__0133	2020-11-21	741681.00000000,3735168.00000000,742449.00000000,3735936.00000000
train	005513	lower__20201119_164754_59_240a_3B_AnalyticMS_SR_8b_clip	pm5__20201105_20201124__0133	/scrfs/storage/yikebe/home/research/AR_Crop_Identification/make_dataset/raw_sentinel/pm5/pm5__20201105_20201124__0133	2020-11-21	742449.00000000,3735168.00000000,743217.00000000,3735936.00000000
train	005529	lower__20201119_164754_59_240a_3B_AnalyticMS_SR_8b_clip	pm5__20201105_20201124__0133	/scrfs/storage/yikebe/home/research/AR_Crop_Identification/make_dataset/raw_sentinel/pm5/pm5__20201105_20201124__0133	2020-11-21	743217.00000000,3733632.00000000,743985.00000000,3734400.00000000
train	005545	lower__20201119_164754_59_240a_3B_AnalyticMS_SR_8b_clip	pm5__20201105_20201124__0133	/scrfs/storage/yikebe/home/research/AR_Crop_Identification/make_dataset/raw_sentinel/pm5/pm5__20201105_20201124__0133	2020-11-21	762417.00000000,3733632.00000000,763185.00000000,3734400.00000000
train	005561	lower__20201119_164754_59_240a_3B_AnalyticMS_SR_8b_clip	pm5__20201105_20201124__0133	/scrfs/storage/yikebe/home/research/AR_Crop_Identification/make_dataset/raw_sentinel/pm5/pm5__20201105_20201124__0133	2020-11-21	750129.00000000,3732864.00000000,750897.00000000,3733632.00000000
train	005577	lower__20201119_164754_59_240a_3B_AnalyticMS_SR_8b_clip	pm5__20201105_20201124__0133	/scrfs/storage/yikebe/home/research/AR_Crop_Identification/make_dataset/raw_sentinel/pm5/pm5__20201105_20201124__0133	2020-11-21	753969.00000000,3731328.00000000,754737.00000000,3732096.00000000
train	005593	lower__20201119_164754_59_240a_3B_AnalyticMS_SR_8b_clip	pm5__20201105_20201124__0133	/scrfs/storage/yikebe/home/research/AR_Crop_Identification/make_dataset/raw_sentinel/pm5/pm5__20201105_20201124__0133	2020-11-21	753201.00000000,3730560.00000000,753969.00000000,3731328.00000000
train	005609	lower__20201119_164754_59_240a_3B_AnalyticMS_SR_8b_clip	pm5__20201105_20201124__0133	/scrfs/storage/yikebe/home/research/AR_Crop_Identification/make_dataset/raw_sentinel/pm5/pm5__20201105_20201124__0133	2020-11-21	753969.00000000,3730560.00000000,754737.00000000,3731328.00000000
train	005625	lower__20201119_164754_59_240a_3B_AnalyticMS_SR_8b_clip	pm5__20201105_20201124__0133	/scrfs/storage/yikebe/home/research/AR_Crop_Identification/make_dataset/raw_sentinel/pm5/pm5__20201105_20201124__0133	2020-11-21	754737.00000000,3730560.00000000,755505.00000000,3731328.00000000
train	005641	lower__20201119_164754_59_240a_3B_AnalyticMS_SR_8b_clip	pm5__20201105_20201124__0133	/scrfs/storage/yikebe/home/research/AR_Crop_Identification/make_dataset/raw_sentinel/pm5/pm5__20201105_20201124__0133	2020-11-21	750897.00000000,3729792.00000000,751665.00000000,3730560.00000000
train	005657	lower__20201119_164754_59_240a_3B_AnalyticMS_SR_8b_clip	pm5__20201105_20201124__0133	/scrfs/storage/yikebe/home/research/AR_Crop_Identification/make_dataset/raw_sentinel/pm5/pm5__20201105_20201124__0133	2020-11-21	751665.00000000,3729792.00000000,752433.00000000,3730560.00000000
train	005673	lower__20201119_164754_59_240a_3B_AnalyticMS_SR_8b_clip	pm5__20201105_20201124__0133	/scrfs/storage/yikebe/home/research/AR_Crop_Identification/make_dataset/raw_sentinel/pm5/pm5__20201105_20201124__0133	2020-11-21	752433.00000000,3729792.00000000,753201.00000000,3730560.00000000
train	005689	lower__20201119_164754_59_240a_3B_AnalyticMS_SR_8b_clip	pm5__20201105_20201124__0133	/scrfs/storage/yikebe/home/research/AR_Crop_Identification/make_dataset/raw_sentinel/pm5/pm5__20201105_20201124__0133	2020-11-21	753201.00000000,3729792.00000000,753969.00000000,3730560.00000000
train	005705	lower__20201119_164754_59_240a_3B_AnalyticMS_SR_8b_clip	pm5__20201105_20201124__0133	/scrfs/storage/yikebe/home/research/AR_Crop_Identification/make_dataset/raw_sentinel/pm5/pm5__20201105_20201124__0133	2020-11-21	741681.00000000,3728256.00000000,742449.00000000,3729024.00000000
train	005721	lower__20201119_164754_59_240a_3B_AnalyticMS_SR_8b_clip	pm5__20201105_20201124__0133	/scrfs/storage/yikebe/home/research/AR_Crop_Identification/make_dataset/raw_sentinel/pm5/pm5__20201105_20201124__0133	2020-11-21	741681.00000000,3727488.00000000,742449.00000000,3728256.00000000
train	005737	lower__20201119_164754_59_240a_3B_AnalyticMS_SR_8b_clip	pm5__20201105_20201124__0133	/scrfs/storage/yikebe/home/research/AR_Crop_Identification/make_dataset/raw_sentinel/pm5/pm5__20201105_20201124__0133	2020-11-21	741681.00000000,3726720.00000000,742449.00000000,3727488.00000000
train	005753	lower__20201119_164754_59_240a_3B_AnalyticMS_SR_8b_clip	pm5__20201105_20201124__0133	/scrfs/storage/yikebe/home/research/AR_Crop_Identification/make_dataset/raw_sentinel/pm5/pm5__20201105_20201124__0133	2020-11-21	741681.00000000,3725952.00000000,742449.00000000,3726720.00000000
train	005769	lower__20201119_164754_59_240a_3B_AnalyticMS_SR_8b_clip	pm5__20201105_20201124__0133	/scrfs/storage/yikebe/home/research/AR_Crop_Identification/make_dataset/raw_sentinel/pm5/pm5__20201105_20201124__0133	2020-11-21	741681.00000000,3725184.00000000,742449.00000000,3725952.00000000
train	005785	lower__20201119_164754_59_240a_3B_AnalyticMS_SR_8b_clip	pm5__20201105_20201124__0133	/scrfs/storage/yikebe/home/research/AR_Crop_Identification/make_dataset/raw_sentinel/pm5/pm5__20201105_20201124__0133	2020-11-21	753201.00000000,3724416.00000000,753969.00000000,3725184.00000000
train	005801	lower__20201119_164754_59_240a_3B_AnalyticMS_SR_8b_clip	pm5__20201105_20201124__0133	/scrfs/storage/yikebe/home/research/AR_Crop_Identification/make_dataset/raw_sentinel/pm5/pm5__20201105_20201124__0133	2020-11-21	744753.00000000,3723648.00000000,745521.00000000,3724416.00000000
train	005817	lower__20201119_164754_59_240a_3B_AnalyticMS_SR_8b_clip	pm5__20201105_20201124__0133	/scrfs/storage/yikebe/home/research/AR_Crop_Identification/make_dataset/raw_sentinel/pm5/pm5__20201105_20201124__0133	2020-11-21	751665.00000000,3723648.00000000,752433.00000000,3724416.00000000
train	005833	lower__20201119_164754_59_240a_3B_AnalyticMS_SR_8b_clip	pm5__20201105_20201124__0133	/scrfs/storage/yikebe/home/research/AR_Crop_Identification/make_dataset/raw_sentinel/pm5/pm5__20201105_20201124__0133	2020-11-21	752433.00000000,3723648.00000000,753201.00000000,3724416.00000000
train	005849	lower__20201119_164754_59_240a_3B_AnalyticMS_SR_8b_clip	pm5__20201105_20201124__0133	/scrfs/storage/yikebe/home/research/AR_Crop_Identification/make_dataset/raw_sentinel/pm5/pm5__20201105_20201124__0133	2020-11-21	760113.00000000,3723648.00000000,760881.00000000,3724416.00000000
train	005865	lower__20201119_164754_59_240a_3B_AnalyticMS_SR_8b_clip	pm5__20201105_20201124__0133	/scrfs/storage/yikebe/home/research/AR_Crop_Identification/make_dataset/raw_sentinel/pm5/pm5__20201105_20201124__0133	2020-11-21	752433.00000000,3722880.00000000,753201.00000000,3723648.00000000
train	005881	lower__20201119_164754_59_240a_3B_AnalyticMS_SR_8b_clip	pm5__20201105_20201124__0133	/scrfs/storage/yikebe/home/research/AR_Crop_Identification/make_dataset/raw_sentinel/pm5/pm5__20201105_20201124__0133	2020-11-21	753201.00000000,3722880.00000000,753969.00000000,3723648.00000000
train	005897	lower__20201119_164754_59_240a_3B_AnalyticMS_SR_8b_clip	pm5__20201105_20201124__0133	/scrfs/storage/yikebe/home/research/AR_Crop_Identification/make_dataset/raw_sentinel/pm5/pm5__20201105_20201124__0133	2020-11-21	740913.00000000,3722112.00000000,741681.00000000,3722880.00000000
train	005913	lower__20201119_164754_59_240a_3B_AnalyticMS_SR_8b_clip	pm5__20201105_20201124__0133	/scrfs/storage/yikebe/home/research/AR_Crop_Identification/make_dataset/raw_sentinel/pm5/pm5__20201105_20201124__0133	2020-11-21	752433.00000000,3722112.00000000,753201.00000000,3722880.00000000
train	005929	lower__20201119_164754_59_240a_3B_AnalyticMS_SR_8b_clip	pm5__20201105_20201124__0133	/scrfs/storage/yikebe/home/research/AR_Crop_Identification/make_dataset/raw_sentinel/pm5/pm5__20201105_20201124__0133	2020-11-21	740145.00000000,3721344.00000000,740913.00000000,3722112.00000000
train	005945	lower__20201119_164754_59_240a_3B_AnalyticMS_SR_8b_clip	pm5__20201105_20201124__0133	/scrfs/storage/yikebe/home/research/AR_Crop_Identification/make_dataset/raw_sentinel/pm5/pm5__20201105_20201124__0133	2020-11-21	740913.00000000,3721344.00000000,741681.00000000,3722112.00000000
train	005961	lower__20201119_164754_59_240a_3B_AnalyticMS_SR_8b_clip	pm5__20201105_20201124__0133	/scrfs/storage/yikebe/home/research/AR_Crop_Identification/make_dataset/raw_sentinel/pm5/pm5__20201105_20201124__0133	2020-11-21	741681.00000000,3720576.00000000,742449.00000000,3721344.00000000
train	005977	lower__20201119_164754_59_240a_3B_AnalyticMS_SR_8b_clip	pm5__20201105_20201124__0133	/scrfs/storage/yikebe/home/research/AR_Crop_Identification/make_dataset/raw_sentinel/pm5/pm5__20201105_20201124__0133	2020-11-21	750129.00000000,3720576.00000000,750897.00000000,3721344.00000000
train	005993	lower__20201119_164754_59_240a_3B_AnalyticMS_SR_8b_clip	pm5__20201105_20201124__0133	/scrfs/storage/yikebe/home/research/AR_Crop_Identification/make_dataset/raw_sentinel/pm5/pm5__20201105_20201124__0133	2020-11-21	753969.00000000,3720576.00000000,754737.00000000,3721344.00000000
train	006009	lower__20201119_164754_59_240a_3B_AnalyticMS_SR_8b_clip	pm5__20201105_20201124__0133	/scrfs/storage/yikebe/home/research/AR_Crop_Identification/make_dataset/raw_sentinel/pm5/pm5__20201105_20201124__0133	2020-11-21	758577.00000000,3720576.00000000,759345.00000000,3721344.00000000
train	006025	lower__20201119_164754_59_240a_3B_AnalyticMS_SR_8b_clip	pm5__20201105_20201124__0133	/scrfs/storage/yikebe/home/research/AR_Crop_Identification/make_dataset/raw_sentinel/pm5/pm5__20201105_20201124__0133	2020-11-21	742449.00000000,3719808.00000000,743217.00000000,3720576.00000000
train	006041	lower__20201119_164754_59_240a_3B_AnalyticMS_SR_8b_clip	pm5__20201105_20201124__0133	/scrfs/storage/yikebe/home/research/AR_Crop_Identification/make_dataset/raw_sentinel/pm5/pm5__20201105_20201124__0133	2020-11-21	743985.00000000,3719808.00000000,744753.00000000,3720576.00000000
train	006057	lower__20201119_164754_59_240a_3B_AnalyticMS_SR_8b_clip	pm5__20201105_20201124__0133	/scrfs/storage/yikebe/home/research/AR_Crop_Identification/make_dataset/raw_sentinel/pm5/pm5__20201105_20201124__0133	2020-11-21	744753.00000000,3719808.00000000,745521.00000000,3720576.00000000
train	006073	lower__20201119_164754_59_240a_3B_AnalyticMS_SR_8b_clip	pm5__20201105_20201124__0133	/scrfs/storage/yikebe/home/research/AR_Crop_Identification/make_dataset/raw_sentinel/pm5/pm5__20201105_20201124__0133	2020-11-21	751665.00000000,3719808.00000000,752433.00000000,3720576.00000000
train	006089	lower__20201119_164754_59_240a_3B_AnalyticMS_SR_8b_clip	pm5__20201105_20201124__0133	/scrfs/storage/yikebe/home/research/AR_Crop_Identification/make_dataset/raw_sentinel/pm5/pm5__20201105_20201124__0133	2020-11-21	743985.00000000,3719040.00000000,744753.00000000,3719808.00000000
train	006105	lower__20201119_164754_59_240a_3B_AnalyticMS_SR_8b_clip	pm5__20201105_20201124__0133	/scrfs/storage/yikebe/home/research/AR_Crop_Identification/make_dataset/raw_sentinel/pm5/pm5__20201105_20201124__0133	2020-11-21	744753.00000000,3719040.00000000,745521.00000000,3719808.00000000
train	006121	lower__20201119_164754_59_240a_3B_AnalyticMS_SR_8b_clip	pm5__20201105_20201124__0133	/scrfs/storage/yikebe/home/research/AR_Crop_Identification/make_dataset/raw_sentinel/pm5/pm5__20201105_20201124__0133	2020-11-21	745521.00000000,3719040.00000000,746289.00000000,3719808.00000000
train	006137	lower__20201119_164754_59_240a_3B_AnalyticMS_SR_8b_clip	pm5__20201105_20201124__0133	/scrfs/storage/yikebe/home/research/AR_Crop_Identification/make_dataset/raw_sentinel/pm5/pm5__20201105_20201124__0133	2020-11-21	751665.00000000,3719040.00000000,752433.00000000,3719808.00000000
train	006153	lower__20201119_164754_59_240a_3B_AnalyticMS_SR_8b_clip	pm5__20201105_20201124__0133	/scrfs/storage/yikebe/home/research/AR_Crop_Identification/make_dataset/raw_sentinel/pm5/pm5__20201105_20201124__0133	2020-11-21	740145.00000000,3718272.00000000,740913.00000000,3719040.00000000
train	006169	lower__20201119_164754_59_240a_3B_AnalyticMS_SR_8b_clip	pm5__20201105_20201124__0133	/scrfs/storage/yikebe/home/research/AR_Crop_Identification/make_dataset/raw_sentinel/pm5/pm5__20201105_20201124__0133	2020-11-21	744753.00000000,3718272.00000000,745521.00000000,3719040.00000000
train	006185	lower__20201119_164754_59_240a_3B_AnalyticMS_SR_8b_clip	pm5__20201105_20201124__0133	/scrfs/storage/yikebe/home/research/AR_Crop_Identification/make_dataset/raw_sentinel/pm5/pm5__20201105_20201124__0133	2020-11-21	745521.00000000,3718272.00000000,746289.00000000,3719040.00000000
train	006201	lower__20201119_164754_59_240a_3B_AnalyticMS_SR_8b_clip	pm5__20201105_20201124__0133	/scrfs/storage/yikebe/home/research/AR_Crop_Identification/make_dataset/raw_sentinel/pm5/pm5__20201105_20201124__0133	2020-11-21	746289.00000000,3718272.00000000,747057.00000000,3719040.00000000
train	006217	lower__20201119_164754_59_240a_3B_AnalyticMS_SR_8b_clip	pm5__20201105_20201124__0133	/scrfs/storage/yikebe/home/research/AR_Crop_Identification/make_dataset/raw_sentinel/pm5/pm5__20201105_20201124__0133	2020-11-21	752433.00000000,3718272.00000000,753201.00000000,3719040.00000000
train	006233	lower__20201119_164754_59_240a_3B_AnalyticMS_SR_8b_clip	pm5__20201105_20201124__0133	/scrfs/storage/yikebe/home/research/AR_Crop_Identification/make_dataset/raw_sentinel/pm5/pm5__20201105_20201124__0133	2020-11-21	757041.00000000,3718272.00000000,757809.00000000,3719040.00000000
train	006249	lower__20201119_164754_59_240a_3B_AnalyticMS_SR_8b_clip	pm5__20201105_20201124__0133	/scrfs/storage/yikebe/home/research/AR_Crop_Identification/make_dataset/raw_sentinel/pm5/pm5__20201105_20201124__0133	2020-11-21	744753.00000000,3717504.00000000,745521.00000000,3718272.00000000
train	006265	lower__20201119_164754_59_240a_3B_AnalyticMS_SR_8b_clip	pm5__20201105_20201124__0133	/scrfs/storage/yikebe/home/research/AR_Crop_Identification/make_dataset/raw_sentinel/pm5/pm5__20201105_20201124__0133	2020-11-21	746289.00000000,3717504.00000000,747057.00000000,3718272.00000000
train	006281	lower__20201119_164754_59_240a_3B_AnalyticMS_SR_8b_clip	pm5__20201105_20201124__0133	/scrfs/storage/yikebe/home/research/AR_Crop_Identification/make_dataset/raw_sentinel/pm5/pm5__20201105_20201124__0133	2020-11-21	747057.00000000,3717504.00000000,747825.00000000,3718272.00000000
train	006297	lower__20201119_164754_59_240a_3B_AnalyticMS_SR_8b_clip	pm5__20201105_20201124__0133	/scrfs/storage/yikebe/home/research/AR_Crop_Identification/make_dataset/raw_sentinel/pm5/pm5__20201105_20201124__0133	2020-11-21	753201.00000000,3717504.00000000,753969.00000000,3718272.00000000
train	006313	lower__20201119_164754_59_240a_3B_AnalyticMS_SR_8b_clip	pm5__20201105_20201124__0133	/scrfs/storage/yikebe/home/research/AR_Crop_Identification/make_dataset/raw_sentinel/pm5/pm5__20201105_20201124__0133	2020-11-21	749361.00000000,3715968.00000000,750129.00000000,3716736.00000000
train	006329	lower__20201119_164754_59_240a_3B_AnalyticMS_SR_8b_clip	pm5__20201105_20201124__0133	/scrfs/storage/yikebe/home/research/AR_Crop_Identification/make_dataset/raw_sentinel/pm5/pm5__20201105_20201124__0133	2020-11-21	750129.00000000,3715968.00000000,750897.00000000,3716736.00000000
train	006345	lower__20201119_164754_59_240a_3B_AnalyticMS_SR_8b_clip	pm5__20201105_20201124__0133	/scrfs/storage/yikebe/home/research/AR_Crop_Identification/make_dataset/raw_sentinel/pm5/pm5__20201105_20201124__0133	2020-11-21	754737.00000000,3715200.00000000,755505.00000000,3715968.00000000
train	006361	lower__20201119_165054_83_227b_3B_AnalyticMS_SR_8b_clip	pm5__20201105_20201124__0141	/scrfs/storage/yikebe/home/research/AR_Crop_Identification/make_dataset/raw_sentinel/pm5/pm5__20201105_20201124__0141	2020-11-21	764865.00000000,3684780.00000000,765633.00000000,3685548.00000000
train	006377	lower__20201119_165054_83_227b_3B_AnalyticMS_SR_8b_clip	pm5__20201105_20201124__0141	/scrfs/storage/yikebe/home/research/AR_Crop_Identification/make_dataset/raw_sentinel/pm5/pm5__20201105_20201124__0141	2020-11-21	764865.00000000,3684012.00000000,765633.00000000,3684780.00000000
train	006393	lower__20201119_165054_83_227b_3B_AnalyticMS_SR_8b_clip	pm5__20201105_20201124__0141	/scrfs/storage/yikebe/home/research/AR_Crop_Identification/make_dataset/raw_sentinel/pm5/pm5__20201105_20201124__0141	2020-11-21	764097.00000000,3683244.00000000,764865.00000000,3684012.00000000
train	006409	lower__20201119_165054_83_227b_3B_AnalyticMS_SR_8b_clip	pm5__20201105_20201124__0141	/scrfs/storage/yikebe/home/research/AR_Crop_Identification/make_dataset/raw_sentinel/pm5/pm5__20201105_20201124__0141	2020-11-21	764097.00000000,3682476.00000000,764865.00000000,3683244.00000000
train	006425	lower__20201119_165054_83_227b_3B_AnalyticMS_SR_8b_clip	pm5__20201105_20201124__0141	/scrfs/storage/yikebe/home/research/AR_Crop_Identification/make_dataset/raw_sentinel/pm5/pm5__20201105_20201124__0141	2020-11-21	752577.00000000,3677100.00000000,753345.00000000,3677868.00000000
train	006441	lower__20201119_165054_83_227b_3B_AnalyticMS_SR_8b_clip	pm5__20201105_20201124__0141	/scrfs/storage/yikebe/home/research/AR_Crop_Identification/make_dataset/raw_sentinel/pm5/pm5__20201105_20201124__0141	2020-11-21	754881.00000000,3677100.00000000,755649.00000000,3677868.00000000
train	006457	lower__20201119_165054_83_227b_3B_AnalyticMS_SR_8b_clip	pm5__20201105_20201124__0141	/scrfs/storage/yikebe/home/research/AR_Crop_Identification/make_dataset/raw_sentinel/pm5/pm5__20201105_20201124__0141	2020-11-21	754881.00000000,3676332.00000000,755649.00000000,3677100.00000000
train	006473	lower__20201119_165054_83_227b_3B_AnalyticMS_SR_8b_clip	pm5__20201105_20201124__0141	/scrfs/storage/yikebe/home/research/AR_Crop_Identification/make_dataset/raw_sentinel/pm5/pm5__20201105_20201124__0141	2020-11-21	759489.00000000,3675564.00000000,760257.00000000,3676332.00000000
train	006489	lower__20201119_165054_83_227b_3B_AnalyticMS_SR_8b_clip	pm5__20201105_20201124__0141	/scrfs/storage/yikebe/home/research/AR_Crop_Identification/make_dataset/raw_sentinel/pm5/pm5__20201105_20201124__0141	2020-11-21	752577.00000000,3674796.00000000,753345.00000000,3675564.00000000
train	006505	lower__20201119_165054_83_227b_3B_AnalyticMS_SR_8b_clip	pm5__20201105_20201124__0141	/scrfs/storage/yikebe/home/research/AR_Crop_Identification/make_dataset/raw_sentinel/pm5/pm5__20201105_20201124__0141	2020-11-21	753345.00000000,3674796.00000000,754113.00000000,3675564.00000000
train	006521	lower__20201119_165054_83_227b_3B_AnalyticMS_SR_8b_clip	pm5__20201105_20201124__0141	/scrfs/storage/yikebe/home/research/AR_Crop_Identification/make_dataset/raw_sentinel/pm5/pm5__20201105_20201124__0141	2020-11-21	754881.00000000,3672492.00000000,755649.00000000,3673260.00000000
train	006537	lower__20201119_165054_83_227b_3B_AnalyticMS_SR_8b_clip	pm5__20201105_20201124__0141	/scrfs/storage/yikebe/home/research/AR_Crop_Identification/make_dataset/raw_sentinel/pm5/pm5__20201105_20201124__0141	2020-11-21	758721.00000000,3671724.00000000,759489.00000000,3672492.00000000
train	006553	lower__20201119_165054_83_227b_3B_AnalyticMS_SR_8b_clip	pm5__20201105_20201124__0141	/scrfs/storage/yikebe/home/research/AR_Crop_Identification/make_dataset/raw_sentinel/pm5/pm5__20201105_20201124__0141	2020-11-21	757953.00000000,3670956.00000000,758721.00000000,3671724.00000000
train	006569	lower__20201119_165455_10_2416_3B_AnalyticMS_SR_8b_clip	pm5__20201105_20201124__0078	/scrfs/storage/yikebe/home/research/AR_Crop_Identification/make_dataset/raw_sentinel/pm5/pm5__20201105_20201124__0078	2020-11-19	619140.00000000,3762618.00000000,619908.00000000,3763386.00000000
train	006585	lower__20201119_165455_10_2416_3B_AnalyticMS_SR_8b_clip	pm5__20201105_20201124__0078	/scrfs/storage/yikebe/home/research/AR_Crop_Identification/make_dataset/raw_sentinel/pm5/pm5__20201105_20201124__0078	2020-11-19	616836.00000000,3761850.00000000,617604.00000000,3762618.00000000
train	006601	lower__20201119_165455_10_2416_3B_AnalyticMS_SR_8b_clip	pm5__20201105_20201124__0078	/scrfs/storage/yikebe/home/research/AR_Crop_Identification/make_dataset/raw_sentinel/pm5/pm5__20201105_20201124__0078	2020-11-19	617604.00000000,3761082.00000000,618372.00000000,3761850.00000000
train	006617	lower__20201119_165455_10_2416_3B_AnalyticMS_SR_8b_clip	pm5__20201105_20201124__0078	/scrfs/storage/yikebe/home/research/AR_Crop_Identification/make_dataset/raw_sentinel/pm5/pm5__20201105_20201124__0078	2020-11-19	634500.00000000,3759546.00000000,635268.00000000,3760314.00000000
train	006633	lower__20201119_165455_10_2416_3B_AnalyticMS_SR_8b_clip	pm5__20201105_20201124__0078	/scrfs/storage/yikebe/home/research/AR_Crop_Identification/make_dataset/raw_sentinel/pm5/pm5__20201105_20201124__0078	2020-11-19	635268.00000000,3759546.00000000,636036.00000000,3760314.00000000
train	006649	lower__20201119_165455_10_2416_3B_AnalyticMS_SR_8b_clip	pm5__20201105_20201124__0078	/scrfs/storage/yikebe/home/research/AR_Crop_Identification/make_dataset/raw_sentinel/pm5/pm5__20201105_20201124__0078	2020-11-19	636036.00000000,3759546.00000000,636804.00000000,3760314.00000000
train	006665	lower__20201119_165455_10_2416_3B_AnalyticMS_SR_8b_clip	pm5__20201105_20201124__0078	/scrfs/storage/yikebe/home/research/AR_Crop_Identification/make_dataset/raw_sentinel/pm5/pm5__20201105_20201124__0078	2020-11-19	636804.00000000,3759546.00000000,637572.00000000,3760314.00000000
train	006681	lower__20201119_165455_10_2416_3B_AnalyticMS_SR_8b_clip	pm5__20201105_20201124__0078	/scrfs/storage/yikebe/home/research/AR_Crop_Identification/make_dataset/raw_sentinel/pm5/pm5__20201105_20201124__0078	2020-11-19	617604.00000000,3758778.00000000,618372.00000000,3759546.00000000
train	006697	lower__20201119_165455_10_2416_3B_AnalyticMS_SR_8b_clip	pm5__20201105_20201124__0078	/scrfs/storage/yikebe/home/research/AR_Crop_Identification/make_dataset/raw_sentinel/pm5/pm5__20201105_20201124__0078	2020-11-19	621444.00000000,3758778.00000000,622212.00000000,3759546.00000000
train	006713	lower__20201119_165455_10_2416_3B_AnalyticMS_SR_8b_clip	pm5__20201105_20201124__0078	/scrfs/storage/yikebe/home/research/AR_Crop_Identification/make_dataset/raw_sentinel/pm5/pm5__20201105_20201124__0078	2020-11-19	624516.00000000,3758778.00000000,625284.00000000,3759546.00000000
train	006729	lower__20201119_165455_10_2416_3B_AnalyticMS_SR_8b_clip	pm5__20201105_20201124__0078	/scrfs/storage/yikebe/home/research/AR_Crop_Identification/make_dataset/raw_sentinel/pm5/pm5__20201105_20201124__0078	2020-11-19	625284.00000000,3758778.00000000,626052.00000000,3759546.00000000
train	006745	lower__20201119_165455_10_2416_3B_AnalyticMS_SR_8b_clip	pm5__20201105_20201124__0078	/scrfs/storage/yikebe/home/research/AR_Crop_Identification/make_dataset/raw_sentinel/pm5/pm5__20201105_20201124__0078	2020-11-19	626052.00000000,3758778.00000000,626820.00000000,3759546.00000000
train	006761	lower__20201119_165455_10_2416_3B_AnalyticMS_SR_8b_clip	pm5__20201105_20201124__0078	/scrfs/storage/yikebe/home/research/AR_Crop_Identification/make_dataset/raw_sentinel/pm5/pm5__20201105_20201124__0078	2020-11-19	626820.00000000,3758778.00000000,627588.00000000,3759546.00000000
train	006777	lower__20201119_165455_10_2416_3B_AnalyticMS_SR_8b_clip	pm5__20201105_20201124__0078	/scrfs/storage/yikebe/home/research/AR_Crop_Identification/make_dataset/raw_sentinel/pm5/pm5__20201105_20201124__0078	2020-11-19	627588.00000000,3758778.00000000,628356.00000000,3759546.00000000
train	006793	lower__20201119_165455_10_2416_3B_AnalyticMS_SR_8b_clip	pm5__20201105_20201124__0078	/scrfs/storage/yikebe/home/research/AR_Crop_Identification/make_dataset/raw_sentinel/pm5/pm5__20201105_20201124__0078	2020-11-19	628356.00000000,3758778.00000000,629124.00000000,3759546.00000000
train	006809	lower__20201119_165455_10_2416_3B_AnalyticMS_SR_8b_clip	pm5__20201105_20201124__0078	/scrfs/storage/yikebe/home/research/AR_Crop_Identification/make_dataset/raw_sentinel/pm5/pm5__20201105_20201124__0078	2020-11-19	634500.00000000,3758778.00000000,635268.00000000,3759546.00000000
train	006825	lower__20201119_165455_10_2416_3B_AnalyticMS_SR_8b_clip	pm5__20201105_20201124__0078	/scrfs/storage/yikebe/home/research/AR_Crop_Identification/make_dataset/raw_sentinel/pm5/pm5__20201105_20201124__0078	2020-11-19	635268.00000000,3758778.00000000,636036.00000000,3759546.00000000
train	006841	lower__20201119_165455_10_2416_3B_AnalyticMS_SR_8b_clip	pm5__20201105_20201124__0078	/scrfs/storage/yikebe/home/research/AR_Crop_Identification/make_dataset/raw_sentinel/pm5/pm5__20201105_20201124__0078	2020-11-19	637572.00000000,3758778.00000000,638340.00000000,3759546.00000000
train	006857	lower__20201119_165455_10_2416_3B_AnalyticMS_SR_8b_clip	pm5__20201105_20201124__0078	/scrfs/storage/yikebe/home/research/AR_Crop_Identification/make_dataset/raw_sentinel/pm5/pm5__20201105_20201124__0078	2020-11-19	621444.00000000,3758010.00000000,622212.00000000,3758778.00000000
train	006873	lower__20201119_165455_10_2416_3B_AnalyticMS_SR_8b_clip	pm5__20201105_20201124__0078	/scrfs/storage/yikebe/home/research/AR_Crop_Identification/make_dataset/raw_sentinel/pm5/pm5__20201105_20201124__0078	2020-11-19	622212.00000000,3758010.00000000,622980.00000000,3758778.00000000
train	006889	lower__20201119_165455_10_2416_3B_AnalyticMS_SR_8b_clip	pm5__20201105_20201124__0078	/scrfs/storage/yikebe/home/research/AR_Crop_Identification/make_dataset/raw_sentinel/pm5/pm5__20201105_20201124__0078	2020-11-19	622980.00000000,3758010.00000000,623748.00000000,3758778.00000000
train	006905	lower__20201119_165455_10_2416_3B_AnalyticMS_SR_8b_clip	pm5__20201105_20201124__0078	/scrfs/storage/yikebe/home/research/AR_Crop_Identification/make_dataset/raw_sentinel/pm5/pm5__20201105_20201124__0078	2020-11-19	626052.00000000,3758010.00000000,626820.00000000,3758778.00000000
train	006921	lower__20201119_165455_10_2416_3B_AnalyticMS_SR_8b_clip	pm5__20201105_20201124__0078	/scrfs/storage/yikebe/home/research/AR_Crop_Identification/make_dataset/raw_sentinel/pm5/pm5__20201105_20201124__0078	2020-11-19	626820.00000000,3758010.00000000,627588.00000000,3758778.00000000
train	006937	lower__20201119_165455_10_2416_3B_AnalyticMS_SR_8b_clip	pm5__20201105_20201124__0078	/scrfs/storage/yikebe/home/research/AR_Crop_Identification/make_dataset/raw_sentinel/pm5/pm5__20201105_20201124__0078	2020-11-19	635268.00000000,3758010.00000000,636036.00000000,3758778.00000000
train	006953	lower__20201119_165455_10_2416_3B_AnalyticMS_SR_8b_clip	pm5__20201105_20201124__0078	/scrfs/storage/yikebe/home/research/AR_Crop_Identification/make_dataset/raw_sentinel/pm5/pm5__20201105_20201124__0078	2020-11-19	637572.00000000,3758010.00000000,638340.00000000,3758778.00000000
train	006969	lower__20201119_165455_10_2416_3B_AnalyticMS_SR_8b_clip	pm5__20201105_20201124__0078	/scrfs/storage/yikebe/home/research/AR_Crop_Identification/make_dataset/raw_sentinel/pm5/pm5__20201105_20201124__0078	2020-11-19	626820.00000000,3757242.00000000,627588.00000000,3758010.00000000
train	006985	lower__20201119_165455_10_2416_3B_AnalyticMS_SR_8b_clip	pm5__20201105_20201124__0078	/scrfs/storage/yikebe/home/research/AR_Crop_Identification/make_dataset/raw_sentinel/pm5/pm5__20201105_20201124__0078	2020-11-19	626052.00000000,3754938.00000000,626820.00000000,3755706.00000000
train	007001	lower__20201119_165455_10_2416_3B_AnalyticMS_SR_8b_clip	pm5__20201105_20201124__0078	/scrfs/storage/yikebe/home/research/AR_Crop_Identification/make_dataset/raw_sentinel/pm5/pm5__20201105_20201124__0078	2020-11-19	632196.00000000,3752634.00000000,632964.00000000,3753402.00000000
train	007017	lower__20201119_165455_10_2416_3B_AnalyticMS_SR_8b_clip	pm5__20201105_20201124__0078	/scrfs/storage/yikebe/home/research/AR_Crop_Identification/make_dataset/raw_sentinel/pm5/pm5__20201105_20201124__0078	2020-11-19	630660.00000000,3751098.00000000,631428.00000000,3751866.00000000
train	007033	lower__20201119_165455_10_2416_3B_AnalyticMS_SR_8b_clip	pm5__20201105_20201124__0078	/scrfs/storage/yikebe/home/research/AR_Crop_Identification/make_dataset/raw_sentinel/pm5/pm5__20201105_20201124__0078	2020-11-19	630660.00000000,3750330.00000000,631428.00000000,3751098.00000000
train	007049	lower__20201119_165455_10_2416_3B_AnalyticMS_SR_8b_clip	pm5__20201105_20201124__0078	/scrfs/storage/yikebe/home/research/AR_Crop_Identification/make_dataset/raw_sentinel/pm5/pm5__20201105_20201124__0078	2020-11-19	631428.00000000,3750330.00000000,632196.00000000,3751098.00000000
train	007065	lower__20201119_165455_10_2416_3B_AnalyticMS_SR_8b_clip	pm5__20201105_20201124__0078	/scrfs/storage/yikebe/home/research/AR_Crop_Identification/make_dataset/raw_sentinel/pm5/pm5__20201105_20201124__0078	2020-11-19	632196.00000000,3750330.00000000,632964.00000000,3751098.00000000
train	007081	lower__20201119_165455_10_2416_3B_AnalyticMS_SR_8b_clip	pm5__20201105_20201124__0078	/scrfs/storage/yikebe/home/research/AR_Crop_Identification/make_dataset/raw_sentinel/pm5/pm5__20201105_20201124__0078	2020-11-19	629892.00000000,3749562.00000000,630660.00000000,3750330.00000000
train	007097	lower__20201119_165455_10_2416_3B_AnalyticMS_SR_8b_clip	pm5__20201105_20201124__0078	/scrfs/storage/yikebe/home/research/AR_Crop_Identification/make_dataset/raw_sentinel/pm5/pm5__20201105_20201124__0078	2020-11-19	630660.00000000,3749562.00000000,631428.00000000,3750330.00000000
train	007113	lower__20201119_165455_10_2416_3B_AnalyticMS_SR_8b_clip	pm5__20201105_20201124__0078	/scrfs/storage/yikebe/home/research/AR_Crop_Identification/make_dataset/raw_sentinel/pm5/pm5__20201105_20201124__0078	2020-11-19	631428.00000000,3749562.00000000,632196.00000000,3750330.00000000
train	007129	lower__20201119_165455_10_2416_3B_AnalyticMS_SR_8b_clip	pm5__20201105_20201124__0078	/scrfs/storage/yikebe/home/research/AR_Crop_Identification/make_dataset/raw_sentinel/pm5/pm5__20201105_20201124__0078	2020-11-19	632196.00000000,3749562.00000000,632964.00000000,3750330.00000000
train	007145	lower__20201119_165455_10_2416_3B_AnalyticMS_SR_8b_clip	pm5__20201105_20201124__0078	/scrfs/storage/yikebe/home/research/AR_Crop_Identification/make_dataset/raw_sentinel/pm5/pm5__20201105_20201124__0078	2020-11-19	632964.00000000,3749562.00000000,633732.00000000,3750330.00000000
train	007161	lower__20201119_165455_10_2416_3B_AnalyticMS_SR_8b_clip	pm5__20201105_20201124__0078	/scrfs/storage/yikebe/home/research/AR_Crop_Identification/make_dataset/raw_sentinel/pm5/pm5__20201105_20201124__0078	2020-11-19	632964.00000000,3748794.00000000,633732.00000000,3749562.00000000
train	007177	lower__20201119_165455_10_2416_3B_AnalyticMS_SR_8b_clip	pm5__20201105_20201124__0078	/scrfs/storage/yikebe/home/research/AR_Crop_Identification/make_dataset/raw_sentinel/pm5/pm5__20201105_20201124__0078	2020-11-19	633732.00000000,3748794.00000000,634500.00000000,3749562.00000000
train	007193	lower__20201119_165455_10_2416_3B_AnalyticMS_SR_8b_clip	pm5__20201105_20201124__0078	/scrfs/storage/yikebe/home/research/AR_Crop_Identification/make_dataset/raw_sentinel/pm5/pm5__20201105_20201124__0078	2020-11-19	632196.00000000,3748026.00000000,632964.00000000,3748794.00000000
train	007209	lower__20201119_165455_10_2416_3B_AnalyticMS_SR_8b_clip	pm5__20201105_20201124__0078	/scrfs/storage/yikebe/home/research/AR_Crop_Identification/make_dataset/raw_sentinel/pm5/pm5__20201105_20201124__0078	2020-11-19	632196.00000000,3747258.00000000,632964.00000000,3748026.00000000
train	007225	lower__20201119_165455_10_2416_3B_AnalyticMS_SR_8b_clip	pm5__20201105_20201124__0078	/scrfs/storage/yikebe/home/research/AR_Crop_Identification/make_dataset/raw_sentinel/pm5/pm5__20201105_20201124__0078	2020-11-19	633732.00000000,3746490.00000000,634500.00000000,3747258.00000000
train	007241	lower__20201119_165455_10_2416_3B_AnalyticMS_SR_8b_clip	pm5__20201105_20201124__0078	/scrfs/storage/yikebe/home/research/AR_Crop_Identification/make_dataset/raw_sentinel/pm5/pm5__20201105_20201124__0078	2020-11-19	634500.00000000,3746490.00000000,635268.00000000,3747258.00000000
train	007257	lower__20201119_165455_10_2416_3B_AnalyticMS_SR_8b_clip	pm5__20201105_20201124__0078	/scrfs/storage/yikebe/home/research/AR_Crop_Identification/make_dataset/raw_sentinel/pm5/pm5__20201105_20201124__0078	2020-11-19	634500.00000000,3745722.00000000,635268.00000000,3746490.00000000
train	007273	lower__20201119_165455_10_2416_3B_AnalyticMS_SR_8b_clip	pm5__20201105_20201124__0078	/scrfs/storage/yikebe/home/research/AR_Crop_Identification/make_dataset/raw_sentinel/pm5/pm5__20201105_20201124__0078	2020-11-19	627588.00000000,3742650.00000000,628356.00000000,3743418.00000000
train	007289	lower__20201119_165455_10_2416_3B_AnalyticMS_SR_8b_clip	pm5__20201105_20201124__0078	/scrfs/storage/yikebe/home/research/AR_Crop_Identification/make_dataset/raw_sentinel/pm5/pm5__20201105_20201124__0078	2020-11-19	628356.00000000,3742650.00000000,629124.00000000,3743418.00000000
train	007305	lower__20201119_165455_10_2416_3B_AnalyticMS_SR_8b_clip	pm5__20201105_20201124__0078	/scrfs/storage/yikebe/home/research/AR_Crop_Identification/make_dataset/raw_sentinel/pm5/pm5__20201105_20201124__0078	2020-11-19	628356.00000000,3741882.00000000,629124.00000000,3742650.00000000
train	007321	lower__20201119_165808_80_2407_3B_AnalyticMS_SR_8b_clip	pm5__20201105_20201124__0058	/scrfs/storage/yikebe/home/research/AR_Crop_Identification/make_dataset/raw_sentinel/pm5/pm5__20201105_20201124__0058	2020-11-19	602637.00000000,3790725.00000000,603405.00000000,3791493.00000000
train	007337	lower__20201119_165808_80_2407_3B_AnalyticMS_SR_8b_clip	pm5__20201105_20201124__0058	/scrfs/storage/yikebe/home/research/AR_Crop_Identification/make_dataset/raw_sentinel/pm5/pm5__20201105_20201124__0058	2020-11-19	603405.00000000,3790725.00000000,604173.00000000,3791493.00000000
train	007353	lower__20201119_165808_80_2407_3B_AnalyticMS_SR_8b_clip	pm5__20201105_20201124__0058	/scrfs/storage/yikebe/home/research/AR_Crop_Identification/make_dataset/raw_sentinel/pm5/pm5__20201105_20201124__0058	2020-11-19	603405.00000000,3789957.00000000,604173.00000000,3790725.00000000
train	007369	lower__20201119_165808_80_2407_3B_AnalyticMS_SR_8b_clip	pm5__20201105_20201124__0058	/scrfs/storage/yikebe/home/research/AR_Crop_Identification/make_dataset/raw_sentinel/pm5/pm5__20201105_20201124__0058	2020-11-19	604173.00000000,3789957.00000000,604941.00000000,3790725.00000000
train	007385	lower__20201119_165808_80_2407_3B_AnalyticMS_SR_8b_clip	pm5__20201105_20201124__0058	/scrfs/storage/yikebe/home/research/AR_Crop_Identification/make_dataset/raw_sentinel/pm5/pm5__20201105_20201124__0058	2020-11-19	601101.00000000,3781509.00000000,601869.00000000,3782277.00000000
train	007401	lower__20201119_165808_80_2407_3B_AnalyticMS_SR_8b_clip	pm5__20201105_20201124__0058	/scrfs/storage/yikebe/home/research/AR_Crop_Identification/make_dataset/raw_sentinel/pm5/pm5__20201105_20201124__0058	2020-11-19	604173.00000000,3781509.00000000,604941.00000000,3782277.00000000
train	007417	lower__20201119_165808_80_2407_3B_AnalyticMS_SR_8b_clip	pm5__20201105_20201124__0058	/scrfs/storage/yikebe/home/research/AR_Crop_Identification/make_dataset/raw_sentinel/pm5/pm5__20201105_20201124__0058	2020-11-19	604941.00000000,3781509.00000000,605709.00000000,3782277.00000000
train	007433	lower__20201119_165808_80_2407_3B_AnalyticMS_SR_8b_clip	pm5__20201105_20201124__0058	/scrfs/storage/yikebe/home/research/AR_Crop_Identification/make_dataset/raw_sentinel/pm5/pm5__20201105_20201124__0058	2020-11-19	604173.00000000,3780741.00000000,604941.00000000,3781509.00000000
train	007449	lower__20201119_165808_80_2407_3B_AnalyticMS_SR_8b_clip	pm5__20201105_20201124__0058	/scrfs/storage/yikebe/home/research/AR_Crop_Identification/make_dataset/raw_sentinel/pm5/pm5__20201105_20201124__0058	2020-11-19	604941.00000000,3780741.00000000,605709.00000000,3781509.00000000
train	007465	lower__20201119_165808_80_2407_3B_AnalyticMS_SR_8b_clip	pm5__20201105_20201124__0058	/scrfs/storage/yikebe/home/research/AR_Crop_Identification/make_dataset/raw_sentinel/pm5/pm5__20201105_20201124__0058	2020-11-19	604173.00000000,3779973.00000000,604941.00000000,3780741.00000000
train	007481	lower__20201119_165808_80_2407_3B_AnalyticMS_SR_8b_clip	pm5__20201105_20201124__0058	/scrfs/storage/yikebe/home/research/AR_Crop_Identification/make_dataset/raw_sentinel/pm5/pm5__20201105_20201124__0058	2020-11-19	604941.00000000,3779973.00000000,605709.00000000,3780741.00000000
train	007497	lower__20201119_165808_80_2407_3B_AnalyticMS_SR_8b_clip	pm5__20201105_20201124__0058	/scrfs/storage/yikebe/home/research/AR_Crop_Identification/make_dataset/raw_sentinel/pm5/pm5__20201105_20201124__0058	2020-11-19	601101.00000000,3779205.00000000,601869.00000000,3779973.00000000
train	007513	lower__20201119_165808_80_2407_3B_AnalyticMS_SR_8b_clip	pm5__20201105_20201124__0058	/scrfs/storage/yikebe/home/research/AR_Crop_Identification/make_dataset/raw_sentinel/pm5/pm5__20201105_20201124__0058	2020-11-19	602637.00000000,3779205.00000000,603405.00000000,3779973.00000000
train	007529	lower__20201119_165808_80_2407_3B_AnalyticMS_SR_8b_clip	pm5__20201105_20201124__0058	/scrfs/storage/yikebe/home/research/AR_Crop_Identification/make_dataset/raw_sentinel/pm5/pm5__20201105_20201124__0058	2020-11-19	601869.00000000,3778437.00000000,602637.00000000,3779205.00000000
