split	sample_id	scene_id	sentinel_request_id	sentinel_request_root	sentinel_date	planet_bounds
train	000007	lower__20200326_160114_89_2277_3B_AnalyticMS_SR_8b_clip	pm5__20200311_20200331__0002	/scrfs/storage/yikebe/home/research/AR_Crop_Identification/make_dataset/raw_sentinel/pm5/pm5__20200311_20200331__0002	2020-03-26	625779.00000000,3759207.00000000,626547.00000000,3759975.00000000
train	000023	lower__20200326_160114_89_2277_3B_AnalyticMS_SR_8b_clip	pm5__20200311_20200331__0002	/scrfs/storage/yikebe/home/research/AR_Crop_Identification/make_dataset/raw_sentinel/pm5/pm5__20200311_20200331__0002	2020-03-26	615027.00000000,3757671.00000000,615795.00000000,3758439.00000000
train	000039	lower__20200326_160114_89_2277_3B_AnalyticMS_SR_8b_clip	pm5__20200311_20200331__0002	/scrfs/storage/yikebe/home/research/AR_Crop_Identification/make_dataset/raw_sentinel/pm5/pm5__20200311_20200331__0002	2020-03-26	621939.00000000,3757671.00000000,622707.00000000,3758439.00000000
train	000055	lower__20200326_160114_89_2277_3B_AnalyticMS_SR_8b_clip	pm5__20200311_20200331__0002	/scrfs/storage/yikebe/home/research/AR_Crop_Identification/make_dataset/raw_sentinel/pm5/pm5__20200311_20200331__0002	2020-03-26	632691.00000000,3752295.00000000,633459.00000000,3753063.00000000
train	000071	lower__20200326_160114_89_2277_3B_AnalyticMS_SR_8b_clip	pm5__20200311_20200331__0002	/scrfs/storage/yikebe/home/research/AR_Crop_Identification/make_dataset/raw_sentinel/pm5/pm5__20200311_20200331__0002	2020-03-26	630387.00000000,3749991.00000000,631155.00000000,3750759.00000000
train	000087	lower__20200326_160114_89_2277_3B_AnalyticMS_SR_8b_clip	pm5__20200311_20200331__0002	/scrfs/storage/yikebe/home/research/AR_Crop_Identification/make_dataset/raw_sentinel/pm5/pm5__20200311_20200331__0002	2020-03-26	631155.00000000,3749223.00000000,631923.00000000,3749991.00000000
train	000103	lower__20200326_160114_89_2277_3B_AnalyticMS_SR_8b_clip	pm5__20200311_20200331__0002	/scrfs/storage/yikebe/home/research/AR_Crop_Identification/make_dataset/raw_sentinel/pm5/pm5__20200311_20200331__0002	2020-03-26	632691.00000000,3749223.00000000,633459.00000000,3749991.00000000
train	000119	lower__20200326_160114_89_2277_3B_AnalyticMS_SR_8b_clip	pm5__20200311_20200331__0002	/scrfs/storage/yikebe/home/research/AR_Crop_Identification/make_dataset/raw_sentinel/pm5/pm5__20200311_20200331__0002	2020-03-26	631923.00000000,3747687.00000000,632691.00000000,3748455.00000000
train	000135	lower__20200326_160114_89_2277_3B_AnalyticMS_SR_8b_clip	pm5__20200311_20200331__0002	/scrfs/storage/yikebe/home/research/AR_Crop_Identification/make_dataset/raw_sentinel/pm5/pm5__20200311_20200331__0002	2020-03-26	640371.00000000,3746919.00000000,641139.00000000,3747687.00000000
train	000151	lower__20200518_160559_05_2304_3B_AnalyticMS_SR_8b_clip	pm5__20200506_20200523__0009	/scrfs/storage/yikebe/home/research/AR_Crop_Identification/make_dataset/raw_sentinel/pm5/pm5__20200506_20200523__0009	2020-05-18	588042.00000000,3844485.00000000,588810.00000000,3845253.00000000
train	000167	lower__20200518_160559_05_2304_3B_AnalyticMS_SR_8b_clip	pm5__20200506_20200523__0009	/scrfs/storage/yikebe/home/research/AR_Crop_Identification/make_dataset/raw_sentinel/pm5/pm5__20200506_20200523__0009	2020-05-18	588810.00000000,3844485.00000000,589578.00000000,3845253.00000000
train	000183	lower__20200518_160559_05_2304_3B_AnalyticMS_SR_8b_clip	pm5__20200506_20200523__0009	/scrfs/storage/yikebe/home/research/AR_Crop_Identification/make_dataset/raw_sentinel/pm5/pm5__20200506_20200523__0009	2020-05-18	589578.00000000,3843717.00000000,590346.00000000,3844485.00000000
train	000199	lower__20200518_160559_05_2304_3B_AnalyticMS_SR_8b_clip	pm5__20200506_20200523__0009	/scrfs/storage/yikebe/home/research/AR_Crop_Identification/make_dataset/raw_sentinel/pm5/pm5__20200506_20200523__0009	2020-05-18	588810.00000000,3842949.00000000,589578.00000000,3843717.00000000
train	000215	lower__20200518_160559_05_2304_3B_AnalyticMS_SR_8b_clip	pm5__20200506_20200523__0009	/scrfs/storage/yikebe/home/research/AR_Crop_Identification/make_dataset/raw_sentinel/pm5/pm5__20200506_20200523__0009	2020-05-18	589578.00000000,3842949.00000000,590346.00000000,3843717.00000000
train	000231	lower__20200518_160559_05_2304_3B_AnalyticMS_SR_8b_clip	pm5__20200506_20200523__0009	/scrfs/storage/yikebe/home/research/AR_Crop_Identification/make_dataset/raw_sentinel/pm5/pm5__20200506_20200523__0009	2020-05-18	591114.00000000,3842949.00000000,591882.00000000,3843717.00000000
train	000247	lower__20200518_160559_05_2304_3B_AnalyticMS_SR_8b_clip	pm5__20200506_20200523__0009	/scrfs/storage/yikebe/home/research/AR_Crop_Identification/make_dataset/raw_sentinel/pm5/pm5__20200506_20200523__0009	2020-05-18	593418.00000000,3841413.00000000,594186.00000000,3842181.00000000
train	000263	lower__20200518_160559_05_2304_3B_AnalyticMS_SR_8b_clip	pm5__20200506_20200523__0009	/scrfs/storage/yikebe/home/research/AR_Crop_Identification/make_dataset/raw_sentinel/pm5/pm5__20200506_20200523__0009	2020-05-18	596490.00000000,3841413.00000000,597258.00000000,3842181.00000000
train	000279	lower__20200518_160559_05_2304_3B_AnalyticMS_SR_8b_clip	pm5__20200506_20200523__0009	/scrfs/storage/yikebe/home/research/AR_Crop_Identification/make_dataset/raw_sentinel/pm5/pm5__20200506_20200523__0009	2020-05-18	583434.00000000,3839109.00000000,584202.00000000,3839877.00000000
train	000295	lower__20200518_160559_05_2304_3B_AnalyticMS_SR_8b_clip	pm5__20200506_20200523__0009	/scrfs/storage/yikebe/home/research/AR_Crop_Identification/make_dataset/raw_sentinel/pm5/pm5__20200506_20200523__0009	2020-05-18	591114.00000000,3839109.00000000,591882.00000000,3839877.00000000
train	000311	lower__20200518_160559_05_2304_3B_AnalyticMS_SR_8b_clip	pm5__20200506_20200523__0009	/scrfs/storage/yikebe/home/research/AR_Crop_Identification/make_dataset/raw_sentinel/pm5/pm5__20200506_20200523__0009	2020-05-18	583434.00000000,3838341.00000000,584202.00000000,3839109.00000000
train	000327	lower__20200518_160559_05_2304_3B_AnalyticMS_SR_8b_clip	pm5__20200506_20200523__0009	/scrfs/storage/yikebe/home/research/AR_Crop_Identification/make_dataset/raw_sentinel/pm5/pm5__20200506_20200523__0009	2020-05-18	589578.00000000,3838341.00000000,590346.00000000,3839109.00000000
train	000343	lower__20200518_160559_05_2304_3B_AnalyticMS_SR_8b_clip	pm5__20200506_20200523__0009	/scrfs/storage/yikebe/home/research/AR_Crop_Identification/make_dataset/raw_sentinel/pm5/pm5__20200506_20200523__0009	2020-05-18	590346.00000000,3838341.00000000,591114.00000000,3839109.00000000
train	000359	lower__20200518_160559_05_2304_3B_AnalyticMS_SR_8b_clip	pm5__20200506_20200523__0009	/scrfs/storage/yikebe/home/research/AR_Crop_Identification/make_dataset/raw_sentinel/pm5/pm5__20200506_20200523__0009	2020-05-18	593418.00000000,3838341.00000000,594186.00000000,3839109.00000000
train	000375	lower__20200518_160559_05_2304_3B_AnalyticMS_SR_8b_clip	pm5__20200506_20200523__0009	/scrfs/storage/yikebe/home/research/AR_Crop_Identification/make_dataset/raw_sentinel/pm5/pm5__20200506_20200523__0009	2020-05-18	594186.00000000,3838341.00000000,594954.00000000,3839109.00000000
train	000391	lower__20200518_160559_05_2304_3B_AnalyticMS_SR_8b_clip	pm5__20200506_20200523__0009	/scrfs/storage/yikebe/home/research/AR_Crop_Identification/make_dataset/raw_sentinel/pm5/pm5__20200506_20200523__0009	2020-05-18	609546.00000000,3838341.00000000,610314.00000000,3839109.00000000
train	000407	lower__20200518_160559_05_2304_3B_AnalyticMS_SR_8b_clip	pm5__20200506_20200523__0009	/scrfs/storage/yikebe/home/research/AR_Crop_Identification/make_dataset/raw_sentinel/pm5/pm5__20200506_20200523__0009	2020-05-18	613386.00000000,3838341.00000000,614154.00000000,3839109.00000000
train	000423	lower__20200518_160559_05_2304_3B_AnalyticMS_SR_8b_clip	pm5__20200506_20200523__0009	/scrfs/storage/yikebe/home/research/AR_Crop_Identification/make_dataset/raw_sentinel/pm5/pm5__20200506_20200523__0009	2020-05-18	589578.00000000,3837573.00000000,590346.00000000,3838341.00000000
train	000439	lower__20200518_160559_05_2304_3B_AnalyticMS_SR_8b_clip	pm5__20200506_20200523__0009	/scrfs/storage/yikebe/home/research/AR_Crop_Identification/make_dataset/raw_sentinel/pm5/pm5__20200506_20200523__0009	2020-05-18	593418.00000000,3837573.00000000,594186.00000000,3838341.00000000
train	000455	lower__20200518_160559_05_2304_3B_AnalyticMS_SR_8b_clip	pm5__20200506_20200523__0009	/scrfs/storage/yikebe/home/research/AR_Crop_Identification/make_dataset/raw_sentinel/pm5/pm5__20200506_20200523__0009	2020-05-18	589578.00000000,3836805.00000000,590346.00000000,3837573.00000000
train	000471	lower__20200518_160559_05_2304_3B_AnalyticMS_SR_8b_clip	pm5__20200506_20200523__0009	/scrfs/storage/yikebe/home/research/AR_Crop_Identification/make_dataset/raw_sentinel/pm5/pm5__20200506_20200523__0009	2020-05-18	596490.00000000,3835269.00000000,597258.00000000,3836037.00000000
train	000487	lower__20200518_160559_05_2304_3B_AnalyticMS_SR_8b_clip	pm5__20200506_20200523__0009	/scrfs/storage/yikebe/home/research/AR_Crop_Identification/make_dataset/raw_sentinel/pm5/pm5__20200506_20200523__0009	2020-05-18	602634.00000000,3835269.00000000,603402.00000000,3836037.00000000
train	000503	lower__20200518_160559_05_2304_3B_AnalyticMS_SR_8b_clip	pm5__20200506_20200523__0009	/scrfs/storage/yikebe/home/research/AR_Crop_Identification/make_dataset/raw_sentinel/pm5/pm5__20200506_20200523__0009	2020-05-18	591114.00000000,3834501.00000000,591882.00000000,3835269.00000000
train	000519	lower__20200518_160559_05_2304_3B_AnalyticMS_SR_8b_clip	pm5__20200506_20200523__0009	/scrfs/storage/yikebe/home/research/AR_Crop_Identification/make_dataset/raw_sentinel/pm5/pm5__20200506_20200523__0009	2020-05-18	594186.00000000,3834501.00000000,594954.00000000,3835269.00000000
train	000535	lower__20200518_160559_05_2304_3B_AnalyticMS_SR_8b_clip	pm5__20200506_20200523__0009	/scrfs/storage/yikebe/home/research/AR_Crop_Identification/make_dataset/raw_sentinel/pm5/pm5__20200506_20200523__0009	2020-05-18	581898.00000000,3833733.00000000,582666.00000000,3834501.00000000
train	000551	lower__20200518_160559_05_2304_3B_AnalyticMS_SR_8b_clip	pm5__20200506_20200523__0009	/scrfs/storage/yikebe/home/research/AR_Crop_Identification/make_dataset/raw_sentinel/pm5/pm5__20200506_20200523__0009	2020-05-18	586506.00000000,3832965.00000000,587274.00000000,3833733.00000000
train	000567	lower__20200518_160559_05_2304_3B_AnalyticMS_SR_8b_clip	pm5__20200506_20200523__0009	/scrfs/storage/yikebe/home/research/AR_Crop_Identification/make_dataset/raw_sentinel/pm5/pm5__20200506_20200523__0009	2020-05-18	591114.00000000,3832965.00000000,591882.00000000,3833733.00000000
train	000583	lower__20200518_160559_05_2304_3B_AnalyticMS_SR_8b_clip	pm5__20200506_20200523__0009	/scrfs/storage/yikebe/home/research/AR_Crop_Identification/make_dataset/raw_sentinel/pm5/pm5__20200506_20200523__0009	2020-05-18	603402.00000000,3832965.00000000,604170.00000000,3833733.00000000
train	000599	lower__20200518_160559_05_2304_3B_AnalyticMS_SR_8b_clip	pm5__20200506_20200523__0009	/scrfs/storage/yikebe/home/research/AR_Crop_Identification/make_dataset/raw_sentinel/pm5/pm5__20200506_20200523__0009	2020-05-18	585738.00000000,3832197.00000000,586506.00000000,3832965.00000000
train	000615	lower__20200518_160559_05_2304_3B_AnalyticMS_SR_8b_clip	pm5__20200506_20200523__0009	/scrfs/storage/yikebe/home/research/AR_Crop_Identification/make_dataset/raw_sentinel/pm5/pm5__20200506_20200523__0009	2020-05-18	601866.00000000,3832197.00000000,602634.00000000,3832965.00000000
train	000631	lower__20200518_160559_05_2304_3B_AnalyticMS_SR_8b_clip	pm5__20200506_20200523__0009	/scrfs/storage/yikebe/home/research/AR_Crop_Identification/make_dataset/raw_sentinel/pm5/pm5__20200506_20200523__0009	2020-05-18	603402.00000000,3832197.00000000,604170.00000000,3832965.00000000
train	000647	lower__20200518_160559_05_2304_3B_AnalyticMS_SR_8b_clip	pm5__20200506_20200523__0009	/scrfs/storage/yikebe/home/research/AR_Crop_Identification/make_dataset/raw_sentinel/pm5/pm5__20200506_20200523__0009	2020-05-18	608010.00000000,3832197.00000000,608778.00000000,3832965.00000000
train	000663	lower__20200518_160559_05_2304_3B_AnalyticMS_SR_8b_clip	pm5__20200506_20200523__0009	/scrfs/storage/yikebe/home/research/AR_Crop_Identification/make_dataset/raw_sentinel/pm5/pm5__20200506_20200523__0009	2020-05-18	608778.00000000,3831429.00000000,609546.00000000,3832197.00000000
train	000679	lower__20200518_160559_05_2304_3B_AnalyticMS_SR_8b_clip	pm5__20200506_20200523__0009	/scrfs/storage/yikebe/home/research/AR_Crop_Identification/make_dataset/raw_sentinel/pm5/pm5__20200506_20200523__0009	2020-05-18	585738.00000000,3830661.00000000,586506.00000000,3831429.00000000
train	000695	lower__20200518_160559_05_2304_3B_AnalyticMS_SR_8b_clip	pm5__20200506_20200523__0009	/scrfs/storage/yikebe/home/research/AR_Crop_Identification/make_dataset/raw_sentinel/pm5/pm5__20200506_20200523__0009	2020-05-18	602634.00000000,3830661.00000000,603402.00000000,3831429.00000000
train	000711	lower__20200518_160559_05_2304_3B_AnalyticMS_SR_8b_clip	pm5__20200506_20200523__0009	/scrfs/storage/yikebe/home/research/AR_Crop_Identification/make_dataset/raw_sentinel/pm5/pm5__20200506_20200523__0009	2020-05-18	593418.00000000,3829893.00000000,594186.00000000,3830661.00000000
train	000727	lower__20200518_160559_05_2304_3B_AnalyticMS_SR_8b_clip	pm5__20200506_20200523__0009	/scrfs/storage/yikebe/home/research/AR_Crop_Identification/make_dataset/raw_sentinel/pm5/pm5__20200506_20200523__0009	2020-05-18	594954.00000000,3829893.00000000,595722.00000000,3830661.00000000
train	000743	lower__20200518_160559_05_2304_3B_AnalyticMS_SR_8b_clip	pm5__20200506_20200523__0009	/scrfs/storage/yikebe/home/research/AR_Crop_Identification/make_dataset/raw_sentinel/pm5/pm5__20200506_20200523__0009	2020-05-18	594954.00000000,3828357.00000000,595722.00000000,3829125.00000000
train	000759	lower__20200518_160559_05_2304_3B_AnalyticMS_SR_8b_clip	pm5__20200506_20200523__0009	/scrfs/storage/yikebe/home/research/AR_Crop_Identification/make_dataset/raw_sentinel/pm5/pm5__20200506_20200523__0009	2020-05-18	595722.00000000,3828357.00000000,596490.00000000,3829125.00000000
train	000775	lower__20200518_160559_05_2304_3B_AnalyticMS_SR_8b_clip	pm5__20200506_20200523__0009	/scrfs/storage/yikebe/home/research/AR_Crop_Identification/make_dataset/raw_sentinel/pm5/pm5__20200506_20200523__0009	2020-05-18	612618.00000000,3828357.00000000,613386.00000000,3829125.00000000
train	000791	lower__20200518_160559_05_2304_3B_AnalyticMS_SR_8b_clip	pm5__20200506_20200523__0009	/scrfs/storage/yikebe/home/research/AR_Crop_Identification/make_dataset/raw_sentinel/pm5/pm5__20200506_20200523__0009	2020-05-18	581130.00000000,3827589.00000000,581898.00000000,3828357.00000000
train	000807	lower__20200518_160559_05_2304_3B_AnalyticMS_SR_8b_clip	pm5__20200506_20200523__0009	/scrfs/storage/yikebe/home/research/AR_Crop_Identification/make_dataset/raw_sentinel/pm5/pm5__20200506_20200523__0009	2020-05-18	592650.00000000,3827589.00000000,593418.00000000,3828357.00000000
train	000823	lower__20200518_160559_05_2304_3B_AnalyticMS_SR_8b_clip	pm5__20200506_20200523__0009	/scrfs/storage/yikebe/home/research/AR_Crop_Identification/make_dataset/raw_sentinel/pm5/pm5__20200506_20200523__0009	2020-05-18	594954.00000000,3827589.00000000,595722.00000000,3828357.00000000
train	000839	lower__20200518_160559_05_2304_3B_AnalyticMS_SR_8b_clip	pm5__20200506_20200523__0009	/scrfs/storage/yikebe/home/research/AR_Crop_Identification/make_dataset/raw_sentinel/pm5/pm5__20200506_20200523__0009	2020-05-18	595722.00000000,3827589.00000000,596490.00000000,3828357.00000000
train	000855	lower__20200518_160559_05_2304_3B_AnalyticMS_SR_8b_clip	pm5__20200506_20200523__0009	/scrfs/storage/yikebe/home/research/AR_Crop_Identification/make_dataset/raw_sentinel/pm5/pm5__20200506_20200523__0009	2020-05-18	596490.00000000,3826821.00000000,597258.00000000,3827589.00000000
train	000871	lower__20200518_160559_05_2304_3B_AnalyticMS_SR_8b_clip	pm5__20200506_20200523__0009	/scrfs/storage/yikebe/home/research/AR_Crop_Identification/make_dataset/raw_sentinel/pm5/pm5__20200506_20200523__0009	2020-05-18	596490.00000000,3826053.00000000,597258.00000000,3826821.00000000
train	000887	lower__20200518_160559_05_2304_3B_AnalyticMS_SR_8b_clip	pm5__20200506_20200523__0009	/scrfs/storage/yikebe/home/research/AR_Crop_Identification/make_dataset/raw_sentinel/pm5/pm5__20200506_20200523__0009	2020-05-18	607242.00000000,3826053.00000000,608010.00000000,3826821.00000000
train	000903	lower__20200518_160559_05_2304_3B_AnalyticMS_SR_8b_clip	pm5__20200506_20200523__0009	/scrfs/storage/yikebe/home/research/AR_Crop_Identification/make_dataset/raw_sentinel/pm5/pm5__20200506_20200523__0009	2020-05-18	597258.00000000,3825285.00000000,598026.00000000,3826053.00000000
train	000919	lower__20200518_160559_05_2304_3B_AnalyticMS_SR_8b_clip	pm5__20200506_20200523__0009	/scrfs/storage/yikebe/home/research/AR_Crop_Identification/make_dataset/raw_sentinel/pm5/pm5__20200506_20200523__0009	2020-05-18	598026.00000000,3825285.00000000,598794.00000000,3826053.00000000
train	000935	lower__20200518_160559_05_2304_3B_AnalyticMS_SR_8b_clip	pm5__20200506_20200523__0009	/scrfs/storage/yikebe/home/research/AR_Crop_Identification/make_dataset/raw_sentinel/pm5/pm5__20200506_20200523__0009	2020-05-18	607242.00000000,3825285.00000000,608010.00000000,3826053.00000000
train	000951	lower__20200518_160559_05_2304_3B_AnalyticMS_SR_8b_clip	pm5__20200506_20200523__0009	/scrfs/storage/yikebe/home/research/AR_Crop_Identification/make_dataset/raw_sentinel/pm5/pm5__20200506_20200523__0009	2020-05-18	598026.00000000,3822981.00000000,598794.00000000,3823749.00000000
train	000967	lower__20200518_160559_05_2304_3B_AnalyticMS_SR_8b_clip	pm5__20200506_20200523__0009	/scrfs/storage/yikebe/home/research/AR_Crop_Identification/make_dataset/raw_sentinel/pm5/pm5__20200506_20200523__0009	2020-05-18	604938.00000000,3822981.00000000,605706.00000000,3823749.00000000
train	000983	lower__20200518_160559_05_2304_3B_AnalyticMS_SR_8b_clip	pm5__20200506_20200523__0009	/scrfs/storage/yikebe/home/research/AR_Crop_Identification/make_dataset/raw_sentinel/pm5/pm5__20200506_20200523__0009	2020-05-18	601098.00000000,3822213.00000000,601866.00000000,3822981.00000000
train	000999	lower__20200518_160559_05_2304_3B_AnalyticMS_SR_8b_clip	pm5__20200506_20200523__0009	/scrfs/storage/yikebe/home/research/AR_Crop_Identification/make_dataset/raw_sentinel/pm5/pm5__20200506_20200523__0009	2020-05-18	605706.00000000,3822213.00000000,606474.00000000,3822981.00000000
train	001015	lower__20200518_160559_05_2304_3B_AnalyticMS_SR_8b_clip	pm5__20200506_20200523__0009	/scrfs/storage/yikebe/home/research/AR_Crop_Identification/make_dataset/raw_sentinel/pm5/pm5__20200506_20200523__0009	2020-05-18	601866.00000000,3821445.00000000,602634.00000000,3822213.00000000
train	001031	lower__20200710_155924_79_2304_3B_AnalyticMS_SR_8b_clip	pm5__20200705_20200723__0017	/scrfs/storage/yikebe/home/research/AR_Crop_Identification/make_dataset/raw_sentinel/pm5/pm5__20200705_20200723__0017	2020-07-14	707235.00000000,3812877.00000000,708003.00000000,3813645.00000000
train	001047	lower__20200710_155924_79_2304_3B_AnalyticMS_SR_8b_clip	pm5__20200705_20200723__0017	/scrfs/storage/yikebe/home/research/AR_Crop_Identification/make_dataset/raw_sentinel/pm5/pm5__20200705_20200723__0017	2020-07-14	708003.00000000,3812877.00000000,708771.00000000,3813645.00000000
train	001063	lower__20200710_155924_79_2304_3B_AnalyticMS_SR_8b_clip	pm5__20200705_20200723__0017	/scrfs/storage/yikebe/home/research/AR_Crop_Identification/make_dataset/raw_sentinel/pm5/pm5__20200705_20200723__0017	2020-07-14	706467.00000000,3811341.00000000,707235.00000000,3812109.00000000
train	001079	lower__20200710_155924_79_2304_3B_AnalyticMS_SR_8b_clip	pm5__20200705_20200723__0017	/scrfs/storage/yikebe/home/research/AR_Crop_Identification/make_dataset/raw_sentinel/pm5/pm5__20200705_20200723__0017	2020-07-14	706467.00000000,3810573.00000000,707235.00000000,3811341.00000000
train	001095	lower__20200910_155849_18_220b_3B_AnalyticMS_SR_8b_clip	pm5__20200905_20200924__0027	/scrfs/storage/yikebe/home/research/AR_Crop_Identification/make_dataset/raw_sentinel/pm5/pm5__20200905_20200924__0027	2020-09-07	718284.00000000,3799605.00000000,719052.00000000,3800373.00000000
train	001111	lower__20200910_155849_18_220b_3B_AnalyticMS_SR_8b_clip	pm5__20200905_20200924__0027	/scrfs/storage/yikebe/home/research/AR_Crop_Identification/make_dataset/raw_sentinel/pm5/pm5__20200905_20200924__0027	2020-09-07	725964.00000000,3798069.00000000,726732.00000000,3798837.00000000
train	001127	lower__20200910_155849_18_220b_3B_AnalyticMS_SR_8b_clip	pm5__20200905_20200924__0027	/scrfs/storage/yikebe/home/research/AR_Crop_Identification/make_dataset/raw_sentinel/pm5/pm5__20200905_20200924__0027	2020-09-07	730572.00000000,3796533.00000000,731340.00000000,3797301.00000000
train	001143	lower__20200910_155849_18_220b_3B_AnalyticMS_SR_8b_clip	pm5__20200905_20200924__0027	/scrfs/storage/yikebe/home/research/AR_Crop_Identification/make_dataset/raw_sentinel/pm5/pm5__20200905_20200924__0027	2020-09-07	719820.00000000,3795765.00000000,720588.00000000,3796533.00000000
train	001159	lower__20200910_155849_18_220b_3B_AnalyticMS_SR_8b_clip	pm5__20200905_20200924__0027	/scrfs/storage/yikebe/home/research/AR_Crop_Identification/make_dataset/raw_sentinel/pm5/pm5__20200905_20200924__0027	2020-09-07	729036.00000000,3795765.00000000,729804.00000000,3796533.00000000
train	001175	lower__20200910_155849_18_220b_3B_AnalyticMS_SR_8b_clip	pm5__20200905_20200924__0027	/scrfs/storage/yikebe/home/research/AR_Crop_Identification/make_dataset/raw_sentinel/pm5/pm5__20200905_20200924__0027	2020-09-07	712908.00000000,3794997.00000000,713676.00000000,3795765.00000000
train	001191	lower__20200910_155849_18_220b_3B_AnalyticMS_SR_8b_clip	pm5__20200905_20200924__0027	/scrfs/storage/yikebe/home/research/AR_Crop_Identification/make_dataset/raw_sentinel/pm5/pm5__20200905_20200924__0027	2020-09-07	714444.00000000,3794997.00000000,715212.00000000,3795765.00000000
train	001207	lower__20200910_155849_18_220b_3B_AnalyticMS_SR_8b_clip	pm5__20200905_20200924__0027	/scrfs/storage/yikebe/home/research/AR_Crop_Identification/make_dataset/raw_sentinel/pm5/pm5__20200905_20200924__0027	2020-09-07	732876.00000000,3794997.00000000,733644.00000000,3795765.00000000
train	001223	lower__20200910_155849_18_220b_3B_AnalyticMS_SR_8b_clip	pm5__20200905_20200924__0027	/scrfs/storage/yikebe/home/research/AR_Crop_Identification/make_dataset/raw_sentinel/pm5/pm5__20200905_20200924__0027	2020-09-07	712908.00000000,3794229.00000000,713676.00000000,3794997.00000000
train	001239	lower__20200910_155849_18_220b_3B_AnalyticMS_SR_8b_clip	pm5__20200905_20200924__0027	/scrfs/storage/yikebe/home/research/AR_Crop_Identification/make_dataset/raw_sentinel/pm5/pm5__20200905_20200924__0027	2020-09-07	719820.00000000,3794229.00000000,720588.00000000,3794997.00000000
train	001255	lower__20200910_155849_18_220b_3B_AnalyticMS_SR_8b_clip	pm5__20200905_20200924__0027	/scrfs/storage/yikebe/home/research/AR_Crop_Identification/make_dataset/raw_sentinel/pm5/pm5__20200905_20200924__0027	2020-09-07	725196.00000000,3794229.00000000,725964.00000000,3794997.00000000
train	001271	lower__20200910_155849_18_220b_3B_AnalyticMS_SR_8b_clip	pm5__20200905_20200924__0027	/scrfs/storage/yikebe/home/research/AR_Crop_Identification/make_dataset/raw_sentinel/pm5/pm5__20200905_20200924__0027	2020-09-07	729804.00000000,3794229.00000000,730572.00000000,3794997.00000000
train	001287	lower__20200910_155849_18_220b_3B_AnalyticMS_SR_8b_clip	pm5__20200905_20200924__0027	/scrfs/storage/yikebe/home/research/AR_Crop_Identification/make_dataset/raw_sentinel/pm5/pm5__20200905_20200924__0027	2020-09-07	712908.00000000,3793461.00000000,713676.00000000,3794229.00000000
train	001303	lower__20200910_155849_18_220b_3B_AnalyticMS_SR_8b_clip	pm5__20200905_20200924__0027	/scrfs/storage/yikebe/home/research/AR_Crop_Identification/make_dataset/raw_sentinel/pm5/pm5__20200905_20200924__0027	2020-09-07	716748.00000000,3793461.00000000,717516.00000000,3794229.00000000
train	001319	lower__20200910_155849_18_220b_3B_AnalyticMS_SR_8b_clip	pm5__20200905_20200924__0027	/scrfs/storage/yikebe/home/research/AR_Crop_Identification/make_dataset/raw_sentinel/pm5/pm5__20200905_20200924__0027	2020-09-07	720588.00000000,3793461.00000000,721356.00000000,3794229.00000000
train	001335	lower__20200910_155849_18_220b_3B_AnalyticMS_SR_8b_clip	pm5__20200905_20200924__0027	/scrfs/storage/yikebe/home/research/AR_Crop_Identification/make_dataset/raw_sentinel/pm5/pm5__20200905_20200924__0027	2020-09-07	722124.00000000,3793461.00000000,722892.00000000,3794229.00000000
train	001351	lower__20200910_155849_18_220b_3B_AnalyticMS_SR_8b_clip	pm5__20200905_20200924__0027	/scrfs/storage/yikebe/home/research/AR_Crop_Identification/make_dataset/raw_sentinel/pm5/pm5__20200905_20200924__0027	2020-09-07	725964.00000000,3793461.00000000,726732.00000000,3794229.00000000
train	001367	lower__20200910_155849_18_220b_3B_AnalyticMS_SR_8b_clip	pm5__20200905_20200924__0027	/scrfs/storage/yikebe/home/research/AR_Crop_Identification/make_dataset/raw_sentinel/pm5/pm5__20200905_20200924__0027	2020-09-07	731340.00000000,3793461.00000000,732108.00000000,3794229.00000000
train	001383	lower__20200910_155849_18_220b_3B_AnalyticMS_SR_8b_clip	pm5__20200905_20200924__0027	/scrfs/storage/yikebe/home/research/AR_Crop_Identification/make_dataset/raw_sentinel/pm5/pm5__20200905_20200924__0027	2020-09-07	712140.00000000,3792693.00000000,712908.00000000,3793461.00000000
train	001399	lower__20200910_155849_18_220b_3B_AnalyticMS_SR_8b_clip	pm5__20200905_20200924__0027	/scrfs/storage/yikebe/home/research/AR_Crop_Identification/make_dataset/raw_sentinel/pm5/pm5__20200905_20200924__0027	2020-09-07	712908.00000000,3792693.00000000,713676.00000000,3793461.00000000
train	001415	lower__20200910_155849_18_220b_3B_AnalyticMS_SR_8b_clip	pm5__20200905_20200924__0027	/scrfs/storage/yikebe/home/research/AR_Crop_Identification/make_dataset/raw_sentinel/pm5/pm5__20200905_20200924__0027	2020-09-07	715980.00000000,3792693.00000000,716748.00000000,3793461.00000000
train	001431	lower__20200910_155849_18_220b_3B_AnalyticMS_SR_8b_clip	pm5__20200905_20200924__0027	/scrfs/storage/yikebe/home/research/AR_Crop_Identification/make_dataset/raw_sentinel/pm5/pm5__20200905_20200924__0027	2020-09-07	720588.00000000,3792693.00000000,721356.00000000,3793461.00000000
train	001447	lower__20200910_155849_18_220b_3B_AnalyticMS_SR_8b_clip	pm5__20200905_20200924__0027	/scrfs/storage/yikebe/home/research/AR_Crop_Identification/make_dataset/raw_sentinel/pm5/pm5__20200905_20200924__0027	2020-09-07	725964.00000000,3792693.00000000,726732.00000000,3793461.00000000
train	001463	lower__20200910_155849_18_220b_3B_AnalyticMS_SR_8b_clip	pm5__20200905_20200924__0027	/scrfs/storage/yikebe/home/research/AR_Crop_Identification/make_dataset/raw_sentinel/pm5/pm5__20200905_20200924__0027	2020-09-07	731340.00000000,3792693.00000000,732108.00000000,3793461.00000000
train	001479	lower__20200910_155849_18_220b_3B_AnalyticMS_SR_8b_clip	pm5__20200905_20200924__0027	/scrfs/storage/yikebe/home/research/AR_Crop_Identification/make_dataset/raw_sentinel/pm5/pm5__20200905_20200924__0027	2020-09-07	739020.00000000,3791925.00000000,739788.00000000,3792693.00000000
train	001495	lower__20200910_155849_18_220b_3B_AnalyticMS_SR_8b_clip	pm5__20200905_20200924__0027	/scrfs/storage/yikebe/home/research/AR_Crop_Identification/make_dataset/raw_sentinel/pm5/pm5__20200905_20200924__0027	2020-09-07	717516.00000000,3791157.00000000,718284.00000000,3791925.00000000
train	001511	lower__20200910_155849_18_220b_3B_AnalyticMS_SR_8b_clip	pm5__20200905_20200924__0027	/scrfs/storage/yikebe/home/research/AR_Crop_Identification/make_dataset/raw_sentinel/pm5/pm5__20200905_20200924__0027	2020-09-07	726732.00000000,3791157.00000000,727500.00000000,3791925.00000000
train	001527	lower__20200910_155849_18_220b_3B_AnalyticMS_SR_8b_clip	pm5__20200905_20200924__0027	/scrfs/storage/yikebe/home/research/AR_Crop_Identification/make_dataset/raw_sentinel/pm5/pm5__20200905_20200924__0027	2020-09-07	735180.00000000,3791157.00000000,735948.00000000,3791925.00000000
train	001543	lower__20200910_155849_18_220b_3B_AnalyticMS_SR_8b_clip	pm5__20200905_20200924__0027	/scrfs/storage/yikebe/home/research/AR_Crop_Identification/make_dataset/raw_sentinel/pm5/pm5__20200905_20200924__0027	2020-09-07	717516.00000000,3790389.00000000,718284.00000000,3791157.00000000
train	001559	lower__20200910_155849_18_220b_3B_AnalyticMS_SR_8b_clip	pm5__20200905_20200924__0027	/scrfs/storage/yikebe/home/research/AR_Crop_Identification/make_dataset/raw_sentinel/pm5/pm5__20200905_20200924__0027	2020-09-07	737484.00000000,3790389.00000000,738252.00000000,3791157.00000000
train	001575	lower__20200910_155849_18_220b_3B_AnalyticMS_SR_8b_clip	pm5__20200905_20200924__0027	/scrfs/storage/yikebe/home/research/AR_Crop_Identification/make_dataset/raw_sentinel/pm5/pm5__20200905_20200924__0027	2020-09-07	739020.00000000,3790389.00000000,739788.00000000,3791157.00000000
train	001591	lower__20200910_155849_18_220b_3B_AnalyticMS_SR_8b_clip	pm5__20200905_20200924__0027	/scrfs/storage/yikebe/home/research/AR_Crop_Identification/make_dataset/raw_sentinel/pm5/pm5__20200905_20200924__0027	2020-09-07	730572.00000000,3786549.00000000,731340.00000000,3787317.00000000
train	001607	lower__20200910_155849_18_220b_3B_AnalyticMS_SR_8b_clip	pm5__20200905_20200924__0027	/scrfs/storage/yikebe/home/research/AR_Crop_Identification/make_dataset/raw_sentinel/pm5/pm5__20200905_20200924__0027	2020-09-07	732108.00000000,3785781.00000000,732876.00000000,3786549.00000000
train	001623	lower__20200910_155849_18_220b_3B_AnalyticMS_SR_8b_clip	pm5__20200905_20200924__0027	/scrfs/storage/yikebe/home/research/AR_Crop_Identification/make_dataset/raw_sentinel/pm5/pm5__20200905_20200924__0027	2020-09-07	732108.00000000,3785013.00000000,732876.00000000,3785781.00000000
train	001639	lower__20200910_155849_18_220b_3B_AnalyticMS_SR_8b_clip	pm5__20200905_20200924__0027	/scrfs/storage/yikebe/home/research/AR_Crop_Identification/make_dataset/raw_sentinel/pm5/pm5__20200905_20200924__0027	2020-09-07	732876.00000000,3785013.00000000,733644.00000000,3785781.00000000
train	001655	lower__20200910_155849_18_220b_3B_AnalyticMS_SR_8b_clip	pm5__20200905_20200924__0027	/scrfs/storage/yikebe/home/research/AR_Crop_Identification/make_dataset/raw_sentinel/pm5/pm5__20200905_20200924__0027	2020-09-07	712908.00000000,3781941.00000000,713676.00000000,3782709.00000000
train	001671	lower__20200910_155849_18_220b_3B_AnalyticMS_SR_8b_clip	pm5__20200905_20200924__0027	/scrfs/storage/yikebe/home/research/AR_Crop_Identification/make_dataset/raw_sentinel/pm5/pm5__20200905_20200924__0027	2020-09-07	716748.00000000,3781941.00000000,717516.00000000,3782709.00000000
train	001687	lower__20200910_155849_18_220b_3B_AnalyticMS_SR_8b_clip	pm5__20200905_20200924__0027	/scrfs/storage/yikebe/home/research/AR_Crop_Identification/make_dataset/raw_sentinel/pm5/pm5__20200905_20200924__0027	2020-09-07	730572.00000000,3779637.00000000,731340.00000000,3780405.00000000
train	001703	lower__20200910_155849_18_220b_3B_AnalyticMS_SR_8b_clip	pm5__20200905_20200924__0027	/scrfs/storage/yikebe/home/research/AR_Crop_Identification/make_dataset/raw_sentinel/pm5/pm5__20200905_20200924__0027	2020-09-07	732876.00000000,3778101.00000000,733644.00000000,3778869.00000000
train	001719	lower__20200910_160130_63_222c_3B_AnalyticMS_SR_8b_clip	pm5__20200905_20200924__0024	/scrfs/storage/yikebe/home/research/AR_Crop_Identification/make_dataset/raw_sentinel/pm5/pm5__20200905_20200924__0024	2020-09-07	660351.00000000,3773112.00000000,661119.00000000,3773880.00000000
train	001735	lower__20200910_160130_63_222c_3B_AnalyticMS_SR_8b_clip	pm5__20200905_20200924__0024	/scrfs/storage/yikebe/home/research/AR_Crop_Identification/make_dataset/raw_sentinel/pm5/pm5__20200905_20200924__0024	2020-09-07	661887.00000000,3770808.00000000,662655.00000000,3771576.00000000
train	001751	lower__20200910_160130_63_222c_3B_AnalyticMS_SR_8b_clip	pm5__20200905_20200924__0024	/scrfs/storage/yikebe/home/research/AR_Crop_Identification/make_dataset/raw_sentinel/pm5/pm5__20200905_20200924__0024	2020-09-07	685695.00000000,3770808.00000000,686463.00000000,3771576.00000000
train	001767	lower__20200910_160130_63_222c_3B_AnalyticMS_SR_8b_clip	pm5__20200905_20200924__0024	/scrfs/storage/yikebe/home/research/AR_Crop_Identification/make_dataset/raw_sentinel/pm5/pm5__20200905_20200924__0024	2020-09-07	661119.00000000,3768504.00000000,661887.00000000,3769272.00000000
train	001783	lower__20200910_160130_63_222c_3B_AnalyticMS_SR_8b_clip	pm5__20200905_20200924__0024	/scrfs/storage/yikebe/home/research/AR_Crop_Identification/make_dataset/raw_sentinel/pm5/pm5__20200905_20200924__0024	2020-09-07	676479.00000000,3760824.00000000,677247.00000000,3761592.00000000
train	001799	lower__20200910_160130_63_222c_3B_AnalyticMS_SR_8b_clip	pm5__20200905_20200924__0024	/scrfs/storage/yikebe/home/research/AR_Crop_Identification/make_dataset/raw_sentinel/pm5/pm5__20200905_20200924__0024	2020-09-07	680319.00000000,3757752.00000000,681087.00000000,3758520.00000000
train	001815	lower__20200911_160200_46_2235_3B_AnalyticMS_SR_8b_clip	pm5__20200905_20200924__0025	/scrfs/storage/yikebe/home/research/AR_Crop_Identification/make_dataset/raw_sentinel/pm5/pm5__20200905_20200924__0025	2020-09-07	690822.00000000,3730137.00000000,691590.00000000,3730905.00000000
train	001831	lower__20200911_160200_46_2235_3B_AnalyticMS_SR_8b_clip	pm5__20200905_20200924__0025	/scrfs/storage/yikebe/home/research/AR_Crop_Identification/make_dataset/raw_sentinel/pm5/pm5__20200905_20200924__0025	2020-09-07	708486.00000000,3730137.00000000,709254.00000000,3730905.00000000
train	001847	lower__20200911_160200_46_2235_3B_AnalyticMS_SR_8b_clip	pm5__20200905_20200924__0025	/scrfs/storage/yikebe/home/research/AR_Crop_Identification/make_dataset/raw_sentinel/pm5/pm5__20200905_20200924__0025	2020-09-07	687750.00000000,3729369.00000000,688518.00000000,3730137.00000000
train	001863	lower__20200911_160200_46_2235_3B_AnalyticMS_SR_8b_clip	pm5__20200905_20200924__0025	/scrfs/storage/yikebe/home/research/AR_Crop_Identification/make_dataset/raw_sentinel/pm5/pm5__20200905_20200924__0025	2020-09-07	688518.00000000,3729369.00000000,689286.00000000,3730137.00000000
train	001879	lower__20200911_160200_46_2235_3B_AnalyticMS_SR_8b_clip	pm5__20200905_20200924__0025	/scrfs/storage/yikebe/home/research/AR_Crop_Identification/make_dataset/raw_sentinel/pm5/pm5__20200905_20200924__0025	2020-09-07	689286.00000000,3728601.00000000,690054.00000000,3729369.00000000
train	001895	lower__20200911_160200_46_2235_3B_AnalyticMS_SR_8b_clip	pm5__20200905_20200924__0025	/scrfs/storage/yikebe/home/research/AR_Crop_Identification/make_dataset/raw_sentinel/pm5/pm5__20200905_20200924__0025	2020-09-07	711558.00000000,3728601.00000000,712326.00000000,3729369.00000000
train	001911	lower__20200911_160200_46_2235_3B_AnalyticMS_SR_8b_clip	pm5__20200905_20200924__0025	/scrfs/storage/yikebe/home/research/AR_Crop_Identification/make_dataset/raw_sentinel/pm5/pm5__20200905_20200924__0025	2020-09-07	715398.00000000,3728601.00000000,716166.00000000,3729369.00000000
train	001927	lower__20200911_160200_46_2235_3B_AnalyticMS_SR_8b_clip	pm5__20200905_20200924__0025	/scrfs/storage/yikebe/home/research/AR_Crop_Identification/make_dataset/raw_sentinel/pm5/pm5__20200905_20200924__0025	2020-09-07	696966.00000000,3727833.00000000,697734.00000000,3728601.00000000
train	001943	lower__20200911_160200_46_2235_3B_AnalyticMS_SR_8b_clip	pm5__20200905_20200924__0025	/scrfs/storage/yikebe/home/research/AR_Crop_Identification/make_dataset/raw_sentinel/pm5/pm5__20200905_20200924__0025	2020-09-07	706182.00000000,3727065.00000000,706950.00000000,3727833.00000000
train	001959	lower__20200911_160200_46_2235_3B_AnalyticMS_SR_8b_clip	pm5__20200905_20200924__0025	/scrfs/storage/yikebe/home/research/AR_Crop_Identification/make_dataset/raw_sentinel/pm5/pm5__20200905_20200924__0025	2020-09-07	688518.00000000,3726297.00000000,689286.00000000,3727065.00000000
train	001975	lower__20200911_160200_46_2235_3B_AnalyticMS_SR_8b_clip	pm5__20200905_20200924__0025	/scrfs/storage/yikebe/home/research/AR_Crop_Identification/make_dataset/raw_sentinel/pm5/pm5__20200905_20200924__0025	2020-09-07	688518.00000000,3725529.00000000,689286.00000000,3726297.00000000
train	001991	lower__20200911_160200_46_2235_3B_AnalyticMS_SR_8b_clip	pm5__20200905_20200924__0025	/scrfs/storage/yikebe/home/research/AR_Crop_Identification/make_dataset/raw_sentinel/pm5/pm5__20200905_20200924__0025	2020-09-07	687750.00000000,3724761.00000000,688518.00000000,3725529.00000000
train	002007	lower__20200911_160200_46_2235_3B_AnalyticMS_SR_8b_clip	pm5__20200905_20200924__0025	/scrfs/storage/yikebe/home/research/AR_Crop_Identification/make_dataset/raw_sentinel/pm5/pm5__20200905_20200924__0025	2020-09-07	694662.00000000,3723993.00000000,695430.00000000,3724761.00000000
train	002023	lower__20200911_160200_46_2235_3B_AnalyticMS_SR_8b_clip	pm5__20200905_20200924__0025	/scrfs/storage/yikebe/home/research/AR_Crop_Identification/make_dataset/raw_sentinel/pm5/pm5__20200905_20200924__0025	2020-09-07	699270.00000000,3723993.00000000,700038.00000000,3724761.00000000
train	002039	lower__20200911_160200_46_2235_3B_AnalyticMS_SR_8b_clip	pm5__20200905_20200924__0025	/scrfs/storage/yikebe/home/research/AR_Crop_Identification/make_dataset/raw_sentinel/pm5/pm5__20200905_20200924__0025	2020-09-07	699270.00000000,3723225.00000000,700038.00000000,3723993.00000000
train	002055	lower__20200911_160200_46_2235_3B_AnalyticMS_SR_8b_clip	pm5__20200905_20200924__0025	/scrfs/storage/yikebe/home/research/AR_Crop_Identification/make_dataset/raw_sentinel/pm5/pm5__20200905_20200924__0025	2020-09-07	700038.00000000,3722457.00000000,700806.00000000,3723225.00000000
train	002071	lower__20200911_160200_46_2235_3B_AnalyticMS_SR_8b_clip	pm5__20200905_20200924__0025	/scrfs/storage/yikebe/home/research/AR_Crop_Identification/make_dataset/raw_sentinel/pm5/pm5__20200905_20200924__0025	2020-09-07	691590.00000000,3721689.00000000,692358.00000000,3722457.00000000
train	002087	lower__20200911_160200_46_2235_3B_AnalyticMS_SR_8b_clip	pm5__20200905_20200924__0025	/scrfs/storage/yikebe/home/research/AR_Crop_Identification/make_dataset/raw_sentinel/pm5/pm5__20200905_20200924__0025	2020-09-07	715398.00000000,3721689.00000000,716166.00000000,3722457.00000000
train	002103	lower__20200911_160200_46_2235_3B_AnalyticMS_SR_8b_clip	pm5__20200905_20200924__0025	/scrfs/storage/yikebe/home/research/AR_Crop_Identification/make_dataset/raw_sentinel/pm5/pm5__20200905_20200924__0025	2020-09-07	691590.00000000,3720921.00000000,692358.00000000,3721689.00000000
train	002119	lower__20200911_160200_46_2235_3B_AnalyticMS_SR_8b_clip	pm5__20200905_20200924__0025	/scrfs/storage/yikebe/home/research/AR_Crop_Identification/make_dataset/raw_sentinel/pm5/pm5__20200905_20200924__0025	2020-09-07	705414.00000000,3720921.00000000,706182.00000000,3721689.00000000
train	002135	lower__20200911_160200_46_2235_3B_AnalyticMS_SR_8b_clip	pm5__20200905_20200924__0025	/scrfs/storage/yikebe/home/research/AR_Crop_Identification/make_dataset/raw_sentinel/pm5/pm5__20200905_20200924__0025	2020-09-07	707718.00000000,3720921.00000000,708486.00000000,3721689.00000000
train	002151	lower__20200911_160200_46_2235_3B_AnalyticMS_SR_8b_clip	pm5__20200905_20200924__0025	/scrfs/storage/yikebe/home/research/AR_Crop_Identification/make_dataset/raw_sentinel/pm5/pm5__20200905_20200924__0025	2020-09-07	683910.00000000,3720153.00000000,684678.00000000,3720921.00000000
train	002167	lower__20200911_160200_46_2235_3B_AnalyticMS_SR_8b_clip	pm5__20200905_20200924__0025	/scrfs/storage/yikebe/home/research/AR_Crop_Identification/make_dataset/raw_sentinel/pm5/pm5__20200905_20200924__0025	2020-09-07	691590.00000000,3720153.00000000,692358.00000000,3720921.00000000
train	002183	lower__20200911_160200_46_2235_3B_AnalyticMS_SR_8b_clip	pm5__20200905_20200924__0025	/scrfs/storage/yikebe/home/research/AR_Crop_Identification/make_dataset/raw_sentinel/pm5/pm5__20200905_20200924__0025	2020-09-07	711558.00000000,3720153.00000000,712326.00000000,3720921.00000000
train	002199	lower__20200911_160200_46_2235_3B_AnalyticMS_SR_8b_clip	pm5__20200905_20200924__0025	/scrfs/storage/yikebe/home/research/AR_Crop_Identification/make_dataset/raw_sentinel/pm5/pm5__20200905_20200924__0025	2020-09-07	683910.00000000,3719385.00000000,684678.00000000,3720153.00000000
train	002215	lower__20200911_160200_46_2235_3B_AnalyticMS_SR_8b_clip	pm5__20200905_20200924__0025	/scrfs/storage/yikebe/home/research/AR_Crop_Identification/make_dataset/raw_sentinel/pm5/pm5__20200905_20200924__0025	2020-09-07	703878.00000000,3719385.00000000,704646.00000000,3720153.00000000
train	002231	lower__20200911_160200_46_2235_3B_AnalyticMS_SR_8b_clip	pm5__20200905_20200924__0025	/scrfs/storage/yikebe/home/research/AR_Crop_Identification/make_dataset/raw_sentinel/pm5/pm5__20200905_20200924__0025	2020-09-07	712326.00000000,3719385.00000000,713094.00000000,3720153.00000000
train	002247	lower__20200911_160200_46_2235_3B_AnalyticMS_SR_8b_clip	pm5__20200905_20200924__0025	/scrfs/storage/yikebe/home/research/AR_Crop_Identification/make_dataset/raw_sentinel/pm5/pm5__20200905_20200924__0025	2020-09-07	701574.00000000,3717081.00000000,702342.00000000,3717849.00000000
train	002263	lower__20200911_160200_46_2235_3B_AnalyticMS_SR_8b_clip	pm5__20200905_20200924__0025	/scrfs/storage/yikebe/home/research/AR_Crop_Identification/make_dataset/raw_sentinel/pm5/pm5__20200905_20200924__0025	2020-09-07	716166.00000000,3717081.00000000,716934.00000000,3717849.00000000
train	002279	lower__20200911_160200_46_2235_3B_AnalyticMS_SR_8b_clip	pm5__20200905_20200924__0025	/scrfs/storage/yikebe/home/research/AR_Crop_Identification/make_dataset/raw_sentinel/pm5/pm5__20200905_20200924__0025	2020-09-07	697734.00000000,3715545.00000000,698502.00000000,3716313.00000000
train	002295	lower__20200911_160200_46_2235_3B_AnalyticMS_SR_8b_clip	pm5__20200905_20200924__0025	/scrfs/storage/yikebe/home/research/AR_Crop_Identification/make_dataset/raw_sentinel/pm5/pm5__20200905_20200924__0025	2020-09-07	715398.00000000,3715545.00000000,716166.00000000,3716313.00000000
train	002311	lower__20200911_160200_46_2235_3B_AnalyticMS_SR_8b_clip	pm5__20200905_20200924__0025	/scrfs/storage/yikebe/home/research/AR_Crop_Identification/make_dataset/raw_sentinel/pm5/pm5__20200905_20200924__0025	2020-09-07	716166.00000000,3715545.00000000,716934.00000000,3716313.00000000
train	002327	lower__20200911_160200_46_2235_3B_AnalyticMS_SR_8b_clip	pm5__20200905_20200924__0025	/scrfs/storage/yikebe/home/research/AR_Crop_Identification/make_dataset/raw_sentinel/pm5/pm5__20200905_20200924__0025	2020-09-07	696198.00000000,3714777.00000000,696966.00000000,3715545.00000000
train	002343	lower__20200911_160200_46_2235_3B_AnalyticMS_SR_8b_clip	pm5__20200905_20200924__0025	/scrfs/storage/yikebe/home/research/AR_Crop_Identification/make_dataset/raw_sentinel/pm5/pm5__20200905_20200924__0025	2020-09-07	714630.00000000,3714777.00000000,715398.00000000,3715545.00000000
train	002359	lower__20200911_160200_46_2235_3B_AnalyticMS_SR_8b_clip	pm5__20200905_20200924__0025	/scrfs/storage/yikebe/home/research/AR_Crop_Identification/make_dataset/raw_sentinel/pm5/pm5__20200905_20200924__0025	2020-09-07	715398.00000000,3714777.00000000,716166.00000000,3715545.00000000
train	002375	lower__20200911_160200_46_2235_3B_AnalyticMS_SR_8b_clip	pm5__20200905_20200924__0025	/scrfs/storage/yikebe/home/research/AR_Crop_Identification/make_dataset/raw_sentinel/pm5/pm5__20200905_20200924__0025	2020-09-07	716166.00000000,3714777.00000000,716934.00000000,3715545.00000000
train	002391	lower__20200911_160200_46_2235_3B_AnalyticMS_SR_8b_clip	pm5__20200905_20200924__0025	/scrfs/storage/yikebe/home/research/AR_Crop_Identification/make_dataset/raw_sentinel/pm5/pm5__20200905_20200924__0025	2020-09-07	692358.00000000,3714009.00000000,693126.00000000,3714777.00000000
train	002407	lower__20200911_160200_46_2235_3B_AnalyticMS_SR_8b_clip	pm5__20200905_20200924__0025	/scrfs/storage/yikebe/home/research/AR_Crop_Identification/make_dataset/raw_sentinel/pm5/pm5__20200905_20200924__0025	2020-09-07	713094.00000000,3714009.00000000,713862.00000000,3714777.00000000
train	002423	lower__20200911_160200_46_2235_3B_AnalyticMS_SR_8b_clip	pm5__20200905_20200924__0025	/scrfs/storage/yikebe/home/research/AR_Crop_Identification/make_dataset/raw_sentinel/pm5/pm5__20200905_20200924__0025	2020-09-07	713862.00000000,3714009.00000000,714630.00000000,3714777.00000000
train	002439	lower__20200911_160200_46_2235_3B_AnalyticMS_SR_8b_clip	pm5__20200905_20200924__0025	/scrfs/storage/yikebe/home/research/AR_Crop_Identification/make_dataset/raw_sentinel/pm5/pm5__20200905_20200924__0025	2020-09-07	714630.00000000,3714009.00000000,715398.00000000,3714777.00000000
train	002455	lower__20200911_160200_46_2235_3B_AnalyticMS_SR_8b_clip	pm5__20200905_20200924__0025	/scrfs/storage/yikebe/home/research/AR_Crop_Identification/make_dataset/raw_sentinel/pm5/pm5__20200905_20200924__0025	2020-09-07	696966.00000000,3713241.00000000,697734.00000000,3714009.00000000
train	002471	lower__20200911_160200_46_2235_3B_AnalyticMS_SR_8b_clip	pm5__20200905_20200924__0025	/scrfs/storage/yikebe/home/research/AR_Crop_Identification/make_dataset/raw_sentinel/pm5/pm5__20200905_20200924__0025	2020-09-07	712326.00000000,3711705.00000000,713094.00000000,3712473.00000000
train	002487	lower__20200911_160200_46_2235_3B_AnalyticMS_SR_8b_clip	pm5__20200905_20200924__0025	/scrfs/storage/yikebe/home/research/AR_Crop_Identification/make_dataset/raw_sentinel/pm5/pm5__20200905_20200924__0025	2020-09-07	713094.00000000,3711705.00000000,713862.00000000,3712473.00000000
train	002503	lower__20200911_160200_46_2235_3B_AnalyticMS_SR_8b_clip	pm5__20200905_20200924__0025	/scrfs/storage/yikebe/home/research/AR_Crop_Identification/make_dataset/raw_sentinel/pm5/pm5__20200905_20200924__0025	2020-09-07	712326.00000000,3710937.00000000,713094.00000000,3711705.00000000
train	002519	lower__20200911_160200_46_2235_3B_AnalyticMS_SR_8b_clip	pm5__20200905_20200924__0025	/scrfs/storage/yikebe/home/research/AR_Crop_Identification/make_dataset/raw_sentinel/pm5/pm5__20200905_20200924__0025	2020-09-07	714630.00000000,3710937.00000000,715398.00000000,3711705.00000000
train	002535	lower__20200911_160200_46_2235_3B_AnalyticMS_SR_8b_clip	pm5__20200905_20200924__0025	/scrfs/storage/yikebe/home/research/AR_Crop_Identification/make_dataset/raw_sentinel/pm5/pm5__20200905_20200924__0025	2020-09-07	715398.00000000,3710937.00000000,716166.00000000,3711705.00000000
train	002551	lower__20200911_160200_46_2235_3B_AnalyticMS_SR_8b_clip	pm5__20200905_20200924__0025	/scrfs/storage/yikebe/home/research/AR_Crop_Identification/make_dataset/raw_sentinel/pm5/pm5__20200905_20200924__0025	2020-09-07	713862.00000000,3710169.00000000,714630.00000000,3710937.00000000
train	002567	lower__20201110_160939_88_2279_3B_AnalyticMS_SR_8b_clip	pm5__20201105_20201124__0081	/scrfs/storage/yikebe/home/research/AR_Crop_Identification/make_dataset/raw_sentinel/pm5/pm5__20201105_20201124__0081	2020-11-09	632307.00000000,3811098.00000000,633075.00000000,3811866.00000000
train	002583	lower__20201110_160939_88_2279_3B_AnalyticMS_SR_8b_clip	pm5__20201105_20201124__0081	/scrfs/storage/yikebe/home/research/AR_Crop_Identification/make_dataset/raw_sentinel/pm5/pm5__20201105_20201124__0081	2020-11-09	637683.00000000,3811098.00000000,638451.00000000,3811866.00000000
train	002599	lower__20201110_160939_88_2279_3B_AnalyticMS_SR_8b_clip	pm5__20201105_20201124__0081	/scrfs/storage/yikebe/home/research/AR_Crop_Identification/make_dataset/raw_sentinel/pm5/pm5__20201105_20201124__0081	2020-11-09	632307.00000000,3810330.00000000,633075.00000000,3811098.00000000
train	002615	lower__20201110_160939_88_2279_3B_AnalyticMS_SR_8b_clip	pm5__20201105_20201124__0081	/scrfs/storage/yikebe/home/research/AR_Crop_Identification/make_dataset/raw_sentinel/pm5/pm5__20201105_20201124__0081	2020-11-09	636147.00000000,3808026.00000000,636915.00000000,3808794.00000000
train	002631	lower__20201110_160939_88_2279_3B_AnalyticMS_SR_8b_clip	pm5__20201105_20201124__0081	/scrfs/storage/yikebe/home/research/AR_Crop_Identification/make_dataset/raw_sentinel/pm5/pm5__20201105_20201124__0081	2020-11-09	635379.00000000,3807258.00000000,636147.00000000,3808026.00000000
train	002647	lower__20201110_160939_88_2279_3B_AnalyticMS_SR_8b_clip	pm5__20201105_20201124__0081	/scrfs/storage/yikebe/home/research/AR_Crop_Identification/make_dataset/raw_sentinel/pm5/pm5__20201105_20201124__0081	2020-11-09	636147.00000000,3806490.00000000,636915.00000000,3807258.00000000
train	002663	lower__20201110_160939_88_2279_3B_AnalyticMS_SR_8b_clip	pm5__20201105_20201124__0081	/scrfs/storage/yikebe/home/research/AR_Crop_Identification/make_dataset/raw_sentinel/pm5/pm5__20201105_20201124__0081	2020-11-09	635379.00000000,3804954.00000000,636147.00000000,3805722.00000000
train	002679	lower__20201110_160939_88_2279_3B_AnalyticMS_SR_8b_clip	pm5__20201105_20201124__0081	/scrfs/storage/yikebe/home/research/AR_Crop_Identification/make_dataset/raw_sentinel/pm5/pm5__20201105_20201124__0081	2020-11-09	615411.00000000,3802650.00000000,616179.00000000,3803418.00000000
train	002695	lower__20201110_160939_88_2279_3B_AnalyticMS_SR_8b_clip	pm5__20201105_20201124__0081	/scrfs/storage/yikebe/home/research/AR_Crop_Identification/make_dataset/raw_sentinel/pm5/pm5__20201105_20201124__0081	2020-11-09	616179.00000000,3802650.00000000,616947.00000000,3803418.00000000
train	002711	lower__20201110_160939_88_2279_3B_AnalyticMS_SR_8b_clip	pm5__20201105_20201124__0081	/scrfs/storage/yikebe/home/research/AR_Crop_Identification/make_dataset/raw_sentinel/pm5/pm5__20201105_20201124__0081	2020-11-09	639219.00000000,3801114.00000000,639987.00000000,3801882.00000000
train	002727	lower__20201111_161026_18_2264_3B_AnalyticMS_SR_8b_clip	pm5__20201105_20201124__0072	/scrfs/storage/yikebe/home/research/AR_Crop_Identification/make_dataset/raw_sentinel/pm5/pm5__20201105_20201124__0072	2020-11-11	615246.00000000,3790374.00000000,616014.00000000,3791142.00000000
train	002743	lower__20201111_161026_18_2264_3B_AnalyticMS_SR_8b_clip	pm5__20201105_20201124__0072	/scrfs/storage/yikebe/home/research/AR_Crop_Identification/make_dataset/raw_sentinel/pm5/pm5__20201105_20201124__0072	2020-11-11	611406.00000000,3789606.00000000,612174.00000000,3790374.00000000
train	002759	lower__20201111_165322_46_2401_3B_AnalyticMS_SR_8b_clip	pm5__20201105_20201124__0125	/scrfs/storage/yikebe/home/research/AR_Crop_Identification/make_dataset/raw_sentinel/pm5/pm5__20201105_20201124__0125	2020-11-11	732990.00000000,3806874.00000000,733758.00000000,3807642.00000000
train	002775	lower__20201111_165322_46_2401_3B_AnalyticMS_SR_8b_clip	pm5__20201105_20201124__0125	/scrfs/storage/yikebe/home/research/AR_Crop_Identification/make_dataset/raw_sentinel/pm5/pm5__20201105_20201124__0125	2020-11-11	726078.00000000,3806106.00000000,726846.00000000,3806874.00000000
train	002791	lower__20201111_165322_46_2401_3B_AnalyticMS_SR_8b_clip	pm5__20201105_20201124__0125	/scrfs/storage/yikebe/home/research/AR_Crop_Identification/make_dataset/raw_sentinel/pm5/pm5__20201105_20201124__0125	2020-11-11	732990.00000000,3806106.00000000,733758.00000000,3806874.00000000
train	002807	lower__20201111_165322_46_2401_3B_AnalyticMS_SR_8b_clip	pm5__20201105_20201124__0125	/scrfs/storage/yikebe/home/research/AR_Crop_Identification/make_dataset/raw_sentinel/pm5/pm5__20201105_20201124__0125	2020-11-11	717630.00000000,3805338.00000000,718398.00000000,3806106.00000000
train	002823	lower__20201111_165322_46_2401_3B_AnalyticMS_SR_8b_clip	pm5__20201105_20201124__0125	/scrfs/storage/yikebe/home/research/AR_Crop_Identification/make_dataset/raw_sentinel/pm5/pm5__20201105_20201124__0125	2020-11-11	724542.00000000,3805338.00000000,725310.00000000,3806106.00000000
train	002839	lower__20201111_165322_46_2401_3B_AnalyticMS_SR_8b_clip	pm5__20201105_20201124__0125	/scrfs/storage/yikebe/home/research/AR_Crop_Identification/make_dataset/raw_sentinel/pm5/pm5__20201105_20201124__0125	2020-11-11	726078.00000000,3804570.00000000,726846.00000000,3805338.00000000
train	002855	lower__20201111_165322_46_2401_3B_AnalyticMS_SR_8b_clip	pm5__20201105_20201124__0125	/scrfs/storage/yikebe/home/research/AR_Crop_Identification/make_dataset/raw_sentinel/pm5/pm5__20201105_20201124__0125	2020-11-11	728382.00000000,3804570.00000000,729150.00000000,3805338.00000000
train	002871	lower__20201111_165322_46_2401_3B_AnalyticMS_SR_8b_clip	pm5__20201105_20201124__0125	/scrfs/storage/yikebe/home/research/AR_Crop_Identification/make_dataset/raw_sentinel/pm5/pm5__20201105_20201124__0125	2020-11-11	730686.00000000,3804570.00000000,731454.00000000,3805338.00000000
train	002887	lower__20201111_165322_46_2401_3B_AnalyticMS_SR_8b_clip	pm5__20201105_20201124__0125	/scrfs/storage/yikebe/home/research/AR_Crop_Identification/make_dataset/raw_sentinel/pm5/pm5__20201105_20201124__0125	2020-11-11	735294.00000000,3804570.00000000,736062.00000000,3805338.00000000
train	002903	lower__20201111_165322_46_2401_3B_AnalyticMS_SR_8b_clip	pm5__20201105_20201124__0125	/scrfs/storage/yikebe/home/research/AR_Crop_Identification/make_dataset/raw_sentinel/pm5/pm5__20201105_20201124__0125	2020-11-11	737598.00000000,3804570.00000000,738366.00000000,3805338.00000000
train	002919	lower__20201111_165322_46_2401_3B_AnalyticMS_SR_8b_clip	pm5__20201105_20201124__0125	/scrfs/storage/yikebe/home/research/AR_Crop_Identification/make_dataset/raw_sentinel/pm5/pm5__20201105_20201124__0125	2020-11-11	720702.00000000,3803802.00000000,721470.00000000,3804570.00000000
train	002935	lower__20201111_165322_46_2401_3B_AnalyticMS_SR_8b_clip	pm5__20201105_20201124__0125	/scrfs/storage/yikebe/home/research/AR_Crop_Identification/make_dataset/raw_sentinel/pm5/pm5__20201105_20201124__0125	2020-11-11	723006.00000000,3803802.00000000,723774.00000000,3804570.00000000
train	002951	lower__20201111_165322_46_2401_3B_AnalyticMS_SR_8b_clip	pm5__20201105_20201124__0125	/scrfs/storage/yikebe/home/research/AR_Crop_Identification/make_dataset/raw_sentinel/pm5/pm5__20201105_20201124__0125	2020-11-11	724542.00000000,3803802.00000000,725310.00000000,3804570.00000000
train	002967	lower__20201111_165322_46_2401_3B_AnalyticMS_SR_8b_clip	pm5__20201105_20201124__0125	/scrfs/storage/yikebe/home/research/AR_Crop_Identification/make_dataset/raw_sentinel/pm5/pm5__20201105_20201124__0125	2020-11-11	729150.00000000,3803802.00000000,729918.00000000,3804570.00000000
train	002983	lower__20201111_165322_46_2401_3B_AnalyticMS_SR_8b_clip	pm5__20201105_20201124__0125	/scrfs/storage/yikebe/home/research/AR_Crop_Identification/make_dataset/raw_sentinel/pm5/pm5__20201105_20201124__0125	2020-11-11	729918.00000000,3803802.00000000,730686.00000000,3804570.00000000
train	002999	lower__20201111_165322_46_2401_3B_AnalyticMS_SR_8b_clip	pm5__20201105_20201124__0125	/scrfs/storage/yikebe/home/research/AR_Crop_Identification/make_dataset/raw_sentinel/pm5/pm5__20201105_20201124__0125	2020-11-11	730686.00000000,3803802.00000000,731454.00000000,3804570.00000000
train	003015	lower__20201111_165322_46_2401_3B_AnalyticMS_SR_8b_clip	pm5__20201105_20201124__0125	/scrfs/storage/yikebe/home/research/AR_Crop_Identification/make_dataset/raw_sentinel/pm5/pm5__20201105_20201124__0125	2020-11-11	732990.00000000,3803802.00000000,733758.00000000,3804570.00000000
train	003031	lower__20201111_165322_46_2401_3B_AnalyticMS_SR_8b_clip	pm5__20201105_20201124__0125	/scrfs/storage/yikebe/home/research/AR_Crop_Identification/make_dataset/raw_sentinel/pm5/pm5__20201105_20201124__0125	2020-11-11	733758.00000000,3803802.00000000,734526.00000000,3804570.00000000
train	003047	lower__20201111_165322_46_2401_3B_AnalyticMS_SR_8b_clip	pm5__20201105_20201124__0125	/scrfs/storage/yikebe/home/research/AR_Crop_Identification/make_dataset/raw_sentinel/pm5/pm5__20201105_20201124__0125	2020-11-11	734526.00000000,3803802.00000000,735294.00000000,3804570.00000000
train	003063	lower__20201111_165322_46_2401_3B_AnalyticMS_SR_8b_clip	pm5__20201105_20201124__0125	/scrfs/storage/yikebe/home/research/AR_Crop_Identification/make_dataset/raw_sentinel/pm5/pm5__20201105_20201124__0125	2020-11-11	736062.00000000,3803802.00000000,736830.00000000,3804570.00000000
train	003079	lower__20201111_165322_46_2401_3B_AnalyticMS_SR_8b_clip	pm5__20201105_20201124__0125	/scrfs/storage/yikebe/home/research/AR_Crop_Identification/make_dataset/raw_sentinel/pm5/pm5__20201105_20201124__0125	2020-11-11	718398.00000000,3803034.00000000,719166.00000000,3803802.00000000
train	003095	lower__20201111_165322_46_2401_3B_AnalyticMS_SR_8b_clip	pm5__20201105_20201124__0125	/scrfs/storage/yikebe/home/research/AR_Crop_Identification/make_dataset/raw_sentinel/pm5/pm5__20201105_20201124__0125	2020-11-11	719934.00000000,3803034.00000000,720702.00000000,3803802.00000000
train	003111	lower__20201111_165322_46_2401_3B_AnalyticMS_SR_8b_clip	pm5__20201105_20201124__0125	/scrfs/storage/yikebe/home/research/AR_Crop_Identification/make_dataset/raw_sentinel/pm5/pm5__20201105_20201124__0125	2020-11-11	723774.00000000,3803034.00000000,724542.00000000,3803802.00000000
train	003127	lower__20201111_165322_46_2401_3B_AnalyticMS_SR_8b_clip	pm5__20201105_20201124__0125	/scrfs/storage/yikebe/home/research/AR_Crop_Identification/make_dataset/raw_sentinel/pm5/pm5__20201105_20201124__0125	2020-11-11	733758.00000000,3803034.00000000,734526.00000000,3803802.00000000
train	003143	lower__20201111_165322_46_2401_3B_AnalyticMS_SR_8b_clip	pm5__20201105_20201124__0125	/scrfs/storage/yikebe/home/research/AR_Crop_Identification/make_dataset/raw_sentinel/pm5/pm5__20201105_20201124__0125	2020-11-11	735294.00000000,3803034.00000000,736062.00000000,3803802.00000000
train	003159	lower__20201111_165322_46_2401_3B_AnalyticMS_SR_8b_clip	pm5__20201105_20201124__0125	/scrfs/storage/yikebe/home/research/AR_Crop_Identification/make_dataset/raw_sentinel/pm5/pm5__20201105_20201124__0125	2020-11-11	736062.00000000,3803034.00000000,736830.00000000,3803802.00000000
train	003175	lower__20201111_165322_46_2401_3B_AnalyticMS_SR_8b_clip	pm5__20201105_20201124__0125	/scrfs/storage/yikebe/home/research/AR_Crop_Identification/make_dataset/raw_sentinel/pm5/pm5__20201105_20201124__0125	2020-11-11	744510.00000000,3803034.00000000,745278.00000000,3803802.00000000
train	003191	lower__20201111_165322_46_2401_3B_AnalyticMS_SR_8b_clip	pm5__20201105_20201124__0125	/scrfs/storage/yikebe/home/research/AR_Crop_Identification/make_dataset/raw_sentinel/pm5/pm5__20201105_20201124__0125	2020-11-11	745278.00000000,3803034.00000000,746046.00000000,3803802.00000000
train	003207	lower__20201111_165322_46_2401_3B_AnalyticMS_SR_8b_clip	pm5__20201105_20201124__0125	/scrfs/storage/yikebe/home/research/AR_Crop_Identification/make_dataset/raw_sentinel/pm5/pm5__20201105_20201124__0125	2020-11-11	749118.00000000,3803034.00000000,749886.00000000,3803802.00000000
train	003223	lower__20201111_165322_46_2401_3B_AnalyticMS_SR_8b_clip	pm5__20201105_20201124__0125	/scrfs/storage/yikebe/home/research/AR_Crop_Identification/make_dataset/raw_sentinel/pm5/pm5__20201105_20201124__0125	2020-11-11	719934.00000000,3802266.00000000,720702.00000000,3803034.00000000
train	003239	lower__20201111_165322_46_2401_3B_AnalyticMS_SR_8b_clip	pm5__20201105_20201124__0125	/scrfs/storage/yikebe/home/research/AR_Crop_Identification/make_dataset/raw_sentinel/pm5/pm5__20201105_20201124__0125	2020-11-11	733758.00000000,3802266.00000000,734526.00000000,3803034.00000000
train	003255	lower__20201111_165322_46_2401_3B_AnalyticMS_SR_8b_clip	pm5__20201105_20201124__0125	/scrfs/storage/yikebe/home/research/AR_Crop_Identification/make_dataset/raw_sentinel/pm5/pm5__20201105_20201124__0125	2020-11-11	734526.00000000,3802266.00000000,735294.00000000,3803034.00000000
train	003271	lower__20201111_165322_46_2401_3B_AnalyticMS_SR_8b_clip	pm5__20201105_20201124__0125	/scrfs/storage/yikebe/home/research/AR_Crop_Identification/make_dataset/raw_sentinel/pm5/pm5__20201105_20201124__0125	2020-11-11	735294.00000000,3802266.00000000,736062.00000000,3803034.00000000
train	003287	lower__20201111_165322_46_2401_3B_AnalyticMS_SR_8b_clip	pm5__20201105_20201124__0125	/scrfs/storage/yikebe/home/research/AR_Crop_Identification/make_dataset/raw_sentinel/pm5/pm5__20201105_20201124__0125	2020-11-11	736062.00000000,3802266.00000000,736830.00000000,3803034.00000000
train	003303	lower__20201111_165322_46_2401_3B_AnalyticMS_SR_8b_clip	pm5__20201105_20201124__0125	/scrfs/storage/yikebe/home/research/AR_Crop_Identification/make_dataset/raw_sentinel/pm5/pm5__20201105_20201124__0125	2020-11-11	742206.00000000,3802266.00000000,742974.00000000,3803034.00000000
train	003319	lower__20201111_165322_46_2401_3B_AnalyticMS_SR_8b_clip	pm5__20201105_20201124__0125	/scrfs/storage/yikebe/home/research/AR_Crop_Identification/make_dataset/raw_sentinel/pm5/pm5__20201105_20201124__0125	2020-11-11	742974.00000000,3802266.00000000,743742.00000000,3803034.00000000
train	003335	lower__20201111_165322_46_2401_3B_AnalyticMS_SR_8b_clip	pm5__20201105_20201124__0125	/scrfs/storage/yikebe/home/research/AR_Crop_Identification/make_dataset/raw_sentinel/pm5/pm5__20201105_20201124__0125	2020-11-11	719166.00000000,3801498.00000000,719934.00000000,3802266.00000000
train	003351	lower__20201111_165322_46_2401_3B_AnalyticMS_SR_8b_clip	pm5__20201105_20201124__0125	/scrfs/storage/yikebe/home/research/AR_Crop_Identification/make_dataset/raw_sentinel/pm5/pm5__20201105_20201124__0125	2020-11-11	726846.00000000,3801498.00000000,727614.00000000,3802266.00000000
train	003367	lower__20201111_165322_46_2401_3B_AnalyticMS_SR_8b_clip	pm5__20201105_20201124__0125	/scrfs/storage/yikebe/home/research/AR_Crop_Identification/make_dataset/raw_sentinel/pm5/pm5__20201105_20201124__0125	2020-11-11	729918.00000000,3801498.00000000,730686.00000000,3802266.00000000
train	003383	lower__20201111_165322_46_2401_3B_AnalyticMS_SR_8b_clip	pm5__20201105_20201124__0125	/scrfs/storage/yikebe/home/research/AR_Crop_Identification/make_dataset/raw_sentinel/pm5/pm5__20201105_20201124__0125	2020-11-11	732990.00000000,3801498.00000000,733758.00000000,3802266.00000000
train	003399	lower__20201111_165322_46_2401_3B_AnalyticMS_SR_8b_clip	pm5__20201105_20201124__0125	/scrfs/storage/yikebe/home/research/AR_Crop_Identification/make_dataset/raw_sentinel/pm5/pm5__20201105_20201124__0125	2020-11-11	734526.00000000,3801498.00000000,735294.00000000,3802266.00000000
train	003415	lower__20201111_165322_46_2401_3B_AnalyticMS_SR_8b_clip	pm5__20201105_20201124__0125	/scrfs/storage/yikebe/home/research/AR_Crop_Identification/make_dataset/raw_sentinel/pm5/pm5__20201105_20201124__0125	2020-11-11	748350.00000000,3801498.00000000,749118.00000000,3802266.00000000
train	003431	lower__20201111_165322_46_2401_3B_AnalyticMS_SR_8b_clip	pm5__20201105_20201124__0125	/scrfs/storage/yikebe/home/research/AR_Crop_Identification/make_dataset/raw_sentinel/pm5/pm5__20201105_20201124__0125	2020-11-11	719166.00000000,3800730.00000000,719934.00000000,3801498.00000000
train	003447	lower__20201111_165322_46_2401_3B_AnalyticMS_SR_8b_clip	pm5__20201105_20201124__0125	/scrfs/storage/yikebe/home/research/AR_Crop_Identification/make_dataset/raw_sentinel/pm5/pm5__20201105_20201124__0125	2020-11-11	726078.00000000,3800730.00000000,726846.00000000,3801498.00000000
train	003463	lower__20201111_165322_46_2401_3B_AnalyticMS_SR_8b_clip	pm5__20201105_20201124__0125	/scrfs/storage/yikebe/home/research/AR_Crop_Identification/make_dataset/raw_sentinel/pm5/pm5__20201105_20201124__0125	2020-11-11	726846.00000000,3800730.00000000,727614.00000000,3801498.00000000
train	003479	lower__20201111_165322_46_2401_3B_AnalyticMS_SR_8b_clip	pm5__20201105_20201124__0125	/scrfs/storage/yikebe/home/research/AR_Crop_Identification/make_dataset/raw_sentinel/pm5/pm5__20201105_20201124__0125	2020-11-11	729150.00000000,3800730.00000000,729918.00000000,3801498.00000000
train	003495	lower__20201111_165322_46_2401_3B_AnalyticMS_SR_8b_clip	pm5__20201105_20201124__0125	/scrfs/storage/yikebe/home/research/AR_Crop_Identification/make_dataset/raw_sentinel/pm5/pm5__20201105_20201124__0125	2020-11-11	731454.00000000,3800730.00000000,732222.00000000,3801498.00000000
train	003511	lower__20201111_165322_46_2401_3B_AnalyticMS_SR_8b_clip	pm5__20201105_20201124__0125	/scrfs/storage/yikebe/home/research/AR_Crop_Identification/make_dataset/raw_sentinel/pm5/pm5__20201105_20201124__0125	2020-11-11	726078.00000000,3799962.00000000,726846.00000000,3800730.00000000
train	003527	lower__20201111_165322_46_2401_3B_AnalyticMS_SR_8b_clip	pm5__20201105_20201124__0125	/scrfs/storage/yikebe/home/research/AR_Crop_Identification/make_dataset/raw_sentinel/pm5/pm5__20201105_20201124__0125	2020-11-11	726846.00000000,3799962.00000000,727614.00000000,3800730.00000000
train	003543	lower__20201111_165322_46_2401_3B_AnalyticMS_SR_8b_clip	pm5__20201105_20201124__0125	/scrfs/storage/yikebe/home/research/AR_Crop_Identification/make_dataset/raw_sentinel/pm5/pm5__20201105_20201124__0125	2020-11-11	728382.00000000,3799962.00000000,729150.00000000,3800730.00000000
train	003559	lower__20201111_165322_46_2401_3B_AnalyticMS_SR_8b_clip	pm5__20201105_20201124__0125	/scrfs/storage/yikebe/home/research/AR_Crop_Identification/make_dataset/raw_sentinel/pm5/pm5__20201105_20201124__0125	2020-11-11	729150.00000000,3799962.00000000,729918.00000000,3800730.00000000
train	003575	lower__20201111_165322_46_2401_3B_AnalyticMS_SR_8b_clip	pm5__20201105_20201124__0125	/scrfs/storage/yikebe/home/research/AR_Crop_Identification/make_dataset/raw_sentinel/pm5/pm5__20201105_20201124__0125	2020-11-11	723006.00000000,3799194.00000000,723774.00000000,3799962.00000000
train	003591	lower__20201111_165322_46_2401_3B_AnalyticMS_SR_8b_clip	pm5__20201105_20201124__0125	/scrfs/storage/yikebe/home/research/AR_Crop_Identification/make_dataset/raw_sentinel/pm5/pm5__20201105_20201124__0125	2020-11-11	726078.00000000,3799194.00000000,726846.00000000,3799962.00000000
train	003607	lower__20201111_165322_46_2401_3B_AnalyticMS_SR_8b_clip	pm5__20201105_20201124__0125	/scrfs/storage/yikebe/home/research/AR_Crop_Identification/make_dataset/raw_sentinel/pm5/pm5__20201105_20201124__0125	2020-11-11	728382.00000000,3799194.00000000,729150.00000000,3799962.00000000
train	003623	lower__20201111_165322_46_2401_3B_AnalyticMS_SR_8b_clip	pm5__20201105_20201124__0125	/scrfs/storage/yikebe/home/research/AR_Crop_Identification/make_dataset/raw_sentinel/pm5/pm5__20201105_20201124__0125	2020-11-11	729150.00000000,3799194.00000000,729918.00000000,3799962.00000000
train	003639	lower__20201111_165322_46_2401_3B_AnalyticMS_SR_8b_clip	pm5__20201105_20201124__0125	/scrfs/storage/yikebe/home/research/AR_Crop_Identification/make_dataset/raw_sentinel/pm5/pm5__20201105_20201124__0125	2020-11-11	717630.00000000,3798426.00000000,718398.00000000,3799194.00000000
train	003655	lower__20201111_165322_46_2401_3B_AnalyticMS_SR_8b_clip	pm5__20201105_20201124__0125	/scrfs/storage/yikebe/home/research/AR_Crop_Identification/make_dataset/raw_sentinel/pm5/pm5__20201105_20201124__0125	2020-11-11	719166.00000000,3798426.00000000,719934.00000000,3799194.00000000
train	003671	lower__20201111_165322_46_2401_3B_AnalyticMS_SR_8b_clip	pm5__20201105_20201124__0125	/scrfs/storage/yikebe/home/research/AR_Crop_Identification/make_dataset/raw_sentinel/pm5/pm5__20201105_20201124__0125	2020-11-11	721470.00000000,3798426.00000000,722238.00000000,3799194.00000000
train	003687	lower__20201111_165322_46_2401_3B_AnalyticMS_SR_8b_clip	pm5__20201105_20201124__0125	/scrfs/storage/yikebe/home/research/AR_Crop_Identification/make_dataset/raw_sentinel/pm5/pm5__20201105_20201124__0125	2020-11-11	726078.00000000,3798426.00000000,726846.00000000,3799194.00000000
train	003703	lower__20201111_165322_46_2401_3B_AnalyticMS_SR_8b_clip	pm5__20201105_20201124__0125	/scrfs/storage/yikebe/home/research/AR_Crop_Identification/make_dataset/raw_sentinel/pm5/pm5__20201105_20201124__0125	2020-11-11	728382.00000000,3798426.00000000,729150.00000000,3799194.00000000
train	003719	lower__20201111_165322_46_2401_3B_AnalyticMS_SR_8b_clip	pm5__20201105_20201124__0125	/scrfs/storage/yikebe/home/research/AR_Crop_Identification/make_dataset/raw_sentinel/pm5/pm5__20201105_20201124__0125	2020-11-11	731454.00000000,3798426.00000000,732222.00000000,3799194.00000000
train	003735	lower__20201111_165322_46_2401_3B_AnalyticMS_SR_8b_clip	pm5__20201105_20201124__0125	/scrfs/storage/yikebe/home/research/AR_Crop_Identification/make_dataset/raw_sentinel/pm5/pm5__20201105_20201124__0125	2020-11-11	726846.00000000,3797658.00000000,727614.00000000,3798426.00000000
train	003751	lower__20201111_165322_46_2401_3B_AnalyticMS_SR_8b_clip	pm5__20201105_20201124__0125	/scrfs/storage/yikebe/home/research/AR_Crop_Identification/make_dataset/raw_sentinel/pm5/pm5__20201105_20201124__0125	2020-11-11	736062.00000000,3797658.00000000,736830.00000000,3798426.00000000
train	003767	lower__20201111_165322_46_2401_3B_AnalyticMS_SR_8b_clip	pm5__20201105_20201124__0125	/scrfs/storage/yikebe/home/research/AR_Crop_Identification/make_dataset/raw_sentinel/pm5/pm5__20201105_20201124__0125	2020-11-11	726846.00000000,3796122.00000000,727614.00000000,3796890.00000000
train	003783	lower__20201111_165322_46_2401_3B_AnalyticMS_SR_8b_clip	pm5__20201105_20201124__0125	/scrfs/storage/yikebe/home/research/AR_Crop_Identification/make_dataset/raw_sentinel/pm5/pm5__20201105_20201124__0125	2020-11-11	728382.00000000,3796122.00000000,729150.00000000,3796890.00000000
train	003799	lower__20201111_165322_46_2401_3B_AnalyticMS_SR_8b_clip	pm5__20201105_20201124__0125	/scrfs/storage/yikebe/home/research/AR_Crop_Identification/make_dataset/raw_sentinel/pm5/pm5__20201105_20201124__0125	2020-11-11	730686.00000000,3796122.00000000,731454.00000000,3796890.00000000
train	003815	lower__20201111_165322_46_2401_3B_AnalyticMS_SR_8b_clip	pm5__20201105_20201124__0125	/scrfs/storage/yikebe/home/research/AR_Crop_Identification/make_dataset/raw_sentinel/pm5/pm5__20201105_20201124__0125	2020-11-11	735294.00000000,3796122.00000000,736062.00000000,3796890.00000000
train	003831	lower__20201111_165322_46_2401_3B_AnalyticMS_SR_8b_clip	pm5__20201105_20201124__0125	/scrfs/storage/yikebe/home/research/AR_Crop_Identification/make_dataset/raw_sentinel/pm5/pm5__20201105_20201124__0125	2020-11-11	736062.00000000,3796122.00000000,736830.00000000,3796890.00000000
train	003847	lower__20201111_165322_46_2401_3B_AnalyticMS_SR_8b_clip	pm5__20201105_20201124__0125	/scrfs/storage/yikebe/home/research/AR_Crop_Identification/make_dataset/raw_sentinel/pm5/pm5__20201105_20201124__0125	2020-11-11	742206.00000000,3796122.00000000,742974.00000000,3796890.00000000
train	003863	lower__20201111_165322_46_2401_3B_AnalyticMS_SR_8b_clip	pm5__20201105_20201124__0125	/scrfs/storage/yikebe/home/research/AR_Crop_Identification/make_dataset/raw_sentinel/pm5/pm5__20201105_20201124__0125	2020-11-11	719934.00000000,3795354.00000000,720702.00000000,3796122.00000000
train	003879	lower__20201111_165322_46_2401_3B_AnalyticMS_SR_8b_clip	pm5__20201105_20201124__0125	/scrfs/storage/yikebe/home/research/AR_Crop_Identification/make_dataset/raw_sentinel/pm5/pm5__20201105_20201124__0125	2020-11-11	726846.00000000,3795354.00000000,727614.00000000,3796122.00000000
train	003895	lower__20201111_165322_46_2401_3B_AnalyticMS_SR_8b_clip	pm5__20201105_20201124__0125	/scrfs/storage/yikebe/home/research/AR_Crop_Identification/make_dataset/raw_sentinel/pm5/pm5__20201105_20201124__0125	2020-11-11	728382.00000000,3795354.00000000,729150.00000000,3796122.00000000
train	003911	lower__20201111_165322_46_2401_3B_AnalyticMS_SR_8b_clip	pm5__20201105_20201124__0125	/scrfs/storage/yikebe/home/research/AR_Crop_Identification/make_dataset/raw_sentinel/pm5/pm5__20201105_20201124__0125	2020-11-11	730686.00000000,3795354.00000000,731454.00000000,3796122.00000000
train	003927	lower__20201111_165322_46_2401_3B_AnalyticMS_SR_8b_clip	pm5__20201105_20201124__0125	/scrfs/storage/yikebe/home/research/AR_Crop_Identification/make_dataset/raw_sentinel/pm5/pm5__20201105_20201124__0125	2020-11-11	732990.00000000,3795354.00000000,733758.00000000,3796122.00000000
train	003943	lower__20201111_165322_46_2401_3B_AnalyticMS_SR_8b_clip	pm5__20201105_20201124__0125	/scrfs/storage/yikebe/home/research/AR_Crop_Identification/make_dataset/raw_sentinel/pm5/pm5__20201105_20201124__0125	2020-11-11	726078.00000000,3794586.00000000,726846.00000000,3795354.00000000
train	003959	lower__20201111_165322_46_2401_3B_AnalyticMS_SR_8b_clip	pm5__20201105_20201124__0125	/scrfs/storage/yikebe/home/research/AR_Crop_Identification/make_dataset/raw_sentinel/pm5/pm5__20201105_20201124__0125	2020-11-11	730686.00000000,3794586.00000000,731454.00000000,3795354.00000000
train	003975	lower__20201111_165322_46_2401_3B_AnalyticMS_SR_8b_clip	pm5__20201105_20201124__0125	/scrfs/storage/yikebe/home/research/AR_Crop_Identification/make_dataset/raw_sentinel/pm5/pm5__20201105_20201124__0125	2020-11-11	731454.00000000,3794586.00000000,732222.00000000,3795354.00000000
train	003991	lower__20201111_165322_46_2401_3B_AnalyticMS_SR_8b_clip	pm5__20201105_20201124__0125	/scrfs/storage/yikebe/home/research/AR_Crop_Identification/make_dataset/raw_sentinel/pm5/pm5__20201105_20201124__0125	2020-11-11	732222.00000000,3794586.00000000,732990.00000000,3795354.00000000
train	004007	lower__20201111_165322_46_2401_3B_AnalyticMS_SR_8b_clip	pm5__20201105_20201124__0125	/scrfs/storage/yikebe/home/research/AR_Crop_Identification/make_dataset/raw_sentinel/pm5/pm5__20201105_20201124__0125	2020-11-11	716862.00000000,3793818.00000000,717630.00000000,3794586.00000000
train	004023	lower__20201111_165322_46_2401_3B_AnalyticMS_SR_8b_clip	pm5__20201105_20201124__0125	/scrfs/storage/yikebe/home/research/AR_Crop_Identification/make_dataset/raw_sentinel/pm5/pm5__20201105_20201124__0125	2020-11-11	726078.00000000,3793818.00000000,726846.00000000,3794586.00000000
train	004039	lower__20201111_165322_46_2401_3B_AnalyticMS_SR_8b_clip	pm5__20201105_20201124__0125	/scrfs/storage/yikebe/home/research/AR_Crop_Identification/make_dataset/raw_sentinel/pm5/pm5__20201105_20201124__0125	2020-11-11	726846.00000000,3793818.00000000,727614.00000000,3794586.00000000
train	004055	lower__20201111_165322_46_2401_3B_AnalyticMS_SR_8b_clip	pm5__20201105_20201124__0125	/scrfs/storage/yikebe/home/research/AR_Crop_Identification/make_dataset/raw_sentinel/pm5/pm5__20201105_20201124__0125	2020-11-11	726078.00000000,3793050.00000000,726846.00000000,3793818.00000000
train	004071	lower__20201111_165322_46_2401_3B_AnalyticMS_SR_8b_clip	pm5__20201105_20201124__0125	/scrfs/storage/yikebe/home/research/AR_Crop_Identification/make_dataset/raw_sentinel/pm5/pm5__20201105_20201124__0125	2020-11-11	741438.00000000,3792282.00000000,742206.00000000,3793050.00000000
train	004087	lower__20201111_165322_46_2401_3B_AnalyticMS_SR_8b_clip	pm5__20201105_20201124__0125	/scrfs/storage/yikebe/home/research/AR_Crop_Identification/make_dataset/raw_sentinel/pm5/pm5__20201105_20201124__0125	2020-11-11	726846.00000000,3791514.00000000,727614.00000000,3792282.00000000
train	004103	lower__20201111_165322_46_2401_3B_AnalyticMS_SR_8b_clip	pm5__20201105_20201124__0125	/scrfs/storage/yikebe/home/research/AR_Crop_Identification/make_dataset/raw_sentinel/pm5/pm5__20201105_20201124__0125	2020-11-11	728382.00000000,3791514.00000000,729150.00000000,3792282.00000000
train	004119	lower__20201111_165322_46_2401_3B_AnalyticMS_SR_8b_clip	pm5__20201105_20201124__0125	/scrfs/storage/yikebe/home/research/AR_Crop_Identification/make_dataset/raw_sentinel/pm5/pm5__20201105_20201124__0125	2020-11-11	735294.00000000,3791514.00000000,736062.00000000,3792282.00000000
train	004135	lower__20201111_165322_46_2401_3B_AnalyticMS_SR_8b_clip	pm5__20201105_20201124__0125	/scrfs/storage/yikebe/home/research/AR_Crop_Identification/make_dataset/raw_sentinel/pm5/pm5__20201105_20201124__0125	2020-11-11	737598.00000000,3791514.00000000,738366.00000000,3792282.00000000
train	004151	lower__20201111_165322_46_2401_3B_AnalyticMS_SR_8b_clip	pm5__20201105_20201124__0125	/scrfs/storage/yikebe/home/research/AR_Crop_Identification/make_dataset/raw_sentinel/pm5/pm5__20201105_20201124__0125	2020-11-11	739134.00000000,3790746.00000000,739902.00000000,3791514.00000000
train	004167	lower__20201111_165322_46_2401_3B_AnalyticMS_SR_8b_clip	pm5__20201105_20201124__0125	/scrfs/storage/yikebe/home/research/AR_Crop_Identification/make_dataset/raw_sentinel/pm5/pm5__20201105_20201124__0125	2020-11-11	739902.00000000,3790746.00000000,740670.00000000,3791514.00000000
train	004183	lower__20201111_165322_46_2401_3B_AnalyticMS_SR_8b_clip	pm5__20201105_20201124__0125	/scrfs/storage/yikebe/home/research/AR_Crop_Identification/make_dataset/raw_sentinel/pm5/pm5__20201105_20201124__0125	2020-11-11	730686.00000000,3786906.00000000,731454.00000000,3787674.00000000
train	004199	lower__20201111_165322_46_2401_3B_AnalyticMS_SR_8b_clip	pm5__20201105_20201124__0125	/scrfs/storage/yikebe/home/research/AR_Crop_Identification/make_dataset/raw_sentinel/pm5/pm5__20201105_20201124__0125	2020-11-11	732222.00000000,3786906.00000000,732990.00000000,3787674.00000000
train	004215	lower__20201111_165322_46_2401_3B_AnalyticMS_SR_8b_clip	pm5__20201105_20201124__0125	/scrfs/storage/yikebe/home/research/AR_Crop_Identification/make_dataset/raw_sentinel/pm5/pm5__20201105_20201124__0125	2020-11-11	733758.00000000,3786906.00000000,734526.00000000,3787674.00000000
train	004231	lower__20201112_165335_37_2274_3B_AnalyticMS_SR_8b_clip	pm5__20201105_20201124__0128	/scrfs/storage/yikebe/home/research/AR_Crop_Identification/make_dataset/raw_sentinel/pm5/pm5__20201105_20201124__0128	2020-11-11	739089.00000000,3845706.00000000,739857.00000000,3846474.00000000
train	004247	lower__20201112_165335_37_2274_3B_AnalyticMS_SR_8b_clip	pm5__20201105_20201124__0128	/scrfs/storage/yikebe/home/research/AR_Crop_Identification/make_dataset/raw_sentinel/pm5/pm5__20201105_20201124__0128	2020-11-11	736785.00000000,3840330.00000000,737553.00000000,3841098.00000000
train	004263	lower__20201112_165501_27_2407_3B_AnalyticMS_SR_8b_clip	pm5__20201105_20201124__0104	/scrfs/storage/yikebe/home/research/AR_Crop_Identification/make_dataset/raw_sentinel/pm5/pm5__20201105_20201124__0104	2020-11-11	686997.00000000,3846771.00000000,687765.00000000,3847539.00000000
val	000007	lower__20201112_165519_53_2407_3B_AnalyticMS_SR_8b_clip	pm5__20201105_20201124__0096	/scrfs/storage/yikebe/home/research/AR_Crop_Identification/make_dataset/raw_sentinel/pm5/pm5__20201105_20201124__0096	2020-11-11	647217.00000000,3740379.00000000,647985.00000000,3741147.00000000
val	000023	lower__20201112_165519_53_2407_3B_AnalyticMS_SR_8b_clip	pm5__20201105_20201124__0096	/scrfs/storage/yikebe/home/research/AR_Crop_Identification/make_dataset/raw_sentinel/pm5/pm5__20201105_20201124__0096	2020-11-11	661809.00000000,3740379.00000000,662577.00000000,3741147.00000000
val	000039	lower__20201112_165519_53_2407_3B_AnalyticMS_SR_8b_clip	pm5__20201105_20201124__0096	/scrfs/storage/yikebe/home/research/AR_Crop_Identification/make_dataset/raw_sentinel/pm5/pm5__20201105_20201124__0096	2020-11-11	662577.00000000,3740379.00000000,663345.00000000,3741147.00000000
val	000055	lower__20201112_165519_53_2407_3B_AnalyticMS_SR_8b_clip	pm5__20201105_20201124__0096	/scrfs/storage/yikebe/home/research/AR_Crop_Identification/make_dataset/raw_sentinel/pm5/pm5__20201105_20201124__0096	2020-11-11	647217.00000000,3739611.00000000,647985.00000000,3740379.00000000
val	000071	lower__20201112_165519_53_2407_3B_AnalyticMS_SR_8b_clip	pm5__20201105_20201124__0096	/scrfs/storage/yikebe/home/research/AR_Crop_Identification/make_dataset/raw_sentinel/pm5/pm5__20201105_20201124__0096	2020-11-11	647217.00000000,3738843.00000000,647985.00000000,3739611.00000000
val	000087	lower__20201112_165519_53_2407_3B_AnalyticMS_SR_8b_clip	pm5__20201105_20201124__0096	/scrfs/storage/yikebe/home/research/AR_Crop_Identification/make_dataset/raw_sentinel/pm5/pm5__20201105_20201124__0096	2020-11-11	647985.00000000,3738843.00000000,648753.00000000,3739611.00000000
val	000103	lower__20201112_165519_53_2407_3B_AnalyticMS_SR_8b_clip	pm5__20201105_20201124__0096	/scrfs/storage/yikebe/home/research/AR_Crop_Identification/make_dataset/raw_sentinel/pm5/pm5__20201105_20201124__0096	2020-11-11	647217.00000000,3738075.00000000,647985.00000000,3738843.00000000
val	000119	lower__20201112_165519_53_2407_3B_AnalyticMS_SR_8b_clip	pm5__20201105_20201124__0096	/scrfs/storage/yikebe/home/research/AR_Crop_Identification/make_dataset/raw_sentinel/pm5/pm5__20201105_20201124__0096	2020-11-11	647217.00000000,3737307.00000000,647985.00000000,3738075.00000000
val	000135	lower__20201112_165519_53_2407_3B_AnalyticMS_SR_8b_clip	pm5__20201105_20201124__0096	/scrfs/storage/yikebe/home/research/AR_Crop_Identification/make_dataset/raw_sentinel/pm5/pm5__20201105_20201124__0096	2020-11-11	647985.00000000,3737307.00000000,648753.00000000,3738075.00000000
val	000151	lower__20201112_165519_53_2407_3B_AnalyticMS_SR_8b_clip	pm5__20201105_20201124__0096	/scrfs/storage/yikebe/home/research/AR_Crop_Identification/make_dataset/raw_sentinel/pm5/pm5__20201105_20201124__0096	2020-11-11	645681.00000000,3736539.00000000,646449.00000000,3737307.00000000
val	000167	lower__20201112_165519_53_2407_3B_AnalyticMS_SR_8b_clip	pm5__20201105_20201124__0096	/scrfs/storage/yikebe/home/research/AR_Crop_Identification/make_dataset/raw_sentinel/pm5/pm5__20201105_20201124__0096	2020-11-11	646449.00000000,3736539.00000000,647217.00000000,3737307.00000000
val	000183	lower__20201112_165519_53_2407_3B_AnalyticMS_SR_8b_clip	pm5__20201105_20201124__0096	/scrfs/storage/yikebe/home/research/AR_Crop_Identification/make_dataset/raw_sentinel/pm5/pm5__20201105_20201124__0096	2020-11-11	647217.00000000,3736539.00000000,647985.00000000,3737307.00000000
val	000199	lower__20201112_165519_53_2407_3B_AnalyticMS_SR_8b_clip	pm5__20201105_20201124__0096	/scrfs/storage/yikebe/home/research/AR_Crop_Identification/make_dataset/raw_sentinel/pm5/pm5__20201105_20201124__0096	2020-11-11	641841.00000000,3735771.00000000,642609.00000000,3736539.00000000
val	000215	lower__20201112_165519_53_2407_3B_AnalyticMS_SR_8b_clip	pm5__20201105_20201124__0096	/scrfs/storage/yikebe/home/research/AR_Crop_Identification/make_dataset/raw_sentinel/pm5/pm5__20201105_20201124__0096	2020-11-11	658737.00000000,3735771.00000000,659505.00000000,3736539.00000000
val	000231	lower__20201112_165519_53_2407_3B_AnalyticMS_SR_8b_clip	pm5__20201105_20201124__0096	/scrfs/storage/yikebe/home/research/AR_Crop_Identification/make_dataset/raw_sentinel/pm5/pm5__20201105_20201124__0096	2020-11-11	646449.00000000,3734235.00000000,647217.00000000,3735003.00000000
val	000247	lower__20201112_165519_53_2407_3B_AnalyticMS_SR_8b_clip	pm5__20201105_20201124__0096	/scrfs/storage/yikebe/home/research/AR_Crop_Identification/make_dataset/raw_sentinel/pm5/pm5__20201105_20201124__0096	2020-11-11	661041.00000000,3734235.00000000,661809.00000000,3735003.00000000
val	000263	lower__20201112_165519_53_2407_3B_AnalyticMS_SR_8b_clip	pm5__20201105_20201124__0096	/scrfs/storage/yikebe/home/research/AR_Crop_Identification/make_dataset/raw_sentinel/pm5/pm5__20201105_20201124__0096	2020-11-11	651057.00000000,3733467.00000000,651825.00000000,3734235.00000000
val	000279	lower__20201112_165519_53_2407_3B_AnalyticMS_SR_8b_clip	pm5__20201105_20201124__0096	/scrfs/storage/yikebe/home/research/AR_Crop_Identification/make_dataset/raw_sentinel/pm5/pm5__20201105_20201124__0096	2020-11-11	651825.00000000,3733467.00000000,652593.00000000,3734235.00000000
val	000295	lower__20201112_165519_53_2407_3B_AnalyticMS_SR_8b_clip	pm5__20201105_20201124__0096	/scrfs/storage/yikebe/home/research/AR_Crop_Identification/make_dataset/raw_sentinel/pm5/pm5__20201105_20201124__0096	2020-11-11	655665.00000000,3733467.00000000,656433.00000000,3734235.00000000
val	000311	lower__20201112_165519_53_2407_3B_AnalyticMS_SR_8b_clip	pm5__20201105_20201124__0096	/scrfs/storage/yikebe/home/research/AR_Crop_Identification/make_dataset/raw_sentinel/pm5/pm5__20201105_20201124__0096	2020-11-11	661041.00000000,3733467.00000000,661809.00000000,3734235.00000000
val	000327	lower__20201112_165519_53_2407_3B_AnalyticMS_SR_8b_clip	pm5__20201105_20201124__0096	/scrfs/storage/yikebe/home/research/AR_Crop_Identification/make_dataset/raw_sentinel/pm5/pm5__20201105_20201124__0096	2020-11-11	644145.00000000,3732699.00000000,644913.00000000,3733467.00000000
val	000343	lower__20201112_165519_53_2407_3B_AnalyticMS_SR_8b_clip	pm5__20201105_20201124__0096	/scrfs/storage/yikebe/home/research/AR_Crop_Identification/make_dataset/raw_sentinel/pm5/pm5__20201105_20201124__0096	2020-11-11	654897.00000000,3732699.00000000,655665.00000000,3733467.00000000
val	000359	lower__20201112_165519_53_2407_3B_AnalyticMS_SR_8b_clip	pm5__20201105_20201124__0096	/scrfs/storage/yikebe/home/research/AR_Crop_Identification/make_dataset/raw_sentinel/pm5/pm5__20201105_20201124__0096	2020-11-11	643377.00000000,3731931.00000000,644145.00000000,3732699.00000000
val	000375	lower__20201112_165519_53_2407_3B_AnalyticMS_SR_8b_clip	pm5__20201105_20201124__0096	/scrfs/storage/yikebe/home/research/AR_Crop_Identification/make_dataset/raw_sentinel/pm5/pm5__20201105_20201124__0096	2020-11-11	644913.00000000,3731931.00000000,645681.00000000,3732699.00000000
val	000391	lower__20201112_165519_53_2407_3B_AnalyticMS_SR_8b_clip	pm5__20201105_20201124__0096	/scrfs/storage/yikebe/home/research/AR_Crop_Identification/make_dataset/raw_sentinel/pm5/pm5__20201105_20201124__0096	2020-11-11	650289.00000000,3731931.00000000,651057.00000000,3732699.00000000
val	000407	lower__20201112_165519_53_2407_3B_AnalyticMS_SR_8b_clip	pm5__20201105_20201124__0096	/scrfs/storage/yikebe/home/research/AR_Crop_Identification/make_dataset/raw_sentinel/pm5/pm5__20201105_20201124__0096	2020-11-11	651825.00000000,3731931.00000000,652593.00000000,3732699.00000000
val	000423	lower__20201112_165519_53_2407_3B_AnalyticMS_SR_8b_clip	pm5__20201105_20201124__0096	/scrfs/storage/yikebe/home/research/AR_Crop_Identification/make_dataset/raw_sentinel/pm5/pm5__20201105_20201124__0096	2020-11-11	654897.00000000,3731931.00000000,655665.00000000,3732699.00000000
val	000439	lower__20201112_165519_53_2407_3B_AnalyticMS_SR_8b_clip	pm5__20201105_20201124__0096	/scrfs/storage/yikebe/home/research/AR_Crop_Identification/make_dataset/raw_sentinel/pm5/pm5__20201105_20201124__0096	2020-11-11	659505.00000000,3731931.00000000,660273.00000000,3732699.00000000
val	000455	lower__20201112_165519_53_2407_3B_AnalyticMS_SR_8b_clip	pm5__20201105_20201124__0096	/scrfs/storage/yikebe/home/research/AR_Crop_Identification/make_dataset/raw_sentinel/pm5/pm5__20201105_20201124__0096	2020-11-11	661809.00000000,3731931.00000000,662577.00000000,3732699.00000000
val	000471	lower__20201112_165519_53_2407_3B_AnalyticMS_SR_8b_clip	pm5__20201105_20201124__0096	/scrfs/storage/yikebe/home/research/AR_Crop_Identification/make_dataset/raw_sentinel/pm5/pm5__20201105_20201124__0096	2020-11-11	644913.00000000,3731163.00000000,645681.00000000,3731931.00000000
val	000487	lower__20201112_165519_53_2407_3B_AnalyticMS_SR_8b_clip	pm5__20201105_20201124__0096	/scrfs/storage/yikebe/home/research/AR_Crop_Identification/make_dataset/raw_sentinel/pm5/pm5__20201105_20201124__0096	2020-11-11	650289.00000000,3731163.00000000,651057.00000000,3731931.00000000
val	000503	lower__20201112_165519_53_2407_3B_AnalyticMS_SR_8b_clip	pm5__20201105_20201124__0096	/scrfs/storage/yikebe/home/research/AR_Crop_Identification/make_dataset/raw_sentinel/pm5/pm5__20201105_20201124__0096	2020-11-11	651057.00000000,3731163.00000000,651825.00000000,3731931.00000000
val	000519	lower__20201112_165519_53_2407_3B_AnalyticMS_SR_8b_clip	pm5__20201105_20201124__0096	/scrfs/storage/yikebe/home/research/AR_Crop_Identification/make_dataset/raw_sentinel/pm5/pm5__20201105_20201124__0096	2020-11-11	651825.00000000,3731163.00000000,652593.00000000,3731931.00000000
val	000535	lower__20201112_165519_53_2407_3B_AnalyticMS_SR_8b_clip	pm5__20201105_20201124__0096	/scrfs/storage/yikebe/home/research/AR_Crop_Identification/make_dataset/raw_sentinel/pm5/pm5__20201105_20201124__0096	2020-11-11	661809.00000000,3729627.00000000,662577.00000000,3730395.00000000
val	000551	lower__20201112_165519_53_2407_3B_AnalyticMS_SR_8b_clip	pm5__20201105_20201124__0096	/scrfs/storage/yikebe/home/research/AR_Crop_Identification/make_dataset/raw_sentinel/pm5/pm5__20201105_20201124__0096	2020-11-11	657201.00000000,3726555.00000000,657969.00000000,3727323.00000000
val	000567	lower__20201112_165519_53_2407_3B_AnalyticMS_SR_8b_clip	pm5__20201105_20201124__0096	/scrfs/storage/yikebe/home/research/AR_Crop_Identification/make_dataset/raw_sentinel/pm5/pm5__20201105_20201124__0096	2020-11-11	661041.00000000,3726555.00000000,661809.00000000,3727323.00000000
val	000583	lower__20201112_165519_53_2407_3B_AnalyticMS_SR_8b_clip	pm5__20201105_20201124__0096	/scrfs/storage/yikebe/home/research/AR_Crop_Identification/make_dataset/raw_sentinel/pm5/pm5__20201105_20201124__0096	2020-11-11	654897.00000000,3725787.00000000,655665.00000000,3726555.00000000
val	000599	lower__20201112_165519_53_2407_3B_AnalyticMS_SR_8b_clip	pm5__20201105_20201124__0096	/scrfs/storage/yikebe/home/research/AR_Crop_Identification/make_dataset/raw_sentinel/pm5/pm5__20201105_20201124__0096	2020-11-11	661809.00000000,3725787.00000000,662577.00000000,3726555.00000000
val	000615	lower__20201112_165519_53_2407_3B_AnalyticMS_SR_8b_clip	pm5__20201105_20201124__0096	/scrfs/storage/yikebe/home/research/AR_Crop_Identification/make_dataset/raw_sentinel/pm5/pm5__20201105_20201124__0096	2020-11-11	671793.00000000,3725787.00000000,672561.00000000,3726555.00000000
val	000631	lower__20201112_165519_53_2407_3B_AnalyticMS_SR_8b_clip	pm5__20201105_20201124__0096	/scrfs/storage/yikebe/home/research/AR_Crop_Identification/make_dataset/raw_sentinel/pm5/pm5__20201105_20201124__0096	2020-11-11	661809.00000000,3725019.00000000,662577.00000000,3725787.00000000
val	000647	lower__20201112_165519_53_2407_3B_AnalyticMS_SR_8b_clip	pm5__20201105_20201124__0096	/scrfs/storage/yikebe/home/research/AR_Crop_Identification/make_dataset/raw_sentinel/pm5/pm5__20201105_20201124__0096	2020-11-11	671025.00000000,3725019.00000000,671793.00000000,3725787.00000000
val	000663	lower__20201112_165519_53_2407_3B_AnalyticMS_SR_8b_clip	pm5__20201105_20201124__0096	/scrfs/storage/yikebe/home/research/AR_Crop_Identification/make_dataset/raw_sentinel/pm5/pm5__20201105_20201124__0096	2020-11-11	672561.00000000,3725019.00000000,673329.00000000,3725787.00000000
val	000679	lower__20201112_165519_53_2407_3B_AnalyticMS_SR_8b_clip	pm5__20201105_20201124__0096	/scrfs/storage/yikebe/home/research/AR_Crop_Identification/make_dataset/raw_sentinel/pm5/pm5__20201105_20201124__0096	2020-11-11	673329.00000000,3725019.00000000,674097.00000000,3725787.00000000
val	000695	lower__20201112_165519_53_2407_3B_AnalyticMS_SR_8b_clip	pm5__20201105_20201124__0096	/scrfs/storage/yikebe/home/research/AR_Crop_Identification/make_dataset/raw_sentinel/pm5/pm5__20201105_20201124__0096	2020-11-11	674097.00000000,3725019.00000000,674865.00000000,3725787.00000000
val	000711	lower__20201112_165519_53_2407_3B_AnalyticMS_SR_8b_clip	pm5__20201105_20201124__0096	/scrfs/storage/yikebe/home/research/AR_Crop_Identification/make_dataset/raw_sentinel/pm5/pm5__20201105_20201124__0096	2020-11-11	674097.00000000,3724251.00000000,674865.00000000,3725019.00000000
val	000727	lower__20201112_165519_53_2407_3B_AnalyticMS_SR_8b_clip	pm5__20201105_20201124__0096	/scrfs/storage/yikebe/home/research/AR_Crop_Identification/make_dataset/raw_sentinel/pm5/pm5__20201105_20201124__0096	2020-11-11	667185.00000000,3723483.00000000,667953.00000000,3724251.00000000
val	000743	lower__20201112_165519_53_2407_3B_AnalyticMS_SR_8b_clip	pm5__20201105_20201124__0096	/scrfs/storage/yikebe/home/research/AR_Crop_Identification/make_dataset/raw_sentinel/pm5/pm5__20201105_20201124__0096	2020-11-11	674097.00000000,3723483.00000000,674865.00000000,3724251.00000000
val	000759	lower__20201112_165519_53_2407_3B_AnalyticMS_SR_8b_clip	pm5__20201105_20201124__0096	/scrfs/storage/yikebe/home/research/AR_Crop_Identification/make_dataset/raw_sentinel/pm5/pm5__20201105_20201124__0096	2020-11-11	653361.00000000,3721947.00000000,654129.00000000,3722715.00000000
val	000775	lower__20201112_165519_53_2407_3B_AnalyticMS_SR_8b_clip	pm5__20201105_20201124__0096	/scrfs/storage/yikebe/home/research/AR_Crop_Identification/make_dataset/raw_sentinel/pm5/pm5__20201105_20201124__0096	2020-11-11	653361.00000000,3721179.00000000,654129.00000000,3721947.00000000
val	000791	lower__20201112_165519_53_2407_3B_AnalyticMS_SR_8b_clip	pm5__20201105_20201124__0096	/scrfs/storage/yikebe/home/research/AR_Crop_Identification/make_dataset/raw_sentinel/pm5/pm5__20201105_20201124__0096	2020-11-11	665649.00000000,3721179.00000000,666417.00000000,3721947.00000000
val	000807	lower__20201115_155907_95_2212_3B_AnalyticMS_SR_8b_clip	pm5__20201105_20201124__0119	/scrfs/storage/yikebe/home/research/AR_Crop_Identification/make_dataset/raw_sentinel/pm5/pm5__20201105_20201124__0119	2020-11-11	728604.00000000,3747726.00000000,729372.00000000,3748494.00000000
val	000823	lower__20201115_155907_95_2212_3B_AnalyticMS_SR_8b_clip	pm5__20201105_20201124__0119	/scrfs/storage/yikebe/home/research/AR_Crop_Identification/make_dataset/raw_sentinel/pm5/pm5__20201105_20201124__0119	2020-11-11	716316.00000000,3746958.00000000,717084.00000000,3747726.00000000
val	000839	lower__20201115_155907_95_2212_3B_AnalyticMS_SR_8b_clip	pm5__20201105_20201124__0119	/scrfs/storage/yikebe/home/research/AR_Crop_Identification/make_dataset/raw_sentinel/pm5/pm5__20201105_20201124__0119	2020-11-11	739356.00000000,3743886.00000000,740124.00000000,3744654.00000000
val	000855	lower__20201115_155907_95_2212_3B_AnalyticMS_SR_8b_clip	pm5__20201105_20201124__0119	/scrfs/storage/yikebe/home/research/AR_Crop_Identification/make_dataset/raw_sentinel/pm5/pm5__20201105_20201124__0119	2020-11-11	731676.00000000,3743118.00000000,732444.00000000,3743886.00000000
val	000871	lower__20201115_155907_95_2212_3B_AnalyticMS_SR_8b_clip	pm5__20201105_20201124__0119	/scrfs/storage/yikebe/home/research/AR_Crop_Identification/make_dataset/raw_sentinel/pm5/pm5__20201105_20201124__0119	2020-11-11	732444.00000000,3743118.00000000,733212.00000000,3743886.00000000
val	000887	lower__20201115_155907_95_2212_3B_AnalyticMS_SR_8b_clip	pm5__20201105_20201124__0119	/scrfs/storage/yikebe/home/research/AR_Crop_Identification/make_dataset/raw_sentinel/pm5/pm5__20201105_20201124__0119	2020-11-11	739356.00000000,3743118.00000000,740124.00000000,3743886.00000000
val	000903	lower__20201115_155907_95_2212_3B_AnalyticMS_SR_8b_clip	pm5__20201105_20201124__0119	/scrfs/storage/yikebe/home/research/AR_Crop_Identification/make_dataset/raw_sentinel/pm5/pm5__20201105_20201124__0119	2020-11-11	736284.00000000,3741582.00000000,737052.00000000,3742350.00000000
val	000919	lower__20201115_155907_95_2212_3B_AnalyticMS_SR_8b_clip	pm5__20201105_20201124__0119	/scrfs/storage/yikebe/home/research/AR_Crop_Identification/make_dataset/raw_sentinel/pm5/pm5__20201105_20201124__0119	2020-11-11	740124.00000000,3741582.00000000,740892.00000000,3742350.00000000
val	000935	lower__20201115_155907_95_2212_3B_AnalyticMS_SR_8b_clip	pm5__20201105_20201124__0119	/scrfs/storage/yikebe/home/research/AR_Crop_Identification/make_dataset/raw_sentinel/pm5/pm5__20201105_20201124__0119	2020-11-11	714012.00000000,3738510.00000000,714780.00000000,3739278.00000000
val	000951	lower__20201115_155907_95_2212_3B_AnalyticMS_SR_8b_clip	pm5__20201105_20201124__0119	/scrfs/storage/yikebe/home/research/AR_Crop_Identification/make_dataset/raw_sentinel/pm5/pm5__20201105_20201124__0119	2020-11-11	734748.00000000,3738510.00000000,735516.00000000,3739278.00000000
val	000967	lower__20201115_155907_95_2212_3B_AnalyticMS_SR_8b_clip	pm5__20201105_20201124__0119	/scrfs/storage/yikebe/home/research/AR_Crop_Identification/make_dataset/raw_sentinel/pm5/pm5__20201105_20201124__0119	2020-11-11	739356.00000000,3738510.00000000,740124.00000000,3739278.00000000
val	000983	lower__20201115_155907_95_2212_3B_AnalyticMS_SR_8b_clip	pm5__20201105_20201124__0119	/scrfs/storage/yikebe/home/research/AR_Crop_Identification/make_dataset/raw_sentinel/pm5/pm5__20201105_20201124__0119	2020-11-11	740892.00000000,3736206.00000000,741660.00000000,3736974.00000000
val	000999	lower__20201115_155907_95_2212_3B_AnalyticMS_SR_8b_clip	pm5__20201105_20201124__0119	/scrfs/storage/yikebe/home/research/AR_Crop_Identification/make_dataset/raw_sentinel/pm5/pm5__20201105_20201124__0119	2020-11-11	726300.00000000,3732366.00000000,727068.00000000,3733134.00000000
val	001015	lower__20201115_155907_95_2212_3B_AnalyticMS_SR_8b_clip	pm5__20201105_20201124__0119	/scrfs/storage/yikebe/home/research/AR_Crop_Identification/make_dataset/raw_sentinel/pm5/pm5__20201105_20201124__0119	2020-11-11	727068.00000000,3732366.00000000,727836.00000000,3733134.00000000
val	001031	lower__20201115_155907_95_2212_3B_AnalyticMS_SR_8b_clip	pm5__20201105_20201124__0119	/scrfs/storage/yikebe/home/research/AR_Crop_Identification/make_dataset/raw_sentinel/pm5/pm5__20201105_20201124__0119	2020-11-11	730908.00000000,3730062.00000000,731676.00000000,3730830.00000000
train	004279	lower__20201115_160550_23_222c_3B_AnalyticMS_SR_8b_clip	pm5__20201105_20201124__0080	/scrfs/storage/yikebe/home/research/AR_Crop_Identification/make_dataset/raw_sentinel/pm5/pm5__20201105_20201124__0080	2020-11-11	626541.00000000,3773160.00000000,627309.00000000,3773928.00000000
train	004295	lower__20201115_160550_23_222c_3B_AnalyticMS_SR_8b_clip	pm5__20201105_20201124__0080	/scrfs/storage/yikebe/home/research/AR_Crop_Identification/make_dataset/raw_sentinel/pm5/pm5__20201105_20201124__0080	2020-11-11	615021.00000000,3772392.00000000,615789.00000000,3773160.00000000
train	004311	lower__20201115_160550_23_222c_3B_AnalyticMS_SR_8b_clip	pm5__20201105_20201124__0080	/scrfs/storage/yikebe/home/research/AR_Crop_Identification/make_dataset/raw_sentinel/pm5/pm5__20201105_20201124__0080	2020-11-11	608109.00000000,3770856.00000000,608877.00000000,3771624.00000000
train	004327	lower__20201115_160550_23_222c_3B_AnalyticMS_SR_8b_clip	pm5__20201105_20201124__0080	/scrfs/storage/yikebe/home/research/AR_Crop_Identification/make_dataset/raw_sentinel/pm5/pm5__20201105_20201124__0080	2020-11-11	606573.00000000,3770088.00000000,607341.00000000,3770856.00000000
train	004343	lower__20201115_160550_23_222c_3B_AnalyticMS_SR_8b_clip	pm5__20201105_20201124__0080	/scrfs/storage/yikebe/home/research/AR_Crop_Identification/make_dataset/raw_sentinel/pm5/pm5__20201105_20201124__0080	2020-11-11	631917.00000000,3768552.00000000,632685.00000000,3769320.00000000
train	004359	lower__20201115_160550_23_222c_3B_AnalyticMS_SR_8b_clip	pm5__20201105_20201124__0080	/scrfs/storage/yikebe/home/research/AR_Crop_Identification/make_dataset/raw_sentinel/pm5/pm5__20201105_20201124__0080	2020-11-11	608877.00000000,3767784.00000000,609645.00000000,3768552.00000000
train	004375	lower__20201115_160550_23_222c_3B_AnalyticMS_SR_8b_clip	pm5__20201105_20201124__0080	/scrfs/storage/yikebe/home/research/AR_Crop_Identification/make_dataset/raw_sentinel/pm5/pm5__20201105_20201124__0080	2020-11-11	628845.00000000,3767784.00000000,629613.00000000,3768552.00000000
train	004391	lower__20201115_160550_23_222c_3B_AnalyticMS_SR_8b_clip	pm5__20201105_20201124__0080	/scrfs/storage/yikebe/home/research/AR_Crop_Identification/make_dataset/raw_sentinel/pm5/pm5__20201105_20201124__0080	2020-11-11	633453.00000000,3767784.00000000,634221.00000000,3768552.00000000
train	004407	lower__20201115_160550_23_222c_3B_AnalyticMS_SR_8b_clip	pm5__20201105_20201124__0080	/scrfs/storage/yikebe/home/research/AR_Crop_Identification/make_dataset/raw_sentinel/pm5/pm5__20201105_20201124__0080	2020-11-11	639597.00000000,3767784.00000000,640365.00000000,3768552.00000000
train	004423	lower__20201115_160550_23_222c_3B_AnalyticMS_SR_8b_clip	pm5__20201105_20201124__0080	/scrfs/storage/yikebe/home/research/AR_Crop_Identification/make_dataset/raw_sentinel/pm5/pm5__20201105_20201124__0080	2020-11-11	633453.00000000,3767016.00000000,634221.00000000,3767784.00000000
train	004439	lower__20201115_160550_23_222c_3B_AnalyticMS_SR_8b_clip	pm5__20201105_20201124__0080	/scrfs/storage/yikebe/home/research/AR_Crop_Identification/make_dataset/raw_sentinel/pm5/pm5__20201105_20201124__0080	2020-11-11	634221.00000000,3767016.00000000,634989.00000000,3767784.00000000
train	004455	lower__20201115_160550_23_222c_3B_AnalyticMS_SR_8b_clip	pm5__20201105_20201124__0080	/scrfs/storage/yikebe/home/research/AR_Crop_Identification/make_dataset/raw_sentinel/pm5/pm5__20201105_20201124__0080	2020-11-11	638061.00000000,3767016.00000000,638829.00000000,3767784.00000000
train	004471	lower__20201115_160550_23_222c_3B_AnalyticMS_SR_8b_clip	pm5__20201105_20201124__0080	/scrfs/storage/yikebe/home/research/AR_Crop_Identification/make_dataset/raw_sentinel/pm5/pm5__20201105_20201124__0080	2020-11-11	638061.00000000,3766248.00000000,638829.00000000,3767016.00000000
train	004487	lower__20201115_160550_23_222c_3B_AnalyticMS_SR_8b_clip	pm5__20201105_20201124__0080	/scrfs/storage/yikebe/home/research/AR_Crop_Identification/make_dataset/raw_sentinel/pm5/pm5__20201105_20201124__0080	2020-11-11	632685.00000000,3765480.00000000,633453.00000000,3766248.00000000
train	004503	lower__20201115_160550_23_222c_3B_AnalyticMS_SR_8b_clip	pm5__20201105_20201124__0080	/scrfs/storage/yikebe/home/research/AR_Crop_Identification/make_dataset/raw_sentinel/pm5/pm5__20201105_20201124__0080	2020-11-11	631917.00000000,3762408.00000000,632685.00000000,3763176.00000000
train	004519	lower__20201115_160550_23_222c_3B_AnalyticMS_SR_8b_clip	pm5__20201105_20201124__0080	/scrfs/storage/yikebe/home/research/AR_Crop_Identification/make_dataset/raw_sentinel/pm5/pm5__20201105_20201124__0080	2020-11-11	617325.00000000,3761640.00000000,618093.00000000,3762408.00000000
train	004535	lower__20201115_160550_23_222c_3B_AnalyticMS_SR_8b_clip	pm5__20201105_20201124__0080	/scrfs/storage/yikebe/home/research/AR_Crop_Identification/make_dataset/raw_sentinel/pm5/pm5__20201105_20201124__0080	2020-11-11	638061.00000000,3760872.00000000,638829.00000000,3761640.00000000
train	004551	lower__20201115_160550_23_222c_3B_AnalyticMS_SR_8b_clip	pm5__20201105_20201124__0080	/scrfs/storage/yikebe/home/research/AR_Crop_Identification/make_dataset/raw_sentinel/pm5/pm5__20201105_20201124__0080	2020-11-11	621933.00000000,3760104.00000000,622701.00000000,3760872.00000000
train	004567	lower__20201115_160550_23_222c_3B_AnalyticMS_SR_8b_clip	pm5__20201105_20201124__0080	/scrfs/storage/yikebe/home/research/AR_Crop_Identification/make_dataset/raw_sentinel/pm5/pm5__20201105_20201124__0080	2020-11-11	638061.00000000,3760104.00000000,638829.00000000,3760872.00000000
train	004583	lower__20201115_160550_23_222c_3B_AnalyticMS_SR_8b_clip	pm5__20201105_20201124__0080	/scrfs/storage/yikebe/home/research/AR_Crop_Identification/make_dataset/raw_sentinel/pm5/pm5__20201105_20201124__0080	2020-11-11	621933.00000000,3759336.00000000,622701.00000000,3760104.00000000
train	004599	lower__20201115_160550_23_222c_3B_AnalyticMS_SR_8b_clip	pm5__20201105_20201124__0080	/scrfs/storage/yikebe/home/research/AR_Crop_Identification/make_dataset/raw_sentinel/pm5/pm5__20201105_20201124__0080	2020-11-11	626541.00000000,3759336.00000000,627309.00000000,3760104.00000000
train	004615	lower__20201115_160550_23_222c_3B_AnalyticMS_SR_8b_clip	pm5__20201105_20201124__0080	/scrfs/storage/yikebe/home/research/AR_Crop_Identification/make_dataset/raw_sentinel/pm5/pm5__20201105_20201124__0080	2020-11-11	634989.00000000,3759336.00000000,635757.00000000,3760104.00000000
train	004631	lower__20201115_160550_23_222c_3B_AnalyticMS_SR_8b_clip	pm5__20201105_20201124__0080	/scrfs/storage/yikebe/home/research/AR_Crop_Identification/make_dataset/raw_sentinel/pm5/pm5__20201105_20201124__0080	2020-11-11	635757.00000000,3759336.00000000,636525.00000000,3760104.00000000
train	004647	lower__20201115_160550_23_222c_3B_AnalyticMS_SR_8b_clip	pm5__20201105_20201124__0080	/scrfs/storage/yikebe/home/research/AR_Crop_Identification/make_dataset/raw_sentinel/pm5/pm5__20201105_20201124__0080	2020-11-11	621933.00000000,3758568.00000000,622701.00000000,3759336.00000000
train	004663	lower__20201115_160550_23_222c_3B_AnalyticMS_SR_8b_clip	pm5__20201105_20201124__0080	/scrfs/storage/yikebe/home/research/AR_Crop_Identification/make_dataset/raw_sentinel/pm5/pm5__20201105_20201124__0080	2020-11-11	625005.00000000,3758568.00000000,625773.00000000,3759336.00000000
train	004679	lower__20201115_160550_23_222c_3B_AnalyticMS_SR_8b_clip	pm5__20201105_20201124__0080	/scrfs/storage/yikebe/home/research/AR_Crop_Identification/make_dataset/raw_sentinel/pm5/pm5__20201105_20201124__0080	2020-11-11	625773.00000000,3758568.00000000,626541.00000000,3759336.00000000
train	004695	lower__20201115_160550_23_222c_3B_AnalyticMS_SR_8b_clip	pm5__20201105_20201124__0080	/scrfs/storage/yikebe/home/research/AR_Crop_Identification/make_dataset/raw_sentinel/pm5/pm5__20201105_20201124__0080	2020-11-11	626541.00000000,3758568.00000000,627309.00000000,3759336.00000000
train	004711	lower__20201115_160550_23_222c_3B_AnalyticMS_SR_8b_clip	pm5__20201105_20201124__0080	/scrfs/storage/yikebe/home/research/AR_Crop_Identification/make_dataset/raw_sentinel/pm5/pm5__20201105_20201124__0080	2020-11-11	621933.00000000,3757800.00000000,622701.00000000,3758568.00000000
train	004727	lower__20201115_160550_23_222c_3B_AnalyticMS_SR_8b_clip	pm5__20201105_20201124__0080	/scrfs/storage/yikebe/home/research/AR_Crop_Identification/make_dataset/raw_sentinel/pm5/pm5__20201105_20201124__0080	2020-11-11	622701.00000000,3757800.00000000,623469.00000000,3758568.00000000
train	004743	lower__20201115_160550_23_222c_3B_AnalyticMS_SR_8b_clip	pm5__20201105_20201124__0080	/scrfs/storage/yikebe/home/research/AR_Crop_Identification/make_dataset/raw_sentinel/pm5/pm5__20201105_20201124__0080	2020-11-11	626541.00000000,3757800.00000000,627309.00000000,3758568.00000000
train	004759	lower__20201115_160550_23_222c_3B_AnalyticMS_SR_8b_clip	pm5__20201105_20201124__0080	/scrfs/storage/yikebe/home/research/AR_Crop_Identification/make_dataset/raw_sentinel/pm5/pm5__20201105_20201124__0080	2020-11-11	624237.00000000,3756264.00000000,625005.00000000,3757032.00000000
train	004775	lower__20201115_165439_76_2254_3B_AnalyticMS_SR_8b_clip	pm5__20201105_20201124__0104	/scrfs/storage/yikebe/home/research/AR_Crop_Identification/make_dataset/raw_sentinel/pm5/pm5__20201105_20201124__0104	2020-11-11	687360.00000000,3846795.00000000,688128.00000000,3847563.00000000
train	004791	lower__20201115_165439_76_2254_3B_AnalyticMS_SR_8b_clip	pm5__20201105_20201124__0104	/scrfs/storage/yikebe/home/research/AR_Crop_Identification/make_dataset/raw_sentinel/pm5/pm5__20201105_20201124__0104	2020-11-11	692736.00000000,3844491.00000000,693504.00000000,3845259.00000000
train	004807	lower__20201116_160440_39_220b_3B_AnalyticMS_SR_8b_clip	pm5__20201105_20201124__0078	/scrfs/storage/yikebe/home/research/AR_Crop_Identification/make_dataset/raw_sentinel/pm5/pm5__20201105_20201124__0078	2020-11-19	622584.00000000,3733596.00000000,623352.00000000,3734364.00000000
train	004823	lower__20201116_160953_84_222f_3B_AnalyticMS_SR_8b_clip	pm5__20201105_20201124__0081	/scrfs/storage/yikebe/home/research/AR_Crop_Identification/make_dataset/raw_sentinel/pm5/pm5__20201105_20201124__0081	2020-11-19	640824.00000000,3686808.00000000,641592.00000000,3687576.00000000
train	004839	lower__20201116_160953_84_222f_3B_AnalyticMS_SR_8b_clip	pm5__20201105_20201124__0081	/scrfs/storage/yikebe/home/research/AR_Crop_Identification/make_dataset/raw_sentinel/pm5/pm5__20201105_20201124__0081	2020-11-19	641592.00000000,3686040.00000000,642360.00000000,3686808.00000000
train	004855	lower__20201116_160953_84_222f_3B_AnalyticMS_SR_8b_clip	pm5__20201105_20201124__0081	/scrfs/storage/yikebe/home/research/AR_Crop_Identification/make_dataset/raw_sentinel/pm5/pm5__20201105_20201124__0081	2020-11-19	634680.00000000,3683736.00000000,635448.00000000,3684504.00000000
train	004871	lower__20201116_160953_84_222f_3B_AnalyticMS_SR_8b_clip	pm5__20201105_20201124__0081	/scrfs/storage/yikebe/home/research/AR_Crop_Identification/make_dataset/raw_sentinel/pm5/pm5__20201105_20201124__0081	2020-11-19	616248.00000000,3682968.00000000,617016.00000000,3683736.00000000
train	004887	lower__20201116_160953_84_222f_3B_AnalyticMS_SR_8b_clip	pm5__20201105_20201124__0081	/scrfs/storage/yikebe/home/research/AR_Crop_Identification/make_dataset/raw_sentinel/pm5/pm5__20201105_20201124__0081	2020-11-19	620856.00000000,3682968.00000000,621624.00000000,3683736.00000000
train	004903	lower__20201116_160953_84_222f_3B_AnalyticMS_SR_8b_clip	pm5__20201105_20201124__0081	/scrfs/storage/yikebe/home/research/AR_Crop_Identification/make_dataset/raw_sentinel/pm5/pm5__20201105_20201124__0081	2020-11-19	630840.00000000,3682200.00000000,631608.00000000,3682968.00000000
train	004919	lower__20201116_160953_84_222f_3B_AnalyticMS_SR_8b_clip	pm5__20201105_20201124__0081	/scrfs/storage/yikebe/home/research/AR_Crop_Identification/make_dataset/raw_sentinel/pm5/pm5__20201105_20201124__0081	2020-11-19	632376.00000000,3680664.00000000,633144.00000000,3681432.00000000
train	004935	lower__20201116_160953_84_222f_3B_AnalyticMS_SR_8b_clip	pm5__20201105_20201124__0081	/scrfs/storage/yikebe/home/research/AR_Crop_Identification/make_dataset/raw_sentinel/pm5/pm5__20201105_20201124__0081	2020-11-19	639288.00000000,3680664.00000000,640056.00000000,3681432.00000000
train	004951	lower__20201116_160953_84_222f_3B_AnalyticMS_SR_8b_clip	pm5__20201105_20201124__0081	/scrfs/storage/yikebe/home/research/AR_Crop_Identification/make_dataset/raw_sentinel/pm5/pm5__20201105_20201124__0081	2020-11-19	640056.00000000,3680664.00000000,640824.00000000,3681432.00000000
train	004967	lower__20201116_160953_84_222f_3B_AnalyticMS_SR_8b_clip	pm5__20201105_20201124__0081	/scrfs/storage/yikebe/home/research/AR_Crop_Identification/make_dataset/raw_sentinel/pm5/pm5__20201105_20201124__0081	2020-11-19	623928.00000000,3679896.00000000,624696.00000000,3680664.00000000
train	004983	lower__20201116_160953_84_222f_3B_AnalyticMS_SR_8b_clip	pm5__20201105_20201124__0081	/scrfs/storage/yikebe/home/research/AR_Crop_Identification/make_dataset/raw_sentinel/pm5/pm5__20201105_20201124__0081	2020-11-19	639288.00000000,3679128.00000000,640056.00000000,3679896.00000000
train	004999	lower__20201116_160953_84_222f_3B_AnalyticMS_SR_8b_clip	pm5__20201105_20201124__0081	/scrfs/storage/yikebe/home/research/AR_Crop_Identification/make_dataset/raw_sentinel/pm5/pm5__20201105_20201124__0081	2020-11-19	632376.00000000,3678360.00000000,633144.00000000,3679128.00000000
train	005015	lower__20201116_160953_84_222f_3B_AnalyticMS_SR_8b_clip	pm5__20201105_20201124__0081	/scrfs/storage/yikebe/home/research/AR_Crop_Identification/make_dataset/raw_sentinel/pm5/pm5__20201105_20201124__0081	2020-11-19	638520.00000000,3676824.00000000,639288.00000000,3677592.00000000
train	005031	lower__20201116_160953_84_222f_3B_AnalyticMS_SR_8b_clip	pm5__20201105_20201124__0081	/scrfs/storage/yikebe/home/research/AR_Crop_Identification/make_dataset/raw_sentinel/pm5/pm5__20201105_20201124__0081	2020-11-19	639288.00000000,3676824.00000000,640056.00000000,3677592.00000000
train	005047	lower__20201118_160717_87_2278_3B_AnalyticMS_SR_8b_clip	pm5__20201105_20201124__0068	/scrfs/storage/yikebe/home/research/AR_Crop_Identification/make_dataset/raw_sentinel/pm5/pm5__20201105_20201124__0068	2020-11-19	598212.00000000,3808818.00000000,598980.00000000,3809586.00000000
train	005063	lower__20201118_160717_87_2278_3B_AnalyticMS_SR_8b_clip	pm5__20201105_20201124__0068	/scrfs/storage/yikebe/home/research/AR_Crop_Identification/make_dataset/raw_sentinel/pm5/pm5__20201105_20201124__0068	2020-11-19	605892.00000000,3808050.00000000,606660.00000000,3808818.00000000
train	005079	lower__20201118_160717_87_2278_3B_AnalyticMS_SR_8b_clip	pm5__20201105_20201124__0068	/scrfs/storage/yikebe/home/research/AR_Crop_Identification/make_dataset/raw_sentinel/pm5/pm5__20201105_20201124__0068	2020-11-19	606660.00000000,3808050.00000000,607428.00000000,3808818.00000000
train	005095	lower__20201118_160717_87_2278_3B_AnalyticMS_SR_8b_clip	pm5__20201105_20201124__0068	/scrfs/storage/yikebe/home/research/AR_Crop_Identification/make_dataset/raw_sentinel/pm5/pm5__20201105_20201124__0068	2020-11-19	609732.00000000,3808050.00000000,610500.00000000,3808818.00000000
train	005111	lower__20201118_160717_87_2278_3B_AnalyticMS_SR_8b_clip	pm5__20201105_20201124__0068	/scrfs/storage/yikebe/home/research/AR_Crop_Identification/make_dataset/raw_sentinel/pm5/pm5__20201105_20201124__0068	2020-11-19	610500.00000000,3808050.00000000,611268.00000000,3808818.00000000
train	005127	lower__20201118_160717_87_2278_3B_AnalyticMS_SR_8b_clip	pm5__20201105_20201124__0068	/scrfs/storage/yikebe/home/research/AR_Crop_Identification/make_dataset/raw_sentinel/pm5/pm5__20201105_20201124__0068	2020-11-19	608196.00000000,3807282.00000000,608964.00000000,3808050.00000000
train	005143	lower__20201118_160717_87_2278_3B_AnalyticMS_SR_8b_clip	pm5__20201105_20201124__0068	/scrfs/storage/yikebe/home/research/AR_Crop_Identification/make_dataset/raw_sentinel/pm5/pm5__20201105_20201124__0068	2020-11-19	610500.00000000,3807282.00000000,611268.00000000,3808050.00000000
train	005159	lower__20201118_160717_87_2278_3B_AnalyticMS_SR_8b_clip	pm5__20201105_20201124__0068	/scrfs/storage/yikebe/home/research/AR_Crop_Identification/make_dataset/raw_sentinel/pm5/pm5__20201105_20201124__0068	2020-11-19	612804.00000000,3805746.00000000,613572.00000000,3806514.00000000
train	005175	lower__20201118_160717_87_2278_3B_AnalyticMS_SR_8b_clip	pm5__20201105_20201124__0068	/scrfs/storage/yikebe/home/research/AR_Crop_Identification/make_dataset/raw_sentinel/pm5/pm5__20201105_20201124__0068	2020-11-19	608196.00000000,3804978.00000000,608964.00000000,3805746.00000000
train	005191	lower__20201118_160717_87_2278_3B_AnalyticMS_SR_8b_clip	pm5__20201105_20201124__0068	/scrfs/storage/yikebe/home/research/AR_Crop_Identification/make_dataset/raw_sentinel/pm5/pm5__20201105_20201124__0068	2020-11-19	613572.00000000,3803442.00000000,614340.00000000,3804210.00000000
train	005207	lower__20201118_160717_87_2278_3B_AnalyticMS_SR_8b_clip	pm5__20201105_20201124__0068	/scrfs/storage/yikebe/home/research/AR_Crop_Identification/make_dataset/raw_sentinel/pm5/pm5__20201105_20201124__0068	2020-11-19	597444.00000000,3802674.00000000,598212.00000000,3803442.00000000
train	005223	lower__20201118_160717_87_2278_3B_AnalyticMS_SR_8b_clip	pm5__20201105_20201124__0068	/scrfs/storage/yikebe/home/research/AR_Crop_Identification/make_dataset/raw_sentinel/pm5/pm5__20201105_20201124__0068	2020-11-19	615876.00000000,3802674.00000000,616644.00000000,3803442.00000000
train	005239	lower__20201118_160717_87_2278_3B_AnalyticMS_SR_8b_clip	pm5__20201105_20201124__0068	/scrfs/storage/yikebe/home/research/AR_Crop_Identification/make_dataset/raw_sentinel/pm5/pm5__20201105_20201124__0068	2020-11-19	616644.00000000,3801906.00000000,617412.00000000,3802674.00000000
train	005255	lower__20201118_160717_87_2278_3B_AnalyticMS_SR_8b_clip	pm5__20201105_20201124__0068	/scrfs/storage/yikebe/home/research/AR_Crop_Identification/make_dataset/raw_sentinel/pm5/pm5__20201105_20201124__0068	2020-11-19	610500.00000000,3801138.00000000,611268.00000000,3801906.00000000
train	005271	lower__20201118_160717_87_2278_3B_AnalyticMS_SR_8b_clip	pm5__20201105_20201124__0068	/scrfs/storage/yikebe/home/research/AR_Crop_Identification/make_dataset/raw_sentinel/pm5/pm5__20201105_20201124__0068	2020-11-19	611268.00000000,3801138.00000000,612036.00000000,3801906.00000000
train	005287	lower__20201118_160717_87_2278_3B_AnalyticMS_SR_8b_clip	pm5__20201105_20201124__0068	/scrfs/storage/yikebe/home/research/AR_Crop_Identification/make_dataset/raw_sentinel/pm5/pm5__20201105_20201124__0068	2020-11-19	612036.00000000,3801138.00000000,612804.00000000,3801906.00000000
train	005303	lower__20201118_160717_87_2278_3B_AnalyticMS_SR_8b_clip	pm5__20201105_20201124__0068	/scrfs/storage/yikebe/home/research/AR_Crop_Identification/make_dataset/raw_sentinel/pm5/pm5__20201105_20201124__0068	2020-11-19	612804.00000000,3801138.00000000,613572.00000000,3801906.00000000
train	005319	lower__20201118_160717_87_2278_3B_AnalyticMS_SR_8b_clip	pm5__20201105_20201124__0068	/scrfs/storage/yikebe/home/research/AR_Crop_Identification/make_dataset/raw_sentinel/pm5/pm5__20201105_20201124__0068	2020-11-19	613572.00000000,3801138.00000000,614340.00000000,3801906.00000000
train	005335	lower__20201118_160717_87_2278_3B_AnalyticMS_SR_8b_clip	pm5__20201105_20201124__0068	/scrfs/storage/yikebe/home/research/AR_Crop_Identification/make_dataset/raw_sentinel/pm5/pm5__20201105_20201124__0068	2020-11-19	608196.00000000,3798834.00000000,608964.00000000,3799602.00000000
train	005351	lower__20201118_160717_87_2278_3B_AnalyticMS_SR_8b_clip	pm5__20201105_20201124__0068	/scrfs/storage/yikebe/home/research/AR_Crop_Identification/make_dataset/raw_sentinel/pm5/pm5__20201105_20201124__0068	2020-11-19	602820.00000000,3798066.00000000,603588.00000000,3798834.00000000
train	005367	lower__20201118_160717_87_2278_3B_AnalyticMS_SR_8b_clip	pm5__20201105_20201124__0068	/scrfs/storage/yikebe/home/research/AR_Crop_Identification/make_dataset/raw_sentinel/pm5/pm5__20201105_20201124__0068	2020-11-19	611268.00000000,3798066.00000000,612036.00000000,3798834.00000000
train	005383	lower__20201118_160717_87_2278_3B_AnalyticMS_SR_8b_clip	pm5__20201105_20201124__0068	/scrfs/storage/yikebe/home/research/AR_Crop_Identification/make_dataset/raw_sentinel/pm5/pm5__20201105_20201124__0068	2020-11-19	604356.00000000,3795762.00000000,605124.00000000,3796530.00000000
train	005399	lower__20201118_160717_87_2278_3B_AnalyticMS_SR_8b_clip	pm5__20201105_20201124__0068	/scrfs/storage/yikebe/home/research/AR_Crop_Identification/make_dataset/raw_sentinel/pm5/pm5__20201105_20201124__0068	2020-11-19	602820.00000000,3794994.00000000,603588.00000000,3795762.00000000
train	005415	lower__20201118_160717_87_2278_3B_AnalyticMS_SR_8b_clip	pm5__20201105_20201124__0068	/scrfs/storage/yikebe/home/research/AR_Crop_Identification/make_dataset/raw_sentinel/pm5/pm5__20201105_20201124__0068	2020-11-19	612804.00000000,3794994.00000000,613572.00000000,3795762.00000000
train	005431	lower__20201118_160717_87_2278_3B_AnalyticMS_SR_8b_clip	pm5__20201105_20201124__0068	/scrfs/storage/yikebe/home/research/AR_Crop_Identification/make_dataset/raw_sentinel/pm5/pm5__20201105_20201124__0068	2020-11-19	613572.00000000,3790386.00000000,614340.00000000,3791154.00000000
train	005447	lower__20201118_160717_87_2278_3B_AnalyticMS_SR_8b_clip	pm5__20201105_20201124__0068	/scrfs/storage/yikebe/home/research/AR_Crop_Identification/make_dataset/raw_sentinel/pm5/pm5__20201105_20201124__0068	2020-11-19	614340.00000000,3790386.00000000,615108.00000000,3791154.00000000
train	005463	lower__20201118_160717_87_2278_3B_AnalyticMS_SR_8b_clip	pm5__20201105_20201124__0068	/scrfs/storage/yikebe/home/research/AR_Crop_Identification/make_dataset/raw_sentinel/pm5/pm5__20201105_20201124__0068	2020-11-19	615108.00000000,3790386.00000000,615876.00000000,3791154.00000000
train	005479	lower__20201118_160717_87_2278_3B_AnalyticMS_SR_8b_clip	pm5__20201105_20201124__0068	/scrfs/storage/yikebe/home/research/AR_Crop_Identification/make_dataset/raw_sentinel/pm5/pm5__20201105_20201124__0068	2020-11-19	615108.00000000,3789618.00000000,615876.00000000,3790386.00000000
train	005495	lower__20201118_160840_51_2441_3B_AnalyticMS_SR_8b_clip	pm5__20201105_20201124__0081	/scrfs/storage/yikebe/home/research/AR_Crop_Identification/make_dataset/raw_sentinel/pm5/pm5__20201105_20201124__0081	2020-11-19	616116.00000000,3768711.00000000,616884.00000000,3769479.00000000
train	005511	lower__20201118_160840_51_2441_3B_AnalyticMS_SR_8b_clip	pm5__20201105_20201124__0081	/scrfs/storage/yikebe/home/research/AR_Crop_Identification/make_dataset/raw_sentinel/pm5/pm5__20201105_20201124__0081	2020-11-19	629172.00000000,3767943.00000000,629940.00000000,3768711.00000000
train	005527	lower__20201118_160840_51_2441_3B_AnalyticMS_SR_8b_clip	pm5__20201105_20201124__0081	/scrfs/storage/yikebe/home/research/AR_Crop_Identification/make_dataset/raw_sentinel/pm5/pm5__20201105_20201124__0081	2020-11-19	633780.00000000,3767943.00000000,634548.00000000,3768711.00000000
train	005543	lower__20201118_160840_51_2441_3B_AnalyticMS_SR_8b_clip	pm5__20201105_20201124__0081	/scrfs/storage/yikebe/home/research/AR_Crop_Identification/make_dataset/raw_sentinel/pm5/pm5__20201105_20201124__0081	2020-11-19	628404.00000000,3767175.00000000,629172.00000000,3767943.00000000
train	005559	lower__20201118_160840_51_2441_3B_AnalyticMS_SR_8b_clip	pm5__20201105_20201124__0081	/scrfs/storage/yikebe/home/research/AR_Crop_Identification/make_dataset/raw_sentinel/pm5/pm5__20201105_20201124__0081	2020-11-19	629172.00000000,3767175.00000000,629940.00000000,3767943.00000000
train	005575	lower__20201118_160840_51_2441_3B_AnalyticMS_SR_8b_clip	pm5__20201105_20201124__0081	/scrfs/storage/yikebe/home/research/AR_Crop_Identification/make_dataset/raw_sentinel/pm5/pm5__20201105_20201124__0081	2020-11-19	633012.00000000,3767175.00000000,633780.00000000,3767943.00000000
train	005591	lower__20201118_160840_51_2441_3B_AnalyticMS_SR_8b_clip	pm5__20201105_20201124__0081	/scrfs/storage/yikebe/home/research/AR_Crop_Identification/make_dataset/raw_sentinel/pm5/pm5__20201105_20201124__0081	2020-11-19	633780.00000000,3767175.00000000,634548.00000000,3767943.00000000
train	005607	lower__20201118_160840_51_2441_3B_AnalyticMS_SR_8b_clip	pm5__20201105_20201124__0081	/scrfs/storage/yikebe/home/research/AR_Crop_Identification/make_dataset/raw_sentinel/pm5/pm5__20201105_20201124__0081	2020-11-19	634548.00000000,3767175.00000000,635316.00000000,3767943.00000000
train	005623	lower__20201118_160840_51_2441_3B_AnalyticMS_SR_8b_clip	pm5__20201105_20201124__0081	/scrfs/storage/yikebe/home/research/AR_Crop_Identification/make_dataset/raw_sentinel/pm5/pm5__20201105_20201124__0081	2020-11-19	636852.00000000,3767175.00000000,637620.00000000,3767943.00000000
train	005639	lower__20201118_160840_51_2441_3B_AnalyticMS_SR_8b_clip	pm5__20201105_20201124__0081	/scrfs/storage/yikebe/home/research/AR_Crop_Identification/make_dataset/raw_sentinel/pm5/pm5__20201105_20201124__0081	2020-11-19	633780.00000000,3766407.00000000,634548.00000000,3767175.00000000
train	005655	lower__20201118_160840_51_2441_3B_AnalyticMS_SR_8b_clip	pm5__20201105_20201124__0081	/scrfs/storage/yikebe/home/research/AR_Crop_Identification/make_dataset/raw_sentinel/pm5/pm5__20201105_20201124__0081	2020-11-19	637620.00000000,3766407.00000000,638388.00000000,3767175.00000000
train	005671	lower__20201118_160840_51_2441_3B_AnalyticMS_SR_8b_clip	pm5__20201105_20201124__0081	/scrfs/storage/yikebe/home/research/AR_Crop_Identification/make_dataset/raw_sentinel/pm5/pm5__20201105_20201124__0081	2020-11-19	638388.00000000,3766407.00000000,639156.00000000,3767175.00000000
train	005687	lower__20201118_160840_51_2441_3B_AnalyticMS_SR_8b_clip	pm5__20201105_20201124__0081	/scrfs/storage/yikebe/home/research/AR_Crop_Identification/make_dataset/raw_sentinel/pm5/pm5__20201105_20201124__0081	2020-11-19	631476.00000000,3765639.00000000,632244.00000000,3766407.00000000
train	005703	lower__20201118_160840_51_2441_3B_AnalyticMS_SR_8b_clip	pm5__20201105_20201124__0081	/scrfs/storage/yikebe/home/research/AR_Crop_Identification/make_dataset/raw_sentinel/pm5/pm5__20201105_20201124__0081	2020-11-19	632244.00000000,3765639.00000000,633012.00000000,3766407.00000000
train	005719	lower__20201118_160840_51_2441_3B_AnalyticMS_SR_8b_clip	pm5__20201105_20201124__0081	/scrfs/storage/yikebe/home/research/AR_Crop_Identification/make_dataset/raw_sentinel/pm5/pm5__20201105_20201124__0081	2020-11-19	637620.00000000,3765639.00000000,638388.00000000,3766407.00000000
train	005735	lower__20201118_160840_51_2441_3B_AnalyticMS_SR_8b_clip	pm5__20201105_20201124__0081	/scrfs/storage/yikebe/home/research/AR_Crop_Identification/make_dataset/raw_sentinel/pm5/pm5__20201105_20201124__0081	2020-11-19	619956.00000000,3764103.00000000,620724.00000000,3764871.00000000
train	005751	lower__20201118_160840_51_2441_3B_AnalyticMS_SR_8b_clip	pm5__20201105_20201124__0081	/scrfs/storage/yikebe/home/research/AR_Crop_Identification/make_dataset/raw_sentinel/pm5/pm5__20201105_20201124__0081	2020-11-19	619956.00000000,3763335.00000000,620724.00000000,3764103.00000000
train	005767	lower__20201118_160840_51_2441_3B_AnalyticMS_SR_8b_clip	pm5__20201105_20201124__0081	/scrfs/storage/yikebe/home/research/AR_Crop_Identification/make_dataset/raw_sentinel/pm5/pm5__20201105_20201124__0081	2020-11-19	636852.00000000,3763335.00000000,637620.00000000,3764103.00000000
train	005783	lower__20201118_160840_51_2441_3B_AnalyticMS_SR_8b_clip	pm5__20201105_20201124__0081	/scrfs/storage/yikebe/home/research/AR_Crop_Identification/make_dataset/raw_sentinel/pm5/pm5__20201105_20201124__0081	2020-11-19	639924.00000000,3763335.00000000,640692.00000000,3764103.00000000
train	005799	lower__20201118_160840_51_2441_3B_AnalyticMS_SR_8b_clip	pm5__20201105_20201124__0081	/scrfs/storage/yikebe/home/research/AR_Crop_Identification/make_dataset/raw_sentinel/pm5/pm5__20201105_20201124__0081	2020-11-19	622260.00000000,3762567.00000000,623028.00000000,3763335.00000000
train	005815	lower__20201118_160840_51_2441_3B_AnalyticMS_SR_8b_clip	pm5__20201105_20201124__0081	/scrfs/storage/yikebe/home/research/AR_Crop_Identification/make_dataset/raw_sentinel/pm5/pm5__20201105_20201124__0081	2020-11-19	624564.00000000,3762567.00000000,625332.00000000,3763335.00000000
train	005831	lower__20201118_160840_51_2441_3B_AnalyticMS_SR_8b_clip	pm5__20201105_20201124__0081	/scrfs/storage/yikebe/home/research/AR_Crop_Identification/make_dataset/raw_sentinel/pm5/pm5__20201105_20201124__0081	2020-11-19	636852.00000000,3762567.00000000,637620.00000000,3763335.00000000
train	005847	lower__20201118_160840_51_2441_3B_AnalyticMS_SR_8b_clip	pm5__20201105_20201124__0081	/scrfs/storage/yikebe/home/research/AR_Crop_Identification/make_dataset/raw_sentinel/pm5/pm5__20201105_20201124__0081	2020-11-19	616884.00000000,3761799.00000000,617652.00000000,3762567.00000000
train	005863	lower__20201118_160840_51_2441_3B_AnalyticMS_SR_8b_clip	pm5__20201105_20201124__0081	/scrfs/storage/yikebe/home/research/AR_Crop_Identification/make_dataset/raw_sentinel/pm5/pm5__20201105_20201124__0081	2020-11-19	622260.00000000,3761799.00000000,623028.00000000,3762567.00000000
train	005879	lower__20201118_160840_51_2441_3B_AnalyticMS_SR_8b_clip	pm5__20201105_20201124__0081	/scrfs/storage/yikebe/home/research/AR_Crop_Identification/make_dataset/raw_sentinel/pm5/pm5__20201105_20201124__0081	2020-11-19	643764.00000000,3761799.00000000,644532.00000000,3762567.00000000
train	005895	lower__20201118_160840_51_2441_3B_AnalyticMS_SR_8b_clip	pm5__20201105_20201124__0081	/scrfs/storage/yikebe/home/research/AR_Crop_Identification/make_dataset/raw_sentinel/pm5/pm5__20201105_20201124__0081	2020-11-19	622260.00000000,3761031.00000000,623028.00000000,3761799.00000000
train	005911	lower__20201118_160840_51_2441_3B_AnalyticMS_SR_8b_clip	pm5__20201105_20201124__0081	/scrfs/storage/yikebe/home/research/AR_Crop_Identification/make_dataset/raw_sentinel/pm5/pm5__20201105_20201124__0081	2020-11-19	625332.00000000,3761031.00000000,626100.00000000,3761799.00000000
train	005927	lower__20201118_160840_51_2441_3B_AnalyticMS_SR_8b_clip	pm5__20201105_20201124__0081	/scrfs/storage/yikebe/home/research/AR_Crop_Identification/make_dataset/raw_sentinel/pm5/pm5__20201105_20201124__0081	2020-11-19	629940.00000000,3761031.00000000,630708.00000000,3761799.00000000
train	005943	lower__20201118_160840_51_2441_3B_AnalyticMS_SR_8b_clip	pm5__20201105_20201124__0081	/scrfs/storage/yikebe/home/research/AR_Crop_Identification/make_dataset/raw_sentinel/pm5/pm5__20201105_20201124__0081	2020-11-19	622260.00000000,3760263.00000000,623028.00000000,3761031.00000000
train	005959	lower__20201118_160840_51_2441_3B_AnalyticMS_SR_8b_clip	pm5__20201105_20201124__0081	/scrfs/storage/yikebe/home/research/AR_Crop_Identification/make_dataset/raw_sentinel/pm5/pm5__20201105_20201124__0081	2020-11-19	634548.00000000,3760263.00000000,635316.00000000,3761031.00000000
train	005975	lower__20201118_160840_51_2441_3B_AnalyticMS_SR_8b_clip	pm5__20201105_20201124__0081	/scrfs/storage/yikebe/home/research/AR_Crop_Identification/make_dataset/raw_sentinel/pm5/pm5__20201105_20201124__0081	2020-11-19	638388.00000000,3760263.00000000,639156.00000000,3761031.00000000
train	005991	lower__20201118_160840_51_2441_3B_AnalyticMS_SR_8b_clip	pm5__20201105_20201124__0081	/scrfs/storage/yikebe/home/research/AR_Crop_Identification/make_dataset/raw_sentinel/pm5/pm5__20201105_20201124__0081	2020-11-19	641460.00000000,3760263.00000000,642228.00000000,3761031.00000000
train	006007	lower__20201118_160840_51_2441_3B_AnalyticMS_SR_8b_clip	pm5__20201105_20201124__0081	/scrfs/storage/yikebe/home/research/AR_Crop_Identification/make_dataset/raw_sentinel/pm5/pm5__20201105_20201124__0081	2020-11-19	617652.00000000,3759495.00000000,618420.00000000,3760263.00000000
train	006023	lower__20201118_160840_51_2441_3B_AnalyticMS_SR_8b_clip	pm5__20201105_20201124__0081	/scrfs/storage/yikebe/home/research/AR_Crop_Identification/make_dataset/raw_sentinel/pm5/pm5__20201105_20201124__0081	2020-11-19	632244.00000000,3759495.00000000,633012.00000000,3760263.00000000
train	006039	lower__20201118_160840_51_2441_3B_AnalyticMS_SR_8b_clip	pm5__20201105_20201124__0081	/scrfs/storage/yikebe/home/research/AR_Crop_Identification/make_dataset/raw_sentinel/pm5/pm5__20201105_20201124__0081	2020-11-19	634548.00000000,3759495.00000000,635316.00000000,3760263.00000000
train	006055	lower__20201118_160840_51_2441_3B_AnalyticMS_SR_8b_clip	pm5__20201105_20201124__0081	/scrfs/storage/yikebe/home/research/AR_Crop_Identification/make_dataset/raw_sentinel/pm5/pm5__20201105_20201124__0081	2020-11-19	636084.00000000,3759495.00000000,636852.00000000,3760263.00000000
train	006071	lower__20201118_160840_51_2441_3B_AnalyticMS_SR_8b_clip	pm5__20201105_20201124__0081	/scrfs/storage/yikebe/home/research/AR_Crop_Identification/make_dataset/raw_sentinel/pm5/pm5__20201105_20201124__0081	2020-11-19	636852.00000000,3759495.00000000,637620.00000000,3760263.00000000
train	006087	lower__20201118_160840_51_2441_3B_AnalyticMS_SR_8b_clip	pm5__20201105_20201124__0081	/scrfs/storage/yikebe/home/research/AR_Crop_Identification/make_dataset/raw_sentinel/pm5/pm5__20201105_20201124__0081	2020-11-19	642228.00000000,3759495.00000000,642996.00000000,3760263.00000000
train	006103	lower__20201118_160840_51_2441_3B_AnalyticMS_SR_8b_clip	pm5__20201105_20201124__0081	/scrfs/storage/yikebe/home/research/AR_Crop_Identification/make_dataset/raw_sentinel/pm5/pm5__20201105_20201124__0081	2020-11-19	617652.00000000,3758727.00000000,618420.00000000,3759495.00000000
train	006119	lower__20201118_160840_51_2441_3B_AnalyticMS_SR_8b_clip	pm5__20201105_20201124__0081	/scrfs/storage/yikebe/home/research/AR_Crop_Identification/make_dataset/raw_sentinel/pm5/pm5__20201105_20201124__0081	2020-11-19	621492.00000000,3758727.00000000,622260.00000000,3759495.00000000
train	006135	lower__20201118_160840_51_2441_3B_AnalyticMS_SR_8b_clip	pm5__20201105_20201124__0081	/scrfs/storage/yikebe/home/research/AR_Crop_Identification/make_dataset/raw_sentinel/pm5/pm5__20201105_20201124__0081	2020-11-19	624564.00000000,3758727.00000000,625332.00000000,3759495.00000000
train	006151	lower__20201118_160840_51_2441_3B_AnalyticMS_SR_8b_clip	pm5__20201105_20201124__0081	/scrfs/storage/yikebe/home/research/AR_Crop_Identification/make_dataset/raw_sentinel/pm5/pm5__20201105_20201124__0081	2020-11-19	625332.00000000,3758727.00000000,626100.00000000,3759495.00000000
train	006167	lower__20201118_160840_51_2441_3B_AnalyticMS_SR_8b_clip	pm5__20201105_20201124__0081	/scrfs/storage/yikebe/home/research/AR_Crop_Identification/make_dataset/raw_sentinel/pm5/pm5__20201105_20201124__0081	2020-11-19	626100.00000000,3758727.00000000,626868.00000000,3759495.00000000
train	006183	lower__20201118_160840_51_2441_3B_AnalyticMS_SR_8b_clip	pm5__20201105_20201124__0081	/scrfs/storage/yikebe/home/research/AR_Crop_Identification/make_dataset/raw_sentinel/pm5/pm5__20201105_20201124__0081	2020-11-19	626868.00000000,3758727.00000000,627636.00000000,3759495.00000000
train	006199	lower__20201118_160840_51_2441_3B_AnalyticMS_SR_8b_clip	pm5__20201105_20201124__0081	/scrfs/storage/yikebe/home/research/AR_Crop_Identification/make_dataset/raw_sentinel/pm5/pm5__20201105_20201124__0081	2020-11-19	627636.00000000,3758727.00000000,628404.00000000,3759495.00000000
train	006215	lower__20201118_160840_51_2441_3B_AnalyticMS_SR_8b_clip	pm5__20201105_20201124__0081	/scrfs/storage/yikebe/home/research/AR_Crop_Identification/make_dataset/raw_sentinel/pm5/pm5__20201105_20201124__0081	2020-11-19	628404.00000000,3758727.00000000,629172.00000000,3759495.00000000
train	006231	lower__20201118_160840_51_2441_3B_AnalyticMS_SR_8b_clip	pm5__20201105_20201124__0081	/scrfs/storage/yikebe/home/research/AR_Crop_Identification/make_dataset/raw_sentinel/pm5/pm5__20201105_20201124__0081	2020-11-19	629172.00000000,3758727.00000000,629940.00000000,3759495.00000000
train	006247	lower__20201118_160840_51_2441_3B_AnalyticMS_SR_8b_clip	pm5__20201105_20201124__0081	/scrfs/storage/yikebe/home/research/AR_Crop_Identification/make_dataset/raw_sentinel/pm5/pm5__20201105_20201124__0081	2020-11-19	634548.00000000,3758727.00000000,635316.00000000,3759495.00000000
train	006263	lower__20201118_160840_51_2441_3B_AnalyticMS_SR_8b_clip	pm5__20201105_20201124__0081	/scrfs/storage/yikebe/home/research/AR_Crop_Identification/make_dataset/raw_sentinel/pm5/pm5__20201105_20201124__0081	2020-11-19	635316.00000000,3758727.00000000,636084.00000000,3759495.00000000
train	006279	lower__20201118_160840_51_2441_3B_AnalyticMS_SR_8b_clip	pm5__20201105_20201124__0081	/scrfs/storage/yikebe/home/research/AR_Crop_Identification/make_dataset/raw_sentinel/pm5/pm5__20201105_20201124__0081	2020-11-19	621492.00000000,3757959.00000000,622260.00000000,3758727.00000000
train	006295	lower__20201118_160840_51_2441_3B_AnalyticMS_SR_8b_clip	pm5__20201105_20201124__0081	/scrfs/storage/yikebe/home/research/AR_Crop_Identification/make_dataset/raw_sentinel/pm5/pm5__20201105_20201124__0081	2020-11-19	622260.00000000,3757959.00000000,623028.00000000,3758727.00000000
train	006311	lower__20201118_160840_51_2441_3B_AnalyticMS_SR_8b_clip	pm5__20201105_20201124__0081	/scrfs/storage/yikebe/home/research/AR_Crop_Identification/make_dataset/raw_sentinel/pm5/pm5__20201105_20201124__0081	2020-11-19	626100.00000000,3757959.00000000,626868.00000000,3758727.00000000
train	006327	lower__20201118_160840_51_2441_3B_AnalyticMS_SR_8b_clip	pm5__20201105_20201124__0081	/scrfs/storage/yikebe/home/research/AR_Crop_Identification/make_dataset/raw_sentinel/pm5/pm5__20201105_20201124__0081	2020-11-19	622260.00000000,3757191.00000000,623028.00000000,3757959.00000000
train	006343	lower__20201118_160840_51_2441_3B_AnalyticMS_SR_8b_clip	pm5__20201105_20201124__0081	/scrfs/storage/yikebe/home/research/AR_Crop_Identification/make_dataset/raw_sentinel/pm5/pm5__20201105_20201124__0081	2020-11-19	636084.00000000,3756423.00000000,636852.00000000,3757191.00000000
train	006359	lower__20201118_160840_51_2441_3B_AnalyticMS_SR_8b_clip	pm5__20201105_20201124__0081	/scrfs/storage/yikebe/home/research/AR_Crop_Identification/make_dataset/raw_sentinel/pm5/pm5__20201105_20201124__0081	2020-11-19	640692.00000000,3756423.00000000,641460.00000000,3757191.00000000
train	006375	lower__20201118_160840_51_2441_3B_AnalyticMS_SR_8b_clip	pm5__20201105_20201124__0081	/scrfs/storage/yikebe/home/research/AR_Crop_Identification/make_dataset/raw_sentinel/pm5/pm5__20201105_20201124__0081	2020-11-19	626100.00000000,3755655.00000000,626868.00000000,3756423.00000000
train	006391	lower__20201118_160840_51_2441_3B_AnalyticMS_SR_8b_clip	pm5__20201105_20201124__0081	/scrfs/storage/yikebe/home/research/AR_Crop_Identification/make_dataset/raw_sentinel/pm5/pm5__20201105_20201124__0081	2020-11-19	626868.00000000,3755655.00000000,627636.00000000,3756423.00000000
train	006407	lower__20201118_160840_51_2441_3B_AnalyticMS_SR_8b_clip	pm5__20201105_20201124__0081	/scrfs/storage/yikebe/home/research/AR_Crop_Identification/make_dataset/raw_sentinel/pm5/pm5__20201105_20201124__0081	2020-11-19	626100.00000000,3754887.00000000,626868.00000000,3755655.00000000
train	006423	lower__20201118_160840_51_2441_3B_AnalyticMS_SR_8b_clip	pm5__20201105_20201124__0081	/scrfs/storage/yikebe/home/research/AR_Crop_Identification/make_dataset/raw_sentinel/pm5/pm5__20201105_20201124__0081	2020-11-19	619956.00000000,3754119.00000000,620724.00000000,3754887.00000000
train	006439	lower__20201118_160840_51_2441_3B_AnalyticMS_SR_8b_clip	pm5__20201105_20201124__0081	/scrfs/storage/yikebe/home/research/AR_Crop_Identification/make_dataset/raw_sentinel/pm5/pm5__20201105_20201124__0081	2020-11-19	620724.00000000,3754119.00000000,621492.00000000,3754887.00000000
train	006455	lower__20201118_160840_51_2441_3B_AnalyticMS_SR_8b_clip	pm5__20201105_20201124__0081	/scrfs/storage/yikebe/home/research/AR_Crop_Identification/make_dataset/raw_sentinel/pm5/pm5__20201105_20201124__0081	2020-11-19	633780.00000000,3754119.00000000,634548.00000000,3754887.00000000
train	006471	lower__20201118_160840_51_2441_3B_AnalyticMS_SR_8b_clip	pm5__20201105_20201124__0081	/scrfs/storage/yikebe/home/research/AR_Crop_Identification/make_dataset/raw_sentinel/pm5/pm5__20201105_20201124__0081	2020-11-19	623796.00000000,3752583.00000000,624564.00000000,3753351.00000000
train	006487	lower__20201118_160840_51_2441_3B_AnalyticMS_SR_8b_clip	pm5__20201105_20201124__0081	/scrfs/storage/yikebe/home/research/AR_Crop_Identification/make_dataset/raw_sentinel/pm5/pm5__20201105_20201124__0081	2020-11-19	631476.00000000,3752583.00000000,632244.00000000,3753351.00000000
train	006503	lower__20201118_160840_51_2441_3B_AnalyticMS_SR_8b_clip	pm5__20201105_20201124__0081	/scrfs/storage/yikebe/home/research/AR_Crop_Identification/make_dataset/raw_sentinel/pm5/pm5__20201105_20201124__0081	2020-11-19	632244.00000000,3752583.00000000,633012.00000000,3753351.00000000
train	006519	lower__20201118_160840_51_2441_3B_AnalyticMS_SR_8b_clip	pm5__20201105_20201124__0081	/scrfs/storage/yikebe/home/research/AR_Crop_Identification/make_dataset/raw_sentinel/pm5/pm5__20201105_20201124__0081	2020-11-19	623796.00000000,3751815.00000000,624564.00000000,3752583.00000000
train	006535	lower__20201118_160840_51_2441_3B_AnalyticMS_SR_8b_clip	pm5__20201105_20201124__0081	/scrfs/storage/yikebe/home/research/AR_Crop_Identification/make_dataset/raw_sentinel/pm5/pm5__20201105_20201124__0081	2020-11-19	624564.00000000,3751815.00000000,625332.00000000,3752583.00000000
train	006551	lower__20201118_160840_51_2441_3B_AnalyticMS_SR_8b_clip	pm5__20201105_20201124__0081	/scrfs/storage/yikebe/home/research/AR_Crop_Identification/make_dataset/raw_sentinel/pm5/pm5__20201105_20201124__0081	2020-11-19	636852.00000000,3751815.00000000,637620.00000000,3752583.00000000
train	006567	lower__20201118_160840_51_2441_3B_AnalyticMS_SR_8b_clip	pm5__20201105_20201124__0081	/scrfs/storage/yikebe/home/research/AR_Crop_Identification/make_dataset/raw_sentinel/pm5/pm5__20201105_20201124__0081	2020-11-19	630708.00000000,3751047.00000000,631476.00000000,3751815.00000000
train	006583	lower__20201118_160840_51_2441_3B_AnalyticMS_SR_8b_clip	pm5__20201105_20201124__0081	/scrfs/storage/yikebe/home/research/AR_Crop_Identification/make_dataset/raw_sentinel/pm5/pm5__20201105_20201124__0081	2020-11-19	632244.00000000,3750279.00000000,633012.00000000,3751047.00000000
train	006599	lower__20201118_160840_51_2441_3B_AnalyticMS_SR_8b_clip	pm5__20201105_20201124__0081	/scrfs/storage/yikebe/home/research/AR_Crop_Identification/make_dataset/raw_sentinel/pm5/pm5__20201105_20201124__0081	2020-11-19	632244.00000000,3749511.00000000,633012.00000000,3750279.00000000
train	006615	lower__20201118_160840_51_2441_3B_AnalyticMS_SR_8b_clip	pm5__20201105_20201124__0081	/scrfs/storage/yikebe/home/research/AR_Crop_Identification/make_dataset/raw_sentinel/pm5/pm5__20201105_20201124__0081	2020-11-19	633012.00000000,3749511.00000000,633780.00000000,3750279.00000000
train	006631	lower__20201118_165011_21_240c_3B_AnalyticMS_SR_8b_clip	pm5__20201105_20201124__0131	/scrfs/storage/yikebe/home/research/AR_Crop_Identification/make_dataset/raw_sentinel/pm5/pm5__20201105_20201124__0131	2020-11-21	729381.00000000,3695265.00000000,730149.00000000,3696033.00000000
train	006647	lower__20201118_165011_21_240c_3B_AnalyticMS_SR_8b_clip	pm5__20201105_20201124__0131	/scrfs/storage/yikebe/home/research/AR_Crop_Identification/make_dataset/raw_sentinel/pm5/pm5__20201105_20201124__0131	2020-11-21	729381.00000000,3693729.00000000,730149.00000000,3694497.00000000
train	006663	lower__20201118_165011_21_240c_3B_AnalyticMS_SR_8b_clip	pm5__20201105_20201124__0131	/scrfs/storage/yikebe/home/research/AR_Crop_Identification/make_dataset/raw_sentinel/pm5/pm5__20201105_20201124__0131	2020-11-21	729381.00000000,3692961.00000000,730149.00000000,3693729.00000000
train	006679	lower__20201118_165011_21_240c_3B_AnalyticMS_SR_8b_clip	pm5__20201105_20201124__0131	/scrfs/storage/yikebe/home/research/AR_Crop_Identification/make_dataset/raw_sentinel/pm5/pm5__20201105_20201124__0131	2020-11-21	730149.00000000,3692961.00000000,730917.00000000,3693729.00000000
train	006695	lower__20201118_165011_21_240c_3B_AnalyticMS_SR_8b_clip	pm5__20201105_20201124__0131	/scrfs/storage/yikebe/home/research/AR_Crop_Identification/make_dataset/raw_sentinel/pm5/pm5__20201105_20201124__0131	2020-11-21	727845.00000000,3692193.00000000,728613.00000000,3692961.00000000
train	006711	lower__20201118_165011_21_240c_3B_AnalyticMS_SR_8b_clip	pm5__20201105_20201124__0131	/scrfs/storage/yikebe/home/research/AR_Crop_Identification/make_dataset/raw_sentinel/pm5/pm5__20201105_20201124__0131	2020-11-21	728613.00000000,3692193.00000000,729381.00000000,3692961.00000000
train	006727	lower__20201118_165011_21_240c_3B_AnalyticMS_SR_8b_clip	pm5__20201105_20201124__0131	/scrfs/storage/yikebe/home/research/AR_Crop_Identification/make_dataset/raw_sentinel/pm5/pm5__20201105_20201124__0131	2020-11-21	730149.00000000,3692193.00000000,730917.00000000,3692961.00000000
train	006743	lower__20201118_165011_21_240c_3B_AnalyticMS_SR_8b_clip	pm5__20201105_20201124__0131	/scrfs/storage/yikebe/home/research/AR_Crop_Identification/make_dataset/raw_sentinel/pm5/pm5__20201105_20201124__0131	2020-11-21	726309.00000000,3690657.00000000,727077.00000000,3691425.00000000
train	006759	lower__20201118_165011_21_240c_3B_AnalyticMS_SR_8b_clip	pm5__20201105_20201124__0131	/scrfs/storage/yikebe/home/research/AR_Crop_Identification/make_dataset/raw_sentinel/pm5/pm5__20201105_20201124__0131	2020-11-21	727077.00000000,3690657.00000000,727845.00000000,3691425.00000000
train	006775	lower__20201118_165011_21_240c_3B_AnalyticMS_SR_8b_clip	pm5__20201105_20201124__0131	/scrfs/storage/yikebe/home/research/AR_Crop_Identification/make_dataset/raw_sentinel/pm5/pm5__20201105_20201124__0131	2020-11-21	727845.00000000,3690657.00000000,728613.00000000,3691425.00000000
train	006791	lower__20201118_165011_21_240c_3B_AnalyticMS_SR_8b_clip	pm5__20201105_20201124__0131	/scrfs/storage/yikebe/home/research/AR_Crop_Identification/make_dataset/raw_sentinel/pm5/pm5__20201105_20201124__0131	2020-11-21	730917.00000000,3690657.00000000,731685.00000000,3691425.00000000
train	006807	lower__20201118_165011_21_240c_3B_AnalyticMS_SR_8b_clip	pm5__20201105_20201124__0131	/scrfs/storage/yikebe/home/research/AR_Crop_Identification/make_dataset/raw_sentinel/pm5/pm5__20201105_20201124__0131	2020-11-21	733221.00000000,3690657.00000000,733989.00000000,3691425.00000000
train	006823	lower__20201118_165011_21_240c_3B_AnalyticMS_SR_8b_clip	pm5__20201105_20201124__0131	/scrfs/storage/yikebe/home/research/AR_Crop_Identification/make_dataset/raw_sentinel/pm5/pm5__20201105_20201124__0131	2020-11-21	742437.00000000,3689121.00000000,743205.00000000,3689889.00000000
train	006839	lower__20201118_165011_21_240c_3B_AnalyticMS_SR_8b_clip	pm5__20201105_20201124__0131	/scrfs/storage/yikebe/home/research/AR_Crop_Identification/make_dataset/raw_sentinel/pm5/pm5__20201105_20201124__0131	2020-11-21	744741.00000000,3689121.00000000,745509.00000000,3689889.00000000
train	006855	lower__20201118_165011_21_240c_3B_AnalyticMS_SR_8b_clip	pm5__20201105_20201124__0131	/scrfs/storage/yikebe/home/research/AR_Crop_Identification/make_dataset/raw_sentinel/pm5/pm5__20201105_20201124__0131	2020-11-21	730149.00000000,3677601.00000000,730917.00000000,3678369.00000000
train	006871	lower__20201118_165011_21_240c_3B_AnalyticMS_SR_8b_clip	pm5__20201105_20201124__0131	/scrfs/storage/yikebe/home/research/AR_Crop_Identification/make_dataset/raw_sentinel/pm5/pm5__20201105_20201124__0131	2020-11-21	754725.00000000,3676833.00000000,755493.00000000,3677601.00000000
train	006887	lower__20201118_165011_21_240c_3B_AnalyticMS_SR_8b_clip	pm5__20201105_20201124__0131	/scrfs/storage/yikebe/home/research/AR_Crop_Identification/make_dataset/raw_sentinel/pm5/pm5__20201105_20201124__0131	2020-11-21	754725.00000000,3676065.00000000,755493.00000000,3676833.00000000
train	006903	lower__20201118_165011_21_240c_3B_AnalyticMS_SR_8b_clip	pm5__20201105_20201124__0131	/scrfs/storage/yikebe/home/research/AR_Crop_Identification/make_dataset/raw_sentinel/pm5/pm5__20201105_20201124__0131	2020-11-21	753957.00000000,3675297.00000000,754725.00000000,3676065.00000000
train	006919	lower__20201118_165011_21_240c_3B_AnalyticMS_SR_8b_clip	pm5__20201105_20201124__0131	/scrfs/storage/yikebe/home/research/AR_Crop_Identification/make_dataset/raw_sentinel/pm5/pm5__20201105_20201124__0131	2020-11-21	754725.00000000,3675297.00000000,755493.00000000,3676065.00000000
train	006935	lower__20201118_165915_23_227b_3B_AnalyticMS_SR_8b_clip	pm5__20201105_20201124__0058	/scrfs/storage/yikebe/home/research/AR_Crop_Identification/make_dataset/raw_sentinel/pm5/pm5__20201105_20201124__0058	2020-11-19	579618.00000000,3838422.00000000,580386.00000000,3839190.00000000
train	006951	lower__20201118_165915_23_227b_3B_AnalyticMS_SR_8b_clip	pm5__20201105_20201124__0058	/scrfs/storage/yikebe/home/research/AR_Crop_Identification/make_dataset/raw_sentinel/pm5/pm5__20201105_20201124__0058	2020-11-19	592674.00000000,3838422.00000000,593442.00000000,3839190.00000000
train	006967	lower__20201118_165915_23_227b_3B_AnalyticMS_SR_8b_clip	pm5__20201105_20201124__0058	/scrfs/storage/yikebe/home/research/AR_Crop_Identification/make_dataset/raw_sentinel/pm5/pm5__20201105_20201124__0058	2020-11-19	593442.00000000,3838422.00000000,594210.00000000,3839190.00000000
train	006983	lower__20201118_165915_23_227b_3B_AnalyticMS_SR_8b_clip	pm5__20201105_20201124__0058	/scrfs/storage/yikebe/home/research/AR_Crop_Identification/make_dataset/raw_sentinel/pm5/pm5__20201105_20201124__0058	2020-11-19	582690.00000000,3837654.00000000,583458.00000000,3838422.00000000
train	006999	lower__20201118_165915_23_227b_3B_AnalyticMS_SR_8b_clip	pm5__20201105_20201124__0058	/scrfs/storage/yikebe/home/research/AR_Crop_Identification/make_dataset/raw_sentinel/pm5/pm5__20201105_20201124__0058	2020-11-19	589602.00000000,3836886.00000000,590370.00000000,3837654.00000000
train	007015	lower__20201118_165915_23_227b_3B_AnalyticMS_SR_8b_clip	pm5__20201105_20201124__0058	/scrfs/storage/yikebe/home/research/AR_Crop_Identification/make_dataset/raw_sentinel/pm5/pm5__20201105_20201124__0058	2020-11-19	589602.00000000,3836118.00000000,590370.00000000,3836886.00000000
train	007031	lower__20201118_165915_23_227b_3B_AnalyticMS_SR_8b_clip	pm5__20201105_20201124__0058	/scrfs/storage/yikebe/home/research/AR_Crop_Identification/make_dataset/raw_sentinel/pm5/pm5__20201105_20201124__0058	2020-11-19	578850.00000000,3835350.00000000,579618.00000000,3836118.00000000
train	007047	lower__20201118_165915_23_227b_3B_AnalyticMS_SR_8b_clip	pm5__20201105_20201124__0058	/scrfs/storage/yikebe/home/research/AR_Crop_Identification/make_dataset/raw_sentinel/pm5/pm5__20201105_20201124__0058	2020-11-19	582690.00000000,3835350.00000000,583458.00000000,3836118.00000000
train	007063	lower__20201118_165915_23_227b_3B_AnalyticMS_SR_8b_clip	pm5__20201105_20201124__0058	/scrfs/storage/yikebe/home/research/AR_Crop_Identification/make_dataset/raw_sentinel/pm5/pm5__20201105_20201124__0058	2020-11-19	597282.00000000,3835350.00000000,598050.00000000,3836118.00000000
train	007079	lower__20201118_165915_23_227b_3B_AnalyticMS_SR_8b_clip	pm5__20201105_20201124__0058	/scrfs/storage/yikebe/home/research/AR_Crop_Identification/make_dataset/raw_sentinel/pm5/pm5__20201105_20201124__0058	2020-11-19	602658.00000000,3835350.00000000,603426.00000000,3836118.00000000
train	007095	lower__20201118_165915_23_227b_3B_AnalyticMS_SR_8b_clip	pm5__20201105_20201124__0058	/scrfs/storage/yikebe/home/research/AR_Crop_Identification/make_dataset/raw_sentinel/pm5/pm5__20201105_20201124__0058	2020-11-19	604962.00000000,3834582.00000000,605730.00000000,3835350.00000000
train	007111	lower__20201118_165915_23_227b_3B_AnalyticMS_SR_8b_clip	pm5__20201105_20201124__0058	/scrfs/storage/yikebe/home/research/AR_Crop_Identification/make_dataset/raw_sentinel/pm5/pm5__20201105_20201124__0058	2020-11-19	603426.00000000,3833046.00000000,604194.00000000,3833814.00000000
train	007127	lower__20201118_165915_23_227b_3B_AnalyticMS_SR_8b_clip	pm5__20201105_20201124__0058	/scrfs/storage/yikebe/home/research/AR_Crop_Identification/make_dataset/raw_sentinel/pm5/pm5__20201105_20201124__0058	2020-11-19	573474.00000000,3832278.00000000,574242.00000000,3833046.00000000
train	007143	lower__20201118_165915_23_227b_3B_AnalyticMS_SR_8b_clip	pm5__20201105_20201124__0058	/scrfs/storage/yikebe/home/research/AR_Crop_Identification/make_dataset/raw_sentinel/pm5/pm5__20201105_20201124__0058	2020-11-19	603426.00000000,3832278.00000000,604194.00000000,3833046.00000000
train	007159	lower__20201118_165915_23_227b_3B_AnalyticMS_SR_8b_clip	pm5__20201105_20201124__0058	/scrfs/storage/yikebe/home/research/AR_Crop_Identification/make_dataset/raw_sentinel/pm5/pm5__20201105_20201124__0058	2020-11-19	602658.00000000,3831510.00000000,603426.00000000,3832278.00000000
train	007175	lower__20201118_165915_23_227b_3B_AnalyticMS_SR_8b_clip	pm5__20201105_20201124__0058	/scrfs/storage/yikebe/home/research/AR_Crop_Identification/make_dataset/raw_sentinel/pm5/pm5__20201105_20201124__0058	2020-11-19	585762.00000000,3829974.00000000,586530.00000000,3830742.00000000
train	007191	lower__20201118_165915_23_227b_3B_AnalyticMS_SR_8b_clip	pm5__20201105_20201124__0058	/scrfs/storage/yikebe/home/research/AR_Crop_Identification/make_dataset/raw_sentinel/pm5/pm5__20201105_20201124__0058	2020-11-19	572706.00000000,3829206.00000000,573474.00000000,3829974.00000000
train	007207	lower__20201118_165915_23_227b_3B_AnalyticMS_SR_8b_clip	pm5__20201105_20201124__0058	/scrfs/storage/yikebe/home/research/AR_Crop_Identification/make_dataset/raw_sentinel/pm5/pm5__20201105_20201124__0058	2020-11-19	595746.00000000,3828438.00000000,596514.00000000,3829206.00000000
train	007223	lower__20201118_165915_23_227b_3B_AnalyticMS_SR_8b_clip	pm5__20201105_20201124__0058	/scrfs/storage/yikebe/home/research/AR_Crop_Identification/make_dataset/raw_sentinel/pm5/pm5__20201105_20201124__0058	2020-11-19	602658.00000000,3825366.00000000,603426.00000000,3826134.00000000
train	007239	lower__20201118_165915_23_227b_3B_AnalyticMS_SR_8b_clip	pm5__20201105_20201124__0058	/scrfs/storage/yikebe/home/research/AR_Crop_Identification/make_dataset/raw_sentinel/pm5/pm5__20201105_20201124__0058	2020-11-19	583458.00000000,3822294.00000000,584226.00000000,3823062.00000000
train	007255	lower__20201118_165915_23_227b_3B_AnalyticMS_SR_8b_clip	pm5__20201105_20201124__0058	/scrfs/storage/yikebe/home/research/AR_Crop_Identification/make_dataset/raw_sentinel/pm5/pm5__20201105_20201124__0058	2020-11-19	584226.00000000,3822294.00000000,584994.00000000,3823062.00000000
train	007271	lower__20201118_165915_23_227b_3B_AnalyticMS_SR_8b_clip	pm5__20201105_20201124__0058	/scrfs/storage/yikebe/home/research/AR_Crop_Identification/make_dataset/raw_sentinel/pm5/pm5__20201105_20201124__0058	2020-11-19	605730.00000000,3822294.00000000,606498.00000000,3823062.00000000
train	007287	lower__20201118_165915_23_227b_3B_AnalyticMS_SR_8b_clip	pm5__20201105_20201124__0058	/scrfs/storage/yikebe/home/research/AR_Crop_Identification/make_dataset/raw_sentinel/pm5/pm5__20201105_20201124__0058	2020-11-19	583458.00000000,3821526.00000000,584226.00000000,3822294.00000000
train	007303	lower__20201118_165915_23_227b_3B_AnalyticMS_SR_8b_clip	pm5__20201105_20201124__0058	/scrfs/storage/yikebe/home/research/AR_Crop_Identification/make_dataset/raw_sentinel/pm5/pm5__20201105_20201124__0058	2020-11-19	604962.00000000,3820758.00000000,605730.00000000,3821526.00000000
train	007319	lower__20201118_165915_23_227b_3B_AnalyticMS_SR_8b_clip	pm5__20201105_20201124__0058	/scrfs/storage/yikebe/home/research/AR_Crop_Identification/make_dataset/raw_sentinel/pm5/pm5__20201105_20201124__0058	2020-11-19	596514.00000000,3818454.00000000,597282.00000000,3819222.00000000
train	007335	lower__20201118_165915_23_227b_3B_AnalyticMS_SR_8b_clip	pm5__20201105_20201124__0058	/scrfs/storage/yikebe/home/research/AR_Crop_Identification/make_dataset/raw_sentinel/pm5/pm5__20201105_20201124__0058	2020-11-19	604194.00000000,3818454.00000000,604962.00000000,3819222.00000000
train	007351	lower__20201118_165915_23_227b_3B_AnalyticMS_SR_8b_clip	pm5__20201105_20201124__0058	/scrfs/storage/yikebe/home/research/AR_Crop_Identification/make_dataset/raw_sentinel/pm5/pm5__20201105_20201124__0058	2020-11-19	604962.00000000,3816918.00000000,605730.00000000,3817686.00000000
train	007367	lower__20201119_160538_55_2271_3B_AnalyticMS_SR_8b_clip	pm5__20201105_20201124__0108	/scrfs/storage/yikebe/home/research/AR_Crop_Identification/make_dataset/raw_sentinel/pm5/pm5__20201105_20201124__0108	2020-11-19	690720.00000000,3844497.00000000,691488.00000000,3845265.00000000
train	007383	lower__20201119_160538_55_2271_3B_AnalyticMS_SR_8b_clip	pm5__20201105_20201124__0108	/scrfs/storage/yikebe/home/research/AR_Crop_Identification/make_dataset/raw_sentinel/pm5/pm5__20201105_20201124__0108	2020-11-19	676128.00000000,3839121.00000000,676896.00000000,3839889.00000000
train	007399	lower__20201119_160538_55_2271_3B_AnalyticMS_SR_8b_clip	pm5__20201105_20201124__0108	/scrfs/storage/yikebe/home/research/AR_Crop_Identification/make_dataset/raw_sentinel/pm5/pm5__20201105_20201124__0108	2020-11-19	677664.00000000,3839121.00000000,678432.00000000,3839889.00000000
train	007415	lower__20201119_160538_55_2271_3B_AnalyticMS_SR_8b_clip	pm5__20201105_20201124__0108	/scrfs/storage/yikebe/home/research/AR_Crop_Identification/make_dataset/raw_sentinel/pm5/pm5__20201105_20201124__0108	2020-11-19	688416.00000000,3838353.00000000,689184.00000000,3839121.00000000
train	007431	lower__20201119_160538_55_2271_3B_AnalyticMS_SR_8b_clip	pm5__20201105_20201124__0108	/scrfs/storage/yikebe/home/research/AR_Crop_Identification/make_dataset/raw_sentinel/pm5/pm5__20201105_20201124__0108	2020-11-19	678432.00000000,3837585.00000000,679200.00000000,3838353.00000000
train	007447	lower__20201119_160538_55_2271_3B_AnalyticMS_SR_8b_clip	pm5__20201105_20201124__0108	/scrfs/storage/yikebe/home/research/AR_Crop_Identification/make_dataset/raw_sentinel/pm5/pm5__20201105_20201124__0108	2020-11-19	681504.00000000,3836817.00000000,682272.00000000,3837585.00000000
train	007463	lower__20201119_160538_55_2271_3B_AnalyticMS_SR_8b_clip	pm5__20201105_20201124__0108	/scrfs/storage/yikebe/home/research/AR_Crop_Identification/make_dataset/raw_sentinel/pm5/pm5__20201105_20201124__0108	2020-11-19	682272.00000000,3836817.00000000,683040.00000000,3837585.00000000
train	007479	lower__20201119_160538_55_2271_3B_AnalyticMS_SR_8b_clip	pm5__20201105_20201124__0108	/scrfs/storage/yikebe/home/research/AR_Crop_Identification/make_dataset/raw_sentinel/pm5/pm5__20201105_20201124__0108	2020-11-19	682272.00000000,3836049.00000000,683040.00000000,3836817.00000000
train	007495	lower__20201119_160538_55_2271_3B_AnalyticMS_SR_8b_clip	pm5__20201105_20201124__0108	/scrfs/storage/yikebe/home/research/AR_Crop_Identification/make_dataset/raw_sentinel/pm5/pm5__20201105_20201124__0108	2020-11-19	683808.00000000,3835281.00000000,684576.00000000,3836049.00000000
train	007511	lower__20201119_160538_55_2271_3B_AnalyticMS_SR_8b_clip	pm5__20201105_20201124__0108	/scrfs/storage/yikebe/home/research/AR_Crop_Identification/make_dataset/raw_sentinel/pm5/pm5__20201105_20201124__0108	2020-11-19	688416.00000000,3833745.00000000,689184.00000000,3834513.00000000
train	007527	lower__20201119_160538_55_2271_3B_AnalyticMS_SR_8b_clip	pm5__20201105_20201124__0108	/scrfs/storage/yikebe/home/research/AR_Crop_Identification/make_dataset/raw_sentinel/pm5/pm5__20201105_20201124__0108	2020-11-19	683808.00000000,3832977.00000000,684576.00000000,3833745.00000000
train	007543	lower__20201119_160538_55_2271_3B_AnalyticMS_SR_8b_clip	pm5__20201105_20201124__0108	/scrfs/storage/yikebe/home/research/AR_Crop_Identification/make_dataset/raw_sentinel/pm5/pm5__20201105_20201124__0108	2020-11-19	676128.00000000,3832209.00000000,676896.00000000,3832977.00000000
train	007559	lower__20201119_164749_89_240a_3B_AnalyticMS_SR_8b_clip	pm5__20201105_20201124__0133	/scrfs/storage/yikebe/home/research/AR_Crop_Identification/make_dataset/raw_sentinel/pm5/pm5__20201105_20201124__0133	2020-11-21	742224.00000000,3771711.00000000,742992.00000000,3772479.00000000
train	007575	lower__20201119_164749_89_240a_3B_AnalyticMS_SR_8b_clip	pm5__20201105_20201124__0133	/scrfs/storage/yikebe/home/research/AR_Crop_Identification/make_dataset/raw_sentinel/pm5/pm5__20201105_20201124__0133	2020-11-21	762960.00000000,3764799.00000000,763728.00000000,3765567.00000000
train	007591	lower__20201119_164749_89_240a_3B_AnalyticMS_SR_8b_clip	pm5__20201105_20201124__0133	/scrfs/storage/yikebe/home/research/AR_Crop_Identification/make_dataset/raw_sentinel/pm5/pm5__20201105_20201124__0133	2020-11-21	763728.00000000,3764799.00000000,764496.00000000,3765567.00000000
train	007607	lower__20201119_164749_89_240a_3B_AnalyticMS_SR_8b_clip	pm5__20201105_20201124__0133	/scrfs/storage/yikebe/home/research/AR_Crop_Identification/make_dataset/raw_sentinel/pm5/pm5__20201105_20201124__0133	2020-11-21	766032.00000000,3764799.00000000,766800.00000000,3765567.00000000
train	007623	lower__20201119_164749_89_240a_3B_AnalyticMS_SR_8b_clip	pm5__20201105_20201124__0133	/scrfs/storage/yikebe/home/research/AR_Crop_Identification/make_dataset/raw_sentinel/pm5/pm5__20201105_20201124__0133	2020-11-21	766800.00000000,3764799.00000000,767568.00000000,3765567.00000000
train	007639	lower__20201119_164749_89_240a_3B_AnalyticMS_SR_8b_clip	pm5__20201105_20201124__0133	/scrfs/storage/yikebe/home/research/AR_Crop_Identification/make_dataset/raw_sentinel/pm5/pm5__20201105_20201124__0133	2020-11-21	767568.00000000,3764799.00000000,768336.00000000,3765567.00000000
train	007655	lower__20201119_164749_89_240a_3B_AnalyticMS_SR_8b_clip	pm5__20201105_20201124__0133	/scrfs/storage/yikebe/home/research/AR_Crop_Identification/make_dataset/raw_sentinel/pm5/pm5__20201105_20201124__0133	2020-11-21	769104.00000000,3764799.00000000,769872.00000000,3765567.00000000
train	007671	lower__20201119_164749_89_240a_3B_AnalyticMS_SR_8b_clip	pm5__20201105_20201124__0133	/scrfs/storage/yikebe/home/research/AR_Crop_Identification/make_dataset/raw_sentinel/pm5/pm5__20201105_20201124__0133	2020-11-21	766800.00000000,3764031.00000000,767568.00000000,3764799.00000000
train	007687	lower__20201119_164749_89_240a_3B_AnalyticMS_SR_8b_clip	pm5__20201105_20201124__0133	/scrfs/storage/yikebe/home/research/AR_Crop_Identification/make_dataset/raw_sentinel/pm5/pm5__20201105_20201124__0133	2020-11-21	767568.00000000,3764031.00000000,768336.00000000,3764799.00000000
train	007703	lower__20201119_164749_89_240a_3B_AnalyticMS_SR_8b_clip	pm5__20201105_20201124__0133	/scrfs/storage/yikebe/home/research/AR_Crop_Identification/make_dataset/raw_sentinel/pm5/pm5__20201105_20201124__0133	2020-11-21	767568.00000000,3755583.00000000,768336.00000000,3756351.00000000
train	007719	lower__20201119_164749_89_240a_3B_AnalyticMS_SR_8b_clip	pm5__20201105_20201124__0133	/scrfs/storage/yikebe/home/research/AR_Crop_Identification/make_dataset/raw_sentinel/pm5/pm5__20201105_20201124__0133	2020-11-21	768336.00000000,3755583.00000000,769104.00000000,3756351.00000000
train	007735	lower__20201119_164749_89_240a_3B_AnalyticMS_SR_8b_clip	pm5__20201105_20201124__0133	/scrfs/storage/yikebe/home/research/AR_Crop_Identification/make_dataset/raw_sentinel/pm5/pm5__20201105_20201124__0133	2020-11-21	760656.00000000,3754047.00000000,761424.00000000,3754815.00000000
train	007751	lower__20201119_164749_89_240a_3B_AnalyticMS_SR_8b_clip	pm5__20201105_20201124__0133	/scrfs/storage/yikebe/home/research/AR_Crop_Identification/make_dataset/raw_sentinel/pm5/pm5__20201105_20201124__0133	2020-11-21	760656.00000000,3752511.00000000,761424.00000000,3753279.00000000
train	007767	lower__20201119_164749_89_240a_3B_AnalyticMS_SR_8b_clip	pm5__20201105_20201124__0133	/scrfs/storage/yikebe/home/research/AR_Crop_Identification/make_dataset/raw_sentinel/pm5/pm5__20201105_20201124__0133	2020-11-21	759120.00000000,3750975.00000000,759888.00000000,3751743.00000000
train	007783	lower__20201119_164749_89_240a_3B_AnalyticMS_SR_8b_clip	pm5__20201105_20201124__0133	/scrfs/storage/yikebe/home/research/AR_Crop_Identification/make_dataset/raw_sentinel/pm5/pm5__20201105_20201124__0133	2020-11-21	759120.00000000,3749439.00000000,759888.00000000,3750207.00000000
train	007799	lower__20201119_164749_89_240a_3B_AnalyticMS_SR_8b_clip	pm5__20201105_20201124__0133	/scrfs/storage/yikebe/home/research/AR_Crop_Identification/make_dataset/raw_sentinel/pm5/pm5__20201105_20201124__0133	2020-11-21	762960.00000000,3749439.00000000,763728.00000000,3750207.00000000
train	007815	lower__20201119_164749_89_240a_3B_AnalyticMS_SR_8b_clip	pm5__20201105_20201124__0133	/scrfs/storage/yikebe/home/research/AR_Crop_Identification/make_dataset/raw_sentinel/pm5/pm5__20201105_20201124__0133	2020-11-21	763728.00000000,3749439.00000000,764496.00000000,3750207.00000000
train	007831	lower__20201119_164749_89_240a_3B_AnalyticMS_SR_8b_clip	pm5__20201105_20201124__0133	/scrfs/storage/yikebe/home/research/AR_Crop_Identification/make_dataset/raw_sentinel/pm5/pm5__20201105_20201124__0133	2020-11-21	766032.00000000,3747135.00000000,766800.00000000,3747903.00000000
train	007847	lower__20201119_165050_09_227b_3B_AnalyticMS_SR_8b_clip	pm5__20201105_20201124__0148	/scrfs/storage/yikebe/home/research/AR_Crop_Identification/make_dataset/raw_sentinel/pm5/pm5__20201105_20201124__0148	2020-11-21	771183.00000000,3718461.00000000,771951.00000000,3719229.00000000
train	007863	lower__20201119_165050_09_227b_3B_AnalyticMS_SR_8b_clip	pm5__20201105_20201124__0148	/scrfs/storage/yikebe/home/research/AR_Crop_Identification/make_dataset/raw_sentinel/pm5/pm5__20201105_20201124__0148	2020-11-21	771951.00000000,3715389.00000000,772719.00000000,3716157.00000000
train	007879	lower__20201119_165050_09_227b_3B_AnalyticMS_SR_8b_clip	pm5__20201105_20201124__0148	/scrfs/storage/yikebe/home/research/AR_Crop_Identification/make_dataset/raw_sentinel/pm5/pm5__20201105_20201124__0148	2020-11-21	771183.00000000,3714621.00000000,771951.00000000,3715389.00000000
train	007895	lower__20201119_165050_09_227b_3B_AnalyticMS_SR_8b_clip	pm5__20201105_20201124__0148	/scrfs/storage/yikebe/home/research/AR_Crop_Identification/make_dataset/raw_sentinel/pm5/pm5__20201105_20201124__0148	2020-11-21	771183.00000000,3712317.00000000,771951.00000000,3713085.00000000
train	007911	lower__20201119_165050_09_227b_3B_AnalyticMS_SR_8b_clip	pm5__20201105_20201124__0148	/scrfs/storage/yikebe/home/research/AR_Crop_Identification/make_dataset/raw_sentinel/pm5/pm5__20201105_20201124__0148	2020-11-21	771951.00000000,3712317.00000000,772719.00000000,3713085.00000000
train	007927	lower__20201119_165050_09_227b_3B_AnalyticMS_SR_8b_clip	pm5__20201105_20201124__0148	/scrfs/storage/yikebe/home/research/AR_Crop_Identification/make_dataset/raw_sentinel/pm5/pm5__20201105_20201124__0148	2020-11-21	761199.00000000,3708477.00000000,761967.00000000,3709245.00000000
train	007943	lower__20201119_165050_09_227b_3B_AnalyticMS_SR_8b_clip	pm5__20201105_20201124__0148	/scrfs/storage/yikebe/home/research/AR_Crop_Identification/make_dataset/raw_sentinel/pm5/pm5__20201105_20201124__0148	2020-11-21	770415.00000000,3706941.00000000,771183.00000000,3707709.00000000
train	007959	lower__20201119_165126_51_240f_3B_AnalyticMS_SR_8b_clip	pm5__20201105_20201124__0109	/scrfs/storage/yikebe/home/research/AR_Crop_Identification/make_dataset/raw_sentinel/pm5/pm5__20201105_20201124__0109	2020-11-21	684036.00000000,3661707.00000000,684804.00000000,3662475.00000000
train	007975	lower__20201119_165126_51_240f_3B_AnalyticMS_SR_8b_clip	pm5__20201105_20201124__0109	/scrfs/storage/yikebe/home/research/AR_Crop_Identification/make_dataset/raw_sentinel/pm5/pm5__20201105_20201124__0109	2020-11-21	691716.00000000,3661707.00000000,692484.00000000,3662475.00000000
train	007991	lower__20201119_165126_51_240f_3B_AnalyticMS_SR_8b_clip	pm5__20201105_20201124__0109	/scrfs/storage/yikebe/home/research/AR_Crop_Identification/make_dataset/raw_sentinel/pm5/pm5__20201105_20201124__0109	2020-11-21	693252.00000000,3661707.00000000,694020.00000000,3662475.00000000
train	008007	lower__20201119_165126_51_240f_3B_AnalyticMS_SR_8b_clip	pm5__20201105_20201124__0109	/scrfs/storage/yikebe/home/research/AR_Crop_Identification/make_dataset/raw_sentinel/pm5/pm5__20201105_20201124__0109	2020-11-21	690948.00000000,3660939.00000000,691716.00000000,3661707.00000000
train	008023	lower__20201119_165126_51_240f_3B_AnalyticMS_SR_8b_clip	pm5__20201105_20201124__0109	/scrfs/storage/yikebe/home/research/AR_Crop_Identification/make_dataset/raw_sentinel/pm5/pm5__20201105_20201124__0109	2020-11-21	691716.00000000,3660939.00000000,692484.00000000,3661707.00000000
train	008039	lower__20201119_165126_51_240f_3B_AnalyticMS_SR_8b_clip	pm5__20201105_20201124__0109	/scrfs/storage/yikebe/home/research/AR_Crop_Identification/make_dataset/raw_sentinel/pm5/pm5__20201105_20201124__0109	2020-11-21	692484.00000000,3660939.00000000,693252.00000000,3661707.00000000
train	008055	lower__20201119_165126_51_240f_3B_AnalyticMS_SR_8b_clip	pm5__20201105_20201124__0109	/scrfs/storage/yikebe/home/research/AR_Crop_Identification/make_dataset/raw_sentinel/pm5/pm5__20201105_20201124__0109	2020-11-21	693252.00000000,3660939.00000000,694020.00000000,3661707.00000000
train	008071	lower__20201119_165126_51_240f_3B_AnalyticMS_SR_8b_clip	pm5__20201105_20201124__0109	/scrfs/storage/yikebe/home/research/AR_Crop_Identification/make_dataset/raw_sentinel/pm5/pm5__20201105_20201124__0109	2020-11-21	690180.00000000,3660171.00000000,690948.00000000,3660939.00000000
train	008087	lower__20201119_165126_51_240f_3B_AnalyticMS_SR_8b_clip	pm5__20201105_20201124__0109	/scrfs/storage/yikebe/home/research/AR_Crop_Identification/make_dataset/raw_sentinel/pm5/pm5__20201105_20201124__0109	2020-11-21	690948.00000000,3660171.00000000,691716.00000000,3660939.00000000
train	008103	lower__20201119_165126_51_240f_3B_AnalyticMS_SR_8b_clip	pm5__20201105_20201124__0109	/scrfs/storage/yikebe/home/research/AR_Crop_Identification/make_dataset/raw_sentinel/pm5/pm5__20201105_20201124__0109	2020-11-21	691716.00000000,3660171.00000000,692484.00000000,3660939.00000000
train	008119	lower__20201119_165126_51_240f_3B_AnalyticMS_SR_8b_clip	pm5__20201105_20201124__0109	/scrfs/storage/yikebe/home/research/AR_Crop_Identification/make_dataset/raw_sentinel/pm5/pm5__20201105_20201124__0109	2020-11-21	697092.00000000,3660171.00000000,697860.00000000,3660939.00000000
train	008135	lower__20201119_165126_51_240f_3B_AnalyticMS_SR_8b_clip	pm5__20201105_20201124__0109	/scrfs/storage/yikebe/home/research/AR_Crop_Identification/make_dataset/raw_sentinel/pm5/pm5__20201105_20201124__0109	2020-11-21	690948.00000000,3659403.00000000,691716.00000000,3660171.00000000
train	008151	lower__20201119_165126_51_240f_3B_AnalyticMS_SR_8b_clip	pm5__20201105_20201124__0109	/scrfs/storage/yikebe/home/research/AR_Crop_Identification/make_dataset/raw_sentinel/pm5/pm5__20201105_20201124__0109	2020-11-21	691716.00000000,3659403.00000000,692484.00000000,3660171.00000000
train	008167	lower__20201119_165126_51_240f_3B_AnalyticMS_SR_8b_clip	pm5__20201105_20201124__0109	/scrfs/storage/yikebe/home/research/AR_Crop_Identification/make_dataset/raw_sentinel/pm5/pm5__20201105_20201124__0109	2020-11-21	684036.00000000,3658635.00000000,684804.00000000,3659403.00000000
train	008183	lower__20201119_165126_51_240f_3B_AnalyticMS_SR_8b_clip	pm5__20201105_20201124__0109	/scrfs/storage/yikebe/home/research/AR_Crop_Identification/make_dataset/raw_sentinel/pm5/pm5__20201105_20201124__0109	2020-11-21	689412.00000000,3658635.00000000,690180.00000000,3659403.00000000
train	008199	lower__20201119_165126_51_240f_3B_AnalyticMS_SR_8b_clip	pm5__20201105_20201124__0109	/scrfs/storage/yikebe/home/research/AR_Crop_Identification/make_dataset/raw_sentinel/pm5/pm5__20201105_20201124__0109	2020-11-21	690180.00000000,3658635.00000000,690948.00000000,3659403.00000000
train	008215	lower__20201119_165126_51_240f_3B_AnalyticMS_SR_8b_clip	pm5__20201105_20201124__0109	/scrfs/storage/yikebe/home/research/AR_Crop_Identification/make_dataset/raw_sentinel/pm5/pm5__20201105_20201124__0109	2020-11-21	684036.00000000,3657867.00000000,684804.00000000,3658635.00000000
train	008231	lower__20201119_165126_51_240f_3B_AnalyticMS_SR_8b_clip	pm5__20201105_20201124__0109	/scrfs/storage/yikebe/home/research/AR_Crop_Identification/make_dataset/raw_sentinel/pm5/pm5__20201105_20201124__0109	2020-11-21	684804.00000000,3657867.00000000,685572.00000000,3658635.00000000
train	008247	lower__20201119_165126_51_240f_3B_AnalyticMS_SR_8b_clip	pm5__20201105_20201124__0109	/scrfs/storage/yikebe/home/research/AR_Crop_Identification/make_dataset/raw_sentinel/pm5/pm5__20201105_20201124__0109	2020-11-21	688644.00000000,3657867.00000000,689412.00000000,3658635.00000000
train	008263	lower__20201119_165126_51_240f_3B_AnalyticMS_SR_8b_clip	pm5__20201105_20201124__0109	/scrfs/storage/yikebe/home/research/AR_Crop_Identification/make_dataset/raw_sentinel/pm5/pm5__20201105_20201124__0109	2020-11-21	689412.00000000,3657867.00000000,690180.00000000,3658635.00000000
train	008279	lower__20201119_165126_51_240f_3B_AnalyticMS_SR_8b_clip	pm5__20201105_20201124__0109	/scrfs/storage/yikebe/home/research/AR_Crop_Identification/make_dataset/raw_sentinel/pm5/pm5__20201105_20201124__0109	2020-11-21	692484.00000000,3657867.00000000,693252.00000000,3658635.00000000
train	008295	lower__20201119_165126_51_240f_3B_AnalyticMS_SR_8b_clip	pm5__20201105_20201124__0109	/scrfs/storage/yikebe/home/research/AR_Crop_Identification/make_dataset/raw_sentinel/pm5/pm5__20201105_20201124__0109	2020-11-21	693252.00000000,3657867.00000000,694020.00000000,3658635.00000000
train	008311	lower__20201119_165126_51_240f_3B_AnalyticMS_SR_8b_clip	pm5__20201105_20201124__0109	/scrfs/storage/yikebe/home/research/AR_Crop_Identification/make_dataset/raw_sentinel/pm5/pm5__20201105_20201124__0109	2020-11-21	694020.00000000,3657867.00000000,694788.00000000,3658635.00000000
train	008327	lower__20201119_165126_51_240f_3B_AnalyticMS_SR_8b_clip	pm5__20201105_20201124__0109	/scrfs/storage/yikebe/home/research/AR_Crop_Identification/make_dataset/raw_sentinel/pm5/pm5__20201105_20201124__0109	2020-11-21	687876.00000000,3657099.00000000,688644.00000000,3657867.00000000
train	008343	lower__20201119_165126_51_240f_3B_AnalyticMS_SR_8b_clip	pm5__20201105_20201124__0109	/scrfs/storage/yikebe/home/research/AR_Crop_Identification/make_dataset/raw_sentinel/pm5/pm5__20201105_20201124__0109	2020-11-21	689412.00000000,3657099.00000000,690180.00000000,3657867.00000000
train	008359	lower__20201119_165126_51_240f_3B_AnalyticMS_SR_8b_clip	pm5__20201105_20201124__0109	/scrfs/storage/yikebe/home/research/AR_Crop_Identification/make_dataset/raw_sentinel/pm5/pm5__20201105_20201124__0109	2020-11-21	691716.00000000,3657099.00000000,692484.00000000,3657867.00000000
train	008375	lower__20201119_165126_51_240f_3B_AnalyticMS_SR_8b_clip	pm5__20201105_20201124__0109	/scrfs/storage/yikebe/home/research/AR_Crop_Identification/make_dataset/raw_sentinel/pm5/pm5__20201105_20201124__0109	2020-11-21	692484.00000000,3657099.00000000,693252.00000000,3657867.00000000
train	008391	lower__20201119_165126_51_240f_3B_AnalyticMS_SR_8b_clip	pm5__20201105_20201124__0109	/scrfs/storage/yikebe/home/research/AR_Crop_Identification/make_dataset/raw_sentinel/pm5/pm5__20201105_20201124__0109	2020-11-21	693252.00000000,3657099.00000000,694020.00000000,3657867.00000000
train	008407	lower__20201119_165126_51_240f_3B_AnalyticMS_SR_8b_clip	pm5__20201105_20201124__0109	/scrfs/storage/yikebe/home/research/AR_Crop_Identification/make_dataset/raw_sentinel/pm5/pm5__20201105_20201124__0109	2020-11-21	694020.00000000,3657099.00000000,694788.00000000,3657867.00000000
train	008423	lower__20201119_165126_51_240f_3B_AnalyticMS_SR_8b_clip	pm5__20201105_20201124__0109	/scrfs/storage/yikebe/home/research/AR_Crop_Identification/make_dataset/raw_sentinel/pm5/pm5__20201105_20201124__0109	2020-11-21	695556.00000000,3657099.00000000,696324.00000000,3657867.00000000
train	008439	lower__20201119_165126_51_240f_3B_AnalyticMS_SR_8b_clip	pm5__20201105_20201124__0109	/scrfs/storage/yikebe/home/research/AR_Crop_Identification/make_dataset/raw_sentinel/pm5/pm5__20201105_20201124__0109	2020-11-21	684804.00000000,3656331.00000000,685572.00000000,3657099.00000000
train	008455	lower__20201119_165126_51_240f_3B_AnalyticMS_SR_8b_clip	pm5__20201105_20201124__0109	/scrfs/storage/yikebe/home/research/AR_Crop_Identification/make_dataset/raw_sentinel/pm5/pm5__20201105_20201124__0109	2020-11-21	685572.00000000,3656331.00000000,686340.00000000,3657099.00000000
train	008471	lower__20201119_165126_51_240f_3B_AnalyticMS_SR_8b_clip	pm5__20201105_20201124__0109	/scrfs/storage/yikebe/home/research/AR_Crop_Identification/make_dataset/raw_sentinel/pm5/pm5__20201105_20201124__0109	2020-11-21	690948.00000000,3656331.00000000,691716.00000000,3657099.00000000
train	008487	lower__20201119_165126_51_240f_3B_AnalyticMS_SR_8b_clip	pm5__20201105_20201124__0109	/scrfs/storage/yikebe/home/research/AR_Crop_Identification/make_dataset/raw_sentinel/pm5/pm5__20201105_20201124__0109	2020-11-21	691716.00000000,3656331.00000000,692484.00000000,3657099.00000000
train	008503	lower__20201119_165126_51_240f_3B_AnalyticMS_SR_8b_clip	pm5__20201105_20201124__0109	/scrfs/storage/yikebe/home/research/AR_Crop_Identification/make_dataset/raw_sentinel/pm5/pm5__20201105_20201124__0109	2020-11-21	692484.00000000,3656331.00000000,693252.00000000,3657099.00000000
train	008519	lower__20201119_165126_51_240f_3B_AnalyticMS_SR_8b_clip	pm5__20201105_20201124__0109	/scrfs/storage/yikebe/home/research/AR_Crop_Identification/make_dataset/raw_sentinel/pm5/pm5__20201105_20201124__0109	2020-11-21	693252.00000000,3656331.00000000,694020.00000000,3657099.00000000
train	008535	lower__20201119_165126_51_240f_3B_AnalyticMS_SR_8b_clip	pm5__20201105_20201124__0109	/scrfs/storage/yikebe/home/research/AR_Crop_Identification/make_dataset/raw_sentinel/pm5/pm5__20201105_20201124__0109	2020-11-21	694020.00000000,3656331.00000000,694788.00000000,3657099.00000000
train	008551	lower__20201119_165126_51_240f_3B_AnalyticMS_SR_8b_clip	pm5__20201105_20201124__0109	/scrfs/storage/yikebe/home/research/AR_Crop_Identification/make_dataset/raw_sentinel/pm5/pm5__20201105_20201124__0109	2020-11-21	695556.00000000,3656331.00000000,696324.00000000,3657099.00000000
train	008567	lower__20201119_165126_51_240f_3B_AnalyticMS_SR_8b_clip	pm5__20201105_20201124__0109	/scrfs/storage/yikebe/home/research/AR_Crop_Identification/make_dataset/raw_sentinel/pm5/pm5__20201105_20201124__0109	2020-11-21	684804.00000000,3655563.00000000,685572.00000000,3656331.00000000
train	008583	lower__20201119_165126_51_240f_3B_AnalyticMS_SR_8b_clip	pm5__20201105_20201124__0109	/scrfs/storage/yikebe/home/research/AR_Crop_Identification/make_dataset/raw_sentinel/pm5/pm5__20201105_20201124__0109	2020-11-21	691716.00000000,3655563.00000000,692484.00000000,3656331.00000000
train	008599	lower__20201119_165126_51_240f_3B_AnalyticMS_SR_8b_clip	pm5__20201105_20201124__0109	/scrfs/storage/yikebe/home/research/AR_Crop_Identification/make_dataset/raw_sentinel/pm5/pm5__20201105_20201124__0109	2020-11-21	694788.00000000,3655563.00000000,695556.00000000,3656331.00000000
train	008615	lower__20201119_165126_51_240f_3B_AnalyticMS_SR_8b_clip	pm5__20201105_20201124__0109	/scrfs/storage/yikebe/home/research/AR_Crop_Identification/make_dataset/raw_sentinel/pm5/pm5__20201105_20201124__0109	2020-11-21	684036.00000000,3654795.00000000,684804.00000000,3655563.00000000
train	008631	lower__20201119_165126_51_240f_3B_AnalyticMS_SR_8b_clip	pm5__20201105_20201124__0109	/scrfs/storage/yikebe/home/research/AR_Crop_Identification/make_dataset/raw_sentinel/pm5/pm5__20201105_20201124__0109	2020-11-21	689412.00000000,3654795.00000000,690180.00000000,3655563.00000000
train	008647	lower__20201119_165126_51_240f_3B_AnalyticMS_SR_8b_clip	pm5__20201105_20201124__0109	/scrfs/storage/yikebe/home/research/AR_Crop_Identification/make_dataset/raw_sentinel/pm5/pm5__20201105_20201124__0109	2020-11-21	691716.00000000,3654795.00000000,692484.00000000,3655563.00000000
train	008663	lower__20201119_165126_51_240f_3B_AnalyticMS_SR_8b_clip	pm5__20201105_20201124__0109	/scrfs/storage/yikebe/home/research/AR_Crop_Identification/make_dataset/raw_sentinel/pm5/pm5__20201105_20201124__0109	2020-11-21	692484.00000000,3654795.00000000,693252.00000000,3655563.00000000
train	008679	lower__20201119_165126_51_240f_3B_AnalyticMS_SR_8b_clip	pm5__20201105_20201124__0109	/scrfs/storage/yikebe/home/research/AR_Crop_Identification/make_dataset/raw_sentinel/pm5/pm5__20201105_20201124__0109	2020-11-21	696324.00000000,3654795.00000000,697092.00000000,3655563.00000000
train	008695	lower__20201119_165126_51_240f_3B_AnalyticMS_SR_8b_clip	pm5__20201105_20201124__0109	/scrfs/storage/yikebe/home/research/AR_Crop_Identification/make_dataset/raw_sentinel/pm5/pm5__20201105_20201124__0109	2020-11-21	690180.00000000,3654027.00000000,690948.00000000,3654795.00000000
train	008711	lower__20201119_165126_51_240f_3B_AnalyticMS_SR_8b_clip	pm5__20201105_20201124__0109	/scrfs/storage/yikebe/home/research/AR_Crop_Identification/make_dataset/raw_sentinel/pm5/pm5__20201105_20201124__0109	2020-11-21	691716.00000000,3654027.00000000,692484.00000000,3654795.00000000
train	008727	lower__20201119_165450_38_2416_3B_AnalyticMS_SR_8b_clip	pm5__20201105_20201124__0081	/scrfs/storage/yikebe/home/research/AR_Crop_Identification/make_dataset/raw_sentinel/pm5/pm5__20201105_20201124__0081	2020-11-19	611922.00000000,3797628.00000000,612690.00000000,3798396.00000000
train	008743	lower__20201119_165450_38_2416_3B_AnalyticMS_SR_8b_clip	pm5__20201105_20201124__0081	/scrfs/storage/yikebe/home/research/AR_Crop_Identification/make_dataset/raw_sentinel/pm5/pm5__20201105_20201124__0081	2020-11-19	614994.00000000,3797628.00000000,615762.00000000,3798396.00000000
train	008759	lower__20201119_165450_38_2416_3B_AnalyticMS_SR_8b_clip	pm5__20201105_20201124__0081	/scrfs/storage/yikebe/home/research/AR_Crop_Identification/make_dataset/raw_sentinel/pm5/pm5__20201105_20201124__0081	2020-11-19	611154.00000000,3796092.00000000,611922.00000000,3796860.00000000
train	008775	lower__20201119_165450_38_2416_3B_AnalyticMS_SR_8b_clip	pm5__20201105_20201124__0081	/scrfs/storage/yikebe/home/research/AR_Crop_Identification/make_dataset/raw_sentinel/pm5/pm5__20201105_20201124__0081	2020-11-19	609618.00000000,3795324.00000000,610386.00000000,3796092.00000000
train	008791	lower__20201119_165450_38_2416_3B_AnalyticMS_SR_8b_clip	pm5__20201105_20201124__0081	/scrfs/storage/yikebe/home/research/AR_Crop_Identification/make_dataset/raw_sentinel/pm5/pm5__20201105_20201124__0081	2020-11-19	610386.00000000,3795324.00000000,611154.00000000,3796092.00000000
train	008807	lower__20201119_165450_38_2416_3B_AnalyticMS_SR_8b_clip	pm5__20201105_20201124__0081	/scrfs/storage/yikebe/home/research/AR_Crop_Identification/make_dataset/raw_sentinel/pm5/pm5__20201105_20201124__0081	2020-11-19	611154.00000000,3795324.00000000,611922.00000000,3796092.00000000
train	008823	lower__20201119_165450_38_2416_3B_AnalyticMS_SR_8b_clip	pm5__20201105_20201124__0081	/scrfs/storage/yikebe/home/research/AR_Crop_Identification/make_dataset/raw_sentinel/pm5/pm5__20201105_20201124__0081	2020-11-19	611922.00000000,3795324.00000000,612690.00000000,3796092.00000000
train	008839	lower__20201119_165450_38_2416_3B_AnalyticMS_SR_8b_clip	pm5__20201105_20201124__0081	/scrfs/storage/yikebe/home/research/AR_Crop_Identification/make_dataset/raw_sentinel/pm5/pm5__20201105_20201124__0081	2020-11-19	611154.00000000,3792252.00000000,611922.00000000,3793020.00000000
train	008855	lower__20201119_165450_38_2416_3B_AnalyticMS_SR_8b_clip	pm5__20201105_20201124__0081	/scrfs/storage/yikebe/home/research/AR_Crop_Identification/make_dataset/raw_sentinel/pm5/pm5__20201105_20201124__0081	2020-11-19	639570.00000000,3792252.00000000,640338.00000000,3793020.00000000
train	008871	lower__20201119_165450_38_2416_3B_AnalyticMS_SR_8b_clip	pm5__20201105_20201124__0081	/scrfs/storage/yikebe/home/research/AR_Crop_Identification/make_dataset/raw_sentinel/pm5/pm5__20201105_20201124__0081	2020-11-19	609618.00000000,3791484.00000000,610386.00000000,3792252.00000000
train	008887	lower__20201119_165450_38_2416_3B_AnalyticMS_SR_8b_clip	pm5__20201105_20201124__0081	/scrfs/storage/yikebe/home/research/AR_Crop_Identification/make_dataset/raw_sentinel/pm5/pm5__20201105_20201124__0081	2020-11-19	639570.00000000,3790716.00000000,640338.00000000,3791484.00000000
train	008903	lower__20201119_165450_38_2416_3B_AnalyticMS_SR_8b_clip	pm5__20201105_20201124__0081	/scrfs/storage/yikebe/home/research/AR_Crop_Identification/make_dataset/raw_sentinel/pm5/pm5__20201105_20201124__0081	2020-11-19	611922.00000000,3789948.00000000,612690.00000000,3790716.00000000
train	008919	lower__20201119_165450_38_2416_3B_AnalyticMS_SR_8b_clip	pm5__20201105_20201124__0081	/scrfs/storage/yikebe/home/research/AR_Crop_Identification/make_dataset/raw_sentinel/pm5/pm5__20201105_20201124__0081	2020-11-19	613458.00000000,3789948.00000000,614226.00000000,3790716.00000000
train	008935	lower__20201119_165450_38_2416_3B_AnalyticMS_SR_8b_clip	pm5__20201105_20201124__0081	/scrfs/storage/yikebe/home/research/AR_Crop_Identification/make_dataset/raw_sentinel/pm5/pm5__20201105_20201124__0081	2020-11-19	614226.00000000,3789948.00000000,614994.00000000,3790716.00000000
train	008951	lower__20201119_165450_38_2416_3B_AnalyticMS_SR_8b_clip	pm5__20201105_20201124__0081	/scrfs/storage/yikebe/home/research/AR_Crop_Identification/make_dataset/raw_sentinel/pm5/pm5__20201105_20201124__0081	2020-11-19	614994.00000000,3789948.00000000,615762.00000000,3790716.00000000
train	008967	lower__20201119_165450_38_2416_3B_AnalyticMS_SR_8b_clip	pm5__20201105_20201124__0081	/scrfs/storage/yikebe/home/research/AR_Crop_Identification/make_dataset/raw_sentinel/pm5/pm5__20201105_20201124__0081	2020-11-19	637266.00000000,3789948.00000000,638034.00000000,3790716.00000000
train	008983	lower__20201119_165450_38_2416_3B_AnalyticMS_SR_8b_clip	pm5__20201105_20201124__0081	/scrfs/storage/yikebe/home/research/AR_Crop_Identification/make_dataset/raw_sentinel/pm5/pm5__20201105_20201124__0081	2020-11-19	611154.00000000,3789180.00000000,611922.00000000,3789948.00000000
train	008999	lower__20201119_165450_38_2416_3B_AnalyticMS_SR_8b_clip	pm5__20201105_20201124__0081	/scrfs/storage/yikebe/home/research/AR_Crop_Identification/make_dataset/raw_sentinel/pm5/pm5__20201105_20201124__0081	2020-11-19	611922.00000000,3789180.00000000,612690.00000000,3789948.00000000
train	009015	lower__20201119_165450_38_2416_3B_AnalyticMS_SR_8b_clip	pm5__20201105_20201124__0081	/scrfs/storage/yikebe/home/research/AR_Crop_Identification/make_dataset/raw_sentinel/pm5/pm5__20201105_20201124__0081	2020-11-19	612690.00000000,3789180.00000000,613458.00000000,3789948.00000000
train	009031	lower__20201119_165450_38_2416_3B_AnalyticMS_SR_8b_clip	pm5__20201105_20201124__0081	/scrfs/storage/yikebe/home/research/AR_Crop_Identification/make_dataset/raw_sentinel/pm5/pm5__20201105_20201124__0081	2020-11-19	613458.00000000,3789180.00000000,614226.00000000,3789948.00000000
train	009047	lower__20201119_165450_38_2416_3B_AnalyticMS_SR_8b_clip	pm5__20201105_20201124__0081	/scrfs/storage/yikebe/home/research/AR_Crop_Identification/make_dataset/raw_sentinel/pm5/pm5__20201105_20201124__0081	2020-11-19	614226.00000000,3789180.00000000,614994.00000000,3789948.00000000
train	009063	lower__20201119_165450_38_2416_3B_AnalyticMS_SR_8b_clip	pm5__20201105_20201124__0081	/scrfs/storage/yikebe/home/research/AR_Crop_Identification/make_dataset/raw_sentinel/pm5/pm5__20201105_20201124__0081	2020-11-19	615762.00000000,3789180.00000000,616530.00000000,3789948.00000000
train	009079	lower__20201119_165450_38_2416_3B_AnalyticMS_SR_8b_clip	pm5__20201105_20201124__0081	/scrfs/storage/yikebe/home/research/AR_Crop_Identification/make_dataset/raw_sentinel/pm5/pm5__20201105_20201124__0081	2020-11-19	610386.00000000,3788412.00000000,611154.00000000,3789180.00000000
train	009095	lower__20201119_165450_38_2416_3B_AnalyticMS_SR_8b_clip	pm5__20201105_20201124__0081	/scrfs/storage/yikebe/home/research/AR_Crop_Identification/make_dataset/raw_sentinel/pm5/pm5__20201105_20201124__0081	2020-11-19	610386.00000000,3787644.00000000,611154.00000000,3788412.00000000
train	009111	lower__20201119_165450_38_2416_3B_AnalyticMS_SR_8b_clip	pm5__20201105_20201124__0081	/scrfs/storage/yikebe/home/research/AR_Crop_Identification/make_dataset/raw_sentinel/pm5/pm5__20201105_20201124__0081	2020-11-19	613458.00000000,3783804.00000000,614226.00000000,3784572.00000000
train	009127	lower__20201119_165450_38_2416_3B_AnalyticMS_SR_8b_clip	pm5__20201105_20201124__0081	/scrfs/storage/yikebe/home/research/AR_Crop_Identification/make_dataset/raw_sentinel/pm5/pm5__20201105_20201124__0081	2020-11-19	639570.00000000,3783804.00000000,640338.00000000,3784572.00000000
train	009143	lower__20201119_165450_38_2416_3B_AnalyticMS_SR_8b_clip	pm5__20201105_20201124__0081	/scrfs/storage/yikebe/home/research/AR_Crop_Identification/make_dataset/raw_sentinel/pm5/pm5__20201105_20201124__0081	2020-11-19	621906.00000000,3783036.00000000,622674.00000000,3783804.00000000
train	009159	lower__20201119_165450_38_2416_3B_AnalyticMS_SR_8b_clip	pm5__20201105_20201124__0081	/scrfs/storage/yikebe/home/research/AR_Crop_Identification/make_dataset/raw_sentinel/pm5/pm5__20201105_20201124__0081	2020-11-19	626514.00000000,3783036.00000000,627282.00000000,3783804.00000000
train	009175	lower__20201119_165450_38_2416_3B_AnalyticMS_SR_8b_clip	pm5__20201105_20201124__0081	/scrfs/storage/yikebe/home/research/AR_Crop_Identification/make_dataset/raw_sentinel/pm5/pm5__20201105_20201124__0081	2020-11-19	611154.00000000,3782268.00000000,611922.00000000,3783036.00000000
train	009191	lower__20201119_165450_38_2416_3B_AnalyticMS_SR_8b_clip	pm5__20201105_20201124__0081	/scrfs/storage/yikebe/home/research/AR_Crop_Identification/make_dataset/raw_sentinel/pm5/pm5__20201105_20201124__0081	2020-11-19	614994.00000000,3782268.00000000,615762.00000000,3783036.00000000
train	009207	lower__20201119_165450_38_2416_3B_AnalyticMS_SR_8b_clip	pm5__20201105_20201124__0081	/scrfs/storage/yikebe/home/research/AR_Crop_Identification/make_dataset/raw_sentinel/pm5/pm5__20201105_20201124__0081	2020-11-19	615762.00000000,3782268.00000000,616530.00000000,3783036.00000000
train	009223	lower__20201119_165450_38_2416_3B_AnalyticMS_SR_8b_clip	pm5__20201105_20201124__0081	/scrfs/storage/yikebe/home/research/AR_Crop_Identification/make_dataset/raw_sentinel/pm5/pm5__20201105_20201124__0081	2020-11-19	625746.00000000,3782268.00000000,626514.00000000,3783036.00000000
train	009239	lower__20201119_165450_38_2416_3B_AnalyticMS_SR_8b_clip	pm5__20201105_20201124__0081	/scrfs/storage/yikebe/home/research/AR_Crop_Identification/make_dataset/raw_sentinel/pm5/pm5__20201105_20201124__0081	2020-11-19	638802.00000000,3782268.00000000,639570.00000000,3783036.00000000
train	009255	lower__20201119_165450_38_2416_3B_AnalyticMS_SR_8b_clip	pm5__20201105_20201124__0081	/scrfs/storage/yikebe/home/research/AR_Crop_Identification/make_dataset/raw_sentinel/pm5/pm5__20201105_20201124__0081	2020-11-19	639570.00000000,3782268.00000000,640338.00000000,3783036.00000000
train	009271	lower__20201119_165450_38_2416_3B_AnalyticMS_SR_8b_clip	pm5__20201105_20201124__0081	/scrfs/storage/yikebe/home/research/AR_Crop_Identification/make_dataset/raw_sentinel/pm5/pm5__20201105_20201124__0081	2020-11-19	611154.00000000,3781500.00000000,611922.00000000,3782268.00000000
train	009287	lower__20201119_165450_38_2416_3B_AnalyticMS_SR_8b_clip	pm5__20201105_20201124__0081	/scrfs/storage/yikebe/home/research/AR_Crop_Identification/make_dataset/raw_sentinel/pm5/pm5__20201105_20201124__0081	2020-11-19	622674.00000000,3781500.00000000,623442.00000000,3782268.00000000
train	009303	lower__20201119_165450_38_2416_3B_AnalyticMS_SR_8b_clip	pm5__20201105_20201124__0081	/scrfs/storage/yikebe/home/research/AR_Crop_Identification/make_dataset/raw_sentinel/pm5/pm5__20201105_20201124__0081	2020-11-19	629586.00000000,3781500.00000000,630354.00000000,3782268.00000000
train	009319	lower__20201119_165450_38_2416_3B_AnalyticMS_SR_8b_clip	pm5__20201105_20201124__0081	/scrfs/storage/yikebe/home/research/AR_Crop_Identification/make_dataset/raw_sentinel/pm5/pm5__20201105_20201124__0081	2020-11-19	611922.00000000,3780732.00000000,612690.00000000,3781500.00000000
train	009335	lower__20201119_165450_38_2416_3B_AnalyticMS_SR_8b_clip	pm5__20201105_20201124__0081	/scrfs/storage/yikebe/home/research/AR_Crop_Identification/make_dataset/raw_sentinel/pm5/pm5__20201105_20201124__0081	2020-11-19	622674.00000000,3780732.00000000,623442.00000000,3781500.00000000
train	009351	lower__20201119_165450_38_2416_3B_AnalyticMS_SR_8b_clip	pm5__20201105_20201124__0081	/scrfs/storage/yikebe/home/research/AR_Crop_Identification/make_dataset/raw_sentinel/pm5/pm5__20201105_20201124__0081	2020-11-19	623442.00000000,3780732.00000000,624210.00000000,3781500.00000000
train	009367	lower__20201119_165450_38_2416_3B_AnalyticMS_SR_8b_clip	pm5__20201105_20201124__0081	/scrfs/storage/yikebe/home/research/AR_Crop_Identification/make_dataset/raw_sentinel/pm5/pm5__20201105_20201124__0081	2020-11-19	624210.00000000,3780732.00000000,624978.00000000,3781500.00000000
train	009383	lower__20201119_165450_38_2416_3B_AnalyticMS_SR_8b_clip	pm5__20201105_20201124__0081	/scrfs/storage/yikebe/home/research/AR_Crop_Identification/make_dataset/raw_sentinel/pm5/pm5__20201105_20201124__0081	2020-11-19	624978.00000000,3780732.00000000,625746.00000000,3781500.00000000
train	009399	lower__20201119_165450_38_2416_3B_AnalyticMS_SR_8b_clip	pm5__20201105_20201124__0081	/scrfs/storage/yikebe/home/research/AR_Crop_Identification/make_dataset/raw_sentinel/pm5/pm5__20201105_20201124__0081	2020-11-19	608082.00000000,3779964.00000000,608850.00000000,3780732.00000000
train	009415	lower__20201119_165450_38_2416_3B_AnalyticMS_SR_8b_clip	pm5__20201105_20201124__0081	/scrfs/storage/yikebe/home/research/AR_Crop_Identification/make_dataset/raw_sentinel/pm5/pm5__20201105_20201124__0081	2020-11-19	625746.00000000,3779196.00000000,626514.00000000,3779964.00000000
train	009431	lower__20201119_165450_38_2416_3B_AnalyticMS_SR_8b_clip	pm5__20201105_20201124__0081	/scrfs/storage/yikebe/home/research/AR_Crop_Identification/make_dataset/raw_sentinel/pm5/pm5__20201105_20201124__0081	2020-11-19	637266.00000000,3776892.00000000,638034.00000000,3777660.00000000
train	009447	lower__20201119_165450_38_2416_3B_AnalyticMS_SR_8b_clip	pm5__20201105_20201124__0081	/scrfs/storage/yikebe/home/research/AR_Crop_Identification/make_dataset/raw_sentinel/pm5/pm5__20201105_20201124__0081	2020-11-19	640338.00000000,3776892.00000000,641106.00000000,3777660.00000000
train	009463	lower__20201119_165450_38_2416_3B_AnalyticMS_SR_8b_clip	pm5__20201105_20201124__0081	/scrfs/storage/yikebe/home/research/AR_Crop_Identification/make_dataset/raw_sentinel/pm5/pm5__20201105_20201124__0081	2020-11-19	641106.00000000,3776892.00000000,641874.00000000,3777660.00000000
train	009479	lower__20201119_165450_38_2416_3B_AnalyticMS_SR_8b_clip	pm5__20201105_20201124__0081	/scrfs/storage/yikebe/home/research/AR_Crop_Identification/make_dataset/raw_sentinel/pm5/pm5__20201105_20201124__0081	2020-11-19	641874.00000000,3776892.00000000,642642.00000000,3777660.00000000
train	009495	lower__20201119_165450_38_2416_3B_AnalyticMS_SR_8b_clip	pm5__20201105_20201124__0081	/scrfs/storage/yikebe/home/research/AR_Crop_Identification/make_dataset/raw_sentinel/pm5/pm5__20201105_20201124__0081	2020-11-19	637266.00000000,3776124.00000000,638034.00000000,3776892.00000000
train	009511	lower__20201119_165450_38_2416_3B_AnalyticMS_SR_8b_clip	pm5__20201105_20201124__0081	/scrfs/storage/yikebe/home/research/AR_Crop_Identification/make_dataset/raw_sentinel/pm5/pm5__20201105_20201124__0081	2020-11-19	638034.00000000,3776124.00000000,638802.00000000,3776892.00000000
train	009527	lower__20201119_165450_38_2416_3B_AnalyticMS_SR_8b_clip	pm5__20201105_20201124__0081	/scrfs/storage/yikebe/home/research/AR_Crop_Identification/make_dataset/raw_sentinel/pm5/pm5__20201105_20201124__0081	2020-11-19	638802.00000000,3776124.00000000,639570.00000000,3776892.00000000
train	009543	lower__20201119_165450_38_2416_3B_AnalyticMS_SR_8b_clip	pm5__20201105_20201124__0081	/scrfs/storage/yikebe/home/research/AR_Crop_Identification/make_dataset/raw_sentinel/pm5/pm5__20201105_20201124__0081	2020-11-19	639570.00000000,3776124.00000000,640338.00000000,3776892.00000000
train	009559	lower__20201119_165450_38_2416_3B_AnalyticMS_SR_8b_clip	pm5__20201105_20201124__0081	/scrfs/storage/yikebe/home/research/AR_Crop_Identification/make_dataset/raw_sentinel/pm5/pm5__20201105_20201124__0081	2020-11-19	640338.00000000,3776124.00000000,641106.00000000,3776892.00000000
train	009575	lower__20201119_165450_38_2416_3B_AnalyticMS_SR_8b_clip	pm5__20201105_20201124__0081	/scrfs/storage/yikebe/home/research/AR_Crop_Identification/make_dataset/raw_sentinel/pm5/pm5__20201105_20201124__0081	2020-11-19	641106.00000000,3776124.00000000,641874.00000000,3776892.00000000
train	009591	lower__20201119_165450_38_2416_3B_AnalyticMS_SR_8b_clip	pm5__20201105_20201124__0081	/scrfs/storage/yikebe/home/research/AR_Crop_Identification/make_dataset/raw_sentinel/pm5/pm5__20201105_20201124__0081	2020-11-19	641874.00000000,3776124.00000000,642642.00000000,3776892.00000000
train	009607	lower__20201119_165450_38_2416_3B_AnalyticMS_SR_8b_clip	pm5__20201105_20201124__0081	/scrfs/storage/yikebe/home/research/AR_Crop_Identification/make_dataset/raw_sentinel/pm5/pm5__20201105_20201124__0081	2020-11-19	635730.00000000,3775356.00000000,636498.00000000,3776124.00000000
train	009623	lower__20201119_165450_38_2416_3B_AnalyticMS_SR_8b_clip	pm5__20201105_20201124__0081	/scrfs/storage/yikebe/home/research/AR_Crop_Identification/make_dataset/raw_sentinel/pm5/pm5__20201105_20201124__0081	2020-11-19	636498.00000000,3775356.00000000,637266.00000000,3776124.00000000
train	009639	lower__20201119_165450_38_2416_3B_AnalyticMS_SR_8b_clip	pm5__20201105_20201124__0081	/scrfs/storage/yikebe/home/research/AR_Crop_Identification/make_dataset/raw_sentinel/pm5/pm5__20201105_20201124__0081	2020-11-19	640338.00000000,3775356.00000000,641106.00000000,3776124.00000000
train	009655	lower__20201119_165450_38_2416_3B_AnalyticMS_SR_8b_clip	pm5__20201105_20201124__0081	/scrfs/storage/yikebe/home/research/AR_Crop_Identification/make_dataset/raw_sentinel/pm5/pm5__20201105_20201124__0081	2020-11-19	641106.00000000,3775356.00000000,641874.00000000,3776124.00000000
train	009671	lower__20201119_165450_38_2416_3B_AnalyticMS_SR_8b_clip	pm5__20201105_20201124__0081	/scrfs/storage/yikebe/home/research/AR_Crop_Identification/make_dataset/raw_sentinel/pm5/pm5__20201105_20201124__0081	2020-11-19	625746.00000000,3774588.00000000,626514.00000000,3775356.00000000
train	009687	lower__20201119_165450_38_2416_3B_AnalyticMS_SR_8b_clip	pm5__20201105_20201124__0081	/scrfs/storage/yikebe/home/research/AR_Crop_Identification/make_dataset/raw_sentinel/pm5/pm5__20201105_20201124__0081	2020-11-19	626514.00000000,3774588.00000000,627282.00000000,3775356.00000000
train	009703	lower__20201119_165450_38_2416_3B_AnalyticMS_SR_8b_clip	pm5__20201105_20201124__0081	/scrfs/storage/yikebe/home/research/AR_Crop_Identification/make_dataset/raw_sentinel/pm5/pm5__20201105_20201124__0081	2020-11-19	641106.00000000,3774588.00000000,641874.00000000,3775356.00000000
train	009719	lower__20201119_165806_52_2407_3B_AnalyticMS_SR_8b_clip	pm5__20201105_20201124__0059	/scrfs/storage/yikebe/home/research/AR_Crop_Identification/make_dataset/raw_sentinel/pm5/pm5__20201105_20201124__0059	2020-11-19	585912.00000000,3810378.00000000,586680.00000000,3811146.00000000
train	009735	lower__20201119_165806_52_2407_3B_AnalyticMS_SR_8b_clip	pm5__20201105_20201124__0059	/scrfs/storage/yikebe/home/research/AR_Crop_Identification/make_dataset/raw_sentinel/pm5/pm5__20201105_20201124__0059	2020-11-19	587448.00000000,3810378.00000000,588216.00000000,3811146.00000000
train	009751	lower__20201119_165806_52_2407_3B_AnalyticMS_SR_8b_clip	pm5__20201105_20201124__0059	/scrfs/storage/yikebe/home/research/AR_Crop_Identification/make_dataset/raw_sentinel/pm5/pm5__20201105_20201124__0059	2020-11-19	588216.00000000,3810378.00000000,588984.00000000,3811146.00000000
train	009767	lower__20201119_165806_52_2407_3B_AnalyticMS_SR_8b_clip	pm5__20201105_20201124__0059	/scrfs/storage/yikebe/home/research/AR_Crop_Identification/make_dataset/raw_sentinel/pm5/pm5__20201105_20201124__0059	2020-11-19	585912.00000000,3809610.00000000,586680.00000000,3810378.00000000
train	009783	lower__20201119_165806_52_2407_3B_AnalyticMS_SR_8b_clip	pm5__20201105_20201124__0059	/scrfs/storage/yikebe/home/research/AR_Crop_Identification/make_dataset/raw_sentinel/pm5/pm5__20201105_20201124__0059	2020-11-19	586680.00000000,3809610.00000000,587448.00000000,3810378.00000000
train	009799	lower__20201119_165806_52_2407_3B_AnalyticMS_SR_8b_clip	pm5__20201105_20201124__0059	/scrfs/storage/yikebe/home/research/AR_Crop_Identification/make_dataset/raw_sentinel/pm5/pm5__20201105_20201124__0059	2020-11-19	587448.00000000,3809610.00000000,588216.00000000,3810378.00000000
train	009815	lower__20201119_165806_52_2407_3B_AnalyticMS_SR_8b_clip	pm5__20201105_20201124__0059	/scrfs/storage/yikebe/home/research/AR_Crop_Identification/make_dataset/raw_sentinel/pm5/pm5__20201105_20201124__0059	2020-11-19	588216.00000000,3809610.00000000,588984.00000000,3810378.00000000
train	009831	lower__20201119_165806_52_2407_3B_AnalyticMS_SR_8b_clip	pm5__20201105_20201124__0059	/scrfs/storage/yikebe/home/research/AR_Crop_Identification/make_dataset/raw_sentinel/pm5/pm5__20201105_20201124__0059	2020-11-19	586680.00000000,3808842.00000000,587448.00000000,3809610.00000000
train	009847	lower__20201119_165806_52_2407_3B_AnalyticMS_SR_8b_clip	pm5__20201105_20201124__0059	/scrfs/storage/yikebe/home/research/AR_Crop_Identification/make_dataset/raw_sentinel/pm5/pm5__20201105_20201124__0059	2020-11-19	587448.00000000,3808842.00000000,588216.00000000,3809610.00000000
train	009863	lower__20201119_165806_52_2407_3B_AnalyticMS_SR_8b_clip	pm5__20201105_20201124__0059	/scrfs/storage/yikebe/home/research/AR_Crop_Identification/make_dataset/raw_sentinel/pm5/pm5__20201105_20201124__0059	2020-11-19	588216.00000000,3808842.00000000,588984.00000000,3809610.00000000
train	009879	lower__20201119_165806_52_2407_3B_AnalyticMS_SR_8b_clip	pm5__20201105_20201124__0059	/scrfs/storage/yikebe/home/research/AR_Crop_Identification/make_dataset/raw_sentinel/pm5/pm5__20201105_20201124__0059	2020-11-19	584376.00000000,3808074.00000000,585144.00000000,3808842.00000000
train	009895	lower__20201119_165806_52_2407_3B_AnalyticMS_SR_8b_clip	pm5__20201105_20201124__0059	/scrfs/storage/yikebe/home/research/AR_Crop_Identification/make_dataset/raw_sentinel/pm5/pm5__20201105_20201124__0059	2020-11-19	587448.00000000,3808074.00000000,588216.00000000,3808842.00000000
train	009911	lower__20201119_165806_52_2407_3B_AnalyticMS_SR_8b_clip	pm5__20201105_20201124__0059	/scrfs/storage/yikebe/home/research/AR_Crop_Identification/make_dataset/raw_sentinel/pm5/pm5__20201105_20201124__0059	2020-11-19	588216.00000000,3808074.00000000,588984.00000000,3808842.00000000
train	009927	lower__20201119_165806_52_2407_3B_AnalyticMS_SR_8b_clip	pm5__20201105_20201124__0059	/scrfs/storage/yikebe/home/research/AR_Crop_Identification/make_dataset/raw_sentinel/pm5/pm5__20201105_20201124__0059	2020-11-19	588216.00000000,3807306.00000000,588984.00000000,3808074.00000000
train	009943	lower__20201119_165806_52_2407_3B_AnalyticMS_SR_8b_clip	pm5__20201105_20201124__0059	/scrfs/storage/yikebe/home/research/AR_Crop_Identification/make_dataset/raw_sentinel/pm5/pm5__20201105_20201124__0059	2020-11-19	587448.00000000,3806538.00000000,588216.00000000,3807306.00000000
train	009959	lower__20201119_165806_52_2407_3B_AnalyticMS_SR_8b_clip	pm5__20201105_20201124__0059	/scrfs/storage/yikebe/home/research/AR_Crop_Identification/make_dataset/raw_sentinel/pm5/pm5__20201105_20201124__0059	2020-11-19	602808.00000000,3798090.00000000,603576.00000000,3798858.00000000
train	009975	lower__20201119_165806_52_2407_3B_AnalyticMS_SR_8b_clip	pm5__20201105_20201124__0059	/scrfs/storage/yikebe/home/research/AR_Crop_Identification/make_dataset/raw_sentinel/pm5/pm5__20201105_20201124__0059	2020-11-19	603576.00000000,3798090.00000000,604344.00000000,3798858.00000000
train	009991	lower__20201119_165806_52_2407_3B_AnalyticMS_SR_8b_clip	pm5__20201105_20201124__0059	/scrfs/storage/yikebe/home/research/AR_Crop_Identification/make_dataset/raw_sentinel/pm5/pm5__20201105_20201124__0059	2020-11-19	602808.00000000,3797322.00000000,603576.00000000,3798090.00000000
train	010007	lower__20201119_165806_52_2407_3B_AnalyticMS_SR_8b_clip	pm5__20201105_20201124__0059	/scrfs/storage/yikebe/home/research/AR_Crop_Identification/make_dataset/raw_sentinel/pm5/pm5__20201105_20201124__0059	2020-11-19	604344.00000000,3796554.00000000,605112.00000000,3797322.00000000
train	010023	lower__20201119_165806_52_2407_3B_AnalyticMS_SR_8b_clip	pm5__20201105_20201124__0059	/scrfs/storage/yikebe/home/research/AR_Crop_Identification/make_dataset/raw_sentinel/pm5/pm5__20201105_20201124__0059	2020-11-19	604344.00000000,3795786.00000000,605112.00000000,3796554.00000000
train	010039	lower__20201119_165806_52_2407_3B_AnalyticMS_SR_8b_clip	pm5__20201105_20201124__0059	/scrfs/storage/yikebe/home/research/AR_Crop_Identification/make_dataset/raw_sentinel/pm5/pm5__20201105_20201124__0059	2020-11-19	601272.00000000,3795018.00000000,602040.00000000,3795786.00000000
train	010055	lower__20201119_165806_52_2407_3B_AnalyticMS_SR_8b_clip	pm5__20201105_20201124__0059	/scrfs/storage/yikebe/home/research/AR_Crop_Identification/make_dataset/raw_sentinel/pm5/pm5__20201105_20201124__0059	2020-11-19	601272.00000000,3794250.00000000,602040.00000000,3795018.00000000
train	010071	lower__20201119_165806_52_2407_3B_AnalyticMS_SR_8b_clip	pm5__20201105_20201124__0059	/scrfs/storage/yikebe/home/research/AR_Crop_Identification/make_dataset/raw_sentinel/pm5/pm5__20201105_20201124__0059	2020-11-19	603576.00000000,3790410.00000000,604344.00000000,3791178.00000000
train	010087	lower__20201119_165806_52_2407_3B_AnalyticMS_SR_8b_clip	pm5__20201105_20201124__0059	/scrfs/storage/yikebe/home/research/AR_Crop_Identification/make_dataset/raw_sentinel/pm5/pm5__20201105_20201124__0059	2020-11-19	606648.00000000,3788106.00000000,607416.00000000,3788874.00000000
train	010103	lower__20201119_165806_52_2407_3B_AnalyticMS_SR_8b_clip	pm5__20201105_20201124__0059	/scrfs/storage/yikebe/home/research/AR_Crop_Identification/make_dataset/raw_sentinel/pm5/pm5__20201105_20201124__0059	2020-11-19	607416.00000000,3788106.00000000,608184.00000000,3788874.00000000
