split	sample_id	scene_id	sentinel_request_id	sentinel_request_root	sentinel_date	planet_bounds
train	000006	lower__20200326_160113_09_2277_3B_AnalyticMS_SR_8b_clip	pm5__20200311_20200331__0002	/scrfs/storage/yikebe/home/research/AR_Crop_Identification/make_dataset/raw_sentinel/pm5/pm5__20200311_20200331__0002	2020-03-26	639894.00000000,3764919.00000000,640662.00000000,3765687.00000000
train	000022	lower__20200326_160113_09_2277_3B_AnalyticMS_SR_8b_clip	pm5__20200311_20200331__0002	/scrfs/storage/yikebe/home/research/AR_Crop_Identification/make_dataset/raw_sentinel/pm5/pm5__20200311_20200331__0002	2020-03-26	622998.00000000,3762615.00000000,623766.00000000,3763383.00000000
train	000038	lower__20200326_160113_09_2277_3B_AnalyticMS_SR_8b_clip	pm5__20200311_20200331__0002	/scrfs/storage/yikebe/home/research/AR_Crop_Identification/make_dataset/raw_sentinel/pm5/pm5__20200311_20200331__0002	2020-03-26	643734.00000000,3761847.00000000,644502.00000000,3762615.00000000
train	000054	lower__20200326_160113_09_2277_3B_AnalyticMS_SR_8b_clip	pm5__20200311_20200331__0002	/scrfs/storage/yikebe/home/research/AR_Crop_Identification/make_dataset/raw_sentinel/pm5/pm5__20200311_20200331__0002	2020-03-26	625302.00000000,3761079.00000000,626070.00000000,3761847.00000000
train	000070	lower__20200326_160113_09_2277_3B_AnalyticMS_SR_8b_clip	pm5__20200311_20200331__0002	/scrfs/storage/yikebe/home/research/AR_Crop_Identification/make_dataset/raw_sentinel/pm5/pm5__20200311_20200331__0002	2020-03-26	623766.00000000,3760311.00000000,624534.00000000,3761079.00000000
train	000086	lower__20200326_160113_09_2277_3B_AnalyticMS_SR_8b_clip	pm5__20200311_20200331__0002	/scrfs/storage/yikebe/home/research/AR_Crop_Identification/make_dataset/raw_sentinel/pm5/pm5__20200311_20200331__0002	2020-03-26	626070.00000000,3759543.00000000,626838.00000000,3760311.00000000
train	000102	lower__20200326_160113_09_2277_3B_AnalyticMS_SR_8b_clip	pm5__20200311_20200331__0002	/scrfs/storage/yikebe/home/research/AR_Crop_Identification/make_dataset/raw_sentinel/pm5/pm5__20200311_20200331__0002	2020-03-26	626070.00000000,3758775.00000000,626838.00000000,3759543.00000000
train	000118	lower__20200326_160113_09_2277_3B_AnalyticMS_SR_8b_clip	pm5__20200311_20200331__0002	/scrfs/storage/yikebe/home/research/AR_Crop_Identification/make_dataset/raw_sentinel/pm5/pm5__20200311_20200331__0002	2020-03-26	626838.00000000,3758775.00000000,627606.00000000,3759543.00000000
train	000134	lower__20200326_160113_09_2277_3B_AnalyticMS_SR_8b_clip	pm5__20200311_20200331__0002	/scrfs/storage/yikebe/home/research/AR_Crop_Identification/make_dataset/raw_sentinel/pm5/pm5__20200311_20200331__0002	2020-03-26	626838.00000000,3758007.00000000,627606.00000000,3758775.00000000
train	000150	lower__20200326_160113_09_2277_3B_AnalyticMS_SR_8b_clip	pm5__20200311_20200331__0002	/scrfs/storage/yikebe/home/research/AR_Crop_Identification/make_dataset/raw_sentinel/pm5/pm5__20200311_20200331__0002	2020-03-26	627606.00000000,3758007.00000000,628374.00000000,3758775.00000000
train	000166	lower__20200518_160556_84_2304_3B_AnalyticMS_SR_8b_clip	pm5__20200506_20200523__0009	/scrfs/storage/yikebe/home/research/AR_Crop_Identification/make_dataset/raw_sentinel/pm5/pm5__20200506_20200523__0009	2020-05-18	588123.00000000,3845295.00000000,588891.00000000,3846063.00000000
train	000182	lower__20200518_160556_84_2304_3B_AnalyticMS_SR_8b_clip	pm5__20200506_20200523__0009	/scrfs/storage/yikebe/home/research/AR_Crop_Identification/make_dataset/raw_sentinel/pm5/pm5__20200506_20200523__0009	2020-05-18	605787.00000000,3845295.00000000,606555.00000000,3846063.00000000
train	000198	lower__20200518_160556_84_2304_3B_AnalyticMS_SR_8b_clip	pm5__20200506_20200523__0009	/scrfs/storage/yikebe/home/research/AR_Crop_Identification/make_dataset/raw_sentinel/pm5/pm5__20200506_20200523__0009	2020-05-18	588123.00000000,3844527.00000000,588891.00000000,3845295.00000000
train	000214	lower__20200518_160556_84_2304_3B_AnalyticMS_SR_8b_clip	pm5__20200506_20200523__0009	/scrfs/storage/yikebe/home/research/AR_Crop_Identification/make_dataset/raw_sentinel/pm5/pm5__20200506_20200523__0009	2020-05-18	588891.00000000,3844527.00000000,589659.00000000,3845295.00000000
train	000230	lower__20200518_160556_84_2304_3B_AnalyticMS_SR_8b_clip	pm5__20200506_20200523__0009	/scrfs/storage/yikebe/home/research/AR_Crop_Identification/make_dataset/raw_sentinel/pm5/pm5__20200506_20200523__0009	2020-05-18	602715.00000000,3844527.00000000,603483.00000000,3845295.00000000
train	000246	lower__20200518_160556_84_2304_3B_AnalyticMS_SR_8b_clip	pm5__20200506_20200523__0009	/scrfs/storage/yikebe/home/research/AR_Crop_Identification/make_dataset/raw_sentinel/pm5/pm5__20200506_20200523__0009	2020-05-18	588891.00000000,3843759.00000000,589659.00000000,3844527.00000000
train	000262	lower__20200518_160556_84_2304_3B_AnalyticMS_SR_8b_clip	pm5__20200506_20200523__0009	/scrfs/storage/yikebe/home/research/AR_Crop_Identification/make_dataset/raw_sentinel/pm5/pm5__20200506_20200523__0009	2020-05-18	589659.00000000,3843759.00000000,590427.00000000,3844527.00000000
train	000278	lower__20200518_160556_84_2304_3B_AnalyticMS_SR_8b_clip	pm5__20200506_20200523__0009	/scrfs/storage/yikebe/home/research/AR_Crop_Identification/make_dataset/raw_sentinel/pm5/pm5__20200506_20200523__0009	2020-05-18	591195.00000000,3843759.00000000,591963.00000000,3844527.00000000
train	000294	lower__20200518_160556_84_2304_3B_AnalyticMS_SR_8b_clip	pm5__20200506_20200523__0009	/scrfs/storage/yikebe/home/research/AR_Crop_Identification/make_dataset/raw_sentinel/pm5/pm5__20200506_20200523__0009	2020-05-18	606555.00000000,3843759.00000000,607323.00000000,3844527.00000000
train	000310	lower__20200518_160556_84_2304_3B_AnalyticMS_SR_8b_clip	pm5__20200506_20200523__0009	/scrfs/storage/yikebe/home/research/AR_Crop_Identification/make_dataset/raw_sentinel/pm5/pm5__20200506_20200523__0009	2020-05-18	588891.00000000,3842991.00000000,589659.00000000,3843759.00000000
train	000326	lower__20200518_160556_84_2304_3B_AnalyticMS_SR_8b_clip	pm5__20200506_20200523__0009	/scrfs/storage/yikebe/home/research/AR_Crop_Identification/make_dataset/raw_sentinel/pm5/pm5__20200506_20200523__0009	2020-05-18	589659.00000000,3842991.00000000,590427.00000000,3843759.00000000
train	000342	lower__20200518_160556_84_2304_3B_AnalyticMS_SR_8b_clip	pm5__20200506_20200523__0009	/scrfs/storage/yikebe/home/research/AR_Crop_Identification/make_dataset/raw_sentinel/pm5/pm5__20200506_20200523__0009	2020-05-18	591195.00000000,3842991.00000000,591963.00000000,3843759.00000000
train	000358	lower__20200518_160556_84_2304_3B_AnalyticMS_SR_8b_clip	pm5__20200506_20200523__0009	/scrfs/storage/yikebe/home/research/AR_Crop_Identification/make_dataset/raw_sentinel/pm5/pm5__20200506_20200523__0009	2020-05-18	605019.00000000,3842991.00000000,605787.00000000,3843759.00000000
train	000374	lower__20200518_160556_84_2304_3B_AnalyticMS_SR_8b_clip	pm5__20200506_20200523__0009	/scrfs/storage/yikebe/home/research/AR_Crop_Identification/make_dataset/raw_sentinel/pm5/pm5__20200506_20200523__0009	2020-05-18	605787.00000000,3842991.00000000,606555.00000000,3843759.00000000
train	000390	lower__20200518_160556_84_2304_3B_AnalyticMS_SR_8b_clip	pm5__20200506_20200523__0009	/scrfs/storage/yikebe/home/research/AR_Crop_Identification/make_dataset/raw_sentinel/pm5/pm5__20200506_20200523__0009	2020-05-18	593499.00000000,3841455.00000000,594267.00000000,3842223.00000000
train	000406	lower__20200518_160556_84_2304_3B_AnalyticMS_SR_8b_clip	pm5__20200506_20200523__0009	/scrfs/storage/yikebe/home/research/AR_Crop_Identification/make_dataset/raw_sentinel/pm5/pm5__20200506_20200523__0009	2020-05-18	596571.00000000,3841455.00000000,597339.00000000,3842223.00000000
train	000422	lower__20200518_160556_84_2304_3B_AnalyticMS_SR_8b_clip	pm5__20200506_20200523__0009	/scrfs/storage/yikebe/home/research/AR_Crop_Identification/make_dataset/raw_sentinel/pm5/pm5__20200506_20200523__0009	2020-05-18	586587.00000000,3840687.00000000,587355.00000000,3841455.00000000
train	000438	lower__20200518_160556_84_2304_3B_AnalyticMS_SR_8b_clip	pm5__20200506_20200523__0009	/scrfs/storage/yikebe/home/research/AR_Crop_Identification/make_dataset/raw_sentinel/pm5/pm5__20200506_20200523__0009	2020-05-18	587355.00000000,3840687.00000000,588123.00000000,3841455.00000000
train	000454	lower__20200518_160556_84_2304_3B_AnalyticMS_SR_8b_clip	pm5__20200506_20200523__0009	/scrfs/storage/yikebe/home/research/AR_Crop_Identification/make_dataset/raw_sentinel/pm5/pm5__20200506_20200523__0009	2020-05-18	605787.00000000,3839151.00000000,606555.00000000,3839919.00000000
train	000470	lower__20200518_160556_84_2304_3B_AnalyticMS_SR_8b_clip	pm5__20200506_20200523__0009	/scrfs/storage/yikebe/home/research/AR_Crop_Identification/make_dataset/raw_sentinel/pm5/pm5__20200506_20200523__0009	2020-05-18	611931.00000000,3839151.00000000,612699.00000000,3839919.00000000
train	000486	lower__20200518_160556_84_2304_3B_AnalyticMS_SR_8b_clip	pm5__20200506_20200523__0009	/scrfs/storage/yikebe/home/research/AR_Crop_Identification/make_dataset/raw_sentinel/pm5/pm5__20200506_20200523__0009	2020-05-18	609627.00000000,3838383.00000000,610395.00000000,3839151.00000000
train	000502	lower__20200518_160556_84_2304_3B_AnalyticMS_SR_8b_clip	pm5__20200506_20200523__0009	/scrfs/storage/yikebe/home/research/AR_Crop_Identification/make_dataset/raw_sentinel/pm5/pm5__20200506_20200523__0009	2020-05-18	610395.00000000,3838383.00000000,611163.00000000,3839151.00000000
train	000518	lower__20200518_160556_84_2304_3B_AnalyticMS_SR_8b_clip	pm5__20200506_20200523__0009	/scrfs/storage/yikebe/home/research/AR_Crop_Identification/make_dataset/raw_sentinel/pm5/pm5__20200506_20200523__0009	2020-05-18	611163.00000000,3838383.00000000,611931.00000000,3839151.00000000
train	000534	lower__20200518_160556_84_2304_3B_AnalyticMS_SR_8b_clip	pm5__20200506_20200523__0009	/scrfs/storage/yikebe/home/research/AR_Crop_Identification/make_dataset/raw_sentinel/pm5/pm5__20200506_20200523__0009	2020-05-18	605787.00000000,3837615.00000000,606555.00000000,3838383.00000000
train	000550	lower__20200518_160556_84_2304_3B_AnalyticMS_SR_8b_clip	pm5__20200506_20200523__0009	/scrfs/storage/yikebe/home/research/AR_Crop_Identification/make_dataset/raw_sentinel/pm5/pm5__20200506_20200523__0009	2020-05-18	610395.00000000,3837615.00000000,611163.00000000,3838383.00000000
train	000566	lower__20200518_160556_84_2304_3B_AnalyticMS_SR_8b_clip	pm5__20200506_20200523__0009	/scrfs/storage/yikebe/home/research/AR_Crop_Identification/make_dataset/raw_sentinel/pm5/pm5__20200506_20200523__0009	2020-05-18	610395.00000000,3836847.00000000,611163.00000000,3837615.00000000
train	000582	lower__20200518_160556_84_2304_3B_AnalyticMS_SR_8b_clip	pm5__20200506_20200523__0009	/scrfs/storage/yikebe/home/research/AR_Crop_Identification/make_dataset/raw_sentinel/pm5/pm5__20200506_20200523__0009	2020-05-18	614235.00000000,3836079.00000000,615003.00000000,3836847.00000000
train	000598	lower__20200710_155922_58_2304_3B_AnalyticMS_SR_8b_clip	pm5__20200705_20200723__0017	/scrfs/storage/yikebe/home/research/AR_Crop_Identification/make_dataset/raw_sentinel/pm5/pm5__20200705_20200723__0017	2020-07-14	727761.00000000,3823767.00000000,728529.00000000,3824535.00000000
train	000614	lower__20200710_155922_58_2304_3B_AnalyticMS_SR_8b_clip	pm5__20200705_20200723__0017	/scrfs/storage/yikebe/home/research/AR_Crop_Identification/make_dataset/raw_sentinel/pm5/pm5__20200705_20200723__0017	2020-07-14	707793.00000000,3816087.00000000,708561.00000000,3816855.00000000
train	000630	lower__20200710_155922_58_2304_3B_AnalyticMS_SR_8b_clip	pm5__20200705_20200723__0017	/scrfs/storage/yikebe/home/research/AR_Crop_Identification/make_dataset/raw_sentinel/pm5/pm5__20200705_20200723__0017	2020-07-14	707025.00000000,3813783.00000000,707793.00000000,3814551.00000000
train	000646	lower__20200910_155846_97_220b_3B_AnalyticMS_SR_8b_clip	pm5__20200905_20200924__0029	/scrfs/storage/yikebe/home/research/AR_Crop_Identification/make_dataset/raw_sentinel/pm5/pm5__20200905_20200924__0029	2020-09-07	716532.00000000,3810468.00000000,717300.00000000,3811236.00000000
train	000662	lower__20200910_155846_97_220b_3B_AnalyticMS_SR_8b_clip	pm5__20200905_20200924__0029	/scrfs/storage/yikebe/home/research/AR_Crop_Identification/make_dataset/raw_sentinel/pm5/pm5__20200905_20200924__0029	2020-09-07	721140.00000000,3809700.00000000,721908.00000000,3810468.00000000
train	000678	lower__20200910_155846_97_220b_3B_AnalyticMS_SR_8b_clip	pm5__20200905_20200924__0029	/scrfs/storage/yikebe/home/research/AR_Crop_Identification/make_dataset/raw_sentinel/pm5/pm5__20200905_20200924__0029	2020-09-07	734964.00000000,3808932.00000000,735732.00000000,3809700.00000000
train	000694	lower__20200910_155846_97_220b_3B_AnalyticMS_SR_8b_clip	pm5__20200905_20200924__0029	/scrfs/storage/yikebe/home/research/AR_Crop_Identification/make_dataset/raw_sentinel/pm5/pm5__20200905_20200924__0029	2020-09-07	714996.00000000,3808164.00000000,715764.00000000,3808932.00000000
train	000710	lower__20200910_155846_97_220b_3B_AnalyticMS_SR_8b_clip	pm5__20200905_20200924__0029	/scrfs/storage/yikebe/home/research/AR_Crop_Identification/make_dataset/raw_sentinel/pm5/pm5__20200905_20200924__0029	2020-09-07	734964.00000000,3808164.00000000,735732.00000000,3808932.00000000
train	000726	lower__20200910_155846_97_220b_3B_AnalyticMS_SR_8b_clip	pm5__20200905_20200924__0029	/scrfs/storage/yikebe/home/research/AR_Crop_Identification/make_dataset/raw_sentinel/pm5/pm5__20200905_20200924__0029	2020-09-07	734196.00000000,3807396.00000000,734964.00000000,3808164.00000000
train	000742	lower__20200910_155846_97_220b_3B_AnalyticMS_SR_8b_clip	pm5__20200905_20200924__0029	/scrfs/storage/yikebe/home/research/AR_Crop_Identification/make_dataset/raw_sentinel/pm5/pm5__20200905_20200924__0029	2020-09-07	714996.00000000,3806628.00000000,715764.00000000,3807396.00000000
train	000758	lower__20200910_155846_97_220b_3B_AnalyticMS_SR_8b_clip	pm5__20200905_20200924__0029	/scrfs/storage/yikebe/home/research/AR_Crop_Identification/make_dataset/raw_sentinel/pm5/pm5__20200905_20200924__0029	2020-09-07	716532.00000000,3806628.00000000,717300.00000000,3807396.00000000
train	000774	lower__20200910_155846_97_220b_3B_AnalyticMS_SR_8b_clip	pm5__20200905_20200924__0029	/scrfs/storage/yikebe/home/research/AR_Crop_Identification/make_dataset/raw_sentinel/pm5/pm5__20200905_20200924__0029	2020-09-07	721908.00000000,3805092.00000000,722676.00000000,3805860.00000000
train	000790	lower__20200910_155846_97_220b_3B_AnalyticMS_SR_8b_clip	pm5__20200905_20200924__0029	/scrfs/storage/yikebe/home/research/AR_Crop_Identification/make_dataset/raw_sentinel/pm5/pm5__20200905_20200924__0029	2020-09-07	726516.00000000,3805092.00000000,727284.00000000,3805860.00000000
train	000806	lower__20200910_155846_97_220b_3B_AnalyticMS_SR_8b_clip	pm5__20200905_20200924__0029	/scrfs/storage/yikebe/home/research/AR_Crop_Identification/make_dataset/raw_sentinel/pm5/pm5__20200905_20200924__0029	2020-09-07	720372.00000000,3804324.00000000,721140.00000000,3805092.00000000
train	000822	lower__20200910_155846_97_220b_3B_AnalyticMS_SR_8b_clip	pm5__20200905_20200924__0029	/scrfs/storage/yikebe/home/research/AR_Crop_Identification/make_dataset/raw_sentinel/pm5/pm5__20200905_20200924__0029	2020-09-07	721140.00000000,3804324.00000000,721908.00000000,3805092.00000000
train	000838	lower__20200910_155846_97_220b_3B_AnalyticMS_SR_8b_clip	pm5__20200905_20200924__0029	/scrfs/storage/yikebe/home/research/AR_Crop_Identification/make_dataset/raw_sentinel/pm5/pm5__20200905_20200924__0029	2020-09-07	728820.00000000,3804324.00000000,729588.00000000,3805092.00000000
train	000854	lower__20200910_155846_97_220b_3B_AnalyticMS_SR_8b_clip	pm5__20200905_20200924__0029	/scrfs/storage/yikebe/home/research/AR_Crop_Identification/make_dataset/raw_sentinel/pm5/pm5__20200905_20200924__0029	2020-09-07	718836.00000000,3802788.00000000,719604.00000000,3803556.00000000
train	000870	lower__20200910_155846_97_220b_3B_AnalyticMS_SR_8b_clip	pm5__20200905_20200924__0029	/scrfs/storage/yikebe/home/research/AR_Crop_Identification/make_dataset/raw_sentinel/pm5/pm5__20200905_20200924__0029	2020-09-07	717300.00000000,3800484.00000000,718068.00000000,3801252.00000000
train	000886	lower__20200910_155846_97_220b_3B_AnalyticMS_SR_8b_clip	pm5__20200905_20200924__0029	/scrfs/storage/yikebe/home/research/AR_Crop_Identification/make_dataset/raw_sentinel/pm5/pm5__20200905_20200924__0029	2020-09-07	731892.00000000,3798948.00000000,732660.00000000,3799716.00000000
train	000902	lower__20200910_155846_97_220b_3B_AnalyticMS_SR_8b_clip	pm5__20200905_20200924__0029	/scrfs/storage/yikebe/home/research/AR_Crop_Identification/make_dataset/raw_sentinel/pm5/pm5__20200905_20200924__0029	2020-09-07	725748.00000000,3797412.00000000,726516.00000000,3798180.00000000
train	000918	lower__20200910_155846_97_220b_3B_AnalyticMS_SR_8b_clip	pm5__20200905_20200924__0029	/scrfs/storage/yikebe/home/research/AR_Crop_Identification/make_dataset/raw_sentinel/pm5/pm5__20200905_20200924__0029	2020-09-07	739572.00000000,3797412.00000000,740340.00000000,3798180.00000000
train	000934	lower__20200910_155846_97_220b_3B_AnalyticMS_SR_8b_clip	pm5__20200905_20200924__0029	/scrfs/storage/yikebe/home/research/AR_Crop_Identification/make_dataset/raw_sentinel/pm5/pm5__20200905_20200924__0029	2020-09-07	735732.00000000,3796644.00000000,736500.00000000,3797412.00000000
train	000950	lower__20200910_155846_97_220b_3B_AnalyticMS_SR_8b_clip	pm5__20200905_20200924__0029	/scrfs/storage/yikebe/home/research/AR_Crop_Identification/make_dataset/raw_sentinel/pm5/pm5__20200905_20200924__0029	2020-09-07	738036.00000000,3796644.00000000,738804.00000000,3797412.00000000
train	000966	lower__20200910_155846_97_220b_3B_AnalyticMS_SR_8b_clip	pm5__20200905_20200924__0029	/scrfs/storage/yikebe/home/research/AR_Crop_Identification/make_dataset/raw_sentinel/pm5/pm5__20200905_20200924__0029	2020-09-07	724980.00000000,3795876.00000000,725748.00000000,3796644.00000000
train	000982	lower__20200910_155846_97_220b_3B_AnalyticMS_SR_8b_clip	pm5__20200905_20200924__0029	/scrfs/storage/yikebe/home/research/AR_Crop_Identification/make_dataset/raw_sentinel/pm5/pm5__20200905_20200924__0029	2020-09-07	741876.00000000,3795108.00000000,742644.00000000,3795876.00000000
train	000998	lower__20200910_160128_42_222c_3B_AnalyticMS_SR_8b_clip	pm5__20200905_20200924__0024	/scrfs/storage/yikebe/home/research/AR_Crop_Identification/make_dataset/raw_sentinel/pm5/pm5__20200905_20200924__0024	2020-09-10	654102.00000000,3779373.00000000,654870.00000000,3780141.00000000
train	001014	lower__20200910_160128_42_222c_3B_AnalyticMS_SR_8b_clip	pm5__20200905_20200924__0024	/scrfs/storage/yikebe/home/research/AR_Crop_Identification/make_dataset/raw_sentinel/pm5/pm5__20200905_20200924__0024	2020-09-10	653334.00000000,3777069.00000000,654102.00000000,3777837.00000000
train	001030	lower__20200910_160128_42_222c_3B_AnalyticMS_SR_8b_clip	pm5__20200905_20200924__0024	/scrfs/storage/yikebe/home/research/AR_Crop_Identification/make_dataset/raw_sentinel/pm5/pm5__20200905_20200924__0024	2020-09-10	653334.00000000,3776301.00000000,654102.00000000,3777069.00000000
train	001046	lower__20200911_160158_25_2235_3B_AnalyticMS_SR_8b_clip	pm5__20200905_20200924__0025	/scrfs/storage/yikebe/home/research/AR_Crop_Identification/make_dataset/raw_sentinel/pm5/pm5__20200905_20200924__0025	2020-09-07	696168.00000000,3747921.00000000,696936.00000000,3748689.00000000
train	001062	lower__20200911_160158_25_2235_3B_AnalyticMS_SR_8b_clip	pm5__20200905_20200924__0025	/scrfs/storage/yikebe/home/research/AR_Crop_Identification/make_dataset/raw_sentinel/pm5/pm5__20200905_20200924__0025	2020-09-07	703080.00000000,3747153.00000000,703848.00000000,3747921.00000000
train	001078	lower__20200911_160158_25_2235_3B_AnalyticMS_SR_8b_clip	pm5__20200905_20200924__0025	/scrfs/storage/yikebe/home/research/AR_Crop_Identification/make_dataset/raw_sentinel/pm5/pm5__20200905_20200924__0025	2020-09-07	698472.00000000,3744849.00000000,699240.00000000,3745617.00000000
train	001094	lower__20200911_160158_25_2235_3B_AnalyticMS_SR_8b_clip	pm5__20200905_20200924__0025	/scrfs/storage/yikebe/home/research/AR_Crop_Identification/make_dataset/raw_sentinel/pm5/pm5__20200905_20200924__0025	2020-09-07	696168.00000000,3743313.00000000,696936.00000000,3744081.00000000
train	001110	lower__20200911_160158_25_2235_3B_AnalyticMS_SR_8b_clip	pm5__20200905_20200924__0025	/scrfs/storage/yikebe/home/research/AR_Crop_Identification/make_dataset/raw_sentinel/pm5/pm5__20200905_20200924__0025	2020-09-07	718440.00000000,3743313.00000000,719208.00000000,3744081.00000000
train	001126	lower__20200911_160158_25_2235_3B_AnalyticMS_SR_8b_clip	pm5__20200905_20200924__0025	/scrfs/storage/yikebe/home/research/AR_Crop_Identification/make_dataset/raw_sentinel/pm5/pm5__20200905_20200924__0025	2020-09-07	712296.00000000,3741777.00000000,713064.00000000,3742545.00000000
train	001142	lower__20200911_160158_25_2235_3B_AnalyticMS_SR_8b_clip	pm5__20200905_20200924__0025	/scrfs/storage/yikebe/home/research/AR_Crop_Identification/make_dataset/raw_sentinel/pm5/pm5__20200905_20200924__0025	2020-09-07	693864.00000000,3741009.00000000,694632.00000000,3741777.00000000
train	001158	lower__20200911_160158_25_2235_3B_AnalyticMS_SR_8b_clip	pm5__20200905_20200924__0025	/scrfs/storage/yikebe/home/research/AR_Crop_Identification/make_dataset/raw_sentinel/pm5/pm5__20200905_20200924__0025	2020-09-07	712296.00000000,3741009.00000000,713064.00000000,3741777.00000000
train	001174	lower__20200911_160158_25_2235_3B_AnalyticMS_SR_8b_clip	pm5__20200905_20200924__0025	/scrfs/storage/yikebe/home/research/AR_Crop_Identification/make_dataset/raw_sentinel/pm5/pm5__20200905_20200924__0025	2020-09-07	713064.00000000,3741009.00000000,713832.00000000,3741777.00000000
train	001190	lower__20200911_160158_25_2235_3B_AnalyticMS_SR_8b_clip	pm5__20200905_20200924__0025	/scrfs/storage/yikebe/home/research/AR_Crop_Identification/make_dataset/raw_sentinel/pm5/pm5__20200905_20200924__0025	2020-09-07	700008.00000000,3739473.00000000,700776.00000000,3740241.00000000
train	001206	lower__20200911_160158_25_2235_3B_AnalyticMS_SR_8b_clip	pm5__20200905_20200924__0025	/scrfs/storage/yikebe/home/research/AR_Crop_Identification/make_dataset/raw_sentinel/pm5/pm5__20200905_20200924__0025	2020-09-07	701544.00000000,3737937.00000000,702312.00000000,3738705.00000000
train	001222	lower__20200911_160158_25_2235_3B_AnalyticMS_SR_8b_clip	pm5__20200905_20200924__0025	/scrfs/storage/yikebe/home/research/AR_Crop_Identification/make_dataset/raw_sentinel/pm5/pm5__20200905_20200924__0025	2020-09-07	719208.00000000,3737937.00000000,719976.00000000,3738705.00000000
train	001238	lower__20200911_160158_25_2235_3B_AnalyticMS_SR_8b_clip	pm5__20200905_20200924__0025	/scrfs/storage/yikebe/home/research/AR_Crop_Identification/make_dataset/raw_sentinel/pm5/pm5__20200905_20200924__0025	2020-09-07	716136.00000000,3737169.00000000,716904.00000000,3737937.00000000
train	001254	lower__20200911_160158_25_2235_3B_AnalyticMS_SR_8b_clip	pm5__20200905_20200924__0025	/scrfs/storage/yikebe/home/research/AR_Crop_Identification/make_dataset/raw_sentinel/pm5/pm5__20200905_20200924__0025	2020-09-07	691560.00000000,3734865.00000000,692328.00000000,3735633.00000000
train	001270	lower__20200911_160158_25_2235_3B_AnalyticMS_SR_8b_clip	pm5__20200905_20200924__0025	/scrfs/storage/yikebe/home/research/AR_Crop_Identification/make_dataset/raw_sentinel/pm5/pm5__20200905_20200924__0025	2020-09-07	706152.00000000,3734097.00000000,706920.00000000,3734865.00000000
train	001286	lower__20200911_160158_25_2235_3B_AnalyticMS_SR_8b_clip	pm5__20200905_20200924__0025	/scrfs/storage/yikebe/home/research/AR_Crop_Identification/make_dataset/raw_sentinel/pm5/pm5__20200905_20200924__0025	2020-09-07	686952.00000000,3732561.00000000,687720.00000000,3733329.00000000
train	001302	lower__20200911_160158_25_2235_3B_AnalyticMS_SR_8b_clip	pm5__20200905_20200924__0025	/scrfs/storage/yikebe/home/research/AR_Crop_Identification/make_dataset/raw_sentinel/pm5/pm5__20200905_20200924__0025	2020-09-07	701544.00000000,3732561.00000000,702312.00000000,3733329.00000000
train	001318	lower__20200911_160158_25_2235_3B_AnalyticMS_SR_8b_clip	pm5__20200905_20200924__0025	/scrfs/storage/yikebe/home/research/AR_Crop_Identification/make_dataset/raw_sentinel/pm5/pm5__20200905_20200924__0025	2020-09-07	702312.00000000,3732561.00000000,703080.00000000,3733329.00000000
train	001334	lower__20200911_160158_25_2235_3B_AnalyticMS_SR_8b_clip	pm5__20200905_20200924__0025	/scrfs/storage/yikebe/home/research/AR_Crop_Identification/make_dataset/raw_sentinel/pm5/pm5__20200905_20200924__0025	2020-09-07	712296.00000000,3732561.00000000,713064.00000000,3733329.00000000
train	001350	lower__20200911_160158_25_2235_3B_AnalyticMS_SR_8b_clip	pm5__20200905_20200924__0025	/scrfs/storage/yikebe/home/research/AR_Crop_Identification/make_dataset/raw_sentinel/pm5/pm5__20200905_20200924__0025	2020-09-07	713064.00000000,3732561.00000000,713832.00000000,3733329.00000000
train	001366	lower__20200911_160158_25_2235_3B_AnalyticMS_SR_8b_clip	pm5__20200905_20200924__0025	/scrfs/storage/yikebe/home/research/AR_Crop_Identification/make_dataset/raw_sentinel/pm5/pm5__20200905_20200924__0025	2020-09-07	711528.00000000,3731793.00000000,712296.00000000,3732561.00000000
train	001382	lower__20200911_160158_25_2235_3B_AnalyticMS_SR_8b_clip	pm5__20200905_20200924__0025	/scrfs/storage/yikebe/home/research/AR_Crop_Identification/make_dataset/raw_sentinel/pm5/pm5__20200905_20200924__0025	2020-09-07	713064.00000000,3731793.00000000,713832.00000000,3732561.00000000
train	001398	lower__20200911_160158_25_2235_3B_AnalyticMS_SR_8b_clip	pm5__20200905_20200924__0025	/scrfs/storage/yikebe/home/research/AR_Crop_Identification/make_dataset/raw_sentinel/pm5/pm5__20200905_20200924__0025	2020-09-07	690792.00000000,3730257.00000000,691560.00000000,3731025.00000000
train	001414	lower__20200911_160158_25_2235_3B_AnalyticMS_SR_8b_clip	pm5__20200905_20200924__0025	/scrfs/storage/yikebe/home/research/AR_Crop_Identification/make_dataset/raw_sentinel/pm5/pm5__20200905_20200924__0025	2020-09-07	708456.00000000,3730257.00000000,709224.00000000,3731025.00000000
train	001430	lower__20200911_160158_25_2235_3B_AnalyticMS_SR_8b_clip	pm5__20200905_20200924__0025	/scrfs/storage/yikebe/home/research/AR_Crop_Identification/make_dataset/raw_sentinel/pm5/pm5__20200905_20200924__0025	2020-09-07	711528.00000000,3730257.00000000,712296.00000000,3731025.00000000
train	001446	lower__20200911_160158_25_2235_3B_AnalyticMS_SR_8b_clip	pm5__20200905_20200924__0025	/scrfs/storage/yikebe/home/research/AR_Crop_Identification/make_dataset/raw_sentinel/pm5/pm5__20200905_20200924__0025	2020-09-07	711528.00000000,3728721.00000000,712296.00000000,3729489.00000000
train	001462	lower__20200911_160158_25_2235_3B_AnalyticMS_SR_8b_clip	pm5__20200905_20200924__0025	/scrfs/storage/yikebe/home/research/AR_Crop_Identification/make_dataset/raw_sentinel/pm5/pm5__20200905_20200924__0025	2020-09-07	715368.00000000,3728721.00000000,716136.00000000,3729489.00000000
train	001478	lower__20200911_160158_25_2235_3B_AnalyticMS_SR_8b_clip	pm5__20200905_20200924__0025	/scrfs/storage/yikebe/home/research/AR_Crop_Identification/make_dataset/raw_sentinel/pm5/pm5__20200905_20200924__0025	2020-09-07	714600.00000000,3725649.00000000,715368.00000000,3726417.00000000
train	001494	lower__20201110_160651_38_2233_3B_AnalyticMS_SR_8b_clip	pm5__20201105_20201124__0114	/scrfs/storage/yikebe/home/research/AR_Crop_Identification/make_dataset/raw_sentinel/pm5/pm5__20201105_20201124__0114	2020-11-09	689658.00000000,3847161.00000000,690426.00000000,3847929.00000000
train	001510	lower__20201111_161023_91_2264_3B_AnalyticMS_SR_8b_clip	pm5__20201105_20201124__0076	/scrfs/storage/yikebe/home/research/AR_Crop_Identification/make_dataset/raw_sentinel/pm5/pm5__20201105_20201124__0076	2020-11-11	633081.00000000,3820653.00000000,633849.00000000,3821421.00000000
train	001526	lower__20201111_165317_93_2401_3B_AnalyticMS_SR_8b_clip	pm5__20201105_20201124__0132	/scrfs/storage/yikebe/home/research/AR_Crop_Identification/make_dataset/raw_sentinel/pm5/pm5__20201105_20201124__0132	2020-11-11	737577.00000000,3839238.00000000,738345.00000000,3840006.00000000
train	001542	lower__20201111_165317_93_2401_3B_AnalyticMS_SR_8b_clip	pm5__20201105_20201124__0132	/scrfs/storage/yikebe/home/research/AR_Crop_Identification/make_dataset/raw_sentinel/pm5/pm5__20201105_20201124__0132	2020-11-11	734505.00000000,3837702.00000000,735273.00000000,3838470.00000000
train	001558	lower__20201111_165317_93_2401_3B_AnalyticMS_SR_8b_clip	pm5__20201105_20201124__0132	/scrfs/storage/yikebe/home/research/AR_Crop_Identification/make_dataset/raw_sentinel/pm5/pm5__20201105_20201124__0132	2020-11-11	735273.00000000,3836934.00000000,736041.00000000,3837702.00000000
train	001574	lower__20201111_165317_93_2401_3B_AnalyticMS_SR_8b_clip	pm5__20201105_20201124__0132	/scrfs/storage/yikebe/home/research/AR_Crop_Identification/make_dataset/raw_sentinel/pm5/pm5__20201105_20201124__0132	2020-11-11	748329.00000000,3836934.00000000,749097.00000000,3837702.00000000
train	001590	lower__20201111_165317_93_2401_3B_AnalyticMS_SR_8b_clip	pm5__20201105_20201124__0132	/scrfs/storage/yikebe/home/research/AR_Crop_Identification/make_dataset/raw_sentinel/pm5/pm5__20201105_20201124__0132	2020-11-11	740649.00000000,3836166.00000000,741417.00000000,3836934.00000000
train	001606	lower__20201111_165317_93_2401_3B_AnalyticMS_SR_8b_clip	pm5__20201105_20201124__0132	/scrfs/storage/yikebe/home/research/AR_Crop_Identification/make_dataset/raw_sentinel/pm5/pm5__20201105_20201124__0132	2020-11-11	739881.00000000,3835398.00000000,740649.00000000,3836166.00000000
train	001622	lower__20201111_165317_93_2401_3B_AnalyticMS_SR_8b_clip	pm5__20201105_20201124__0132	/scrfs/storage/yikebe/home/research/AR_Crop_Identification/make_dataset/raw_sentinel/pm5/pm5__20201105_20201124__0132	2020-11-11	742953.00000000,3835398.00000000,743721.00000000,3836166.00000000
train	001638	lower__20201111_165317_93_2401_3B_AnalyticMS_SR_8b_clip	pm5__20201105_20201124__0132	/scrfs/storage/yikebe/home/research/AR_Crop_Identification/make_dataset/raw_sentinel/pm5/pm5__20201105_20201124__0132	2020-11-11	748329.00000000,3835398.00000000,749097.00000000,3836166.00000000
train	001654	lower__20201111_165317_93_2401_3B_AnalyticMS_SR_8b_clip	pm5__20201105_20201124__0132	/scrfs/storage/yikebe/home/research/AR_Crop_Identification/make_dataset/raw_sentinel/pm5/pm5__20201105_20201124__0132	2020-11-11	739113.00000000,3834630.00000000,739881.00000000,3835398.00000000
train	001670	lower__20201111_165317_93_2401_3B_AnalyticMS_SR_8b_clip	pm5__20201105_20201124__0132	/scrfs/storage/yikebe/home/research/AR_Crop_Identification/make_dataset/raw_sentinel/pm5/pm5__20201105_20201124__0132	2020-11-11	739881.00000000,3834630.00000000,740649.00000000,3835398.00000000
train	001686	lower__20201111_165317_93_2401_3B_AnalyticMS_SR_8b_clip	pm5__20201105_20201124__0132	/scrfs/storage/yikebe/home/research/AR_Crop_Identification/make_dataset/raw_sentinel/pm5/pm5__20201105_20201124__0132	2020-11-11	742953.00000000,3834630.00000000,743721.00000000,3835398.00000000
train	001702	lower__20201111_165317_93_2401_3B_AnalyticMS_SR_8b_clip	pm5__20201105_20201124__0132	/scrfs/storage/yikebe/home/research/AR_Crop_Identification/make_dataset/raw_sentinel/pm5/pm5__20201105_20201124__0132	2020-11-11	748329.00000000,3834630.00000000,749097.00000000,3835398.00000000
train	001718	lower__20201111_165317_93_2401_3B_AnalyticMS_SR_8b_clip	pm5__20201105_20201124__0132	/scrfs/storage/yikebe/home/research/AR_Crop_Identification/make_dataset/raw_sentinel/pm5/pm5__20201105_20201124__0132	2020-11-11	733737.00000000,3833862.00000000,734505.00000000,3834630.00000000
train	001734	lower__20201111_165317_93_2401_3B_AnalyticMS_SR_8b_clip	pm5__20201105_20201124__0132	/scrfs/storage/yikebe/home/research/AR_Crop_Identification/make_dataset/raw_sentinel/pm5/pm5__20201105_20201124__0132	2020-11-11	745257.00000000,3833862.00000000,746025.00000000,3834630.00000000
train	001750	lower__20201111_165317_93_2401_3B_AnalyticMS_SR_8b_clip	pm5__20201105_20201124__0132	/scrfs/storage/yikebe/home/research/AR_Crop_Identification/make_dataset/raw_sentinel/pm5/pm5__20201105_20201124__0132	2020-11-11	748329.00000000,3833862.00000000,749097.00000000,3834630.00000000
train	001766	lower__20201111_165317_93_2401_3B_AnalyticMS_SR_8b_clip	pm5__20201105_20201124__0132	/scrfs/storage/yikebe/home/research/AR_Crop_Identification/make_dataset/raw_sentinel/pm5/pm5__20201105_20201124__0132	2020-11-11	737577.00000000,3832326.00000000,738345.00000000,3833094.00000000
train	001782	lower__20201112_165459_41_2412_3B_AnalyticMS_SR_8b_clip	pm5__20201105_20201124__0070	/scrfs/storage/yikebe/home/research/AR_Crop_Identification/make_dataset/raw_sentinel/pm5/pm5__20201105_20201124__0070	2020-11-11	619236.00000000,3832740.00000000,620004.00000000,3833508.00000000
val	000006	lower__20201115_155905_74_2212_3B_AnalyticMS_SR_8b_clip	pm5__20201105_20201124__0121	/scrfs/storage/yikebe/home/research/AR_Crop_Identification/make_dataset/raw_sentinel/pm5/pm5__20201105_20201124__0121	2020-11-11	716145.00000000,3768531.00000000,716913.00000000,3769299.00000000
val	000022	lower__20201115_155905_74_2212_3B_AnalyticMS_SR_8b_clip	pm5__20201105_20201124__0121	/scrfs/storage/yikebe/home/research/AR_Crop_Identification/make_dataset/raw_sentinel/pm5/pm5__20201105_20201124__0121	2020-11-11	716913.00000000,3768531.00000000,717681.00000000,3769299.00000000
val	000038	lower__20201115_155905_74_2212_3B_AnalyticMS_SR_8b_clip	pm5__20201105_20201124__0121	/scrfs/storage/yikebe/home/research/AR_Crop_Identification/make_dataset/raw_sentinel/pm5/pm5__20201105_20201124__0121	2020-11-11	716913.00000000,3766995.00000000,717681.00000000,3767763.00000000
val	000054	lower__20201115_155905_74_2212_3B_AnalyticMS_SR_8b_clip	pm5__20201105_20201124__0121	/scrfs/storage/yikebe/home/research/AR_Crop_Identification/make_dataset/raw_sentinel/pm5/pm5__20201105_20201124__0121	2020-11-11	719985.00000000,3766227.00000000,720753.00000000,3766995.00000000
val	000070	lower__20201115_155905_74_2212_3B_AnalyticMS_SR_8b_clip	pm5__20201105_20201124__0121	/scrfs/storage/yikebe/home/research/AR_Crop_Identification/make_dataset/raw_sentinel/pm5/pm5__20201105_20201124__0121	2020-11-11	729969.00000000,3763923.00000000,730737.00000000,3764691.00000000
val	000086	lower__20201115_155905_74_2212_3B_AnalyticMS_SR_8b_clip	pm5__20201105_20201124__0121	/scrfs/storage/yikebe/home/research/AR_Crop_Identification/make_dataset/raw_sentinel/pm5/pm5__20201105_20201124__0121	2020-11-11	743793.00000000,3762387.00000000,744561.00000000,3763155.00000000
val	000102	lower__20201115_155905_74_2212_3B_AnalyticMS_SR_8b_clip	pm5__20201105_20201124__0121	/scrfs/storage/yikebe/home/research/AR_Crop_Identification/make_dataset/raw_sentinel/pm5/pm5__20201105_20201124__0121	2020-11-11	721521.00000000,3760851.00000000,722289.00000000,3761619.00000000
val	000118	lower__20201115_155905_74_2212_3B_AnalyticMS_SR_8b_clip	pm5__20201105_20201124__0121	/scrfs/storage/yikebe/home/research/AR_Crop_Identification/make_dataset/raw_sentinel/pm5/pm5__20201105_20201124__0121	2020-11-11	723057.00000000,3760083.00000000,723825.00000000,3760851.00000000
val	000134	lower__20201115_155905_74_2212_3B_AnalyticMS_SR_8b_clip	pm5__20201105_20201124__0121	/scrfs/storage/yikebe/home/research/AR_Crop_Identification/make_dataset/raw_sentinel/pm5/pm5__20201105_20201124__0121	2020-11-11	726897.00000000,3760083.00000000,727665.00000000,3760851.00000000
val	000150	lower__20201115_155905_74_2212_3B_AnalyticMS_SR_8b_clip	pm5__20201105_20201124__0121	/scrfs/storage/yikebe/home/research/AR_Crop_Identification/make_dataset/raw_sentinel/pm5/pm5__20201105_20201124__0121	2020-11-11	717681.00000000,3759315.00000000,718449.00000000,3760083.00000000
val	000166	lower__20201115_155905_74_2212_3B_AnalyticMS_SR_8b_clip	pm5__20201105_20201124__0121	/scrfs/storage/yikebe/home/research/AR_Crop_Identification/make_dataset/raw_sentinel/pm5/pm5__20201105_20201124__0121	2020-11-11	726129.00000000,3759315.00000000,726897.00000000,3760083.00000000
val	000182	lower__20201115_155905_74_2212_3B_AnalyticMS_SR_8b_clip	pm5__20201105_20201124__0121	/scrfs/storage/yikebe/home/research/AR_Crop_Identification/make_dataset/raw_sentinel/pm5/pm5__20201105_20201124__0121	2020-11-11	723825.00000000,3758547.00000000,724593.00000000,3759315.00000000
val	000198	lower__20201115_155905_74_2212_3B_AnalyticMS_SR_8b_clip	pm5__20201105_20201124__0121	/scrfs/storage/yikebe/home/research/AR_Crop_Identification/make_dataset/raw_sentinel/pm5/pm5__20201105_20201124__0121	2020-11-11	723825.00000000,3757779.00000000,724593.00000000,3758547.00000000
val	000214	lower__20201115_155905_74_2212_3B_AnalyticMS_SR_8b_clip	pm5__20201105_20201124__0121	/scrfs/storage/yikebe/home/research/AR_Crop_Identification/make_dataset/raw_sentinel/pm5/pm5__20201105_20201124__0121	2020-11-11	725361.00000000,3757779.00000000,726129.00000000,3758547.00000000
val	000230	lower__20201115_155905_74_2212_3B_AnalyticMS_SR_8b_clip	pm5__20201105_20201124__0121	/scrfs/storage/yikebe/home/research/AR_Crop_Identification/make_dataset/raw_sentinel/pm5/pm5__20201105_20201124__0121	2020-11-11	723825.00000000,3757011.00000000,724593.00000000,3757779.00000000
val	000246	lower__20201115_155905_74_2212_3B_AnalyticMS_SR_8b_clip	pm5__20201105_20201124__0121	/scrfs/storage/yikebe/home/research/AR_Crop_Identification/make_dataset/raw_sentinel/pm5/pm5__20201105_20201124__0121	2020-11-11	723825.00000000,3756243.00000000,724593.00000000,3757011.00000000
val	000262	lower__20201115_155905_74_2212_3B_AnalyticMS_SR_8b_clip	pm5__20201105_20201124__0121	/scrfs/storage/yikebe/home/research/AR_Crop_Identification/make_dataset/raw_sentinel/pm5/pm5__20201105_20201124__0121	2020-11-11	725361.00000000,3756243.00000000,726129.00000000,3757011.00000000
val	000278	lower__20201115_155905_74_2212_3B_AnalyticMS_SR_8b_clip	pm5__20201105_20201124__0121	/scrfs/storage/yikebe/home/research/AR_Crop_Identification/make_dataset/raw_sentinel/pm5/pm5__20201105_20201124__0121	2020-11-11	722289.00000000,3755475.00000000,723057.00000000,3756243.00000000
val	000294	lower__20201115_155905_74_2212_3B_AnalyticMS_SR_8b_clip	pm5__20201105_20201124__0121	/scrfs/storage/yikebe/home/research/AR_Crop_Identification/make_dataset/raw_sentinel/pm5/pm5__20201105_20201124__0121	2020-11-11	745329.00000000,3755475.00000000,746097.00000000,3756243.00000000
val	000310	lower__20201115_155905_74_2212_3B_AnalyticMS_SR_8b_clip	pm5__20201105_20201124__0121	/scrfs/storage/yikebe/home/research/AR_Crop_Identification/make_dataset/raw_sentinel/pm5/pm5__20201105_20201124__0121	2020-11-11	743025.00000000,3754707.00000000,743793.00000000,3755475.00000000
val	000326	lower__20201115_155905_74_2212_3B_AnalyticMS_SR_8b_clip	pm5__20201105_20201124__0121	/scrfs/storage/yikebe/home/research/AR_Crop_Identification/make_dataset/raw_sentinel/pm5/pm5__20201105_20201124__0121	2020-11-11	723057.00000000,3753939.00000000,723825.00000000,3754707.00000000
val	000342	lower__20201115_155905_74_2212_3B_AnalyticMS_SR_8b_clip	pm5__20201105_20201124__0121	/scrfs/storage/yikebe/home/research/AR_Crop_Identification/make_dataset/raw_sentinel/pm5/pm5__20201105_20201124__0121	2020-11-11	723825.00000000,3752403.00000000,724593.00000000,3753171.00000000
val	000358	lower__20201115_155905_74_2212_3B_AnalyticMS_SR_8b_clip	pm5__20201105_20201124__0121	/scrfs/storage/yikebe/home/research/AR_Crop_Identification/make_dataset/raw_sentinel/pm5/pm5__20201105_20201124__0121	2020-11-11	740721.00000000,3752403.00000000,741489.00000000,3753171.00000000
val	000374	lower__20201115_155905_74_2212_3B_AnalyticMS_SR_8b_clip	pm5__20201105_20201124__0121	/scrfs/storage/yikebe/home/research/AR_Crop_Identification/make_dataset/raw_sentinel/pm5/pm5__20201105_20201124__0121	2020-11-11	733041.00000000,3747027.00000000,733809.00000000,3747795.00000000
train	001798	lower__20201115_160548_02_222c_3B_AnalyticMS_SR_8b_clip	pm5__20201105_20201124__0081	/scrfs/storage/yikebe/home/research/AR_Crop_Identification/make_dataset/raw_sentinel/pm5/pm5__20201105_20201124__0081	2020-11-11	640455.00000000,3775575.00000000,641223.00000000,3776343.00000000
train	001814	lower__20201116_160037_26_2206_3B_AnalyticMS_SR_8b_clip	pm5__20201105_20201124__0104	/scrfs/storage/yikebe/home/research/AR_Crop_Identification/make_dataset/raw_sentinel/pm5/pm5__20201105_20201124__0104	2020-11-19	681003.00000000,3798024.00000000,681771.00000000,3798792.00000000
train	001830	lower__20201116_160438_17_220b_3B_AnalyticMS_SR_8b_clip	pm5__20201105_20201124__0080	/scrfs/storage/yikebe/home/research/AR_Crop_Identification/make_dataset/raw_sentinel/pm5/pm5__20201105_20201124__0080	2020-11-19	621867.00000000,3764463.00000000,622635.00000000,3765231.00000000
train	001846	lower__20201116_160438_17_220b_3B_AnalyticMS_SR_8b_clip	pm5__20201105_20201124__0080	/scrfs/storage/yikebe/home/research/AR_Crop_Identification/make_dataset/raw_sentinel/pm5/pm5__20201105_20201124__0080	2020-11-19	618795.00000000,3762927.00000000,619563.00000000,3763695.00000000
train	001862	lower__20201116_160438_17_220b_3B_AnalyticMS_SR_8b_clip	pm5__20201105_20201124__0080	/scrfs/storage/yikebe/home/research/AR_Crop_Identification/make_dataset/raw_sentinel/pm5/pm5__20201105_20201124__0080	2020-11-19	622635.00000000,3762927.00000000,623403.00000000,3763695.00000000
train	001878	lower__20201116_160438_17_220b_3B_AnalyticMS_SR_8b_clip	pm5__20201105_20201124__0080	/scrfs/storage/yikebe/home/research/AR_Crop_Identification/make_dataset/raw_sentinel/pm5/pm5__20201105_20201124__0080	2020-11-19	623403.00000000,3762927.00000000,624171.00000000,3763695.00000000
train	001894	lower__20201116_160438_17_220b_3B_AnalyticMS_SR_8b_clip	pm5__20201105_20201124__0080	/scrfs/storage/yikebe/home/research/AR_Crop_Identification/make_dataset/raw_sentinel/pm5/pm5__20201105_20201124__0080	2020-11-19	617259.00000000,3762159.00000000,618027.00000000,3762927.00000000
train	001910	lower__20201116_160438_17_220b_3B_AnalyticMS_SR_8b_clip	pm5__20201105_20201124__0080	/scrfs/storage/yikebe/home/research/AR_Crop_Identification/make_dataset/raw_sentinel/pm5/pm5__20201105_20201124__0080	2020-11-19	618027.00000000,3762159.00000000,618795.00000000,3762927.00000000
train	001926	lower__20201116_160438_17_220b_3B_AnalyticMS_SR_8b_clip	pm5__20201105_20201124__0080	/scrfs/storage/yikebe/home/research/AR_Crop_Identification/make_dataset/raw_sentinel/pm5/pm5__20201105_20201124__0080	2020-11-19	617259.00000000,3761391.00000000,618027.00000000,3762159.00000000
train	001942	lower__20201116_160438_17_220b_3B_AnalyticMS_SR_8b_clip	pm5__20201105_20201124__0080	/scrfs/storage/yikebe/home/research/AR_Crop_Identification/make_dataset/raw_sentinel/pm5/pm5__20201105_20201124__0080	2020-11-19	621867.00000000,3761391.00000000,622635.00000000,3762159.00000000
train	001958	lower__20201116_160438_17_220b_3B_AnalyticMS_SR_8b_clip	pm5__20201105_20201124__0080	/scrfs/storage/yikebe/home/research/AR_Crop_Identification/make_dataset/raw_sentinel/pm5/pm5__20201105_20201124__0080	2020-11-19	634923.00000000,3760623.00000000,635691.00000000,3761391.00000000
train	001974	lower__20201116_160438_17_220b_3B_AnalyticMS_SR_8b_clip	pm5__20201105_20201124__0080	/scrfs/storage/yikebe/home/research/AR_Crop_Identification/make_dataset/raw_sentinel/pm5/pm5__20201105_20201124__0080	2020-11-19	637227.00000000,3760623.00000000,637995.00000000,3761391.00000000
train	001990	lower__20201116_160438_17_220b_3B_AnalyticMS_SR_8b_clip	pm5__20201105_20201124__0080	/scrfs/storage/yikebe/home/research/AR_Crop_Identification/make_dataset/raw_sentinel/pm5/pm5__20201105_20201124__0080	2020-11-19	637995.00000000,3760623.00000000,638763.00000000,3761391.00000000
train	002006	lower__20201116_160438_17_220b_3B_AnalyticMS_SR_8b_clip	pm5__20201105_20201124__0080	/scrfs/storage/yikebe/home/research/AR_Crop_Identification/make_dataset/raw_sentinel/pm5/pm5__20201105_20201124__0080	2020-11-19	621867.00000000,3759855.00000000,622635.00000000,3760623.00000000
train	002022	lower__20201116_160438_17_220b_3B_AnalyticMS_SR_8b_clip	pm5__20201105_20201124__0080	/scrfs/storage/yikebe/home/research/AR_Crop_Identification/make_dataset/raw_sentinel/pm5/pm5__20201105_20201124__0080	2020-11-19	627243.00000000,3759855.00000000,628011.00000000,3760623.00000000
train	002038	lower__20201116_160438_17_220b_3B_AnalyticMS_SR_8b_clip	pm5__20201105_20201124__0080	/scrfs/storage/yikebe/home/research/AR_Crop_Identification/make_dataset/raw_sentinel/pm5/pm5__20201105_20201124__0080	2020-11-19	635691.00000000,3759855.00000000,636459.00000000,3760623.00000000
train	002054	lower__20201116_160438_17_220b_3B_AnalyticMS_SR_8b_clip	pm5__20201105_20201124__0080	/scrfs/storage/yikebe/home/research/AR_Crop_Identification/make_dataset/raw_sentinel/pm5/pm5__20201105_20201124__0080	2020-11-19	637227.00000000,3759855.00000000,637995.00000000,3760623.00000000
train	002070	lower__20201116_160438_17_220b_3B_AnalyticMS_SR_8b_clip	pm5__20201105_20201124__0080	/scrfs/storage/yikebe/home/research/AR_Crop_Identification/make_dataset/raw_sentinel/pm5/pm5__20201105_20201124__0080	2020-11-19	638763.00000000,3759855.00000000,639531.00000000,3760623.00000000
train	002086	lower__20201116_160438_17_220b_3B_AnalyticMS_SR_8b_clip	pm5__20201105_20201124__0080	/scrfs/storage/yikebe/home/research/AR_Crop_Identification/make_dataset/raw_sentinel/pm5/pm5__20201105_20201124__0080	2020-11-19	621099.00000000,3759087.00000000,621867.00000000,3759855.00000000
train	002102	lower__20201116_160438_17_220b_3B_AnalyticMS_SR_8b_clip	pm5__20201105_20201124__0080	/scrfs/storage/yikebe/home/research/AR_Crop_Identification/make_dataset/raw_sentinel/pm5/pm5__20201105_20201124__0080	2020-11-19	621867.00000000,3759087.00000000,622635.00000000,3759855.00000000
train	002118	lower__20201116_160438_17_220b_3B_AnalyticMS_SR_8b_clip	pm5__20201105_20201124__0080	/scrfs/storage/yikebe/home/research/AR_Crop_Identification/make_dataset/raw_sentinel/pm5/pm5__20201105_20201124__0080	2020-11-19	626475.00000000,3759087.00000000,627243.00000000,3759855.00000000
train	002134	lower__20201116_160438_17_220b_3B_AnalyticMS_SR_8b_clip	pm5__20201105_20201124__0080	/scrfs/storage/yikebe/home/research/AR_Crop_Identification/make_dataset/raw_sentinel/pm5/pm5__20201105_20201124__0080	2020-11-19	627243.00000000,3759087.00000000,628011.00000000,3759855.00000000
train	002150	lower__20201116_160438_17_220b_3B_AnalyticMS_SR_8b_clip	pm5__20201105_20201124__0080	/scrfs/storage/yikebe/home/research/AR_Crop_Identification/make_dataset/raw_sentinel/pm5/pm5__20201105_20201124__0080	2020-11-19	634155.00000000,3759087.00000000,634923.00000000,3759855.00000000
train	002166	lower__20201116_160438_17_220b_3B_AnalyticMS_SR_8b_clip	pm5__20201105_20201124__0080	/scrfs/storage/yikebe/home/research/AR_Crop_Identification/make_dataset/raw_sentinel/pm5/pm5__20201105_20201124__0080	2020-11-19	634923.00000000,3759087.00000000,635691.00000000,3759855.00000000
train	002182	lower__20201116_160438_17_220b_3B_AnalyticMS_SR_8b_clip	pm5__20201105_20201124__0080	/scrfs/storage/yikebe/home/research/AR_Crop_Identification/make_dataset/raw_sentinel/pm5/pm5__20201105_20201124__0080	2020-11-19	635691.00000000,3759087.00000000,636459.00000000,3759855.00000000
train	002198	lower__20201116_160438_17_220b_3B_AnalyticMS_SR_8b_clip	pm5__20201105_20201124__0080	/scrfs/storage/yikebe/home/research/AR_Crop_Identification/make_dataset/raw_sentinel/pm5/pm5__20201105_20201124__0080	2020-11-19	636459.00000000,3759087.00000000,637227.00000000,3759855.00000000
train	002214	lower__20201116_160438_17_220b_3B_AnalyticMS_SR_8b_clip	pm5__20201105_20201124__0080	/scrfs/storage/yikebe/home/research/AR_Crop_Identification/make_dataset/raw_sentinel/pm5/pm5__20201105_20201124__0080	2020-11-19	621867.00000000,3758319.00000000,622635.00000000,3759087.00000000
train	002230	lower__20201116_160438_17_220b_3B_AnalyticMS_SR_8b_clip	pm5__20201105_20201124__0080	/scrfs/storage/yikebe/home/research/AR_Crop_Identification/make_dataset/raw_sentinel/pm5/pm5__20201105_20201124__0080	2020-11-19	622635.00000000,3758319.00000000,623403.00000000,3759087.00000000
train	002246	lower__20201116_160438_17_220b_3B_AnalyticMS_SR_8b_clip	pm5__20201105_20201124__0080	/scrfs/storage/yikebe/home/research/AR_Crop_Identification/make_dataset/raw_sentinel/pm5/pm5__20201105_20201124__0080	2020-11-19	626475.00000000,3758319.00000000,627243.00000000,3759087.00000000
train	002262	lower__20201116_160438_17_220b_3B_AnalyticMS_SR_8b_clip	pm5__20201105_20201124__0080	/scrfs/storage/yikebe/home/research/AR_Crop_Identification/make_dataset/raw_sentinel/pm5/pm5__20201105_20201124__0080	2020-11-19	627243.00000000,3758319.00000000,628011.00000000,3759087.00000000
train	002278	lower__20201116_160438_17_220b_3B_AnalyticMS_SR_8b_clip	pm5__20201105_20201124__0080	/scrfs/storage/yikebe/home/research/AR_Crop_Identification/make_dataset/raw_sentinel/pm5/pm5__20201105_20201124__0080	2020-11-19	628011.00000000,3758319.00000000,628779.00000000,3759087.00000000
train	002294	lower__20201116_160438_17_220b_3B_AnalyticMS_SR_8b_clip	pm5__20201105_20201124__0080	/scrfs/storage/yikebe/home/research/AR_Crop_Identification/make_dataset/raw_sentinel/pm5/pm5__20201105_20201124__0080	2020-11-19	634923.00000000,3758319.00000000,635691.00000000,3759087.00000000
train	002310	lower__20201116_160438_17_220b_3B_AnalyticMS_SR_8b_clip	pm5__20201105_20201124__0080	/scrfs/storage/yikebe/home/research/AR_Crop_Identification/make_dataset/raw_sentinel/pm5/pm5__20201105_20201124__0080	2020-11-19	619563.00000000,3757551.00000000,620331.00000000,3758319.00000000
train	002326	lower__20201116_160438_17_220b_3B_AnalyticMS_SR_8b_clip	pm5__20201105_20201124__0080	/scrfs/storage/yikebe/home/research/AR_Crop_Identification/make_dataset/raw_sentinel/pm5/pm5__20201105_20201124__0080	2020-11-19	621867.00000000,3757551.00000000,622635.00000000,3758319.00000000
train	002342	lower__20201116_160438_17_220b_3B_AnalyticMS_SR_8b_clip	pm5__20201105_20201124__0080	/scrfs/storage/yikebe/home/research/AR_Crop_Identification/make_dataset/raw_sentinel/pm5/pm5__20201105_20201124__0080	2020-11-19	622635.00000000,3757551.00000000,623403.00000000,3758319.00000000
train	002358	lower__20201116_160438_17_220b_3B_AnalyticMS_SR_8b_clip	pm5__20201105_20201124__0080	/scrfs/storage/yikebe/home/research/AR_Crop_Identification/make_dataset/raw_sentinel/pm5/pm5__20201105_20201124__0080	2020-11-19	626475.00000000,3757551.00000000,627243.00000000,3758319.00000000
train	002374	lower__20201116_160438_17_220b_3B_AnalyticMS_SR_8b_clip	pm5__20201105_20201124__0080	/scrfs/storage/yikebe/home/research/AR_Crop_Identification/make_dataset/raw_sentinel/pm5/pm5__20201105_20201124__0080	2020-11-19	634155.00000000,3757551.00000000,634923.00000000,3758319.00000000
train	002390	lower__20201116_160438_17_220b_3B_AnalyticMS_SR_8b_clip	pm5__20201105_20201124__0080	/scrfs/storage/yikebe/home/research/AR_Crop_Identification/make_dataset/raw_sentinel/pm5/pm5__20201105_20201124__0080	2020-11-19	622635.00000000,3756783.00000000,623403.00000000,3757551.00000000
train	002406	lower__20201116_160438_17_220b_3B_AnalyticMS_SR_8b_clip	pm5__20201105_20201124__0080	/scrfs/storage/yikebe/home/research/AR_Crop_Identification/make_dataset/raw_sentinel/pm5/pm5__20201105_20201124__0080	2020-11-19	621099.00000000,3754479.00000000,621867.00000000,3755247.00000000
train	002422	lower__20201116_160438_17_220b_3B_AnalyticMS_SR_8b_clip	pm5__20201105_20201124__0080	/scrfs/storage/yikebe/home/research/AR_Crop_Identification/make_dataset/raw_sentinel/pm5/pm5__20201105_20201124__0080	2020-11-19	633387.00000000,3753711.00000000,634155.00000000,3754479.00000000
train	002438	lower__20201116_160438_17_220b_3B_AnalyticMS_SR_8b_clip	pm5__20201105_20201124__0080	/scrfs/storage/yikebe/home/research/AR_Crop_Identification/make_dataset/raw_sentinel/pm5/pm5__20201105_20201124__0080	2020-11-19	619563.00000000,3752943.00000000,620331.00000000,3753711.00000000
train	002454	lower__20201116_160438_17_220b_3B_AnalyticMS_SR_8b_clip	pm5__20201105_20201124__0080	/scrfs/storage/yikebe/home/research/AR_Crop_Identification/make_dataset/raw_sentinel/pm5/pm5__20201105_20201124__0080	2020-11-19	632619.00000000,3752175.00000000,633387.00000000,3752943.00000000
train	002470	lower__20201116_160438_17_220b_3B_AnalyticMS_SR_8b_clip	pm5__20201105_20201124__0080	/scrfs/storage/yikebe/home/research/AR_Crop_Identification/make_dataset/raw_sentinel/pm5/pm5__20201105_20201124__0080	2020-11-19	624939.00000000,3750639.00000000,625707.00000000,3751407.00000000
train	002486	lower__20201116_160438_17_220b_3B_AnalyticMS_SR_8b_clip	pm5__20201105_20201124__0080	/scrfs/storage/yikebe/home/research/AR_Crop_Identification/make_dataset/raw_sentinel/pm5/pm5__20201105_20201124__0080	2020-11-19	631083.00000000,3750639.00000000,631851.00000000,3751407.00000000
train	002502	lower__20201116_160438_17_220b_3B_AnalyticMS_SR_8b_clip	pm5__20201105_20201124__0080	/scrfs/storage/yikebe/home/research/AR_Crop_Identification/make_dataset/raw_sentinel/pm5/pm5__20201105_20201124__0080	2020-11-19	632619.00000000,3749103.00000000,633387.00000000,3749871.00000000
train	002518	lower__20201116_160438_17_220b_3B_AnalyticMS_SR_8b_clip	pm5__20201105_20201124__0080	/scrfs/storage/yikebe/home/research/AR_Crop_Identification/make_dataset/raw_sentinel/pm5/pm5__20201105_20201124__0080	2020-11-19	633387.00000000,3749103.00000000,634155.00000000,3749871.00000000
train	002534	lower__20201116_160438_17_220b_3B_AnalyticMS_SR_8b_clip	pm5__20201105_20201124__0080	/scrfs/storage/yikebe/home/research/AR_Crop_Identification/make_dataset/raw_sentinel/pm5/pm5__20201105_20201124__0080	2020-11-19	635691.00000000,3746031.00000000,636459.00000000,3746799.00000000
train	002550	lower__20201116_160438_17_220b_3B_AnalyticMS_SR_8b_clip	pm5__20201105_20201124__0080	/scrfs/storage/yikebe/home/research/AR_Crop_Identification/make_dataset/raw_sentinel/pm5/pm5__20201105_20201124__0080	2020-11-19	636459.00000000,3745263.00000000,637227.00000000,3746031.00000000
train	002566	lower__20201116_160438_17_220b_3B_AnalyticMS_SR_8b_clip	pm5__20201105_20201124__0080	/scrfs/storage/yikebe/home/research/AR_Crop_Identification/make_dataset/raw_sentinel/pm5/pm5__20201105_20201124__0080	2020-11-19	636459.00000000,3743727.00000000,637227.00000000,3744495.00000000
train	002582	lower__20201116_160813_26_227e_3B_AnalyticMS_SR_8b_clip	pm5__20201105_20201124__0096	/scrfs/storage/yikebe/home/research/AR_Crop_Identification/make_dataset/raw_sentinel/pm5/pm5__20201105_20201124__0096	2020-11-19	647040.00000000,3733635.00000000,647808.00000000,3734403.00000000
train	002598	lower__20201116_160813_26_227e_3B_AnalyticMS_SR_8b_clip	pm5__20201105_20201124__0096	/scrfs/storage/yikebe/home/research/AR_Crop_Identification/make_dataset/raw_sentinel/pm5/pm5__20201105_20201124__0096	2020-11-19	647808.00000000,3733635.00000000,648576.00000000,3734403.00000000
train	002614	lower__20201116_160813_26_227e_3B_AnalyticMS_SR_8b_clip	pm5__20201105_20201124__0096	/scrfs/storage/yikebe/home/research/AR_Crop_Identification/make_dataset/raw_sentinel/pm5/pm5__20201105_20201124__0096	2020-11-19	643968.00000000,3732099.00000000,644736.00000000,3732867.00000000
train	002630	lower__20201116_160813_26_227e_3B_AnalyticMS_SR_8b_clip	pm5__20201105_20201124__0096	/scrfs/storage/yikebe/home/research/AR_Crop_Identification/make_dataset/raw_sentinel/pm5/pm5__20201105_20201124__0096	2020-11-19	654720.00000000,3732099.00000000,655488.00000000,3732867.00000000
train	002646	lower__20201116_160813_26_227e_3B_AnalyticMS_SR_8b_clip	pm5__20201105_20201124__0096	/scrfs/storage/yikebe/home/research/AR_Crop_Identification/make_dataset/raw_sentinel/pm5/pm5__20201105_20201124__0096	2020-11-19	643968.00000000,3731331.00000000,644736.00000000,3732099.00000000
train	002662	lower__20201116_160813_26_227e_3B_AnalyticMS_SR_8b_clip	pm5__20201105_20201124__0096	/scrfs/storage/yikebe/home/research/AR_Crop_Identification/make_dataset/raw_sentinel/pm5/pm5__20201105_20201124__0096	2020-11-19	644736.00000000,3731331.00000000,645504.00000000,3732099.00000000
train	002678	lower__20201116_160813_26_227e_3B_AnalyticMS_SR_8b_clip	pm5__20201105_20201124__0096	/scrfs/storage/yikebe/home/research/AR_Crop_Identification/make_dataset/raw_sentinel/pm5/pm5__20201105_20201124__0096	2020-11-19	651648.00000000,3731331.00000000,652416.00000000,3732099.00000000
train	002694	lower__20201116_160813_26_227e_3B_AnalyticMS_SR_8b_clip	pm5__20201105_20201124__0096	/scrfs/storage/yikebe/home/research/AR_Crop_Identification/make_dataset/raw_sentinel/pm5/pm5__20201105_20201124__0096	2020-11-19	652416.00000000,3731331.00000000,653184.00000000,3732099.00000000
train	002710	lower__20201116_160813_26_227e_3B_AnalyticMS_SR_8b_clip	pm5__20201105_20201124__0096	/scrfs/storage/yikebe/home/research/AR_Crop_Identification/make_dataset/raw_sentinel/pm5/pm5__20201105_20201124__0096	2020-11-19	646272.00000000,3730563.00000000,647040.00000000,3731331.00000000
train	002726	lower__20201116_160813_26_227e_3B_AnalyticMS_SR_8b_clip	pm5__20201105_20201124__0096	/scrfs/storage/yikebe/home/research/AR_Crop_Identification/make_dataset/raw_sentinel/pm5/pm5__20201105_20201124__0096	2020-11-19	646272.00000000,3729795.00000000,647040.00000000,3730563.00000000
train	002742	lower__20201116_160813_26_227e_3B_AnalyticMS_SR_8b_clip	pm5__20201105_20201124__0096	/scrfs/storage/yikebe/home/research/AR_Crop_Identification/make_dataset/raw_sentinel/pm5/pm5__20201105_20201124__0096	2020-11-19	661632.00000000,3729795.00000000,662400.00000000,3730563.00000000
train	002758	lower__20201116_160813_26_227e_3B_AnalyticMS_SR_8b_clip	pm5__20201105_20201124__0096	/scrfs/storage/yikebe/home/research/AR_Crop_Identification/make_dataset/raw_sentinel/pm5/pm5__20201105_20201124__0096	2020-11-19	647040.00000000,3729027.00000000,647808.00000000,3729795.00000000
train	002774	lower__20201116_160813_26_227e_3B_AnalyticMS_SR_8b_clip	pm5__20201105_20201124__0096	/scrfs/storage/yikebe/home/research/AR_Crop_Identification/make_dataset/raw_sentinel/pm5/pm5__20201105_20201124__0096	2020-11-19	647040.00000000,3728259.00000000,647808.00000000,3729027.00000000
train	002790	lower__20201116_160813_26_227e_3B_AnalyticMS_SR_8b_clip	pm5__20201105_20201124__0096	/scrfs/storage/yikebe/home/research/AR_Crop_Identification/make_dataset/raw_sentinel/pm5/pm5__20201105_20201124__0096	2020-11-19	657792.00000000,3726723.00000000,658560.00000000,3727491.00000000
train	002806	lower__20201116_160813_26_227e_3B_AnalyticMS_SR_8b_clip	pm5__20201105_20201124__0096	/scrfs/storage/yikebe/home/research/AR_Crop_Identification/make_dataset/raw_sentinel/pm5/pm5__20201105_20201124__0096	2020-11-19	660096.00000000,3725187.00000000,660864.00000000,3725955.00000000
train	002822	lower__20201116_160813_26_227e_3B_AnalyticMS_SR_8b_clip	pm5__20201105_20201124__0096	/scrfs/storage/yikebe/home/research/AR_Crop_Identification/make_dataset/raw_sentinel/pm5/pm5__20201105_20201124__0096	2020-11-19	661632.00000000,3725187.00000000,662400.00000000,3725955.00000000
train	002838	lower__20201116_160813_26_227e_3B_AnalyticMS_SR_8b_clip	pm5__20201105_20201124__0096	/scrfs/storage/yikebe/home/research/AR_Crop_Identification/make_dataset/raw_sentinel/pm5/pm5__20201105_20201124__0096	2020-11-19	662400.00000000,3725187.00000000,663168.00000000,3725955.00000000
train	002854	lower__20201116_160813_26_227e_3B_AnalyticMS_SR_8b_clip	pm5__20201105_20201124__0096	/scrfs/storage/yikebe/home/research/AR_Crop_Identification/make_dataset/raw_sentinel/pm5/pm5__20201105_20201124__0096	2020-11-19	661632.00000000,3724419.00000000,662400.00000000,3725187.00000000
train	002870	lower__20201116_160813_26_227e_3B_AnalyticMS_SR_8b_clip	pm5__20201105_20201124__0096	/scrfs/storage/yikebe/home/research/AR_Crop_Identification/make_dataset/raw_sentinel/pm5/pm5__20201105_20201124__0096	2020-11-19	661632.00000000,3723651.00000000,662400.00000000,3724419.00000000
train	002886	lower__20201116_160813_26_227e_3B_AnalyticMS_SR_8b_clip	pm5__20201105_20201124__0096	/scrfs/storage/yikebe/home/research/AR_Crop_Identification/make_dataset/raw_sentinel/pm5/pm5__20201105_20201124__0096	2020-11-19	653952.00000000,3721347.00000000,654720.00000000,3722115.00000000
train	002902	lower__20201116_160813_26_227e_3B_AnalyticMS_SR_8b_clip	pm5__20201105_20201124__0096	/scrfs/storage/yikebe/home/research/AR_Crop_Identification/make_dataset/raw_sentinel/pm5/pm5__20201105_20201124__0096	2020-11-19	650880.00000000,3720579.00000000,651648.00000000,3721347.00000000
train	002918	lower__20201116_160813_26_227e_3B_AnalyticMS_SR_8b_clip	pm5__20201105_20201124__0096	/scrfs/storage/yikebe/home/research/AR_Crop_Identification/make_dataset/raw_sentinel/pm5/pm5__20201105_20201124__0096	2020-11-19	651648.00000000,3720579.00000000,652416.00000000,3721347.00000000
train	002934	lower__20201116_160813_26_227e_3B_AnalyticMS_SR_8b_clip	pm5__20201105_20201124__0096	/scrfs/storage/yikebe/home/research/AR_Crop_Identification/make_dataset/raw_sentinel/pm5/pm5__20201105_20201124__0096	2020-11-19	652416.00000000,3720579.00000000,653184.00000000,3721347.00000000
train	002950	lower__20201116_160813_26_227e_3B_AnalyticMS_SR_8b_clip	pm5__20201105_20201124__0096	/scrfs/storage/yikebe/home/research/AR_Crop_Identification/make_dataset/raw_sentinel/pm5/pm5__20201105_20201124__0096	2020-11-19	654720.00000000,3719811.00000000,655488.00000000,3720579.00000000
train	002966	lower__20201116_160813_26_227e_3B_AnalyticMS_SR_8b_clip	pm5__20201105_20201124__0096	/scrfs/storage/yikebe/home/research/AR_Crop_Identification/make_dataset/raw_sentinel/pm5/pm5__20201105_20201124__0096	2020-11-19	660096.00000000,3719811.00000000,660864.00000000,3720579.00000000
train	002982	lower__20201116_160813_26_227e_3B_AnalyticMS_SR_8b_clip	pm5__20201105_20201124__0096	/scrfs/storage/yikebe/home/research/AR_Crop_Identification/make_dataset/raw_sentinel/pm5/pm5__20201105_20201124__0096	2020-11-19	645504.00000000,3719043.00000000,646272.00000000,3719811.00000000
train	002998	lower__20201116_160813_26_227e_3B_AnalyticMS_SR_8b_clip	pm5__20201105_20201124__0096	/scrfs/storage/yikebe/home/research/AR_Crop_Identification/make_dataset/raw_sentinel/pm5/pm5__20201105_20201124__0096	2020-11-19	660096.00000000,3719043.00000000,660864.00000000,3719811.00000000
train	003014	lower__20201116_160813_26_227e_3B_AnalyticMS_SR_8b_clip	pm5__20201105_20201124__0096	/scrfs/storage/yikebe/home/research/AR_Crop_Identification/make_dataset/raw_sentinel/pm5/pm5__20201105_20201124__0096	2020-11-19	645504.00000000,3718275.00000000,646272.00000000,3719043.00000000
train	003030	lower__20201116_160813_26_227e_3B_AnalyticMS_SR_8b_clip	pm5__20201105_20201124__0096	/scrfs/storage/yikebe/home/research/AR_Crop_Identification/make_dataset/raw_sentinel/pm5/pm5__20201105_20201124__0096	2020-11-19	661632.00000000,3718275.00000000,662400.00000000,3719043.00000000
train	003046	lower__20201116_160813_26_227e_3B_AnalyticMS_SR_8b_clip	pm5__20201105_20201124__0096	/scrfs/storage/yikebe/home/research/AR_Crop_Identification/make_dataset/raw_sentinel/pm5/pm5__20201105_20201124__0096	2020-11-19	660096.00000000,3716739.00000000,660864.00000000,3717507.00000000
train	003062	lower__20201116_160813_26_227e_3B_AnalyticMS_SR_8b_clip	pm5__20201105_20201124__0096	/scrfs/storage/yikebe/home/research/AR_Crop_Identification/make_dataset/raw_sentinel/pm5/pm5__20201105_20201124__0096	2020-11-19	647040.00000000,3714435.00000000,647808.00000000,3715203.00000000
train	003078	lower__20201116_160813_26_227e_3B_AnalyticMS_SR_8b_clip	pm5__20201105_20201124__0096	/scrfs/storage/yikebe/home/research/AR_Crop_Identification/make_dataset/raw_sentinel/pm5/pm5__20201105_20201124__0096	2020-11-19	650112.00000000,3714435.00000000,650880.00000000,3715203.00000000
train	003094	lower__20201116_160951_63_222f_3B_AnalyticMS_SR_8b_clip	pm5__20201105_20201124__0081	/scrfs/storage/yikebe/home/research/AR_Crop_Identification/make_dataset/raw_sentinel/pm5/pm5__20201105_20201124__0081	2020-11-19	635520.00000000,3709836.00000000,636288.00000000,3710604.00000000
train	003110	lower__20201116_160951_63_222f_3B_AnalyticMS_SR_8b_clip	pm5__20201105_20201124__0081	/scrfs/storage/yikebe/home/research/AR_Crop_Identification/make_dataset/raw_sentinel/pm5/pm5__20201105_20201124__0081	2020-11-19	636288.00000000,3709836.00000000,637056.00000000,3710604.00000000
train	003126	lower__20201116_160951_63_222f_3B_AnalyticMS_SR_8b_clip	pm5__20201105_20201124__0081	/scrfs/storage/yikebe/home/research/AR_Crop_Identification/make_dataset/raw_sentinel/pm5/pm5__20201105_20201124__0081	2020-11-19	646272.00000000,3709068.00000000,647040.00000000,3709836.00000000
train	003142	lower__20201116_160951_63_222f_3B_AnalyticMS_SR_8b_clip	pm5__20201105_20201124__0081	/scrfs/storage/yikebe/home/research/AR_Crop_Identification/make_dataset/raw_sentinel/pm5/pm5__20201105_20201124__0081	2020-11-19	637056.00000000,3708300.00000000,637824.00000000,3709068.00000000
train	003158	lower__20201116_160951_63_222f_3B_AnalyticMS_SR_8b_clip	pm5__20201105_20201124__0081	/scrfs/storage/yikebe/home/research/AR_Crop_Identification/make_dataset/raw_sentinel/pm5/pm5__20201105_20201124__0081	2020-11-19	645504.00000000,3708300.00000000,646272.00000000,3709068.00000000
train	003174	lower__20201117_160537_12_2280_3B_AnalyticMS_SR_8b_clip	pm5__20201105_20201124__0119	/scrfs/storage/yikebe/home/research/AR_Crop_Identification/make_dataset/raw_sentinel/pm5/pm5__20201105_20201124__0119	2020-11-21	734175.00000000,3728889.00000000,734943.00000000,3729657.00000000
train	003190	lower__20201117_160537_12_2280_3B_AnalyticMS_SR_8b_clip	pm5__20201105_20201124__0119	/scrfs/storage/yikebe/home/research/AR_Crop_Identification/make_dataset/raw_sentinel/pm5/pm5__20201105_20201124__0119	2020-11-21	728799.00000000,3717369.00000000,729567.00000000,3718137.00000000
train	003206	lower__20201117_160537_12_2280_3B_AnalyticMS_SR_8b_clip	pm5__20201105_20201124__0119	/scrfs/storage/yikebe/home/research/AR_Crop_Identification/make_dataset/raw_sentinel/pm5/pm5__20201105_20201124__0119	2020-11-21	730335.00000000,3717369.00000000,731103.00000000,3718137.00000000
train	003222	lower__20201117_160537_12_2280_3B_AnalyticMS_SR_8b_clip	pm5__20201105_20201124__0119	/scrfs/storage/yikebe/home/research/AR_Crop_Identification/make_dataset/raw_sentinel/pm5/pm5__20201105_20201124__0119	2020-11-21	731103.00000000,3716601.00000000,731871.00000000,3717369.00000000
train	003238	lower__20201117_160537_12_2280_3B_AnalyticMS_SR_8b_clip	pm5__20201105_20201124__0119	/scrfs/storage/yikebe/home/research/AR_Crop_Identification/make_dataset/raw_sentinel/pm5/pm5__20201105_20201124__0119	2020-11-21	730335.00000000,3715833.00000000,731103.00000000,3716601.00000000
train	003254	lower__20201117_160537_12_2280_3B_AnalyticMS_SR_8b_clip	pm5__20201105_20201124__0119	/scrfs/storage/yikebe/home/research/AR_Crop_Identification/make_dataset/raw_sentinel/pm5/pm5__20201105_20201124__0119	2020-11-21	731103.00000000,3715833.00000000,731871.00000000,3716601.00000000
train	003270	lower__20201117_160537_12_2280_3B_AnalyticMS_SR_8b_clip	pm5__20201105_20201124__0119	/scrfs/storage/yikebe/home/research/AR_Crop_Identification/make_dataset/raw_sentinel/pm5/pm5__20201105_20201124__0119	2020-11-21	732639.00000000,3715833.00000000,733407.00000000,3716601.00000000
train	003286	lower__20201118_160715_65_2278_3B_AnalyticMS_SR_8b_clip	pm5__20201105_20201124__0070	/scrfs/storage/yikebe/home/research/AR_Crop_Identification/make_dataset/raw_sentinel/pm5/pm5__20201105_20201124__0070	2020-11-19	624267.00000000,3821253.00000000,625035.00000000,3822021.00000000
train	003302	lower__20201118_160715_65_2278_3B_AnalyticMS_SR_8b_clip	pm5__20201105_20201124__0070	/scrfs/storage/yikebe/home/research/AR_Crop_Identification/make_dataset/raw_sentinel/pm5/pm5__20201105_20201124__0070	2020-11-19	607371.00000000,3820485.00000000,608139.00000000,3821253.00000000
train	003318	lower__20201118_160715_65_2278_3B_AnalyticMS_SR_8b_clip	pm5__20201105_20201124__0070	/scrfs/storage/yikebe/home/research/AR_Crop_Identification/make_dataset/raw_sentinel/pm5/pm5__20201105_20201124__0070	2020-11-19	627339.00000000,3819717.00000000,628107.00000000,3820485.00000000
train	003334	lower__20201118_160715_65_2278_3B_AnalyticMS_SR_8b_clip	pm5__20201105_20201124__0070	/scrfs/storage/yikebe/home/research/AR_Crop_Identification/make_dataset/raw_sentinel/pm5/pm5__20201105_20201124__0070	2020-11-19	601227.00000000,3818949.00000000,601995.00000000,3819717.00000000
train	003350	lower__20201118_160715_65_2278_3B_AnalyticMS_SR_8b_clip	pm5__20201105_20201124__0070	/scrfs/storage/yikebe/home/research/AR_Crop_Identification/make_dataset/raw_sentinel/pm5/pm5__20201105_20201124__0070	2020-11-19	603531.00000000,3818181.00000000,604299.00000000,3818949.00000000
train	003366	lower__20201118_160715_65_2278_3B_AnalyticMS_SR_8b_clip	pm5__20201105_20201124__0070	/scrfs/storage/yikebe/home/research/AR_Crop_Identification/make_dataset/raw_sentinel/pm5/pm5__20201105_20201124__0070	2020-11-19	604299.00000000,3818181.00000000,605067.00000000,3818949.00000000
train	003382	lower__20201118_160715_65_2278_3B_AnalyticMS_SR_8b_clip	pm5__20201105_20201124__0070	/scrfs/storage/yikebe/home/research/AR_Crop_Identification/make_dataset/raw_sentinel/pm5/pm5__20201105_20201124__0070	2020-11-19	605835.00000000,3818181.00000000,606603.00000000,3818949.00000000
train	003398	lower__20201118_160715_65_2278_3B_AnalyticMS_SR_8b_clip	pm5__20201105_20201124__0070	/scrfs/storage/yikebe/home/research/AR_Crop_Identification/make_dataset/raw_sentinel/pm5/pm5__20201105_20201124__0070	2020-11-19	606603.00000000,3818181.00000000,607371.00000000,3818949.00000000
train	003414	lower__20201118_160715_65_2278_3B_AnalyticMS_SR_8b_clip	pm5__20201105_20201124__0070	/scrfs/storage/yikebe/home/research/AR_Crop_Identification/make_dataset/raw_sentinel/pm5/pm5__20201105_20201124__0070	2020-11-19	608139.00000000,3817413.00000000,608907.00000000,3818181.00000000
train	003430	lower__20201118_160715_65_2278_3B_AnalyticMS_SR_8b_clip	pm5__20201105_20201124__0070	/scrfs/storage/yikebe/home/research/AR_Crop_Identification/make_dataset/raw_sentinel/pm5/pm5__20201105_20201124__0070	2020-11-19	602763.00000000,3816645.00000000,603531.00000000,3817413.00000000
train	003446	lower__20201118_160715_65_2278_3B_AnalyticMS_SR_8b_clip	pm5__20201105_20201124__0070	/scrfs/storage/yikebe/home/research/AR_Crop_Identification/make_dataset/raw_sentinel/pm5/pm5__20201105_20201124__0070	2020-11-19	604299.00000000,3815877.00000000,605067.00000000,3816645.00000000
train	003462	lower__20201118_160715_65_2278_3B_AnalyticMS_SR_8b_clip	pm5__20201105_20201124__0070	/scrfs/storage/yikebe/home/research/AR_Crop_Identification/make_dataset/raw_sentinel/pm5/pm5__20201105_20201124__0070	2020-11-19	595083.00000000,3814341.00000000,595851.00000000,3815109.00000000
train	003478	lower__20201118_160715_65_2278_3B_AnalyticMS_SR_8b_clip	pm5__20201105_20201124__0070	/scrfs/storage/yikebe/home/research/AR_Crop_Identification/make_dataset/raw_sentinel/pm5/pm5__20201105_20201124__0070	2020-11-19	608139.00000000,3814341.00000000,608907.00000000,3815109.00000000
train	003494	lower__20201118_160715_65_2278_3B_AnalyticMS_SR_8b_clip	pm5__20201105_20201124__0070	/scrfs/storage/yikebe/home/research/AR_Crop_Identification/make_dataset/raw_sentinel/pm5/pm5__20201105_20201124__0070	2020-11-19	603531.00000000,3813573.00000000,604299.00000000,3814341.00000000
train	003510	lower__20201118_160715_65_2278_3B_AnalyticMS_SR_8b_clip	pm5__20201105_20201124__0070	/scrfs/storage/yikebe/home/research/AR_Crop_Identification/make_dataset/raw_sentinel/pm5/pm5__20201105_20201124__0070	2020-11-19	607371.00000000,3813573.00000000,608139.00000000,3814341.00000000
train	003526	lower__20201118_160715_65_2278_3B_AnalyticMS_SR_8b_clip	pm5__20201105_20201124__0070	/scrfs/storage/yikebe/home/research/AR_Crop_Identification/make_dataset/raw_sentinel/pm5/pm5__20201105_20201124__0070	2020-11-19	608907.00000000,3812037.00000000,609675.00000000,3812805.00000000
train	003542	lower__20201118_160715_65_2278_3B_AnalyticMS_SR_8b_clip	pm5__20201105_20201124__0070	/scrfs/storage/yikebe/home/research/AR_Crop_Identification/make_dataset/raw_sentinel/pm5/pm5__20201105_20201124__0070	2020-11-19	609675.00000000,3812037.00000000,610443.00000000,3812805.00000000
train	003558	lower__20201118_160715_65_2278_3B_AnalyticMS_SR_8b_clip	pm5__20201105_20201124__0070	/scrfs/storage/yikebe/home/research/AR_Crop_Identification/make_dataset/raw_sentinel/pm5/pm5__20201105_20201124__0070	2020-11-19	601227.00000000,3811269.00000000,601995.00000000,3812037.00000000
train	003574	lower__20201118_160715_65_2278_3B_AnalyticMS_SR_8b_clip	pm5__20201105_20201124__0070	/scrfs/storage/yikebe/home/research/AR_Crop_Identification/make_dataset/raw_sentinel/pm5/pm5__20201105_20201124__0070	2020-11-19	605835.00000000,3808197.00000000,606603.00000000,3808965.00000000
train	003590	lower__20201118_160715_65_2278_3B_AnalyticMS_SR_8b_clip	pm5__20201105_20201124__0070	/scrfs/storage/yikebe/home/research/AR_Crop_Identification/make_dataset/raw_sentinel/pm5/pm5__20201105_20201124__0070	2020-11-19	606603.00000000,3808197.00000000,607371.00000000,3808965.00000000
train	003606	lower__20201118_160715_65_2278_3B_AnalyticMS_SR_8b_clip	pm5__20201105_20201124__0070	/scrfs/storage/yikebe/home/research/AR_Crop_Identification/make_dataset/raw_sentinel/pm5/pm5__20201105_20201124__0070	2020-11-19	609675.00000000,3808197.00000000,610443.00000000,3808965.00000000
train	003622	lower__20201118_160715_65_2278_3B_AnalyticMS_SR_8b_clip	pm5__20201105_20201124__0070	/scrfs/storage/yikebe/home/research/AR_Crop_Identification/make_dataset/raw_sentinel/pm5/pm5__20201105_20201124__0070	2020-11-19	610443.00000000,3808197.00000000,611211.00000000,3808965.00000000
train	003638	lower__20201118_160715_65_2278_3B_AnalyticMS_SR_8b_clip	pm5__20201105_20201124__0070	/scrfs/storage/yikebe/home/research/AR_Crop_Identification/make_dataset/raw_sentinel/pm5/pm5__20201105_20201124__0070	2020-11-19	606603.00000000,3807429.00000000,607371.00000000,3808197.00000000
train	003654	lower__20201118_160715_65_2278_3B_AnalyticMS_SR_8b_clip	pm5__20201105_20201124__0070	/scrfs/storage/yikebe/home/research/AR_Crop_Identification/make_dataset/raw_sentinel/pm5/pm5__20201105_20201124__0070	2020-11-19	608139.00000000,3807429.00000000,608907.00000000,3808197.00000000
train	003670	lower__20201118_160715_65_2278_3B_AnalyticMS_SR_8b_clip	pm5__20201105_20201124__0070	/scrfs/storage/yikebe/home/research/AR_Crop_Identification/make_dataset/raw_sentinel/pm5/pm5__20201105_20201124__0070	2020-11-19	610443.00000000,3807429.00000000,611211.00000000,3808197.00000000
train	003686	lower__20201118_160838_23_2441_3B_AnalyticMS_SR_8b_clip	pm5__20201105_20201124__0082	/scrfs/storage/yikebe/home/research/AR_Crop_Identification/make_dataset/raw_sentinel/pm5/pm5__20201105_20201124__0082	2020-11-19	617697.00000000,3784509.00000000,618465.00000000,3785277.00000000
train	003702	lower__20201118_160838_23_2441_3B_AnalyticMS_SR_8b_clip	pm5__20201105_20201124__0082	/scrfs/storage/yikebe/home/research/AR_Crop_Identification/make_dataset/raw_sentinel/pm5/pm5__20201105_20201124__0082	2020-11-19	614625.00000000,3782205.00000000,615393.00000000,3782973.00000000
train	003718	lower__20201118_160838_23_2441_3B_AnalyticMS_SR_8b_clip	pm5__20201105_20201124__0082	/scrfs/storage/yikebe/home/research/AR_Crop_Identification/make_dataset/raw_sentinel/pm5/pm5__20201105_20201124__0082	2020-11-19	615393.00000000,3782205.00000000,616161.00000000,3782973.00000000
train	003734	lower__20201118_160838_23_2441_3B_AnalyticMS_SR_8b_clip	pm5__20201105_20201124__0082	/scrfs/storage/yikebe/home/research/AR_Crop_Identification/make_dataset/raw_sentinel/pm5/pm5__20201105_20201124__0082	2020-11-19	639201.00000000,3782205.00000000,639969.00000000,3782973.00000000
train	003750	lower__20201118_160838_23_2441_3B_AnalyticMS_SR_8b_clip	pm5__20201105_20201124__0082	/scrfs/storage/yikebe/home/research/AR_Crop_Identification/make_dataset/raw_sentinel/pm5/pm5__20201105_20201124__0082	2020-11-19	623841.00000000,3781437.00000000,624609.00000000,3782205.00000000
train	003766	lower__20201118_160838_23_2441_3B_AnalyticMS_SR_8b_clip	pm5__20201105_20201124__0082	/scrfs/storage/yikebe/home/research/AR_Crop_Identification/make_dataset/raw_sentinel/pm5/pm5__20201105_20201124__0082	2020-11-19	623073.00000000,3780669.00000000,623841.00000000,3781437.00000000
train	003782	lower__20201118_160838_23_2441_3B_AnalyticMS_SR_8b_clip	pm5__20201105_20201124__0082	/scrfs/storage/yikebe/home/research/AR_Crop_Identification/make_dataset/raw_sentinel/pm5/pm5__20201105_20201124__0082	2020-11-19	623841.00000000,3780669.00000000,624609.00000000,3781437.00000000
train	003798	lower__20201118_160838_23_2441_3B_AnalyticMS_SR_8b_clip	pm5__20201105_20201124__0082	/scrfs/storage/yikebe/home/research/AR_Crop_Identification/make_dataset/raw_sentinel/pm5/pm5__20201105_20201124__0082	2020-11-19	624609.00000000,3780669.00000000,625377.00000000,3781437.00000000
train	003814	lower__20201118_160838_23_2441_3B_AnalyticMS_SR_8b_clip	pm5__20201105_20201124__0082	/scrfs/storage/yikebe/home/research/AR_Crop_Identification/make_dataset/raw_sentinel/pm5/pm5__20201105_20201124__0082	2020-11-19	646881.00000000,3780669.00000000,647649.00000000,3781437.00000000
train	003830	lower__20201118_160838_23_2441_3B_AnalyticMS_SR_8b_clip	pm5__20201105_20201124__0082	/scrfs/storage/yikebe/home/research/AR_Crop_Identification/make_dataset/raw_sentinel/pm5/pm5__20201105_20201124__0082	2020-11-19	647649.00000000,3780669.00000000,648417.00000000,3781437.00000000
train	003846	lower__20201118_160838_23_2441_3B_AnalyticMS_SR_8b_clip	pm5__20201105_20201124__0082	/scrfs/storage/yikebe/home/research/AR_Crop_Identification/make_dataset/raw_sentinel/pm5/pm5__20201105_20201124__0082	2020-11-19	623841.00000000,3779901.00000000,624609.00000000,3780669.00000000
train	003862	lower__20201118_160838_23_2441_3B_AnalyticMS_SR_8b_clip	pm5__20201105_20201124__0082	/scrfs/storage/yikebe/home/research/AR_Crop_Identification/make_dataset/raw_sentinel/pm5/pm5__20201105_20201124__0082	2020-11-19	628449.00000000,3779901.00000000,629217.00000000,3780669.00000000
train	003878	lower__20201118_160838_23_2441_3B_AnalyticMS_SR_8b_clip	pm5__20201105_20201124__0082	/scrfs/storage/yikebe/home/research/AR_Crop_Identification/make_dataset/raw_sentinel/pm5/pm5__20201105_20201124__0082	2020-11-19	624609.00000000,3779133.00000000,625377.00000000,3779901.00000000
train	003894	lower__20201118_160838_23_2441_3B_AnalyticMS_SR_8b_clip	pm5__20201105_20201124__0082	/scrfs/storage/yikebe/home/research/AR_Crop_Identification/make_dataset/raw_sentinel/pm5/pm5__20201105_20201124__0082	2020-11-19	625377.00000000,3779133.00000000,626145.00000000,3779901.00000000
train	003910	lower__20201118_160838_23_2441_3B_AnalyticMS_SR_8b_clip	pm5__20201105_20201124__0082	/scrfs/storage/yikebe/home/research/AR_Crop_Identification/make_dataset/raw_sentinel/pm5/pm5__20201105_20201124__0082	2020-11-19	647649.00000000,3777597.00000000,648417.00000000,3778365.00000000
train	003926	lower__20201118_160838_23_2441_3B_AnalyticMS_SR_8b_clip	pm5__20201105_20201124__0082	/scrfs/storage/yikebe/home/research/AR_Crop_Identification/make_dataset/raw_sentinel/pm5/pm5__20201105_20201124__0082	2020-11-19	637665.00000000,3776829.00000000,638433.00000000,3777597.00000000
train	003942	lower__20201118_160838_23_2441_3B_AnalyticMS_SR_8b_clip	pm5__20201105_20201124__0082	/scrfs/storage/yikebe/home/research/AR_Crop_Identification/make_dataset/raw_sentinel/pm5/pm5__20201105_20201124__0082	2020-11-19	639969.00000000,3776829.00000000,640737.00000000,3777597.00000000
train	003958	lower__20201118_160838_23_2441_3B_AnalyticMS_SR_8b_clip	pm5__20201105_20201124__0082	/scrfs/storage/yikebe/home/research/AR_Crop_Identification/make_dataset/raw_sentinel/pm5/pm5__20201105_20201124__0082	2020-11-19	640737.00000000,3776829.00000000,641505.00000000,3777597.00000000
train	003974	lower__20201118_160838_23_2441_3B_AnalyticMS_SR_8b_clip	pm5__20201105_20201124__0082	/scrfs/storage/yikebe/home/research/AR_Crop_Identification/make_dataset/raw_sentinel/pm5/pm5__20201105_20201124__0082	2020-11-19	641505.00000000,3776829.00000000,642273.00000000,3777597.00000000
train	003990	lower__20201118_160838_23_2441_3B_AnalyticMS_SR_8b_clip	pm5__20201105_20201124__0082	/scrfs/storage/yikebe/home/research/AR_Crop_Identification/make_dataset/raw_sentinel/pm5/pm5__20201105_20201124__0082	2020-11-19	638433.00000000,3776061.00000000,639201.00000000,3776829.00000000
train	004006	lower__20201118_160838_23_2441_3B_AnalyticMS_SR_8b_clip	pm5__20201105_20201124__0082	/scrfs/storage/yikebe/home/research/AR_Crop_Identification/make_dataset/raw_sentinel/pm5/pm5__20201105_20201124__0082	2020-11-19	639201.00000000,3776061.00000000,639969.00000000,3776829.00000000
train	004022	lower__20201118_160838_23_2441_3B_AnalyticMS_SR_8b_clip	pm5__20201105_20201124__0082	/scrfs/storage/yikebe/home/research/AR_Crop_Identification/make_dataset/raw_sentinel/pm5/pm5__20201105_20201124__0082	2020-11-19	639969.00000000,3776061.00000000,640737.00000000,3776829.00000000
train	004038	lower__20201118_160838_23_2441_3B_AnalyticMS_SR_8b_clip	pm5__20201105_20201124__0082	/scrfs/storage/yikebe/home/research/AR_Crop_Identification/make_dataset/raw_sentinel/pm5/pm5__20201105_20201124__0082	2020-11-19	640737.00000000,3776061.00000000,641505.00000000,3776829.00000000
train	004054	lower__20201118_160838_23_2441_3B_AnalyticMS_SR_8b_clip	pm5__20201105_20201124__0082	/scrfs/storage/yikebe/home/research/AR_Crop_Identification/make_dataset/raw_sentinel/pm5/pm5__20201105_20201124__0082	2020-11-19	641505.00000000,3776061.00000000,642273.00000000,3776829.00000000
train	004070	lower__20201118_160838_23_2441_3B_AnalyticMS_SR_8b_clip	pm5__20201105_20201124__0082	/scrfs/storage/yikebe/home/research/AR_Crop_Identification/make_dataset/raw_sentinel/pm5/pm5__20201105_20201124__0082	2020-11-19	636129.00000000,3775293.00000000,636897.00000000,3776061.00000000
train	004086	lower__20201118_160838_23_2441_3B_AnalyticMS_SR_8b_clip	pm5__20201105_20201124__0082	/scrfs/storage/yikebe/home/research/AR_Crop_Identification/make_dataset/raw_sentinel/pm5/pm5__20201105_20201124__0082	2020-11-19	640737.00000000,3775293.00000000,641505.00000000,3776061.00000000
train	004102	lower__20201118_160838_23_2441_3B_AnalyticMS_SR_8b_clip	pm5__20201105_20201124__0082	/scrfs/storage/yikebe/home/research/AR_Crop_Identification/make_dataset/raw_sentinel/pm5/pm5__20201105_20201124__0082	2020-11-19	641505.00000000,3775293.00000000,642273.00000000,3776061.00000000
train	004118	lower__20201118_160838_23_2441_3B_AnalyticMS_SR_8b_clip	pm5__20201105_20201124__0082	/scrfs/storage/yikebe/home/research/AR_Crop_Identification/make_dataset/raw_sentinel/pm5/pm5__20201105_20201124__0082	2020-11-19	646113.00000000,3775293.00000000,646881.00000000,3776061.00000000
train	004134	lower__20201118_160838_23_2441_3B_AnalyticMS_SR_8b_clip	pm5__20201105_20201124__0082	/scrfs/storage/yikebe/home/research/AR_Crop_Identification/make_dataset/raw_sentinel/pm5/pm5__20201105_20201124__0082	2020-11-19	626145.00000000,3774525.00000000,626913.00000000,3775293.00000000
train	004150	lower__20201118_160838_23_2441_3B_AnalyticMS_SR_8b_clip	pm5__20201105_20201124__0082	/scrfs/storage/yikebe/home/research/AR_Crop_Identification/make_dataset/raw_sentinel/pm5/pm5__20201105_20201124__0082	2020-11-19	626913.00000000,3774525.00000000,627681.00000000,3775293.00000000
train	004166	lower__20201118_160838_23_2441_3B_AnalyticMS_SR_8b_clip	pm5__20201105_20201124__0082	/scrfs/storage/yikebe/home/research/AR_Crop_Identification/make_dataset/raw_sentinel/pm5/pm5__20201105_20201124__0082	2020-11-19	641505.00000000,3774525.00000000,642273.00000000,3775293.00000000
train	004182	lower__20201118_160838_23_2441_3B_AnalyticMS_SR_8b_clip	pm5__20201105_20201124__0082	/scrfs/storage/yikebe/home/research/AR_Crop_Identification/make_dataset/raw_sentinel/pm5/pm5__20201105_20201124__0082	2020-11-19	642273.00000000,3774525.00000000,643041.00000000,3775293.00000000
train	004198	lower__20201118_160838_23_2441_3B_AnalyticMS_SR_8b_clip	pm5__20201105_20201124__0082	/scrfs/storage/yikebe/home/research/AR_Crop_Identification/make_dataset/raw_sentinel/pm5/pm5__20201105_20201124__0082	2020-11-19	626913.00000000,3772989.00000000,627681.00000000,3773757.00000000
train	004214	lower__20201118_160838_23_2441_3B_AnalyticMS_SR_8b_clip	pm5__20201105_20201124__0082	/scrfs/storage/yikebe/home/research/AR_Crop_Identification/make_dataset/raw_sentinel/pm5/pm5__20201105_20201124__0082	2020-11-19	620001.00000000,3772221.00000000,620769.00000000,3772989.00000000
train	004230	lower__20201118_160838_23_2441_3B_AnalyticMS_SR_8b_clip	pm5__20201105_20201124__0082	/scrfs/storage/yikebe/home/research/AR_Crop_Identification/make_dataset/raw_sentinel/pm5/pm5__20201105_20201124__0082	2020-11-19	626913.00000000,3772221.00000000,627681.00000000,3772989.00000000
train	004246	lower__20201118_160838_23_2441_3B_AnalyticMS_SR_8b_clip	pm5__20201105_20201124__0082	/scrfs/storage/yikebe/home/research/AR_Crop_Identification/make_dataset/raw_sentinel/pm5/pm5__20201105_20201124__0082	2020-11-19	626913.00000000,3771453.00000000,627681.00000000,3772221.00000000
train	004262	lower__20201118_160838_23_2441_3B_AnalyticMS_SR_8b_clip	pm5__20201105_20201124__0082	/scrfs/storage/yikebe/home/research/AR_Crop_Identification/make_dataset/raw_sentinel/pm5/pm5__20201105_20201124__0082	2020-11-19	627681.00000000,3771453.00000000,628449.00000000,3772221.00000000
train	004278	lower__20201118_160838_23_2441_3B_AnalyticMS_SR_8b_clip	pm5__20201105_20201124__0082	/scrfs/storage/yikebe/home/research/AR_Crop_Identification/make_dataset/raw_sentinel/pm5/pm5__20201105_20201124__0082	2020-11-19	628449.00000000,3771453.00000000,629217.00000000,3772221.00000000
train	004294	lower__20201118_160838_23_2441_3B_AnalyticMS_SR_8b_clip	pm5__20201105_20201124__0082	/scrfs/storage/yikebe/home/research/AR_Crop_Identification/make_dataset/raw_sentinel/pm5/pm5__20201105_20201124__0082	2020-11-19	628449.00000000,3770685.00000000,629217.00000000,3771453.00000000
train	004310	lower__20201118_160838_23_2441_3B_AnalyticMS_SR_8b_clip	pm5__20201105_20201124__0082	/scrfs/storage/yikebe/home/research/AR_Crop_Identification/make_dataset/raw_sentinel/pm5/pm5__20201105_20201124__0082	2020-11-19	629217.00000000,3769917.00000000,629985.00000000,3770685.00000000
train	004326	lower__20201118_160838_23_2441_3B_AnalyticMS_SR_8b_clip	pm5__20201105_20201124__0082	/scrfs/storage/yikebe/home/research/AR_Crop_Identification/make_dataset/raw_sentinel/pm5/pm5__20201105_20201124__0082	2020-11-19	635361.00000000,3769917.00000000,636129.00000000,3770685.00000000
train	004342	lower__20201118_165008_93_240c_3B_AnalyticMS_SR_8b_clip	pm5__20201105_20201124__0132	/scrfs/storage/yikebe/home/research/AR_Crop_Identification/make_dataset/raw_sentinel/pm5/pm5__20201105_20201124__0132	2020-11-21	733929.00000000,3709605.00000000,734697.00000000,3710373.00000000
train	004358	lower__20201118_165008_93_240c_3B_AnalyticMS_SR_8b_clip	pm5__20201105_20201124__0132	/scrfs/storage/yikebe/home/research/AR_Crop_Identification/make_dataset/raw_sentinel/pm5/pm5__20201105_20201124__0132	2020-11-21	735465.00000000,3709605.00000000,736233.00000000,3710373.00000000
train	004374	lower__20201118_165008_93_240c_3B_AnalyticMS_SR_8b_clip	pm5__20201105_20201124__0132	/scrfs/storage/yikebe/home/research/AR_Crop_Identification/make_dataset/raw_sentinel/pm5/pm5__20201105_20201124__0132	2020-11-21	744681.00000000,3709605.00000000,745449.00000000,3710373.00000000
train	004390	lower__20201118_165008_93_240c_3B_AnalyticMS_SR_8b_clip	pm5__20201105_20201124__0132	/scrfs/storage/yikebe/home/research/AR_Crop_Identification/make_dataset/raw_sentinel/pm5/pm5__20201105_20201124__0132	2020-11-21	731625.00000000,3708069.00000000,732393.00000000,3708837.00000000
train	004406	lower__20201118_165008_93_240c_3B_AnalyticMS_SR_8b_clip	pm5__20201105_20201124__0132	/scrfs/storage/yikebe/home/research/AR_Crop_Identification/make_dataset/raw_sentinel/pm5/pm5__20201105_20201124__0132	2020-11-21	735465.00000000,3708069.00000000,736233.00000000,3708837.00000000
train	004422	lower__20201118_165008_93_240c_3B_AnalyticMS_SR_8b_clip	pm5__20201105_20201124__0132	/scrfs/storage/yikebe/home/research/AR_Crop_Identification/make_dataset/raw_sentinel/pm5/pm5__20201105_20201124__0132	2020-11-21	731625.00000000,3707301.00000000,732393.00000000,3708069.00000000
train	004438	lower__20201118_165008_93_240c_3B_AnalyticMS_SR_8b_clip	pm5__20201105_20201124__0132	/scrfs/storage/yikebe/home/research/AR_Crop_Identification/make_dataset/raw_sentinel/pm5/pm5__20201105_20201124__0132	2020-11-21	732393.00000000,3707301.00000000,733161.00000000,3708069.00000000
train	004454	lower__20201118_165008_93_240c_3B_AnalyticMS_SR_8b_clip	pm5__20201105_20201124__0132	/scrfs/storage/yikebe/home/research/AR_Crop_Identification/make_dataset/raw_sentinel/pm5/pm5__20201105_20201124__0132	2020-11-21	733929.00000000,3706533.00000000,734697.00000000,3707301.00000000
train	004470	lower__20201118_165008_93_240c_3B_AnalyticMS_SR_8b_clip	pm5__20201105_20201124__0132	/scrfs/storage/yikebe/home/research/AR_Crop_Identification/make_dataset/raw_sentinel/pm5/pm5__20201105_20201124__0132	2020-11-21	741609.00000000,3706533.00000000,742377.00000000,3707301.00000000
train	004486	lower__20201118_165008_93_240c_3B_AnalyticMS_SR_8b_clip	pm5__20201105_20201124__0132	/scrfs/storage/yikebe/home/research/AR_Crop_Identification/make_dataset/raw_sentinel/pm5/pm5__20201105_20201124__0132	2020-11-21	742377.00000000,3706533.00000000,743145.00000000,3707301.00000000
train	004502	lower__20201118_165008_93_240c_3B_AnalyticMS_SR_8b_clip	pm5__20201105_20201124__0132	/scrfs/storage/yikebe/home/research/AR_Crop_Identification/make_dataset/raw_sentinel/pm5/pm5__20201105_20201124__0132	2020-11-21	734697.00000000,3705765.00000000,735465.00000000,3706533.00000000
train	004518	lower__20201118_165008_93_240c_3B_AnalyticMS_SR_8b_clip	pm5__20201105_20201124__0132	/scrfs/storage/yikebe/home/research/AR_Crop_Identification/make_dataset/raw_sentinel/pm5/pm5__20201105_20201124__0132	2020-11-21	738537.00000000,3705765.00000000,739305.00000000,3706533.00000000
train	004534	lower__20201118_165008_93_240c_3B_AnalyticMS_SR_8b_clip	pm5__20201105_20201124__0132	/scrfs/storage/yikebe/home/research/AR_Crop_Identification/make_dataset/raw_sentinel/pm5/pm5__20201105_20201124__0132	2020-11-21	741609.00000000,3705765.00000000,742377.00000000,3706533.00000000
train	004550	lower__20201118_165008_93_240c_3B_AnalyticMS_SR_8b_clip	pm5__20201105_20201124__0132	/scrfs/storage/yikebe/home/research/AR_Crop_Identification/make_dataset/raw_sentinel/pm5/pm5__20201105_20201124__0132	2020-11-21	742377.00000000,3705765.00000000,743145.00000000,3706533.00000000
train	004566	lower__20201118_165008_93_240c_3B_AnalyticMS_SR_8b_clip	pm5__20201105_20201124__0132	/scrfs/storage/yikebe/home/research/AR_Crop_Identification/make_dataset/raw_sentinel/pm5/pm5__20201105_20201124__0132	2020-11-21	754665.00000000,3705765.00000000,755433.00000000,3706533.00000000
train	004582	lower__20201118_165008_93_240c_3B_AnalyticMS_SR_8b_clip	pm5__20201105_20201124__0132	/scrfs/storage/yikebe/home/research/AR_Crop_Identification/make_dataset/raw_sentinel/pm5/pm5__20201105_20201124__0132	2020-11-21	733929.00000000,3704997.00000000,734697.00000000,3705765.00000000
train	004598	lower__20201118_165008_93_240c_3B_AnalyticMS_SR_8b_clip	pm5__20201105_20201124__0132	/scrfs/storage/yikebe/home/research/AR_Crop_Identification/make_dataset/raw_sentinel/pm5/pm5__20201105_20201124__0132	2020-11-21	740841.00000000,3704997.00000000,741609.00000000,3705765.00000000
train	004614	lower__20201118_165008_93_240c_3B_AnalyticMS_SR_8b_clip	pm5__20201105_20201124__0132	/scrfs/storage/yikebe/home/research/AR_Crop_Identification/make_dataset/raw_sentinel/pm5/pm5__20201105_20201124__0132	2020-11-21	729321.00000000,3698853.00000000,730089.00000000,3699621.00000000
train	004630	lower__20201118_165008_93_240c_3B_AnalyticMS_SR_8b_clip	pm5__20201105_20201124__0132	/scrfs/storage/yikebe/home/research/AR_Crop_Identification/make_dataset/raw_sentinel/pm5/pm5__20201105_20201124__0132	2020-11-21	727785.00000000,3697317.00000000,728553.00000000,3698085.00000000
train	004646	lower__20201118_165008_93_240c_3B_AnalyticMS_SR_8b_clip	pm5__20201105_20201124__0132	/scrfs/storage/yikebe/home/research/AR_Crop_Identification/make_dataset/raw_sentinel/pm5/pm5__20201105_20201124__0132	2020-11-21	730857.00000000,3697317.00000000,731625.00000000,3698085.00000000
train	004662	lower__20201118_165008_93_240c_3B_AnalyticMS_SR_8b_clip	pm5__20201105_20201124__0132	/scrfs/storage/yikebe/home/research/AR_Crop_Identification/make_dataset/raw_sentinel/pm5/pm5__20201105_20201124__0132	2020-11-21	730857.00000000,3696549.00000000,731625.00000000,3697317.00000000
train	004678	lower__20201118_165008_93_240c_3B_AnalyticMS_SR_8b_clip	pm5__20201105_20201124__0132	/scrfs/storage/yikebe/home/research/AR_Crop_Identification/make_dataset/raw_sentinel/pm5/pm5__20201105_20201124__0132	2020-11-21	731625.00000000,3696549.00000000,732393.00000000,3697317.00000000
train	004694	lower__20201118_165008_93_240c_3B_AnalyticMS_SR_8b_clip	pm5__20201105_20201124__0132	/scrfs/storage/yikebe/home/research/AR_Crop_Identification/make_dataset/raw_sentinel/pm5/pm5__20201105_20201124__0132	2020-11-21	730089.00000000,3695781.00000000,730857.00000000,3696549.00000000
train	004710	lower__20201118_165008_93_240c_3B_AnalyticMS_SR_8b_clip	pm5__20201105_20201124__0132	/scrfs/storage/yikebe/home/research/AR_Crop_Identification/make_dataset/raw_sentinel/pm5/pm5__20201105_20201124__0132	2020-11-21	730857.00000000,3695781.00000000,731625.00000000,3696549.00000000
train	004726	lower__20201118_165008_93_240c_3B_AnalyticMS_SR_8b_clip	pm5__20201105_20201124__0132	/scrfs/storage/yikebe/home/research/AR_Crop_Identification/make_dataset/raw_sentinel/pm5/pm5__20201105_20201124__0132	2020-11-21	731625.00000000,3695781.00000000,732393.00000000,3696549.00000000
train	004742	lower__20201118_165008_93_240c_3B_AnalyticMS_SR_8b_clip	pm5__20201105_20201124__0132	/scrfs/storage/yikebe/home/research/AR_Crop_Identification/make_dataset/raw_sentinel/pm5/pm5__20201105_20201124__0132	2020-11-21	729321.00000000,3695013.00000000,730089.00000000,3695781.00000000
train	004758	lower__20201118_165008_93_240c_3B_AnalyticMS_SR_8b_clip	pm5__20201105_20201124__0132	/scrfs/storage/yikebe/home/research/AR_Crop_Identification/make_dataset/raw_sentinel/pm5/pm5__20201105_20201124__0132	2020-11-21	742377.00000000,3695013.00000000,743145.00000000,3695781.00000000
train	004774	lower__20201118_165008_93_240c_3B_AnalyticMS_SR_8b_clip	pm5__20201105_20201124__0132	/scrfs/storage/yikebe/home/research/AR_Crop_Identification/make_dataset/raw_sentinel/pm5/pm5__20201105_20201124__0132	2020-11-21	743145.00000000,3694245.00000000,743913.00000000,3695013.00000000
train	004790	lower__20201118_165008_93_240c_3B_AnalyticMS_SR_8b_clip	pm5__20201105_20201124__0132	/scrfs/storage/yikebe/home/research/AR_Crop_Identification/make_dataset/raw_sentinel/pm5/pm5__20201105_20201124__0132	2020-11-21	729321.00000000,3693477.00000000,730089.00000000,3694245.00000000
train	004806	lower__20201118_165008_93_240c_3B_AnalyticMS_SR_8b_clip	pm5__20201105_20201124__0132	/scrfs/storage/yikebe/home/research/AR_Crop_Identification/make_dataset/raw_sentinel/pm5/pm5__20201105_20201124__0132	2020-11-21	730089.00000000,3692709.00000000,730857.00000000,3693477.00000000
train	004822	lower__20201118_165008_93_240c_3B_AnalyticMS_SR_8b_clip	pm5__20201105_20201124__0132	/scrfs/storage/yikebe/home/research/AR_Crop_Identification/make_dataset/raw_sentinel/pm5/pm5__20201105_20201124__0132	2020-11-21	728553.00000000,3691941.00000000,729321.00000000,3692709.00000000
train	004838	lower__20201118_165008_93_240c_3B_AnalyticMS_SR_8b_clip	pm5__20201105_20201124__0132	/scrfs/storage/yikebe/home/research/AR_Crop_Identification/make_dataset/raw_sentinel/pm5/pm5__20201105_20201124__0132	2020-11-21	730089.00000000,3691941.00000000,730857.00000000,3692709.00000000
train	004854	lower__20201118_165912_86_227b_3B_AnalyticMS_SR_8b_clip	pm5__20201105_20201124__0060	/scrfs/storage/yikebe/home/research/AR_Crop_Identification/make_dataset/raw_sentinel/pm5/pm5__20201105_20201124__0060	2020-11-19	589089.00000000,3842916.00000000,589857.00000000,3843684.00000000
train	004870	lower__20201118_165912_86_227b_3B_AnalyticMS_SR_8b_clip	pm5__20201105_20201124__0060	/scrfs/storage/yikebe/home/research/AR_Crop_Identification/make_dataset/raw_sentinel/pm5/pm5__20201105_20201124__0060	2020-11-19	597537.00000000,3842148.00000000,598305.00000000,3842916.00000000
train	004886	lower__20201118_165912_86_227b_3B_AnalyticMS_SR_8b_clip	pm5__20201105_20201124__0060	/scrfs/storage/yikebe/home/research/AR_Crop_Identification/make_dataset/raw_sentinel/pm5/pm5__20201105_20201124__0060	2020-11-19	580641.00000000,3840612.00000000,581409.00000000,3841380.00000000
train	004902	lower__20201118_165912_86_227b_3B_AnalyticMS_SR_8b_clip	pm5__20201105_20201124__0060	/scrfs/storage/yikebe/home/research/AR_Crop_Identification/make_dataset/raw_sentinel/pm5/pm5__20201105_20201124__0060	2020-11-19	605985.00000000,3839844.00000000,606753.00000000,3840612.00000000
train	004918	lower__20201118_165912_86_227b_3B_AnalyticMS_SR_8b_clip	pm5__20201105_20201124__0060	/scrfs/storage/yikebe/home/research/AR_Crop_Identification/make_dataset/raw_sentinel/pm5/pm5__20201105_20201124__0060	2020-11-19	592929.00000000,3838308.00000000,593697.00000000,3839076.00000000
train	004934	lower__20201118_165912_86_227b_3B_AnalyticMS_SR_8b_clip	pm5__20201105_20201124__0060	/scrfs/storage/yikebe/home/research/AR_Crop_Identification/make_dataset/raw_sentinel/pm5/pm5__20201105_20201124__0060	2020-11-19	593697.00000000,3838308.00000000,594465.00000000,3839076.00000000
train	004950	lower__20201118_165912_86_227b_3B_AnalyticMS_SR_8b_clip	pm5__20201105_20201124__0060	/scrfs/storage/yikebe/home/research/AR_Crop_Identification/make_dataset/raw_sentinel/pm5/pm5__20201105_20201124__0060	2020-11-19	594465.00000000,3838308.00000000,595233.00000000,3839076.00000000
train	004966	lower__20201118_165912_86_227b_3B_AnalyticMS_SR_8b_clip	pm5__20201105_20201124__0060	/scrfs/storage/yikebe/home/research/AR_Crop_Identification/make_dataset/raw_sentinel/pm5/pm5__20201105_20201124__0060	2020-11-19	589857.00000000,3837540.00000000,590625.00000000,3838308.00000000
train	004982	lower__20201118_165912_86_227b_3B_AnalyticMS_SR_8b_clip	pm5__20201105_20201124__0060	/scrfs/storage/yikebe/home/research/AR_Crop_Identification/make_dataset/raw_sentinel/pm5/pm5__20201105_20201124__0060	2020-11-19	589857.00000000,3836772.00000000,590625.00000000,3837540.00000000
train	004998	lower__20201118_165912_86_227b_3B_AnalyticMS_SR_8b_clip	pm5__20201105_20201124__0060	/scrfs/storage/yikebe/home/research/AR_Crop_Identification/make_dataset/raw_sentinel/pm5/pm5__20201105_20201124__0060	2020-11-19	593697.00000000,3836772.00000000,594465.00000000,3837540.00000000
train	005014	lower__20201118_165912_86_227b_3B_AnalyticMS_SR_8b_clip	pm5__20201105_20201124__0060	/scrfs/storage/yikebe/home/research/AR_Crop_Identification/make_dataset/raw_sentinel/pm5/pm5__20201105_20201124__0060	2020-11-19	596769.00000000,3835236.00000000,597537.00000000,3836004.00000000
train	005030	lower__20201119_160536_33_2271_3B_AnalyticMS_SR_8b_clip	pm5__20201105_20201124__0110	/scrfs/storage/yikebe/home/research/AR_Crop_Identification/make_dataset/raw_sentinel/pm5/pm5__20201105_20201124__0110	2020-11-19	692937.00000000,3846216.00000000,693705.00000000,3846984.00000000
train	005046	lower__20201119_164747_54_240a_3B_AnalyticMS_SR_8b_clip	pm5__20201105_20201124__0135	/scrfs/storage/yikebe/home/research/AR_Crop_Identification/make_dataset/raw_sentinel/pm5/pm5__20201105_20201124__0135	2020-11-21	750570.00000000,3785730.00000000,751338.00000000,3786498.00000000
train	005062	lower__20201119_164747_54_240a_3B_AnalyticMS_SR_8b_clip	pm5__20201105_20201124__0135	/scrfs/storage/yikebe/home/research/AR_Crop_Identification/make_dataset/raw_sentinel/pm5/pm5__20201105_20201124__0135	2020-11-21	753642.00000000,3784962.00000000,754410.00000000,3785730.00000000
train	005078	lower__20201119_164747_54_240a_3B_AnalyticMS_SR_8b_clip	pm5__20201105_20201124__0135	/scrfs/storage/yikebe/home/research/AR_Crop_Identification/make_dataset/raw_sentinel/pm5/pm5__20201105_20201124__0135	2020-11-21	749802.00000000,3781890.00000000,750570.00000000,3782658.00000000
train	005094	lower__20201119_164747_54_240a_3B_AnalyticMS_SR_8b_clip	pm5__20201105_20201124__0135	/scrfs/storage/yikebe/home/research/AR_Crop_Identification/make_dataset/raw_sentinel/pm5/pm5__20201105_20201124__0135	2020-11-21	768234.00000000,3778050.00000000,769002.00000000,3778818.00000000
train	005110	lower__20201119_164747_54_240a_3B_AnalyticMS_SR_8b_clip	pm5__20201105_20201124__0135	/scrfs/storage/yikebe/home/research/AR_Crop_Identification/make_dataset/raw_sentinel/pm5/pm5__20201105_20201124__0135	2020-11-21	765930.00000000,3777282.00000000,766698.00000000,3778050.00000000
train	005126	lower__20201119_164747_54_240a_3B_AnalyticMS_SR_8b_clip	pm5__20201105_20201124__0135	/scrfs/storage/yikebe/home/research/AR_Crop_Identification/make_dataset/raw_sentinel/pm5/pm5__20201105_20201124__0135	2020-11-21	767466.00000000,3777282.00000000,768234.00000000,3778050.00000000
train	005142	lower__20201119_164747_54_240a_3B_AnalyticMS_SR_8b_clip	pm5__20201105_20201124__0135	/scrfs/storage/yikebe/home/research/AR_Crop_Identification/make_dataset/raw_sentinel/pm5/pm5__20201105_20201124__0135	2020-11-21	755946.00000000,3775746.00000000,756714.00000000,3776514.00000000
train	005158	lower__20201119_164747_54_240a_3B_AnalyticMS_SR_8b_clip	pm5__20201105_20201124__0135	/scrfs/storage/yikebe/home/research/AR_Crop_Identification/make_dataset/raw_sentinel/pm5/pm5__20201105_20201124__0135	2020-11-21	742122.00000000,3771906.00000000,742890.00000000,3772674.00000000
train	005174	lower__20201119_164747_54_240a_3B_AnalyticMS_SR_8b_clip	pm5__20201105_20201124__0135	/scrfs/storage/yikebe/home/research/AR_Crop_Identification/make_dataset/raw_sentinel/pm5/pm5__20201105_20201124__0135	2020-11-21	763626.00000000,3764994.00000000,764394.00000000,3765762.00000000
train	005190	lower__20201119_164747_54_240a_3B_AnalyticMS_SR_8b_clip	pm5__20201105_20201124__0135	/scrfs/storage/yikebe/home/research/AR_Crop_Identification/make_dataset/raw_sentinel/pm5/pm5__20201105_20201124__0135	2020-11-21	765930.00000000,3764994.00000000,766698.00000000,3765762.00000000
train	005206	lower__20201119_164747_54_240a_3B_AnalyticMS_SR_8b_clip	pm5__20201105_20201124__0135	/scrfs/storage/yikebe/home/research/AR_Crop_Identification/make_dataset/raw_sentinel/pm5/pm5__20201105_20201124__0135	2020-11-21	766698.00000000,3764994.00000000,767466.00000000,3765762.00000000
train	005222	lower__20201119_164747_54_240a_3B_AnalyticMS_SR_8b_clip	pm5__20201105_20201124__0135	/scrfs/storage/yikebe/home/research/AR_Crop_Identification/make_dataset/raw_sentinel/pm5/pm5__20201105_20201124__0135	2020-11-21	766698.00000000,3764226.00000000,767466.00000000,3764994.00000000
train	005238	lower__20201119_164747_54_240a_3B_AnalyticMS_SR_8b_clip	pm5__20201105_20201124__0135	/scrfs/storage/yikebe/home/research/AR_Crop_Identification/make_dataset/raw_sentinel/pm5/pm5__20201105_20201124__0135	2020-11-21	767466.00000000,3764226.00000000,768234.00000000,3764994.00000000
train	005254	lower__20201119_165047_71_227b_3B_AnalyticMS_SR_8b_clip	pm5__20201105_20201124__0152	/scrfs/storage/yikebe/home/research/AR_Crop_Identification/make_dataset/raw_sentinel/pm5/pm5__20201105_20201124__0152	2020-11-21	212910.00000000,3729702.00000000,213678.00000000,3730470.00000000
train	005270	lower__20201119_165047_71_227b_3B_AnalyticMS_SR_8b_clip	pm5__20201105_20201124__0152	/scrfs/storage/yikebe/home/research/AR_Crop_Identification/make_dataset/raw_sentinel/pm5/pm5__20201105_20201124__0152	2020-11-21	214446.00000000,3726630.00000000,215214.00000000,3727398.00000000
train	005286	lower__20201119_165047_71_227b_3B_AnalyticMS_SR_8b_clip	pm5__20201105_20201124__0152	/scrfs/storage/yikebe/home/research/AR_Crop_Identification/make_dataset/raw_sentinel/pm5/pm5__20201105_20201124__0152	2020-11-21	215214.00000000,3718950.00000000,215982.00000000,3719718.00000000
train	005302	lower__20201119_165121_78_240f_3B_AnalyticMS_SR_8b_clip	pm5__20201105_20201124__0113	/scrfs/storage/yikebe/home/research/AR_Crop_Identification/make_dataset/raw_sentinel/pm5/pm5__20201105_20201124__0113	2020-11-21	696483.00000000,3694521.00000000,697251.00000000,3695289.00000000
train	005318	lower__20201119_165121_78_240f_3B_AnalyticMS_SR_8b_clip	pm5__20201105_20201124__0113	/scrfs/storage/yikebe/home/research/AR_Crop_Identification/make_dataset/raw_sentinel/pm5/pm5__20201105_20201124__0113	2020-11-21	697251.00000000,3694521.00000000,698019.00000000,3695289.00000000
train	005334	lower__20201119_165121_78_240f_3B_AnalyticMS_SR_8b_clip	pm5__20201105_20201124__0113	/scrfs/storage/yikebe/home/research/AR_Crop_Identification/make_dataset/raw_sentinel/pm5/pm5__20201105_20201124__0113	2020-11-21	700323.00000000,3694521.00000000,701091.00000000,3695289.00000000
train	005350	lower__20201119_165121_78_240f_3B_AnalyticMS_SR_8b_clip	pm5__20201105_20201124__0113	/scrfs/storage/yikebe/home/research/AR_Crop_Identification/make_dataset/raw_sentinel/pm5/pm5__20201105_20201124__0113	2020-11-21	688803.00000000,3693753.00000000,689571.00000000,3694521.00000000
train	005366	lower__20201119_165121_78_240f_3B_AnalyticMS_SR_8b_clip	pm5__20201105_20201124__0113	/scrfs/storage/yikebe/home/research/AR_Crop_Identification/make_dataset/raw_sentinel/pm5/pm5__20201105_20201124__0113	2020-11-21	696483.00000000,3693753.00000000,697251.00000000,3694521.00000000
train	005382	lower__20201119_165121_78_240f_3B_AnalyticMS_SR_8b_clip	pm5__20201105_20201124__0113	/scrfs/storage/yikebe/home/research/AR_Crop_Identification/make_dataset/raw_sentinel/pm5/pm5__20201105_20201124__0113	2020-11-21	697251.00000000,3693753.00000000,698019.00000000,3694521.00000000
train	005398	lower__20201119_165121_78_240f_3B_AnalyticMS_SR_8b_clip	pm5__20201105_20201124__0113	/scrfs/storage/yikebe/home/research/AR_Crop_Identification/make_dataset/raw_sentinel/pm5/pm5__20201105_20201124__0113	2020-11-21	700323.00000000,3693753.00000000,701091.00000000,3694521.00000000
train	005414	lower__20201119_165121_78_240f_3B_AnalyticMS_SR_8b_clip	pm5__20201105_20201124__0113	/scrfs/storage/yikebe/home/research/AR_Crop_Identification/make_dataset/raw_sentinel/pm5/pm5__20201105_20201124__0113	2020-11-21	695715.00000000,3692985.00000000,696483.00000000,3693753.00000000
train	005430	lower__20201119_165121_78_240f_3B_AnalyticMS_SR_8b_clip	pm5__20201105_20201124__0113	/scrfs/storage/yikebe/home/research/AR_Crop_Identification/make_dataset/raw_sentinel/pm5/pm5__20201105_20201124__0113	2020-11-21	696483.00000000,3692985.00000000,697251.00000000,3693753.00000000
train	005446	lower__20201119_165121_78_240f_3B_AnalyticMS_SR_8b_clip	pm5__20201105_20201124__0113	/scrfs/storage/yikebe/home/research/AR_Crop_Identification/make_dataset/raw_sentinel/pm5/pm5__20201105_20201124__0113	2020-11-21	697251.00000000,3692985.00000000,698019.00000000,3693753.00000000
train	005462	lower__20201119_165121_78_240f_3B_AnalyticMS_SR_8b_clip	pm5__20201105_20201124__0113	/scrfs/storage/yikebe/home/research/AR_Crop_Identification/make_dataset/raw_sentinel/pm5/pm5__20201105_20201124__0113	2020-11-21	700323.00000000,3692985.00000000,701091.00000000,3693753.00000000
train	005478	lower__20201119_165121_78_240f_3B_AnalyticMS_SR_8b_clip	pm5__20201105_20201124__0113	/scrfs/storage/yikebe/home/research/AR_Crop_Identification/make_dataset/raw_sentinel/pm5/pm5__20201105_20201124__0113	2020-11-21	696483.00000000,3692217.00000000,697251.00000000,3692985.00000000
train	005494	lower__20201119_165121_78_240f_3B_AnalyticMS_SR_8b_clip	pm5__20201105_20201124__0113	/scrfs/storage/yikebe/home/research/AR_Crop_Identification/make_dataset/raw_sentinel/pm5/pm5__20201105_20201124__0113	2020-11-21	697251.00000000,3692217.00000000,698019.00000000,3692985.00000000
train	005510	lower__20201119_165121_78_240f_3B_AnalyticMS_SR_8b_clip	pm5__20201105_20201124__0113	/scrfs/storage/yikebe/home/research/AR_Crop_Identification/make_dataset/raw_sentinel/pm5/pm5__20201105_20201124__0113	2020-11-21	706467.00000000,3692217.00000000,707235.00000000,3692985.00000000
train	005526	lower__20201119_165121_78_240f_3B_AnalyticMS_SR_8b_clip	pm5__20201105_20201124__0113	/scrfs/storage/yikebe/home/research/AR_Crop_Identification/make_dataset/raw_sentinel/pm5/pm5__20201105_20201124__0113	2020-11-21	708771.00000000,3692217.00000000,709539.00000000,3692985.00000000
train	005542	lower__20201119_165121_78_240f_3B_AnalyticMS_SR_8b_clip	pm5__20201105_20201124__0113	/scrfs/storage/yikebe/home/research/AR_Crop_Identification/make_dataset/raw_sentinel/pm5/pm5__20201105_20201124__0113	2020-11-21	696483.00000000,3691449.00000000,697251.00000000,3692217.00000000
train	005558	lower__20201119_165121_78_240f_3B_AnalyticMS_SR_8b_clip	pm5__20201105_20201124__0113	/scrfs/storage/yikebe/home/research/AR_Crop_Identification/make_dataset/raw_sentinel/pm5/pm5__20201105_20201124__0113	2020-11-21	705699.00000000,3691449.00000000,706467.00000000,3692217.00000000
train	005574	lower__20201119_165121_78_240f_3B_AnalyticMS_SR_8b_clip	pm5__20201105_20201124__0113	/scrfs/storage/yikebe/home/research/AR_Crop_Identification/make_dataset/raw_sentinel/pm5/pm5__20201105_20201124__0113	2020-11-21	708003.00000000,3691449.00000000,708771.00000000,3692217.00000000
train	005590	lower__20201119_165121_78_240f_3B_AnalyticMS_SR_8b_clip	pm5__20201105_20201124__0113	/scrfs/storage/yikebe/home/research/AR_Crop_Identification/make_dataset/raw_sentinel/pm5/pm5__20201105_20201124__0113	2020-11-21	701091.00000000,3690681.00000000,701859.00000000,3691449.00000000
train	005606	lower__20201119_165121_78_240f_3B_AnalyticMS_SR_8b_clip	pm5__20201105_20201124__0113	/scrfs/storage/yikebe/home/research/AR_Crop_Identification/make_dataset/raw_sentinel/pm5/pm5__20201105_20201124__0113	2020-11-21	702627.00000000,3690681.00000000,703395.00000000,3691449.00000000
train	005622	lower__20201119_165121_78_240f_3B_AnalyticMS_SR_8b_clip	pm5__20201105_20201124__0113	/scrfs/storage/yikebe/home/research/AR_Crop_Identification/make_dataset/raw_sentinel/pm5/pm5__20201105_20201124__0113	2020-11-21	705699.00000000,3690681.00000000,706467.00000000,3691449.00000000
train	005638	lower__20201119_165121_78_240f_3B_AnalyticMS_SR_8b_clip	pm5__20201105_20201124__0113	/scrfs/storage/yikebe/home/research/AR_Crop_Identification/make_dataset/raw_sentinel/pm5/pm5__20201105_20201124__0113	2020-11-21	708003.00000000,3690681.00000000,708771.00000000,3691449.00000000
train	005654	lower__20201119_165121_78_240f_3B_AnalyticMS_SR_8b_clip	pm5__20201105_20201124__0113	/scrfs/storage/yikebe/home/research/AR_Crop_Identification/make_dataset/raw_sentinel/pm5/pm5__20201105_20201124__0113	2020-11-21	700323.00000000,3689913.00000000,701091.00000000,3690681.00000000
train	005670	lower__20201119_165121_78_240f_3B_AnalyticMS_SR_8b_clip	pm5__20201105_20201124__0113	/scrfs/storage/yikebe/home/research/AR_Crop_Identification/make_dataset/raw_sentinel/pm5/pm5__20201105_20201124__0113	2020-11-21	701091.00000000,3689913.00000000,701859.00000000,3690681.00000000
train	005686	lower__20201119_165121_78_240f_3B_AnalyticMS_SR_8b_clip	pm5__20201105_20201124__0113	/scrfs/storage/yikebe/home/research/AR_Crop_Identification/make_dataset/raw_sentinel/pm5/pm5__20201105_20201124__0113	2020-11-21	701859.00000000,3689913.00000000,702627.00000000,3690681.00000000
train	005702	lower__20201119_165121_78_240f_3B_AnalyticMS_SR_8b_clip	pm5__20201105_20201124__0113	/scrfs/storage/yikebe/home/research/AR_Crop_Identification/make_dataset/raw_sentinel/pm5/pm5__20201105_20201124__0113	2020-11-21	705699.00000000,3689913.00000000,706467.00000000,3690681.00000000
train	005718	lower__20201119_165121_78_240f_3B_AnalyticMS_SR_8b_clip	pm5__20201105_20201124__0113	/scrfs/storage/yikebe/home/research/AR_Crop_Identification/make_dataset/raw_sentinel/pm5/pm5__20201105_20201124__0113	2020-11-21	706467.00000000,3689913.00000000,707235.00000000,3690681.00000000
train	005734	lower__20201119_165121_78_240f_3B_AnalyticMS_SR_8b_clip	pm5__20201105_20201124__0113	/scrfs/storage/yikebe/home/research/AR_Crop_Identification/make_dataset/raw_sentinel/pm5/pm5__20201105_20201124__0113	2020-11-21	708003.00000000,3689913.00000000,708771.00000000,3690681.00000000
train	005750	lower__20201119_165121_78_240f_3B_AnalyticMS_SR_8b_clip	pm5__20201105_20201124__0113	/scrfs/storage/yikebe/home/research/AR_Crop_Identification/make_dataset/raw_sentinel/pm5/pm5__20201105_20201124__0113	2020-11-21	701859.00000000,3689145.00000000,702627.00000000,3689913.00000000
train	005766	lower__20201119_165121_78_240f_3B_AnalyticMS_SR_8b_clip	pm5__20201105_20201124__0113	/scrfs/storage/yikebe/home/research/AR_Crop_Identification/make_dataset/raw_sentinel/pm5/pm5__20201105_20201124__0113	2020-11-21	706467.00000000,3689145.00000000,707235.00000000,3689913.00000000
train	005782	lower__20201119_165121_78_240f_3B_AnalyticMS_SR_8b_clip	pm5__20201105_20201124__0113	/scrfs/storage/yikebe/home/research/AR_Crop_Identification/make_dataset/raw_sentinel/pm5/pm5__20201105_20201124__0113	2020-11-21	708003.00000000,3689145.00000000,708771.00000000,3689913.00000000
train	005798	lower__20201119_165121_78_240f_3B_AnalyticMS_SR_8b_clip	pm5__20201105_20201124__0113	/scrfs/storage/yikebe/home/research/AR_Crop_Identification/make_dataset/raw_sentinel/pm5/pm5__20201105_20201124__0113	2020-11-21	708771.00000000,3689145.00000000,709539.00000000,3689913.00000000
train	005814	lower__20201119_165121_78_240f_3B_AnalyticMS_SR_8b_clip	pm5__20201105_20201124__0113	/scrfs/storage/yikebe/home/research/AR_Crop_Identification/make_dataset/raw_sentinel/pm5/pm5__20201105_20201124__0113	2020-11-21	716451.00000000,3689145.00000000,717219.00000000,3689913.00000000
train	005830	lower__20201119_165121_78_240f_3B_AnalyticMS_SR_8b_clip	pm5__20201105_20201124__0113	/scrfs/storage/yikebe/home/research/AR_Crop_Identification/make_dataset/raw_sentinel/pm5/pm5__20201105_20201124__0113	2020-11-21	708003.00000000,3688377.00000000,708771.00000000,3689145.00000000
train	005846	lower__20201119_165121_78_240f_3B_AnalyticMS_SR_8b_clip	pm5__20201105_20201124__0113	/scrfs/storage/yikebe/home/research/AR_Crop_Identification/make_dataset/raw_sentinel/pm5/pm5__20201105_20201124__0113	2020-11-21	708771.00000000,3688377.00000000,709539.00000000,3689145.00000000
train	005862	lower__20201119_165121_78_240f_3B_AnalyticMS_SR_8b_clip	pm5__20201105_20201124__0113	/scrfs/storage/yikebe/home/research/AR_Crop_Identification/make_dataset/raw_sentinel/pm5/pm5__20201105_20201124__0113	2020-11-21	700323.00000000,3687609.00000000,701091.00000000,3688377.00000000
train	005878	lower__20201119_165121_78_240f_3B_AnalyticMS_SR_8b_clip	pm5__20201105_20201124__0113	/scrfs/storage/yikebe/home/research/AR_Crop_Identification/make_dataset/raw_sentinel/pm5/pm5__20201105_20201124__0113	2020-11-21	701091.00000000,3687609.00000000,701859.00000000,3688377.00000000
train	005894	lower__20201119_165121_78_240f_3B_AnalyticMS_SR_8b_clip	pm5__20201105_20201124__0113	/scrfs/storage/yikebe/home/research/AR_Crop_Identification/make_dataset/raw_sentinel/pm5/pm5__20201105_20201124__0113	2020-11-21	708003.00000000,3687609.00000000,708771.00000000,3688377.00000000
train	005910	lower__20201119_165121_78_240f_3B_AnalyticMS_SR_8b_clip	pm5__20201105_20201124__0113	/scrfs/storage/yikebe/home/research/AR_Crop_Identification/make_dataset/raw_sentinel/pm5/pm5__20201105_20201124__0113	2020-11-21	708771.00000000,3687609.00000000,709539.00000000,3688377.00000000
train	005926	lower__20201119_165121_78_240f_3B_AnalyticMS_SR_8b_clip	pm5__20201105_20201124__0113	/scrfs/storage/yikebe/home/research/AR_Crop_Identification/make_dataset/raw_sentinel/pm5/pm5__20201105_20201124__0113	2020-11-21	711843.00000000,3687609.00000000,712611.00000000,3688377.00000000
train	005942	lower__20201119_165121_78_240f_3B_AnalyticMS_SR_8b_clip	pm5__20201105_20201124__0113	/scrfs/storage/yikebe/home/research/AR_Crop_Identification/make_dataset/raw_sentinel/pm5/pm5__20201105_20201124__0113	2020-11-21	700323.00000000,3686841.00000000,701091.00000000,3687609.00000000
train	005958	lower__20201119_165121_78_240f_3B_AnalyticMS_SR_8b_clip	pm5__20201105_20201124__0113	/scrfs/storage/yikebe/home/research/AR_Crop_Identification/make_dataset/raw_sentinel/pm5/pm5__20201105_20201124__0113	2020-11-21	701091.00000000,3686841.00000000,701859.00000000,3687609.00000000
train	005974	lower__20201119_165121_78_240f_3B_AnalyticMS_SR_8b_clip	pm5__20201105_20201124__0113	/scrfs/storage/yikebe/home/research/AR_Crop_Identification/make_dataset/raw_sentinel/pm5/pm5__20201105_20201124__0113	2020-11-21	701859.00000000,3686841.00000000,702627.00000000,3687609.00000000
train	005990	lower__20201119_165121_78_240f_3B_AnalyticMS_SR_8b_clip	pm5__20201105_20201124__0113	/scrfs/storage/yikebe/home/research/AR_Crop_Identification/make_dataset/raw_sentinel/pm5/pm5__20201105_20201124__0113	2020-11-21	694947.00000000,3686073.00000000,695715.00000000,3686841.00000000
train	006006	lower__20201119_165121_78_240f_3B_AnalyticMS_SR_8b_clip	pm5__20201105_20201124__0113	/scrfs/storage/yikebe/home/research/AR_Crop_Identification/make_dataset/raw_sentinel/pm5/pm5__20201105_20201124__0113	2020-11-21	701091.00000000,3686073.00000000,701859.00000000,3686841.00000000
train	006022	lower__20201119_165121_78_240f_3B_AnalyticMS_SR_8b_clip	pm5__20201105_20201124__0113	/scrfs/storage/yikebe/home/research/AR_Crop_Identification/make_dataset/raw_sentinel/pm5/pm5__20201105_20201124__0113	2020-11-21	715683.00000000,3686073.00000000,716451.00000000,3686841.00000000
train	006038	lower__20201119_165121_78_240f_3B_AnalyticMS_SR_8b_clip	pm5__20201105_20201124__0113	/scrfs/storage/yikebe/home/research/AR_Crop_Identification/make_dataset/raw_sentinel/pm5/pm5__20201105_20201124__0113	2020-11-21	694947.00000000,3685305.00000000,695715.00000000,3686073.00000000
train	006054	lower__20201119_165121_78_240f_3B_AnalyticMS_SR_8b_clip	pm5__20201105_20201124__0113	/scrfs/storage/yikebe/home/research/AR_Crop_Identification/make_dataset/raw_sentinel/pm5/pm5__20201105_20201124__0113	2020-11-21	701091.00000000,3685305.00000000,701859.00000000,3686073.00000000
train	006070	lower__20201119_165121_78_240f_3B_AnalyticMS_SR_8b_clip	pm5__20201105_20201124__0113	/scrfs/storage/yikebe/home/research/AR_Crop_Identification/make_dataset/raw_sentinel/pm5/pm5__20201105_20201124__0113	2020-11-21	709539.00000000,3685305.00000000,710307.00000000,3686073.00000000
train	006086	lower__20201119_165121_78_240f_3B_AnalyticMS_SR_8b_clip	pm5__20201105_20201124__0113	/scrfs/storage/yikebe/home/research/AR_Crop_Identification/make_dataset/raw_sentinel/pm5/pm5__20201105_20201124__0113	2020-11-21	695715.00000000,3684537.00000000,696483.00000000,3685305.00000000
train	006102	lower__20201119_165121_78_240f_3B_AnalyticMS_SR_8b_clip	pm5__20201105_20201124__0113	/scrfs/storage/yikebe/home/research/AR_Crop_Identification/make_dataset/raw_sentinel/pm5/pm5__20201105_20201124__0113	2020-11-21	701859.00000000,3684537.00000000,702627.00000000,3685305.00000000
train	006118	lower__20201119_165121_78_240f_3B_AnalyticMS_SR_8b_clip	pm5__20201105_20201124__0113	/scrfs/storage/yikebe/home/research/AR_Crop_Identification/make_dataset/raw_sentinel/pm5/pm5__20201105_20201124__0113	2020-11-21	709539.00000000,3684537.00000000,710307.00000000,3685305.00000000
train	006134	lower__20201119_165121_78_240f_3B_AnalyticMS_SR_8b_clip	pm5__20201105_20201124__0113	/scrfs/storage/yikebe/home/research/AR_Crop_Identification/make_dataset/raw_sentinel/pm5/pm5__20201105_20201124__0113	2020-11-21	716451.00000000,3683769.00000000,717219.00000000,3684537.00000000
train	006150	lower__20201119_165121_78_240f_3B_AnalyticMS_SR_8b_clip	pm5__20201105_20201124__0113	/scrfs/storage/yikebe/home/research/AR_Crop_Identification/make_dataset/raw_sentinel/pm5/pm5__20201105_20201124__0113	2020-11-21	686499.00000000,3683001.00000000,687267.00000000,3683769.00000000
train	006166	lower__20201119_165121_78_240f_3B_AnalyticMS_SR_8b_clip	pm5__20201105_20201124__0113	/scrfs/storage/yikebe/home/research/AR_Crop_Identification/make_dataset/raw_sentinel/pm5/pm5__20201105_20201124__0113	2020-11-21	694947.00000000,3682233.00000000,695715.00000000,3683001.00000000
train	006182	lower__20201119_165121_78_240f_3B_AnalyticMS_SR_8b_clip	pm5__20201105_20201124__0113	/scrfs/storage/yikebe/home/research/AR_Crop_Identification/make_dataset/raw_sentinel/pm5/pm5__20201105_20201124__0113	2020-11-21	694947.00000000,3681465.00000000,695715.00000000,3682233.00000000
train	006198	lower__20201119_165121_78_240f_3B_AnalyticMS_SR_8b_clip	pm5__20201105_20201124__0113	/scrfs/storage/yikebe/home/research/AR_Crop_Identification/make_dataset/raw_sentinel/pm5/pm5__20201105_20201124__0113	2020-11-21	703395.00000000,3681465.00000000,704163.00000000,3682233.00000000
train	006214	lower__20201119_165121_78_240f_3B_AnalyticMS_SR_8b_clip	pm5__20201105_20201124__0113	/scrfs/storage/yikebe/home/research/AR_Crop_Identification/make_dataset/raw_sentinel/pm5/pm5__20201105_20201124__0113	2020-11-21	704163.00000000,3681465.00000000,704931.00000000,3682233.00000000
train	006230	lower__20201119_165121_78_240f_3B_AnalyticMS_SR_8b_clip	pm5__20201105_20201124__0113	/scrfs/storage/yikebe/home/research/AR_Crop_Identification/make_dataset/raw_sentinel/pm5/pm5__20201105_20201124__0113	2020-11-21	690339.00000000,3680697.00000000,691107.00000000,3681465.00000000
train	006246	lower__20201119_165121_78_240f_3B_AnalyticMS_SR_8b_clip	pm5__20201105_20201124__0113	/scrfs/storage/yikebe/home/research/AR_Crop_Identification/make_dataset/raw_sentinel/pm5/pm5__20201105_20201124__0113	2020-11-21	691875.00000000,3680697.00000000,692643.00000000,3681465.00000000
train	006262	lower__20201119_165121_78_240f_3B_AnalyticMS_SR_8b_clip	pm5__20201105_20201124__0113	/scrfs/storage/yikebe/home/research/AR_Crop_Identification/make_dataset/raw_sentinel/pm5/pm5__20201105_20201124__0113	2020-11-21	696483.00000000,3680697.00000000,697251.00000000,3681465.00000000
train	006278	lower__20201119_165121_78_240f_3B_AnalyticMS_SR_8b_clip	pm5__20201105_20201124__0113	/scrfs/storage/yikebe/home/research/AR_Crop_Identification/make_dataset/raw_sentinel/pm5/pm5__20201105_20201124__0113	2020-11-21	703395.00000000,3680697.00000000,704163.00000000,3681465.00000000
train	006294	lower__20201119_165121_78_240f_3B_AnalyticMS_SR_8b_clip	pm5__20201105_20201124__0113	/scrfs/storage/yikebe/home/research/AR_Crop_Identification/make_dataset/raw_sentinel/pm5/pm5__20201105_20201124__0113	2020-11-21	702627.00000000,3679161.00000000,703395.00000000,3679929.00000000
train	006310	lower__20201119_165121_78_240f_3B_AnalyticMS_SR_8b_clip	pm5__20201105_20201124__0113	/scrfs/storage/yikebe/home/research/AR_Crop_Identification/make_dataset/raw_sentinel/pm5/pm5__20201105_20201124__0113	2020-11-21	702627.00000000,3678393.00000000,703395.00000000,3679161.00000000
train	006326	lower__20201119_165121_78_240f_3B_AnalyticMS_SR_8b_clip	pm5__20201105_20201124__0113	/scrfs/storage/yikebe/home/research/AR_Crop_Identification/make_dataset/raw_sentinel/pm5/pm5__20201105_20201124__0113	2020-11-21	685731.00000000,3676089.00000000,686499.00000000,3676857.00000000
train	006342	lower__20201119_165121_78_240f_3B_AnalyticMS_SR_8b_clip	pm5__20201105_20201124__0113	/scrfs/storage/yikebe/home/research/AR_Crop_Identification/make_dataset/raw_sentinel/pm5/pm5__20201105_20201124__0113	2020-11-21	686499.00000000,3676089.00000000,687267.00000000,3676857.00000000
train	006358	lower__20201119_165121_78_240f_3B_AnalyticMS_SR_8b_clip	pm5__20201105_20201124__0113	/scrfs/storage/yikebe/home/research/AR_Crop_Identification/make_dataset/raw_sentinel/pm5/pm5__20201105_20201124__0113	2020-11-21	701859.00000000,3676089.00000000,702627.00000000,3676857.00000000
train	006374	lower__20201119_165121_78_240f_3B_AnalyticMS_SR_8b_clip	pm5__20201105_20201124__0113	/scrfs/storage/yikebe/home/research/AR_Crop_Identification/make_dataset/raw_sentinel/pm5/pm5__20201105_20201124__0113	2020-11-21	701091.00000000,3675321.00000000,701859.00000000,3676089.00000000
train	006390	lower__20201119_165121_78_240f_3B_AnalyticMS_SR_8b_clip	pm5__20201105_20201124__0113	/scrfs/storage/yikebe/home/research/AR_Crop_Identification/make_dataset/raw_sentinel/pm5/pm5__20201105_20201124__0113	2020-11-21	704931.00000000,3675321.00000000,705699.00000000,3676089.00000000
train	006406	lower__20201119_165121_78_240f_3B_AnalyticMS_SR_8b_clip	pm5__20201105_20201124__0113	/scrfs/storage/yikebe/home/research/AR_Crop_Identification/make_dataset/raw_sentinel/pm5/pm5__20201105_20201124__0113	2020-11-21	705699.00000000,3675321.00000000,706467.00000000,3676089.00000000
train	006422	lower__20201119_165121_78_240f_3B_AnalyticMS_SR_8b_clip	pm5__20201105_20201124__0113	/scrfs/storage/yikebe/home/research/AR_Crop_Identification/make_dataset/raw_sentinel/pm5/pm5__20201105_20201124__0113	2020-11-21	711843.00000000,3673785.00000000,712611.00000000,3674553.00000000
train	006438	lower__20201119_165121_78_240f_3B_AnalyticMS_SR_8b_clip	pm5__20201105_20201124__0113	/scrfs/storage/yikebe/home/research/AR_Crop_Identification/make_dataset/raw_sentinel/pm5/pm5__20201105_20201124__0113	2020-11-21	706467.00000000,3672249.00000000,707235.00000000,3673017.00000000
train	006454	lower__20201119_165121_78_240f_3B_AnalyticMS_SR_8b_clip	pm5__20201105_20201124__0113	/scrfs/storage/yikebe/home/research/AR_Crop_Identification/make_dataset/raw_sentinel/pm5/pm5__20201105_20201124__0113	2020-11-21	707235.00000000,3672249.00000000,708003.00000000,3673017.00000000
train	006470	lower__20201119_165121_78_240f_3B_AnalyticMS_SR_8b_clip	pm5__20201105_20201124__0113	/scrfs/storage/yikebe/home/research/AR_Crop_Identification/make_dataset/raw_sentinel/pm5/pm5__20201105_20201124__0113	2020-11-21	710307.00000000,3672249.00000000,711075.00000000,3673017.00000000
train	006486	lower__20201119_165121_78_240f_3B_AnalyticMS_SR_8b_clip	pm5__20201105_20201124__0113	/scrfs/storage/yikebe/home/research/AR_Crop_Identification/make_dataset/raw_sentinel/pm5/pm5__20201105_20201124__0113	2020-11-21	711075.00000000,3672249.00000000,711843.00000000,3673017.00000000
train	006502	lower__20201119_165121_78_240f_3B_AnalyticMS_SR_8b_clip	pm5__20201105_20201124__0113	/scrfs/storage/yikebe/home/research/AR_Crop_Identification/make_dataset/raw_sentinel/pm5/pm5__20201105_20201124__0113	2020-11-21	709539.00000000,3671481.00000000,710307.00000000,3672249.00000000
train	006518	lower__20201119_165121_78_240f_3B_AnalyticMS_SR_8b_clip	pm5__20201105_20201124__0113	/scrfs/storage/yikebe/home/research/AR_Crop_Identification/make_dataset/raw_sentinel/pm5/pm5__20201105_20201124__0113	2020-11-21	710307.00000000,3671481.00000000,711075.00000000,3672249.00000000
train	006534	lower__20201119_165121_78_240f_3B_AnalyticMS_SR_8b_clip	pm5__20201105_20201124__0113	/scrfs/storage/yikebe/home/research/AR_Crop_Identification/make_dataset/raw_sentinel/pm5/pm5__20201105_20201124__0113	2020-11-21	711075.00000000,3671481.00000000,711843.00000000,3672249.00000000
train	006550	lower__20201119_165121_78_240f_3B_AnalyticMS_SR_8b_clip	pm5__20201105_20201124__0113	/scrfs/storage/yikebe/home/research/AR_Crop_Identification/make_dataset/raw_sentinel/pm5/pm5__20201105_20201124__0113	2020-11-21	712611.00000000,3671481.00000000,713379.00000000,3672249.00000000
train	006566	lower__20201119_165448_01_2416_3B_AnalyticMS_SR_8b_clip	pm5__20201105_20201124__0082	/scrfs/storage/yikebe/home/research/AR_Crop_Identification/make_dataset/raw_sentinel/pm5/pm5__20201105_20201124__0082	2020-11-19	616746.00000000,3814758.00000000,617514.00000000,3815526.00000000
train	006582	lower__20201119_165448_01_2416_3B_AnalyticMS_SR_8b_clip	pm5__20201105_20201124__0082	/scrfs/storage/yikebe/home/research/AR_Crop_Identification/make_dataset/raw_sentinel/pm5/pm5__20201105_20201124__0082	2020-11-19	629034.00000000,3811686.00000000,629802.00000000,3812454.00000000
train	006598	lower__20201119_165448_01_2416_3B_AnalyticMS_SR_8b_clip	pm5__20201105_20201124__0082	/scrfs/storage/yikebe/home/research/AR_Crop_Identification/make_dataset/raw_sentinel/pm5/pm5__20201105_20201124__0082	2020-11-19	629802.00000000,3811686.00000000,630570.00000000,3812454.00000000
train	006614	lower__20201119_165448_01_2416_3B_AnalyticMS_SR_8b_clip	pm5__20201105_20201124__0082	/scrfs/storage/yikebe/home/research/AR_Crop_Identification/make_dataset/raw_sentinel/pm5/pm5__20201105_20201124__0082	2020-11-19	629034.00000000,3810150.00000000,629802.00000000,3810918.00000000
train	006630	lower__20201119_165448_01_2416_3B_AnalyticMS_SR_8b_clip	pm5__20201105_20201124__0082	/scrfs/storage/yikebe/home/research/AR_Crop_Identification/make_dataset/raw_sentinel/pm5/pm5__20201105_20201124__0082	2020-11-19	629802.00000000,3810150.00000000,630570.00000000,3810918.00000000
train	006646	lower__20201119_165448_01_2416_3B_AnalyticMS_SR_8b_clip	pm5__20201105_20201124__0082	/scrfs/storage/yikebe/home/research/AR_Crop_Identification/make_dataset/raw_sentinel/pm5/pm5__20201105_20201124__0082	2020-11-19	629034.00000000,3809382.00000000,629802.00000000,3810150.00000000
train	006662	lower__20201119_165448_01_2416_3B_AnalyticMS_SR_8b_clip	pm5__20201105_20201124__0082	/scrfs/storage/yikebe/home/research/AR_Crop_Identification/make_dataset/raw_sentinel/pm5/pm5__20201105_20201124__0082	2020-11-19	629802.00000000,3809382.00000000,630570.00000000,3810150.00000000
train	006678	lower__20201119_165448_01_2416_3B_AnalyticMS_SR_8b_clip	pm5__20201105_20201124__0082	/scrfs/storage/yikebe/home/research/AR_Crop_Identification/make_dataset/raw_sentinel/pm5/pm5__20201105_20201124__0082	2020-11-19	628266.00000000,3808614.00000000,629034.00000000,3809382.00000000
train	006694	lower__20201119_165448_01_2416_3B_AnalyticMS_SR_8b_clip	pm5__20201105_20201124__0082	/scrfs/storage/yikebe/home/research/AR_Crop_Identification/make_dataset/raw_sentinel/pm5/pm5__20201105_20201124__0082	2020-11-19	629034.00000000,3808614.00000000,629802.00000000,3809382.00000000
train	006710	lower__20201119_165448_01_2416_3B_AnalyticMS_SR_8b_clip	pm5__20201105_20201124__0082	/scrfs/storage/yikebe/home/research/AR_Crop_Identification/make_dataset/raw_sentinel/pm5/pm5__20201105_20201124__0082	2020-11-19	632874.00000000,3808614.00000000,633642.00000000,3809382.00000000
train	006726	lower__20201119_165448_01_2416_3B_AnalyticMS_SR_8b_clip	pm5__20201105_20201124__0082	/scrfs/storage/yikebe/home/research/AR_Crop_Identification/make_dataset/raw_sentinel/pm5/pm5__20201105_20201124__0082	2020-11-19	644394.00000000,3808614.00000000,645162.00000000,3809382.00000000
train	006742	lower__20201119_165448_01_2416_3B_AnalyticMS_SR_8b_clip	pm5__20201105_20201124__0082	/scrfs/storage/yikebe/home/research/AR_Crop_Identification/make_dataset/raw_sentinel/pm5/pm5__20201105_20201124__0082	2020-11-19	635946.00000000,3807846.00000000,636714.00000000,3808614.00000000
train	006758	lower__20201119_165448_01_2416_3B_AnalyticMS_SR_8b_clip	pm5__20201105_20201124__0082	/scrfs/storage/yikebe/home/research/AR_Crop_Identification/make_dataset/raw_sentinel/pm5/pm5__20201105_20201124__0082	2020-11-19	639018.00000000,3807846.00000000,639786.00000000,3808614.00000000
train	006774	lower__20201119_165448_01_2416_3B_AnalyticMS_SR_8b_clip	pm5__20201105_20201124__0082	/scrfs/storage/yikebe/home/research/AR_Crop_Identification/make_dataset/raw_sentinel/pm5/pm5__20201105_20201124__0082	2020-11-19	644394.00000000,3807846.00000000,645162.00000000,3808614.00000000
train	006790	lower__20201119_165448_01_2416_3B_AnalyticMS_SR_8b_clip	pm5__20201105_20201124__0082	/scrfs/storage/yikebe/home/research/AR_Crop_Identification/make_dataset/raw_sentinel/pm5/pm5__20201105_20201124__0082	2020-11-19	612906.00000000,3807078.00000000,613674.00000000,3807846.00000000
train	006806	lower__20201119_165448_01_2416_3B_AnalyticMS_SR_8b_clip	pm5__20201105_20201124__0082	/scrfs/storage/yikebe/home/research/AR_Crop_Identification/make_dataset/raw_sentinel/pm5/pm5__20201105_20201124__0082	2020-11-19	635178.00000000,3807078.00000000,635946.00000000,3807846.00000000
train	006822	lower__20201119_165448_01_2416_3B_AnalyticMS_SR_8b_clip	pm5__20201105_20201124__0082	/scrfs/storage/yikebe/home/research/AR_Crop_Identification/make_dataset/raw_sentinel/pm5/pm5__20201105_20201124__0082	2020-11-19	635946.00000000,3807078.00000000,636714.00000000,3807846.00000000
train	006838	lower__20201119_165448_01_2416_3B_AnalyticMS_SR_8b_clip	pm5__20201105_20201124__0082	/scrfs/storage/yikebe/home/research/AR_Crop_Identification/make_dataset/raw_sentinel/pm5/pm5__20201105_20201124__0082	2020-11-19	643626.00000000,3807078.00000000,644394.00000000,3807846.00000000
train	006854	lower__20201119_165448_01_2416_3B_AnalyticMS_SR_8b_clip	pm5__20201105_20201124__0082	/scrfs/storage/yikebe/home/research/AR_Crop_Identification/make_dataset/raw_sentinel/pm5/pm5__20201105_20201124__0082	2020-11-19	644394.00000000,3807078.00000000,645162.00000000,3807846.00000000
train	006870	lower__20201119_165448_01_2416_3B_AnalyticMS_SR_8b_clip	pm5__20201105_20201124__0082	/scrfs/storage/yikebe/home/research/AR_Crop_Identification/make_dataset/raw_sentinel/pm5/pm5__20201105_20201124__0082	2020-11-19	622890.00000000,3806310.00000000,623658.00000000,3807078.00000000
train	006886	lower__20201119_165448_01_2416_3B_AnalyticMS_SR_8b_clip	pm5__20201105_20201124__0082	/scrfs/storage/yikebe/home/research/AR_Crop_Identification/make_dataset/raw_sentinel/pm5/pm5__20201105_20201124__0082	2020-11-19	623658.00000000,3806310.00000000,624426.00000000,3807078.00000000
train	006902	lower__20201119_165448_01_2416_3B_AnalyticMS_SR_8b_clip	pm5__20201105_20201124__0082	/scrfs/storage/yikebe/home/research/AR_Crop_Identification/make_dataset/raw_sentinel/pm5/pm5__20201105_20201124__0082	2020-11-19	635178.00000000,3806310.00000000,635946.00000000,3807078.00000000
train	006918	lower__20201119_165448_01_2416_3B_AnalyticMS_SR_8b_clip	pm5__20201105_20201124__0082	/scrfs/storage/yikebe/home/research/AR_Crop_Identification/make_dataset/raw_sentinel/pm5/pm5__20201105_20201124__0082	2020-11-19	636714.00000000,3806310.00000000,637482.00000000,3807078.00000000
train	006934	lower__20201119_165448_01_2416_3B_AnalyticMS_SR_8b_clip	pm5__20201105_20201124__0082	/scrfs/storage/yikebe/home/research/AR_Crop_Identification/make_dataset/raw_sentinel/pm5/pm5__20201105_20201124__0082	2020-11-19	638250.00000000,3806310.00000000,639018.00000000,3807078.00000000
train	006950	lower__20201119_165448_01_2416_3B_AnalyticMS_SR_8b_clip	pm5__20201105_20201124__0082	/scrfs/storage/yikebe/home/research/AR_Crop_Identification/make_dataset/raw_sentinel/pm5/pm5__20201105_20201124__0082	2020-11-19	642858.00000000,3806310.00000000,643626.00000000,3807078.00000000
train	006966	lower__20201119_165448_01_2416_3B_AnalyticMS_SR_8b_clip	pm5__20201105_20201124__0082	/scrfs/storage/yikebe/home/research/AR_Crop_Identification/make_dataset/raw_sentinel/pm5/pm5__20201105_20201124__0082	2020-11-19	645162.00000000,3806310.00000000,645930.00000000,3807078.00000000
train	006982	lower__20201119_165448_01_2416_3B_AnalyticMS_SR_8b_clip	pm5__20201105_20201124__0082	/scrfs/storage/yikebe/home/research/AR_Crop_Identification/make_dataset/raw_sentinel/pm5/pm5__20201105_20201124__0082	2020-11-19	612906.00000000,3805542.00000000,613674.00000000,3806310.00000000
train	006998	lower__20201119_165448_01_2416_3B_AnalyticMS_SR_8b_clip	pm5__20201105_20201124__0082	/scrfs/storage/yikebe/home/research/AR_Crop_Identification/make_dataset/raw_sentinel/pm5/pm5__20201105_20201124__0082	2020-11-19	636714.00000000,3805542.00000000,637482.00000000,3806310.00000000
train	007014	lower__20201119_165448_01_2416_3B_AnalyticMS_SR_8b_clip	pm5__20201105_20201124__0082	/scrfs/storage/yikebe/home/research/AR_Crop_Identification/make_dataset/raw_sentinel/pm5/pm5__20201105_20201124__0082	2020-11-19	638250.00000000,3805542.00000000,639018.00000000,3806310.00000000
train	007030	lower__20201119_165448_01_2416_3B_AnalyticMS_SR_8b_clip	pm5__20201105_20201124__0082	/scrfs/storage/yikebe/home/research/AR_Crop_Identification/make_dataset/raw_sentinel/pm5/pm5__20201105_20201124__0082	2020-11-19	645162.00000000,3805542.00000000,645930.00000000,3806310.00000000
train	007046	lower__20201119_165448_01_2416_3B_AnalyticMS_SR_8b_clip	pm5__20201105_20201124__0082	/scrfs/storage/yikebe/home/research/AR_Crop_Identification/make_dataset/raw_sentinel/pm5/pm5__20201105_20201124__0082	2020-11-19	638250.00000000,3798630.00000000,639018.00000000,3799398.00000000
train	007062	lower__20201119_165448_01_2416_3B_AnalyticMS_SR_8b_clip	pm5__20201105_20201124__0082	/scrfs/storage/yikebe/home/research/AR_Crop_Identification/make_dataset/raw_sentinel/pm5/pm5__20201105_20201124__0082	2020-11-19	639786.00000000,3797862.00000000,640554.00000000,3798630.00000000
train	007078	lower__20201119_165448_01_2416_3B_AnalyticMS_SR_8b_clip	pm5__20201105_20201124__0082	/scrfs/storage/yikebe/home/research/AR_Crop_Identification/make_dataset/raw_sentinel/pm5/pm5__20201105_20201124__0082	2020-11-19	612138.00000000,3797094.00000000,612906.00000000,3797862.00000000
train	007094	lower__20201119_165448_01_2416_3B_AnalyticMS_SR_8b_clip	pm5__20201105_20201124__0082	/scrfs/storage/yikebe/home/research/AR_Crop_Identification/make_dataset/raw_sentinel/pm5/pm5__20201105_20201124__0082	2020-11-19	615210.00000000,3797094.00000000,615978.00000000,3797862.00000000
train	007110	lower__20201119_165448_01_2416_3B_AnalyticMS_SR_8b_clip	pm5__20201105_20201124__0082	/scrfs/storage/yikebe/home/research/AR_Crop_Identification/make_dataset/raw_sentinel/pm5/pm5__20201105_20201124__0082	2020-11-19	638250.00000000,3797094.00000000,639018.00000000,3797862.00000000
train	007126	lower__20201119_165448_01_2416_3B_AnalyticMS_SR_8b_clip	pm5__20201105_20201124__0082	/scrfs/storage/yikebe/home/research/AR_Crop_Identification/make_dataset/raw_sentinel/pm5/pm5__20201105_20201124__0082	2020-11-19	640554.00000000,3797094.00000000,641322.00000000,3797862.00000000
train	007142	lower__20201119_165448_01_2416_3B_AnalyticMS_SR_8b_clip	pm5__20201105_20201124__0082	/scrfs/storage/yikebe/home/research/AR_Crop_Identification/make_dataset/raw_sentinel/pm5/pm5__20201105_20201124__0082	2020-11-19	642090.00000000,3796326.00000000,642858.00000000,3797094.00000000
train	007158	lower__20201119_165448_01_2416_3B_AnalyticMS_SR_8b_clip	pm5__20201105_20201124__0082	/scrfs/storage/yikebe/home/research/AR_Crop_Identification/make_dataset/raw_sentinel/pm5/pm5__20201105_20201124__0082	2020-11-19	642090.00000000,3795558.00000000,642858.00000000,3796326.00000000
train	007174	lower__20201119_165448_01_2416_3B_AnalyticMS_SR_8b_clip	pm5__20201105_20201124__0082	/scrfs/storage/yikebe/home/research/AR_Crop_Identification/make_dataset/raw_sentinel/pm5/pm5__20201105_20201124__0082	2020-11-19	609834.00000000,3794790.00000000,610602.00000000,3795558.00000000
train	007190	lower__20201119_165448_01_2416_3B_AnalyticMS_SR_8b_clip	pm5__20201105_20201124__0082	/scrfs/storage/yikebe/home/research/AR_Crop_Identification/make_dataset/raw_sentinel/pm5/pm5__20201105_20201124__0082	2020-11-19	610602.00000000,3794790.00000000,611370.00000000,3795558.00000000
train	007206	lower__20201119_165448_01_2416_3B_AnalyticMS_SR_8b_clip	pm5__20201105_20201124__0082	/scrfs/storage/yikebe/home/research/AR_Crop_Identification/make_dataset/raw_sentinel/pm5/pm5__20201105_20201124__0082	2020-11-19	611370.00000000,3794790.00000000,612138.00000000,3795558.00000000
train	007222	lower__20201119_165448_01_2416_3B_AnalyticMS_SR_8b_clip	pm5__20201105_20201124__0082	/scrfs/storage/yikebe/home/research/AR_Crop_Identification/make_dataset/raw_sentinel/pm5/pm5__20201105_20201124__0082	2020-11-19	612138.00000000,3794790.00000000,612906.00000000,3795558.00000000
train	007238	lower__20201119_165448_01_2416_3B_AnalyticMS_SR_8b_clip	pm5__20201105_20201124__0082	/scrfs/storage/yikebe/home/research/AR_Crop_Identification/make_dataset/raw_sentinel/pm5/pm5__20201105_20201124__0082	2020-11-19	612906.00000000,3794790.00000000,613674.00000000,3795558.00000000
train	007254	lower__20201119_165448_01_2416_3B_AnalyticMS_SR_8b_clip	pm5__20201105_20201124__0082	/scrfs/storage/yikebe/home/research/AR_Crop_Identification/make_dataset/raw_sentinel/pm5/pm5__20201105_20201124__0082	2020-11-19	635178.00000000,3794790.00000000,635946.00000000,3795558.00000000
train	007270	lower__20201119_165448_01_2416_3B_AnalyticMS_SR_8b_clip	pm5__20201105_20201124__0082	/scrfs/storage/yikebe/home/research/AR_Crop_Identification/make_dataset/raw_sentinel/pm5/pm5__20201105_20201124__0082	2020-11-19	639018.00000000,3792486.00000000,639786.00000000,3793254.00000000
train	007286	lower__20201119_165448_01_2416_3B_AnalyticMS_SR_8b_clip	pm5__20201105_20201124__0082	/scrfs/storage/yikebe/home/research/AR_Crop_Identification/make_dataset/raw_sentinel/pm5/pm5__20201105_20201124__0082	2020-11-19	639018.00000000,3791718.00000000,639786.00000000,3792486.00000000
train	007302	lower__20201119_165448_01_2416_3B_AnalyticMS_SR_8b_clip	pm5__20201105_20201124__0082	/scrfs/storage/yikebe/home/research/AR_Crop_Identification/make_dataset/raw_sentinel/pm5/pm5__20201105_20201124__0082	2020-11-19	631338.00000000,3790950.00000000,632106.00000000,3791718.00000000
train	007318	lower__20201119_165448_01_2416_3B_AnalyticMS_SR_8b_clip	pm5__20201105_20201124__0082	/scrfs/storage/yikebe/home/research/AR_Crop_Identification/make_dataset/raw_sentinel/pm5/pm5__20201105_20201124__0082	2020-11-19	637482.00000000,3789414.00000000,638250.00000000,3790182.00000000
train	007334	lower__20201119_165804_84_227a_3B_AnalyticMS_SR_8b_clip	pm5__20201105_20201124__0060	/scrfs/storage/yikebe/home/research/AR_Crop_Identification/make_dataset/raw_sentinel/pm5/pm5__20201105_20201124__0060	2020-11-19	582564.00000000,3822351.00000000,583332.00000000,3823119.00000000
train	007350	lower__20201119_165804_84_227a_3B_AnalyticMS_SR_8b_clip	pm5__20201105_20201124__0060	/scrfs/storage/yikebe/home/research/AR_Crop_Identification/make_dataset/raw_sentinel/pm5/pm5__20201105_20201124__0060	2020-11-19	583332.00000000,3822351.00000000,584100.00000000,3823119.00000000
train	007366	lower__20201119_165804_84_227a_3B_AnalyticMS_SR_8b_clip	pm5__20201105_20201124__0060	/scrfs/storage/yikebe/home/research/AR_Crop_Identification/make_dataset/raw_sentinel/pm5/pm5__20201105_20201124__0060	2020-11-19	584100.00000000,3822351.00000000,584868.00000000,3823119.00000000
train	007382	lower__20201119_165804_84_227a_3B_AnalyticMS_SR_8b_clip	pm5__20201105_20201124__0060	/scrfs/storage/yikebe/home/research/AR_Crop_Identification/make_dataset/raw_sentinel/pm5/pm5__20201105_20201124__0060	2020-11-19	582564.00000000,3821583.00000000,583332.00000000,3822351.00000000
train	007398	lower__20201119_165804_84_227a_3B_AnalyticMS_SR_8b_clip	pm5__20201105_20201124__0060	/scrfs/storage/yikebe/home/research/AR_Crop_Identification/make_dataset/raw_sentinel/pm5/pm5__20201105_20201124__0060	2020-11-19	583332.00000000,3821583.00000000,584100.00000000,3822351.00000000
train	007414	lower__20201119_165804_84_227a_3B_AnalyticMS_SR_8b_clip	pm5__20201105_20201124__0060	/scrfs/storage/yikebe/home/research/AR_Crop_Identification/make_dataset/raw_sentinel/pm5/pm5__20201105_20201124__0060	2020-11-19	584100.00000000,3821583.00000000,584868.00000000,3822351.00000000
train	007430	lower__20201119_165804_84_227a_3B_AnalyticMS_SR_8b_clip	pm5__20201105_20201124__0060	/scrfs/storage/yikebe/home/research/AR_Crop_Identification/make_dataset/raw_sentinel/pm5/pm5__20201105_20201124__0060	2020-11-19	582564.00000000,3820815.00000000,583332.00000000,3821583.00000000
train	007446	lower__20201119_165804_84_227a_3B_AnalyticMS_SR_8b_clip	pm5__20201105_20201124__0060	/scrfs/storage/yikebe/home/research/AR_Crop_Identification/make_dataset/raw_sentinel/pm5/pm5__20201105_20201124__0060	2020-11-19	583332.00000000,3820815.00000000,584100.00000000,3821583.00000000
train	007462	lower__20201119_165804_84_227a_3B_AnalyticMS_SR_8b_clip	pm5__20201105_20201124__0060	/scrfs/storage/yikebe/home/research/AR_Crop_Identification/make_dataset/raw_sentinel/pm5/pm5__20201105_20201124__0060	2020-11-19	591780.00000000,3818511.00000000,592548.00000000,3819279.00000000
train	007478	lower__20201119_165804_84_227a_3B_AnalyticMS_SR_8b_clip	pm5__20201105_20201124__0060	/scrfs/storage/yikebe/home/research/AR_Crop_Identification/make_dataset/raw_sentinel/pm5/pm5__20201105_20201124__0060	2020-11-19	597924.00000000,3818511.00000000,598692.00000000,3819279.00000000
train	007494	lower__20201119_165804_84_227a_3B_AnalyticMS_SR_8b_clip	pm5__20201105_20201124__0060	/scrfs/storage/yikebe/home/research/AR_Crop_Identification/make_dataset/raw_sentinel/pm5/pm5__20201105_20201124__0060	2020-11-19	597156.00000000,3816975.00000000,597924.00000000,3817743.00000000
train	007510	lower__20201119_165804_84_227a_3B_AnalyticMS_SR_8b_clip	pm5__20201105_20201124__0060	/scrfs/storage/yikebe/home/research/AR_Crop_Identification/make_dataset/raw_sentinel/pm5/pm5__20201105_20201124__0060	2020-11-19	597924.00000000,3816975.00000000,598692.00000000,3817743.00000000
train	007526	lower__20201119_165804_84_227a_3B_AnalyticMS_SR_8b_clip	pm5__20201105_20201124__0060	/scrfs/storage/yikebe/home/research/AR_Crop_Identification/make_dataset/raw_sentinel/pm5/pm5__20201105_20201124__0060	2020-11-19	604836.00000000,3816975.00000000,605604.00000000,3817743.00000000
train	007542	lower__20201119_165804_84_227a_3B_AnalyticMS_SR_8b_clip	pm5__20201105_20201124__0060	/scrfs/storage/yikebe/home/research/AR_Crop_Identification/make_dataset/raw_sentinel/pm5/pm5__20201105_20201124__0060	2020-11-19	585636.00000000,3816207.00000000,586404.00000000,3816975.00000000
train	007558	lower__20201119_165804_84_227a_3B_AnalyticMS_SR_8b_clip	pm5__20201105_20201124__0060	/scrfs/storage/yikebe/home/research/AR_Crop_Identification/make_dataset/raw_sentinel/pm5/pm5__20201105_20201124__0060	2020-11-19	604068.00000000,3816207.00000000,604836.00000000,3816975.00000000
train	007574	lower__20201119_165804_84_227a_3B_AnalyticMS_SR_8b_clip	pm5__20201105_20201124__0060	/scrfs/storage/yikebe/home/research/AR_Crop_Identification/make_dataset/raw_sentinel/pm5/pm5__20201105_20201124__0060	2020-11-19	610212.00000000,3816207.00000000,610980.00000000,3816975.00000000
train	007590	lower__20201119_165804_84_227a_3B_AnalyticMS_SR_8b_clip	pm5__20201105_20201124__0060	/scrfs/storage/yikebe/home/research/AR_Crop_Identification/make_dataset/raw_sentinel/pm5/pm5__20201105_20201124__0060	2020-11-19	603300.00000000,3815439.00000000,604068.00000000,3816207.00000000
train	007606	lower__20201119_165804_84_227a_3B_AnalyticMS_SR_8b_clip	pm5__20201105_20201124__0060	/scrfs/storage/yikebe/home/research/AR_Crop_Identification/make_dataset/raw_sentinel/pm5/pm5__20201105_20201124__0060	2020-11-19	607908.00000000,3814671.00000000,608676.00000000,3815439.00000000
train	007622	lower__20201119_165804_84_227a_3B_AnalyticMS_SR_8b_clip	pm5__20201105_20201124__0060	/scrfs/storage/yikebe/home/research/AR_Crop_Identification/make_dataset/raw_sentinel/pm5/pm5__20201105_20201124__0060	2020-11-19	602532.00000000,3813903.00000000,603300.00000000,3814671.00000000
train	007638	lower__20201119_165804_84_227a_3B_AnalyticMS_SR_8b_clip	pm5__20201105_20201124__0060	/scrfs/storage/yikebe/home/research/AR_Crop_Identification/make_dataset/raw_sentinel/pm5/pm5__20201105_20201124__0060	2020-11-19	607908.00000000,3813903.00000000,608676.00000000,3814671.00000000
train	007654	lower__20201119_165804_84_227a_3B_AnalyticMS_SR_8b_clip	pm5__20201105_20201124__0060	/scrfs/storage/yikebe/home/research/AR_Crop_Identification/make_dataset/raw_sentinel/pm5/pm5__20201105_20201124__0060	2020-11-19	608676.00000000,3813903.00000000,609444.00000000,3814671.00000000
train	007670	lower__20201119_165804_84_227a_3B_AnalyticMS_SR_8b_clip	pm5__20201105_20201124__0060	/scrfs/storage/yikebe/home/research/AR_Crop_Identification/make_dataset/raw_sentinel/pm5/pm5__20201105_20201124__0060	2020-11-19	598692.00000000,3813135.00000000,599460.00000000,3813903.00000000
train	007686	lower__20201119_165804_84_227a_3B_AnalyticMS_SR_8b_clip	pm5__20201105_20201124__0060	/scrfs/storage/yikebe/home/research/AR_Crop_Identification/make_dataset/raw_sentinel/pm5/pm5__20201105_20201124__0060	2020-11-19	586404.00000000,3811599.00000000,587172.00000000,3812367.00000000
train	007702	lower__20201119_165804_84_227a_3B_AnalyticMS_SR_8b_clip	pm5__20201105_20201124__0060	/scrfs/storage/yikebe/home/research/AR_Crop_Identification/make_dataset/raw_sentinel/pm5/pm5__20201105_20201124__0060	2020-11-19	587172.00000000,3811599.00000000,587940.00000000,3812367.00000000
train	007718	lower__20201119_165804_84_227a_3B_AnalyticMS_SR_8b_clip	pm5__20201105_20201124__0060	/scrfs/storage/yikebe/home/research/AR_Crop_Identification/make_dataset/raw_sentinel/pm5/pm5__20201105_20201124__0060	2020-11-19	587940.00000000,3811599.00000000,588708.00000000,3812367.00000000
train	007734	lower__20201119_165804_84_227a_3B_AnalyticMS_SR_8b_clip	pm5__20201105_20201124__0060	/scrfs/storage/yikebe/home/research/AR_Crop_Identification/make_dataset/raw_sentinel/pm5/pm5__20201105_20201124__0060	2020-11-19	601764.00000000,3811599.00000000,602532.00000000,3812367.00000000
train	007750	lower__20201119_165804_84_227a_3B_AnalyticMS_SR_8b_clip	pm5__20201105_20201124__0060	/scrfs/storage/yikebe/home/research/AR_Crop_Identification/make_dataset/raw_sentinel/pm5/pm5__20201105_20201124__0060	2020-11-19	586404.00000000,3810831.00000000,587172.00000000,3811599.00000000
train	007766	lower__20201119_165804_84_227a_3B_AnalyticMS_SR_8b_clip	pm5__20201105_20201124__0060	/scrfs/storage/yikebe/home/research/AR_Crop_Identification/make_dataset/raw_sentinel/pm5/pm5__20201105_20201124__0060	2020-11-19	587172.00000000,3810831.00000000,587940.00000000,3811599.00000000
train	007782	lower__20201119_165804_84_227a_3B_AnalyticMS_SR_8b_clip	pm5__20201105_20201124__0060	/scrfs/storage/yikebe/home/research/AR_Crop_Identification/make_dataset/raw_sentinel/pm5/pm5__20201105_20201124__0060	2020-11-19	587940.00000000,3810831.00000000,588708.00000000,3811599.00000000
train	007798	lower__20201119_165804_84_227a_3B_AnalyticMS_SR_8b_clip	pm5__20201105_20201124__0060	/scrfs/storage/yikebe/home/research/AR_Crop_Identification/make_dataset/raw_sentinel/pm5/pm5__20201105_20201124__0060	2020-11-19	587172.00000000,3810063.00000000,587940.00000000,3810831.00000000
train	007814	lower__20201119_165804_84_227a_3B_AnalyticMS_SR_8b_clip	pm5__20201105_20201124__0060	/scrfs/storage/yikebe/home/research/AR_Crop_Identification/make_dataset/raw_sentinel/pm5/pm5__20201105_20201124__0060	2020-11-19	587940.00000000,3810063.00000000,588708.00000000,3810831.00000000
