split	sample_id	scene_id	sentinel_request_id	sentinel_request_root	sentinel_date	planet_bounds
train	000012	lower__20200326_160123_90_2277_3B_AnalyticMS_SR_8b_clip	pm5__20200311_20200331__0002	/scrfs/storage/yikebe/home/research/AR_Crop_Identification/make_dataset/raw_sentinel/pm5/pm5__20200311_20200331__0002	2020-03-26	616179.00000000,3688485.00000000,616947.00000000,3689253.00000000
train	000028	lower__20200326_160123_90_2277_3B_AnalyticMS_SR_8b_clip	pm5__20200311_20200331__0002	/scrfs/storage/yikebe/home/research/AR_Crop_Identification/make_dataset/raw_sentinel/pm5/pm5__20200311_20200331__0002	2020-03-26	616947.00000000,3687717.00000000,617715.00000000,3688485.00000000
train	000044	lower__20200511_160004_21_2263_3B_AnalyticMS_SR_8b_clip	pm5__20200506_20200523__0006	/scrfs/storage/yikebe/home/research/AR_Crop_Identification/make_dataset/raw_sentinel/pm5/pm5__20200506_20200523__0006	2020-05-10	684462.00000000,3793563.00000000,685230.00000000,3794331.00000000
train	000060	lower__20200511_160004_21_2263_3B_AnalyticMS_SR_8b_clip	pm5__20200506_20200523__0006	/scrfs/storage/yikebe/home/research/AR_Crop_Identification/make_dataset/raw_sentinel/pm5/pm5__20200506_20200523__0006	2020-05-10	682926.00000000,3792795.00000000,683694.00000000,3793563.00000000
train	000076	lower__20200511_160004_21_2263_3B_AnalyticMS_SR_8b_clip	pm5__20200506_20200523__0006	/scrfs/storage/yikebe/home/research/AR_Crop_Identification/make_dataset/raw_sentinel/pm5/pm5__20200506_20200523__0006	2020-05-10	683694.00000000,3792795.00000000,684462.00000000,3793563.00000000
train	000092	lower__20200511_160004_21_2263_3B_AnalyticMS_SR_8b_clip	pm5__20200506_20200523__0006	/scrfs/storage/yikebe/home/research/AR_Crop_Identification/make_dataset/raw_sentinel/pm5/pm5__20200506_20200523__0006	2020-05-10	681390.00000000,3792027.00000000,682158.00000000,3792795.00000000
train	000108	lower__20200511_160004_21_2263_3B_AnalyticMS_SR_8b_clip	pm5__20200506_20200523__0006	/scrfs/storage/yikebe/home/research/AR_Crop_Identification/make_dataset/raw_sentinel/pm5/pm5__20200506_20200523__0006	2020-05-10	682926.00000000,3792027.00000000,683694.00000000,3792795.00000000
train	000124	lower__20200511_160004_21_2263_3B_AnalyticMS_SR_8b_clip	pm5__20200506_20200523__0006	/scrfs/storage/yikebe/home/research/AR_Crop_Identification/make_dataset/raw_sentinel/pm5/pm5__20200506_20200523__0006	2020-05-10	683694.00000000,3792027.00000000,684462.00000000,3792795.00000000
train	000140	lower__20200511_160004_21_2263_3B_AnalyticMS_SR_8b_clip	pm5__20200506_20200523__0006	/scrfs/storage/yikebe/home/research/AR_Crop_Identification/make_dataset/raw_sentinel/pm5/pm5__20200506_20200523__0006	2020-05-10	684462.00000000,3792027.00000000,685230.00000000,3792795.00000000
train	000156	lower__20200511_160004_21_2263_3B_AnalyticMS_SR_8b_clip	pm5__20200506_20200523__0006	/scrfs/storage/yikebe/home/research/AR_Crop_Identification/make_dataset/raw_sentinel/pm5/pm5__20200506_20200523__0006	2020-05-10	682158.00000000,3791259.00000000,682926.00000000,3792027.00000000
train	000172	lower__20200511_160004_21_2263_3B_AnalyticMS_SR_8b_clip	pm5__20200506_20200523__0006	/scrfs/storage/yikebe/home/research/AR_Crop_Identification/make_dataset/raw_sentinel/pm5/pm5__20200506_20200523__0006	2020-05-10	682926.00000000,3791259.00000000,683694.00000000,3792027.00000000
train	000188	lower__20200511_160004_21_2263_3B_AnalyticMS_SR_8b_clip	pm5__20200506_20200523__0006	/scrfs/storage/yikebe/home/research/AR_Crop_Identification/make_dataset/raw_sentinel/pm5/pm5__20200506_20200523__0006	2020-05-10	683694.00000000,3791259.00000000,684462.00000000,3792027.00000000
train	000204	lower__20200511_160004_21_2263_3B_AnalyticMS_SR_8b_clip	pm5__20200506_20200523__0006	/scrfs/storage/yikebe/home/research/AR_Crop_Identification/make_dataset/raw_sentinel/pm5/pm5__20200506_20200523__0006	2020-05-10	684462.00000000,3791259.00000000,685230.00000000,3792027.00000000
train	000220	lower__20200511_160004_21_2263_3B_AnalyticMS_SR_8b_clip	pm5__20200506_20200523__0006	/scrfs/storage/yikebe/home/research/AR_Crop_Identification/make_dataset/raw_sentinel/pm5/pm5__20200506_20200523__0006	2020-05-10	685230.00000000,3791259.00000000,685998.00000000,3792027.00000000
train	000236	lower__20200511_160004_21_2263_3B_AnalyticMS_SR_8b_clip	pm5__20200506_20200523__0006	/scrfs/storage/yikebe/home/research/AR_Crop_Identification/make_dataset/raw_sentinel/pm5/pm5__20200506_20200523__0006	2020-05-10	682158.00000000,3790491.00000000,682926.00000000,3791259.00000000
train	000252	lower__20200511_160004_21_2263_3B_AnalyticMS_SR_8b_clip	pm5__20200506_20200523__0006	/scrfs/storage/yikebe/home/research/AR_Crop_Identification/make_dataset/raw_sentinel/pm5/pm5__20200506_20200523__0006	2020-05-10	682926.00000000,3790491.00000000,683694.00000000,3791259.00000000
train	000268	lower__20200511_160004_21_2263_3B_AnalyticMS_SR_8b_clip	pm5__20200506_20200523__0006	/scrfs/storage/yikebe/home/research/AR_Crop_Identification/make_dataset/raw_sentinel/pm5/pm5__20200506_20200523__0006	2020-05-10	683694.00000000,3790491.00000000,684462.00000000,3791259.00000000
train	000284	lower__20200511_160004_21_2263_3B_AnalyticMS_SR_8b_clip	pm5__20200506_20200523__0006	/scrfs/storage/yikebe/home/research/AR_Crop_Identification/make_dataset/raw_sentinel/pm5/pm5__20200506_20200523__0006	2020-05-10	684462.00000000,3790491.00000000,685230.00000000,3791259.00000000
train	000300	lower__20200511_160004_21_2263_3B_AnalyticMS_SR_8b_clip	pm5__20200506_20200523__0006	/scrfs/storage/yikebe/home/research/AR_Crop_Identification/make_dataset/raw_sentinel/pm5/pm5__20200506_20200523__0006	2020-05-10	685230.00000000,3790491.00000000,685998.00000000,3791259.00000000
train	000316	lower__20200511_160004_21_2263_3B_AnalyticMS_SR_8b_clip	pm5__20200506_20200523__0006	/scrfs/storage/yikebe/home/research/AR_Crop_Identification/make_dataset/raw_sentinel/pm5/pm5__20200506_20200523__0006	2020-05-10	685998.00000000,3790491.00000000,686766.00000000,3791259.00000000
train	000332	lower__20200511_160004_21_2263_3B_AnalyticMS_SR_8b_clip	pm5__20200506_20200523__0006	/scrfs/storage/yikebe/home/research/AR_Crop_Identification/make_dataset/raw_sentinel/pm5/pm5__20200506_20200523__0006	2020-05-10	682158.00000000,3789723.00000000,682926.00000000,3790491.00000000
train	000348	lower__20200511_160004_21_2263_3B_AnalyticMS_SR_8b_clip	pm5__20200506_20200523__0006	/scrfs/storage/yikebe/home/research/AR_Crop_Identification/make_dataset/raw_sentinel/pm5/pm5__20200506_20200523__0006	2020-05-10	682926.00000000,3789723.00000000,683694.00000000,3790491.00000000
train	000364	lower__20200511_160004_21_2263_3B_AnalyticMS_SR_8b_clip	pm5__20200506_20200523__0006	/scrfs/storage/yikebe/home/research/AR_Crop_Identification/make_dataset/raw_sentinel/pm5/pm5__20200506_20200523__0006	2020-05-10	683694.00000000,3789723.00000000,684462.00000000,3790491.00000000
train	000380	lower__20200511_160004_21_2263_3B_AnalyticMS_SR_8b_clip	pm5__20200506_20200523__0006	/scrfs/storage/yikebe/home/research/AR_Crop_Identification/make_dataset/raw_sentinel/pm5/pm5__20200506_20200523__0006	2020-05-10	684462.00000000,3789723.00000000,685230.00000000,3790491.00000000
train	000396	lower__20200511_160004_21_2263_3B_AnalyticMS_SR_8b_clip	pm5__20200506_20200523__0006	/scrfs/storage/yikebe/home/research/AR_Crop_Identification/make_dataset/raw_sentinel/pm5/pm5__20200506_20200523__0006	2020-05-10	682158.00000000,3788955.00000000,682926.00000000,3789723.00000000
train	000412	lower__20200511_160004_21_2263_3B_AnalyticMS_SR_8b_clip	pm5__20200506_20200523__0006	/scrfs/storage/yikebe/home/research/AR_Crop_Identification/make_dataset/raw_sentinel/pm5/pm5__20200506_20200523__0006	2020-05-10	682926.00000000,3788955.00000000,683694.00000000,3789723.00000000
train	000428	lower__20200511_160004_21_2263_3B_AnalyticMS_SR_8b_clip	pm5__20200506_20200523__0006	/scrfs/storage/yikebe/home/research/AR_Crop_Identification/make_dataset/raw_sentinel/pm5/pm5__20200506_20200523__0006	2020-05-10	683694.00000000,3788955.00000000,684462.00000000,3789723.00000000
train	000444	lower__20200511_160004_21_2263_3B_AnalyticMS_SR_8b_clip	pm5__20200506_20200523__0006	/scrfs/storage/yikebe/home/research/AR_Crop_Identification/make_dataset/raw_sentinel/pm5/pm5__20200506_20200523__0006	2020-05-10	684462.00000000,3788955.00000000,685230.00000000,3789723.00000000
train	000460	lower__20200511_160004_21_2263_3B_AnalyticMS_SR_8b_clip	pm5__20200506_20200523__0006	/scrfs/storage/yikebe/home/research/AR_Crop_Identification/make_dataset/raw_sentinel/pm5/pm5__20200506_20200523__0006	2020-05-10	682158.00000000,3788187.00000000,682926.00000000,3788955.00000000
train	000476	lower__20200511_160004_21_2263_3B_AnalyticMS_SR_8b_clip	pm5__20200506_20200523__0006	/scrfs/storage/yikebe/home/research/AR_Crop_Identification/make_dataset/raw_sentinel/pm5/pm5__20200506_20200523__0006	2020-05-10	682926.00000000,3788187.00000000,683694.00000000,3788955.00000000
train	000492	lower__20200511_160004_21_2263_3B_AnalyticMS_SR_8b_clip	pm5__20200506_20200523__0006	/scrfs/storage/yikebe/home/research/AR_Crop_Identification/make_dataset/raw_sentinel/pm5/pm5__20200506_20200523__0006	2020-05-10	683694.00000000,3788187.00000000,684462.00000000,3788955.00000000
train	000508	lower__20200511_160004_21_2263_3B_AnalyticMS_SR_8b_clip	pm5__20200506_20200523__0006	/scrfs/storage/yikebe/home/research/AR_Crop_Identification/make_dataset/raw_sentinel/pm5/pm5__20200506_20200523__0006	2020-05-10	684462.00000000,3788187.00000000,685230.00000000,3788955.00000000
train	000524	lower__20200511_160004_21_2263_3B_AnalyticMS_SR_8b_clip	pm5__20200506_20200523__0006	/scrfs/storage/yikebe/home/research/AR_Crop_Identification/make_dataset/raw_sentinel/pm5/pm5__20200506_20200523__0006	2020-05-10	685230.00000000,3788187.00000000,685998.00000000,3788955.00000000
train	000540	lower__20200511_160004_21_2263_3B_AnalyticMS_SR_8b_clip	pm5__20200506_20200523__0006	/scrfs/storage/yikebe/home/research/AR_Crop_Identification/make_dataset/raw_sentinel/pm5/pm5__20200506_20200523__0006	2020-05-10	680622.00000000,3787419.00000000,681390.00000000,3788187.00000000
train	000556	lower__20200511_160004_21_2263_3B_AnalyticMS_SR_8b_clip	pm5__20200506_20200523__0006	/scrfs/storage/yikebe/home/research/AR_Crop_Identification/make_dataset/raw_sentinel/pm5/pm5__20200506_20200523__0006	2020-05-10	681390.00000000,3787419.00000000,682158.00000000,3788187.00000000
train	000572	lower__20200511_160004_21_2263_3B_AnalyticMS_SR_8b_clip	pm5__20200506_20200523__0006	/scrfs/storage/yikebe/home/research/AR_Crop_Identification/make_dataset/raw_sentinel/pm5/pm5__20200506_20200523__0006	2020-05-10	682158.00000000,3787419.00000000,682926.00000000,3788187.00000000
train	000588	lower__20200511_160004_21_2263_3B_AnalyticMS_SR_8b_clip	pm5__20200506_20200523__0006	/scrfs/storage/yikebe/home/research/AR_Crop_Identification/make_dataset/raw_sentinel/pm5/pm5__20200506_20200523__0006	2020-05-10	682926.00000000,3787419.00000000,683694.00000000,3788187.00000000
train	000604	lower__20200511_160004_21_2263_3B_AnalyticMS_SR_8b_clip	pm5__20200506_20200523__0006	/scrfs/storage/yikebe/home/research/AR_Crop_Identification/make_dataset/raw_sentinel/pm5/pm5__20200506_20200523__0006	2020-05-10	683694.00000000,3787419.00000000,684462.00000000,3788187.00000000
train	000620	lower__20200511_160004_21_2263_3B_AnalyticMS_SR_8b_clip	pm5__20200506_20200523__0006	/scrfs/storage/yikebe/home/research/AR_Crop_Identification/make_dataset/raw_sentinel/pm5/pm5__20200506_20200523__0006	2020-05-10	684462.00000000,3787419.00000000,685230.00000000,3788187.00000000
train	000636	lower__20200511_160004_21_2263_3B_AnalyticMS_SR_8b_clip	pm5__20200506_20200523__0006	/scrfs/storage/yikebe/home/research/AR_Crop_Identification/make_dataset/raw_sentinel/pm5/pm5__20200506_20200523__0006	2020-05-10	680622.00000000,3786651.00000000,681390.00000000,3787419.00000000
train	000652	lower__20200511_160004_21_2263_3B_AnalyticMS_SR_8b_clip	pm5__20200506_20200523__0006	/scrfs/storage/yikebe/home/research/AR_Crop_Identification/make_dataset/raw_sentinel/pm5/pm5__20200506_20200523__0006	2020-05-10	681390.00000000,3786651.00000000,682158.00000000,3787419.00000000
train	000668	lower__20200511_160004_21_2263_3B_AnalyticMS_SR_8b_clip	pm5__20200506_20200523__0006	/scrfs/storage/yikebe/home/research/AR_Crop_Identification/make_dataset/raw_sentinel/pm5/pm5__20200506_20200523__0006	2020-05-10	682158.00000000,3786651.00000000,682926.00000000,3787419.00000000
train	000684	lower__20200511_160004_21_2263_3B_AnalyticMS_SR_8b_clip	pm5__20200506_20200523__0006	/scrfs/storage/yikebe/home/research/AR_Crop_Identification/make_dataset/raw_sentinel/pm5/pm5__20200506_20200523__0006	2020-05-10	682926.00000000,3786651.00000000,683694.00000000,3787419.00000000
train	000700	lower__20200511_160004_21_2263_3B_AnalyticMS_SR_8b_clip	pm5__20200506_20200523__0006	/scrfs/storage/yikebe/home/research/AR_Crop_Identification/make_dataset/raw_sentinel/pm5/pm5__20200506_20200523__0006	2020-05-10	683694.00000000,3786651.00000000,684462.00000000,3787419.00000000
train	000716	lower__20200511_160004_21_2263_3B_AnalyticMS_SR_8b_clip	pm5__20200506_20200523__0006	/scrfs/storage/yikebe/home/research/AR_Crop_Identification/make_dataset/raw_sentinel/pm5/pm5__20200506_20200523__0006	2020-05-10	684462.00000000,3786651.00000000,685230.00000000,3787419.00000000
train	000732	lower__20200511_160004_21_2263_3B_AnalyticMS_SR_8b_clip	pm5__20200506_20200523__0006	/scrfs/storage/yikebe/home/research/AR_Crop_Identification/make_dataset/raw_sentinel/pm5/pm5__20200506_20200523__0006	2020-05-10	686766.00000000,3786651.00000000,687534.00000000,3787419.00000000
train	000748	lower__20200511_160004_21_2263_3B_AnalyticMS_SR_8b_clip	pm5__20200506_20200523__0006	/scrfs/storage/yikebe/home/research/AR_Crop_Identification/make_dataset/raw_sentinel/pm5/pm5__20200506_20200523__0006	2020-05-10	680622.00000000,3785883.00000000,681390.00000000,3786651.00000000
train	000764	lower__20200511_160004_21_2263_3B_AnalyticMS_SR_8b_clip	pm5__20200506_20200523__0006	/scrfs/storage/yikebe/home/research/AR_Crop_Identification/make_dataset/raw_sentinel/pm5/pm5__20200506_20200523__0006	2020-05-10	681390.00000000,3785883.00000000,682158.00000000,3786651.00000000
train	000780	lower__20200511_160004_21_2263_3B_AnalyticMS_SR_8b_clip	pm5__20200506_20200523__0006	/scrfs/storage/yikebe/home/research/AR_Crop_Identification/make_dataset/raw_sentinel/pm5/pm5__20200506_20200523__0006	2020-05-10	682158.00000000,3785883.00000000,682926.00000000,3786651.00000000
train	000796	lower__20200511_160004_21_2263_3B_AnalyticMS_SR_8b_clip	pm5__20200506_20200523__0006	/scrfs/storage/yikebe/home/research/AR_Crop_Identification/make_dataset/raw_sentinel/pm5/pm5__20200506_20200523__0006	2020-05-10	682926.00000000,3785883.00000000,683694.00000000,3786651.00000000
train	000812	lower__20200511_160004_21_2263_3B_AnalyticMS_SR_8b_clip	pm5__20200506_20200523__0006	/scrfs/storage/yikebe/home/research/AR_Crop_Identification/make_dataset/raw_sentinel/pm5/pm5__20200506_20200523__0006	2020-05-10	686766.00000000,3785883.00000000,687534.00000000,3786651.00000000
train	000828	lower__20200511_160004_21_2263_3B_AnalyticMS_SR_8b_clip	pm5__20200506_20200523__0006	/scrfs/storage/yikebe/home/research/AR_Crop_Identification/make_dataset/raw_sentinel/pm5/pm5__20200506_20200523__0006	2020-05-10	679854.00000000,3785115.00000000,680622.00000000,3785883.00000000
train	000844	lower__20200511_160004_21_2263_3B_AnalyticMS_SR_8b_clip	pm5__20200506_20200523__0006	/scrfs/storage/yikebe/home/research/AR_Crop_Identification/make_dataset/raw_sentinel/pm5/pm5__20200506_20200523__0006	2020-05-10	680622.00000000,3785115.00000000,681390.00000000,3785883.00000000
train	000860	lower__20200511_160004_21_2263_3B_AnalyticMS_SR_8b_clip	pm5__20200506_20200523__0006	/scrfs/storage/yikebe/home/research/AR_Crop_Identification/make_dataset/raw_sentinel/pm5/pm5__20200506_20200523__0006	2020-05-10	681390.00000000,3785115.00000000,682158.00000000,3785883.00000000
train	000876	lower__20200511_160004_21_2263_3B_AnalyticMS_SR_8b_clip	pm5__20200506_20200523__0006	/scrfs/storage/yikebe/home/research/AR_Crop_Identification/make_dataset/raw_sentinel/pm5/pm5__20200506_20200523__0006	2020-05-10	682158.00000000,3785115.00000000,682926.00000000,3785883.00000000
train	000892	lower__20200511_160004_21_2263_3B_AnalyticMS_SR_8b_clip	pm5__20200506_20200523__0006	/scrfs/storage/yikebe/home/research/AR_Crop_Identification/make_dataset/raw_sentinel/pm5/pm5__20200506_20200523__0006	2020-05-10	682926.00000000,3785115.00000000,683694.00000000,3785883.00000000
train	000908	lower__20200511_160004_21_2263_3B_AnalyticMS_SR_8b_clip	pm5__20200506_20200523__0006	/scrfs/storage/yikebe/home/research/AR_Crop_Identification/make_dataset/raw_sentinel/pm5/pm5__20200506_20200523__0006	2020-05-10	679854.00000000,3784347.00000000,680622.00000000,3785115.00000000
train	000924	lower__20200511_160004_21_2263_3B_AnalyticMS_SR_8b_clip	pm5__20200506_20200523__0006	/scrfs/storage/yikebe/home/research/AR_Crop_Identification/make_dataset/raw_sentinel/pm5/pm5__20200506_20200523__0006	2020-05-10	681390.00000000,3784347.00000000,682158.00000000,3785115.00000000
train	000940	lower__20200511_160004_21_2263_3B_AnalyticMS_SR_8b_clip	pm5__20200506_20200523__0006	/scrfs/storage/yikebe/home/research/AR_Crop_Identification/make_dataset/raw_sentinel/pm5/pm5__20200506_20200523__0006	2020-05-10	682158.00000000,3784347.00000000,682926.00000000,3785115.00000000
train	000956	lower__20200511_160004_21_2263_3B_AnalyticMS_SR_8b_clip	pm5__20200506_20200523__0006	/scrfs/storage/yikebe/home/research/AR_Crop_Identification/make_dataset/raw_sentinel/pm5/pm5__20200506_20200523__0006	2020-05-10	682926.00000000,3784347.00000000,683694.00000000,3785115.00000000
train	000972	lower__20200511_160004_21_2263_3B_AnalyticMS_SR_8b_clip	pm5__20200506_20200523__0006	/scrfs/storage/yikebe/home/research/AR_Crop_Identification/make_dataset/raw_sentinel/pm5/pm5__20200506_20200523__0006	2020-05-10	695214.00000000,3784347.00000000,695982.00000000,3785115.00000000
train	000988	lower__20200511_160004_21_2263_3B_AnalyticMS_SR_8b_clip	pm5__20200506_20200523__0006	/scrfs/storage/yikebe/home/research/AR_Crop_Identification/make_dataset/raw_sentinel/pm5/pm5__20200506_20200523__0006	2020-05-10	679854.00000000,3783579.00000000,680622.00000000,3784347.00000000
train	001004	lower__20200511_160004_21_2263_3B_AnalyticMS_SR_8b_clip	pm5__20200506_20200523__0006	/scrfs/storage/yikebe/home/research/AR_Crop_Identification/make_dataset/raw_sentinel/pm5/pm5__20200506_20200523__0006	2020-05-10	681390.00000000,3783579.00000000,682158.00000000,3784347.00000000
train	001020	lower__20200511_160004_21_2263_3B_AnalyticMS_SR_8b_clip	pm5__20200506_20200523__0006	/scrfs/storage/yikebe/home/research/AR_Crop_Identification/make_dataset/raw_sentinel/pm5/pm5__20200506_20200523__0006	2020-05-10	679854.00000000,3782811.00000000,680622.00000000,3783579.00000000
train	001036	lower__20200511_160004_21_2263_3B_AnalyticMS_SR_8b_clip	pm5__20200506_20200523__0006	/scrfs/storage/yikebe/home/research/AR_Crop_Identification/make_dataset/raw_sentinel/pm5/pm5__20200506_20200523__0006	2020-05-10	681390.00000000,3782811.00000000,682158.00000000,3783579.00000000
train	001052	lower__20200511_160004_21_2263_3B_AnalyticMS_SR_8b_clip	pm5__20200506_20200523__0006	/scrfs/storage/yikebe/home/research/AR_Crop_Identification/make_dataset/raw_sentinel/pm5/pm5__20200506_20200523__0006	2020-05-10	684462.00000000,3782811.00000000,685230.00000000,3783579.00000000
train	001068	lower__20200511_160004_21_2263_3B_AnalyticMS_SR_8b_clip	pm5__20200506_20200523__0006	/scrfs/storage/yikebe/home/research/AR_Crop_Identification/make_dataset/raw_sentinel/pm5/pm5__20200506_20200523__0006	2020-05-10	687534.00000000,3782811.00000000,688302.00000000,3783579.00000000
train	001084	lower__20200511_160004_21_2263_3B_AnalyticMS_SR_8b_clip	pm5__20200506_20200523__0006	/scrfs/storage/yikebe/home/research/AR_Crop_Identification/make_dataset/raw_sentinel/pm5/pm5__20200506_20200523__0006	2020-05-10	692910.00000000,3782811.00000000,693678.00000000,3783579.00000000
train	001100	lower__20200511_160004_21_2263_3B_AnalyticMS_SR_8b_clip	pm5__20200506_20200523__0006	/scrfs/storage/yikebe/home/research/AR_Crop_Identification/make_dataset/raw_sentinel/pm5/pm5__20200506_20200523__0006	2020-05-10	679854.00000000,3782043.00000000,680622.00000000,3782811.00000000
train	001116	lower__20200511_160004_21_2263_3B_AnalyticMS_SR_8b_clip	pm5__20200506_20200523__0006	/scrfs/storage/yikebe/home/research/AR_Crop_Identification/make_dataset/raw_sentinel/pm5/pm5__20200506_20200523__0006	2020-05-10	681390.00000000,3782043.00000000,682158.00000000,3782811.00000000
train	001132	lower__20200511_160004_21_2263_3B_AnalyticMS_SR_8b_clip	pm5__20200506_20200523__0006	/scrfs/storage/yikebe/home/research/AR_Crop_Identification/make_dataset/raw_sentinel/pm5/pm5__20200506_20200523__0006	2020-05-10	680622.00000000,3781275.00000000,681390.00000000,3782043.00000000
train	001148	lower__20200511_160004_21_2263_3B_AnalyticMS_SR_8b_clip	pm5__20200506_20200523__0006	/scrfs/storage/yikebe/home/research/AR_Crop_Identification/make_dataset/raw_sentinel/pm5/pm5__20200506_20200523__0006	2020-05-10	681390.00000000,3781275.00000000,682158.00000000,3782043.00000000
train	001164	lower__20200511_160004_21_2263_3B_AnalyticMS_SR_8b_clip	pm5__20200506_20200523__0006	/scrfs/storage/yikebe/home/research/AR_Crop_Identification/make_dataset/raw_sentinel/pm5/pm5__20200506_20200523__0006	2020-05-10	680622.00000000,3780507.00000000,681390.00000000,3781275.00000000
train	001180	lower__20200511_160004_21_2263_3B_AnalyticMS_SR_8b_clip	pm5__20200506_20200523__0006	/scrfs/storage/yikebe/home/research/AR_Crop_Identification/make_dataset/raw_sentinel/pm5/pm5__20200506_20200523__0006	2020-05-10	682158.00000000,3780507.00000000,682926.00000000,3781275.00000000
train	001196	lower__20200511_160004_21_2263_3B_AnalyticMS_SR_8b_clip	pm5__20200506_20200523__0006	/scrfs/storage/yikebe/home/research/AR_Crop_Identification/make_dataset/raw_sentinel/pm5/pm5__20200506_20200523__0006	2020-05-10	683694.00000000,3780507.00000000,684462.00000000,3781275.00000000
train	001212	lower__20200511_160004_21_2263_3B_AnalyticMS_SR_8b_clip	pm5__20200506_20200523__0006	/scrfs/storage/yikebe/home/research/AR_Crop_Identification/make_dataset/raw_sentinel/pm5/pm5__20200506_20200523__0006	2020-05-10	679854.00000000,3777435.00000000,680622.00000000,3778203.00000000
train	001228	lower__20200511_160004_21_2263_3B_AnalyticMS_SR_8b_clip	pm5__20200506_20200523__0006	/scrfs/storage/yikebe/home/research/AR_Crop_Identification/make_dataset/raw_sentinel/pm5/pm5__20200506_20200523__0006	2020-05-10	679854.00000000,3776667.00000000,680622.00000000,3777435.00000000
train	001244	lower__20200511_160004_21_2263_3B_AnalyticMS_SR_8b_clip	pm5__20200506_20200523__0006	/scrfs/storage/yikebe/home/research/AR_Crop_Identification/make_dataset/raw_sentinel/pm5/pm5__20200506_20200523__0006	2020-05-10	682158.00000000,3776667.00000000,682926.00000000,3777435.00000000
train	001260	lower__20200511_160004_21_2263_3B_AnalyticMS_SR_8b_clip	pm5__20200506_20200523__0006	/scrfs/storage/yikebe/home/research/AR_Crop_Identification/make_dataset/raw_sentinel/pm5/pm5__20200506_20200523__0006	2020-05-10	689070.00000000,3776667.00000000,689838.00000000,3777435.00000000
train	001276	lower__20200511_160004_21_2263_3B_AnalyticMS_SR_8b_clip	pm5__20200506_20200523__0006	/scrfs/storage/yikebe/home/research/AR_Crop_Identification/make_dataset/raw_sentinel/pm5/pm5__20200506_20200523__0006	2020-05-10	702126.00000000,3776667.00000000,702894.00000000,3777435.00000000
train	001292	lower__20200511_160004_21_2263_3B_AnalyticMS_SR_8b_clip	pm5__20200506_20200523__0006	/scrfs/storage/yikebe/home/research/AR_Crop_Identification/make_dataset/raw_sentinel/pm5/pm5__20200506_20200523__0006	2020-05-10	702894.00000000,3776667.00000000,703662.00000000,3777435.00000000
train	001308	lower__20200511_160004_21_2263_3B_AnalyticMS_SR_8b_clip	pm5__20200506_20200523__0006	/scrfs/storage/yikebe/home/research/AR_Crop_Identification/make_dataset/raw_sentinel/pm5/pm5__20200506_20200523__0006	2020-05-10	679086.00000000,3775899.00000000,679854.00000000,3776667.00000000
train	001324	lower__20200511_160004_21_2263_3B_AnalyticMS_SR_8b_clip	pm5__20200506_20200523__0006	/scrfs/storage/yikebe/home/research/AR_Crop_Identification/make_dataset/raw_sentinel/pm5/pm5__20200506_20200523__0006	2020-05-10	679854.00000000,3775899.00000000,680622.00000000,3776667.00000000
train	001340	lower__20200511_160004_21_2263_3B_AnalyticMS_SR_8b_clip	pm5__20200506_20200523__0006	/scrfs/storage/yikebe/home/research/AR_Crop_Identification/make_dataset/raw_sentinel/pm5/pm5__20200506_20200523__0006	2020-05-10	680622.00000000,3775899.00000000,681390.00000000,3776667.00000000
train	001356	lower__20200511_160004_21_2263_3B_AnalyticMS_SR_8b_clip	pm5__20200506_20200523__0006	/scrfs/storage/yikebe/home/research/AR_Crop_Identification/make_dataset/raw_sentinel/pm5/pm5__20200506_20200523__0006	2020-05-10	682158.00000000,3775899.00000000,682926.00000000,3776667.00000000
train	001372	lower__20200511_160004_21_2263_3B_AnalyticMS_SR_8b_clip	pm5__20200506_20200523__0006	/scrfs/storage/yikebe/home/research/AR_Crop_Identification/make_dataset/raw_sentinel/pm5/pm5__20200506_20200523__0006	2020-05-10	687534.00000000,3775899.00000000,688302.00000000,3776667.00000000
train	001388	lower__20200511_160004_21_2263_3B_AnalyticMS_SR_8b_clip	pm5__20200506_20200523__0006	/scrfs/storage/yikebe/home/research/AR_Crop_Identification/make_dataset/raw_sentinel/pm5/pm5__20200506_20200523__0006	2020-05-10	689070.00000000,3775899.00000000,689838.00000000,3776667.00000000
train	001404	lower__20200511_160004_21_2263_3B_AnalyticMS_SR_8b_clip	pm5__20200506_20200523__0006	/scrfs/storage/yikebe/home/research/AR_Crop_Identification/make_dataset/raw_sentinel/pm5/pm5__20200506_20200523__0006	2020-05-10	679854.00000000,3775131.00000000,680622.00000000,3775899.00000000
train	001420	lower__20200511_160004_21_2263_3B_AnalyticMS_SR_8b_clip	pm5__20200506_20200523__0006	/scrfs/storage/yikebe/home/research/AR_Crop_Identification/make_dataset/raw_sentinel/pm5/pm5__20200506_20200523__0006	2020-05-10	681390.00000000,3775131.00000000,682158.00000000,3775899.00000000
train	001436	lower__20200511_160004_21_2263_3B_AnalyticMS_SR_8b_clip	pm5__20200506_20200523__0006	/scrfs/storage/yikebe/home/research/AR_Crop_Identification/make_dataset/raw_sentinel/pm5/pm5__20200506_20200523__0006	2020-05-10	682158.00000000,3775131.00000000,682926.00000000,3775899.00000000
train	001452	lower__20200511_160004_21_2263_3B_AnalyticMS_SR_8b_clip	pm5__20200506_20200523__0006	/scrfs/storage/yikebe/home/research/AR_Crop_Identification/make_dataset/raw_sentinel/pm5/pm5__20200506_20200523__0006	2020-05-10	682926.00000000,3775131.00000000,683694.00000000,3775899.00000000
train	001468	lower__20200511_160004_21_2263_3B_AnalyticMS_SR_8b_clip	pm5__20200506_20200523__0006	/scrfs/storage/yikebe/home/research/AR_Crop_Identification/make_dataset/raw_sentinel/pm5/pm5__20200506_20200523__0006	2020-05-10	683694.00000000,3775131.00000000,684462.00000000,3775899.00000000
train	001484	lower__20200511_160004_21_2263_3B_AnalyticMS_SR_8b_clip	pm5__20200506_20200523__0006	/scrfs/storage/yikebe/home/research/AR_Crop_Identification/make_dataset/raw_sentinel/pm5/pm5__20200506_20200523__0006	2020-05-10	700590.00000000,3775131.00000000,701358.00000000,3775899.00000000
train	001500	lower__20200511_160004_21_2263_3B_AnalyticMS_SR_8b_clip	pm5__20200506_20200523__0006	/scrfs/storage/yikebe/home/research/AR_Crop_Identification/make_dataset/raw_sentinel/pm5/pm5__20200506_20200523__0006	2020-05-10	682158.00000000,3774363.00000000,682926.00000000,3775131.00000000
train	001516	lower__20200511_160004_21_2263_3B_AnalyticMS_SR_8b_clip	pm5__20200506_20200523__0006	/scrfs/storage/yikebe/home/research/AR_Crop_Identification/make_dataset/raw_sentinel/pm5/pm5__20200506_20200523__0006	2020-05-10	682926.00000000,3774363.00000000,683694.00000000,3775131.00000000
train	001532	lower__20200511_160004_21_2263_3B_AnalyticMS_SR_8b_clip	pm5__20200506_20200523__0006	/scrfs/storage/yikebe/home/research/AR_Crop_Identification/make_dataset/raw_sentinel/pm5/pm5__20200506_20200523__0006	2020-05-10	685998.00000000,3774363.00000000,686766.00000000,3775131.00000000
train	001548	lower__20200511_160004_21_2263_3B_AnalyticMS_SR_8b_clip	pm5__20200506_20200523__0006	/scrfs/storage/yikebe/home/research/AR_Crop_Identification/make_dataset/raw_sentinel/pm5/pm5__20200506_20200523__0006	2020-05-10	700590.00000000,3774363.00000000,701358.00000000,3775131.00000000
train	001564	lower__20200511_160004_21_2263_3B_AnalyticMS_SR_8b_clip	pm5__20200506_20200523__0006	/scrfs/storage/yikebe/home/research/AR_Crop_Identification/make_dataset/raw_sentinel/pm5/pm5__20200506_20200523__0006	2020-05-10	702126.00000000,3774363.00000000,702894.00000000,3775131.00000000
train	001580	lower__20200511_160004_21_2263_3B_AnalyticMS_SR_8b_clip	pm5__20200506_20200523__0006	/scrfs/storage/yikebe/home/research/AR_Crop_Identification/make_dataset/raw_sentinel/pm5/pm5__20200506_20200523__0006	2020-05-10	682926.00000000,3773595.00000000,683694.00000000,3774363.00000000
train	001596	lower__20200511_160004_21_2263_3B_AnalyticMS_SR_8b_clip	pm5__20200506_20200523__0006	/scrfs/storage/yikebe/home/research/AR_Crop_Identification/make_dataset/raw_sentinel/pm5/pm5__20200506_20200523__0006	2020-05-10	686766.00000000,3773595.00000000,687534.00000000,3774363.00000000
train	001612	lower__20200511_160004_21_2263_3B_AnalyticMS_SR_8b_clip	pm5__20200506_20200523__0006	/scrfs/storage/yikebe/home/research/AR_Crop_Identification/make_dataset/raw_sentinel/pm5/pm5__20200506_20200523__0006	2020-05-10	700590.00000000,3773595.00000000,701358.00000000,3774363.00000000
train	001628	lower__20200511_160004_21_2263_3B_AnalyticMS_SR_8b_clip	pm5__20200506_20200523__0006	/scrfs/storage/yikebe/home/research/AR_Crop_Identification/make_dataset/raw_sentinel/pm5/pm5__20200506_20200523__0006	2020-05-10	712110.00000000,3773595.00000000,712878.00000000,3774363.00000000
train	001644	lower__20200713_160205_87_2259_3B_AnalyticMS_SR_8b_clip	pm5__20200705_20200723__0016	/scrfs/storage/yikebe/home/research/AR_Crop_Identification/make_dataset/raw_sentinel/pm5/pm5__20200705_20200723__0016	2020-07-14	681084.00000000,3741216.00000000,681852.00000000,3741984.00000000
train	001660	lower__20200713_160205_87_2259_3B_AnalyticMS_SR_8b_clip	pm5__20200705_20200723__0016	/scrfs/storage/yikebe/home/research/AR_Crop_Identification/make_dataset/raw_sentinel/pm5/pm5__20200705_20200723__0016	2020-07-14	668796.00000000,3730464.00000000,669564.00000000,3731232.00000000
train	001676	lower__20200910_155900_24_220b_3B_AnalyticMS_SR_8b_clip	pm5__20200905_20200924__0025	/scrfs/storage/yikebe/home/research/AR_Crop_Identification/make_dataset/raw_sentinel/pm5/pm5__20200905_20200924__0025	2020-09-07	711576.00000000,3719676.00000000,712344.00000000,3720444.00000000
train	001692	lower__20200910_155900_24_220b_3B_AnalyticMS_SR_8b_clip	pm5__20200905_20200924__0025	/scrfs/storage/yikebe/home/research/AR_Crop_Identification/make_dataset/raw_sentinel/pm5/pm5__20200905_20200924__0025	2020-09-07	712344.00000000,3719676.00000000,713112.00000000,3720444.00000000
train	001708	lower__20200910_155900_24_220b_3B_AnalyticMS_SR_8b_clip	pm5__20200905_20200924__0025	/scrfs/storage/yikebe/home/research/AR_Crop_Identification/make_dataset/raw_sentinel/pm5/pm5__20200905_20200924__0025	2020-09-07	717720.00000000,3719676.00000000,718488.00000000,3720444.00000000
train	001724	lower__20200910_155900_24_220b_3B_AnalyticMS_SR_8b_clip	pm5__20200905_20200924__0025	/scrfs/storage/yikebe/home/research/AR_Crop_Identification/make_dataset/raw_sentinel/pm5/pm5__20200905_20200924__0025	2020-09-07	731544.00000000,3716604.00000000,732312.00000000,3717372.00000000
train	001740	lower__20200910_155900_24_220b_3B_AnalyticMS_SR_8b_clip	pm5__20200905_20200924__0025	/scrfs/storage/yikebe/home/research/AR_Crop_Identification/make_dataset/raw_sentinel/pm5/pm5__20200905_20200924__0025	2020-09-07	730776.00000000,3715836.00000000,731544.00000000,3716604.00000000
train	001756	lower__20200910_155900_24_220b_3B_AnalyticMS_SR_8b_clip	pm5__20200905_20200924__0025	/scrfs/storage/yikebe/home/research/AR_Crop_Identification/make_dataset/raw_sentinel/pm5/pm5__20200905_20200924__0025	2020-09-07	720024.00000000,3715068.00000000,720792.00000000,3715836.00000000
train	001772	lower__20200910_155900_24_220b_3B_AnalyticMS_SR_8b_clip	pm5__20200905_20200924__0025	/scrfs/storage/yikebe/home/research/AR_Crop_Identification/make_dataset/raw_sentinel/pm5/pm5__20200905_20200924__0025	2020-09-07	712344.00000000,3714300.00000000,713112.00000000,3715068.00000000
train	001788	lower__20200910_155900_24_220b_3B_AnalyticMS_SR_8b_clip	pm5__20200905_20200924__0025	/scrfs/storage/yikebe/home/research/AR_Crop_Identification/make_dataset/raw_sentinel/pm5/pm5__20200905_20200924__0025	2020-09-07	714648.00000000,3714300.00000000,715416.00000000,3715068.00000000
train	001804	lower__20200910_155900_24_220b_3B_AnalyticMS_SR_8b_clip	pm5__20200905_20200924__0025	/scrfs/storage/yikebe/home/research/AR_Crop_Identification/make_dataset/raw_sentinel/pm5/pm5__20200905_20200924__0025	2020-09-07	720792.00000000,3713532.00000000,721560.00000000,3714300.00000000
train	001820	lower__20200910_155900_24_220b_3B_AnalyticMS_SR_8b_clip	pm5__20200905_20200924__0025	/scrfs/storage/yikebe/home/research/AR_Crop_Identification/make_dataset/raw_sentinel/pm5/pm5__20200905_20200924__0025	2020-09-07	712344.00000000,3711996.00000000,713112.00000000,3712764.00000000
train	001836	lower__20200910_155900_24_220b_3B_AnalyticMS_SR_8b_clip	pm5__20200905_20200924__0025	/scrfs/storage/yikebe/home/research/AR_Crop_Identification/make_dataset/raw_sentinel/pm5/pm5__20200905_20200924__0025	2020-09-07	711576.00000000,3711228.00000000,712344.00000000,3711996.00000000
train	001852	lower__20200910_155900_24_220b_3B_AnalyticMS_SR_8b_clip	pm5__20200905_20200924__0025	/scrfs/storage/yikebe/home/research/AR_Crop_Identification/make_dataset/raw_sentinel/pm5/pm5__20200905_20200924__0025	2020-09-07	712344.00000000,3711228.00000000,713112.00000000,3711996.00000000
train	001868	lower__20200910_155900_24_220b_3B_AnalyticMS_SR_8b_clip	pm5__20200905_20200924__0025	/scrfs/storage/yikebe/home/research/AR_Crop_Identification/make_dataset/raw_sentinel/pm5/pm5__20200905_20200924__0025	2020-09-07	707736.00000000,3710460.00000000,708504.00000000,3711228.00000000
train	001884	lower__20200910_155900_24_220b_3B_AnalyticMS_SR_8b_clip	pm5__20200905_20200924__0025	/scrfs/storage/yikebe/home/research/AR_Crop_Identification/make_dataset/raw_sentinel/pm5/pm5__20200905_20200924__0025	2020-09-07	713112.00000000,3710460.00000000,713880.00000000,3711228.00000000
train	001900	lower__20200910_155900_24_220b_3B_AnalyticMS_SR_8b_clip	pm5__20200905_20200924__0025	/scrfs/storage/yikebe/home/research/AR_Crop_Identification/make_dataset/raw_sentinel/pm5/pm5__20200905_20200924__0025	2020-09-07	720792.00000000,3710460.00000000,721560.00000000,3711228.00000000
train	001916	lower__20200910_155900_24_220b_3B_AnalyticMS_SR_8b_clip	pm5__20200905_20200924__0025	/scrfs/storage/yikebe/home/research/AR_Crop_Identification/make_dataset/raw_sentinel/pm5/pm5__20200905_20200924__0025	2020-09-07	704664.00000000,3709692.00000000,705432.00000000,3710460.00000000
train	001932	lower__20200910_155900_24_220b_3B_AnalyticMS_SR_8b_clip	pm5__20200905_20200924__0025	/scrfs/storage/yikebe/home/research/AR_Crop_Identification/make_dataset/raw_sentinel/pm5/pm5__20200905_20200924__0025	2020-09-07	713112.00000000,3709692.00000000,713880.00000000,3710460.00000000
train	001948	lower__20200910_155900_24_220b_3B_AnalyticMS_SR_8b_clip	pm5__20200905_20200924__0025	/scrfs/storage/yikebe/home/research/AR_Crop_Identification/make_dataset/raw_sentinel/pm5/pm5__20200905_20200924__0025	2020-09-07	713880.00000000,3709692.00000000,714648.00000000,3710460.00000000
train	001964	lower__20200910_155900_24_220b_3B_AnalyticMS_SR_8b_clip	pm5__20200905_20200924__0025	/scrfs/storage/yikebe/home/research/AR_Crop_Identification/make_dataset/raw_sentinel/pm5/pm5__20200905_20200924__0025	2020-09-07	726168.00000000,3709692.00000000,726936.00000000,3710460.00000000
train	001980	lower__20200910_155900_24_220b_3B_AnalyticMS_SR_8b_clip	pm5__20200905_20200924__0025	/scrfs/storage/yikebe/home/research/AR_Crop_Identification/make_dataset/raw_sentinel/pm5/pm5__20200905_20200924__0025	2020-09-07	713880.00000000,3708924.00000000,714648.00000000,3709692.00000000
train	001996	lower__20200910_155900_24_220b_3B_AnalyticMS_SR_8b_clip	pm5__20200905_20200924__0025	/scrfs/storage/yikebe/home/research/AR_Crop_Identification/make_dataset/raw_sentinel/pm5/pm5__20200905_20200924__0025	2020-09-07	727704.00000000,3708924.00000000,728472.00000000,3709692.00000000
train	002012	lower__20200910_155900_24_220b_3B_AnalyticMS_SR_8b_clip	pm5__20200905_20200924__0025	/scrfs/storage/yikebe/home/research/AR_Crop_Identification/make_dataset/raw_sentinel/pm5/pm5__20200905_20200924__0025	2020-09-07	707736.00000000,3708156.00000000,708504.00000000,3708924.00000000
train	002028	lower__20200910_155900_24_220b_3B_AnalyticMS_SR_8b_clip	pm5__20200905_20200924__0025	/scrfs/storage/yikebe/home/research/AR_Crop_Identification/make_dataset/raw_sentinel/pm5/pm5__20200905_20200924__0025	2020-09-07	713112.00000000,3708156.00000000,713880.00000000,3708924.00000000
train	002044	lower__20200910_155900_24_220b_3B_AnalyticMS_SR_8b_clip	pm5__20200905_20200924__0025	/scrfs/storage/yikebe/home/research/AR_Crop_Identification/make_dataset/raw_sentinel/pm5/pm5__20200905_20200924__0025	2020-09-07	713112.00000000,3707388.00000000,713880.00000000,3708156.00000000
train	002060	lower__20200910_155900_24_220b_3B_AnalyticMS_SR_8b_clip	pm5__20200905_20200924__0025	/scrfs/storage/yikebe/home/research/AR_Crop_Identification/make_dataset/raw_sentinel/pm5/pm5__20200905_20200924__0025	2020-09-07	713112.00000000,3706620.00000000,713880.00000000,3707388.00000000
train	002076	lower__20200910_155900_24_220b_3B_AnalyticMS_SR_8b_clip	pm5__20200905_20200924__0025	/scrfs/storage/yikebe/home/research/AR_Crop_Identification/make_dataset/raw_sentinel/pm5/pm5__20200905_20200924__0025	2020-09-07	716952.00000000,3706620.00000000,717720.00000000,3707388.00000000
train	002092	lower__20200910_155900_24_220b_3B_AnalyticMS_SR_8b_clip	pm5__20200905_20200924__0025	/scrfs/storage/yikebe/home/research/AR_Crop_Identification/make_dataset/raw_sentinel/pm5/pm5__20200905_20200924__0025	2020-09-07	717720.00000000,3706620.00000000,718488.00000000,3707388.00000000
train	002108	lower__20200910_155900_24_220b_3B_AnalyticMS_SR_8b_clip	pm5__20200905_20200924__0025	/scrfs/storage/yikebe/home/research/AR_Crop_Identification/make_dataset/raw_sentinel/pm5/pm5__20200905_20200924__0025	2020-09-07	703896.00000000,3705852.00000000,704664.00000000,3706620.00000000
train	002124	lower__20200910_155900_24_220b_3B_AnalyticMS_SR_8b_clip	pm5__20200905_20200924__0025	/scrfs/storage/yikebe/home/research/AR_Crop_Identification/make_dataset/raw_sentinel/pm5/pm5__20200905_20200924__0025	2020-09-07	711576.00000000,3704316.00000000,712344.00000000,3705084.00000000
train	002140	lower__20200910_155900_24_220b_3B_AnalyticMS_SR_8b_clip	pm5__20200905_20200924__0025	/scrfs/storage/yikebe/home/research/AR_Crop_Identification/make_dataset/raw_sentinel/pm5/pm5__20200905_20200924__0025	2020-09-07	712344.00000000,3704316.00000000,713112.00000000,3705084.00000000
train	002156	lower__20200910_155900_24_220b_3B_AnalyticMS_SR_8b_clip	pm5__20200905_20200924__0025	/scrfs/storage/yikebe/home/research/AR_Crop_Identification/make_dataset/raw_sentinel/pm5/pm5__20200905_20200924__0025	2020-09-07	713112.00000000,3704316.00000000,713880.00000000,3705084.00000000
train	002172	lower__20200910_155900_24_220b_3B_AnalyticMS_SR_8b_clip	pm5__20200905_20200924__0025	/scrfs/storage/yikebe/home/research/AR_Crop_Identification/make_dataset/raw_sentinel/pm5/pm5__20200905_20200924__0025	2020-09-07	713112.00000000,3703548.00000000,713880.00000000,3704316.00000000
train	002188	lower__20200910_155900_24_220b_3B_AnalyticMS_SR_8b_clip	pm5__20200905_20200924__0025	/scrfs/storage/yikebe/home/research/AR_Crop_Identification/make_dataset/raw_sentinel/pm5/pm5__20200905_20200924__0025	2020-09-07	713880.00000000,3703548.00000000,714648.00000000,3704316.00000000
train	002204	lower__20200910_155900_24_220b_3B_AnalyticMS_SR_8b_clip	pm5__20200905_20200924__0025	/scrfs/storage/yikebe/home/research/AR_Crop_Identification/make_dataset/raw_sentinel/pm5/pm5__20200905_20200924__0025	2020-09-07	704664.00000000,3702780.00000000,705432.00000000,3703548.00000000
train	002220	lower__20200910_155900_24_220b_3B_AnalyticMS_SR_8b_clip	pm5__20200905_20200924__0025	/scrfs/storage/yikebe/home/research/AR_Crop_Identification/make_dataset/raw_sentinel/pm5/pm5__20200905_20200924__0025	2020-09-07	713112.00000000,3702012.00000000,713880.00000000,3702780.00000000
train	002236	lower__20200910_155900_24_220b_3B_AnalyticMS_SR_8b_clip	pm5__20200905_20200924__0025	/scrfs/storage/yikebe/home/research/AR_Crop_Identification/make_dataset/raw_sentinel/pm5/pm5__20200905_20200924__0025	2020-09-07	714648.00000000,3702012.00000000,715416.00000000,3702780.00000000
train	002252	lower__20200910_155900_24_220b_3B_AnalyticMS_SR_8b_clip	pm5__20200905_20200924__0025	/scrfs/storage/yikebe/home/research/AR_Crop_Identification/make_dataset/raw_sentinel/pm5/pm5__20200905_20200924__0025	2020-09-07	715416.00000000,3702012.00000000,716184.00000000,3702780.00000000
train	002268	lower__20200910_155900_24_220b_3B_AnalyticMS_SR_8b_clip	pm5__20200905_20200924__0025	/scrfs/storage/yikebe/home/research/AR_Crop_Identification/make_dataset/raw_sentinel/pm5/pm5__20200905_20200924__0025	2020-09-07	716184.00000000,3702012.00000000,716952.00000000,3702780.00000000
train	002284	lower__20200910_155900_24_220b_3B_AnalyticMS_SR_8b_clip	pm5__20200905_20200924__0025	/scrfs/storage/yikebe/home/research/AR_Crop_Identification/make_dataset/raw_sentinel/pm5/pm5__20200905_20200924__0025	2020-09-07	726168.00000000,3702012.00000000,726936.00000000,3702780.00000000
train	002300	lower__20200910_155900_24_220b_3B_AnalyticMS_SR_8b_clip	pm5__20200905_20200924__0025	/scrfs/storage/yikebe/home/research/AR_Crop_Identification/make_dataset/raw_sentinel/pm5/pm5__20200905_20200924__0025	2020-09-07	725400.00000000,3701244.00000000,726168.00000000,3702012.00000000
train	002316	lower__20200910_160146_11_222c_3B_AnalyticMS_SR_8b_clip	pm5__20200905_20200924__0033	/scrfs/storage/yikebe/home/research/AR_Crop_Identification/make_dataset/raw_sentinel/pm5/pm5__20200905_20200924__0033	2020-09-07	639756.00000000,3668607.00000000,640524.00000000,3669375.00000000
train	002332	lower__20200910_160146_11_222c_3B_AnalyticMS_SR_8b_clip	pm5__20200905_20200924__0033	/scrfs/storage/yikebe/home/research/AR_Crop_Identification/make_dataset/raw_sentinel/pm5/pm5__20200905_20200924__0033	2020-09-07	640524.00000000,3666303.00000000,641292.00000000,3667071.00000000
train	002348	lower__20200910_160146_11_222c_3B_AnalyticMS_SR_8b_clip	pm5__20200905_20200924__0033	/scrfs/storage/yikebe/home/research/AR_Crop_Identification/make_dataset/raw_sentinel/pm5/pm5__20200905_20200924__0033	2020-09-07	640524.00000000,3664767.00000000,641292.00000000,3665535.00000000
train	002364	lower__20200910_160146_11_222c_3B_AnalyticMS_SR_8b_clip	pm5__20200905_20200924__0033	/scrfs/storage/yikebe/home/research/AR_Crop_Identification/make_dataset/raw_sentinel/pm5/pm5__20200905_20200924__0033	2020-09-07	642060.00000000,3663231.00000000,642828.00000000,3663999.00000000
train	002380	lower__20200910_160146_11_222c_3B_AnalyticMS_SR_8b_clip	pm5__20200905_20200924__0033	/scrfs/storage/yikebe/home/research/AR_Crop_Identification/make_dataset/raw_sentinel/pm5/pm5__20200905_20200924__0033	2020-09-07	639756.00000000,3662463.00000000,640524.00000000,3663231.00000000
train	002396	lower__20200910_160146_11_222c_3B_AnalyticMS_SR_8b_clip	pm5__20200905_20200924__0033	/scrfs/storage/yikebe/home/research/AR_Crop_Identification/make_dataset/raw_sentinel/pm5/pm5__20200905_20200924__0033	2020-09-07	642060.00000000,3662463.00000000,642828.00000000,3663231.00000000
train	002412	lower__20200910_160146_11_222c_3B_AnalyticMS_SR_8b_clip	pm5__20200905_20200924__0033	/scrfs/storage/yikebe/home/research/AR_Crop_Identification/make_dataset/raw_sentinel/pm5/pm5__20200905_20200924__0033	2020-09-07	650508.00000000,3661695.00000000,651276.00000000,3662463.00000000
train	002428	lower__20200910_160146_11_222c_3B_AnalyticMS_SR_8b_clip	pm5__20200905_20200924__0033	/scrfs/storage/yikebe/home/research/AR_Crop_Identification/make_dataset/raw_sentinel/pm5/pm5__20200905_20200924__0033	2020-09-07	638220.00000000,3656319.00000000,638988.00000000,3657087.00000000
train	002444	lower__20200911_160730_95_2277_3B_AnalyticMS_SR_8b_clip	pm5__20200905_20200924__0034	/scrfs/storage/yikebe/home/research/AR_Crop_Identification/make_dataset/raw_sentinel/pm5/pm5__20200905_20200924__0034	2020-09-10	600093.00000000,3801582.00000000,600861.00000000,3802350.00000000
train	002460	lower__20200911_160730_95_2277_3B_AnalyticMS_SR_8b_clip	pm5__20200905_20200924__0034	/scrfs/storage/yikebe/home/research/AR_Crop_Identification/make_dataset/raw_sentinel/pm5/pm5__20200905_20200924__0034	2020-09-10	600093.00000000,3800814.00000000,600861.00000000,3801582.00000000
train	002476	lower__20200911_160730_95_2277_3B_AnalyticMS_SR_8b_clip	pm5__20200905_20200924__0034	/scrfs/storage/yikebe/home/research/AR_Crop_Identification/make_dataset/raw_sentinel/pm5/pm5__20200905_20200924__0034	2020-09-10	608541.00000000,3799278.00000000,609309.00000000,3800046.00000000
train	002492	lower__20200911_160730_95_2277_3B_AnalyticMS_SR_8b_clip	pm5__20200905_20200924__0034	/scrfs/storage/yikebe/home/research/AR_Crop_Identification/make_dataset/raw_sentinel/pm5/pm5__20200905_20200924__0034	2020-09-10	609309.00000000,3799278.00000000,610077.00000000,3800046.00000000
train	002508	lower__20200911_160730_95_2277_3B_AnalyticMS_SR_8b_clip	pm5__20200905_20200924__0034	/scrfs/storage/yikebe/home/research/AR_Crop_Identification/make_dataset/raw_sentinel/pm5/pm5__20200905_20200924__0034	2020-09-10	609309.00000000,3796974.00000000,610077.00000000,3797742.00000000
train	002524	lower__20200911_160730_95_2277_3B_AnalyticMS_SR_8b_clip	pm5__20200905_20200924__0034	/scrfs/storage/yikebe/home/research/AR_Crop_Identification/make_dataset/raw_sentinel/pm5/pm5__20200905_20200924__0034	2020-09-10	603165.00000000,3796206.00000000,603933.00000000,3796974.00000000
train	002540	lower__20200911_160730_95_2277_3B_AnalyticMS_SR_8b_clip	pm5__20200905_20200924__0034	/scrfs/storage/yikebe/home/research/AR_Crop_Identification/make_dataset/raw_sentinel/pm5/pm5__20200905_20200924__0034	2020-09-10	604701.00000000,3796206.00000000,605469.00000000,3796974.00000000
train	002556	lower__20200911_160730_95_2277_3B_AnalyticMS_SR_8b_clip	pm5__20200905_20200924__0034	/scrfs/storage/yikebe/home/research/AR_Crop_Identification/make_dataset/raw_sentinel/pm5/pm5__20200905_20200924__0034	2020-09-10	612381.00000000,3796206.00000000,613149.00000000,3796974.00000000
train	002572	lower__20200911_160730_95_2277_3B_AnalyticMS_SR_8b_clip	pm5__20200905_20200924__0034	/scrfs/storage/yikebe/home/research/AR_Crop_Identification/make_dataset/raw_sentinel/pm5/pm5__20200905_20200924__0034	2020-09-10	602397.00000000,3795438.00000000,603165.00000000,3796206.00000000
train	002588	lower__20200911_160730_95_2277_3B_AnalyticMS_SR_8b_clip	pm5__20200905_20200924__0034	/scrfs/storage/yikebe/home/research/AR_Crop_Identification/make_dataset/raw_sentinel/pm5/pm5__20200905_20200924__0034	2020-09-10	603165.00000000,3795438.00000000,603933.00000000,3796206.00000000
train	002604	lower__20200911_160730_95_2277_3B_AnalyticMS_SR_8b_clip	pm5__20200905_20200924__0034	/scrfs/storage/yikebe/home/research/AR_Crop_Identification/make_dataset/raw_sentinel/pm5/pm5__20200905_20200924__0034	2020-09-10	609309.00000000,3795438.00000000,610077.00000000,3796206.00000000
train	002620	lower__20200911_160730_95_2277_3B_AnalyticMS_SR_8b_clip	pm5__20200905_20200924__0034	/scrfs/storage/yikebe/home/research/AR_Crop_Identification/make_dataset/raw_sentinel/pm5/pm5__20200905_20200924__0034	2020-09-10	611613.00000000,3794670.00000000,612381.00000000,3795438.00000000
train	002636	lower__20200911_160730_95_2277_3B_AnalyticMS_SR_8b_clip	pm5__20200905_20200924__0034	/scrfs/storage/yikebe/home/research/AR_Crop_Identification/make_dataset/raw_sentinel/pm5/pm5__20200905_20200924__0034	2020-09-10	612381.00000000,3794670.00000000,613149.00000000,3795438.00000000
train	002652	lower__20200911_160730_95_2277_3B_AnalyticMS_SR_8b_clip	pm5__20200905_20200924__0034	/scrfs/storage/yikebe/home/research/AR_Crop_Identification/make_dataset/raw_sentinel/pm5/pm5__20200905_20200924__0034	2020-09-10	610845.00000000,3792366.00000000,611613.00000000,3793134.00000000
train	002668	lower__20200911_160730_95_2277_3B_AnalyticMS_SR_8b_clip	pm5__20200905_20200924__0034	/scrfs/storage/yikebe/home/research/AR_Crop_Identification/make_dataset/raw_sentinel/pm5/pm5__20200905_20200924__0034	2020-09-10	617757.00000000,3790830.00000000,618525.00000000,3791598.00000000
train	002684	lower__20200911_160730_95_2277_3B_AnalyticMS_SR_8b_clip	pm5__20200905_20200924__0034	/scrfs/storage/yikebe/home/research/AR_Crop_Identification/make_dataset/raw_sentinel/pm5/pm5__20200905_20200924__0034	2020-09-10	606237.00000000,3788526.00000000,607005.00000000,3789294.00000000
train	002700	lower__20200911_160730_95_2277_3B_AnalyticMS_SR_8b_clip	pm5__20200905_20200924__0034	/scrfs/storage/yikebe/home/research/AR_Crop_Identification/make_dataset/raw_sentinel/pm5/pm5__20200905_20200924__0034	2020-09-10	607005.00000000,3788526.00000000,607773.00000000,3789294.00000000
train	002716	lower__20200911_160730_95_2277_3B_AnalyticMS_SR_8b_clip	pm5__20200905_20200924__0034	/scrfs/storage/yikebe/home/research/AR_Crop_Identification/make_dataset/raw_sentinel/pm5/pm5__20200905_20200924__0034	2020-09-10	607773.00000000,3788526.00000000,608541.00000000,3789294.00000000
train	002732	lower__20200911_160730_95_2277_3B_AnalyticMS_SR_8b_clip	pm5__20200905_20200924__0034	/scrfs/storage/yikebe/home/research/AR_Crop_Identification/make_dataset/raw_sentinel/pm5/pm5__20200905_20200924__0034	2020-09-10	617757.00000000,3788526.00000000,618525.00000000,3789294.00000000
train	002748	lower__20200911_160730_95_2277_3B_AnalyticMS_SR_8b_clip	pm5__20200905_20200924__0034	/scrfs/storage/yikebe/home/research/AR_Crop_Identification/make_dataset/raw_sentinel/pm5/pm5__20200905_20200924__0034	2020-09-10	618525.00000000,3788526.00000000,619293.00000000,3789294.00000000
train	002764	lower__20200911_160730_95_2277_3B_AnalyticMS_SR_8b_clip	pm5__20200905_20200924__0034	/scrfs/storage/yikebe/home/research/AR_Crop_Identification/make_dataset/raw_sentinel/pm5/pm5__20200905_20200924__0034	2020-09-10	619293.00000000,3788526.00000000,620061.00000000,3789294.00000000
train	002780	lower__20200911_160730_95_2277_3B_AnalyticMS_SR_8b_clip	pm5__20200905_20200924__0034	/scrfs/storage/yikebe/home/research/AR_Crop_Identification/make_dataset/raw_sentinel/pm5/pm5__20200905_20200924__0034	2020-09-10	620061.00000000,3788526.00000000,620829.00000000,3789294.00000000
train	002796	lower__20200911_160730_95_2277_3B_AnalyticMS_SR_8b_clip	pm5__20200905_20200924__0034	/scrfs/storage/yikebe/home/research/AR_Crop_Identification/make_dataset/raw_sentinel/pm5/pm5__20200905_20200924__0034	2020-09-10	620829.00000000,3788526.00000000,621597.00000000,3789294.00000000
train	002812	lower__20200911_160730_95_2277_3B_AnalyticMS_SR_8b_clip	pm5__20200905_20200924__0034	/scrfs/storage/yikebe/home/research/AR_Crop_Identification/make_dataset/raw_sentinel/pm5/pm5__20200905_20200924__0034	2020-09-10	607005.00000000,3787758.00000000,607773.00000000,3788526.00000000
train	002828	lower__20200911_160730_95_2277_3B_AnalyticMS_SR_8b_clip	pm5__20200905_20200924__0034	/scrfs/storage/yikebe/home/research/AR_Crop_Identification/make_dataset/raw_sentinel/pm5/pm5__20200905_20200924__0034	2020-09-10	607773.00000000,3787758.00000000,608541.00000000,3788526.00000000
train	002844	lower__20200911_160730_95_2277_3B_AnalyticMS_SR_8b_clip	pm5__20200905_20200924__0034	/scrfs/storage/yikebe/home/research/AR_Crop_Identification/make_dataset/raw_sentinel/pm5/pm5__20200905_20200924__0034	2020-09-10	620061.00000000,3787758.00000000,620829.00000000,3788526.00000000
train	002860	lower__20200911_160730_95_2277_3B_AnalyticMS_SR_8b_clip	pm5__20200905_20200924__0034	/scrfs/storage/yikebe/home/research/AR_Crop_Identification/make_dataset/raw_sentinel/pm5/pm5__20200905_20200924__0034	2020-09-10	617757.00000000,3785454.00000000,618525.00000000,3786222.00000000
train	002876	lower__20200911_160730_95_2277_3B_AnalyticMS_SR_8b_clip	pm5__20200905_20200924__0034	/scrfs/storage/yikebe/home/research/AR_Crop_Identification/make_dataset/raw_sentinel/pm5/pm5__20200905_20200924__0034	2020-09-10	617757.00000000,3784686.00000000,618525.00000000,3785454.00000000
train	002892	lower__20200911_160730_95_2277_3B_AnalyticMS_SR_8b_clip	pm5__20200905_20200924__0034	/scrfs/storage/yikebe/home/research/AR_Crop_Identification/make_dataset/raw_sentinel/pm5/pm5__20200905_20200924__0034	2020-09-10	618525.00000000,3784686.00000000,619293.00000000,3785454.00000000
train	002908	lower__20200911_160730_95_2277_3B_AnalyticMS_SR_8b_clip	pm5__20200905_20200924__0034	/scrfs/storage/yikebe/home/research/AR_Crop_Identification/make_dataset/raw_sentinel/pm5/pm5__20200905_20200924__0034	2020-09-10	620829.00000000,3783150.00000000,621597.00000000,3783918.00000000
train	002924	lower__20200911_160730_95_2277_3B_AnalyticMS_SR_8b_clip	pm5__20200905_20200924__0034	/scrfs/storage/yikebe/home/research/AR_Crop_Identification/make_dataset/raw_sentinel/pm5/pm5__20200905_20200924__0034	2020-09-10	621597.00000000,3783150.00000000,622365.00000000,3783918.00000000
train	002940	lower__20200911_160730_95_2277_3B_AnalyticMS_SR_8b_clip	pm5__20200905_20200924__0034	/scrfs/storage/yikebe/home/research/AR_Crop_Identification/make_dataset/raw_sentinel/pm5/pm5__20200905_20200924__0034	2020-09-10	603933.00000000,3781614.00000000,604701.00000000,3782382.00000000
train	002956	lower__20200911_160730_95_2277_3B_AnalyticMS_SR_8b_clip	pm5__20200905_20200924__0034	/scrfs/storage/yikebe/home/research/AR_Crop_Identification/make_dataset/raw_sentinel/pm5/pm5__20200905_20200924__0034	2020-09-10	611613.00000000,3781614.00000000,612381.00000000,3782382.00000000
train	002972	lower__20200911_160730_95_2277_3B_AnalyticMS_SR_8b_clip	pm5__20200905_20200924__0034	/scrfs/storage/yikebe/home/research/AR_Crop_Identification/make_dataset/raw_sentinel/pm5/pm5__20200905_20200924__0034	2020-09-10	604701.00000000,3780846.00000000,605469.00000000,3781614.00000000
train	002988	lower__20200914_165215_96_2419_3B_AnalyticMS_SR_8b_clip	pm5__20200905_20200924__0026	/scrfs/storage/yikebe/home/research/AR_Crop_Identification/make_dataset/raw_sentinel/pm5/pm5__20200905_20200924__0026	2020-09-12	718596.00000000,3709383.00000000,719364.00000000,3710151.00000000
train	003004	lower__20201111_161236_90_2441_3B_AnalyticMS_SR_8b_clip	pm5__20201105_20201124__0056	/scrfs/storage/yikebe/home/research/AR_Crop_Identification/make_dataset/raw_sentinel/pm5/pm5__20201105_20201124__0056	2020-11-09	583305.00000000,3836571.00000000,584073.00000000,3837339.00000000
train	003020	lower__20201111_161236_90_2441_3B_AnalyticMS_SR_8b_clip	pm5__20201105_20201124__0056	/scrfs/storage/yikebe/home/research/AR_Crop_Identification/make_dataset/raw_sentinel/pm5/pm5__20201105_20201124__0056	2020-11-09	586377.00000000,3832731.00000000,587145.00000000,3833499.00000000
train	003036	lower__20201111_165331_52_2401_3B_AnalyticMS_SR_8b_clip	pm5__20201105_20201124__0119	/scrfs/storage/yikebe/home/research/AR_Crop_Identification/make_dataset/raw_sentinel/pm5/pm5__20201105_20201124__0119	2020-11-11	723153.00000000,3743076.00000000,723921.00000000,3743844.00000000
train	003052	lower__20201111_165331_52_2401_3B_AnalyticMS_SR_8b_clip	pm5__20201105_20201124__0119	/scrfs/storage/yikebe/home/research/AR_Crop_Identification/make_dataset/raw_sentinel/pm5/pm5__20201105_20201124__0119	2020-11-11	703185.00000000,3742308.00000000,703953.00000000,3743076.00000000
train	003068	lower__20201111_165331_52_2401_3B_AnalyticMS_SR_8b_clip	pm5__20201105_20201124__0119	/scrfs/storage/yikebe/home/research/AR_Crop_Identification/make_dataset/raw_sentinel/pm5/pm5__20201105_20201124__0119	2020-11-11	714705.00000000,3741540.00000000,715473.00000000,3742308.00000000
train	003084	lower__20201111_165331_52_2401_3B_AnalyticMS_SR_8b_clip	pm5__20201105_20201124__0119	/scrfs/storage/yikebe/home/research/AR_Crop_Identification/make_dataset/raw_sentinel/pm5/pm5__20201105_20201124__0119	2020-11-11	715473.00000000,3741540.00000000,716241.00000000,3742308.00000000
train	003100	lower__20201111_165331_52_2401_3B_AnalyticMS_SR_8b_clip	pm5__20201105_20201124__0119	/scrfs/storage/yikebe/home/research/AR_Crop_Identification/make_dataset/raw_sentinel/pm5/pm5__20201105_20201124__0119	2020-11-11	704721.00000000,3740004.00000000,705489.00000000,3740772.00000000
train	003116	lower__20201111_165331_52_2401_3B_AnalyticMS_SR_8b_clip	pm5__20201105_20201124__0119	/scrfs/storage/yikebe/home/research/AR_Crop_Identification/make_dataset/raw_sentinel/pm5/pm5__20201105_20201124__0119	2020-11-11	705489.00000000,3740004.00000000,706257.00000000,3740772.00000000
train	003132	lower__20201111_165331_52_2401_3B_AnalyticMS_SR_8b_clip	pm5__20201105_20201124__0119	/scrfs/storage/yikebe/home/research/AR_Crop_Identification/make_dataset/raw_sentinel/pm5/pm5__20201105_20201124__0119	2020-11-11	734673.00000000,3738468.00000000,735441.00000000,3739236.00000000
train	003148	lower__20201111_165331_52_2401_3B_AnalyticMS_SR_8b_clip	pm5__20201105_20201124__0119	/scrfs/storage/yikebe/home/research/AR_Crop_Identification/make_dataset/raw_sentinel/pm5/pm5__20201105_20201124__0119	2020-11-11	704721.00000000,3736932.00000000,705489.00000000,3737700.00000000
train	003164	lower__20201111_165331_52_2401_3B_AnalyticMS_SR_8b_clip	pm5__20201105_20201124__0119	/scrfs/storage/yikebe/home/research/AR_Crop_Identification/make_dataset/raw_sentinel/pm5/pm5__20201105_20201124__0119	2020-11-11	702417.00000000,3735396.00000000,703185.00000000,3736164.00000000
train	003180	lower__20201111_165331_52_2401_3B_AnalyticMS_SR_8b_clip	pm5__20201105_20201124__0119	/scrfs/storage/yikebe/home/research/AR_Crop_Identification/make_dataset/raw_sentinel/pm5/pm5__20201105_20201124__0119	2020-11-11	703185.00000000,3735396.00000000,703953.00000000,3736164.00000000
train	003196	lower__20201111_165331_52_2401_3B_AnalyticMS_SR_8b_clip	pm5__20201105_20201124__0119	/scrfs/storage/yikebe/home/research/AR_Crop_Identification/make_dataset/raw_sentinel/pm5/pm5__20201105_20201124__0119	2020-11-11	734673.00000000,3734628.00000000,735441.00000000,3735396.00000000
train	003212	lower__20201111_165331_52_2401_3B_AnalyticMS_SR_8b_clip	pm5__20201105_20201124__0119	/scrfs/storage/yikebe/home/research/AR_Crop_Identification/make_dataset/raw_sentinel/pm5/pm5__20201105_20201124__0119	2020-11-11	735441.00000000,3734628.00000000,736209.00000000,3735396.00000000
train	003228	lower__20201111_165331_52_2401_3B_AnalyticMS_SR_8b_clip	pm5__20201105_20201124__0119	/scrfs/storage/yikebe/home/research/AR_Crop_Identification/make_dataset/raw_sentinel/pm5/pm5__20201105_20201124__0119	2020-11-11	736209.00000000,3734628.00000000,736977.00000000,3735396.00000000
train	003244	lower__20201111_165331_52_2401_3B_AnalyticMS_SR_8b_clip	pm5__20201105_20201124__0119	/scrfs/storage/yikebe/home/research/AR_Crop_Identification/make_dataset/raw_sentinel/pm5/pm5__20201105_20201124__0119	2020-11-11	701649.00000000,3733860.00000000,702417.00000000,3734628.00000000
train	003260	lower__20201111_165331_52_2401_3B_AnalyticMS_SR_8b_clip	pm5__20201105_20201124__0119	/scrfs/storage/yikebe/home/research/AR_Crop_Identification/make_dataset/raw_sentinel/pm5/pm5__20201105_20201124__0119	2020-11-11	701649.00000000,3733092.00000000,702417.00000000,3733860.00000000
train	003276	lower__20201111_165331_52_2401_3B_AnalyticMS_SR_8b_clip	pm5__20201105_20201124__0119	/scrfs/storage/yikebe/home/research/AR_Crop_Identification/make_dataset/raw_sentinel/pm5/pm5__20201105_20201124__0119	2020-11-11	732369.00000000,3733092.00000000,733137.00000000,3733860.00000000
train	003292	lower__20201111_165331_52_2401_3B_AnalyticMS_SR_8b_clip	pm5__20201105_20201124__0119	/scrfs/storage/yikebe/home/research/AR_Crop_Identification/make_dataset/raw_sentinel/pm5/pm5__20201105_20201124__0119	2020-11-11	707793.00000000,3732324.00000000,708561.00000000,3733092.00000000
train	003308	lower__20201111_165331_52_2401_3B_AnalyticMS_SR_8b_clip	pm5__20201105_20201124__0119	/scrfs/storage/yikebe/home/research/AR_Crop_Identification/make_dataset/raw_sentinel/pm5/pm5__20201105_20201124__0119	2020-11-11	725457.00000000,3732324.00000000,726225.00000000,3733092.00000000
train	003324	lower__20201111_165331_52_2401_3B_AnalyticMS_SR_8b_clip	pm5__20201105_20201124__0119	/scrfs/storage/yikebe/home/research/AR_Crop_Identification/make_dataset/raw_sentinel/pm5/pm5__20201105_20201124__0119	2020-11-11	726225.00000000,3732324.00000000,726993.00000000,3733092.00000000
train	003340	lower__20201111_165331_52_2401_3B_AnalyticMS_SR_8b_clip	pm5__20201105_20201124__0119	/scrfs/storage/yikebe/home/research/AR_Crop_Identification/make_dataset/raw_sentinel/pm5/pm5__20201105_20201124__0119	2020-11-11	726993.00000000,3732324.00000000,727761.00000000,3733092.00000000
train	003356	lower__20201111_165331_52_2401_3B_AnalyticMS_SR_8b_clip	pm5__20201105_20201124__0119	/scrfs/storage/yikebe/home/research/AR_Crop_Identification/make_dataset/raw_sentinel/pm5/pm5__20201105_20201124__0119	2020-11-11	702417.00000000,3731556.00000000,703185.00000000,3732324.00000000
train	003372	lower__20201111_165331_52_2401_3B_AnalyticMS_SR_8b_clip	pm5__20201105_20201124__0119	/scrfs/storage/yikebe/home/research/AR_Crop_Identification/make_dataset/raw_sentinel/pm5/pm5__20201105_20201124__0119	2020-11-11	718545.00000000,3730788.00000000,719313.00000000,3731556.00000000
train	003388	lower__20201111_165331_52_2401_3B_AnalyticMS_SR_8b_clip	pm5__20201105_20201124__0119	/scrfs/storage/yikebe/home/research/AR_Crop_Identification/make_dataset/raw_sentinel/pm5/pm5__20201105_20201124__0119	2020-11-11	732369.00000000,3730788.00000000,733137.00000000,3731556.00000000
train	003404	lower__20201111_165331_52_2401_3B_AnalyticMS_SR_8b_clip	pm5__20201105_20201124__0119	/scrfs/storage/yikebe/home/research/AR_Crop_Identification/make_dataset/raw_sentinel/pm5/pm5__20201105_20201124__0119	2020-11-11	703953.00000000,3730020.00000000,704721.00000000,3730788.00000000
train	003420	lower__20201111_165331_52_2401_3B_AnalyticMS_SR_8b_clip	pm5__20201105_20201124__0119	/scrfs/storage/yikebe/home/research/AR_Crop_Identification/make_dataset/raw_sentinel/pm5/pm5__20201105_20201124__0119	2020-11-11	729297.00000000,3730020.00000000,730065.00000000,3730788.00000000
train	003436	lower__20201111_165331_52_2401_3B_AnalyticMS_SR_8b_clip	pm5__20201105_20201124__0119	/scrfs/storage/yikebe/home/research/AR_Crop_Identification/make_dataset/raw_sentinel/pm5/pm5__20201105_20201124__0119	2020-11-11	730065.00000000,3730020.00000000,730833.00000000,3730788.00000000
train	003452	lower__20201111_165331_52_2401_3B_AnalyticMS_SR_8b_clip	pm5__20201105_20201124__0119	/scrfs/storage/yikebe/home/research/AR_Crop_Identification/make_dataset/raw_sentinel/pm5/pm5__20201105_20201124__0119	2020-11-11	730833.00000000,3730020.00000000,731601.00000000,3730788.00000000
train	003468	lower__20201111_165331_52_2401_3B_AnalyticMS_SR_8b_clip	pm5__20201105_20201124__0119	/scrfs/storage/yikebe/home/research/AR_Crop_Identification/make_dataset/raw_sentinel/pm5/pm5__20201105_20201124__0119	2020-11-11	725457.00000000,3727716.00000000,726225.00000000,3728484.00000000
train	003484	lower__20201111_165331_52_2401_3B_AnalyticMS_SR_8b_clip	pm5__20201105_20201124__0119	/scrfs/storage/yikebe/home/research/AR_Crop_Identification/make_dataset/raw_sentinel/pm5/pm5__20201105_20201124__0119	2020-11-11	731601.00000000,3727716.00000000,732369.00000000,3728484.00000000
train	003500	lower__20201111_165331_52_2401_3B_AnalyticMS_SR_8b_clip	pm5__20201105_20201124__0119	/scrfs/storage/yikebe/home/research/AR_Crop_Identification/make_dataset/raw_sentinel/pm5/pm5__20201105_20201124__0119	2020-11-11	734673.00000000,3727716.00000000,735441.00000000,3728484.00000000
train	003516	lower__20201111_165331_52_2401_3B_AnalyticMS_SR_8b_clip	pm5__20201105_20201124__0119	/scrfs/storage/yikebe/home/research/AR_Crop_Identification/make_dataset/raw_sentinel/pm5/pm5__20201105_20201124__0119	2020-11-11	707025.00000000,3726948.00000000,707793.00000000,3727716.00000000
train	003532	lower__20201111_165331_52_2401_3B_AnalyticMS_SR_8b_clip	pm5__20201105_20201124__0119	/scrfs/storage/yikebe/home/research/AR_Crop_Identification/make_dataset/raw_sentinel/pm5/pm5__20201105_20201124__0119	2020-11-11	728529.00000000,3726948.00000000,729297.00000000,3727716.00000000
train	003548	lower__20201111_165331_52_2401_3B_AnalyticMS_SR_8b_clip	pm5__20201105_20201124__0119	/scrfs/storage/yikebe/home/research/AR_Crop_Identification/make_dataset/raw_sentinel/pm5/pm5__20201105_20201124__0119	2020-11-11	730833.00000000,3726180.00000000,731601.00000000,3726948.00000000
train	003564	lower__20201111_165331_52_2401_3B_AnalyticMS_SR_8b_clip	pm5__20201105_20201124__0119	/scrfs/storage/yikebe/home/research/AR_Crop_Identification/make_dataset/raw_sentinel/pm5/pm5__20201105_20201124__0119	2020-11-11	731601.00000000,3726180.00000000,732369.00000000,3726948.00000000
train	003580	lower__20201111_165331_52_2401_3B_AnalyticMS_SR_8b_clip	pm5__20201105_20201124__0119	/scrfs/storage/yikebe/home/research/AR_Crop_Identification/make_dataset/raw_sentinel/pm5/pm5__20201105_20201124__0119	2020-11-11	726993.00000000,3725412.00000000,727761.00000000,3726180.00000000
train	003596	lower__20201111_165331_52_2401_3B_AnalyticMS_SR_8b_clip	pm5__20201105_20201124__0119	/scrfs/storage/yikebe/home/research/AR_Crop_Identification/make_dataset/raw_sentinel/pm5/pm5__20201105_20201124__0119	2020-11-11	730833.00000000,3725412.00000000,731601.00000000,3726180.00000000
train	003612	lower__20201111_165331_52_2401_3B_AnalyticMS_SR_8b_clip	pm5__20201105_20201124__0119	/scrfs/storage/yikebe/home/research/AR_Crop_Identification/make_dataset/raw_sentinel/pm5/pm5__20201105_20201124__0119	2020-11-11	730065.00000000,3724644.00000000,730833.00000000,3725412.00000000
train	003628	lower__20201111_165331_52_2401_3B_AnalyticMS_SR_8b_clip	pm5__20201105_20201124__0119	/scrfs/storage/yikebe/home/research/AR_Crop_Identification/make_dataset/raw_sentinel/pm5/pm5__20201105_20201124__0119	2020-11-11	730833.00000000,3724644.00000000,731601.00000000,3725412.00000000
train	003644	lower__20201111_165331_52_2401_3B_AnalyticMS_SR_8b_clip	pm5__20201105_20201124__0119	/scrfs/storage/yikebe/home/research/AR_Crop_Identification/make_dataset/raw_sentinel/pm5/pm5__20201105_20201124__0119	2020-11-11	731601.00000000,3724644.00000000,732369.00000000,3725412.00000000
train	003660	lower__20201111_165331_52_2401_3B_AnalyticMS_SR_8b_clip	pm5__20201105_20201124__0119	/scrfs/storage/yikebe/home/research/AR_Crop_Identification/make_dataset/raw_sentinel/pm5/pm5__20201105_20201124__0119	2020-11-11	732369.00000000,3724644.00000000,733137.00000000,3725412.00000000
train	003676	lower__20201111_165331_52_2401_3B_AnalyticMS_SR_8b_clip	pm5__20201105_20201124__0119	/scrfs/storage/yikebe/home/research/AR_Crop_Identification/make_dataset/raw_sentinel/pm5/pm5__20201105_20201124__0119	2020-11-11	733137.00000000,3724644.00000000,733905.00000000,3725412.00000000
train	003692	lower__20201111_165331_52_2401_3B_AnalyticMS_SR_8b_clip	pm5__20201105_20201124__0119	/scrfs/storage/yikebe/home/research/AR_Crop_Identification/make_dataset/raw_sentinel/pm5/pm5__20201105_20201124__0119	2020-11-11	730833.00000000,3723876.00000000,731601.00000000,3724644.00000000
train	003708	lower__20201111_165331_52_2401_3B_AnalyticMS_SR_8b_clip	pm5__20201105_20201124__0119	/scrfs/storage/yikebe/home/research/AR_Crop_Identification/make_dataset/raw_sentinel/pm5/pm5__20201105_20201124__0119	2020-11-11	733137.00000000,3723876.00000000,733905.00000000,3724644.00000000
train	003724	lower__20201111_165331_52_2401_3B_AnalyticMS_SR_8b_clip	pm5__20201105_20201124__0119	/scrfs/storage/yikebe/home/research/AR_Crop_Identification/make_dataset/raw_sentinel/pm5/pm5__20201105_20201124__0119	2020-11-11	725457.00000000,3723108.00000000,726225.00000000,3723876.00000000
train	003740	lower__20201111_165331_52_2401_3B_AnalyticMS_SR_8b_clip	pm5__20201105_20201124__0119	/scrfs/storage/yikebe/home/research/AR_Crop_Identification/make_dataset/raw_sentinel/pm5/pm5__20201105_20201124__0119	2020-11-11	730065.00000000,3723108.00000000,730833.00000000,3723876.00000000
train	003756	lower__20201111_165331_52_2401_3B_AnalyticMS_SR_8b_clip	pm5__20201105_20201124__0119	/scrfs/storage/yikebe/home/research/AR_Crop_Identification/make_dataset/raw_sentinel/pm5/pm5__20201105_20201124__0119	2020-11-11	730833.00000000,3723108.00000000,731601.00000000,3723876.00000000
train	003772	lower__20201111_165331_52_2401_3B_AnalyticMS_SR_8b_clip	pm5__20201105_20201124__0119	/scrfs/storage/yikebe/home/research/AR_Crop_Identification/make_dataset/raw_sentinel/pm5/pm5__20201105_20201124__0119	2020-11-11	730065.00000000,3722340.00000000,730833.00000000,3723108.00000000
train	003788	lower__20201111_165331_52_2401_3B_AnalyticMS_SR_8b_clip	pm5__20201105_20201124__0119	/scrfs/storage/yikebe/home/research/AR_Crop_Identification/make_dataset/raw_sentinel/pm5/pm5__20201105_20201124__0119	2020-11-11	730833.00000000,3722340.00000000,731601.00000000,3723108.00000000
train	003804	lower__20201111_165331_52_2401_3B_AnalyticMS_SR_8b_clip	pm5__20201105_20201124__0119	/scrfs/storage/yikebe/home/research/AR_Crop_Identification/make_dataset/raw_sentinel/pm5/pm5__20201105_20201124__0119	2020-11-11	730833.00000000,3721572.00000000,731601.00000000,3722340.00000000
train	003820	lower__20201111_165331_52_2401_3B_AnalyticMS_SR_8b_clip	pm5__20201105_20201124__0119	/scrfs/storage/yikebe/home/research/AR_Crop_Identification/make_dataset/raw_sentinel/pm5/pm5__20201105_20201124__0119	2020-11-11	731601.00000000,3721572.00000000,732369.00000000,3722340.00000000
train	003836	lower__20201112_165347_15_2274_3B_AnalyticMS_SR_8b_clip	pm5__20201105_20201124__0119	/scrfs/storage/yikebe/home/research/AR_Crop_Identification/make_dataset/raw_sentinel/pm5/pm5__20201105_20201124__0119	2020-11-11	717117.00000000,3778275.00000000,717885.00000000,3779043.00000000
train	003852	lower__20201112_165347_15_2274_3B_AnalyticMS_SR_8b_clip	pm5__20201105_20201124__0119	/scrfs/storage/yikebe/home/research/AR_Crop_Identification/make_dataset/raw_sentinel/pm5/pm5__20201105_20201124__0119	2020-11-11	713277.00000000,3775971.00000000,714045.00000000,3776739.00000000
train	003868	lower__20201112_165347_15_2274_3B_AnalyticMS_SR_8b_clip	pm5__20201105_20201124__0119	/scrfs/storage/yikebe/home/research/AR_Crop_Identification/make_dataset/raw_sentinel/pm5/pm5__20201105_20201124__0119	2020-11-11	722493.00000000,3775971.00000000,723261.00000000,3776739.00000000
train	003884	lower__20201112_165347_15_2274_3B_AnalyticMS_SR_8b_clip	pm5__20201105_20201124__0119	/scrfs/storage/yikebe/home/research/AR_Crop_Identification/make_dataset/raw_sentinel/pm5/pm5__20201105_20201124__0119	2020-11-11	712509.00000000,3774435.00000000,713277.00000000,3775203.00000000
train	003900	lower__20201112_165347_15_2274_3B_AnalyticMS_SR_8b_clip	pm5__20201105_20201124__0119	/scrfs/storage/yikebe/home/research/AR_Crop_Identification/make_dataset/raw_sentinel/pm5/pm5__20201105_20201124__0119	2020-11-11	713277.00000000,3773667.00000000,714045.00000000,3774435.00000000
train	003916	lower__20201112_165347_15_2274_3B_AnalyticMS_SR_8b_clip	pm5__20201105_20201124__0119	/scrfs/storage/yikebe/home/research/AR_Crop_Identification/make_dataset/raw_sentinel/pm5/pm5__20201105_20201124__0119	2020-11-11	717117.00000000,3772899.00000000,717885.00000000,3773667.00000000
train	003932	lower__20201112_165347_15_2274_3B_AnalyticMS_SR_8b_clip	pm5__20201105_20201124__0119	/scrfs/storage/yikebe/home/research/AR_Crop_Identification/make_dataset/raw_sentinel/pm5/pm5__20201105_20201124__0119	2020-11-11	719421.00000000,3772131.00000000,720189.00000000,3772899.00000000
train	003948	lower__20201112_165347_15_2274_3B_AnalyticMS_SR_8b_clip	pm5__20201105_20201124__0119	/scrfs/storage/yikebe/home/research/AR_Crop_Identification/make_dataset/raw_sentinel/pm5/pm5__20201105_20201124__0119	2020-11-11	707901.00000000,3771363.00000000,708669.00000000,3772131.00000000
train	003964	lower__20201112_165347_15_2274_3B_AnalyticMS_SR_8b_clip	pm5__20201105_20201124__0119	/scrfs/storage/yikebe/home/research/AR_Crop_Identification/make_dataset/raw_sentinel/pm5/pm5__20201105_20201124__0119	2020-11-11	720189.00000000,3769827.00000000,720957.00000000,3770595.00000000
train	003980	lower__20201112_165347_15_2274_3B_AnalyticMS_SR_8b_clip	pm5__20201105_20201124__0119	/scrfs/storage/yikebe/home/research/AR_Crop_Identification/make_dataset/raw_sentinel/pm5/pm5__20201105_20201124__0119	2020-11-11	734013.00000000,3769827.00000000,734781.00000000,3770595.00000000
train	003996	lower__20201112_165347_15_2274_3B_AnalyticMS_SR_8b_clip	pm5__20201105_20201124__0119	/scrfs/storage/yikebe/home/research/AR_Crop_Identification/make_dataset/raw_sentinel/pm5/pm5__20201105_20201124__0119	2020-11-11	708669.00000000,3768291.00000000,709437.00000000,3769059.00000000
train	004012	lower__20201112_165506_47_2412_3B_AnalyticMS_SR_8b_clip	pm5__20201105_20201124__0065	/scrfs/storage/yikebe/home/research/AR_Crop_Identification/make_dataset/raw_sentinel/pm5/pm5__20201105_20201124__0065	2020-11-11	608016.00000000,3774675.00000000,608784.00000000,3775443.00000000
train	004028	lower__20201112_165506_47_2412_3B_AnalyticMS_SR_8b_clip	pm5__20201105_20201124__0065	/scrfs/storage/yikebe/home/research/AR_Crop_Identification/make_dataset/raw_sentinel/pm5/pm5__20201105_20201124__0065	2020-11-11	612624.00000000,3774675.00000000,613392.00000000,3775443.00000000
train	004044	lower__20201112_165506_47_2412_3B_AnalyticMS_SR_8b_clip	pm5__20201105_20201124__0065	/scrfs/storage/yikebe/home/research/AR_Crop_Identification/make_dataset/raw_sentinel/pm5/pm5__20201105_20201124__0065	2020-11-11	614928.00000000,3772371.00000000,615696.00000000,3773139.00000000
train	004060	lower__20201112_165506_47_2412_3B_AnalyticMS_SR_8b_clip	pm5__20201105_20201124__0065	/scrfs/storage/yikebe/home/research/AR_Crop_Identification/make_dataset/raw_sentinel/pm5/pm5__20201105_20201124__0065	2020-11-11	608016.00000000,3770835.00000000,608784.00000000,3771603.00000000
train	004076	lower__20201112_165506_47_2412_3B_AnalyticMS_SR_8b_clip	pm5__20201105_20201124__0065	/scrfs/storage/yikebe/home/research/AR_Crop_Identification/make_dataset/raw_sentinel/pm5/pm5__20201105_20201124__0065	2020-11-11	616464.00000000,3768531.00000000,617232.00000000,3769299.00000000
train	004092	lower__20201112_165756_66_227c_3B_AnalyticMS_SR_8b_clip	pm5__20201105_20201124__0067	/scrfs/storage/yikebe/home/research/AR_Crop_Identification/make_dataset/raw_sentinel/pm5/pm5__20201105_20201124__0067	2020-11-11	616554.00000000,3789156.00000000,617322.00000000,3789924.00000000
train	004108	lower__20201112_165756_66_227c_3B_AnalyticMS_SR_8b_clip	pm5__20201105_20201124__0067	/scrfs/storage/yikebe/home/research/AR_Crop_Identification/make_dataset/raw_sentinel/pm5/pm5__20201105_20201124__0067	2020-11-11	608106.00000000,3779940.00000000,608874.00000000,3780708.00000000
val	000012	lower__20201115_160601_28_222c_3B_AnalyticMS_SR_8b_clip	pm5__20201105_20201124__0067	/scrfs/storage/yikebe/home/research/AR_Crop_Identification/make_dataset/raw_sentinel/pm5/pm5__20201105_20201124__0067	2020-11-19	621105.00000000,3683553.00000000,621873.00000000,3684321.00000000
val	000028	lower__20201115_160601_28_222c_3B_AnalyticMS_SR_8b_clip	pm5__20201105_20201124__0067	/scrfs/storage/yikebe/home/research/AR_Crop_Identification/make_dataset/raw_sentinel/pm5/pm5__20201105_20201124__0067	2020-11-19	621105.00000000,3682785.00000000,621873.00000000,3683553.00000000
train	004124	lower__20201116_160022_26_2257_3B_AnalyticMS_SR_8b_clip	pm5__20201105_20201124__0132	/scrfs/storage/yikebe/home/research/AR_Crop_Identification/make_dataset/raw_sentinel/pm5/pm5__20201105_20201124__0132	2020-11-21	742464.00000000,3736722.00000000,743232.00000000,3737490.00000000
train	004140	lower__20201116_160022_26_2257_3B_AnalyticMS_SR_8b_clip	pm5__20201105_20201124__0132	/scrfs/storage/yikebe/home/research/AR_Crop_Identification/make_dataset/raw_sentinel/pm5/pm5__20201105_20201124__0132	2020-11-21	743232.00000000,3736722.00000000,744000.00000000,3737490.00000000
train	004156	lower__20201116_160022_26_2257_3B_AnalyticMS_SR_8b_clip	pm5__20201105_20201124__0132	/scrfs/storage/yikebe/home/research/AR_Crop_Identification/make_dataset/raw_sentinel/pm5/pm5__20201105_20201124__0132	2020-11-21	742464.00000000,3735954.00000000,743232.00000000,3736722.00000000
train	004172	lower__20201116_160022_26_2257_3B_AnalyticMS_SR_8b_clip	pm5__20201105_20201124__0132	/scrfs/storage/yikebe/home/research/AR_Crop_Identification/make_dataset/raw_sentinel/pm5/pm5__20201105_20201124__0132	2020-11-21	743232.00000000,3735954.00000000,744000.00000000,3736722.00000000
train	004188	lower__20201116_160022_26_2257_3B_AnalyticMS_SR_8b_clip	pm5__20201105_20201124__0132	/scrfs/storage/yikebe/home/research/AR_Crop_Identification/make_dataset/raw_sentinel/pm5/pm5__20201105_20201124__0132	2020-11-21	744000.00000000,3735954.00000000,744768.00000000,3736722.00000000
train	004204	lower__20201116_160022_26_2257_3B_AnalyticMS_SR_8b_clip	pm5__20201105_20201124__0132	/scrfs/storage/yikebe/home/research/AR_Crop_Identification/make_dataset/raw_sentinel/pm5/pm5__20201105_20201124__0132	2020-11-21	740160.00000000,3735186.00000000,740928.00000000,3735954.00000000
train	004220	lower__20201116_160022_26_2257_3B_AnalyticMS_SR_8b_clip	pm5__20201105_20201124__0132	/scrfs/storage/yikebe/home/research/AR_Crop_Identification/make_dataset/raw_sentinel/pm5/pm5__20201105_20201124__0132	2020-11-21	741696.00000000,3735186.00000000,742464.00000000,3735954.00000000
train	004236	lower__20201116_160022_26_2257_3B_AnalyticMS_SR_8b_clip	pm5__20201105_20201124__0132	/scrfs/storage/yikebe/home/research/AR_Crop_Identification/make_dataset/raw_sentinel/pm5/pm5__20201105_20201124__0132	2020-11-21	742464.00000000,3735186.00000000,743232.00000000,3735954.00000000
train	004252	lower__20201116_160022_26_2257_3B_AnalyticMS_SR_8b_clip	pm5__20201105_20201124__0132	/scrfs/storage/yikebe/home/research/AR_Crop_Identification/make_dataset/raw_sentinel/pm5/pm5__20201105_20201124__0132	2020-11-21	743232.00000000,3733650.00000000,744000.00000000,3734418.00000000
train	004268	lower__20201116_160022_26_2257_3B_AnalyticMS_SR_8b_clip	pm5__20201105_20201124__0132	/scrfs/storage/yikebe/home/research/AR_Crop_Identification/make_dataset/raw_sentinel/pm5/pm5__20201105_20201124__0132	2020-11-21	750912.00000000,3729810.00000000,751680.00000000,3730578.00000000
train	004284	lower__20201116_160022_26_2257_3B_AnalyticMS_SR_8b_clip	pm5__20201105_20201124__0132	/scrfs/storage/yikebe/home/research/AR_Crop_Identification/make_dataset/raw_sentinel/pm5/pm5__20201105_20201124__0132	2020-11-21	751680.00000000,3729810.00000000,752448.00000000,3730578.00000000
train	004300	lower__20201116_160022_26_2257_3B_AnalyticMS_SR_8b_clip	pm5__20201105_20201124__0132	/scrfs/storage/yikebe/home/research/AR_Crop_Identification/make_dataset/raw_sentinel/pm5/pm5__20201105_20201124__0132	2020-11-21	752448.00000000,3729810.00000000,753216.00000000,3730578.00000000
train	004316	lower__20201116_160022_26_2257_3B_AnalyticMS_SR_8b_clip	pm5__20201105_20201124__0132	/scrfs/storage/yikebe/home/research/AR_Crop_Identification/make_dataset/raw_sentinel/pm5/pm5__20201105_20201124__0132	2020-11-21	741696.00000000,3728274.00000000,742464.00000000,3729042.00000000
train	004332	lower__20201116_160022_26_2257_3B_AnalyticMS_SR_8b_clip	pm5__20201105_20201124__0132	/scrfs/storage/yikebe/home/research/AR_Crop_Identification/make_dataset/raw_sentinel/pm5/pm5__20201105_20201124__0132	2020-11-21	741696.00000000,3727506.00000000,742464.00000000,3728274.00000000
train	004348	lower__20201116_160022_26_2257_3B_AnalyticMS_SR_8b_clip	pm5__20201105_20201124__0132	/scrfs/storage/yikebe/home/research/AR_Crop_Identification/make_dataset/raw_sentinel/pm5/pm5__20201105_20201124__0132	2020-11-21	741696.00000000,3726738.00000000,742464.00000000,3727506.00000000
train	004364	lower__20201116_160022_26_2257_3B_AnalyticMS_SR_8b_clip	pm5__20201105_20201124__0132	/scrfs/storage/yikebe/home/research/AR_Crop_Identification/make_dataset/raw_sentinel/pm5/pm5__20201105_20201124__0132	2020-11-21	741696.00000000,3725970.00000000,742464.00000000,3726738.00000000
train	004380	lower__20201116_160022_26_2257_3B_AnalyticMS_SR_8b_clip	pm5__20201105_20201124__0132	/scrfs/storage/yikebe/home/research/AR_Crop_Identification/make_dataset/raw_sentinel/pm5/pm5__20201105_20201124__0132	2020-11-21	741696.00000000,3725202.00000000,742464.00000000,3725970.00000000
train	004396	lower__20201116_160022_26_2257_3B_AnalyticMS_SR_8b_clip	pm5__20201105_20201124__0132	/scrfs/storage/yikebe/home/research/AR_Crop_Identification/make_dataset/raw_sentinel/pm5/pm5__20201105_20201124__0132	2020-11-21	753216.00000000,3724434.00000000,753984.00000000,3725202.00000000
train	004412	lower__20201116_160022_26_2257_3B_AnalyticMS_SR_8b_clip	pm5__20201105_20201124__0132	/scrfs/storage/yikebe/home/research/AR_Crop_Identification/make_dataset/raw_sentinel/pm5/pm5__20201105_20201124__0132	2020-11-21	744768.00000000,3723666.00000000,745536.00000000,3724434.00000000
train	004428	lower__20201116_160022_26_2257_3B_AnalyticMS_SR_8b_clip	pm5__20201105_20201124__0132	/scrfs/storage/yikebe/home/research/AR_Crop_Identification/make_dataset/raw_sentinel/pm5/pm5__20201105_20201124__0132	2020-11-21	751680.00000000,3723666.00000000,752448.00000000,3724434.00000000
train	004444	lower__20201116_160022_26_2257_3B_AnalyticMS_SR_8b_clip	pm5__20201105_20201124__0132	/scrfs/storage/yikebe/home/research/AR_Crop_Identification/make_dataset/raw_sentinel/pm5/pm5__20201105_20201124__0132	2020-11-21	752448.00000000,3723666.00000000,753216.00000000,3724434.00000000
train	004460	lower__20201116_160022_26_2257_3B_AnalyticMS_SR_8b_clip	pm5__20201105_20201124__0132	/scrfs/storage/yikebe/home/research/AR_Crop_Identification/make_dataset/raw_sentinel/pm5/pm5__20201105_20201124__0132	2020-11-21	760128.00000000,3723666.00000000,760896.00000000,3724434.00000000
train	004476	lower__20201116_160022_26_2257_3B_AnalyticMS_SR_8b_clip	pm5__20201105_20201124__0132	/scrfs/storage/yikebe/home/research/AR_Crop_Identification/make_dataset/raw_sentinel/pm5/pm5__20201105_20201124__0132	2020-11-21	751680.00000000,3722898.00000000,752448.00000000,3723666.00000000
train	004492	lower__20201116_160022_26_2257_3B_AnalyticMS_SR_8b_clip	pm5__20201105_20201124__0132	/scrfs/storage/yikebe/home/research/AR_Crop_Identification/make_dataset/raw_sentinel/pm5/pm5__20201105_20201124__0132	2020-11-21	752448.00000000,3722898.00000000,753216.00000000,3723666.00000000
train	004508	lower__20201116_160022_26_2257_3B_AnalyticMS_SR_8b_clip	pm5__20201105_20201124__0132	/scrfs/storage/yikebe/home/research/AR_Crop_Identification/make_dataset/raw_sentinel/pm5/pm5__20201105_20201124__0132	2020-11-21	753216.00000000,3722898.00000000,753984.00000000,3723666.00000000
train	004524	lower__20201116_160022_26_2257_3B_AnalyticMS_SR_8b_clip	pm5__20201105_20201124__0132	/scrfs/storage/yikebe/home/research/AR_Crop_Identification/make_dataset/raw_sentinel/pm5/pm5__20201105_20201124__0132	2020-11-21	740928.00000000,3722130.00000000,741696.00000000,3722898.00000000
train	004540	lower__20201116_160022_26_2257_3B_AnalyticMS_SR_8b_clip	pm5__20201105_20201124__0132	/scrfs/storage/yikebe/home/research/AR_Crop_Identification/make_dataset/raw_sentinel/pm5/pm5__20201105_20201124__0132	2020-11-21	752448.00000000,3722130.00000000,753216.00000000,3722898.00000000
train	004556	lower__20201116_160022_26_2257_3B_AnalyticMS_SR_8b_clip	pm5__20201105_20201124__0132	/scrfs/storage/yikebe/home/research/AR_Crop_Identification/make_dataset/raw_sentinel/pm5/pm5__20201105_20201124__0132	2020-11-21	740160.00000000,3721362.00000000,740928.00000000,3722130.00000000
train	004572	lower__20201116_160022_26_2257_3B_AnalyticMS_SR_8b_clip	pm5__20201105_20201124__0132	/scrfs/storage/yikebe/home/research/AR_Crop_Identification/make_dataset/raw_sentinel/pm5/pm5__20201105_20201124__0132	2020-11-21	740928.00000000,3721362.00000000,741696.00000000,3722130.00000000
train	004588	lower__20201116_160022_26_2257_3B_AnalyticMS_SR_8b_clip	pm5__20201105_20201124__0132	/scrfs/storage/yikebe/home/research/AR_Crop_Identification/make_dataset/raw_sentinel/pm5/pm5__20201105_20201124__0132	2020-11-21	741696.00000000,3720594.00000000,742464.00000000,3721362.00000000
train	004604	lower__20201116_160022_26_2257_3B_AnalyticMS_SR_8b_clip	pm5__20201105_20201124__0132	/scrfs/storage/yikebe/home/research/AR_Crop_Identification/make_dataset/raw_sentinel/pm5/pm5__20201105_20201124__0132	2020-11-21	753984.00000000,3720594.00000000,754752.00000000,3721362.00000000
train	004620	lower__20201116_160022_26_2257_3B_AnalyticMS_SR_8b_clip	pm5__20201105_20201124__0132	/scrfs/storage/yikebe/home/research/AR_Crop_Identification/make_dataset/raw_sentinel/pm5/pm5__20201105_20201124__0132	2020-11-21	758592.00000000,3720594.00000000,759360.00000000,3721362.00000000
train	004636	lower__20201116_160022_26_2257_3B_AnalyticMS_SR_8b_clip	pm5__20201105_20201124__0132	/scrfs/storage/yikebe/home/research/AR_Crop_Identification/make_dataset/raw_sentinel/pm5/pm5__20201105_20201124__0132	2020-11-21	742464.00000000,3719826.00000000,743232.00000000,3720594.00000000
train	004652	lower__20201116_160022_26_2257_3B_AnalyticMS_SR_8b_clip	pm5__20201105_20201124__0132	/scrfs/storage/yikebe/home/research/AR_Crop_Identification/make_dataset/raw_sentinel/pm5/pm5__20201105_20201124__0132	2020-11-21	744000.00000000,3719826.00000000,744768.00000000,3720594.00000000
train	004668	lower__20201116_160022_26_2257_3B_AnalyticMS_SR_8b_clip	pm5__20201105_20201124__0132	/scrfs/storage/yikebe/home/research/AR_Crop_Identification/make_dataset/raw_sentinel/pm5/pm5__20201105_20201124__0132	2020-11-21	744768.00000000,3719826.00000000,745536.00000000,3720594.00000000
train	004684	lower__20201116_160022_26_2257_3B_AnalyticMS_SR_8b_clip	pm5__20201105_20201124__0132	/scrfs/storage/yikebe/home/research/AR_Crop_Identification/make_dataset/raw_sentinel/pm5/pm5__20201105_20201124__0132	2020-11-21	751680.00000000,3719826.00000000,752448.00000000,3720594.00000000
train	004700	lower__20201116_160022_26_2257_3B_AnalyticMS_SR_8b_clip	pm5__20201105_20201124__0132	/scrfs/storage/yikebe/home/research/AR_Crop_Identification/make_dataset/raw_sentinel/pm5/pm5__20201105_20201124__0132	2020-11-21	744000.00000000,3719058.00000000,744768.00000000,3719826.00000000
train	004716	lower__20201116_160022_26_2257_3B_AnalyticMS_SR_8b_clip	pm5__20201105_20201124__0132	/scrfs/storage/yikebe/home/research/AR_Crop_Identification/make_dataset/raw_sentinel/pm5/pm5__20201105_20201124__0132	2020-11-21	744768.00000000,3719058.00000000,745536.00000000,3719826.00000000
train	004732	lower__20201116_160022_26_2257_3B_AnalyticMS_SR_8b_clip	pm5__20201105_20201124__0132	/scrfs/storage/yikebe/home/research/AR_Crop_Identification/make_dataset/raw_sentinel/pm5/pm5__20201105_20201124__0132	2020-11-21	745536.00000000,3719058.00000000,746304.00000000,3719826.00000000
train	004748	lower__20201116_160022_26_2257_3B_AnalyticMS_SR_8b_clip	pm5__20201105_20201124__0132	/scrfs/storage/yikebe/home/research/AR_Crop_Identification/make_dataset/raw_sentinel/pm5/pm5__20201105_20201124__0132	2020-11-21	751680.00000000,3719058.00000000,752448.00000000,3719826.00000000
train	004764	lower__20201116_160022_26_2257_3B_AnalyticMS_SR_8b_clip	pm5__20201105_20201124__0132	/scrfs/storage/yikebe/home/research/AR_Crop_Identification/make_dataset/raw_sentinel/pm5/pm5__20201105_20201124__0132	2020-11-21	757056.00000000,3719058.00000000,757824.00000000,3719826.00000000
train	004780	lower__20201116_160022_26_2257_3B_AnalyticMS_SR_8b_clip	pm5__20201105_20201124__0132	/scrfs/storage/yikebe/home/research/AR_Crop_Identification/make_dataset/raw_sentinel/pm5/pm5__20201105_20201124__0132	2020-11-21	740160.00000000,3718290.00000000,740928.00000000,3719058.00000000
train	004796	lower__20201116_160022_26_2257_3B_AnalyticMS_SR_8b_clip	pm5__20201105_20201124__0132	/scrfs/storage/yikebe/home/research/AR_Crop_Identification/make_dataset/raw_sentinel/pm5/pm5__20201105_20201124__0132	2020-11-21	744768.00000000,3718290.00000000,745536.00000000,3719058.00000000
train	004812	lower__20201116_160022_26_2257_3B_AnalyticMS_SR_8b_clip	pm5__20201105_20201124__0132	/scrfs/storage/yikebe/home/research/AR_Crop_Identification/make_dataset/raw_sentinel/pm5/pm5__20201105_20201124__0132	2020-11-21	745536.00000000,3718290.00000000,746304.00000000,3719058.00000000
train	004828	lower__20201116_160022_26_2257_3B_AnalyticMS_SR_8b_clip	pm5__20201105_20201124__0132	/scrfs/storage/yikebe/home/research/AR_Crop_Identification/make_dataset/raw_sentinel/pm5/pm5__20201105_20201124__0132	2020-11-21	746304.00000000,3718290.00000000,747072.00000000,3719058.00000000
train	004844	lower__20201116_160022_26_2257_3B_AnalyticMS_SR_8b_clip	pm5__20201105_20201124__0132	/scrfs/storage/yikebe/home/research/AR_Crop_Identification/make_dataset/raw_sentinel/pm5/pm5__20201105_20201124__0132	2020-11-21	752448.00000000,3718290.00000000,753216.00000000,3719058.00000000
train	004860	lower__20201116_160022_26_2257_3B_AnalyticMS_SR_8b_clip	pm5__20201105_20201124__0132	/scrfs/storage/yikebe/home/research/AR_Crop_Identification/make_dataset/raw_sentinel/pm5/pm5__20201105_20201124__0132	2020-11-21	757056.00000000,3718290.00000000,757824.00000000,3719058.00000000
train	004876	lower__20201116_160022_26_2257_3B_AnalyticMS_SR_8b_clip	pm5__20201105_20201124__0132	/scrfs/storage/yikebe/home/research/AR_Crop_Identification/make_dataset/raw_sentinel/pm5/pm5__20201105_20201124__0132	2020-11-21	744768.00000000,3717522.00000000,745536.00000000,3718290.00000000
train	004892	lower__20201116_160022_26_2257_3B_AnalyticMS_SR_8b_clip	pm5__20201105_20201124__0132	/scrfs/storage/yikebe/home/research/AR_Crop_Identification/make_dataset/raw_sentinel/pm5/pm5__20201105_20201124__0132	2020-11-21	746304.00000000,3717522.00000000,747072.00000000,3718290.00000000
train	004908	lower__20201116_160022_26_2257_3B_AnalyticMS_SR_8b_clip	pm5__20201105_20201124__0132	/scrfs/storage/yikebe/home/research/AR_Crop_Identification/make_dataset/raw_sentinel/pm5/pm5__20201105_20201124__0132	2020-11-21	747072.00000000,3717522.00000000,747840.00000000,3718290.00000000
train	004924	lower__20201116_160022_26_2257_3B_AnalyticMS_SR_8b_clip	pm5__20201105_20201124__0132	/scrfs/storage/yikebe/home/research/AR_Crop_Identification/make_dataset/raw_sentinel/pm5/pm5__20201105_20201124__0132	2020-11-21	755520.00000000,3717522.00000000,756288.00000000,3718290.00000000
train	004940	lower__20201116_160022_26_2257_3B_AnalyticMS_SR_8b_clip	pm5__20201105_20201124__0132	/scrfs/storage/yikebe/home/research/AR_Crop_Identification/make_dataset/raw_sentinel/pm5/pm5__20201105_20201124__0132	2020-11-21	757056.00000000,3717522.00000000,757824.00000000,3718290.00000000
train	004956	lower__20201116_160022_26_2257_3B_AnalyticMS_SR_8b_clip	pm5__20201105_20201124__0132	/scrfs/storage/yikebe/home/research/AR_Crop_Identification/make_dataset/raw_sentinel/pm5/pm5__20201105_20201124__0132	2020-11-21	755520.00000000,3716754.00000000,756288.00000000,3717522.00000000
train	004972	lower__20201116_160022_26_2257_3B_AnalyticMS_SR_8b_clip	pm5__20201105_20201124__0132	/scrfs/storage/yikebe/home/research/AR_Crop_Identification/make_dataset/raw_sentinel/pm5/pm5__20201105_20201124__0132	2020-11-21	758592.00000000,3716754.00000000,759360.00000000,3717522.00000000
train	004988	lower__20201116_160022_26_2257_3B_AnalyticMS_SR_8b_clip	pm5__20201105_20201124__0132	/scrfs/storage/yikebe/home/research/AR_Crop_Identification/make_dataset/raw_sentinel/pm5/pm5__20201105_20201124__0132	2020-11-21	749376.00000000,3715986.00000000,750144.00000000,3716754.00000000
train	005004	lower__20201116_160022_26_2257_3B_AnalyticMS_SR_8b_clip	pm5__20201105_20201124__0132	/scrfs/storage/yikebe/home/research/AR_Crop_Identification/make_dataset/raw_sentinel/pm5/pm5__20201105_20201124__0132	2020-11-21	750144.00000000,3715986.00000000,750912.00000000,3716754.00000000
train	005020	lower__20201116_160022_26_2257_3B_AnalyticMS_SR_8b_clip	pm5__20201105_20201124__0132	/scrfs/storage/yikebe/home/research/AR_Crop_Identification/make_dataset/raw_sentinel/pm5/pm5__20201105_20201124__0132	2020-11-21	754752.00000000,3715218.00000000,755520.00000000,3715986.00000000
train	005036	lower__20201116_160050_52_2206_3B_AnalyticMS_SR_8b_clip	pm5__20201105_20201124__0099	/scrfs/storage/yikebe/home/research/AR_Crop_Identification/make_dataset/raw_sentinel/pm5/pm5__20201105_20201124__0099	2020-11-19	653688.00000000,3710658.00000000,654456.00000000,3711426.00000000
train	005052	lower__20201116_160050_52_2206_3B_AnalyticMS_SR_8b_clip	pm5__20201105_20201124__0099	/scrfs/storage/yikebe/home/research/AR_Crop_Identification/make_dataset/raw_sentinel/pm5/pm5__20201105_20201124__0099	2020-11-19	659832.00000000,3709890.00000000,660600.00000000,3710658.00000000
train	005068	lower__20201116_160050_52_2206_3B_AnalyticMS_SR_8b_clip	pm5__20201105_20201124__0099	/scrfs/storage/yikebe/home/research/AR_Crop_Identification/make_dataset/raw_sentinel/pm5/pm5__20201105_20201124__0099	2020-11-19	659832.00000000,3709122.00000000,660600.00000000,3709890.00000000
train	005084	lower__20201116_160050_52_2206_3B_AnalyticMS_SR_8b_clip	pm5__20201105_20201124__0099	/scrfs/storage/yikebe/home/research/AR_Crop_Identification/make_dataset/raw_sentinel/pm5/pm5__20201105_20201124__0099	2020-11-19	659832.00000000,3708354.00000000,660600.00000000,3709122.00000000
train	005100	lower__20201116_160050_52_2206_3B_AnalyticMS_SR_8b_clip	pm5__20201105_20201124__0099	/scrfs/storage/yikebe/home/research/AR_Crop_Identification/make_dataset/raw_sentinel/pm5/pm5__20201105_20201124__0099	2020-11-19	655224.00000000,3699138.00000000,655992.00000000,3699906.00000000
train	005116	lower__20201116_160050_52_2206_3B_AnalyticMS_SR_8b_clip	pm5__20201105_20201124__0099	/scrfs/storage/yikebe/home/research/AR_Crop_Identification/make_dataset/raw_sentinel/pm5/pm5__20201105_20201124__0099	2020-11-19	655992.00000000,3699138.00000000,656760.00000000,3699906.00000000
train	005132	lower__20201116_160050_52_2206_3B_AnalyticMS_SR_8b_clip	pm5__20201105_20201124__0099	/scrfs/storage/yikebe/home/research/AR_Crop_Identification/make_dataset/raw_sentinel/pm5/pm5__20201105_20201124__0099	2020-11-19	649848.00000000,3696066.00000000,650616.00000000,3696834.00000000
train	005148	lower__20201116_160050_52_2206_3B_AnalyticMS_SR_8b_clip	pm5__20201105_20201124__0099	/scrfs/storage/yikebe/home/research/AR_Crop_Identification/make_dataset/raw_sentinel/pm5/pm5__20201105_20201124__0099	2020-11-19	650616.00000000,3696066.00000000,651384.00000000,3696834.00000000
train	005164	lower__20201116_160050_52_2206_3B_AnalyticMS_SR_8b_clip	pm5__20201105_20201124__0099	/scrfs/storage/yikebe/home/research/AR_Crop_Identification/make_dataset/raw_sentinel/pm5/pm5__20201105_20201124__0099	2020-11-19	657528.00000000,3696066.00000000,658296.00000000,3696834.00000000
train	005180	lower__20201116_160050_52_2206_3B_AnalyticMS_SR_8b_clip	pm5__20201105_20201124__0099	/scrfs/storage/yikebe/home/research/AR_Crop_Identification/make_dataset/raw_sentinel/pm5/pm5__20201105_20201124__0099	2020-11-19	653688.00000000,3694530.00000000,654456.00000000,3695298.00000000
train	005196	lower__20201116_160050_52_2206_3B_AnalyticMS_SR_8b_clip	pm5__20201105_20201124__0099	/scrfs/storage/yikebe/home/research/AR_Crop_Identification/make_dataset/raw_sentinel/pm5/pm5__20201105_20201124__0099	2020-11-19	653688.00000000,3692226.00000000,654456.00000000,3692994.00000000
train	005212	lower__20201116_160929_52_222f_3B_AnalyticMS_SR_8b_clip	pm5__20201105_20201124__0098	/scrfs/storage/yikebe/home/research/AR_Crop_Identification/make_dataset/raw_sentinel/pm5/pm5__20201105_20201124__0098	2020-11-19	665313.00000000,3846255.00000000,666081.00000000,3847023.00000000
train	005228	lower__20201117_160554_05_2235_3B_AnalyticMS_SR_8b_clip	pm5__20201105_20201124__0060	/scrfs/storage/yikebe/home/research/AR_Crop_Identification/make_dataset/raw_sentinel/pm5/pm5__20201105_20201124__0060	2020-11-19	596313.00000000,3843654.00000000,597081.00000000,3844422.00000000
train	005244	lower__20201117_160554_05_2235_3B_AnalyticMS_SR_8b_clip	pm5__20201105_20201124__0060	/scrfs/storage/yikebe/home/research/AR_Crop_Identification/make_dataset/raw_sentinel/pm5/pm5__20201105_20201124__0060	2020-11-19	591705.00000000,3842886.00000000,592473.00000000,3843654.00000000
train	005260	lower__20201117_160554_05_2235_3B_AnalyticMS_SR_8b_clip	pm5__20201105_20201124__0060	/scrfs/storage/yikebe/home/research/AR_Crop_Identification/make_dataset/raw_sentinel/pm5/pm5__20201105_20201124__0060	2020-11-19	595545.00000000,3839046.00000000,596313.00000000,3839814.00000000
train	005276	lower__20201117_160554_05_2235_3B_AnalyticMS_SR_8b_clip	pm5__20201105_20201124__0060	/scrfs/storage/yikebe/home/research/AR_Crop_Identification/make_dataset/raw_sentinel/pm5/pm5__20201105_20201124__0060	2020-11-19	594009.00000000,3838278.00000000,594777.00000000,3839046.00000000
train	005292	lower__20201117_160554_05_2235_3B_AnalyticMS_SR_8b_clip	pm5__20201105_20201124__0060	/scrfs/storage/yikebe/home/research/AR_Crop_Identification/make_dataset/raw_sentinel/pm5/pm5__20201105_20201124__0060	2020-11-19	606297.00000000,3838278.00000000,607065.00000000,3839046.00000000
train	005308	lower__20201117_160554_05_2235_3B_AnalyticMS_SR_8b_clip	pm5__20201105_20201124__0060	/scrfs/storage/yikebe/home/research/AR_Crop_Identification/make_dataset/raw_sentinel/pm5/pm5__20201105_20201124__0060	2020-11-19	606297.00000000,3837510.00000000,607065.00000000,3838278.00000000
train	005324	lower__20201117_165345_99_2414_3B_AnalyticMS_SR_8b_clip	pm5__20201105_20201124__0084	/scrfs/storage/yikebe/home/research/AR_Crop_Identification/make_dataset/raw_sentinel/pm5/pm5__20201105_20201124__0084	2020-11-19	628011.00000000,3829563.00000000,628779.00000000,3830331.00000000
train	005340	lower__20201117_165345_99_2414_3B_AnalyticMS_SR_8b_clip	pm5__20201105_20201124__0084	/scrfs/storage/yikebe/home/research/AR_Crop_Identification/make_dataset/raw_sentinel/pm5/pm5__20201105_20201124__0084	2020-11-19	629547.00000000,3829563.00000000,630315.00000000,3830331.00000000
train	005356	lower__20201117_165345_99_2414_3B_AnalyticMS_SR_8b_clip	pm5__20201105_20201124__0084	/scrfs/storage/yikebe/home/research/AR_Crop_Identification/make_dataset/raw_sentinel/pm5/pm5__20201105_20201124__0084	2020-11-19	634923.00000000,3829563.00000000,635691.00000000,3830331.00000000
train	005372	lower__20201117_165345_99_2414_3B_AnalyticMS_SR_8b_clip	pm5__20201105_20201124__0084	/scrfs/storage/yikebe/home/research/AR_Crop_Identification/make_dataset/raw_sentinel/pm5/pm5__20201105_20201124__0084	2020-11-19	629547.00000000,3828795.00000000,630315.00000000,3829563.00000000
train	005388	lower__20201117_165345_99_2414_3B_AnalyticMS_SR_8b_clip	pm5__20201105_20201124__0084	/scrfs/storage/yikebe/home/research/AR_Crop_Identification/make_dataset/raw_sentinel/pm5/pm5__20201105_20201124__0084	2020-11-19	637227.00000000,3828795.00000000,637995.00000000,3829563.00000000
train	005404	lower__20201117_165345_99_2414_3B_AnalyticMS_SR_8b_clip	pm5__20201105_20201124__0084	/scrfs/storage/yikebe/home/research/AR_Crop_Identification/make_dataset/raw_sentinel/pm5/pm5__20201105_20201124__0084	2020-11-19	629547.00000000,3828027.00000000,630315.00000000,3828795.00000000
train	005420	lower__20201117_165345_99_2414_3B_AnalyticMS_SR_8b_clip	pm5__20201105_20201124__0084	/scrfs/storage/yikebe/home/research/AR_Crop_Identification/make_dataset/raw_sentinel/pm5/pm5__20201105_20201124__0084	2020-11-19	644139.00000000,3828027.00000000,644907.00000000,3828795.00000000
train	005436	lower__20201117_165345_99_2414_3B_AnalyticMS_SR_8b_clip	pm5__20201105_20201124__0084	/scrfs/storage/yikebe/home/research/AR_Crop_Identification/make_dataset/raw_sentinel/pm5/pm5__20201105_20201124__0084	2020-11-19	642603.00000000,3827259.00000000,643371.00000000,3828027.00000000
train	005452	lower__20201117_165345_99_2414_3B_AnalyticMS_SR_8b_clip	pm5__20201105_20201124__0084	/scrfs/storage/yikebe/home/research/AR_Crop_Identification/make_dataset/raw_sentinel/pm5/pm5__20201105_20201124__0084	2020-11-19	644139.00000000,3827259.00000000,644907.00000000,3828027.00000000
train	005468	lower__20201117_165345_99_2414_3B_AnalyticMS_SR_8b_clip	pm5__20201105_20201124__0084	/scrfs/storage/yikebe/home/research/AR_Crop_Identification/make_dataset/raw_sentinel/pm5/pm5__20201105_20201124__0084	2020-11-19	633387.00000000,3826491.00000000,634155.00000000,3827259.00000000
train	005484	lower__20201117_165345_99_2414_3B_AnalyticMS_SR_8b_clip	pm5__20201105_20201124__0084	/scrfs/storage/yikebe/home/research/AR_Crop_Identification/make_dataset/raw_sentinel/pm5/pm5__20201105_20201124__0084	2020-11-19	634155.00000000,3826491.00000000,634923.00000000,3827259.00000000
train	005500	lower__20201117_165345_99_2414_3B_AnalyticMS_SR_8b_clip	pm5__20201105_20201124__0084	/scrfs/storage/yikebe/home/research/AR_Crop_Identification/make_dataset/raw_sentinel/pm5/pm5__20201105_20201124__0084	2020-11-19	628011.00000000,3825723.00000000,628779.00000000,3826491.00000000
train	005516	lower__20201117_165345_99_2414_3B_AnalyticMS_SR_8b_clip	pm5__20201105_20201124__0084	/scrfs/storage/yikebe/home/research/AR_Crop_Identification/make_dataset/raw_sentinel/pm5/pm5__20201105_20201124__0084	2020-11-19	631851.00000000,3824187.00000000,632619.00000000,3824955.00000000
train	005532	lower__20201117_165345_99_2414_3B_AnalyticMS_SR_8b_clip	pm5__20201105_20201124__0084	/scrfs/storage/yikebe/home/research/AR_Crop_Identification/make_dataset/raw_sentinel/pm5/pm5__20201105_20201124__0084	2020-11-19	637227.00000000,3823419.00000000,637995.00000000,3824187.00000000
train	005548	lower__20201117_165345_99_2414_3B_AnalyticMS_SR_8b_clip	pm5__20201105_20201124__0084	/scrfs/storage/yikebe/home/research/AR_Crop_Identification/make_dataset/raw_sentinel/pm5/pm5__20201105_20201124__0084	2020-11-19	637995.00000000,3823419.00000000,638763.00000000,3824187.00000000
train	005564	lower__20201117_165345_99_2414_3B_AnalyticMS_SR_8b_clip	pm5__20201105_20201124__0084	/scrfs/storage/yikebe/home/research/AR_Crop_Identification/make_dataset/raw_sentinel/pm5/pm5__20201105_20201124__0084	2020-11-19	644139.00000000,3823419.00000000,644907.00000000,3824187.00000000
train	005580	lower__20201117_165345_99_2414_3B_AnalyticMS_SR_8b_clip	pm5__20201105_20201124__0084	/scrfs/storage/yikebe/home/research/AR_Crop_Identification/make_dataset/raw_sentinel/pm5/pm5__20201105_20201124__0084	2020-11-19	644907.00000000,3823419.00000000,645675.00000000,3824187.00000000
train	005596	lower__20201117_165345_99_2414_3B_AnalyticMS_SR_8b_clip	pm5__20201105_20201124__0084	/scrfs/storage/yikebe/home/research/AR_Crop_Identification/make_dataset/raw_sentinel/pm5/pm5__20201105_20201124__0084	2020-11-19	631851.00000000,3822651.00000000,632619.00000000,3823419.00000000
train	005612	lower__20201117_165345_99_2414_3B_AnalyticMS_SR_8b_clip	pm5__20201105_20201124__0084	/scrfs/storage/yikebe/home/research/AR_Crop_Identification/make_dataset/raw_sentinel/pm5/pm5__20201105_20201124__0084	2020-11-19	635691.00000000,3822651.00000000,636459.00000000,3823419.00000000
train	005628	lower__20201117_165345_99_2414_3B_AnalyticMS_SR_8b_clip	pm5__20201105_20201124__0084	/scrfs/storage/yikebe/home/research/AR_Crop_Identification/make_dataset/raw_sentinel/pm5/pm5__20201105_20201124__0084	2020-11-19	645675.00000000,3822651.00000000,646443.00000000,3823419.00000000
train	005644	lower__20201117_165345_99_2414_3B_AnalyticMS_SR_8b_clip	pm5__20201105_20201124__0084	/scrfs/storage/yikebe/home/research/AR_Crop_Identification/make_dataset/raw_sentinel/pm5/pm5__20201105_20201124__0084	2020-11-19	646443.00000000,3822651.00000000,647211.00000000,3823419.00000000
train	005660	lower__20201117_165345_99_2414_3B_AnalyticMS_SR_8b_clip	pm5__20201105_20201124__0084	/scrfs/storage/yikebe/home/research/AR_Crop_Identification/make_dataset/raw_sentinel/pm5/pm5__20201105_20201124__0084	2020-11-19	647211.00000000,3822651.00000000,647979.00000000,3823419.00000000
train	005676	lower__20201117_165345_99_2414_3B_AnalyticMS_SR_8b_clip	pm5__20201105_20201124__0084	/scrfs/storage/yikebe/home/research/AR_Crop_Identification/make_dataset/raw_sentinel/pm5/pm5__20201105_20201124__0084	2020-11-19	637227.00000000,3821883.00000000,637995.00000000,3822651.00000000
train	005692	lower__20201117_165345_99_2414_3B_AnalyticMS_SR_8b_clip	pm5__20201105_20201124__0084	/scrfs/storage/yikebe/home/research/AR_Crop_Identification/make_dataset/raw_sentinel/pm5/pm5__20201105_20201124__0084	2020-11-19	637995.00000000,3821883.00000000,638763.00000000,3822651.00000000
train	005708	lower__20201117_165345_99_2414_3B_AnalyticMS_SR_8b_clip	pm5__20201105_20201124__0084	/scrfs/storage/yikebe/home/research/AR_Crop_Identification/make_dataset/raw_sentinel/pm5/pm5__20201105_20201124__0084	2020-11-19	647979.00000000,3821883.00000000,648747.00000000,3822651.00000000
train	005724	lower__20201117_165345_99_2414_3B_AnalyticMS_SR_8b_clip	pm5__20201105_20201124__0084	/scrfs/storage/yikebe/home/research/AR_Crop_Identification/make_dataset/raw_sentinel/pm5/pm5__20201105_20201124__0084	2020-11-19	648747.00000000,3821883.00000000,649515.00000000,3822651.00000000
train	005740	lower__20201117_165345_99_2414_3B_AnalyticMS_SR_8b_clip	pm5__20201105_20201124__0084	/scrfs/storage/yikebe/home/research/AR_Crop_Identification/make_dataset/raw_sentinel/pm5/pm5__20201105_20201124__0084	2020-11-19	624171.00000000,3821115.00000000,624939.00000000,3821883.00000000
train	005756	lower__20201117_165345_99_2414_3B_AnalyticMS_SR_8b_clip	pm5__20201105_20201124__0084	/scrfs/storage/yikebe/home/research/AR_Crop_Identification/make_dataset/raw_sentinel/pm5/pm5__20201105_20201124__0084	2020-11-19	632619.00000000,3821115.00000000,633387.00000000,3821883.00000000
train	005772	lower__20201117_165345_99_2414_3B_AnalyticMS_SR_8b_clip	pm5__20201105_20201124__0084	/scrfs/storage/yikebe/home/research/AR_Crop_Identification/make_dataset/raw_sentinel/pm5/pm5__20201105_20201124__0084	2020-11-19	637227.00000000,3821115.00000000,637995.00000000,3821883.00000000
train	005788	lower__20201117_165345_99_2414_3B_AnalyticMS_SR_8b_clip	pm5__20201105_20201124__0084	/scrfs/storage/yikebe/home/research/AR_Crop_Identification/make_dataset/raw_sentinel/pm5/pm5__20201105_20201124__0084	2020-11-19	647211.00000000,3821115.00000000,647979.00000000,3821883.00000000
train	005804	lower__20201117_165345_99_2414_3B_AnalyticMS_SR_8b_clip	pm5__20201105_20201124__0084	/scrfs/storage/yikebe/home/research/AR_Crop_Identification/make_dataset/raw_sentinel/pm5/pm5__20201105_20201124__0084	2020-11-19	629547.00000000,3817275.00000000,630315.00000000,3818043.00000000
train	005820	lower__20201117_165345_99_2414_3B_AnalyticMS_SR_8b_clip	pm5__20201105_20201124__0084	/scrfs/storage/yikebe/home/research/AR_Crop_Identification/make_dataset/raw_sentinel/pm5/pm5__20201105_20201124__0084	2020-11-19	639531.00000000,3817275.00000000,640299.00000000,3818043.00000000
train	005836	lower__20201117_165345_99_2414_3B_AnalyticMS_SR_8b_clip	pm5__20201105_20201124__0084	/scrfs/storage/yikebe/home/research/AR_Crop_Identification/make_dataset/raw_sentinel/pm5/pm5__20201105_20201124__0084	2020-11-19	639531.00000000,3816507.00000000,640299.00000000,3817275.00000000
train	005852	lower__20201117_165345_99_2414_3B_AnalyticMS_SR_8b_clip	pm5__20201105_20201124__0084	/scrfs/storage/yikebe/home/research/AR_Crop_Identification/make_dataset/raw_sentinel/pm5/pm5__20201105_20201124__0084	2020-11-19	637227.00000000,3814971.00000000,637995.00000000,3815739.00000000
train	005868	lower__20201117_165345_99_2414_3B_AnalyticMS_SR_8b_clip	pm5__20201105_20201124__0084	/scrfs/storage/yikebe/home/research/AR_Crop_Identification/make_dataset/raw_sentinel/pm5/pm5__20201105_20201124__0084	2020-11-19	630315.00000000,3814203.00000000,631083.00000000,3814971.00000000
train	005884	lower__20201117_165345_99_2414_3B_AnalyticMS_SR_8b_clip	pm5__20201105_20201124__0084	/scrfs/storage/yikebe/home/research/AR_Crop_Identification/make_dataset/raw_sentinel/pm5/pm5__20201105_20201124__0084	2020-11-19	635691.00000000,3814203.00000000,636459.00000000,3814971.00000000
train	005900	lower__20201117_165345_99_2414_3B_AnalyticMS_SR_8b_clip	pm5__20201105_20201124__0084	/scrfs/storage/yikebe/home/research/AR_Crop_Identification/make_dataset/raw_sentinel/pm5/pm5__20201105_20201124__0084	2020-11-19	637995.00000000,3814203.00000000,638763.00000000,3814971.00000000
train	005916	lower__20201117_165345_99_2414_3B_AnalyticMS_SR_8b_clip	pm5__20201105_20201124__0084	/scrfs/storage/yikebe/home/research/AR_Crop_Identification/make_dataset/raw_sentinel/pm5/pm5__20201105_20201124__0084	2020-11-19	649515.00000000,3814203.00000000,650283.00000000,3814971.00000000
train	005932	lower__20201117_165345_99_2414_3B_AnalyticMS_SR_8b_clip	pm5__20201105_20201124__0084	/scrfs/storage/yikebe/home/research/AR_Crop_Identification/make_dataset/raw_sentinel/pm5/pm5__20201105_20201124__0084	2020-11-19	634155.00000000,3813435.00000000,634923.00000000,3814203.00000000
train	005948	lower__20201117_165345_99_2414_3B_AnalyticMS_SR_8b_clip	pm5__20201105_20201124__0084	/scrfs/storage/yikebe/home/research/AR_Crop_Identification/make_dataset/raw_sentinel/pm5/pm5__20201105_20201124__0084	2020-11-19	634923.00000000,3813435.00000000,635691.00000000,3814203.00000000
train	005964	lower__20201117_165345_99_2414_3B_AnalyticMS_SR_8b_clip	pm5__20201105_20201124__0084	/scrfs/storage/yikebe/home/research/AR_Crop_Identification/make_dataset/raw_sentinel/pm5/pm5__20201105_20201124__0084	2020-11-19	649515.00000000,3813435.00000000,650283.00000000,3814203.00000000
train	005980	lower__20201117_165345_99_2414_3B_AnalyticMS_SR_8b_clip	pm5__20201105_20201124__0084	/scrfs/storage/yikebe/home/research/AR_Crop_Identification/make_dataset/raw_sentinel/pm5/pm5__20201105_20201124__0084	2020-11-19	629547.00000000,3812667.00000000,630315.00000000,3813435.00000000
train	005996	lower__20201117_165345_99_2414_3B_AnalyticMS_SR_8b_clip	pm5__20201105_20201124__0084	/scrfs/storage/yikebe/home/research/AR_Crop_Identification/make_dataset/raw_sentinel/pm5/pm5__20201105_20201124__0084	2020-11-19	630315.00000000,3812667.00000000,631083.00000000,3813435.00000000
train	006012	lower__20201117_165345_99_2414_3B_AnalyticMS_SR_8b_clip	pm5__20201105_20201124__0084	/scrfs/storage/yikebe/home/research/AR_Crop_Identification/make_dataset/raw_sentinel/pm5/pm5__20201105_20201124__0084	2020-11-19	637227.00000000,3812667.00000000,637995.00000000,3813435.00000000
train	006028	lower__20201117_165345_99_2414_3B_AnalyticMS_SR_8b_clip	pm5__20201105_20201124__0084	/scrfs/storage/yikebe/home/research/AR_Crop_Identification/make_dataset/raw_sentinel/pm5/pm5__20201105_20201124__0084	2020-11-19	629547.00000000,3811899.00000000,630315.00000000,3812667.00000000
train	006044	lower__20201117_165345_99_2414_3B_AnalyticMS_SR_8b_clip	pm5__20201105_20201124__0084	/scrfs/storage/yikebe/home/research/AR_Crop_Identification/make_dataset/raw_sentinel/pm5/pm5__20201105_20201124__0084	2020-11-19	642603.00000000,3811899.00000000,643371.00000000,3812667.00000000
train	006060	lower__20201117_165345_99_2414_3B_AnalyticMS_SR_8b_clip	pm5__20201105_20201124__0084	/scrfs/storage/yikebe/home/research/AR_Crop_Identification/make_dataset/raw_sentinel/pm5/pm5__20201105_20201124__0084	2020-11-19	637995.00000000,3811131.00000000,638763.00000000,3811899.00000000
train	006076	lower__20201117_165345_99_2414_3B_AnalyticMS_SR_8b_clip	pm5__20201105_20201124__0084	/scrfs/storage/yikebe/home/research/AR_Crop_Identification/make_dataset/raw_sentinel/pm5/pm5__20201105_20201124__0084	2020-11-19	643371.00000000,3811131.00000000,644139.00000000,3811899.00000000
train	006092	lower__20201117_165345_99_2414_3B_AnalyticMS_SR_8b_clip	pm5__20201105_20201124__0084	/scrfs/storage/yikebe/home/research/AR_Crop_Identification/make_dataset/raw_sentinel/pm5/pm5__20201105_20201124__0084	2020-11-19	634923.00000000,3810363.00000000,635691.00000000,3811131.00000000
train	006108	lower__20201117_165345_99_2414_3B_AnalyticMS_SR_8b_clip	pm5__20201105_20201124__0084	/scrfs/storage/yikebe/home/research/AR_Crop_Identification/make_dataset/raw_sentinel/pm5/pm5__20201105_20201124__0084	2020-11-19	645675.00000000,3810363.00000000,646443.00000000,3811131.00000000
train	006124	lower__20201117_165345_99_2414_3B_AnalyticMS_SR_8b_clip	pm5__20201105_20201124__0084	/scrfs/storage/yikebe/home/research/AR_Crop_Identification/make_dataset/raw_sentinel/pm5/pm5__20201105_20201124__0084	2020-11-19	644139.00000000,3808059.00000000,644907.00000000,3808827.00000000
train	006140	lower__20201118_155732_79_222b_3B_AnalyticMS_SR_8b_clip	pm5__20201105_20201124__0132	/scrfs/storage/yikebe/home/research/AR_Crop_Identification/make_dataset/raw_sentinel/pm5/pm5__20201105_20201124__0132	2020-11-21	757782.00000000,3792663.00000000,758550.00000000,3793431.00000000
train	006156	lower__20201118_155732_79_222b_3B_AnalyticMS_SR_8b_clip	pm5__20201105_20201124__0132	/scrfs/storage/yikebe/home/research/AR_Crop_Identification/make_dataset/raw_sentinel/pm5/pm5__20201105_20201124__0132	2020-11-21	754710.00000000,3788823.00000000,755478.00000000,3789591.00000000
train	006172	lower__20201118_160512_51_2264_3B_AnalyticMS_SR_8b_clip	pm5__20201105_20201124__0119	/scrfs/storage/yikebe/home/research/AR_Crop_Identification/make_dataset/raw_sentinel/pm5/pm5__20201105_20201124__0119	2020-11-21	723240.00000000,3761154.00000000,724008.00000000,3761922.00000000
train	006188	lower__20201118_160512_51_2264_3B_AnalyticMS_SR_8b_clip	pm5__20201105_20201124__0119	/scrfs/storage/yikebe/home/research/AR_Crop_Identification/make_dataset/raw_sentinel/pm5/pm5__20201105_20201124__0119	2020-11-21	721704.00000000,3760386.00000000,722472.00000000,3761154.00000000
train	006204	lower__20201118_160512_51_2264_3B_AnalyticMS_SR_8b_clip	pm5__20201105_20201124__0119	/scrfs/storage/yikebe/home/research/AR_Crop_Identification/make_dataset/raw_sentinel/pm5/pm5__20201105_20201124__0119	2020-11-21	723240.00000000,3760386.00000000,724008.00000000,3761154.00000000
train	006220	lower__20201118_160512_51_2264_3B_AnalyticMS_SR_8b_clip	pm5__20201105_20201124__0119	/scrfs/storage/yikebe/home/research/AR_Crop_Identification/make_dataset/raw_sentinel/pm5/pm5__20201105_20201124__0119	2020-11-21	702504.00000000,3757314.00000000,703272.00000000,3758082.00000000
train	006236	lower__20201118_160512_51_2264_3B_AnalyticMS_SR_8b_clip	pm5__20201105_20201124__0119	/scrfs/storage/yikebe/home/research/AR_Crop_Identification/make_dataset/raw_sentinel/pm5/pm5__20201105_20201124__0119	2020-11-21	724776.00000000,3756546.00000000,725544.00000000,3757314.00000000
train	006252	lower__20201118_165927_09_227b_3B_AnalyticMS_SR_8b_clip	pm5__20201105_20201124__0053	/scrfs/storage/yikebe/home/research/AR_Crop_Identification/make_dataset/raw_sentinel/pm5/pm5__20201105_20201124__0053	2020-11-19	567750.00000000,3754143.00000000,568518.00000000,3754911.00000000
train	006268	lower__20201118_165927_09_227b_3B_AnalyticMS_SR_8b_clip	pm5__20201105_20201124__0053	/scrfs/storage/yikebe/home/research/AR_Crop_Identification/make_dataset/raw_sentinel/pm5/pm5__20201105_20201124__0053	2020-11-19	569286.00000000,3750303.00000000,570054.00000000,3751071.00000000
train	006284	lower__20201118_165927_09_227b_3B_AnalyticMS_SR_8b_clip	pm5__20201105_20201124__0053	/scrfs/storage/yikebe/home/research/AR_Crop_Identification/make_dataset/raw_sentinel/pm5/pm5__20201105_20201124__0053	2020-11-19	571590.00000000,3750303.00000000,572358.00000000,3751071.00000000
train	006300	lower__20201119_160549_61_2271_3B_AnalyticMS_SR_8b_clip	pm5__20201105_20201124__0100	/scrfs/storage/yikebe/home/research/AR_Crop_Identification/make_dataset/raw_sentinel/pm5/pm5__20201105_20201124__0100	2020-11-19	661149.00000000,3753225.00000000,661917.00000000,3753993.00000000
train	006316	lower__20201119_160549_61_2271_3B_AnalyticMS_SR_8b_clip	pm5__20201105_20201124__0100	/scrfs/storage/yikebe/home/research/AR_Crop_Identification/make_dataset/raw_sentinel/pm5/pm5__20201105_20201124__0100	2020-11-19	664221.00000000,3753225.00000000,664989.00000000,3753993.00000000
train	006332	lower__20201119_160549_61_2271_3B_AnalyticMS_SR_8b_clip	pm5__20201105_20201124__0100	/scrfs/storage/yikebe/home/research/AR_Crop_Identification/make_dataset/raw_sentinel/pm5/pm5__20201105_20201124__0100	2020-11-19	664989.00000000,3753225.00000000,665757.00000000,3753993.00000000
train	006348	lower__20201119_160549_61_2271_3B_AnalyticMS_SR_8b_clip	pm5__20201105_20201124__0100	/scrfs/storage/yikebe/home/research/AR_Crop_Identification/make_dataset/raw_sentinel/pm5/pm5__20201105_20201124__0100	2020-11-19	668829.00000000,3753225.00000000,669597.00000000,3753993.00000000
train	006364	lower__20201119_160549_61_2271_3B_AnalyticMS_SR_8b_clip	pm5__20201105_20201124__0100	/scrfs/storage/yikebe/home/research/AR_Crop_Identification/make_dataset/raw_sentinel/pm5/pm5__20201105_20201124__0100	2020-11-19	662685.00000000,3752457.00000000,663453.00000000,3753225.00000000
train	006380	lower__20201119_160549_61_2271_3B_AnalyticMS_SR_8b_clip	pm5__20201105_20201124__0100	/scrfs/storage/yikebe/home/research/AR_Crop_Identification/make_dataset/raw_sentinel/pm5/pm5__20201105_20201124__0100	2020-11-19	664221.00000000,3752457.00000000,664989.00000000,3753225.00000000
train	006396	lower__20201119_160549_61_2271_3B_AnalyticMS_SR_8b_clip	pm5__20201105_20201124__0100	/scrfs/storage/yikebe/home/research/AR_Crop_Identification/make_dataset/raw_sentinel/pm5/pm5__20201105_20201124__0100	2020-11-19	664989.00000000,3752457.00000000,665757.00000000,3753225.00000000
train	006412	lower__20201119_160549_61_2271_3B_AnalyticMS_SR_8b_clip	pm5__20201105_20201124__0100	/scrfs/storage/yikebe/home/research/AR_Crop_Identification/make_dataset/raw_sentinel/pm5/pm5__20201105_20201124__0100	2020-11-19	665757.00000000,3752457.00000000,666525.00000000,3753225.00000000
train	006428	lower__20201119_160549_61_2271_3B_AnalyticMS_SR_8b_clip	pm5__20201105_20201124__0100	/scrfs/storage/yikebe/home/research/AR_Crop_Identification/make_dataset/raw_sentinel/pm5/pm5__20201105_20201124__0100	2020-11-19	666525.00000000,3752457.00000000,667293.00000000,3753225.00000000
train	006444	lower__20201119_160549_61_2271_3B_AnalyticMS_SR_8b_clip	pm5__20201105_20201124__0100	/scrfs/storage/yikebe/home/research/AR_Crop_Identification/make_dataset/raw_sentinel/pm5/pm5__20201105_20201124__0100	2020-11-19	664989.00000000,3751689.00000000,665757.00000000,3752457.00000000
train	006460	lower__20201119_160549_61_2271_3B_AnalyticMS_SR_8b_clip	pm5__20201105_20201124__0100	/scrfs/storage/yikebe/home/research/AR_Crop_Identification/make_dataset/raw_sentinel/pm5/pm5__20201105_20201124__0100	2020-11-19	658845.00000000,3750921.00000000,659613.00000000,3751689.00000000
train	006476	lower__20201119_160549_61_2271_3B_AnalyticMS_SR_8b_clip	pm5__20201105_20201124__0100	/scrfs/storage/yikebe/home/research/AR_Crop_Identification/make_dataset/raw_sentinel/pm5/pm5__20201105_20201124__0100	2020-11-19	667293.00000000,3750921.00000000,668061.00000000,3751689.00000000
train	006492	lower__20201119_160549_61_2271_3B_AnalyticMS_SR_8b_clip	pm5__20201105_20201124__0100	/scrfs/storage/yikebe/home/research/AR_Crop_Identification/make_dataset/raw_sentinel/pm5/pm5__20201105_20201124__0100	2020-11-19	665757.00000000,3749385.00000000,666525.00000000,3750153.00000000
train	006508	lower__20201119_164801_64_240a_3B_AnalyticMS_SR_8b_clip	pm5__20201105_20201124__0129	/scrfs/storage/yikebe/home/research/AR_Crop_Identification/make_dataset/raw_sentinel/pm5/pm5__20201105_20201124__0129	2020-11-21	725763.00000000,3690519.00000000,726531.00000000,3691287.00000000
train	006524	lower__20201119_164801_64_240a_3B_AnalyticMS_SR_8b_clip	pm5__20201105_20201124__0129	/scrfs/storage/yikebe/home/research/AR_Crop_Identification/make_dataset/raw_sentinel/pm5/pm5__20201105_20201124__0129	2020-11-21	726531.00000000,3690519.00000000,727299.00000000,3691287.00000000
train	006540	lower__20201119_164801_64_240a_3B_AnalyticMS_SR_8b_clip	pm5__20201105_20201124__0129	/scrfs/storage/yikebe/home/research/AR_Crop_Identification/make_dataset/raw_sentinel/pm5/pm5__20201105_20201124__0129	2020-11-21	743427.00000000,3683607.00000000,744195.00000000,3684375.00000000
train	006556	lower__20201119_164801_64_240a_3B_AnalyticMS_SR_8b_clip	pm5__20201105_20201124__0129	/scrfs/storage/yikebe/home/research/AR_Crop_Identification/make_dataset/raw_sentinel/pm5/pm5__20201105_20201124__0129	2020-11-21	749571.00000000,3679767.00000000,750339.00000000,3680535.00000000
train	006572	lower__20201119_164801_64_240a_3B_AnalyticMS_SR_8b_clip	pm5__20201105_20201124__0129	/scrfs/storage/yikebe/home/research/AR_Crop_Identification/make_dataset/raw_sentinel/pm5/pm5__20201105_20201124__0129	2020-11-21	735747.00000000,3678999.00000000,736515.00000000,3679767.00000000
train	006588	lower__20201119_164801_64_240a_3B_AnalyticMS_SR_8b_clip	pm5__20201105_20201124__0129	/scrfs/storage/yikebe/home/research/AR_Crop_Identification/make_dataset/raw_sentinel/pm5/pm5__20201105_20201124__0129	2020-11-21	730371.00000000,3677463.00000000,731139.00000000,3678231.00000000
train	006604	lower__20201119_164801_64_240a_3B_AnalyticMS_SR_8b_clip	pm5__20201105_20201124__0129	/scrfs/storage/yikebe/home/research/AR_Crop_Identification/make_dataset/raw_sentinel/pm5/pm5__20201105_20201124__0129	2020-11-21	754947.00000000,3677463.00000000,755715.00000000,3678231.00000000
train	006620	lower__20201119_164801_64_240a_3B_AnalyticMS_SR_8b_clip	pm5__20201105_20201124__0129	/scrfs/storage/yikebe/home/research/AR_Crop_Identification/make_dataset/raw_sentinel/pm5/pm5__20201105_20201124__0129	2020-11-21	752643.00000000,3676695.00000000,753411.00000000,3677463.00000000
train	006636	lower__20201119_164801_64_240a_3B_AnalyticMS_SR_8b_clip	pm5__20201105_20201124__0129	/scrfs/storage/yikebe/home/research/AR_Crop_Identification/make_dataset/raw_sentinel/pm5/pm5__20201105_20201124__0129	2020-11-21	734979.00000000,3675159.00000000,735747.00000000,3675927.00000000
train	006652	lower__20201119_164801_64_240a_3B_AnalyticMS_SR_8b_clip	pm5__20201105_20201124__0129	/scrfs/storage/yikebe/home/research/AR_Crop_Identification/make_dataset/raw_sentinel/pm5/pm5__20201105_20201124__0129	2020-11-21	726531.00000000,3674391.00000000,727299.00000000,3675159.00000000
train	006668	lower__20201119_164801_64_240a_3B_AnalyticMS_SR_8b_clip	pm5__20201105_20201124__0129	/scrfs/storage/yikebe/home/research/AR_Crop_Identification/make_dataset/raw_sentinel/pm5/pm5__20201105_20201124__0129	2020-11-21	728835.00000000,3674391.00000000,729603.00000000,3675159.00000000
train	006684	lower__20201119_164801_64_240a_3B_AnalyticMS_SR_8b_clip	pm5__20201105_20201124__0129	/scrfs/storage/yikebe/home/research/AR_Crop_Identification/make_dataset/raw_sentinel/pm5/pm5__20201105_20201124__0129	2020-11-21	752643.00000000,3674391.00000000,753411.00000000,3675159.00000000
train	006700	lower__20201119_164801_64_240a_3B_AnalyticMS_SR_8b_clip	pm5__20201105_20201124__0129	/scrfs/storage/yikebe/home/research/AR_Crop_Identification/make_dataset/raw_sentinel/pm5/pm5__20201105_20201124__0129	2020-11-21	753411.00000000,3674391.00000000,754179.00000000,3675159.00000000
train	006716	lower__20201119_164801_64_240a_3B_AnalyticMS_SR_8b_clip	pm5__20201105_20201124__0129	/scrfs/storage/yikebe/home/research/AR_Crop_Identification/make_dataset/raw_sentinel/pm5/pm5__20201105_20201124__0129	2020-11-21	728067.00000000,3672855.00000000,728835.00000000,3673623.00000000
train	006732	lower__20201119_164801_64_240a_3B_AnalyticMS_SR_8b_clip	pm5__20201105_20201124__0129	/scrfs/storage/yikebe/home/research/AR_Crop_Identification/make_dataset/raw_sentinel/pm5/pm5__20201105_20201124__0129	2020-11-21	754947.00000000,3672855.00000000,755715.00000000,3673623.00000000
train	006748	lower__20201119_164801_64_240a_3B_AnalyticMS_SR_8b_clip	pm5__20201105_20201124__0129	/scrfs/storage/yikebe/home/research/AR_Crop_Identification/make_dataset/raw_sentinel/pm5/pm5__20201105_20201124__0129	2020-11-21	754179.00000000,3672087.00000000,754947.00000000,3672855.00000000
train	006764	lower__20201119_164801_64_240a_3B_AnalyticMS_SR_8b_clip	pm5__20201105_20201124__0129	/scrfs/storage/yikebe/home/research/AR_Crop_Identification/make_dataset/raw_sentinel/pm5/pm5__20201105_20201124__0129	2020-11-21	754947.00000000,3672087.00000000,755715.00000000,3672855.00000000
train	006780	lower__20201119_164801_64_240a_3B_AnalyticMS_SR_8b_clip	pm5__20201105_20201124__0129	/scrfs/storage/yikebe/home/research/AR_Crop_Identification/make_dataset/raw_sentinel/pm5/pm5__20201105_20201124__0129	2020-11-21	731907.00000000,3670551.00000000,732675.00000000,3671319.00000000
train	006796	lower__20201119_164801_64_240a_3B_AnalyticMS_SR_8b_clip	pm5__20201105_20201124__0129	/scrfs/storage/yikebe/home/research/AR_Crop_Identification/make_dataset/raw_sentinel/pm5/pm5__20201105_20201124__0129	2020-11-21	744963.00000000,3670551.00000000,745731.00000000,3671319.00000000
train	006812	lower__20201119_164801_64_240a_3B_AnalyticMS_SR_8b_clip	pm5__20201105_20201124__0129	/scrfs/storage/yikebe/home/research/AR_Crop_Identification/make_dataset/raw_sentinel/pm5/pm5__20201105_20201124__0129	2020-11-21	741123.00000000,3666711.00000000,741891.00000000,3667479.00000000
train	006828	lower__20201119_165203_98_225b_3B_AnalyticMS_SR_8b_clip	pm5__20201105_20201124__0135	/scrfs/storage/yikebe/home/research/AR_Crop_Identification/make_dataset/raw_sentinel/pm5/pm5__20201105_20201124__0135	2020-11-21	755595.00000000,3792984.00000000,756363.00000000,3793752.00000000
train	006844	lower__20201119_165203_98_225b_3B_AnalyticMS_SR_8b_clip	pm5__20201105_20201124__0135	/scrfs/storage/yikebe/home/research/AR_Crop_Identification/make_dataset/raw_sentinel/pm5/pm5__20201105_20201124__0135	2020-11-21	750987.00000000,3786072.00000000,751755.00000000,3786840.00000000
train	006860	lower__20201119_165203_98_225b_3B_AnalyticMS_SR_8b_clip	pm5__20201105_20201124__0135	/scrfs/storage/yikebe/home/research/AR_Crop_Identification/make_dataset/raw_sentinel/pm5/pm5__20201105_20201124__0135	2020-11-21	753291.00000000,3785304.00000000,754059.00000000,3786072.00000000
train	006876	lower__20201119_165203_98_225b_3B_AnalyticMS_SR_8b_clip	pm5__20201105_20201124__0135	/scrfs/storage/yikebe/home/research/AR_Crop_Identification/make_dataset/raw_sentinel/pm5/pm5__20201105_20201124__0135	2020-11-21	767883.00000000,3784536.00000000,768651.00000000,3785304.00000000
train	006892	lower__20201119_165203_98_225b_3B_AnalyticMS_SR_8b_clip	pm5__20201105_20201124__0135	/scrfs/storage/yikebe/home/research/AR_Crop_Identification/make_dataset/raw_sentinel/pm5/pm5__20201105_20201124__0135	2020-11-21	753291.00000000,3782232.00000000,754059.00000000,3783000.00000000
train	006908	lower__20201119_165203_98_225b_3B_AnalyticMS_SR_8b_clip	pm5__20201105_20201124__0135	/scrfs/storage/yikebe/home/research/AR_Crop_Identification/make_dataset/raw_sentinel/pm5/pm5__20201105_20201124__0135	2020-11-21	744075.00000000,3781464.00000000,744843.00000000,3782232.00000000
train	006924	lower__20201119_165203_98_225b_3B_AnalyticMS_SR_8b_clip	pm5__20201105_20201124__0135	/scrfs/storage/yikebe/home/research/AR_Crop_Identification/make_dataset/raw_sentinel/pm5/pm5__20201105_20201124__0135	2020-11-21	755595.00000000,3775320.00000000,756363.00000000,3776088.00000000
train	006940	lower__20201119_165203_98_225b_3B_AnalyticMS_SR_8b_clip	pm5__20201105_20201124__0135	/scrfs/storage/yikebe/home/research/AR_Crop_Identification/make_dataset/raw_sentinel/pm5/pm5__20201105_20201124__0135	2020-11-21	759435.00000000,3775320.00000000,760203.00000000,3776088.00000000
