split	sample_id	scene_id	sentinel_request_id	sentinel_request_root	sentinel_date	planet_bounds
train	000008	lower__20200326_160116_69_2277_3B_AnalyticMS_SR_8b_clip	pm5__20200311_20200331__0002	/scrfs/storage/yikebe/home/research/AR_Crop_Identification/make_dataset/raw_sentinel/pm5/pm5__20200311_20200331__0002	2020-03-26	614739.00000000,3749676.00000000,615507.00000000,3750444.00000000
train	000024	lower__20200511_155955_44_2263_3B_AnalyticMS_SR_8b_clip	pm5__20200506_20200523__0007	/scrfs/storage/yikebe/home/research/AR_Crop_Identification/make_dataset/raw_sentinel/pm5/pm5__20200506_20200523__0007	2020-05-10	700821.00000000,3847338.00000000,701589.00000000,3848106.00000000
train	000040	lower__20200511_155955_44_2263_3B_AnalyticMS_SR_8b_clip	pm5__20200506_20200523__0007	/scrfs/storage/yikebe/home/research/AR_Crop_Identification/make_dataset/raw_sentinel/pm5/pm5__20200506_20200523__0007	2020-05-10	701589.00000000,3847338.00000000,702357.00000000,3848106.00000000
train	000056	lower__20200511_155955_44_2263_3B_AnalyticMS_SR_8b_clip	pm5__20200506_20200523__0007	/scrfs/storage/yikebe/home/research/AR_Crop_Identification/make_dataset/raw_sentinel/pm5/pm5__20200506_20200523__0007	2020-05-10	696981.00000000,3846570.00000000,697749.00000000,3847338.00000000
train	000072	lower__20200511_155955_44_2263_3B_AnalyticMS_SR_8b_clip	pm5__20200506_20200523__0007	/scrfs/storage/yikebe/home/research/AR_Crop_Identification/make_dataset/raw_sentinel/pm5/pm5__20200506_20200523__0007	2020-05-10	694677.00000000,3845034.00000000,695445.00000000,3845802.00000000
train	000088	lower__20200511_155955_44_2263_3B_AnalyticMS_SR_8b_clip	pm5__20200506_20200523__0007	/scrfs/storage/yikebe/home/research/AR_Crop_Identification/make_dataset/raw_sentinel/pm5/pm5__20200506_20200523__0007	2020-05-10	696981.00000000,3841962.00000000,697749.00000000,3842730.00000000
train	000104	lower__20200511_155955_44_2263_3B_AnalyticMS_SR_8b_clip	pm5__20200506_20200523__0007	/scrfs/storage/yikebe/home/research/AR_Crop_Identification/make_dataset/raw_sentinel/pm5/pm5__20200506_20200523__0007	2020-05-10	717717.00000000,3837354.00000000,718485.00000000,3838122.00000000
train	000120	lower__20200518_160601_25_2304_3B_AnalyticMS_SR_8b_clip	pm5__20200506_20200523__0009	/scrfs/storage/yikebe/home/research/AR_Crop_Identification/make_dataset/raw_sentinel/pm5/pm5__20200506_20200523__0009	2020-05-18	581118.00000000,3827340.00000000,581886.00000000,3828108.00000000
train	000136	lower__20200518_160601_25_2304_3B_AnalyticMS_SR_8b_clip	pm5__20200506_20200523__0009	/scrfs/storage/yikebe/home/research/AR_Crop_Identification/make_dataset/raw_sentinel/pm5/pm5__20200506_20200523__0009	2020-05-18	596478.00000000,3827340.00000000,597246.00000000,3828108.00000000
train	000152	lower__20200518_160601_25_2304_3B_AnalyticMS_SR_8b_clip	pm5__20200506_20200523__0009	/scrfs/storage/yikebe/home/research/AR_Crop_Identification/make_dataset/raw_sentinel/pm5/pm5__20200506_20200523__0009	2020-05-18	596478.00000000,3826572.00000000,597246.00000000,3827340.00000000
train	000168	lower__20200518_160601_25_2304_3B_AnalyticMS_SR_8b_clip	pm5__20200506_20200523__0009	/scrfs/storage/yikebe/home/research/AR_Crop_Identification/make_dataset/raw_sentinel/pm5/pm5__20200506_20200523__0009	2020-05-18	597246.00000000,3825804.00000000,598014.00000000,3826572.00000000
train	000184	lower__20200518_160601_25_2304_3B_AnalyticMS_SR_8b_clip	pm5__20200506_20200523__0009	/scrfs/storage/yikebe/home/research/AR_Crop_Identification/make_dataset/raw_sentinel/pm5/pm5__20200506_20200523__0009	2020-05-18	585726.00000000,3825036.00000000,586494.00000000,3825804.00000000
train	000200	lower__20200518_160601_25_2304_3B_AnalyticMS_SR_8b_clip	pm5__20200506_20200523__0009	/scrfs/storage/yikebe/home/research/AR_Crop_Identification/make_dataset/raw_sentinel/pm5/pm5__20200506_20200523__0009	2020-05-18	597246.00000000,3825036.00000000,598014.00000000,3825804.00000000
train	000216	lower__20200518_160601_25_2304_3B_AnalyticMS_SR_8b_clip	pm5__20200506_20200523__0009	/scrfs/storage/yikebe/home/research/AR_Crop_Identification/make_dataset/raw_sentinel/pm5/pm5__20200506_20200523__0009	2020-05-18	607230.00000000,3825036.00000000,607998.00000000,3825804.00000000
train	000232	lower__20200518_160601_25_2304_3B_AnalyticMS_SR_8b_clip	pm5__20200506_20200523__0009	/scrfs/storage/yikebe/home/research/AR_Crop_Identification/make_dataset/raw_sentinel/pm5/pm5__20200506_20200523__0009	2020-05-18	601854.00000000,3823500.00000000,602622.00000000,3824268.00000000
train	000248	lower__20200518_160601_25_2304_3B_AnalyticMS_SR_8b_clip	pm5__20200506_20200523__0009	/scrfs/storage/yikebe/home/research/AR_Crop_Identification/make_dataset/raw_sentinel/pm5/pm5__20200506_20200523__0009	2020-05-18	598014.00000000,3822732.00000000,598782.00000000,3823500.00000000
train	000264	lower__20200518_160601_25_2304_3B_AnalyticMS_SR_8b_clip	pm5__20200506_20200523__0009	/scrfs/storage/yikebe/home/research/AR_Crop_Identification/make_dataset/raw_sentinel/pm5/pm5__20200506_20200523__0009	2020-05-18	604926.00000000,3822732.00000000,605694.00000000,3823500.00000000
train	000280	lower__20200518_160601_25_2304_3B_AnalyticMS_SR_8b_clip	pm5__20200506_20200523__0009	/scrfs/storage/yikebe/home/research/AR_Crop_Identification/make_dataset/raw_sentinel/pm5/pm5__20200506_20200523__0009	2020-05-18	601086.00000000,3821964.00000000,601854.00000000,3822732.00000000
train	000296	lower__20200518_160601_25_2304_3B_AnalyticMS_SR_8b_clip	pm5__20200506_20200523__0009	/scrfs/storage/yikebe/home/research/AR_Crop_Identification/make_dataset/raw_sentinel/pm5/pm5__20200506_20200523__0009	2020-05-18	605694.00000000,3821964.00000000,606462.00000000,3822732.00000000
train	000312	lower__20200518_160601_25_2304_3B_AnalyticMS_SR_8b_clip	pm5__20200506_20200523__0009	/scrfs/storage/yikebe/home/research/AR_Crop_Identification/make_dataset/raw_sentinel/pm5/pm5__20200506_20200523__0009	2020-05-18	582654.00000000,3821196.00000000,583422.00000000,3821964.00000000
train	000328	lower__20200518_160601_25_2304_3B_AnalyticMS_SR_8b_clip	pm5__20200506_20200523__0009	/scrfs/storage/yikebe/home/research/AR_Crop_Identification/make_dataset/raw_sentinel/pm5/pm5__20200506_20200523__0009	2020-05-18	583422.00000000,3821196.00000000,584190.00000000,3821964.00000000
train	000344	lower__20200518_160601_25_2304_3B_AnalyticMS_SR_8b_clip	pm5__20200506_20200523__0009	/scrfs/storage/yikebe/home/research/AR_Crop_Identification/make_dataset/raw_sentinel/pm5/pm5__20200506_20200523__0009	2020-05-18	585726.00000000,3821196.00000000,586494.00000000,3821964.00000000
train	000360	lower__20200518_160601_25_2304_3B_AnalyticMS_SR_8b_clip	pm5__20200506_20200523__0009	/scrfs/storage/yikebe/home/research/AR_Crop_Identification/make_dataset/raw_sentinel/pm5/pm5__20200506_20200523__0009	2020-05-18	582654.00000000,3820428.00000000,583422.00000000,3821196.00000000
train	000376	lower__20200518_160601_25_2304_3B_AnalyticMS_SR_8b_clip	pm5__20200506_20200523__0009	/scrfs/storage/yikebe/home/research/AR_Crop_Identification/make_dataset/raw_sentinel/pm5/pm5__20200506_20200523__0009	2020-05-18	584190.00000000,3819660.00000000,584958.00000000,3820428.00000000
train	000392	lower__20200518_160601_25_2304_3B_AnalyticMS_SR_8b_clip	pm5__20200506_20200523__0009	/scrfs/storage/yikebe/home/research/AR_Crop_Identification/make_dataset/raw_sentinel/pm5/pm5__20200506_20200523__0009	2020-05-18	597246.00000000,3819660.00000000,598014.00000000,3820428.00000000
train	000408	lower__20200518_160601_25_2304_3B_AnalyticMS_SR_8b_clip	pm5__20200506_20200523__0009	/scrfs/storage/yikebe/home/research/AR_Crop_Identification/make_dataset/raw_sentinel/pm5/pm5__20200506_20200523__0009	2020-05-18	584190.00000000,3818892.00000000,584958.00000000,3819660.00000000
train	000424	lower__20200518_160601_25_2304_3B_AnalyticMS_SR_8b_clip	pm5__20200506_20200523__0009	/scrfs/storage/yikebe/home/research/AR_Crop_Identification/make_dataset/raw_sentinel/pm5/pm5__20200506_20200523__0009	2020-05-18	591870.00000000,3818124.00000000,592638.00000000,3818892.00000000
train	000440	lower__20200518_160601_25_2304_3B_AnalyticMS_SR_8b_clip	pm5__20200506_20200523__0009	/scrfs/storage/yikebe/home/research/AR_Crop_Identification/make_dataset/raw_sentinel/pm5/pm5__20200506_20200523__0009	2020-05-18	594942.00000000,3818124.00000000,595710.00000000,3818892.00000000
train	000456	lower__20200518_160601_25_2304_3B_AnalyticMS_SR_8b_clip	pm5__20200506_20200523__0009	/scrfs/storage/yikebe/home/research/AR_Crop_Identification/make_dataset/raw_sentinel/pm5/pm5__20200506_20200523__0009	2020-05-18	595710.00000000,3818124.00000000,596478.00000000,3818892.00000000
train	000472	lower__20200518_160601_25_2304_3B_AnalyticMS_SR_8b_clip	pm5__20200506_20200523__0009	/scrfs/storage/yikebe/home/research/AR_Crop_Identification/make_dataset/raw_sentinel/pm5/pm5__20200506_20200523__0009	2020-05-18	607998.00000000,3818124.00000000,608766.00000000,3818892.00000000
train	000488	lower__20200518_160601_25_2304_3B_AnalyticMS_SR_8b_clip	pm5__20200506_20200523__0009	/scrfs/storage/yikebe/home/research/AR_Crop_Identification/make_dataset/raw_sentinel/pm5/pm5__20200506_20200523__0009	2020-05-18	586494.00000000,3817356.00000000,587262.00000000,3818124.00000000
train	000504	lower__20200518_160601_25_2304_3B_AnalyticMS_SR_8b_clip	pm5__20200506_20200523__0009	/scrfs/storage/yikebe/home/research/AR_Crop_Identification/make_dataset/raw_sentinel/pm5/pm5__20200506_20200523__0009	2020-05-18	596478.00000000,3817356.00000000,597246.00000000,3818124.00000000
train	000520	lower__20200518_160601_25_2304_3B_AnalyticMS_SR_8b_clip	pm5__20200506_20200523__0009	/scrfs/storage/yikebe/home/research/AR_Crop_Identification/make_dataset/raw_sentinel/pm5/pm5__20200506_20200523__0009	2020-05-18	605694.00000000,3817356.00000000,606462.00000000,3818124.00000000
train	000536	lower__20200518_160601_25_2304_3B_AnalyticMS_SR_8b_clip	pm5__20200506_20200523__0009	/scrfs/storage/yikebe/home/research/AR_Crop_Identification/make_dataset/raw_sentinel/pm5/pm5__20200506_20200523__0009	2020-05-18	607998.00000000,3817356.00000000,608766.00000000,3818124.00000000
train	000552	lower__20200518_160601_25_2304_3B_AnalyticMS_SR_8b_clip	pm5__20200506_20200523__0009	/scrfs/storage/yikebe/home/research/AR_Crop_Identification/make_dataset/raw_sentinel/pm5/pm5__20200506_20200523__0009	2020-05-18	607230.00000000,3816588.00000000,607998.00000000,3817356.00000000
train	000568	lower__20200518_160601_25_2304_3B_AnalyticMS_SR_8b_clip	pm5__20200506_20200523__0009	/scrfs/storage/yikebe/home/research/AR_Crop_Identification/make_dataset/raw_sentinel/pm5/pm5__20200506_20200523__0009	2020-05-18	607998.00000000,3816588.00000000,608766.00000000,3817356.00000000
train	000584	lower__20200518_160601_25_2304_3B_AnalyticMS_SR_8b_clip	pm5__20200506_20200523__0009	/scrfs/storage/yikebe/home/research/AR_Crop_Identification/make_dataset/raw_sentinel/pm5/pm5__20200506_20200523__0009	2020-05-18	609534.00000000,3816588.00000000,610302.00000000,3817356.00000000
train	000600	lower__20200518_160601_25_2304_3B_AnalyticMS_SR_8b_clip	pm5__20200506_20200523__0009	/scrfs/storage/yikebe/home/research/AR_Crop_Identification/make_dataset/raw_sentinel/pm5/pm5__20200506_20200523__0009	2020-05-18	606462.00000000,3815820.00000000,607230.00000000,3816588.00000000
train	000616	lower__20200518_160601_25_2304_3B_AnalyticMS_SR_8b_clip	pm5__20200506_20200523__0009	/scrfs/storage/yikebe/home/research/AR_Crop_Identification/make_dataset/raw_sentinel/pm5/pm5__20200506_20200523__0009	2020-05-18	607230.00000000,3815820.00000000,607998.00000000,3816588.00000000
train	000632	lower__20200518_160601_25_2304_3B_AnalyticMS_SR_8b_clip	pm5__20200506_20200523__0009	/scrfs/storage/yikebe/home/research/AR_Crop_Identification/make_dataset/raw_sentinel/pm5/pm5__20200506_20200523__0009	2020-05-18	607998.00000000,3815820.00000000,608766.00000000,3816588.00000000
train	000648	lower__20200518_160601_25_2304_3B_AnalyticMS_SR_8b_clip	pm5__20200506_20200523__0009	/scrfs/storage/yikebe/home/research/AR_Crop_Identification/make_dataset/raw_sentinel/pm5/pm5__20200506_20200523__0009	2020-05-18	610302.00000000,3815820.00000000,611070.00000000,3816588.00000000
train	000664	lower__20200518_160601_25_2304_3B_AnalyticMS_SR_8b_clip	pm5__20200506_20200523__0009	/scrfs/storage/yikebe/home/research/AR_Crop_Identification/make_dataset/raw_sentinel/pm5/pm5__20200506_20200523__0009	2020-05-18	600318.00000000,3815052.00000000,601086.00000000,3815820.00000000
train	000680	lower__20200518_160601_25_2304_3B_AnalyticMS_SR_8b_clip	pm5__20200506_20200523__0009	/scrfs/storage/yikebe/home/research/AR_Crop_Identification/make_dataset/raw_sentinel/pm5/pm5__20200506_20200523__0009	2020-05-18	607998.00000000,3815052.00000000,608766.00000000,3815820.00000000
train	000696	lower__20200518_160601_25_2304_3B_AnalyticMS_SR_8b_clip	pm5__20200506_20200523__0009	/scrfs/storage/yikebe/home/research/AR_Crop_Identification/make_dataset/raw_sentinel/pm5/pm5__20200506_20200523__0009	2020-05-18	610302.00000000,3815052.00000000,611070.00000000,3815820.00000000
train	000712	lower__20200518_160601_25_2304_3B_AnalyticMS_SR_8b_clip	pm5__20200506_20200523__0009	/scrfs/storage/yikebe/home/research/AR_Crop_Identification/make_dataset/raw_sentinel/pm5/pm5__20200506_20200523__0009	2020-05-18	604158.00000000,3814284.00000000,604926.00000000,3815052.00000000
train	000728	lower__20200518_160601_25_2304_3B_AnalyticMS_SR_8b_clip	pm5__20200506_20200523__0009	/scrfs/storage/yikebe/home/research/AR_Crop_Identification/make_dataset/raw_sentinel/pm5/pm5__20200506_20200523__0009	2020-05-18	606462.00000000,3814284.00000000,607230.00000000,3815052.00000000
train	000744	lower__20200518_160601_25_2304_3B_AnalyticMS_SR_8b_clip	pm5__20200506_20200523__0009	/scrfs/storage/yikebe/home/research/AR_Crop_Identification/make_dataset/raw_sentinel/pm5/pm5__20200506_20200523__0009	2020-05-18	607998.00000000,3814284.00000000,608766.00000000,3815052.00000000
train	000760	lower__20200518_160601_25_2304_3B_AnalyticMS_SR_8b_clip	pm5__20200506_20200523__0009	/scrfs/storage/yikebe/home/research/AR_Crop_Identification/make_dataset/raw_sentinel/pm5/pm5__20200506_20200523__0009	2020-05-18	603390.00000000,3813516.00000000,604158.00000000,3814284.00000000
train	000776	lower__20200518_160601_25_2304_3B_AnalyticMS_SR_8b_clip	pm5__20200506_20200523__0009	/scrfs/storage/yikebe/home/research/AR_Crop_Identification/make_dataset/raw_sentinel/pm5/pm5__20200506_20200523__0009	2020-05-18	587262.00000000,3811980.00000000,588030.00000000,3812748.00000000
train	000792	lower__20200518_160601_25_2304_3B_AnalyticMS_SR_8b_clip	pm5__20200506_20200523__0009	/scrfs/storage/yikebe/home/research/AR_Crop_Identification/make_dataset/raw_sentinel/pm5/pm5__20200506_20200523__0009	2020-05-18	602622.00000000,3811980.00000000,603390.00000000,3812748.00000000
train	000808	lower__20200518_160601_25_2304_3B_AnalyticMS_SR_8b_clip	pm5__20200506_20200523__0009	/scrfs/storage/yikebe/home/research/AR_Crop_Identification/make_dataset/raw_sentinel/pm5/pm5__20200506_20200523__0009	2020-05-18	609534.00000000,3811980.00000000,610302.00000000,3812748.00000000
train	000824	lower__20200518_160601_25_2304_3B_AnalyticMS_SR_8b_clip	pm5__20200506_20200523__0009	/scrfs/storage/yikebe/home/research/AR_Crop_Identification/make_dataset/raw_sentinel/pm5/pm5__20200506_20200523__0009	2020-05-18	587262.00000000,3811212.00000000,588030.00000000,3811980.00000000
train	000840	lower__20200518_160601_25_2304_3B_AnalyticMS_SR_8b_clip	pm5__20200506_20200523__0009	/scrfs/storage/yikebe/home/research/AR_Crop_Identification/make_dataset/raw_sentinel/pm5/pm5__20200506_20200523__0009	2020-05-18	588030.00000000,3811212.00000000,588798.00000000,3811980.00000000
train	000856	lower__20200518_160601_25_2304_3B_AnalyticMS_SR_8b_clip	pm5__20200506_20200523__0009	/scrfs/storage/yikebe/home/research/AR_Crop_Identification/make_dataset/raw_sentinel/pm5/pm5__20200506_20200523__0009	2020-05-18	601854.00000000,3811212.00000000,602622.00000000,3811980.00000000
train	000872	lower__20200518_160601_25_2304_3B_AnalyticMS_SR_8b_clip	pm5__20200506_20200523__0009	/scrfs/storage/yikebe/home/research/AR_Crop_Identification/make_dataset/raw_sentinel/pm5/pm5__20200506_20200523__0009	2020-05-18	587262.00000000,3810444.00000000,588030.00000000,3811212.00000000
train	000888	lower__20200518_160601_25_2304_3B_AnalyticMS_SR_8b_clip	pm5__20200506_20200523__0009	/scrfs/storage/yikebe/home/research/AR_Crop_Identification/make_dataset/raw_sentinel/pm5/pm5__20200506_20200523__0009	2020-05-18	588030.00000000,3810444.00000000,588798.00000000,3811212.00000000
train	000904	lower__20200518_160601_25_2304_3B_AnalyticMS_SR_8b_clip	pm5__20200506_20200523__0009	/scrfs/storage/yikebe/home/research/AR_Crop_Identification/make_dataset/raw_sentinel/pm5/pm5__20200506_20200523__0009	2020-05-18	597246.00000000,3810444.00000000,598014.00000000,3811212.00000000
train	000920	lower__20200518_160601_25_2304_3B_AnalyticMS_SR_8b_clip	pm5__20200506_20200523__0009	/scrfs/storage/yikebe/home/research/AR_Crop_Identification/make_dataset/raw_sentinel/pm5/pm5__20200506_20200523__0009	2020-05-18	601854.00000000,3810444.00000000,602622.00000000,3811212.00000000
train	000936	lower__20200518_160601_25_2304_3B_AnalyticMS_SR_8b_clip	pm5__20200506_20200523__0009	/scrfs/storage/yikebe/home/research/AR_Crop_Identification/make_dataset/raw_sentinel/pm5/pm5__20200506_20200523__0009	2020-05-18	604158.00000000,3810444.00000000,604926.00000000,3811212.00000000
train	000952	lower__20200518_160601_25_2304_3B_AnalyticMS_SR_8b_clip	pm5__20200506_20200523__0009	/scrfs/storage/yikebe/home/research/AR_Crop_Identification/make_dataset/raw_sentinel/pm5/pm5__20200506_20200523__0009	2020-05-18	587262.00000000,3809676.00000000,588030.00000000,3810444.00000000
train	000968	lower__20200518_160601_25_2304_3B_AnalyticMS_SR_8b_clip	pm5__20200506_20200523__0009	/scrfs/storage/yikebe/home/research/AR_Crop_Identification/make_dataset/raw_sentinel/pm5/pm5__20200506_20200523__0009	2020-05-18	588030.00000000,3809676.00000000,588798.00000000,3810444.00000000
train	000984	lower__20200518_160601_25_2304_3B_AnalyticMS_SR_8b_clip	pm5__20200506_20200523__0009	/scrfs/storage/yikebe/home/research/AR_Crop_Identification/make_dataset/raw_sentinel/pm5/pm5__20200506_20200523__0009	2020-05-18	591102.00000000,3809676.00000000,591870.00000000,3810444.00000000
train	001000	lower__20200518_160601_25_2304_3B_AnalyticMS_SR_8b_clip	pm5__20200506_20200523__0009	/scrfs/storage/yikebe/home/research/AR_Crop_Identification/make_dataset/raw_sentinel/pm5/pm5__20200506_20200523__0009	2020-05-18	587262.00000000,3808908.00000000,588030.00000000,3809676.00000000
train	001016	lower__20200518_160601_25_2304_3B_AnalyticMS_SR_8b_clip	pm5__20200506_20200523__0009	/scrfs/storage/yikebe/home/research/AR_Crop_Identification/make_dataset/raw_sentinel/pm5/pm5__20200506_20200523__0009	2020-05-18	588030.00000000,3808908.00000000,588798.00000000,3809676.00000000
train	001032	lower__20200518_160601_25_2304_3B_AnalyticMS_SR_8b_clip	pm5__20200506_20200523__0009	/scrfs/storage/yikebe/home/research/AR_Crop_Identification/make_dataset/raw_sentinel/pm5/pm5__20200506_20200523__0009	2020-05-18	608766.00000000,3808908.00000000,609534.00000000,3809676.00000000
train	001048	lower__20200518_160601_25_2304_3B_AnalyticMS_SR_8b_clip	pm5__20200506_20200523__0009	/scrfs/storage/yikebe/home/research/AR_Crop_Identification/make_dataset/raw_sentinel/pm5/pm5__20200506_20200523__0009	2020-05-18	598014.00000000,3808140.00000000,598782.00000000,3808908.00000000
train	001064	lower__20200518_160601_25_2304_3B_AnalyticMS_SR_8b_clip	pm5__20200506_20200523__0009	/scrfs/storage/yikebe/home/research/AR_Crop_Identification/make_dataset/raw_sentinel/pm5/pm5__20200506_20200523__0009	2020-05-18	601854.00000000,3808140.00000000,602622.00000000,3808908.00000000
train	001080	lower__20200518_160601_25_2304_3B_AnalyticMS_SR_8b_clip	pm5__20200506_20200523__0009	/scrfs/storage/yikebe/home/research/AR_Crop_Identification/make_dataset/raw_sentinel/pm5/pm5__20200506_20200523__0009	2020-05-18	605694.00000000,3807372.00000000,606462.00000000,3808140.00000000
train	001096	lower__20200518_160601_25_2304_3B_AnalyticMS_SR_8b_clip	pm5__20200506_20200523__0009	/scrfs/storage/yikebe/home/research/AR_Crop_Identification/make_dataset/raw_sentinel/pm5/pm5__20200506_20200523__0009	2020-05-18	606462.00000000,3807372.00000000,607230.00000000,3808140.00000000
train	001112	lower__20200518_160601_25_2304_3B_AnalyticMS_SR_8b_clip	pm5__20200506_20200523__0009	/scrfs/storage/yikebe/home/research/AR_Crop_Identification/make_dataset/raw_sentinel/pm5/pm5__20200506_20200523__0009	2020-05-18	606462.00000000,3806604.00000000,607230.00000000,3807372.00000000
train	001128	lower__20200518_160601_25_2304_3B_AnalyticMS_SR_8b_clip	pm5__20200506_20200523__0009	/scrfs/storage/yikebe/home/research/AR_Crop_Identification/make_dataset/raw_sentinel/pm5/pm5__20200506_20200523__0009	2020-05-18	600318.00000000,3805836.00000000,601086.00000000,3806604.00000000
train	001144	lower__20200910_155851_39_220b_3B_AnalyticMS_SR_8b_clip	pm5__20200905_20200924__0026	/scrfs/storage/yikebe/home/research/AR_Crop_Identification/make_dataset/raw_sentinel/pm5/pm5__20200905_20200924__0026	2020-09-07	716982.00000000,3782523.00000000,717750.00000000,3783291.00000000
train	001160	lower__20200910_155851_39_220b_3B_AnalyticMS_SR_8b_clip	pm5__20200905_20200924__0026	/scrfs/storage/yikebe/home/research/AR_Crop_Identification/make_dataset/raw_sentinel/pm5/pm5__20200905_20200924__0026	2020-09-07	726198.00000000,3780987.00000000,726966.00000000,3781755.00000000
train	001176	lower__20200910_155851_39_220b_3B_AnalyticMS_SR_8b_clip	pm5__20200905_20200924__0026	/scrfs/storage/yikebe/home/research/AR_Crop_Identification/make_dataset/raw_sentinel/pm5/pm5__20200905_20200924__0026	2020-09-07	722358.00000000,3777915.00000000,723126.00000000,3778683.00000000
train	001192	lower__20200910_155851_39_220b_3B_AnalyticMS_SR_8b_clip	pm5__20200905_20200924__0026	/scrfs/storage/yikebe/home/research/AR_Crop_Identification/make_dataset/raw_sentinel/pm5/pm5__20200905_20200924__0026	2020-09-07	722358.00000000,3777147.00000000,723126.00000000,3777915.00000000
train	001208	lower__20200910_155851_39_220b_3B_AnalyticMS_SR_8b_clip	pm5__20200905_20200924__0026	/scrfs/storage/yikebe/home/research/AR_Crop_Identification/make_dataset/raw_sentinel/pm5/pm5__20200905_20200924__0026	2020-09-07	727734.00000000,3777147.00000000,728502.00000000,3777915.00000000
train	001224	lower__20200910_155851_39_220b_3B_AnalyticMS_SR_8b_clip	pm5__20200905_20200924__0026	/scrfs/storage/yikebe/home/research/AR_Crop_Identification/make_dataset/raw_sentinel/pm5/pm5__20200905_20200924__0026	2020-09-07	712374.00000000,3773307.00000000,713142.00000000,3774075.00000000
train	001240	lower__20200910_155851_39_220b_3B_AnalyticMS_SR_8b_clip	pm5__20200905_20200924__0026	/scrfs/storage/yikebe/home/research/AR_Crop_Identification/make_dataset/raw_sentinel/pm5/pm5__20200905_20200924__0026	2020-09-07	716982.00000000,3773307.00000000,717750.00000000,3774075.00000000
train	001256	lower__20200910_155851_39_220b_3B_AnalyticMS_SR_8b_clip	pm5__20200905_20200924__0026	/scrfs/storage/yikebe/home/research/AR_Crop_Identification/make_dataset/raw_sentinel/pm5/pm5__20200905_20200924__0026	2020-09-07	712374.00000000,3772539.00000000,713142.00000000,3773307.00000000
train	001272	lower__20200910_155851_39_220b_3B_AnalyticMS_SR_8b_clip	pm5__20200905_20200924__0026	/scrfs/storage/yikebe/home/research/AR_Crop_Identification/make_dataset/raw_sentinel/pm5/pm5__20200905_20200924__0026	2020-09-07	710070.00000000,3771771.00000000,710838.00000000,3772539.00000000
train	001288	lower__20200910_155851_39_220b_3B_AnalyticMS_SR_8b_clip	pm5__20200905_20200924__0026	/scrfs/storage/yikebe/home/research/AR_Crop_Identification/make_dataset/raw_sentinel/pm5/pm5__20200905_20200924__0026	2020-09-07	722358.00000000,3771003.00000000,723126.00000000,3771771.00000000
train	001304	lower__20200910_155851_39_220b_3B_AnalyticMS_SR_8b_clip	pm5__20200905_20200924__0026	/scrfs/storage/yikebe/home/research/AR_Crop_Identification/make_dataset/raw_sentinel/pm5/pm5__20200905_20200924__0026	2020-09-07	734646.00000000,3768699.00000000,735414.00000000,3769467.00000000
train	001320	lower__20200910_155851_39_220b_3B_AnalyticMS_SR_8b_clip	pm5__20200905_20200924__0026	/scrfs/storage/yikebe/home/research/AR_Crop_Identification/make_dataset/raw_sentinel/pm5/pm5__20200905_20200924__0026	2020-09-07	716214.00000000,3767163.00000000,716982.00000000,3767931.00000000
train	001336	lower__20200910_155851_39_220b_3B_AnalyticMS_SR_8b_clip	pm5__20200905_20200924__0026	/scrfs/storage/yikebe/home/research/AR_Crop_Identification/make_dataset/raw_sentinel/pm5/pm5__20200905_20200924__0026	2020-09-07	723126.00000000,3767163.00000000,723894.00000000,3767931.00000000
train	001352	lower__20200910_155851_39_220b_3B_AnalyticMS_SR_8b_clip	pm5__20200905_20200924__0026	/scrfs/storage/yikebe/home/research/AR_Crop_Identification/make_dataset/raw_sentinel/pm5/pm5__20200905_20200924__0026	2020-09-07	708534.00000000,3766395.00000000,709302.00000000,3767163.00000000
train	001368	lower__20200910_155851_39_220b_3B_AnalyticMS_SR_8b_clip	pm5__20200905_20200924__0026	/scrfs/storage/yikebe/home/research/AR_Crop_Identification/make_dataset/raw_sentinel/pm5/pm5__20200905_20200924__0026	2020-09-07	720822.00000000,3766395.00000000,721590.00000000,3767163.00000000
train	001384	lower__20200910_155851_39_220b_3B_AnalyticMS_SR_8b_clip	pm5__20200905_20200924__0026	/scrfs/storage/yikebe/home/research/AR_Crop_Identification/make_dataset/raw_sentinel/pm5/pm5__20200905_20200924__0026	2020-09-07	721590.00000000,3766395.00000000,722358.00000000,3767163.00000000
train	001400	lower__20200910_155851_39_220b_3B_AnalyticMS_SR_8b_clip	pm5__20200905_20200924__0026	/scrfs/storage/yikebe/home/research/AR_Crop_Identification/make_dataset/raw_sentinel/pm5/pm5__20200905_20200924__0026	2020-09-07	722358.00000000,3766395.00000000,723126.00000000,3767163.00000000
train	001416	lower__20200910_155851_39_220b_3B_AnalyticMS_SR_8b_clip	pm5__20200905_20200924__0026	/scrfs/storage/yikebe/home/research/AR_Crop_Identification/make_dataset/raw_sentinel/pm5/pm5__20200905_20200924__0026	2020-09-07	723126.00000000,3766395.00000000,723894.00000000,3767163.00000000
train	001432	lower__20200910_155851_39_220b_3B_AnalyticMS_SR_8b_clip	pm5__20200905_20200924__0026	/scrfs/storage/yikebe/home/research/AR_Crop_Identification/make_dataset/raw_sentinel/pm5/pm5__20200905_20200924__0026	2020-09-07	725430.00000000,3766395.00000000,726198.00000000,3767163.00000000
train	001448	lower__20200910_155851_39_220b_3B_AnalyticMS_SR_8b_clip	pm5__20200905_20200924__0026	/scrfs/storage/yikebe/home/research/AR_Crop_Identification/make_dataset/raw_sentinel/pm5/pm5__20200905_20200924__0026	2020-09-07	721590.00000000,3765627.00000000,722358.00000000,3766395.00000000
train	001464	lower__20200910_155851_39_220b_3B_AnalyticMS_SR_8b_clip	pm5__20200905_20200924__0026	/scrfs/storage/yikebe/home/research/AR_Crop_Identification/make_dataset/raw_sentinel/pm5/pm5__20200905_20200924__0026	2020-09-07	722358.00000000,3765627.00000000,723126.00000000,3766395.00000000
train	001480	lower__20200910_155851_39_220b_3B_AnalyticMS_SR_8b_clip	pm5__20200905_20200924__0026	/scrfs/storage/yikebe/home/research/AR_Crop_Identification/make_dataset/raw_sentinel/pm5/pm5__20200905_20200924__0026	2020-09-07	723894.00000000,3765627.00000000,724662.00000000,3766395.00000000
train	001496	lower__20200910_155851_39_220b_3B_AnalyticMS_SR_8b_clip	pm5__20200905_20200924__0026	/scrfs/storage/yikebe/home/research/AR_Crop_Identification/make_dataset/raw_sentinel/pm5/pm5__20200905_20200924__0026	2020-09-07	721590.00000000,3764859.00000000,722358.00000000,3765627.00000000
train	001512	lower__20200910_155851_39_220b_3B_AnalyticMS_SR_8b_clip	pm5__20200905_20200924__0026	/scrfs/storage/yikebe/home/research/AR_Crop_Identification/make_dataset/raw_sentinel/pm5/pm5__20200905_20200924__0026	2020-09-07	720054.00000000,3764091.00000000,720822.00000000,3764859.00000000
train	001528	lower__20200910_155851_39_220b_3B_AnalyticMS_SR_8b_clip	pm5__20200905_20200924__0026	/scrfs/storage/yikebe/home/research/AR_Crop_Identification/make_dataset/raw_sentinel/pm5/pm5__20200905_20200924__0026	2020-09-07	720822.00000000,3764091.00000000,721590.00000000,3764859.00000000
train	001544	lower__20200910_155851_39_220b_3B_AnalyticMS_SR_8b_clip	pm5__20200905_20200924__0026	/scrfs/storage/yikebe/home/research/AR_Crop_Identification/make_dataset/raw_sentinel/pm5/pm5__20200905_20200924__0026	2020-09-07	721590.00000000,3764091.00000000,722358.00000000,3764859.00000000
train	001560	lower__20200910_155851_39_220b_3B_AnalyticMS_SR_8b_clip	pm5__20200905_20200924__0026	/scrfs/storage/yikebe/home/research/AR_Crop_Identification/make_dataset/raw_sentinel/pm5/pm5__20200905_20200924__0026	2020-09-07	722358.00000000,3764091.00000000,723126.00000000,3764859.00000000
train	001576	lower__20200910_155851_39_220b_3B_AnalyticMS_SR_8b_clip	pm5__20200905_20200924__0026	/scrfs/storage/yikebe/home/research/AR_Crop_Identification/make_dataset/raw_sentinel/pm5/pm5__20200905_20200924__0026	2020-09-07	723126.00000000,3764091.00000000,723894.00000000,3764859.00000000
train	001592	lower__20200910_155851_39_220b_3B_AnalyticMS_SR_8b_clip	pm5__20200905_20200924__0026	/scrfs/storage/yikebe/home/research/AR_Crop_Identification/make_dataset/raw_sentinel/pm5/pm5__20200905_20200924__0026	2020-09-07	722358.00000000,3763323.00000000,723126.00000000,3764091.00000000
train	001608	lower__20200910_155851_39_220b_3B_AnalyticMS_SR_8b_clip	pm5__20200905_20200924__0026	/scrfs/storage/yikebe/home/research/AR_Crop_Identification/make_dataset/raw_sentinel/pm5/pm5__20200905_20200924__0026	2020-09-07	723126.00000000,3763323.00000000,723894.00000000,3764091.00000000
train	001624	lower__20200910_155851_39_220b_3B_AnalyticMS_SR_8b_clip	pm5__20200905_20200924__0026	/scrfs/storage/yikebe/home/research/AR_Crop_Identification/make_dataset/raw_sentinel/pm5/pm5__20200905_20200924__0026	2020-09-07	726198.00000000,3763323.00000000,726966.00000000,3764091.00000000
train	001640	lower__20200910_160132_84_222c_3B_AnalyticMS_SR_8b_clip	pm5__20200905_20200924__0024	/scrfs/storage/yikebe/home/research/AR_Crop_Identification/make_dataset/raw_sentinel/pm5/pm5__20200905_20200924__0024	2020-09-07	650547.00000000,3756063.00000000,651315.00000000,3756831.00000000
train	001656	lower__20200910_160132_84_222c_3B_AnalyticMS_SR_8b_clip	pm5__20200905_20200924__0024	/scrfs/storage/yikebe/home/research/AR_Crop_Identification/make_dataset/raw_sentinel/pm5/pm5__20200905_20200924__0024	2020-09-07	651315.00000000,3756063.00000000,652083.00000000,3756831.00000000
train	001672	lower__20200910_160132_84_222c_3B_AnalyticMS_SR_8b_clip	pm5__20200905_20200924__0024	/scrfs/storage/yikebe/home/research/AR_Crop_Identification/make_dataset/raw_sentinel/pm5/pm5__20200905_20200924__0024	2020-09-07	649011.00000000,3749151.00000000,649779.00000000,3749919.00000000
train	001688	lower__20200910_160132_84_222c_3B_AnalyticMS_SR_8b_clip	pm5__20200905_20200924__0024	/scrfs/storage/yikebe/home/research/AR_Crop_Identification/make_dataset/raw_sentinel/pm5/pm5__20200905_20200924__0024	2020-09-07	652851.00000000,3746847.00000000,653619.00000000,3747615.00000000
train	001704	lower__20200910_160132_84_222c_3B_AnalyticMS_SR_8b_clip	pm5__20200905_20200924__0024	/scrfs/storage/yikebe/home/research/AR_Crop_Identification/make_dataset/raw_sentinel/pm5/pm5__20200905_20200924__0024	2020-09-07	655155.00000000,3746847.00000000,655923.00000000,3747615.00000000
train	001720	lower__20200911_160721_38_2277_3B_AnalyticMS_SR_8b_clip	pm5__20200905_20200924__0035	/scrfs/storage/yikebe/home/research/AR_Crop_Identification/make_dataset/raw_sentinel/pm5/pm5__20200905_20200924__0035	2020-09-15	634239.00000000,3844824.00000000,635007.00000000,3845592.00000000
train	001736	lower__20201110_160944_39_2279_3B_AnalyticMS_SR_8b_clip	pm5__20201105_20201124__0078	/scrfs/storage/yikebe/home/research/AR_Crop_Identification/make_dataset/raw_sentinel/pm5/pm5__20201105_20201124__0078	2020-11-11	620721.00000000,3783615.00000000,621489.00000000,3784383.00000000
train	001752	lower__20201110_160944_39_2279_3B_AnalyticMS_SR_8b_clip	pm5__20201105_20201124__0078	/scrfs/storage/yikebe/home/research/AR_Crop_Identification/make_dataset/raw_sentinel/pm5/pm5__20201105_20201124__0078	2020-11-11	621489.00000000,3782847.00000000,622257.00000000,3783615.00000000
train	001768	lower__20201110_160944_39_2279_3B_AnalyticMS_SR_8b_clip	pm5__20201105_20201124__0078	/scrfs/storage/yikebe/home/research/AR_Crop_Identification/make_dataset/raw_sentinel/pm5/pm5__20201105_20201124__0078	2020-11-11	614577.00000000,3782079.00000000,615345.00000000,3782847.00000000
train	001784	lower__20201110_160944_39_2279_3B_AnalyticMS_SR_8b_clip	pm5__20201105_20201124__0078	/scrfs/storage/yikebe/home/research/AR_Crop_Identification/make_dataset/raw_sentinel/pm5/pm5__20201105_20201124__0078	2020-11-11	613041.00000000,3774399.00000000,613809.00000000,3775167.00000000
train	001800	lower__20201110_160944_39_2279_3B_AnalyticMS_SR_8b_clip	pm5__20201105_20201124__0078	/scrfs/storage/yikebe/home/research/AR_Crop_Identification/make_dataset/raw_sentinel/pm5/pm5__20201105_20201124__0078	2020-11-11	625329.00000000,3773631.00000000,626097.00000000,3774399.00000000
train	001816	lower__20201110_160944_39_2279_3B_AnalyticMS_SR_8b_clip	pm5__20201105_20201124__0078	/scrfs/storage/yikebe/home/research/AR_Crop_Identification/make_dataset/raw_sentinel/pm5/pm5__20201105_20201124__0078	2020-11-11	625329.00000000,3772863.00000000,626097.00000000,3773631.00000000
train	001832	lower__20201110_160944_39_2279_3B_AnalyticMS_SR_8b_clip	pm5__20201105_20201124__0078	/scrfs/storage/yikebe/home/research/AR_Crop_Identification/make_dataset/raw_sentinel/pm5/pm5__20201105_20201124__0078	2020-11-11	626097.00000000,3772863.00000000,626865.00000000,3773631.00000000
train	001848	lower__20201110_160944_39_2279_3B_AnalyticMS_SR_8b_clip	pm5__20201105_20201124__0078	/scrfs/storage/yikebe/home/research/AR_Crop_Identification/make_dataset/raw_sentinel/pm5/pm5__20201105_20201124__0078	2020-11-11	625329.00000000,3772095.00000000,626097.00000000,3772863.00000000
train	001864	lower__20201110_160944_39_2279_3B_AnalyticMS_SR_8b_clip	pm5__20201105_20201124__0078	/scrfs/storage/yikebe/home/research/AR_Crop_Identification/make_dataset/raw_sentinel/pm5/pm5__20201105_20201124__0078	2020-11-11	616113.00000000,3769023.00000000,616881.00000000,3769791.00000000
train	001880	lower__20201110_160944_39_2279_3B_AnalyticMS_SR_8b_clip	pm5__20201105_20201124__0078	/scrfs/storage/yikebe/home/research/AR_Crop_Identification/make_dataset/raw_sentinel/pm5/pm5__20201105_20201124__0078	2020-11-11	629169.00000000,3767487.00000000,629937.00000000,3768255.00000000
train	001896	lower__20201110_160944_39_2279_3B_AnalyticMS_SR_8b_clip	pm5__20201105_20201124__0078	/scrfs/storage/yikebe/home/research/AR_Crop_Identification/make_dataset/raw_sentinel/pm5/pm5__20201105_20201124__0078	2020-11-11	633009.00000000,3767487.00000000,633777.00000000,3768255.00000000
train	001912	lower__20201110_160944_39_2279_3B_AnalyticMS_SR_8b_clip	pm5__20201105_20201124__0078	/scrfs/storage/yikebe/home/research/AR_Crop_Identification/make_dataset/raw_sentinel/pm5/pm5__20201105_20201124__0078	2020-11-11	621489.00000000,3766719.00000000,622257.00000000,3767487.00000000
train	001928	lower__20201110_160944_39_2279_3B_AnalyticMS_SR_8b_clip	pm5__20201105_20201124__0078	/scrfs/storage/yikebe/home/research/AR_Crop_Identification/make_dataset/raw_sentinel/pm5/pm5__20201105_20201124__0078	2020-11-11	628401.00000000,3766719.00000000,629169.00000000,3767487.00000000
train	001944	lower__20201110_160944_39_2279_3B_AnalyticMS_SR_8b_clip	pm5__20201105_20201124__0078	/scrfs/storage/yikebe/home/research/AR_Crop_Identification/make_dataset/raw_sentinel/pm5/pm5__20201105_20201124__0078	2020-11-11	623025.00000000,3765951.00000000,623793.00000000,3766719.00000000
train	001960	lower__20201110_160944_39_2279_3B_AnalyticMS_SR_8b_clip	pm5__20201105_20201124__0078	/scrfs/storage/yikebe/home/research/AR_Crop_Identification/make_dataset/raw_sentinel/pm5/pm5__20201105_20201124__0078	2020-11-11	629937.00000000,3765951.00000000,630705.00000000,3766719.00000000
train	001976	lower__20201110_160944_39_2279_3B_AnalyticMS_SR_8b_clip	pm5__20201105_20201124__0078	/scrfs/storage/yikebe/home/research/AR_Crop_Identification/make_dataset/raw_sentinel/pm5/pm5__20201105_20201124__0078	2020-11-11	632241.00000000,3765951.00000000,633009.00000000,3766719.00000000
train	001992	lower__20201110_160944_39_2279_3B_AnalyticMS_SR_8b_clip	pm5__20201105_20201124__0078	/scrfs/storage/yikebe/home/research/AR_Crop_Identification/make_dataset/raw_sentinel/pm5/pm5__20201105_20201124__0078	2020-11-11	632241.00000000,3765183.00000000,633009.00000000,3765951.00000000
train	002008	lower__20201110_160944_39_2279_3B_AnalyticMS_SR_8b_clip	pm5__20201105_20201124__0078	/scrfs/storage/yikebe/home/research/AR_Crop_Identification/make_dataset/raw_sentinel/pm5/pm5__20201105_20201124__0078	2020-11-11	619953.00000000,3763647.00000000,620721.00000000,3764415.00000000
train	002024	lower__20201110_160944_39_2279_3B_AnalyticMS_SR_8b_clip	pm5__20201105_20201124__0078	/scrfs/storage/yikebe/home/research/AR_Crop_Identification/make_dataset/raw_sentinel/pm5/pm5__20201105_20201124__0078	2020-11-11	621489.00000000,3763647.00000000,622257.00000000,3764415.00000000
train	002040	lower__20201110_160944_39_2279_3B_AnalyticMS_SR_8b_clip	pm5__20201105_20201124__0078	/scrfs/storage/yikebe/home/research/AR_Crop_Identification/make_dataset/raw_sentinel/pm5/pm5__20201105_20201124__0078	2020-11-11	623025.00000000,3762879.00000000,623793.00000000,3763647.00000000
train	002056	lower__20201110_160944_39_2279_3B_AnalyticMS_SR_8b_clip	pm5__20201105_20201124__0078	/scrfs/storage/yikebe/home/research/AR_Crop_Identification/make_dataset/raw_sentinel/pm5/pm5__20201105_20201124__0078	2020-11-11	624561.00000000,3762879.00000000,625329.00000000,3763647.00000000
train	002072	lower__20201111_165324_72_2401_3B_AnalyticMS_SR_8b_clip	pm5__20201105_20201124__0121	/scrfs/storage/yikebe/home/research/AR_Crop_Identification/make_dataset/raw_sentinel/pm5/pm5__20201105_20201124__0121	2020-11-11	728442.00000000,3791100.00000000,729210.00000000,3791868.00000000
train	002088	lower__20201111_165324_72_2401_3B_AnalyticMS_SR_8b_clip	pm5__20201105_20201124__0121	/scrfs/storage/yikebe/home/research/AR_Crop_Identification/make_dataset/raw_sentinel/pm5/pm5__20201105_20201124__0121	2020-11-11	729978.00000000,3791100.00000000,730746.00000000,3791868.00000000
train	002104	lower__20201111_165324_72_2401_3B_AnalyticMS_SR_8b_clip	pm5__20201105_20201124__0121	/scrfs/storage/yikebe/home/research/AR_Crop_Identification/make_dataset/raw_sentinel/pm5/pm5__20201105_20201124__0121	2020-11-11	719226.00000000,3788028.00000000,719994.00000000,3788796.00000000
train	002120	lower__20201111_165324_72_2401_3B_AnalyticMS_SR_8b_clip	pm5__20201105_20201124__0121	/scrfs/storage/yikebe/home/research/AR_Crop_Identification/make_dataset/raw_sentinel/pm5/pm5__20201105_20201124__0121	2020-11-11	719226.00000000,3787260.00000000,719994.00000000,3788028.00000000
train	002136	lower__20201111_165324_72_2401_3B_AnalyticMS_SR_8b_clip	pm5__20201105_20201124__0121	/scrfs/storage/yikebe/home/research/AR_Crop_Identification/make_dataset/raw_sentinel/pm5/pm5__20201105_20201124__0121	2020-11-11	739962.00000000,3787260.00000000,740730.00000000,3788028.00000000
train	002152	lower__20201111_165324_72_2401_3B_AnalyticMS_SR_8b_clip	pm5__20201105_20201124__0121	/scrfs/storage/yikebe/home/research/AR_Crop_Identification/make_dataset/raw_sentinel/pm5/pm5__20201105_20201124__0121	2020-11-11	716154.00000000,3786492.00000000,716922.00000000,3787260.00000000
train	002168	lower__20201111_165324_72_2401_3B_AnalyticMS_SR_8b_clip	pm5__20201105_20201124__0121	/scrfs/storage/yikebe/home/research/AR_Crop_Identification/make_dataset/raw_sentinel/pm5/pm5__20201105_20201124__0121	2020-11-11	719226.00000000,3786492.00000000,719994.00000000,3787260.00000000
train	002184	lower__20201111_165324_72_2401_3B_AnalyticMS_SR_8b_clip	pm5__20201105_20201124__0121	/scrfs/storage/yikebe/home/research/AR_Crop_Identification/make_dataset/raw_sentinel/pm5/pm5__20201105_20201124__0121	2020-11-11	726138.00000000,3786492.00000000,726906.00000000,3787260.00000000
train	002200	lower__20201111_165324_72_2401_3B_AnalyticMS_SR_8b_clip	pm5__20201105_20201124__0121	/scrfs/storage/yikebe/home/research/AR_Crop_Identification/make_dataset/raw_sentinel/pm5/pm5__20201105_20201124__0121	2020-11-11	726906.00000000,3786492.00000000,727674.00000000,3787260.00000000
train	002216	lower__20201111_165324_72_2401_3B_AnalyticMS_SR_8b_clip	pm5__20201105_20201124__0121	/scrfs/storage/yikebe/home/research/AR_Crop_Identification/make_dataset/raw_sentinel/pm5/pm5__20201105_20201124__0121	2020-11-11	716922.00000000,3785724.00000000,717690.00000000,3786492.00000000
train	002232	lower__20201111_165324_72_2401_3B_AnalyticMS_SR_8b_clip	pm5__20201105_20201124__0121	/scrfs/storage/yikebe/home/research/AR_Crop_Identification/make_dataset/raw_sentinel/pm5/pm5__20201105_20201124__0121	2020-11-11	717690.00000000,3785724.00000000,718458.00000000,3786492.00000000
train	002248	lower__20201111_165324_72_2401_3B_AnalyticMS_SR_8b_clip	pm5__20201105_20201124__0121	/scrfs/storage/yikebe/home/research/AR_Crop_Identification/make_dataset/raw_sentinel/pm5/pm5__20201105_20201124__0121	2020-11-11	718458.00000000,3785724.00000000,719226.00000000,3786492.00000000
train	002264	lower__20201111_165324_72_2401_3B_AnalyticMS_SR_8b_clip	pm5__20201105_20201124__0121	/scrfs/storage/yikebe/home/research/AR_Crop_Identification/make_dataset/raw_sentinel/pm5/pm5__20201105_20201124__0121	2020-11-11	726138.00000000,3785724.00000000,726906.00000000,3786492.00000000
train	002280	lower__20201111_165324_72_2401_3B_AnalyticMS_SR_8b_clip	pm5__20201105_20201124__0121	/scrfs/storage/yikebe/home/research/AR_Crop_Identification/make_dataset/raw_sentinel/pm5/pm5__20201105_20201124__0121	2020-11-11	726906.00000000,3785724.00000000,727674.00000000,3786492.00000000
train	002296	lower__20201111_165324_72_2401_3B_AnalyticMS_SR_8b_clip	pm5__20201105_20201124__0121	/scrfs/storage/yikebe/home/research/AR_Crop_Identification/make_dataset/raw_sentinel/pm5/pm5__20201105_20201124__0121	2020-11-11	736122.00000000,3785724.00000000,736890.00000000,3786492.00000000
train	002312	lower__20201111_165324_72_2401_3B_AnalyticMS_SR_8b_clip	pm5__20201105_20201124__0121	/scrfs/storage/yikebe/home/research/AR_Crop_Identification/make_dataset/raw_sentinel/pm5/pm5__20201105_20201124__0121	2020-11-11	718458.00000000,3784956.00000000,719226.00000000,3785724.00000000
train	002328	lower__20201111_165324_72_2401_3B_AnalyticMS_SR_8b_clip	pm5__20201105_20201124__0121	/scrfs/storage/yikebe/home/research/AR_Crop_Identification/make_dataset/raw_sentinel/pm5/pm5__20201105_20201124__0121	2020-11-11	725370.00000000,3784956.00000000,726138.00000000,3785724.00000000
train	002344	lower__20201111_165324_72_2401_3B_AnalyticMS_SR_8b_clip	pm5__20201105_20201124__0121	/scrfs/storage/yikebe/home/research/AR_Crop_Identification/make_dataset/raw_sentinel/pm5/pm5__20201105_20201124__0121	2020-11-11	726138.00000000,3784956.00000000,726906.00000000,3785724.00000000
train	002360	lower__20201111_165324_72_2401_3B_AnalyticMS_SR_8b_clip	pm5__20201105_20201124__0121	/scrfs/storage/yikebe/home/research/AR_Crop_Identification/make_dataset/raw_sentinel/pm5/pm5__20201105_20201124__0121	2020-11-11	726906.00000000,3784956.00000000,727674.00000000,3785724.00000000
train	002376	lower__20201111_165324_72_2401_3B_AnalyticMS_SR_8b_clip	pm5__20201105_20201124__0121	/scrfs/storage/yikebe/home/research/AR_Crop_Identification/make_dataset/raw_sentinel/pm5/pm5__20201105_20201124__0121	2020-11-11	728442.00000000,3784956.00000000,729210.00000000,3785724.00000000
train	002392	lower__20201111_165324_72_2401_3B_AnalyticMS_SR_8b_clip	pm5__20201105_20201124__0121	/scrfs/storage/yikebe/home/research/AR_Crop_Identification/make_dataset/raw_sentinel/pm5/pm5__20201105_20201124__0121	2020-11-11	729210.00000000,3784956.00000000,729978.00000000,3785724.00000000
train	002408	lower__20201111_165324_72_2401_3B_AnalyticMS_SR_8b_clip	pm5__20201105_20201124__0121	/scrfs/storage/yikebe/home/research/AR_Crop_Identification/make_dataset/raw_sentinel/pm5/pm5__20201105_20201124__0121	2020-11-11	733818.00000000,3784956.00000000,734586.00000000,3785724.00000000
train	002424	lower__20201111_165324_72_2401_3B_AnalyticMS_SR_8b_clip	pm5__20201105_20201124__0121	/scrfs/storage/yikebe/home/research/AR_Crop_Identification/make_dataset/raw_sentinel/pm5/pm5__20201105_20201124__0121	2020-11-11	734586.00000000,3784956.00000000,735354.00000000,3785724.00000000
train	002440	lower__20201111_165324_72_2401_3B_AnalyticMS_SR_8b_clip	pm5__20201105_20201124__0121	/scrfs/storage/yikebe/home/research/AR_Crop_Identification/make_dataset/raw_sentinel/pm5/pm5__20201105_20201124__0121	2020-11-11	736122.00000000,3784956.00000000,736890.00000000,3785724.00000000
train	002456	lower__20201111_165324_72_2401_3B_AnalyticMS_SR_8b_clip	pm5__20201105_20201124__0121	/scrfs/storage/yikebe/home/research/AR_Crop_Identification/make_dataset/raw_sentinel/pm5/pm5__20201105_20201124__0121	2020-11-11	718458.00000000,3784188.00000000,719226.00000000,3784956.00000000
train	002472	lower__20201111_165324_72_2401_3B_AnalyticMS_SR_8b_clip	pm5__20201105_20201124__0121	/scrfs/storage/yikebe/home/research/AR_Crop_Identification/make_dataset/raw_sentinel/pm5/pm5__20201105_20201124__0121	2020-11-11	719226.00000000,3784188.00000000,719994.00000000,3784956.00000000
train	002488	lower__20201111_165324_72_2401_3B_AnalyticMS_SR_8b_clip	pm5__20201105_20201124__0121	/scrfs/storage/yikebe/home/research/AR_Crop_Identification/make_dataset/raw_sentinel/pm5/pm5__20201105_20201124__0121	2020-11-11	719994.00000000,3784188.00000000,720762.00000000,3784956.00000000
train	002504	lower__20201111_165324_72_2401_3B_AnalyticMS_SR_8b_clip	pm5__20201105_20201124__0121	/scrfs/storage/yikebe/home/research/AR_Crop_Identification/make_dataset/raw_sentinel/pm5/pm5__20201105_20201124__0121	2020-11-11	723834.00000000,3784188.00000000,724602.00000000,3784956.00000000
train	002520	lower__20201111_165324_72_2401_3B_AnalyticMS_SR_8b_clip	pm5__20201105_20201124__0121	/scrfs/storage/yikebe/home/research/AR_Crop_Identification/make_dataset/raw_sentinel/pm5/pm5__20201105_20201124__0121	2020-11-11	725370.00000000,3784188.00000000,726138.00000000,3784956.00000000
train	002536	lower__20201111_165324_72_2401_3B_AnalyticMS_SR_8b_clip	pm5__20201105_20201124__0121	/scrfs/storage/yikebe/home/research/AR_Crop_Identification/make_dataset/raw_sentinel/pm5/pm5__20201105_20201124__0121	2020-11-11	727674.00000000,3784188.00000000,728442.00000000,3784956.00000000
train	002552	lower__20201111_165324_72_2401_3B_AnalyticMS_SR_8b_clip	pm5__20201105_20201124__0121	/scrfs/storage/yikebe/home/research/AR_Crop_Identification/make_dataset/raw_sentinel/pm5/pm5__20201105_20201124__0121	2020-11-11	722298.00000000,3783420.00000000,723066.00000000,3784188.00000000
train	002568	lower__20201111_165324_72_2401_3B_AnalyticMS_SR_8b_clip	pm5__20201105_20201124__0121	/scrfs/storage/yikebe/home/research/AR_Crop_Identification/make_dataset/raw_sentinel/pm5/pm5__20201105_20201124__0121	2020-11-11	723834.00000000,3783420.00000000,724602.00000000,3784188.00000000
train	002584	lower__20201111_165324_72_2401_3B_AnalyticMS_SR_8b_clip	pm5__20201105_20201124__0121	/scrfs/storage/yikebe/home/research/AR_Crop_Identification/make_dataset/raw_sentinel/pm5/pm5__20201105_20201124__0121	2020-11-11	724602.00000000,3783420.00000000,725370.00000000,3784188.00000000
train	002600	lower__20201111_165324_72_2401_3B_AnalyticMS_SR_8b_clip	pm5__20201105_20201124__0121	/scrfs/storage/yikebe/home/research/AR_Crop_Identification/make_dataset/raw_sentinel/pm5/pm5__20201105_20201124__0121	2020-11-11	725370.00000000,3783420.00000000,726138.00000000,3784188.00000000
train	002616	lower__20201111_165324_72_2401_3B_AnalyticMS_SR_8b_clip	pm5__20201105_20201124__0121	/scrfs/storage/yikebe/home/research/AR_Crop_Identification/make_dataset/raw_sentinel/pm5/pm5__20201105_20201124__0121	2020-11-11	719994.00000000,3782652.00000000,720762.00000000,3783420.00000000
train	002632	lower__20201111_165324_72_2401_3B_AnalyticMS_SR_8b_clip	pm5__20201105_20201124__0121	/scrfs/storage/yikebe/home/research/AR_Crop_Identification/make_dataset/raw_sentinel/pm5/pm5__20201105_20201124__0121	2020-11-11	725370.00000000,3782652.00000000,726138.00000000,3783420.00000000
train	002648	lower__20201111_165324_72_2401_3B_AnalyticMS_SR_8b_clip	pm5__20201105_20201124__0121	/scrfs/storage/yikebe/home/research/AR_Crop_Identification/make_dataset/raw_sentinel/pm5/pm5__20201105_20201124__0121	2020-11-11	719994.00000000,3781884.00000000,720762.00000000,3782652.00000000
train	002664	lower__20201111_165324_72_2401_3B_AnalyticMS_SR_8b_clip	pm5__20201105_20201124__0121	/scrfs/storage/yikebe/home/research/AR_Crop_Identification/make_dataset/raw_sentinel/pm5/pm5__20201105_20201124__0121	2020-11-11	736890.00000000,3781884.00000000,737658.00000000,3782652.00000000
train	002680	lower__20201111_165324_72_2401_3B_AnalyticMS_SR_8b_clip	pm5__20201105_20201124__0121	/scrfs/storage/yikebe/home/research/AR_Crop_Identification/make_dataset/raw_sentinel/pm5/pm5__20201105_20201124__0121	2020-11-11	742266.00000000,3781884.00000000,743034.00000000,3782652.00000000
train	002696	lower__20201111_165324_72_2401_3B_AnalyticMS_SR_8b_clip	pm5__20201105_20201124__0121	/scrfs/storage/yikebe/home/research/AR_Crop_Identification/make_dataset/raw_sentinel/pm5/pm5__20201105_20201124__0121	2020-11-11	724602.00000000,3781116.00000000,725370.00000000,3781884.00000000
train	002712	lower__20201111_165324_72_2401_3B_AnalyticMS_SR_8b_clip	pm5__20201105_20201124__0121	/scrfs/storage/yikebe/home/research/AR_Crop_Identification/make_dataset/raw_sentinel/pm5/pm5__20201105_20201124__0121	2020-11-11	726138.00000000,3781116.00000000,726906.00000000,3781884.00000000
train	002728	lower__20201111_165324_72_2401_3B_AnalyticMS_SR_8b_clip	pm5__20201105_20201124__0121	/scrfs/storage/yikebe/home/research/AR_Crop_Identification/make_dataset/raw_sentinel/pm5/pm5__20201105_20201124__0121	2020-11-11	736122.00000000,3781116.00000000,736890.00000000,3781884.00000000
train	002744	lower__20201111_165324_72_2401_3B_AnalyticMS_SR_8b_clip	pm5__20201105_20201124__0121	/scrfs/storage/yikebe/home/research/AR_Crop_Identification/make_dataset/raw_sentinel/pm5/pm5__20201105_20201124__0121	2020-11-11	736890.00000000,3781116.00000000,737658.00000000,3781884.00000000
train	002760	lower__20201111_165324_72_2401_3B_AnalyticMS_SR_8b_clip	pm5__20201105_20201124__0121	/scrfs/storage/yikebe/home/research/AR_Crop_Identification/make_dataset/raw_sentinel/pm5/pm5__20201105_20201124__0121	2020-11-11	738426.00000000,3781116.00000000,739194.00000000,3781884.00000000
train	002776	lower__20201111_165324_72_2401_3B_AnalyticMS_SR_8b_clip	pm5__20201105_20201124__0121	/scrfs/storage/yikebe/home/research/AR_Crop_Identification/make_dataset/raw_sentinel/pm5/pm5__20201105_20201124__0121	2020-11-11	742266.00000000,3781116.00000000,743034.00000000,3781884.00000000
train	002792	lower__20201111_165324_72_2401_3B_AnalyticMS_SR_8b_clip	pm5__20201105_20201124__0121	/scrfs/storage/yikebe/home/research/AR_Crop_Identification/make_dataset/raw_sentinel/pm5/pm5__20201105_20201124__0121	2020-11-11	714618.00000000,3780348.00000000,715386.00000000,3781116.00000000
train	002808	lower__20201111_165324_72_2401_3B_AnalyticMS_SR_8b_clip	pm5__20201105_20201124__0121	/scrfs/storage/yikebe/home/research/AR_Crop_Identification/make_dataset/raw_sentinel/pm5/pm5__20201105_20201124__0121	2020-11-11	722298.00000000,3780348.00000000,723066.00000000,3781116.00000000
train	002824	lower__20201111_165324_72_2401_3B_AnalyticMS_SR_8b_clip	pm5__20201105_20201124__0121	/scrfs/storage/yikebe/home/research/AR_Crop_Identification/make_dataset/raw_sentinel/pm5/pm5__20201105_20201124__0121	2020-11-11	724602.00000000,3780348.00000000,725370.00000000,3781116.00000000
train	002840	lower__20201111_165324_72_2401_3B_AnalyticMS_SR_8b_clip	pm5__20201105_20201124__0121	/scrfs/storage/yikebe/home/research/AR_Crop_Identification/make_dataset/raw_sentinel/pm5/pm5__20201105_20201124__0121	2020-11-11	714618.00000000,3779580.00000000,715386.00000000,3780348.00000000
train	002856	lower__20201111_165324_72_2401_3B_AnalyticMS_SR_8b_clip	pm5__20201105_20201124__0121	/scrfs/storage/yikebe/home/research/AR_Crop_Identification/make_dataset/raw_sentinel/pm5/pm5__20201105_20201124__0121	2020-11-11	715386.00000000,3779580.00000000,716154.00000000,3780348.00000000
train	002872	lower__20201111_165324_72_2401_3B_AnalyticMS_SR_8b_clip	pm5__20201105_20201124__0121	/scrfs/storage/yikebe/home/research/AR_Crop_Identification/make_dataset/raw_sentinel/pm5/pm5__20201105_20201124__0121	2020-11-11	716922.00000000,3779580.00000000,717690.00000000,3780348.00000000
train	002888	lower__20201111_165324_72_2401_3B_AnalyticMS_SR_8b_clip	pm5__20201105_20201124__0121	/scrfs/storage/yikebe/home/research/AR_Crop_Identification/make_dataset/raw_sentinel/pm5/pm5__20201105_20201124__0121	2020-11-11	717690.00000000,3779580.00000000,718458.00000000,3780348.00000000
train	002904	lower__20201111_165324_72_2401_3B_AnalyticMS_SR_8b_clip	pm5__20201105_20201124__0121	/scrfs/storage/yikebe/home/research/AR_Crop_Identification/make_dataset/raw_sentinel/pm5/pm5__20201105_20201124__0121	2020-11-11	729210.00000000,3779580.00000000,729978.00000000,3780348.00000000
train	002920	lower__20201111_165324_72_2401_3B_AnalyticMS_SR_8b_clip	pm5__20201105_20201124__0121	/scrfs/storage/yikebe/home/research/AR_Crop_Identification/make_dataset/raw_sentinel/pm5/pm5__20201105_20201124__0121	2020-11-11	717690.00000000,3778812.00000000,718458.00000000,3779580.00000000
train	002936	lower__20201111_165324_72_2401_3B_AnalyticMS_SR_8b_clip	pm5__20201105_20201124__0121	/scrfs/storage/yikebe/home/research/AR_Crop_Identification/make_dataset/raw_sentinel/pm5/pm5__20201105_20201124__0121	2020-11-11	724602.00000000,3778812.00000000,725370.00000000,3779580.00000000
train	002952	lower__20201111_165324_72_2401_3B_AnalyticMS_SR_8b_clip	pm5__20201105_20201124__0121	/scrfs/storage/yikebe/home/research/AR_Crop_Identification/make_dataset/raw_sentinel/pm5/pm5__20201105_20201124__0121	2020-11-11	736122.00000000,3778812.00000000,736890.00000000,3779580.00000000
train	002968	lower__20201111_165324_72_2401_3B_AnalyticMS_SR_8b_clip	pm5__20201105_20201124__0121	/scrfs/storage/yikebe/home/research/AR_Crop_Identification/make_dataset/raw_sentinel/pm5/pm5__20201105_20201124__0121	2020-11-11	736890.00000000,3778812.00000000,737658.00000000,3779580.00000000
train	002984	lower__20201111_165324_72_2401_3B_AnalyticMS_SR_8b_clip	pm5__20201105_20201124__0121	/scrfs/storage/yikebe/home/research/AR_Crop_Identification/make_dataset/raw_sentinel/pm5/pm5__20201105_20201124__0121	2020-11-11	739962.00000000,3778812.00000000,740730.00000000,3779580.00000000
train	003000	lower__20201111_165324_72_2401_3B_AnalyticMS_SR_8b_clip	pm5__20201105_20201124__0121	/scrfs/storage/yikebe/home/research/AR_Crop_Identification/make_dataset/raw_sentinel/pm5/pm5__20201105_20201124__0121	2020-11-11	741498.00000000,3778812.00000000,742266.00000000,3779580.00000000
train	003016	lower__20201111_165324_72_2401_3B_AnalyticMS_SR_8b_clip	pm5__20201105_20201124__0121	/scrfs/storage/yikebe/home/research/AR_Crop_Identification/make_dataset/raw_sentinel/pm5/pm5__20201105_20201124__0121	2020-11-11	722298.00000000,3778044.00000000,723066.00000000,3778812.00000000
train	003032	lower__20201111_165324_72_2401_3B_AnalyticMS_SR_8b_clip	pm5__20201105_20201124__0121	/scrfs/storage/yikebe/home/research/AR_Crop_Identification/make_dataset/raw_sentinel/pm5/pm5__20201105_20201124__0121	2020-11-11	726138.00000000,3778044.00000000,726906.00000000,3778812.00000000
train	003048	lower__20201111_165324_72_2401_3B_AnalyticMS_SR_8b_clip	pm5__20201105_20201124__0121	/scrfs/storage/yikebe/home/research/AR_Crop_Identification/make_dataset/raw_sentinel/pm5/pm5__20201105_20201124__0121	2020-11-11	726138.00000000,3777276.00000000,726906.00000000,3778044.00000000
train	003064	lower__20201111_165324_72_2401_3B_AnalyticMS_SR_8b_clip	pm5__20201105_20201124__0121	/scrfs/storage/yikebe/home/research/AR_Crop_Identification/make_dataset/raw_sentinel/pm5/pm5__20201105_20201124__0121	2020-11-11	728442.00000000,3777276.00000000,729210.00000000,3778044.00000000
train	003080	lower__20201111_165324_72_2401_3B_AnalyticMS_SR_8b_clip	pm5__20201105_20201124__0121	/scrfs/storage/yikebe/home/research/AR_Crop_Identification/make_dataset/raw_sentinel/pm5/pm5__20201105_20201124__0121	2020-11-11	733818.00000000,3777276.00000000,734586.00000000,3778044.00000000
train	003096	lower__20201111_165324_72_2401_3B_AnalyticMS_SR_8b_clip	pm5__20201105_20201124__0121	/scrfs/storage/yikebe/home/research/AR_Crop_Identification/make_dataset/raw_sentinel/pm5/pm5__20201105_20201124__0121	2020-11-11	717690.00000000,3776508.00000000,718458.00000000,3777276.00000000
train	003112	lower__20201111_165324_72_2401_3B_AnalyticMS_SR_8b_clip	pm5__20201105_20201124__0121	/scrfs/storage/yikebe/home/research/AR_Crop_Identification/make_dataset/raw_sentinel/pm5/pm5__20201105_20201124__0121	2020-11-11	721530.00000000,3776508.00000000,722298.00000000,3777276.00000000
train	003128	lower__20201111_165324_72_2401_3B_AnalyticMS_SR_8b_clip	pm5__20201105_20201124__0121	/scrfs/storage/yikebe/home/research/AR_Crop_Identification/make_dataset/raw_sentinel/pm5/pm5__20201105_20201124__0121	2020-11-11	729210.00000000,3776508.00000000,729978.00000000,3777276.00000000
train	003144	lower__20201111_165324_72_2401_3B_AnalyticMS_SR_8b_clip	pm5__20201105_20201124__0121	/scrfs/storage/yikebe/home/research/AR_Crop_Identification/make_dataset/raw_sentinel/pm5/pm5__20201105_20201124__0121	2020-11-11	729978.00000000,3776508.00000000,730746.00000000,3777276.00000000
train	003160	lower__20201111_165324_72_2401_3B_AnalyticMS_SR_8b_clip	pm5__20201105_20201124__0121	/scrfs/storage/yikebe/home/research/AR_Crop_Identification/make_dataset/raw_sentinel/pm5/pm5__20201105_20201124__0121	2020-11-11	736890.00000000,3776508.00000000,737658.00000000,3777276.00000000
train	003176	lower__20201111_165324_72_2401_3B_AnalyticMS_SR_8b_clip	pm5__20201105_20201124__0121	/scrfs/storage/yikebe/home/research/AR_Crop_Identification/make_dataset/raw_sentinel/pm5/pm5__20201105_20201124__0121	2020-11-11	712314.00000000,3774972.00000000,713082.00000000,3775740.00000000
train	003192	lower__20201111_165324_72_2401_3B_AnalyticMS_SR_8b_clip	pm5__20201105_20201124__0121	/scrfs/storage/yikebe/home/research/AR_Crop_Identification/make_dataset/raw_sentinel/pm5/pm5__20201105_20201124__0121	2020-11-11	721530.00000000,3774972.00000000,722298.00000000,3775740.00000000
train	003208	lower__20201111_165324_72_2401_3B_AnalyticMS_SR_8b_clip	pm5__20201105_20201124__0121	/scrfs/storage/yikebe/home/research/AR_Crop_Identification/make_dataset/raw_sentinel/pm5/pm5__20201105_20201124__0121	2020-11-11	729978.00000000,3774972.00000000,730746.00000000,3775740.00000000
train	003224	lower__20201111_165324_72_2401_3B_AnalyticMS_SR_8b_clip	pm5__20201105_20201124__0121	/scrfs/storage/yikebe/home/research/AR_Crop_Identification/make_dataset/raw_sentinel/pm5/pm5__20201105_20201124__0121	2020-11-11	730746.00000000,3774972.00000000,731514.00000000,3775740.00000000
train	003240	lower__20201111_165324_72_2401_3B_AnalyticMS_SR_8b_clip	pm5__20201105_20201124__0121	/scrfs/storage/yikebe/home/research/AR_Crop_Identification/make_dataset/raw_sentinel/pm5/pm5__20201105_20201124__0121	2020-11-11	731514.00000000,3774972.00000000,732282.00000000,3775740.00000000
train	003256	lower__20201111_165324_72_2401_3B_AnalyticMS_SR_8b_clip	pm5__20201105_20201124__0121	/scrfs/storage/yikebe/home/research/AR_Crop_Identification/make_dataset/raw_sentinel/pm5/pm5__20201105_20201124__0121	2020-11-11	712314.00000000,3774204.00000000,713082.00000000,3774972.00000000
train	003272	lower__20201111_165324_72_2401_3B_AnalyticMS_SR_8b_clip	pm5__20201105_20201124__0121	/scrfs/storage/yikebe/home/research/AR_Crop_Identification/make_dataset/raw_sentinel/pm5/pm5__20201105_20201124__0121	2020-11-11	713082.00000000,3774204.00000000,713850.00000000,3774972.00000000
train	003288	lower__20201111_165324_72_2401_3B_AnalyticMS_SR_8b_clip	pm5__20201105_20201124__0121	/scrfs/storage/yikebe/home/research/AR_Crop_Identification/make_dataset/raw_sentinel/pm5/pm5__20201105_20201124__0121	2020-11-11	733818.00000000,3773436.00000000,734586.00000000,3774204.00000000
train	003304	lower__20201111_165324_72_2401_3B_AnalyticMS_SR_8b_clip	pm5__20201105_20201124__0121	/scrfs/storage/yikebe/home/research/AR_Crop_Identification/make_dataset/raw_sentinel/pm5/pm5__20201105_20201124__0121	2020-11-11	734586.00000000,3772668.00000000,735354.00000000,3773436.00000000
train	003320	lower__20201111_165324_72_2401_3B_AnalyticMS_SR_8b_clip	pm5__20201105_20201124__0121	/scrfs/storage/yikebe/home/research/AR_Crop_Identification/make_dataset/raw_sentinel/pm5/pm5__20201105_20201124__0121	2020-11-11	735354.00000000,3772668.00000000,736122.00000000,3773436.00000000
train	003336	lower__20201111_165324_72_2401_3B_AnalyticMS_SR_8b_clip	pm5__20201105_20201124__0121	/scrfs/storage/yikebe/home/research/AR_Crop_Identification/make_dataset/raw_sentinel/pm5/pm5__20201105_20201124__0121	2020-11-11	723834.00000000,3771900.00000000,724602.00000000,3772668.00000000
train	003352	lower__20201111_165324_72_2401_3B_AnalyticMS_SR_8b_clip	pm5__20201105_20201124__0121	/scrfs/storage/yikebe/home/research/AR_Crop_Identification/make_dataset/raw_sentinel/pm5/pm5__20201105_20201124__0121	2020-11-11	724602.00000000,3771900.00000000,725370.00000000,3772668.00000000
train	003368	lower__20201111_165324_72_2401_3B_AnalyticMS_SR_8b_clip	pm5__20201105_20201124__0121	/scrfs/storage/yikebe/home/research/AR_Crop_Identification/make_dataset/raw_sentinel/pm5/pm5__20201105_20201124__0121	2020-11-11	727674.00000000,3771132.00000000,728442.00000000,3771900.00000000
train	003384	lower__20201112_165337_73_2274_3B_AnalyticMS_SR_8b_clip	pm5__20201105_20201124__0122	/scrfs/storage/yikebe/home/research/AR_Crop_Identification/make_dataset/raw_sentinel/pm5/pm5__20201105_20201124__0122	2020-11-11	742920.00000000,3830364.00000000,743688.00000000,3831132.00000000
train	003400	lower__20201112_165337_73_2274_3B_AnalyticMS_SR_8b_clip	pm5__20201105_20201124__0122	/scrfs/storage/yikebe/home/research/AR_Crop_Identification/make_dataset/raw_sentinel/pm5/pm5__20201105_20201124__0122	2020-11-11	730632.00000000,3828060.00000000,731400.00000000,3828828.00000000
train	003416	lower__20201112_165337_73_2274_3B_AnalyticMS_SR_8b_clip	pm5__20201105_20201124__0122	/scrfs/storage/yikebe/home/research/AR_Crop_Identification/make_dataset/raw_sentinel/pm5/pm5__20201105_20201124__0122	2020-11-11	734472.00000000,3824220.00000000,735240.00000000,3824988.00000000
train	003432	lower__20201112_165337_73_2274_3B_AnalyticMS_SR_8b_clip	pm5__20201105_20201124__0122	/scrfs/storage/yikebe/home/research/AR_Crop_Identification/make_dataset/raw_sentinel/pm5/pm5__20201105_20201124__0122	2020-11-11	739848.00000000,3821148.00000000,740616.00000000,3821916.00000000
train	003448	lower__20201112_165501_77_2412_3B_AnalyticMS_SR_8b_clip	pm5__20201105_20201124__0068	/scrfs/storage/yikebe/home/research/AR_Crop_Identification/make_dataset/raw_sentinel/pm5/pm5__20201105_20201124__0068	2020-11-09	605979.00000000,3818787.00000000,606747.00000000,3819555.00000000
train	003464	lower__20201112_165501_77_2412_3B_AnalyticMS_SR_8b_clip	pm5__20201105_20201124__0068	/scrfs/storage/yikebe/home/research/AR_Crop_Identification/make_dataset/raw_sentinel/pm5/pm5__20201105_20201124__0068	2020-11-09	605211.00000000,3816483.00000000,605979.00000000,3817251.00000000
train	003480	lower__20201112_165501_77_2412_3B_AnalyticMS_SR_8b_clip	pm5__20201105_20201124__0068	/scrfs/storage/yikebe/home/research/AR_Crop_Identification/make_dataset/raw_sentinel/pm5/pm5__20201105_20201124__0068	2020-11-09	607515.00000000,3814179.00000000,608283.00000000,3814947.00000000
train	003496	lower__20201112_165501_77_2412_3B_AnalyticMS_SR_8b_clip	pm5__20201105_20201124__0068	/scrfs/storage/yikebe/home/research/AR_Crop_Identification/make_dataset/raw_sentinel/pm5/pm5__20201105_20201124__0068	2020-11-09	608283.00000000,3814179.00000000,609051.00000000,3814947.00000000
train	003512	lower__20201112_165501_77_2412_3B_AnalyticMS_SR_8b_clip	pm5__20201105_20201124__0068	/scrfs/storage/yikebe/home/research/AR_Crop_Identification/make_dataset/raw_sentinel/pm5/pm5__20201105_20201124__0068	2020-11-09	609819.00000000,3811875.00000000,610587.00000000,3812643.00000000
train	003528	lower__20201112_165501_77_2412_3B_AnalyticMS_SR_8b_clip	pm5__20201105_20201124__0068	/scrfs/storage/yikebe/home/research/AR_Crop_Identification/make_dataset/raw_sentinel/pm5/pm5__20201105_20201124__0068	2020-11-09	605979.00000000,3808803.00000000,606747.00000000,3809571.00000000
train	003544	lower__20201112_165501_77_2412_3B_AnalyticMS_SR_8b_clip	pm5__20201105_20201124__0068	/scrfs/storage/yikebe/home/research/AR_Crop_Identification/make_dataset/raw_sentinel/pm5/pm5__20201105_20201124__0068	2020-11-09	615963.00000000,3802659.00000000,616731.00000000,3803427.00000000
train	003560	lower__20201112_165501_77_2412_3B_AnalyticMS_SR_8b_clip	pm5__20201105_20201124__0068	/scrfs/storage/yikebe/home/research/AR_Crop_Identification/make_dataset/raw_sentinel/pm5/pm5__20201105_20201124__0068	2020-11-09	611355.00000000,3801123.00000000,612123.00000000,3801891.00000000
val	000008	lower__20201115_155910_16_2212_3B_AnalyticMS_SR_8b_clip	pm5__20201105_20201124__0119	/scrfs/storage/yikebe/home/research/AR_Crop_Identification/make_dataset/raw_sentinel/pm5/pm5__20201105_20201124__0119	2020-11-11	716463.00000000,3736896.00000000,717231.00000000,3737664.00000000
val	000024	lower__20201115_155910_16_2212_3B_AnalyticMS_SR_8b_clip	pm5__20201105_20201124__0119	/scrfs/storage/yikebe/home/research/AR_Crop_Identification/make_dataset/raw_sentinel/pm5/pm5__20201105_20201124__0119	2020-11-11	708015.00000000,3732288.00000000,708783.00000000,3733056.00000000
val	000040	lower__20201115_155910_16_2212_3B_AnalyticMS_SR_8b_clip	pm5__20201105_20201124__0119	/scrfs/storage/yikebe/home/research/AR_Crop_Identification/make_dataset/raw_sentinel/pm5/pm5__20201105_20201124__0119	2020-11-11	714159.00000000,3732288.00000000,714927.00000000,3733056.00000000
val	000056	lower__20201115_155910_16_2212_3B_AnalyticMS_SR_8b_clip	pm5__20201105_20201124__0119	/scrfs/storage/yikebe/home/research/AR_Crop_Identification/make_dataset/raw_sentinel/pm5/pm5__20201105_20201124__0119	2020-11-11	726447.00000000,3732288.00000000,727215.00000000,3733056.00000000
val	000072	lower__20201115_155910_16_2212_3B_AnalyticMS_SR_8b_clip	pm5__20201105_20201124__0119	/scrfs/storage/yikebe/home/research/AR_Crop_Identification/make_dataset/raw_sentinel/pm5/pm5__20201105_20201124__0119	2020-11-11	727215.00000000,3732288.00000000,727983.00000000,3733056.00000000
val	000088	lower__20201115_155910_16_2212_3B_AnalyticMS_SR_8b_clip	pm5__20201105_20201124__0119	/scrfs/storage/yikebe/home/research/AR_Crop_Identification/make_dataset/raw_sentinel/pm5/pm5__20201105_20201124__0119	2020-11-11	734127.00000000,3732288.00000000,734895.00000000,3733056.00000000
val	000104	lower__20201115_155910_16_2212_3B_AnalyticMS_SR_8b_clip	pm5__20201105_20201124__0119	/scrfs/storage/yikebe/home/research/AR_Crop_Identification/make_dataset/raw_sentinel/pm5/pm5__20201105_20201124__0119	2020-11-11	708015.00000000,3730752.00000000,708783.00000000,3731520.00000000
val	000120	lower__20201115_155910_16_2212_3B_AnalyticMS_SR_8b_clip	pm5__20201105_20201124__0119	/scrfs/storage/yikebe/home/research/AR_Crop_Identification/make_dataset/raw_sentinel/pm5/pm5__20201105_20201124__0119	2020-11-11	731055.00000000,3729984.00000000,731823.00000000,3730752.00000000
val	000136	lower__20201115_155910_16_2212_3B_AnalyticMS_SR_8b_clip	pm5__20201105_20201124__0119	/scrfs/storage/yikebe/home/research/AR_Crop_Identification/make_dataset/raw_sentinel/pm5/pm5__20201105_20201124__0119	2020-11-11	714927.00000000,3726144.00000000,715695.00000000,3726912.00000000
val	000152	lower__20201115_155910_16_2212_3B_AnalyticMS_SR_8b_clip	pm5__20201105_20201124__0119	/scrfs/storage/yikebe/home/research/AR_Crop_Identification/make_dataset/raw_sentinel/pm5/pm5__20201105_20201124__0119	2020-11-11	731055.00000000,3726144.00000000,731823.00000000,3726912.00000000
val	000168	lower__20201115_155910_16_2212_3B_AnalyticMS_SR_8b_clip	pm5__20201105_20201124__0119	/scrfs/storage/yikebe/home/research/AR_Crop_Identification/make_dataset/raw_sentinel/pm5/pm5__20201105_20201124__0119	2020-11-11	730287.00000000,3724608.00000000,731055.00000000,3725376.00000000
val	000184	lower__20201115_155910_16_2212_3B_AnalyticMS_SR_8b_clip	pm5__20201105_20201124__0119	/scrfs/storage/yikebe/home/research/AR_Crop_Identification/make_dataset/raw_sentinel/pm5/pm5__20201105_20201124__0119	2020-11-11	731055.00000000,3724608.00000000,731823.00000000,3725376.00000000
val	000200	lower__20201115_155910_16_2212_3B_AnalyticMS_SR_8b_clip	pm5__20201105_20201124__0119	/scrfs/storage/yikebe/home/research/AR_Crop_Identification/make_dataset/raw_sentinel/pm5/pm5__20201105_20201124__0119	2020-11-11	731823.00000000,3724608.00000000,732591.00000000,3725376.00000000
val	000216	lower__20201115_155910_16_2212_3B_AnalyticMS_SR_8b_clip	pm5__20201105_20201124__0119	/scrfs/storage/yikebe/home/research/AR_Crop_Identification/make_dataset/raw_sentinel/pm5/pm5__20201105_20201124__0119	2020-11-11	732591.00000000,3724608.00000000,733359.00000000,3725376.00000000
val	000232	lower__20201115_155910_16_2212_3B_AnalyticMS_SR_8b_clip	pm5__20201105_20201124__0119	/scrfs/storage/yikebe/home/research/AR_Crop_Identification/make_dataset/raw_sentinel/pm5/pm5__20201105_20201124__0119	2020-11-11	733359.00000000,3724608.00000000,734127.00000000,3725376.00000000
val	000248	lower__20201115_155910_16_2212_3B_AnalyticMS_SR_8b_clip	pm5__20201105_20201124__0119	/scrfs/storage/yikebe/home/research/AR_Crop_Identification/make_dataset/raw_sentinel/pm5/pm5__20201105_20201124__0119	2020-11-11	731055.00000000,3723840.00000000,731823.00000000,3724608.00000000
val	000264	lower__20201115_155910_16_2212_3B_AnalyticMS_SR_8b_clip	pm5__20201105_20201124__0119	/scrfs/storage/yikebe/home/research/AR_Crop_Identification/make_dataset/raw_sentinel/pm5/pm5__20201105_20201124__0119	2020-11-11	732591.00000000,3723840.00000000,733359.00000000,3724608.00000000
val	000280	lower__20201115_155910_16_2212_3B_AnalyticMS_SR_8b_clip	pm5__20201105_20201124__0119	/scrfs/storage/yikebe/home/research/AR_Crop_Identification/make_dataset/raw_sentinel/pm5/pm5__20201105_20201124__0119	2020-11-11	731055.00000000,3723072.00000000,731823.00000000,3723840.00000000
val	000296	lower__20201115_155910_16_2212_3B_AnalyticMS_SR_8b_clip	pm5__20201105_20201124__0119	/scrfs/storage/yikebe/home/research/AR_Crop_Identification/make_dataset/raw_sentinel/pm5/pm5__20201105_20201124__0119	2020-11-11	731823.00000000,3723072.00000000,732591.00000000,3723840.00000000
val	000312	lower__20201115_155910_16_2212_3B_AnalyticMS_SR_8b_clip	pm5__20201105_20201124__0119	/scrfs/storage/yikebe/home/research/AR_Crop_Identification/make_dataset/raw_sentinel/pm5/pm5__20201105_20201124__0119	2020-11-11	731055.00000000,3722304.00000000,731823.00000000,3723072.00000000
val	000328	lower__20201115_155910_16_2212_3B_AnalyticMS_SR_8b_clip	pm5__20201105_20201124__0119	/scrfs/storage/yikebe/home/research/AR_Crop_Identification/make_dataset/raw_sentinel/pm5/pm5__20201105_20201124__0119	2020-11-11	723375.00000000,3721536.00000000,724143.00000000,3722304.00000000
val	000344	lower__20201115_155910_16_2212_3B_AnalyticMS_SR_8b_clip	pm5__20201105_20201124__0119	/scrfs/storage/yikebe/home/research/AR_Crop_Identification/make_dataset/raw_sentinel/pm5/pm5__20201105_20201124__0119	2020-11-11	731055.00000000,3721536.00000000,731823.00000000,3722304.00000000
val	000360	lower__20201115_155910_16_2212_3B_AnalyticMS_SR_8b_clip	pm5__20201105_20201124__0119	/scrfs/storage/yikebe/home/research/AR_Crop_Identification/make_dataset/raw_sentinel/pm5/pm5__20201105_20201124__0119	2020-11-11	731823.00000000,3721536.00000000,732591.00000000,3722304.00000000
val	000376	lower__20201115_155910_16_2212_3B_AnalyticMS_SR_8b_clip	pm5__20201105_20201124__0119	/scrfs/storage/yikebe/home/research/AR_Crop_Identification/make_dataset/raw_sentinel/pm5/pm5__20201105_20201124__0119	2020-11-11	730287.00000000,3720768.00000000,731055.00000000,3721536.00000000
val	000392	lower__20201115_155910_16_2212_3B_AnalyticMS_SR_8b_clip	pm5__20201105_20201124__0119	/scrfs/storage/yikebe/home/research/AR_Crop_Identification/make_dataset/raw_sentinel/pm5/pm5__20201105_20201124__0119	2020-11-11	731823.00000000,3720768.00000000,732591.00000000,3721536.00000000
val	000408	lower__20201115_155910_16_2212_3B_AnalyticMS_SR_8b_clip	pm5__20201105_20201124__0119	/scrfs/storage/yikebe/home/research/AR_Crop_Identification/make_dataset/raw_sentinel/pm5/pm5__20201105_20201124__0119	2020-11-11	729519.00000000,3720000.00000000,730287.00000000,3720768.00000000
val	000424	lower__20201115_155910_16_2212_3B_AnalyticMS_SR_8b_clip	pm5__20201105_20201124__0119	/scrfs/storage/yikebe/home/research/AR_Crop_Identification/make_dataset/raw_sentinel/pm5/pm5__20201105_20201124__0119	2020-11-11	730287.00000000,3720000.00000000,731055.00000000,3720768.00000000
val	000440	lower__20201115_155910_16_2212_3B_AnalyticMS_SR_8b_clip	pm5__20201105_20201124__0119	/scrfs/storage/yikebe/home/research/AR_Crop_Identification/make_dataset/raw_sentinel/pm5/pm5__20201105_20201124__0119	2020-11-11	714159.00000000,3719232.00000000,714927.00000000,3720000.00000000
val	000456	lower__20201115_155910_16_2212_3B_AnalyticMS_SR_8b_clip	pm5__20201105_20201124__0119	/scrfs/storage/yikebe/home/research/AR_Crop_Identification/make_dataset/raw_sentinel/pm5/pm5__20201105_20201124__0119	2020-11-11	711087.00000000,3718464.00000000,711855.00000000,3719232.00000000
val	000472	lower__20201115_155910_16_2212_3B_AnalyticMS_SR_8b_clip	pm5__20201105_20201124__0119	/scrfs/storage/yikebe/home/research/AR_Crop_Identification/make_dataset/raw_sentinel/pm5/pm5__20201105_20201124__0119	2020-11-11	724911.00000000,3718464.00000000,725679.00000000,3719232.00000000
val	000488	lower__20201115_155910_16_2212_3B_AnalyticMS_SR_8b_clip	pm5__20201105_20201124__0119	/scrfs/storage/yikebe/home/research/AR_Crop_Identification/make_dataset/raw_sentinel/pm5/pm5__20201105_20201124__0119	2020-11-11	731055.00000000,3715392.00000000,731823.00000000,3716160.00000000
train	003576	lower__20201115_160552_44_222c_3B_AnalyticMS_SR_8b_clip	pm5__20201105_20201124__0078	/scrfs/storage/yikebe/home/research/AR_Crop_Identification/make_dataset/raw_sentinel/pm5/pm5__20201105_20201124__0078	2020-11-11	621891.00000000,3759210.00000000,622659.00000000,3759978.00000000
train	003592	lower__20201115_160552_44_222c_3B_AnalyticMS_SR_8b_clip	pm5__20201105_20201124__0078	/scrfs/storage/yikebe/home/research/AR_Crop_Identification/make_dataset/raw_sentinel/pm5/pm5__20201105_20201124__0078	2020-11-11	621891.00000000,3758442.00000000,622659.00000000,3759210.00000000
train	003608	lower__20201115_160552_44_222c_3B_AnalyticMS_SR_8b_clip	pm5__20201105_20201124__0078	/scrfs/storage/yikebe/home/research/AR_Crop_Identification/make_dataset/raw_sentinel/pm5/pm5__20201105_20201124__0078	2020-11-11	626499.00000000,3758442.00000000,627267.00000000,3759210.00000000
train	003624	lower__20201115_160552_44_222c_3B_AnalyticMS_SR_8b_clip	pm5__20201105_20201124__0078	/scrfs/storage/yikebe/home/research/AR_Crop_Identification/make_dataset/raw_sentinel/pm5/pm5__20201105_20201124__0078	2020-11-11	627267.00000000,3758442.00000000,628035.00000000,3759210.00000000
train	003640	lower__20201115_160552_44_222c_3B_AnalyticMS_SR_8b_clip	pm5__20201105_20201124__0078	/scrfs/storage/yikebe/home/research/AR_Crop_Identification/make_dataset/raw_sentinel/pm5/pm5__20201105_20201124__0078	2020-11-11	621891.00000000,3757674.00000000,622659.00000000,3758442.00000000
train	003656	lower__20201115_160552_44_222c_3B_AnalyticMS_SR_8b_clip	pm5__20201105_20201124__0078	/scrfs/storage/yikebe/home/research/AR_Crop_Identification/make_dataset/raw_sentinel/pm5/pm5__20201105_20201124__0078	2020-11-11	626499.00000000,3757674.00000000,627267.00000000,3758442.00000000
train	003672	lower__20201115_160552_44_222c_3B_AnalyticMS_SR_8b_clip	pm5__20201105_20201124__0078	/scrfs/storage/yikebe/home/research/AR_Crop_Identification/make_dataset/raw_sentinel/pm5/pm5__20201105_20201124__0078	2020-11-11	627267.00000000,3757674.00000000,628035.00000000,3758442.00000000
train	003688	lower__20201115_160552_44_222c_3B_AnalyticMS_SR_8b_clip	pm5__20201105_20201124__0078	/scrfs/storage/yikebe/home/research/AR_Crop_Identification/make_dataset/raw_sentinel/pm5/pm5__20201105_20201124__0078	2020-11-11	618819.00000000,3756906.00000000,619587.00000000,3757674.00000000
train	003704	lower__20201115_165442_11_2254_3B_AnalyticMS_SR_8b_clip	pm5__20201105_20201124__0102	/scrfs/storage/yikebe/home/research/AR_Crop_Identification/make_dataset/raw_sentinel/pm5/pm5__20201105_20201124__0102	2020-11-19	688776.00000000,3836316.00000000,689544.00000000,3837084.00000000
train	003720	lower__20201115_165442_11_2254_3B_AnalyticMS_SR_8b_clip	pm5__20201105_20201124__0102	/scrfs/storage/yikebe/home/research/AR_Crop_Identification/make_dataset/raw_sentinel/pm5/pm5__20201105_20201124__0102	2020-11-19	684168.00000000,3832476.00000000,684936.00000000,3833244.00000000
train	003736	lower__20201115_165442_11_2254_3B_AnalyticMS_SR_8b_clip	pm5__20201105_20201124__0102	/scrfs/storage/yikebe/home/research/AR_Crop_Identification/make_dataset/raw_sentinel/pm5/pm5__20201105_20201124__0102	2020-11-19	665736.00000000,3828636.00000000,666504.00000000,3829404.00000000
train	003752	lower__20201116_160013_34_2257_3B_AnalyticMS_SR_8b_clip	pm5__20201105_20201124__0136	/scrfs/storage/yikebe/home/research/AR_Crop_Identification/make_dataset/raw_sentinel/pm5/pm5__20201105_20201124__0136	2020-11-21	757533.00000000,3790872.00000000,758301.00000000,3791640.00000000
train	003768	lower__20201116_160013_34_2257_3B_AnalyticMS_SR_8b_clip	pm5__20201105_20201124__0136	/scrfs/storage/yikebe/home/research/AR_Crop_Identification/make_dataset/raw_sentinel/pm5/pm5__20201105_20201124__0136	2020-11-21	757533.00000000,3790104.00000000,758301.00000000,3790872.00000000
train	003784	lower__20201116_160013_34_2257_3B_AnalyticMS_SR_8b_clip	pm5__20201105_20201124__0136	/scrfs/storage/yikebe/home/research/AR_Crop_Identification/make_dataset/raw_sentinel/pm5/pm5__20201105_20201124__0136	2020-11-21	767517.00000000,3784728.00000000,768285.00000000,3785496.00000000
train	003800	lower__20201116_160013_34_2257_3B_AnalyticMS_SR_8b_clip	pm5__20201105_20201124__0136	/scrfs/storage/yikebe/home/research/AR_Crop_Identification/make_dataset/raw_sentinel/pm5/pm5__20201105_20201124__0136	2020-11-21	768285.00000000,3777816.00000000,769053.00000000,3778584.00000000
train	003816	lower__20201116_160041_68_2206_3B_AnalyticMS_SR_8b_clip	pm5__20201105_20201124__0101	/scrfs/storage/yikebe/home/research/AR_Crop_Identification/make_dataset/raw_sentinel/pm5/pm5__20201105_20201124__0101	2020-11-19	661953.00000000,3754845.00000000,662721.00000000,3755613.00000000
train	003832	lower__20201116_160041_68_2206_3B_AnalyticMS_SR_8b_clip	pm5__20201105_20201124__0101	/scrfs/storage/yikebe/home/research/AR_Crop_Identification/make_dataset/raw_sentinel/pm5/pm5__20201105_20201124__0101	2020-11-19	664257.00000000,3753309.00000000,665025.00000000,3754077.00000000
train	003848	lower__20201116_160041_68_2206_3B_AnalyticMS_SR_8b_clip	pm5__20201105_20201124__0101	/scrfs/storage/yikebe/home/research/AR_Crop_Identification/make_dataset/raw_sentinel/pm5/pm5__20201105_20201124__0101	2020-11-19	665025.00000000,3753309.00000000,665793.00000000,3754077.00000000
train	003864	lower__20201116_160041_68_2206_3B_AnalyticMS_SR_8b_clip	pm5__20201105_20201124__0101	/scrfs/storage/yikebe/home/research/AR_Crop_Identification/make_dataset/raw_sentinel/pm5/pm5__20201105_20201124__0101	2020-11-19	668865.00000000,3753309.00000000,669633.00000000,3754077.00000000
train	003880	lower__20201116_160817_76_227e_3B_AnalyticMS_SR_8b_clip	pm5__20201105_20201124__0093	/scrfs/storage/yikebe/home/research/AR_Crop_Identification/make_dataset/raw_sentinel/pm5/pm5__20201105_20201124__0093	2020-11-19	655380.00000000,3699228.00000000,656148.00000000,3699996.00000000
train	003896	lower__20201116_160817_76_227e_3B_AnalyticMS_SR_8b_clip	pm5__20201105_20201124__0093	/scrfs/storage/yikebe/home/research/AR_Crop_Identification/make_dataset/raw_sentinel/pm5/pm5__20201105_20201124__0093	2020-11-19	646932.00000000,3698460.00000000,647700.00000000,3699228.00000000
train	003912	lower__20201116_160817_76_227e_3B_AnalyticMS_SR_8b_clip	pm5__20201105_20201124__0093	/scrfs/storage/yikebe/home/research/AR_Crop_Identification/make_dataset/raw_sentinel/pm5/pm5__20201105_20201124__0093	2020-11-19	646932.00000000,3697692.00000000,647700.00000000,3698460.00000000
train	003928	lower__20201116_160817_76_227e_3B_AnalyticMS_SR_8b_clip	pm5__20201105_20201124__0093	/scrfs/storage/yikebe/home/research/AR_Crop_Identification/make_dataset/raw_sentinel/pm5/pm5__20201105_20201124__0093	2020-11-19	648468.00000000,3696156.00000000,649236.00000000,3696924.00000000
train	003944	lower__20201116_160817_76_227e_3B_AnalyticMS_SR_8b_clip	pm5__20201105_20201124__0093	/scrfs/storage/yikebe/home/research/AR_Crop_Identification/make_dataset/raw_sentinel/pm5/pm5__20201105_20201124__0093	2020-11-19	650004.00000000,3696156.00000000,650772.00000000,3696924.00000000
train	003960	lower__20201116_160817_76_227e_3B_AnalyticMS_SR_8b_clip	pm5__20201105_20201124__0093	/scrfs/storage/yikebe/home/research/AR_Crop_Identification/make_dataset/raw_sentinel/pm5/pm5__20201105_20201124__0093	2020-11-19	653844.00000000,3694620.00000000,654612.00000000,3695388.00000000
train	003976	lower__20201116_160817_76_227e_3B_AnalyticMS_SR_8b_clip	pm5__20201105_20201124__0093	/scrfs/storage/yikebe/home/research/AR_Crop_Identification/make_dataset/raw_sentinel/pm5/pm5__20201105_20201124__0093	2020-11-19	644628.00000000,3692316.00000000,645396.00000000,3693084.00000000
train	003992	lower__20201116_160817_76_227e_3B_AnalyticMS_SR_8b_clip	pm5__20201105_20201124__0093	/scrfs/storage/yikebe/home/research/AR_Crop_Identification/make_dataset/raw_sentinel/pm5/pm5__20201105_20201124__0093	2020-11-19	647700.00000000,3692316.00000000,648468.00000000,3693084.00000000
train	004008	lower__20201116_160817_76_227e_3B_AnalyticMS_SR_8b_clip	pm5__20201105_20201124__0093	/scrfs/storage/yikebe/home/research/AR_Crop_Identification/make_dataset/raw_sentinel/pm5/pm5__20201105_20201124__0093	2020-11-19	650004.00000000,3691548.00000000,650772.00000000,3692316.00000000
train	004024	lower__20201116_160817_76_227e_3B_AnalyticMS_SR_8b_clip	pm5__20201105_20201124__0093	/scrfs/storage/yikebe/home/research/AR_Crop_Identification/make_dataset/raw_sentinel/pm5/pm5__20201105_20201124__0093	2020-11-19	653844.00000000,3691548.00000000,654612.00000000,3692316.00000000
train	004040	lower__20201116_160817_76_227e_3B_AnalyticMS_SR_8b_clip	pm5__20201105_20201124__0093	/scrfs/storage/yikebe/home/research/AR_Crop_Identification/make_dataset/raw_sentinel/pm5/pm5__20201105_20201124__0093	2020-11-19	648468.00000000,3690780.00000000,649236.00000000,3691548.00000000
train	004056	lower__20201116_160817_76_227e_3B_AnalyticMS_SR_8b_clip	pm5__20201105_20201124__0093	/scrfs/storage/yikebe/home/research/AR_Crop_Identification/make_dataset/raw_sentinel/pm5/pm5__20201105_20201124__0093	2020-11-19	649236.00000000,3690780.00000000,650004.00000000,3691548.00000000
train	004072	lower__20201116_160817_76_227e_3B_AnalyticMS_SR_8b_clip	pm5__20201105_20201124__0093	/scrfs/storage/yikebe/home/research/AR_Crop_Identification/make_dataset/raw_sentinel/pm5/pm5__20201105_20201124__0093	2020-11-19	653844.00000000,3690012.00000000,654612.00000000,3690780.00000000
train	004088	lower__20201116_160817_76_227e_3B_AnalyticMS_SR_8b_clip	pm5__20201105_20201124__0093	/scrfs/storage/yikebe/home/research/AR_Crop_Identification/make_dataset/raw_sentinel/pm5/pm5__20201105_20201124__0093	2020-11-19	653844.00000000,3689244.00000000,654612.00000000,3690012.00000000
train	004104	lower__20201116_160817_76_227e_3B_AnalyticMS_SR_8b_clip	pm5__20201105_20201124__0093	/scrfs/storage/yikebe/home/research/AR_Crop_Identification/make_dataset/raw_sentinel/pm5/pm5__20201105_20201124__0093	2020-11-19	653844.00000000,3688476.00000000,654612.00000000,3689244.00000000
train	004120	lower__20201116_160817_76_227e_3B_AnalyticMS_SR_8b_clip	pm5__20201105_20201124__0093	/scrfs/storage/yikebe/home/research/AR_Crop_Identification/make_dataset/raw_sentinel/pm5/pm5__20201105_20201124__0093	2020-11-19	640788.00000000,3686940.00000000,641556.00000000,3687708.00000000
train	004136	lower__20201116_160817_76_227e_3B_AnalyticMS_SR_8b_clip	pm5__20201105_20201124__0093	/scrfs/storage/yikebe/home/research/AR_Crop_Identification/make_dataset/raw_sentinel/pm5/pm5__20201105_20201124__0093	2020-11-19	644628.00000000,3686940.00000000,645396.00000000,3687708.00000000
train	004152	lower__20201116_160817_76_227e_3B_AnalyticMS_SR_8b_clip	pm5__20201105_20201124__0093	/scrfs/storage/yikebe/home/research/AR_Crop_Identification/make_dataset/raw_sentinel/pm5/pm5__20201105_20201124__0093	2020-11-19	650772.00000000,3686940.00000000,651540.00000000,3687708.00000000
train	004168	lower__20201116_160817_76_227e_3B_AnalyticMS_SR_8b_clip	pm5__20201105_20201124__0093	/scrfs/storage/yikebe/home/research/AR_Crop_Identification/make_dataset/raw_sentinel/pm5/pm5__20201105_20201124__0093	2020-11-19	640788.00000000,3686172.00000000,641556.00000000,3686940.00000000
train	004184	lower__20201116_160817_76_227e_3B_AnalyticMS_SR_8b_clip	pm5__20201105_20201124__0093	/scrfs/storage/yikebe/home/research/AR_Crop_Identification/make_dataset/raw_sentinel/pm5/pm5__20201105_20201124__0093	2020-11-19	641556.00000000,3686172.00000000,642324.00000000,3686940.00000000
train	004200	lower__20201116_160817_76_227e_3B_AnalyticMS_SR_8b_clip	pm5__20201105_20201124__0093	/scrfs/storage/yikebe/home/research/AR_Crop_Identification/make_dataset/raw_sentinel/pm5/pm5__20201105_20201124__0093	2020-11-19	642324.00000000,3686172.00000000,643092.00000000,3686940.00000000
train	004216	lower__20201116_160817_76_227e_3B_AnalyticMS_SR_8b_clip	pm5__20201105_20201124__0093	/scrfs/storage/yikebe/home/research/AR_Crop_Identification/make_dataset/raw_sentinel/pm5/pm5__20201105_20201124__0093	2020-11-19	653844.00000000,3686172.00000000,654612.00000000,3686940.00000000
train	004232	lower__20201116_160817_76_227e_3B_AnalyticMS_SR_8b_clip	pm5__20201105_20201124__0093	/scrfs/storage/yikebe/home/research/AR_Crop_Identification/make_dataset/raw_sentinel/pm5/pm5__20201105_20201124__0093	2020-11-19	649236.00000000,3685404.00000000,650004.00000000,3686172.00000000
train	004248	lower__20201116_160817_76_227e_3B_AnalyticMS_SR_8b_clip	pm5__20201105_20201124__0093	/scrfs/storage/yikebe/home/research/AR_Crop_Identification/make_dataset/raw_sentinel/pm5/pm5__20201105_20201124__0093	2020-11-19	642324.00000000,3684636.00000000,643092.00000000,3685404.00000000
train	004264	lower__20201116_160817_76_227e_3B_AnalyticMS_SR_8b_clip	pm5__20201105_20201124__0093	/scrfs/storage/yikebe/home/research/AR_Crop_Identification/make_dataset/raw_sentinel/pm5/pm5__20201105_20201124__0093	2020-11-19	634644.00000000,3683868.00000000,635412.00000000,3684636.00000000
train	004280	lower__20201116_160817_76_227e_3B_AnalyticMS_SR_8b_clip	pm5__20201105_20201124__0093	/scrfs/storage/yikebe/home/research/AR_Crop_Identification/make_dataset/raw_sentinel/pm5/pm5__20201105_20201124__0093	2020-11-19	651540.00000000,3683868.00000000,652308.00000000,3684636.00000000
train	004296	lower__20201116_160817_76_227e_3B_AnalyticMS_SR_8b_clip	pm5__20201105_20201124__0093	/scrfs/storage/yikebe/home/research/AR_Crop_Identification/make_dataset/raw_sentinel/pm5/pm5__20201105_20201124__0093	2020-11-19	645396.00000000,3682332.00000000,646164.00000000,3683100.00000000
train	004312	lower__20201116_160817_76_227e_3B_AnalyticMS_SR_8b_clip	pm5__20201105_20201124__0093	/scrfs/storage/yikebe/home/research/AR_Crop_Identification/make_dataset/raw_sentinel/pm5/pm5__20201105_20201124__0093	2020-11-19	651540.00000000,3682332.00000000,652308.00000000,3683100.00000000
train	004328	lower__20201116_160817_76_227e_3B_AnalyticMS_SR_8b_clip	pm5__20201105_20201124__0093	/scrfs/storage/yikebe/home/research/AR_Crop_Identification/make_dataset/raw_sentinel/pm5/pm5__20201105_20201124__0093	2020-11-19	642324.00000000,3681564.00000000,643092.00000000,3682332.00000000
train	004344	lower__20201116_160817_76_227e_3B_AnalyticMS_SR_8b_clip	pm5__20201105_20201124__0093	/scrfs/storage/yikebe/home/research/AR_Crop_Identification/make_dataset/raw_sentinel/pm5/pm5__20201105_20201124__0093	2020-11-19	646932.00000000,3681564.00000000,647700.00000000,3682332.00000000
train	004360	lower__20201116_160817_76_227e_3B_AnalyticMS_SR_8b_clip	pm5__20201105_20201124__0093	/scrfs/storage/yikebe/home/research/AR_Crop_Identification/make_dataset/raw_sentinel/pm5/pm5__20201105_20201124__0093	2020-11-19	646932.00000000,3680796.00000000,647700.00000000,3681564.00000000
train	004376	lower__20201116_160817_76_227e_3B_AnalyticMS_SR_8b_clip	pm5__20201105_20201124__0093	/scrfs/storage/yikebe/home/research/AR_Crop_Identification/make_dataset/raw_sentinel/pm5/pm5__20201105_20201124__0093	2020-11-19	652308.00000000,3680028.00000000,653076.00000000,3680796.00000000
train	004392	lower__20201116_160956_05_222f_3B_AnalyticMS_SR_8b_clip	pm5__20201105_20201124__0079	/scrfs/storage/yikebe/home/research/AR_Crop_Identification/make_dataset/raw_sentinel/pm5/pm5__20201105_20201124__0079	2020-11-14	632319.00000000,3678306.00000000,633087.00000000,3679074.00000000
train	004408	lower__20201116_160956_05_222f_3B_AnalyticMS_SR_8b_clip	pm5__20201105_20201124__0079	/scrfs/storage/yikebe/home/research/AR_Crop_Identification/make_dataset/raw_sentinel/pm5/pm5__20201105_20201124__0079	2020-11-14	638463.00000000,3676770.00000000,639231.00000000,3677538.00000000
train	004424	lower__20201116_160956_05_222f_3B_AnalyticMS_SR_8b_clip	pm5__20201105_20201124__0079	/scrfs/storage/yikebe/home/research/AR_Crop_Identification/make_dataset/raw_sentinel/pm5/pm5__20201105_20201124__0079	2020-11-14	639231.00000000,3676770.00000000,639999.00000000,3677538.00000000
train	004440	lower__20201116_160956_05_222f_3B_AnalyticMS_SR_8b_clip	pm5__20201105_20201124__0079	/scrfs/storage/yikebe/home/research/AR_Crop_Identification/make_dataset/raw_sentinel/pm5/pm5__20201105_20201124__0079	2020-11-14	638463.00000000,3672162.00000000,639231.00000000,3672930.00000000
train	004456	lower__20201116_160956_05_222f_3B_AnalyticMS_SR_8b_clip	pm5__20201105_20201124__0079	/scrfs/storage/yikebe/home/research/AR_Crop_Identification/make_dataset/raw_sentinel/pm5/pm5__20201105_20201124__0079	2020-11-14	633855.00000000,3666786.00000000,634623.00000000,3667554.00000000
train	004472	lower__20201117_160541_63_2280_3B_AnalyticMS_SR_8b_clip	pm5__20201105_20201124__0119	/scrfs/storage/yikebe/home/research/AR_Crop_Identification/make_dataset/raw_sentinel/pm5/pm5__20201105_20201124__0119	2020-11-21	721326.00000000,3705114.00000000,722094.00000000,3705882.00000000
train	004488	lower__20201117_160541_63_2280_3B_AnalyticMS_SR_8b_clip	pm5__20201105_20201124__0119	/scrfs/storage/yikebe/home/research/AR_Crop_Identification/make_dataset/raw_sentinel/pm5/pm5__20201105_20201124__0119	2020-11-21	701358.00000000,3704346.00000000,702126.00000000,3705114.00000000
train	004504	lower__20201117_160541_63_2280_3B_AnalyticMS_SR_8b_clip	pm5__20201105_20201124__0119	/scrfs/storage/yikebe/home/research/AR_Crop_Identification/make_dataset/raw_sentinel/pm5/pm5__20201105_20201124__0119	2020-11-21	701358.00000000,3703578.00000000,702126.00000000,3704346.00000000
train	004520	lower__20201117_160541_63_2280_3B_AnalyticMS_SR_8b_clip	pm5__20201105_20201124__0119	/scrfs/storage/yikebe/home/research/AR_Crop_Identification/make_dataset/raw_sentinel/pm5/pm5__20201105_20201124__0119	2020-11-21	712110.00000000,3703578.00000000,712878.00000000,3704346.00000000
train	004536	lower__20201117_160541_63_2280_3B_AnalyticMS_SR_8b_clip	pm5__20201105_20201124__0119	/scrfs/storage/yikebe/home/research/AR_Crop_Identification/make_dataset/raw_sentinel/pm5/pm5__20201105_20201124__0119	2020-11-21	705966.00000000,3702042.00000000,706734.00000000,3702810.00000000
train	004552	lower__20201117_160541_63_2280_3B_AnalyticMS_SR_8b_clip	pm5__20201105_20201124__0119	/scrfs/storage/yikebe/home/research/AR_Crop_Identification/make_dataset/raw_sentinel/pm5/pm5__20201105_20201124__0119	2020-11-21	729006.00000000,3698970.00000000,729774.00000000,3699738.00000000
train	004568	lower__20201117_160541_63_2280_3B_AnalyticMS_SR_8b_clip	pm5__20201105_20201124__0119	/scrfs/storage/yikebe/home/research/AR_Crop_Identification/make_dataset/raw_sentinel/pm5/pm5__20201105_20201124__0119	2020-11-21	719022.00000000,3698202.00000000,719790.00000000,3698970.00000000
train	004584	lower__20201117_160541_63_2280_3B_AnalyticMS_SR_8b_clip	pm5__20201105_20201124__0119	/scrfs/storage/yikebe/home/research/AR_Crop_Identification/make_dataset/raw_sentinel/pm5/pm5__20201105_20201124__0119	2020-11-21	729006.00000000,3698202.00000000,729774.00000000,3698970.00000000
train	004600	lower__20201117_160541_63_2280_3B_AnalyticMS_SR_8b_clip	pm5__20201105_20201124__0119	/scrfs/storage/yikebe/home/research/AR_Crop_Identification/make_dataset/raw_sentinel/pm5/pm5__20201105_20201124__0119	2020-11-21	727470.00000000,3697434.00000000,728238.00000000,3698202.00000000
train	004616	lower__20201117_160541_63_2280_3B_AnalyticMS_SR_8b_clip	pm5__20201105_20201124__0119	/scrfs/storage/yikebe/home/research/AR_Crop_Identification/make_dataset/raw_sentinel/pm5/pm5__20201105_20201124__0119	2020-11-21	730542.00000000,3697434.00000000,731310.00000000,3698202.00000000
train	004632	lower__20201117_160541_63_2280_3B_AnalyticMS_SR_8b_clip	pm5__20201105_20201124__0119	/scrfs/storage/yikebe/home/research/AR_Crop_Identification/make_dataset/raw_sentinel/pm5/pm5__20201105_20201124__0119	2020-11-21	732078.00000000,3697434.00000000,732846.00000000,3698202.00000000
train	004648	lower__20201117_160541_63_2280_3B_AnalyticMS_SR_8b_clip	pm5__20201105_20201124__0119	/scrfs/storage/yikebe/home/research/AR_Crop_Identification/make_dataset/raw_sentinel/pm5/pm5__20201105_20201124__0119	2020-11-21	718254.00000000,3696666.00000000,719022.00000000,3697434.00000000
train	004664	lower__20201117_160541_63_2280_3B_AnalyticMS_SR_8b_clip	pm5__20201105_20201124__0119	/scrfs/storage/yikebe/home/research/AR_Crop_Identification/make_dataset/raw_sentinel/pm5/pm5__20201105_20201124__0119	2020-11-21	731310.00000000,3696666.00000000,732078.00000000,3697434.00000000
train	004680	lower__20201117_160541_63_2280_3B_AnalyticMS_SR_8b_clip	pm5__20201105_20201124__0119	/scrfs/storage/yikebe/home/research/AR_Crop_Identification/make_dataset/raw_sentinel/pm5/pm5__20201105_20201124__0119	2020-11-21	715182.00000000,3695898.00000000,715950.00000000,3696666.00000000
train	004696	lower__20201117_160541_63_2280_3B_AnalyticMS_SR_8b_clip	pm5__20201105_20201124__0119	/scrfs/storage/yikebe/home/research/AR_Crop_Identification/make_dataset/raw_sentinel/pm5/pm5__20201105_20201124__0119	2020-11-21	715950.00000000,3695898.00000000,716718.00000000,3696666.00000000
train	004712	lower__20201117_160541_63_2280_3B_AnalyticMS_SR_8b_clip	pm5__20201105_20201124__0119	/scrfs/storage/yikebe/home/research/AR_Crop_Identification/make_dataset/raw_sentinel/pm5/pm5__20201105_20201124__0119	2020-11-21	722862.00000000,3695898.00000000,723630.00000000,3696666.00000000
train	004728	lower__20201117_160541_63_2280_3B_AnalyticMS_SR_8b_clip	pm5__20201105_20201124__0119	/scrfs/storage/yikebe/home/research/AR_Crop_Identification/make_dataset/raw_sentinel/pm5/pm5__20201105_20201124__0119	2020-11-21	724398.00000000,3695898.00000000,725166.00000000,3696666.00000000
train	004744	lower__20201117_160541_63_2280_3B_AnalyticMS_SR_8b_clip	pm5__20201105_20201124__0119	/scrfs/storage/yikebe/home/research/AR_Crop_Identification/make_dataset/raw_sentinel/pm5/pm5__20201105_20201124__0119	2020-11-21	728238.00000000,3695898.00000000,729006.00000000,3696666.00000000
train	004760	lower__20201117_160541_63_2280_3B_AnalyticMS_SR_8b_clip	pm5__20201105_20201124__0119	/scrfs/storage/yikebe/home/research/AR_Crop_Identification/make_dataset/raw_sentinel/pm5/pm5__20201105_20201124__0119	2020-11-21	730542.00000000,3695898.00000000,731310.00000000,3696666.00000000
train	004776	lower__20201117_160541_63_2280_3B_AnalyticMS_SR_8b_clip	pm5__20201105_20201124__0119	/scrfs/storage/yikebe/home/research/AR_Crop_Identification/make_dataset/raw_sentinel/pm5/pm5__20201105_20201124__0119	2020-11-21	731310.00000000,3695898.00000000,732078.00000000,3696666.00000000
train	004792	lower__20201117_160541_63_2280_3B_AnalyticMS_SR_8b_clip	pm5__20201105_20201124__0119	/scrfs/storage/yikebe/home/research/AR_Crop_Identification/make_dataset/raw_sentinel/pm5/pm5__20201105_20201124__0119	2020-11-21	703662.00000000,3695130.00000000,704430.00000000,3695898.00000000
train	004808	lower__20201117_160541_63_2280_3B_AnalyticMS_SR_8b_clip	pm5__20201105_20201124__0119	/scrfs/storage/yikebe/home/research/AR_Crop_Identification/make_dataset/raw_sentinel/pm5/pm5__20201105_20201124__0119	2020-11-21	708270.00000000,3695130.00000000,709038.00000000,3695898.00000000
train	004824	lower__20201117_160541_63_2280_3B_AnalyticMS_SR_8b_clip	pm5__20201105_20201124__0119	/scrfs/storage/yikebe/home/research/AR_Crop_Identification/make_dataset/raw_sentinel/pm5/pm5__20201105_20201124__0119	2020-11-21	715182.00000000,3695130.00000000,715950.00000000,3695898.00000000
train	004840	lower__20201117_160541_63_2280_3B_AnalyticMS_SR_8b_clip	pm5__20201105_20201124__0119	/scrfs/storage/yikebe/home/research/AR_Crop_Identification/make_dataset/raw_sentinel/pm5/pm5__20201105_20201124__0119	2020-11-21	722862.00000000,3695130.00000000,723630.00000000,3695898.00000000
train	004856	lower__20201117_160541_63_2280_3B_AnalyticMS_SR_8b_clip	pm5__20201105_20201124__0119	/scrfs/storage/yikebe/home/research/AR_Crop_Identification/make_dataset/raw_sentinel/pm5/pm5__20201105_20201124__0119	2020-11-21	729006.00000000,3695130.00000000,729774.00000000,3695898.00000000
train	004872	lower__20201117_160541_63_2280_3B_AnalyticMS_SR_8b_clip	pm5__20201105_20201124__0119	/scrfs/storage/yikebe/home/research/AR_Crop_Identification/make_dataset/raw_sentinel/pm5/pm5__20201105_20201124__0119	2020-11-21	729774.00000000,3695130.00000000,730542.00000000,3695898.00000000
train	004888	lower__20201117_160541_63_2280_3B_AnalyticMS_SR_8b_clip	pm5__20201105_20201124__0119	/scrfs/storage/yikebe/home/research/AR_Crop_Identification/make_dataset/raw_sentinel/pm5/pm5__20201105_20201124__0119	2020-11-21	700590.00000000,3694362.00000000,701358.00000000,3695130.00000000
train	004904	lower__20201117_160541_63_2280_3B_AnalyticMS_SR_8b_clip	pm5__20201105_20201124__0119	/scrfs/storage/yikebe/home/research/AR_Crop_Identification/make_dataset/raw_sentinel/pm5/pm5__20201105_20201124__0119	2020-11-21	717486.00000000,3694362.00000000,718254.00000000,3695130.00000000
train	004920	lower__20201117_160541_63_2280_3B_AnalyticMS_SR_8b_clip	pm5__20201105_20201124__0119	/scrfs/storage/yikebe/home/research/AR_Crop_Identification/make_dataset/raw_sentinel/pm5/pm5__20201105_20201124__0119	2020-11-21	700590.00000000,3693594.00000000,701358.00000000,3694362.00000000
train	004936	lower__20201117_160541_63_2280_3B_AnalyticMS_SR_8b_clip	pm5__20201105_20201124__0119	/scrfs/storage/yikebe/home/research/AR_Crop_Identification/make_dataset/raw_sentinel/pm5/pm5__20201105_20201124__0119	2020-11-21	709806.00000000,3693594.00000000,710574.00000000,3694362.00000000
train	004952	lower__20201117_160541_63_2280_3B_AnalyticMS_SR_8b_clip	pm5__20201105_20201124__0119	/scrfs/storage/yikebe/home/research/AR_Crop_Identification/make_dataset/raw_sentinel/pm5/pm5__20201105_20201124__0119	2020-11-21	722862.00000000,3693594.00000000,723630.00000000,3694362.00000000
train	004968	lower__20201117_160541_63_2280_3B_AnalyticMS_SR_8b_clip	pm5__20201105_20201124__0119	/scrfs/storage/yikebe/home/research/AR_Crop_Identification/make_dataset/raw_sentinel/pm5/pm5__20201105_20201124__0119	2020-11-21	700590.00000000,3692826.00000000,701358.00000000,3693594.00000000
train	004984	lower__20201117_160541_63_2280_3B_AnalyticMS_SR_8b_clip	pm5__20201105_20201124__0119	/scrfs/storage/yikebe/home/research/AR_Crop_Identification/make_dataset/raw_sentinel/pm5/pm5__20201105_20201124__0119	2020-11-21	706734.00000000,3692826.00000000,707502.00000000,3693594.00000000
train	005000	lower__20201117_160541_63_2280_3B_AnalyticMS_SR_8b_clip	pm5__20201105_20201124__0119	/scrfs/storage/yikebe/home/research/AR_Crop_Identification/make_dataset/raw_sentinel/pm5/pm5__20201105_20201124__0119	2020-11-21	731310.00000000,3692826.00000000,732078.00000000,3693594.00000000
train	005016	lower__20201117_160541_63_2280_3B_AnalyticMS_SR_8b_clip	pm5__20201105_20201124__0119	/scrfs/storage/yikebe/home/research/AR_Crop_Identification/make_dataset/raw_sentinel/pm5/pm5__20201105_20201124__0119	2020-11-21	700590.00000000,3692058.00000000,701358.00000000,3692826.00000000
train	005032	lower__20201117_160541_63_2280_3B_AnalyticMS_SR_8b_clip	pm5__20201105_20201124__0119	/scrfs/storage/yikebe/home/research/AR_Crop_Identification/make_dataset/raw_sentinel/pm5/pm5__20201105_20201124__0119	2020-11-21	705966.00000000,3692058.00000000,706734.00000000,3692826.00000000
train	005048	lower__20201117_160541_63_2280_3B_AnalyticMS_SR_8b_clip	pm5__20201105_20201124__0119	/scrfs/storage/yikebe/home/research/AR_Crop_Identification/make_dataset/raw_sentinel/pm5/pm5__20201105_20201124__0119	2020-11-21	709038.00000000,3692058.00000000,709806.00000000,3692826.00000000
train	005064	lower__20201117_160541_63_2280_3B_AnalyticMS_SR_8b_clip	pm5__20201105_20201124__0119	/scrfs/storage/yikebe/home/research/AR_Crop_Identification/make_dataset/raw_sentinel/pm5/pm5__20201105_20201124__0119	2020-11-21	731310.00000000,3692058.00000000,732078.00000000,3692826.00000000
train	005080	lower__20201117_160541_63_2280_3B_AnalyticMS_SR_8b_clip	pm5__20201105_20201124__0119	/scrfs/storage/yikebe/home/research/AR_Crop_Identification/make_dataset/raw_sentinel/pm5/pm5__20201105_20201124__0119	2020-11-21	704430.00000000,3691290.00000000,705198.00000000,3692058.00000000
train	005096	lower__20201117_160541_63_2280_3B_AnalyticMS_SR_8b_clip	pm5__20201105_20201124__0119	/scrfs/storage/yikebe/home/research/AR_Crop_Identification/make_dataset/raw_sentinel/pm5/pm5__20201105_20201124__0119	2020-11-21	726702.00000000,3691290.00000000,727470.00000000,3692058.00000000
train	005112	lower__20201117_160541_63_2280_3B_AnalyticMS_SR_8b_clip	pm5__20201105_20201124__0119	/scrfs/storage/yikebe/home/research/AR_Crop_Identification/make_dataset/raw_sentinel/pm5/pm5__20201105_20201124__0119	2020-11-21	701358.00000000,3690522.00000000,702126.00000000,3691290.00000000
train	005128	lower__20201117_160541_63_2280_3B_AnalyticMS_SR_8b_clip	pm5__20201105_20201124__0119	/scrfs/storage/yikebe/home/research/AR_Crop_Identification/make_dataset/raw_sentinel/pm5/pm5__20201105_20201124__0119	2020-11-21	702126.00000000,3690522.00000000,702894.00000000,3691290.00000000
train	005144	lower__20201117_160541_63_2280_3B_AnalyticMS_SR_8b_clip	pm5__20201105_20201124__0119	/scrfs/storage/yikebe/home/research/AR_Crop_Identification/make_dataset/raw_sentinel/pm5/pm5__20201105_20201124__0119	2020-11-21	705966.00000000,3690522.00000000,706734.00000000,3691290.00000000
train	005160	lower__20201117_160541_63_2280_3B_AnalyticMS_SR_8b_clip	pm5__20201105_20201124__0119	/scrfs/storage/yikebe/home/research/AR_Crop_Identification/make_dataset/raw_sentinel/pm5/pm5__20201105_20201124__0119	2020-11-21	707502.00000000,3690522.00000000,708270.00000000,3691290.00000000
train	005176	lower__20201117_160541_63_2280_3B_AnalyticMS_SR_8b_clip	pm5__20201105_20201124__0119	/scrfs/storage/yikebe/home/research/AR_Crop_Identification/make_dataset/raw_sentinel/pm5/pm5__20201105_20201124__0119	2020-11-21	725934.00000000,3690522.00000000,726702.00000000,3691290.00000000
train	005192	lower__20201117_160541_63_2280_3B_AnalyticMS_SR_8b_clip	pm5__20201105_20201124__0119	/scrfs/storage/yikebe/home/research/AR_Crop_Identification/make_dataset/raw_sentinel/pm5/pm5__20201105_20201124__0119	2020-11-21	705966.00000000,3689754.00000000,706734.00000000,3690522.00000000
train	005208	lower__20201117_160541_63_2280_3B_AnalyticMS_SR_8b_clip	pm5__20201105_20201124__0119	/scrfs/storage/yikebe/home/research/AR_Crop_Identification/make_dataset/raw_sentinel/pm5/pm5__20201105_20201124__0119	2020-11-21	707502.00000000,3689754.00000000,708270.00000000,3690522.00000000
train	005224	lower__20201117_160541_63_2280_3B_AnalyticMS_SR_8b_clip	pm5__20201105_20201124__0119	/scrfs/storage/yikebe/home/research/AR_Crop_Identification/make_dataset/raw_sentinel/pm5/pm5__20201105_20201124__0119	2020-11-21	708270.00000000,3688986.00000000,709038.00000000,3689754.00000000
train	005240	lower__20201117_160541_63_2280_3B_AnalyticMS_SR_8b_clip	pm5__20201105_20201124__0119	/scrfs/storage/yikebe/home/research/AR_Crop_Identification/make_dataset/raw_sentinel/pm5/pm5__20201105_20201124__0119	2020-11-21	716718.00000000,3688986.00000000,717486.00000000,3689754.00000000
train	005256	lower__20201117_160541_63_2280_3B_AnalyticMS_SR_8b_clip	pm5__20201105_20201124__0119	/scrfs/storage/yikebe/home/research/AR_Crop_Identification/make_dataset/raw_sentinel/pm5/pm5__20201105_20201124__0119	2020-11-21	708270.00000000,3688218.00000000,709038.00000000,3688986.00000000
train	005272	lower__20201117_160541_63_2280_3B_AnalyticMS_SR_8b_clip	pm5__20201105_20201124__0119	/scrfs/storage/yikebe/home/research/AR_Crop_Identification/make_dataset/raw_sentinel/pm5/pm5__20201105_20201124__0119	2020-11-21	711342.00000000,3688218.00000000,712110.00000000,3688986.00000000
train	005288	lower__20201117_160541_63_2280_3B_AnalyticMS_SR_8b_clip	pm5__20201105_20201124__0119	/scrfs/storage/yikebe/home/research/AR_Crop_Identification/make_dataset/raw_sentinel/pm5/pm5__20201105_20201124__0119	2020-11-21	712110.00000000,3687450.00000000,712878.00000000,3688218.00000000
train	005304	lower__20201118_160720_09_2278_3B_AnalyticMS_SR_8b_clip	pm5__20201105_20201124__0067	/scrfs/storage/yikebe/home/research/AR_Crop_Identification/make_dataset/raw_sentinel/pm5/pm5__20201105_20201124__0067	2020-11-19	602871.00000000,3794847.00000000,603639.00000000,3795615.00000000
train	005320	lower__20201118_160720_09_2278_3B_AnalyticMS_SR_8b_clip	pm5__20201105_20201124__0067	/scrfs/storage/yikebe/home/research/AR_Crop_Identification/make_dataset/raw_sentinel/pm5/pm5__20201105_20201124__0067	2020-11-19	602103.00000000,3794079.00000000,602871.00000000,3794847.00000000
train	005336	lower__20201118_160720_09_2278_3B_AnalyticMS_SR_8b_clip	pm5__20201105_20201124__0067	/scrfs/storage/yikebe/home/research/AR_Crop_Identification/make_dataset/raw_sentinel/pm5/pm5__20201105_20201124__0067	2020-11-19	613623.00000000,3790239.00000000,614391.00000000,3791007.00000000
train	005352	lower__20201118_160720_09_2278_3B_AnalyticMS_SR_8b_clip	pm5__20201105_20201124__0067	/scrfs/storage/yikebe/home/research/AR_Crop_Identification/make_dataset/raw_sentinel/pm5/pm5__20201105_20201124__0067	2020-11-19	614391.00000000,3790239.00000000,615159.00000000,3791007.00000000
train	005368	lower__20201118_160720_09_2278_3B_AnalyticMS_SR_8b_clip	pm5__20201105_20201124__0067	/scrfs/storage/yikebe/home/research/AR_Crop_Identification/make_dataset/raw_sentinel/pm5/pm5__20201105_20201124__0067	2020-11-19	615159.00000000,3790239.00000000,615927.00000000,3791007.00000000
train	005384	lower__20201118_160720_09_2278_3B_AnalyticMS_SR_8b_clip	pm5__20201105_20201124__0067	/scrfs/storage/yikebe/home/research/AR_Crop_Identification/make_dataset/raw_sentinel/pm5/pm5__20201105_20201124__0067	2020-11-19	611319.00000000,3789471.00000000,612087.00000000,3790239.00000000
train	005400	lower__20201118_160720_09_2278_3B_AnalyticMS_SR_8b_clip	pm5__20201105_20201124__0067	/scrfs/storage/yikebe/home/research/AR_Crop_Identification/make_dataset/raw_sentinel/pm5/pm5__20201105_20201124__0067	2020-11-19	612087.00000000,3789471.00000000,612855.00000000,3790239.00000000
train	005416	lower__20201118_160720_09_2278_3B_AnalyticMS_SR_8b_clip	pm5__20201105_20201124__0067	/scrfs/storage/yikebe/home/research/AR_Crop_Identification/make_dataset/raw_sentinel/pm5/pm5__20201105_20201124__0067	2020-11-19	615159.00000000,3789471.00000000,615927.00000000,3790239.00000000
train	005432	lower__20201118_160720_09_2278_3B_AnalyticMS_SR_8b_clip	pm5__20201105_20201124__0067	/scrfs/storage/yikebe/home/research/AR_Crop_Identification/make_dataset/raw_sentinel/pm5/pm5__20201105_20201124__0067	2020-11-19	606711.00000000,3787935.00000000,607479.00000000,3788703.00000000
train	005448	lower__20201118_160720_09_2278_3B_AnalyticMS_SR_8b_clip	pm5__20201105_20201124__0067	/scrfs/storage/yikebe/home/research/AR_Crop_Identification/make_dataset/raw_sentinel/pm5/pm5__20201105_20201124__0067	2020-11-19	610551.00000000,3787935.00000000,611319.00000000,3788703.00000000
train	005464	lower__20201118_160720_09_2278_3B_AnalyticMS_SR_8b_clip	pm5__20201105_20201124__0067	/scrfs/storage/yikebe/home/research/AR_Crop_Identification/make_dataset/raw_sentinel/pm5/pm5__20201105_20201124__0067	2020-11-19	614391.00000000,3786399.00000000,615159.00000000,3787167.00000000
train	005480	lower__20201118_160720_09_2278_3B_AnalyticMS_SR_8b_clip	pm5__20201105_20201124__0067	/scrfs/storage/yikebe/home/research/AR_Crop_Identification/make_dataset/raw_sentinel/pm5/pm5__20201105_20201124__0067	2020-11-19	602103.00000000,3785631.00000000,602871.00000000,3786399.00000000
train	005496	lower__20201118_160720_09_2278_3B_AnalyticMS_SR_8b_clip	pm5__20201105_20201124__0067	/scrfs/storage/yikebe/home/research/AR_Crop_Identification/make_dataset/raw_sentinel/pm5/pm5__20201105_20201124__0067	2020-11-19	605943.00000000,3784863.00000000,606711.00000000,3785631.00000000
train	005512	lower__20201118_160720_09_2278_3B_AnalyticMS_SR_8b_clip	pm5__20201105_20201124__0067	/scrfs/storage/yikebe/home/research/AR_Crop_Identification/make_dataset/raw_sentinel/pm5/pm5__20201105_20201124__0067	2020-11-19	610551.00000000,3782559.00000000,611319.00000000,3783327.00000000
train	005528	lower__20201118_160720_09_2278_3B_AnalyticMS_SR_8b_clip	pm5__20201105_20201124__0067	/scrfs/storage/yikebe/home/research/AR_Crop_Identification/make_dataset/raw_sentinel/pm5/pm5__20201105_20201124__0067	2020-11-19	602103.00000000,3781791.00000000,602871.00000000,3782559.00000000
train	005544	lower__20201118_160720_09_2278_3B_AnalyticMS_SR_8b_clip	pm5__20201105_20201124__0067	/scrfs/storage/yikebe/home/research/AR_Crop_Identification/make_dataset/raw_sentinel/pm5/pm5__20201105_20201124__0067	2020-11-19	603639.00000000,3781791.00000000,604407.00000000,3782559.00000000
train	005560	lower__20201118_160720_09_2278_3B_AnalyticMS_SR_8b_clip	pm5__20201105_20201124__0067	/scrfs/storage/yikebe/home/research/AR_Crop_Identification/make_dataset/raw_sentinel/pm5/pm5__20201105_20201124__0067	2020-11-19	604407.00000000,3781791.00000000,605175.00000000,3782559.00000000
train	005576	lower__20201118_160720_09_2278_3B_AnalyticMS_SR_8b_clip	pm5__20201105_20201124__0067	/scrfs/storage/yikebe/home/research/AR_Crop_Identification/make_dataset/raw_sentinel/pm5/pm5__20201105_20201124__0067	2020-11-19	611319.00000000,3781791.00000000,612087.00000000,3782559.00000000
train	005592	lower__20201118_160720_09_2278_3B_AnalyticMS_SR_8b_clip	pm5__20201105_20201124__0067	/scrfs/storage/yikebe/home/research/AR_Crop_Identification/make_dataset/raw_sentinel/pm5/pm5__20201105_20201124__0067	2020-11-19	602103.00000000,3781023.00000000,602871.00000000,3781791.00000000
train	005608	lower__20201118_160720_09_2278_3B_AnalyticMS_SR_8b_clip	pm5__20201105_20201124__0067	/scrfs/storage/yikebe/home/research/AR_Crop_Identification/make_dataset/raw_sentinel/pm5/pm5__20201105_20201124__0067	2020-11-19	604407.00000000,3781023.00000000,605175.00000000,3781791.00000000
train	005624	lower__20201118_160720_09_2278_3B_AnalyticMS_SR_8b_clip	pm5__20201105_20201124__0067	/scrfs/storage/yikebe/home/research/AR_Crop_Identification/make_dataset/raw_sentinel/pm5/pm5__20201105_20201124__0067	2020-11-19	609015.00000000,3781023.00000000,609783.00000000,3781791.00000000
train	005640	lower__20201118_160720_09_2278_3B_AnalyticMS_SR_8b_clip	pm5__20201105_20201124__0067	/scrfs/storage/yikebe/home/research/AR_Crop_Identification/make_dataset/raw_sentinel/pm5/pm5__20201105_20201124__0067	2020-11-19	611319.00000000,3781023.00000000,612087.00000000,3781791.00000000
train	005656	lower__20201118_160720_09_2278_3B_AnalyticMS_SR_8b_clip	pm5__20201105_20201124__0067	/scrfs/storage/yikebe/home/research/AR_Crop_Identification/make_dataset/raw_sentinel/pm5/pm5__20201105_20201124__0067	2020-11-19	600567.00000000,3780255.00000000,601335.00000000,3781023.00000000
train	005672	lower__20201118_160720_09_2278_3B_AnalyticMS_SR_8b_clip	pm5__20201105_20201124__0067	/scrfs/storage/yikebe/home/research/AR_Crop_Identification/make_dataset/raw_sentinel/pm5/pm5__20201105_20201124__0067	2020-11-19	603639.00000000,3780255.00000000,604407.00000000,3781023.00000000
train	005688	lower__20201118_160720_09_2278_3B_AnalyticMS_SR_8b_clip	pm5__20201105_20201124__0067	/scrfs/storage/yikebe/home/research/AR_Crop_Identification/make_dataset/raw_sentinel/pm5/pm5__20201105_20201124__0067	2020-11-19	604407.00000000,3780255.00000000,605175.00000000,3781023.00000000
train	005704	lower__20201118_160720_09_2278_3B_AnalyticMS_SR_8b_clip	pm5__20201105_20201124__0067	/scrfs/storage/yikebe/home/research/AR_Crop_Identification/make_dataset/raw_sentinel/pm5/pm5__20201105_20201124__0067	2020-11-19	615927.00000000,3780255.00000000,616695.00000000,3781023.00000000
train	005720	lower__20201118_160720_09_2278_3B_AnalyticMS_SR_8b_clip	pm5__20201105_20201124__0067	/scrfs/storage/yikebe/home/research/AR_Crop_Identification/make_dataset/raw_sentinel/pm5/pm5__20201105_20201124__0067	2020-11-19	605175.00000000,3779487.00000000,605943.00000000,3780255.00000000
train	005736	lower__20201118_160720_09_2278_3B_AnalyticMS_SR_8b_clip	pm5__20201105_20201124__0067	/scrfs/storage/yikebe/home/research/AR_Crop_Identification/make_dataset/raw_sentinel/pm5/pm5__20201105_20201124__0067	2020-11-19	605943.00000000,3779487.00000000,606711.00000000,3780255.00000000
train	005752	lower__20201118_160720_09_2278_3B_AnalyticMS_SR_8b_clip	pm5__20201105_20201124__0067	/scrfs/storage/yikebe/home/research/AR_Crop_Identification/make_dataset/raw_sentinel/pm5/pm5__20201105_20201124__0067	2020-11-19	605175.00000000,3778719.00000000,605943.00000000,3779487.00000000
train	005768	lower__20201118_160720_09_2278_3B_AnalyticMS_SR_8b_clip	pm5__20201105_20201124__0067	/scrfs/storage/yikebe/home/research/AR_Crop_Identification/make_dataset/raw_sentinel/pm5/pm5__20201105_20201124__0067	2020-11-19	605943.00000000,3778719.00000000,606711.00000000,3779487.00000000
train	005784	lower__20201118_160720_09_2278_3B_AnalyticMS_SR_8b_clip	pm5__20201105_20201124__0067	/scrfs/storage/yikebe/home/research/AR_Crop_Identification/make_dataset/raw_sentinel/pm5/pm5__20201105_20201124__0067	2020-11-19	605175.00000000,3777951.00000000,605943.00000000,3778719.00000000
train	005800	lower__20201118_160720_09_2278_3B_AnalyticMS_SR_8b_clip	pm5__20201105_20201124__0067	/scrfs/storage/yikebe/home/research/AR_Crop_Identification/make_dataset/raw_sentinel/pm5/pm5__20201105_20201124__0067	2020-11-19	606711.00000000,3777951.00000000,607479.00000000,3778719.00000000
train	005816	lower__20201118_160720_09_2278_3B_AnalyticMS_SR_8b_clip	pm5__20201105_20201124__0067	/scrfs/storage/yikebe/home/research/AR_Crop_Identification/make_dataset/raw_sentinel/pm5/pm5__20201105_20201124__0067	2020-11-19	605943.00000000,3777183.00000000,606711.00000000,3777951.00000000
train	005832	lower__20201118_160720_09_2278_3B_AnalyticMS_SR_8b_clip	pm5__20201105_20201124__0067	/scrfs/storage/yikebe/home/research/AR_Crop_Identification/make_dataset/raw_sentinel/pm5/pm5__20201105_20201124__0067	2020-11-19	604407.00000000,3776415.00000000,605175.00000000,3777183.00000000
train	005848	lower__20201118_160720_09_2278_3B_AnalyticMS_SR_8b_clip	pm5__20201105_20201124__0067	/scrfs/storage/yikebe/home/research/AR_Crop_Identification/make_dataset/raw_sentinel/pm5/pm5__20201105_20201124__0067	2020-11-19	608247.00000000,3776415.00000000,609015.00000000,3777183.00000000
train	005864	lower__20201118_160720_09_2278_3B_AnalyticMS_SR_8b_clip	pm5__20201105_20201124__0067	/scrfs/storage/yikebe/home/research/AR_Crop_Identification/make_dataset/raw_sentinel/pm5/pm5__20201105_20201124__0067	2020-11-19	612855.00000000,3776415.00000000,613623.00000000,3777183.00000000
train	005880	lower__20201118_160720_09_2278_3B_AnalyticMS_SR_8b_clip	pm5__20201105_20201124__0067	/scrfs/storage/yikebe/home/research/AR_Crop_Identification/make_dataset/raw_sentinel/pm5/pm5__20201105_20201124__0067	2020-11-19	618231.00000000,3776415.00000000,618999.00000000,3777183.00000000
train	005896	lower__20201118_160720_09_2278_3B_AnalyticMS_SR_8b_clip	pm5__20201105_20201124__0067	/scrfs/storage/yikebe/home/research/AR_Crop_Identification/make_dataset/raw_sentinel/pm5/pm5__20201105_20201124__0067	2020-11-19	608247.00000000,3775647.00000000,609015.00000000,3776415.00000000
train	005912	lower__20201118_160720_09_2278_3B_AnalyticMS_SR_8b_clip	pm5__20201105_20201124__0067	/scrfs/storage/yikebe/home/research/AR_Crop_Identification/make_dataset/raw_sentinel/pm5/pm5__20201105_20201124__0067	2020-11-19	612855.00000000,3775647.00000000,613623.00000000,3776415.00000000
train	005928	lower__20201118_165013_49_240c_3B_AnalyticMS_SR_8b_clip	pm5__20201105_20201124__0129	/scrfs/storage/yikebe/home/research/AR_Crop_Identification/make_dataset/raw_sentinel/pm5/pm5__20201105_20201124__0129	2020-11-21	733275.00000000,3678756.00000000,734043.00000000,3679524.00000000
train	005944	lower__20201118_165013_49_240c_3B_AnalyticMS_SR_8b_clip	pm5__20201105_20201124__0129	/scrfs/storage/yikebe/home/research/AR_Crop_Identification/make_dataset/raw_sentinel/pm5/pm5__20201105_20201124__0129	2020-11-21	726363.00000000,3677988.00000000,727131.00000000,3678756.00000000
train	005960	lower__20201118_165013_49_240c_3B_AnalyticMS_SR_8b_clip	pm5__20201105_20201124__0129	/scrfs/storage/yikebe/home/research/AR_Crop_Identification/make_dataset/raw_sentinel/pm5/pm5__20201105_20201124__0129	2020-11-21	754011.00000000,3674916.00000000,754779.00000000,3675684.00000000
train	005976	lower__20201118_165013_49_240c_3B_AnalyticMS_SR_8b_clip	pm5__20201105_20201124__0129	/scrfs/storage/yikebe/home/research/AR_Crop_Identification/make_dataset/raw_sentinel/pm5/pm5__20201105_20201124__0129	2020-11-21	753243.00000000,3674148.00000000,754011.00000000,3674916.00000000
train	005992	lower__20201118_165013_49_240c_3B_AnalyticMS_SR_8b_clip	pm5__20201105_20201124__0129	/scrfs/storage/yikebe/home/research/AR_Crop_Identification/make_dataset/raw_sentinel/pm5/pm5__20201105_20201124__0129	2020-11-21	726363.00000000,3672612.00000000,727131.00000000,3673380.00000000
train	006008	lower__20201118_165013_49_240c_3B_AnalyticMS_SR_8b_clip	pm5__20201105_20201124__0129	/scrfs/storage/yikebe/home/research/AR_Crop_Identification/make_dataset/raw_sentinel/pm5/pm5__20201105_20201124__0129	2020-11-21	727131.00000000,3672612.00000000,727899.00000000,3673380.00000000
train	006024	lower__20201118_165013_49_240c_3B_AnalyticMS_SR_8b_clip	pm5__20201105_20201124__0129	/scrfs/storage/yikebe/home/research/AR_Crop_Identification/make_dataset/raw_sentinel/pm5/pm5__20201105_20201124__0129	2020-11-21	754779.00000000,3672612.00000000,755547.00000000,3673380.00000000
train	006040	lower__20201118_165013_49_240c_3B_AnalyticMS_SR_8b_clip	pm5__20201105_20201124__0129	/scrfs/storage/yikebe/home/research/AR_Crop_Identification/make_dataset/raw_sentinel/pm5/pm5__20201105_20201124__0129	2020-11-21	722523.00000000,3671076.00000000,723291.00000000,3671844.00000000
train	006056	lower__20201118_165013_49_240c_3B_AnalyticMS_SR_8b_clip	pm5__20201105_20201124__0129	/scrfs/storage/yikebe/home/research/AR_Crop_Identification/make_dataset/raw_sentinel/pm5/pm5__20201105_20201124__0129	2020-11-21	723291.00000000,3671076.00000000,724059.00000000,3671844.00000000
train	006072	lower__20201118_165013_49_240c_3B_AnalyticMS_SR_8b_clip	pm5__20201105_20201124__0129	/scrfs/storage/yikebe/home/research/AR_Crop_Identification/make_dataset/raw_sentinel/pm5/pm5__20201105_20201124__0129	2020-11-21	741723.00000000,3667236.00000000,742491.00000000,3668004.00000000
train	006088	lower__20201118_165013_49_240c_3B_AnalyticMS_SR_8b_clip	pm5__20201105_20201124__0129	/scrfs/storage/yikebe/home/research/AR_Crop_Identification/make_dataset/raw_sentinel/pm5/pm5__20201105_20201124__0129	2020-11-21	740955.00000000,3666468.00000000,741723.00000000,3667236.00000000
train	006104	lower__20201118_165013_49_240c_3B_AnalyticMS_SR_8b_clip	pm5__20201105_20201124__0129	/scrfs/storage/yikebe/home/research/AR_Crop_Identification/make_dataset/raw_sentinel/pm5/pm5__20201105_20201124__0129	2020-11-21	721755.00000000,3664164.00000000,722523.00000000,3664932.00000000
train	006120	lower__20201118_165013_49_240c_3B_AnalyticMS_SR_8b_clip	pm5__20201105_20201124__0129	/scrfs/storage/yikebe/home/research/AR_Crop_Identification/make_dataset/raw_sentinel/pm5/pm5__20201105_20201124__0129	2020-11-21	744027.00000000,3664164.00000000,744795.00000000,3664932.00000000
train	006136	lower__20201118_165013_49_240c_3B_AnalyticMS_SR_8b_clip	pm5__20201105_20201124__0129	/scrfs/storage/yikebe/home/research/AR_Crop_Identification/make_dataset/raw_sentinel/pm5/pm5__20201105_20201124__0129	2020-11-21	720987.00000000,3663396.00000000,721755.00000000,3664164.00000000
train	006152	lower__20201118_165013_49_240c_3B_AnalyticMS_SR_8b_clip	pm5__20201105_20201124__0129	/scrfs/storage/yikebe/home/research/AR_Crop_Identification/make_dataset/raw_sentinel/pm5/pm5__20201105_20201124__0129	2020-11-21	746331.00000000,3663396.00000000,747099.00000000,3664164.00000000
train	006168	lower__20201118_165013_49_240c_3B_AnalyticMS_SR_8b_clip	pm5__20201105_20201124__0129	/scrfs/storage/yikebe/home/research/AR_Crop_Identification/make_dataset/raw_sentinel/pm5/pm5__20201105_20201124__0129	2020-11-21	750939.00000000,3662628.00000000,751707.00000000,3663396.00000000
train	006184	lower__20201118_165013_49_240c_3B_AnalyticMS_SR_8b_clip	pm5__20201105_20201124__0129	/scrfs/storage/yikebe/home/research/AR_Crop_Identification/make_dataset/raw_sentinel/pm5/pm5__20201105_20201124__0129	2020-11-21	751707.00000000,3662628.00000000,752475.00000000,3663396.00000000
train	006200	lower__20201118_165917_60_227b_3B_AnalyticMS_SR_8b_clip	pm5__20201105_20201124__0058	/scrfs/storage/yikebe/home/research/AR_Crop_Identification/make_dataset/raw_sentinel/pm5/pm5__20201105_20201124__0058	2020-11-19	585366.00000000,3825051.00000000,586134.00000000,3825819.00000000
train	006216	lower__20201118_165917_60_227b_3B_AnalyticMS_SR_8b_clip	pm5__20201105_20201124__0058	/scrfs/storage/yikebe/home/research/AR_Crop_Identification/make_dataset/raw_sentinel/pm5/pm5__20201105_20201124__0058	2020-11-19	583830.00000000,3822747.00000000,584598.00000000,3823515.00000000
train	006232	lower__20201118_165917_60_227b_3B_AnalyticMS_SR_8b_clip	pm5__20201105_20201124__0058	/scrfs/storage/yikebe/home/research/AR_Crop_Identification/make_dataset/raw_sentinel/pm5/pm5__20201105_20201124__0058	2020-11-19	583062.00000000,3821979.00000000,583830.00000000,3822747.00000000
train	006248	lower__20201118_165917_60_227b_3B_AnalyticMS_SR_8b_clip	pm5__20201105_20201124__0058	/scrfs/storage/yikebe/home/research/AR_Crop_Identification/make_dataset/raw_sentinel/pm5/pm5__20201105_20201124__0058	2020-11-19	583830.00000000,3821979.00000000,584598.00000000,3822747.00000000
train	006264	lower__20201118_165917_60_227b_3B_AnalyticMS_SR_8b_clip	pm5__20201105_20201124__0058	/scrfs/storage/yikebe/home/research/AR_Crop_Identification/make_dataset/raw_sentinel/pm5/pm5__20201105_20201124__0058	2020-11-19	584598.00000000,3821979.00000000,585366.00000000,3822747.00000000
train	006280	lower__20201118_165917_60_227b_3B_AnalyticMS_SR_8b_clip	pm5__20201105_20201124__0058	/scrfs/storage/yikebe/home/research/AR_Crop_Identification/make_dataset/raw_sentinel/pm5/pm5__20201105_20201124__0058	2020-11-19	583062.00000000,3821211.00000000,583830.00000000,3821979.00000000
train	006296	lower__20201118_165917_60_227b_3B_AnalyticMS_SR_8b_clip	pm5__20201105_20201124__0058	/scrfs/storage/yikebe/home/research/AR_Crop_Identification/make_dataset/raw_sentinel/pm5/pm5__20201105_20201124__0058	2020-11-19	583830.00000000,3821211.00000000,584598.00000000,3821979.00000000
train	006312	lower__20201118_165917_60_227b_3B_AnalyticMS_SR_8b_clip	pm5__20201105_20201124__0058	/scrfs/storage/yikebe/home/research/AR_Crop_Identification/make_dataset/raw_sentinel/pm5/pm5__20201105_20201124__0058	2020-11-19	581526.00000000,3820443.00000000,582294.00000000,3821211.00000000
train	006328	lower__20201118_165917_60_227b_3B_AnalyticMS_SR_8b_clip	pm5__20201105_20201124__0058	/scrfs/storage/yikebe/home/research/AR_Crop_Identification/make_dataset/raw_sentinel/pm5/pm5__20201105_20201124__0058	2020-11-19	582294.00000000,3820443.00000000,583062.00000000,3821211.00000000
train	006344	lower__20201118_165917_60_227b_3B_AnalyticMS_SR_8b_clip	pm5__20201105_20201124__0058	/scrfs/storage/yikebe/home/research/AR_Crop_Identification/make_dataset/raw_sentinel/pm5/pm5__20201105_20201124__0058	2020-11-19	583062.00000000,3820443.00000000,583830.00000000,3821211.00000000
train	006360	lower__20201118_165917_60_227b_3B_AnalyticMS_SR_8b_clip	pm5__20201105_20201124__0058	/scrfs/storage/yikebe/home/research/AR_Crop_Identification/make_dataset/raw_sentinel/pm5/pm5__20201105_20201124__0058	2020-11-19	583062.00000000,3819675.00000000,583830.00000000,3820443.00000000
train	006376	lower__20201118_165917_60_227b_3B_AnalyticMS_SR_8b_clip	pm5__20201105_20201124__0058	/scrfs/storage/yikebe/home/research/AR_Crop_Identification/make_dataset/raw_sentinel/pm5/pm5__20201105_20201124__0058	2020-11-19	592278.00000000,3818907.00000000,593046.00000000,3819675.00000000
train	006392	lower__20201118_165917_60_227b_3B_AnalyticMS_SR_8b_clip	pm5__20201105_20201124__0058	/scrfs/storage/yikebe/home/research/AR_Crop_Identification/make_dataset/raw_sentinel/pm5/pm5__20201105_20201124__0058	2020-11-19	591510.00000000,3818139.00000000,592278.00000000,3818907.00000000
train	006408	lower__20201118_165917_60_227b_3B_AnalyticMS_SR_8b_clip	pm5__20201105_20201124__0058	/scrfs/storage/yikebe/home/research/AR_Crop_Identification/make_dataset/raw_sentinel/pm5/pm5__20201105_20201124__0058	2020-11-19	603798.00000000,3818139.00000000,604566.00000000,3818907.00000000
train	006424	lower__20201118_165917_60_227b_3B_AnalyticMS_SR_8b_clip	pm5__20201105_20201124__0058	/scrfs/storage/yikebe/home/research/AR_Crop_Identification/make_dataset/raw_sentinel/pm5/pm5__20201105_20201124__0058	2020-11-19	582294.00000000,3817371.00000000,583062.00000000,3818139.00000000
train	006440	lower__20201118_165917_60_227b_3B_AnalyticMS_SR_8b_clip	pm5__20201105_20201124__0058	/scrfs/storage/yikebe/home/research/AR_Crop_Identification/make_dataset/raw_sentinel/pm5/pm5__20201105_20201124__0058	2020-11-19	590742.00000000,3817371.00000000,591510.00000000,3818139.00000000
train	006456	lower__20201118_165917_60_227b_3B_AnalyticMS_SR_8b_clip	pm5__20201105_20201124__0058	/scrfs/storage/yikebe/home/research/AR_Crop_Identification/make_dataset/raw_sentinel/pm5/pm5__20201105_20201124__0058	2020-11-19	604566.00000000,3815835.00000000,605334.00000000,3816603.00000000
train	006472	lower__20201118_165917_60_227b_3B_AnalyticMS_SR_8b_clip	pm5__20201105_20201124__0058	/scrfs/storage/yikebe/home/research/AR_Crop_Identification/make_dataset/raw_sentinel/pm5/pm5__20201105_20201124__0058	2020-11-19	586902.00000000,3811995.00000000,587670.00000000,3812763.00000000
train	006488	lower__20201118_165917_60_227b_3B_AnalyticMS_SR_8b_clip	pm5__20201105_20201124__0058	/scrfs/storage/yikebe/home/research/AR_Crop_Identification/make_dataset/raw_sentinel/pm5/pm5__20201105_20201124__0058	2020-11-19	587670.00000000,3811995.00000000,588438.00000000,3812763.00000000
train	006504	lower__20201118_165917_60_227b_3B_AnalyticMS_SR_8b_clip	pm5__20201105_20201124__0058	/scrfs/storage/yikebe/home/research/AR_Crop_Identification/make_dataset/raw_sentinel/pm5/pm5__20201105_20201124__0058	2020-11-19	586134.00000000,3811227.00000000,586902.00000000,3811995.00000000
train	006520	lower__20201118_165917_60_227b_3B_AnalyticMS_SR_8b_clip	pm5__20201105_20201124__0058	/scrfs/storage/yikebe/home/research/AR_Crop_Identification/make_dataset/raw_sentinel/pm5/pm5__20201105_20201124__0058	2020-11-19	586902.00000000,3811227.00000000,587670.00000000,3811995.00000000
train	006536	lower__20201118_165917_60_227b_3B_AnalyticMS_SR_8b_clip	pm5__20201105_20201124__0058	/scrfs/storage/yikebe/home/research/AR_Crop_Identification/make_dataset/raw_sentinel/pm5/pm5__20201105_20201124__0058	2020-11-19	587670.00000000,3811227.00000000,588438.00000000,3811995.00000000
train	006552	lower__20201118_165917_60_227b_3B_AnalyticMS_SR_8b_clip	pm5__20201105_20201124__0058	/scrfs/storage/yikebe/home/research/AR_Crop_Identification/make_dataset/raw_sentinel/pm5/pm5__20201105_20201124__0058	2020-11-19	600726.00000000,3811227.00000000,601494.00000000,3811995.00000000
train	006568	lower__20201118_165917_60_227b_3B_AnalyticMS_SR_8b_clip	pm5__20201105_20201124__0058	/scrfs/storage/yikebe/home/research/AR_Crop_Identification/make_dataset/raw_sentinel/pm5/pm5__20201105_20201124__0058	2020-11-19	586134.00000000,3810459.00000000,586902.00000000,3811227.00000000
train	006584	lower__20201118_165917_60_227b_3B_AnalyticMS_SR_8b_clip	pm5__20201105_20201124__0058	/scrfs/storage/yikebe/home/research/AR_Crop_Identification/make_dataset/raw_sentinel/pm5/pm5__20201105_20201124__0058	2020-11-19	586902.00000000,3810459.00000000,587670.00000000,3811227.00000000
train	006600	lower__20201118_165917_60_227b_3B_AnalyticMS_SR_8b_clip	pm5__20201105_20201124__0058	/scrfs/storage/yikebe/home/research/AR_Crop_Identification/make_dataset/raw_sentinel/pm5/pm5__20201105_20201124__0058	2020-11-19	587670.00000000,3810459.00000000,588438.00000000,3811227.00000000
train	006616	lower__20201118_165917_60_227b_3B_AnalyticMS_SR_8b_clip	pm5__20201105_20201124__0058	/scrfs/storage/yikebe/home/research/AR_Crop_Identification/make_dataset/raw_sentinel/pm5/pm5__20201105_20201124__0058	2020-11-19	588438.00000000,3810459.00000000,589206.00000000,3811227.00000000
train	006632	lower__20201118_165917_60_227b_3B_AnalyticMS_SR_8b_clip	pm5__20201105_20201124__0058	/scrfs/storage/yikebe/home/research/AR_Crop_Identification/make_dataset/raw_sentinel/pm5/pm5__20201105_20201124__0058	2020-11-19	586134.00000000,3809691.00000000,586902.00000000,3810459.00000000
train	006648	lower__20201118_165917_60_227b_3B_AnalyticMS_SR_8b_clip	pm5__20201105_20201124__0058	/scrfs/storage/yikebe/home/research/AR_Crop_Identification/make_dataset/raw_sentinel/pm5/pm5__20201105_20201124__0058	2020-11-19	586902.00000000,3809691.00000000,587670.00000000,3810459.00000000
train	006664	lower__20201118_165917_60_227b_3B_AnalyticMS_SR_8b_clip	pm5__20201105_20201124__0058	/scrfs/storage/yikebe/home/research/AR_Crop_Identification/make_dataset/raw_sentinel/pm5/pm5__20201105_20201124__0058	2020-11-19	587670.00000000,3809691.00000000,588438.00000000,3810459.00000000
train	006680	lower__20201118_165917_60_227b_3B_AnalyticMS_SR_8b_clip	pm5__20201105_20201124__0058	/scrfs/storage/yikebe/home/research/AR_Crop_Identification/make_dataset/raw_sentinel/pm5/pm5__20201105_20201124__0058	2020-11-19	588438.00000000,3809691.00000000,589206.00000000,3810459.00000000
train	006696	lower__20201118_165917_60_227b_3B_AnalyticMS_SR_8b_clip	pm5__20201105_20201124__0058	/scrfs/storage/yikebe/home/research/AR_Crop_Identification/make_dataset/raw_sentinel/pm5/pm5__20201105_20201124__0058	2020-11-19	586902.00000000,3808923.00000000,587670.00000000,3809691.00000000
train	006712	lower__20201118_165917_60_227b_3B_AnalyticMS_SR_8b_clip	pm5__20201105_20201124__0058	/scrfs/storage/yikebe/home/research/AR_Crop_Identification/make_dataset/raw_sentinel/pm5/pm5__20201105_20201124__0058	2020-11-19	587670.00000000,3808923.00000000,588438.00000000,3809691.00000000
train	006728	lower__20201118_165917_60_227b_3B_AnalyticMS_SR_8b_clip	pm5__20201105_20201124__0058	/scrfs/storage/yikebe/home/research/AR_Crop_Identification/make_dataset/raw_sentinel/pm5/pm5__20201105_20201124__0058	2020-11-19	586902.00000000,3808155.00000000,587670.00000000,3808923.00000000
train	006744	lower__20201118_165917_60_227b_3B_AnalyticMS_SR_8b_clip	pm5__20201105_20201124__0058	/scrfs/storage/yikebe/home/research/AR_Crop_Identification/make_dataset/raw_sentinel/pm5/pm5__20201105_20201124__0058	2020-11-19	587670.00000000,3808155.00000000,588438.00000000,3808923.00000000
train	006760	lower__20201118_165917_60_227b_3B_AnalyticMS_SR_8b_clip	pm5__20201105_20201124__0058	/scrfs/storage/yikebe/home/research/AR_Crop_Identification/make_dataset/raw_sentinel/pm5/pm5__20201105_20201124__0058	2020-11-19	601494.00000000,3805083.00000000,602262.00000000,3805851.00000000
train	006776	lower__20201118_165917_60_227b_3B_AnalyticMS_SR_8b_clip	pm5__20201105_20201124__0058	/scrfs/storage/yikebe/home/research/AR_Crop_Identification/make_dataset/raw_sentinel/pm5/pm5__20201105_20201124__0058	2020-11-19	598422.00000000,3804315.00000000,599190.00000000,3805083.00000000
train	006792	lower__20201118_165917_60_227b_3B_AnalyticMS_SR_8b_clip	pm5__20201105_20201124__0058	/scrfs/storage/yikebe/home/research/AR_Crop_Identification/make_dataset/raw_sentinel/pm5/pm5__20201105_20201124__0058	2020-11-19	597654.00000000,3802779.00000000,598422.00000000,3803547.00000000
train	006808	lower__20201119_160540_76_2271_3B_AnalyticMS_SR_8b_clip	pm5__20201105_20201124__0106	/scrfs/storage/yikebe/home/research/AR_Crop_Identification/make_dataset/raw_sentinel/pm5/pm5__20201105_20201124__0106	2020-11-19	677850.00000000,3825864.00000000,678618.00000000,3826632.00000000
train	006824	lower__20201119_160540_76_2271_3B_AnalyticMS_SR_8b_clip	pm5__20201105_20201124__0106	/scrfs/storage/yikebe/home/research/AR_Crop_Identification/make_dataset/raw_sentinel/pm5/pm5__20201105_20201124__0106	2020-11-19	677082.00000000,3825096.00000000,677850.00000000,3825864.00000000
train	006840	lower__20201119_160540_76_2271_3B_AnalyticMS_SR_8b_clip	pm5__20201105_20201124__0106	/scrfs/storage/yikebe/home/research/AR_Crop_Identification/make_dataset/raw_sentinel/pm5/pm5__20201105_20201124__0106	2020-11-19	682458.00000000,3817416.00000000,683226.00000000,3818184.00000000
train	006856	lower__20201119_160540_76_2271_3B_AnalyticMS_SR_8b_clip	pm5__20201105_20201124__0106	/scrfs/storage/yikebe/home/research/AR_Crop_Identification/make_dataset/raw_sentinel/pm5/pm5__20201105_20201124__0106	2020-11-19	674778.00000000,3814344.00000000,675546.00000000,3815112.00000000
train	006872	lower__20201119_164752_24_240a_3B_AnalyticMS_SR_8b_clip	pm5__20201105_20201124__0133	/scrfs/storage/yikebe/home/research/AR_Crop_Identification/make_dataset/raw_sentinel/pm5/pm5__20201105_20201124__0133	2020-11-21	734649.00000000,3750783.00000000,735417.00000000,3751551.00000000
train	006888	lower__20201119_164752_24_240a_3B_AnalyticMS_SR_8b_clip	pm5__20201105_20201124__0133	/scrfs/storage/yikebe/home/research/AR_Crop_Identification/make_dataset/raw_sentinel/pm5/pm5__20201105_20201124__0133	2020-11-21	735417.00000000,3750783.00000000,736185.00000000,3751551.00000000
train	006904	lower__20201119_164752_24_240a_3B_AnalyticMS_SR_8b_clip	pm5__20201105_20201124__0133	/scrfs/storage/yikebe/home/research/AR_Crop_Identification/make_dataset/raw_sentinel/pm5/pm5__20201105_20201124__0133	2020-11-21	759225.00000000,3750783.00000000,759993.00000000,3751551.00000000
train	006920	lower__20201119_164752_24_240a_3B_AnalyticMS_SR_8b_clip	pm5__20201105_20201124__0133	/scrfs/storage/yikebe/home/research/AR_Crop_Identification/make_dataset/raw_sentinel/pm5/pm5__20201105_20201124__0133	2020-11-21	759225.00000000,3750015.00000000,759993.00000000,3750783.00000000
train	006936	lower__20201119_164752_24_240a_3B_AnalyticMS_SR_8b_clip	pm5__20201105_20201124__0133	/scrfs/storage/yikebe/home/research/AR_Crop_Identification/make_dataset/raw_sentinel/pm5/pm5__20201105_20201124__0133	2020-11-21	763833.00000000,3750015.00000000,764601.00000000,3750783.00000000
train	006952	lower__20201119_164752_24_240a_3B_AnalyticMS_SR_8b_clip	pm5__20201105_20201124__0133	/scrfs/storage/yikebe/home/research/AR_Crop_Identification/make_dataset/raw_sentinel/pm5/pm5__20201105_20201124__0133	2020-11-21	763065.00000000,3749247.00000000,763833.00000000,3750015.00000000
train	006968	lower__20201119_164752_24_240a_3B_AnalyticMS_SR_8b_clip	pm5__20201105_20201124__0133	/scrfs/storage/yikebe/home/research/AR_Crop_Identification/make_dataset/raw_sentinel/pm5/pm5__20201105_20201124__0133	2020-11-21	763833.00000000,3749247.00000000,764601.00000000,3750015.00000000
train	006984	lower__20201119_164752_24_240a_3B_AnalyticMS_SR_8b_clip	pm5__20201105_20201124__0133	/scrfs/storage/yikebe/home/research/AR_Crop_Identification/make_dataset/raw_sentinel/pm5/pm5__20201105_20201124__0133	2020-11-21	763065.00000000,3748479.00000000,763833.00000000,3749247.00000000
train	007000	lower__20201119_164752_24_240a_3B_AnalyticMS_SR_8b_clip	pm5__20201105_20201124__0133	/scrfs/storage/yikebe/home/research/AR_Crop_Identification/make_dataset/raw_sentinel/pm5/pm5__20201105_20201124__0133	2020-11-21	759993.00000000,3746943.00000000,760761.00000000,3747711.00000000
train	007016	lower__20201119_164752_24_240a_3B_AnalyticMS_SR_8b_clip	pm5__20201105_20201124__0133	/scrfs/storage/yikebe/home/research/AR_Crop_Identification/make_dataset/raw_sentinel/pm5/pm5__20201105_20201124__0133	2020-11-21	760761.00000000,3746943.00000000,761529.00000000,3747711.00000000
train	007032	lower__20201119_164752_24_240a_3B_AnalyticMS_SR_8b_clip	pm5__20201105_20201124__0133	/scrfs/storage/yikebe/home/research/AR_Crop_Identification/make_dataset/raw_sentinel/pm5/pm5__20201105_20201124__0133	2020-11-21	766137.00000000,3746943.00000000,766905.00000000,3747711.00000000
train	007048	lower__20201119_164752_24_240a_3B_AnalyticMS_SR_8b_clip	pm5__20201105_20201124__0133	/scrfs/storage/yikebe/home/research/AR_Crop_Identification/make_dataset/raw_sentinel/pm5/pm5__20201105_20201124__0133	2020-11-21	736185.00000000,3746175.00000000,736953.00000000,3746943.00000000
train	007064	lower__20201119_164752_24_240a_3B_AnalyticMS_SR_8b_clip	pm5__20201105_20201124__0133	/scrfs/storage/yikebe/home/research/AR_Crop_Identification/make_dataset/raw_sentinel/pm5/pm5__20201105_20201124__0133	2020-11-21	736185.00000000,3745407.00000000,736953.00000000,3746175.00000000
train	007080	lower__20201119_164752_24_240a_3B_AnalyticMS_SR_8b_clip	pm5__20201105_20201124__0133	/scrfs/storage/yikebe/home/research/AR_Crop_Identification/make_dataset/raw_sentinel/pm5/pm5__20201105_20201124__0133	2020-11-21	743097.00000000,3745407.00000000,743865.00000000,3746175.00000000
train	007096	lower__20201119_164752_24_240a_3B_AnalyticMS_SR_8b_clip	pm5__20201105_20201124__0133	/scrfs/storage/yikebe/home/research/AR_Crop_Identification/make_dataset/raw_sentinel/pm5/pm5__20201105_20201124__0133	2020-11-21	743097.00000000,3736959.00000000,743865.00000000,3737727.00000000
train	007112	lower__20201119_164752_24_240a_3B_AnalyticMS_SR_8b_clip	pm5__20201105_20201124__0133	/scrfs/storage/yikebe/home/research/AR_Crop_Identification/make_dataset/raw_sentinel/pm5/pm5__20201105_20201124__0133	2020-11-21	743865.00000000,3736959.00000000,744633.00000000,3737727.00000000
train	007128	lower__20201119_164752_24_240a_3B_AnalyticMS_SR_8b_clip	pm5__20201105_20201124__0133	/scrfs/storage/yikebe/home/research/AR_Crop_Identification/make_dataset/raw_sentinel/pm5/pm5__20201105_20201124__0133	2020-11-21	742329.00000000,3736191.00000000,743097.00000000,3736959.00000000
train	007144	lower__20201119_164752_24_240a_3B_AnalyticMS_SR_8b_clip	pm5__20201105_20201124__0133	/scrfs/storage/yikebe/home/research/AR_Crop_Identification/make_dataset/raw_sentinel/pm5/pm5__20201105_20201124__0133	2020-11-21	740793.00000000,3735423.00000000,741561.00000000,3736191.00000000
train	007160	lower__20201119_164752_24_240a_3B_AnalyticMS_SR_8b_clip	pm5__20201105_20201124__0133	/scrfs/storage/yikebe/home/research/AR_Crop_Identification/make_dataset/raw_sentinel/pm5/pm5__20201105_20201124__0133	2020-11-21	742329.00000000,3735423.00000000,743097.00000000,3736191.00000000
train	007176	lower__20201119_164752_24_240a_3B_AnalyticMS_SR_8b_clip	pm5__20201105_20201124__0133	/scrfs/storage/yikebe/home/research/AR_Crop_Identification/make_dataset/raw_sentinel/pm5/pm5__20201105_20201124__0133	2020-11-21	742329.00000000,3734655.00000000,743097.00000000,3735423.00000000
train	007192	lower__20201119_164752_24_240a_3B_AnalyticMS_SR_8b_clip	pm5__20201105_20201124__0133	/scrfs/storage/yikebe/home/research/AR_Crop_Identification/make_dataset/raw_sentinel/pm5/pm5__20201105_20201124__0133	2020-11-21	758457.00000000,3733119.00000000,759225.00000000,3733887.00000000
train	007208	lower__20201119_165052_46_227b_3B_AnalyticMS_SR_8b_clip	pm5__20201105_20201124__0144	/scrfs/storage/yikebe/home/research/AR_Crop_Identification/make_dataset/raw_sentinel/pm5/pm5__20201105_20201124__0144	2020-11-21	764943.00000000,3685107.00000000,765711.00000000,3685875.00000000
train	007224	lower__20201119_165452_74_2416_3B_AnalyticMS_SR_8b_clip	pm5__20201105_20201124__0079	/scrfs/storage/yikebe/home/research/AR_Crop_Identification/make_dataset/raw_sentinel/pm5/pm5__20201105_20201124__0079	2020-11-19	610137.00000000,3782070.00000000,610905.00000000,3782838.00000000
train	007240	lower__20201119_165452_74_2416_3B_AnalyticMS_SR_8b_clip	pm5__20201105_20201124__0079	/scrfs/storage/yikebe/home/research/AR_Crop_Identification/make_dataset/raw_sentinel/pm5/pm5__20201105_20201124__0079	2020-11-19	611673.00000000,3781302.00000000,612441.00000000,3782070.00000000
train	007256	lower__20201119_165452_74_2416_3B_AnalyticMS_SR_8b_clip	pm5__20201105_20201124__0079	/scrfs/storage/yikebe/home/research/AR_Crop_Identification/make_dataset/raw_sentinel/pm5/pm5__20201105_20201124__0079	2020-11-19	607833.00000000,3779766.00000000,608601.00000000,3780534.00000000
train	007272	lower__20201119_165452_74_2416_3B_AnalyticMS_SR_8b_clip	pm5__20201105_20201124__0079	/scrfs/storage/yikebe/home/research/AR_Crop_Identification/make_dataset/raw_sentinel/pm5/pm5__20201105_20201124__0079	2020-11-19	625497.00000000,3778998.00000000,626265.00000000,3779766.00000000
train	007288	lower__20201119_165452_74_2416_3B_AnalyticMS_SR_8b_clip	pm5__20201105_20201124__0079	/scrfs/storage/yikebe/home/research/AR_Crop_Identification/make_dataset/raw_sentinel/pm5/pm5__20201105_20201124__0079	2020-11-19	628569.00000000,3778230.00000000,629337.00000000,3778998.00000000
train	007304	lower__20201119_165452_74_2416_3B_AnalyticMS_SR_8b_clip	pm5__20201105_20201124__0079	/scrfs/storage/yikebe/home/research/AR_Crop_Identification/make_dataset/raw_sentinel/pm5/pm5__20201105_20201124__0079	2020-11-19	631641.00000000,3777462.00000000,632409.00000000,3778230.00000000
train	007320	lower__20201119_165452_74_2416_3B_AnalyticMS_SR_8b_clip	pm5__20201105_20201124__0079	/scrfs/storage/yikebe/home/research/AR_Crop_Identification/make_dataset/raw_sentinel/pm5/pm5__20201105_20201124__0079	2020-11-19	606297.00000000,3776694.00000000,607065.00000000,3777462.00000000
train	007336	lower__20201119_165452_74_2416_3B_AnalyticMS_SR_8b_clip	pm5__20201105_20201124__0079	/scrfs/storage/yikebe/home/research/AR_Crop_Identification/make_dataset/raw_sentinel/pm5/pm5__20201105_20201124__0079	2020-11-19	613209.00000000,3775926.00000000,613977.00000000,3776694.00000000
train	007352	lower__20201119_165452_74_2416_3B_AnalyticMS_SR_8b_clip	pm5__20201105_20201124__0079	/scrfs/storage/yikebe/home/research/AR_Crop_Identification/make_dataset/raw_sentinel/pm5/pm5__20201105_20201124__0079	2020-11-19	637017.00000000,3775926.00000000,637785.00000000,3776694.00000000
train	007368	lower__20201119_165452_74_2416_3B_AnalyticMS_SR_8b_clip	pm5__20201105_20201124__0079	/scrfs/storage/yikebe/home/research/AR_Crop_Identification/make_dataset/raw_sentinel/pm5/pm5__20201105_20201124__0079	2020-11-19	638553.00000000,3775926.00000000,639321.00000000,3776694.00000000
train	007384	lower__20201119_165452_74_2416_3B_AnalyticMS_SR_8b_clip	pm5__20201105_20201124__0079	/scrfs/storage/yikebe/home/research/AR_Crop_Identification/make_dataset/raw_sentinel/pm5/pm5__20201105_20201124__0079	2020-11-19	639321.00000000,3775926.00000000,640089.00000000,3776694.00000000
train	007400	lower__20201119_165452_74_2416_3B_AnalyticMS_SR_8b_clip	pm5__20201105_20201124__0079	/scrfs/storage/yikebe/home/research/AR_Crop_Identification/make_dataset/raw_sentinel/pm5/pm5__20201105_20201124__0079	2020-11-19	640089.00000000,3775926.00000000,640857.00000000,3776694.00000000
train	007416	lower__20201119_165452_74_2416_3B_AnalyticMS_SR_8b_clip	pm5__20201105_20201124__0079	/scrfs/storage/yikebe/home/research/AR_Crop_Identification/make_dataset/raw_sentinel/pm5/pm5__20201105_20201124__0079	2020-11-19	636249.00000000,3775158.00000000,637017.00000000,3775926.00000000
train	007432	lower__20201119_165452_74_2416_3B_AnalyticMS_SR_8b_clip	pm5__20201105_20201124__0079	/scrfs/storage/yikebe/home/research/AR_Crop_Identification/make_dataset/raw_sentinel/pm5/pm5__20201105_20201124__0079	2020-11-19	640857.00000000,3775158.00000000,641625.00000000,3775926.00000000
train	007448	lower__20201119_165452_74_2416_3B_AnalyticMS_SR_8b_clip	pm5__20201105_20201124__0079	/scrfs/storage/yikebe/home/research/AR_Crop_Identification/make_dataset/raw_sentinel/pm5/pm5__20201105_20201124__0079	2020-11-19	641625.00000000,3775158.00000000,642393.00000000,3775926.00000000
train	007464	lower__20201119_165452_74_2416_3B_AnalyticMS_SR_8b_clip	pm5__20201105_20201124__0079	/scrfs/storage/yikebe/home/research/AR_Crop_Identification/make_dataset/raw_sentinel/pm5/pm5__20201105_20201124__0079	2020-11-19	620889.00000000,3774390.00000000,621657.00000000,3775158.00000000
train	007480	lower__20201119_165452_74_2416_3B_AnalyticMS_SR_8b_clip	pm5__20201105_20201124__0079	/scrfs/storage/yikebe/home/research/AR_Crop_Identification/make_dataset/raw_sentinel/pm5/pm5__20201105_20201124__0079	2020-11-19	626265.00000000,3774390.00000000,627033.00000000,3775158.00000000
train	007496	lower__20201119_165452_74_2416_3B_AnalyticMS_SR_8b_clip	pm5__20201105_20201124__0079	/scrfs/storage/yikebe/home/research/AR_Crop_Identification/make_dataset/raw_sentinel/pm5/pm5__20201105_20201124__0079	2020-11-19	625497.00000000,3773622.00000000,626265.00000000,3774390.00000000
train	007512	lower__20201119_165452_74_2416_3B_AnalyticMS_SR_8b_clip	pm5__20201105_20201124__0079	/scrfs/storage/yikebe/home/research/AR_Crop_Identification/make_dataset/raw_sentinel/pm5/pm5__20201105_20201124__0079	2020-11-19	626265.00000000,3773622.00000000,627033.00000000,3774390.00000000
train	007528	lower__20201119_165452_74_2416_3B_AnalyticMS_SR_8b_clip	pm5__20201105_20201124__0079	/scrfs/storage/yikebe/home/research/AR_Crop_Identification/make_dataset/raw_sentinel/pm5/pm5__20201105_20201124__0079	2020-11-19	625497.00000000,3772854.00000000,626265.00000000,3773622.00000000
train	007544	lower__20201119_165452_74_2416_3B_AnalyticMS_SR_8b_clip	pm5__20201105_20201124__0079	/scrfs/storage/yikebe/home/research/AR_Crop_Identification/make_dataset/raw_sentinel/pm5/pm5__20201105_20201124__0079	2020-11-19	626265.00000000,3772854.00000000,627033.00000000,3773622.00000000
train	007560	lower__20201119_165452_74_2416_3B_AnalyticMS_SR_8b_clip	pm5__20201105_20201124__0079	/scrfs/storage/yikebe/home/research/AR_Crop_Identification/make_dataset/raw_sentinel/pm5/pm5__20201105_20201124__0079	2020-11-19	627033.00000000,3772854.00000000,627801.00000000,3773622.00000000
train	007576	lower__20201119_165452_74_2416_3B_AnalyticMS_SR_8b_clip	pm5__20201105_20201124__0079	/scrfs/storage/yikebe/home/research/AR_Crop_Identification/make_dataset/raw_sentinel/pm5/pm5__20201105_20201124__0079	2020-11-19	609369.00000000,3772086.00000000,610137.00000000,3772854.00000000
train	007592	lower__20201119_165452_74_2416_3B_AnalyticMS_SR_8b_clip	pm5__20201105_20201124__0079	/scrfs/storage/yikebe/home/research/AR_Crop_Identification/make_dataset/raw_sentinel/pm5/pm5__20201105_20201124__0079	2020-11-19	614745.00000000,3772086.00000000,615513.00000000,3772854.00000000
train	007608	lower__20201119_165452_74_2416_3B_AnalyticMS_SR_8b_clip	pm5__20201105_20201124__0079	/scrfs/storage/yikebe/home/research/AR_Crop_Identification/make_dataset/raw_sentinel/pm5/pm5__20201105_20201124__0079	2020-11-19	620121.00000000,3772086.00000000,620889.00000000,3772854.00000000
train	007624	lower__20201119_165452_74_2416_3B_AnalyticMS_SR_8b_clip	pm5__20201105_20201124__0079	/scrfs/storage/yikebe/home/research/AR_Crop_Identification/make_dataset/raw_sentinel/pm5/pm5__20201105_20201124__0079	2020-11-19	625497.00000000,3772086.00000000,626265.00000000,3772854.00000000
train	007640	lower__20201119_165452_74_2416_3B_AnalyticMS_SR_8b_clip	pm5__20201105_20201124__0079	/scrfs/storage/yikebe/home/research/AR_Crop_Identification/make_dataset/raw_sentinel/pm5/pm5__20201105_20201124__0079	2020-11-19	626265.00000000,3772086.00000000,627033.00000000,3772854.00000000
train	007656	lower__20201119_165452_74_2416_3B_AnalyticMS_SR_8b_clip	pm5__20201105_20201124__0079	/scrfs/storage/yikebe/home/research/AR_Crop_Identification/make_dataset/raw_sentinel/pm5/pm5__20201105_20201124__0079	2020-11-19	627033.00000000,3772086.00000000,627801.00000000,3772854.00000000
train	007672	lower__20201119_165452_74_2416_3B_AnalyticMS_SR_8b_clip	pm5__20201105_20201124__0079	/scrfs/storage/yikebe/home/research/AR_Crop_Identification/make_dataset/raw_sentinel/pm5/pm5__20201105_20201124__0079	2020-11-19	627033.00000000,3771318.00000000,627801.00000000,3772086.00000000
train	007688	lower__20201119_165452_74_2416_3B_AnalyticMS_SR_8b_clip	pm5__20201105_20201124__0079	/scrfs/storage/yikebe/home/research/AR_Crop_Identification/make_dataset/raw_sentinel/pm5/pm5__20201105_20201124__0079	2020-11-19	627801.00000000,3771318.00000000,628569.00000000,3772086.00000000
train	007704	lower__20201119_165452_74_2416_3B_AnalyticMS_SR_8b_clip	pm5__20201105_20201124__0079	/scrfs/storage/yikebe/home/research/AR_Crop_Identification/make_dataset/raw_sentinel/pm5/pm5__20201105_20201124__0079	2020-11-19	628569.00000000,3771318.00000000,629337.00000000,3772086.00000000
train	007720	lower__20201119_165452_74_2416_3B_AnalyticMS_SR_8b_clip	pm5__20201105_20201124__0079	/scrfs/storage/yikebe/home/research/AR_Crop_Identification/make_dataset/raw_sentinel/pm5/pm5__20201105_20201124__0079	2020-11-19	628569.00000000,3770550.00000000,629337.00000000,3771318.00000000
train	007736	lower__20201119_165452_74_2416_3B_AnalyticMS_SR_8b_clip	pm5__20201105_20201124__0079	/scrfs/storage/yikebe/home/research/AR_Crop_Identification/make_dataset/raw_sentinel/pm5/pm5__20201105_20201124__0079	2020-11-19	616281.00000000,3769782.00000000,617049.00000000,3770550.00000000
train	007752	lower__20201119_165452_74_2416_3B_AnalyticMS_SR_8b_clip	pm5__20201105_20201124__0079	/scrfs/storage/yikebe/home/research/AR_Crop_Identification/make_dataset/raw_sentinel/pm5/pm5__20201105_20201124__0079	2020-11-19	629337.00000000,3769782.00000000,630105.00000000,3770550.00000000
train	007768	lower__20201119_165452_74_2416_3B_AnalyticMS_SR_8b_clip	pm5__20201105_20201124__0079	/scrfs/storage/yikebe/home/research/AR_Crop_Identification/make_dataset/raw_sentinel/pm5/pm5__20201105_20201124__0079	2020-11-19	635481.00000000,3769782.00000000,636249.00000000,3770550.00000000
train	007784	lower__20201119_165452_74_2416_3B_AnalyticMS_SR_8b_clip	pm5__20201105_20201124__0079	/scrfs/storage/yikebe/home/research/AR_Crop_Identification/make_dataset/raw_sentinel/pm5/pm5__20201105_20201124__0079	2020-11-19	616281.00000000,3769014.00000000,617049.00000000,3769782.00000000
train	007800	lower__20201119_165452_74_2416_3B_AnalyticMS_SR_8b_clip	pm5__20201105_20201124__0079	/scrfs/storage/yikebe/home/research/AR_Crop_Identification/make_dataset/raw_sentinel/pm5/pm5__20201105_20201124__0079	2020-11-19	620889.00000000,3769014.00000000,621657.00000000,3769782.00000000
train	007816	lower__20201119_165452_74_2416_3B_AnalyticMS_SR_8b_clip	pm5__20201105_20201124__0079	/scrfs/storage/yikebe/home/research/AR_Crop_Identification/make_dataset/raw_sentinel/pm5/pm5__20201105_20201124__0079	2020-11-19	628569.00000000,3769014.00000000,629337.00000000,3769782.00000000
train	007832	lower__20201119_165452_74_2416_3B_AnalyticMS_SR_8b_clip	pm5__20201105_20201124__0079	/scrfs/storage/yikebe/home/research/AR_Crop_Identification/make_dataset/raw_sentinel/pm5/pm5__20201105_20201124__0079	2020-11-19	631641.00000000,3769014.00000000,632409.00000000,3769782.00000000
train	007848	lower__20201119_165452_74_2416_3B_AnalyticMS_SR_8b_clip	pm5__20201105_20201124__0079	/scrfs/storage/yikebe/home/research/AR_Crop_Identification/make_dataset/raw_sentinel/pm5/pm5__20201105_20201124__0079	2020-11-19	636249.00000000,3769014.00000000,637017.00000000,3769782.00000000
train	007864	lower__20201119_165452_74_2416_3B_AnalyticMS_SR_8b_clip	pm5__20201105_20201124__0079	/scrfs/storage/yikebe/home/research/AR_Crop_Identification/make_dataset/raw_sentinel/pm5/pm5__20201105_20201124__0079	2020-11-19	616281.00000000,3768246.00000000,617049.00000000,3769014.00000000
train	007880	lower__20201119_165452_74_2416_3B_AnalyticMS_SR_8b_clip	pm5__20201105_20201124__0079	/scrfs/storage/yikebe/home/research/AR_Crop_Identification/make_dataset/raw_sentinel/pm5/pm5__20201105_20201124__0079	2020-11-19	628569.00000000,3768246.00000000,629337.00000000,3769014.00000000
train	007896	lower__20201119_165452_74_2416_3B_AnalyticMS_SR_8b_clip	pm5__20201105_20201124__0079	/scrfs/storage/yikebe/home/research/AR_Crop_Identification/make_dataset/raw_sentinel/pm5/pm5__20201105_20201124__0079	2020-11-19	629337.00000000,3768246.00000000,630105.00000000,3769014.00000000
train	007912	lower__20201119_165452_74_2416_3B_AnalyticMS_SR_8b_clip	pm5__20201105_20201124__0079	/scrfs/storage/yikebe/home/research/AR_Crop_Identification/make_dataset/raw_sentinel/pm5/pm5__20201105_20201124__0079	2020-11-19	628569.00000000,3767478.00000000,629337.00000000,3768246.00000000
train	007928	lower__20201119_165452_74_2416_3B_AnalyticMS_SR_8b_clip	pm5__20201105_20201124__0079	/scrfs/storage/yikebe/home/research/AR_Crop_Identification/make_dataset/raw_sentinel/pm5/pm5__20201105_20201124__0079	2020-11-19	632409.00000000,3767478.00000000,633177.00000000,3768246.00000000
train	007944	lower__20201119_165452_74_2416_3B_AnalyticMS_SR_8b_clip	pm5__20201105_20201124__0079	/scrfs/storage/yikebe/home/research/AR_Crop_Identification/make_dataset/raw_sentinel/pm5/pm5__20201105_20201124__0079	2020-11-19	633177.00000000,3767478.00000000,633945.00000000,3768246.00000000
train	007960	lower__20201119_165452_74_2416_3B_AnalyticMS_SR_8b_clip	pm5__20201105_20201124__0079	/scrfs/storage/yikebe/home/research/AR_Crop_Identification/make_dataset/raw_sentinel/pm5/pm5__20201105_20201124__0079	2020-11-19	633945.00000000,3767478.00000000,634713.00000000,3768246.00000000
train	007976	lower__20201119_165452_74_2416_3B_AnalyticMS_SR_8b_clip	pm5__20201105_20201124__0079	/scrfs/storage/yikebe/home/research/AR_Crop_Identification/make_dataset/raw_sentinel/pm5/pm5__20201105_20201124__0079	2020-11-19	637017.00000000,3767478.00000000,637785.00000000,3768246.00000000
train	007992	lower__20201119_165452_74_2416_3B_AnalyticMS_SR_8b_clip	pm5__20201105_20201124__0079	/scrfs/storage/yikebe/home/research/AR_Crop_Identification/make_dataset/raw_sentinel/pm5/pm5__20201105_20201124__0079	2020-11-19	628569.00000000,3766710.00000000,629337.00000000,3767478.00000000
train	008008	lower__20201119_165452_74_2416_3B_AnalyticMS_SR_8b_clip	pm5__20201105_20201124__0079	/scrfs/storage/yikebe/home/research/AR_Crop_Identification/make_dataset/raw_sentinel/pm5/pm5__20201105_20201124__0079	2020-11-19	630105.00000000,3766710.00000000,630873.00000000,3767478.00000000
train	008024	lower__20201119_165452_74_2416_3B_AnalyticMS_SR_8b_clip	pm5__20201105_20201124__0079	/scrfs/storage/yikebe/home/research/AR_Crop_Identification/make_dataset/raw_sentinel/pm5/pm5__20201105_20201124__0079	2020-11-19	630873.00000000,3766710.00000000,631641.00000000,3767478.00000000
train	008040	lower__20201119_165452_74_2416_3B_AnalyticMS_SR_8b_clip	pm5__20201105_20201124__0079	/scrfs/storage/yikebe/home/research/AR_Crop_Identification/make_dataset/raw_sentinel/pm5/pm5__20201105_20201124__0079	2020-11-19	633945.00000000,3766710.00000000,634713.00000000,3767478.00000000
train	008056	lower__20201119_165452_74_2416_3B_AnalyticMS_SR_8b_clip	pm5__20201105_20201124__0079	/scrfs/storage/yikebe/home/research/AR_Crop_Identification/make_dataset/raw_sentinel/pm5/pm5__20201105_20201124__0079	2020-11-19	634713.00000000,3766710.00000000,635481.00000000,3767478.00000000
train	008072	lower__20201119_165452_74_2416_3B_AnalyticMS_SR_8b_clip	pm5__20201105_20201124__0079	/scrfs/storage/yikebe/home/research/AR_Crop_Identification/make_dataset/raw_sentinel/pm5/pm5__20201105_20201124__0079	2020-11-19	637785.00000000,3766710.00000000,638553.00000000,3767478.00000000
train	008088	lower__20201119_165452_74_2416_3B_AnalyticMS_SR_8b_clip	pm5__20201105_20201124__0079	/scrfs/storage/yikebe/home/research/AR_Crop_Identification/make_dataset/raw_sentinel/pm5/pm5__20201105_20201124__0079	2020-11-19	638553.00000000,3766710.00000000,639321.00000000,3767478.00000000
train	008104	lower__20201119_165452_74_2416_3B_AnalyticMS_SR_8b_clip	pm5__20201105_20201124__0079	/scrfs/storage/yikebe/home/research/AR_Crop_Identification/make_dataset/raw_sentinel/pm5/pm5__20201105_20201124__0079	2020-11-19	616281.00000000,3765942.00000000,617049.00000000,3766710.00000000
train	008120	lower__20201119_165452_74_2416_3B_AnalyticMS_SR_8b_clip	pm5__20201105_20201124__0079	/scrfs/storage/yikebe/home/research/AR_Crop_Identification/make_dataset/raw_sentinel/pm5/pm5__20201105_20201124__0079	2020-11-19	623193.00000000,3765942.00000000,623961.00000000,3766710.00000000
train	008136	lower__20201119_165452_74_2416_3B_AnalyticMS_SR_8b_clip	pm5__20201105_20201124__0079	/scrfs/storage/yikebe/home/research/AR_Crop_Identification/make_dataset/raw_sentinel/pm5/pm5__20201105_20201124__0079	2020-11-19	629337.00000000,3765942.00000000,630105.00000000,3766710.00000000
train	008152	lower__20201119_165452_74_2416_3B_AnalyticMS_SR_8b_clip	pm5__20201105_20201124__0079	/scrfs/storage/yikebe/home/research/AR_Crop_Identification/make_dataset/raw_sentinel/pm5/pm5__20201105_20201124__0079	2020-11-19	630105.00000000,3765942.00000000,630873.00000000,3766710.00000000
train	008168	lower__20201119_165452_74_2416_3B_AnalyticMS_SR_8b_clip	pm5__20201105_20201124__0079	/scrfs/storage/yikebe/home/research/AR_Crop_Identification/make_dataset/raw_sentinel/pm5/pm5__20201105_20201124__0079	2020-11-19	632409.00000000,3765942.00000000,633177.00000000,3766710.00000000
train	008184	lower__20201119_165452_74_2416_3B_AnalyticMS_SR_8b_clip	pm5__20201105_20201124__0079	/scrfs/storage/yikebe/home/research/AR_Crop_Identification/make_dataset/raw_sentinel/pm5/pm5__20201105_20201124__0079	2020-11-19	633945.00000000,3765942.00000000,634713.00000000,3766710.00000000
train	008200	lower__20201119_165452_74_2416_3B_AnalyticMS_SR_8b_clip	pm5__20201105_20201124__0079	/scrfs/storage/yikebe/home/research/AR_Crop_Identification/make_dataset/raw_sentinel/pm5/pm5__20201105_20201124__0079	2020-11-19	637785.00000000,3765942.00000000,638553.00000000,3766710.00000000
train	008216	lower__20201119_165452_74_2416_3B_AnalyticMS_SR_8b_clip	pm5__20201105_20201124__0079	/scrfs/storage/yikebe/home/research/AR_Crop_Identification/make_dataset/raw_sentinel/pm5/pm5__20201105_20201124__0079	2020-11-19	639321.00000000,3765942.00000000,640089.00000000,3766710.00000000
train	008232	lower__20201119_165452_74_2416_3B_AnalyticMS_SR_8b_clip	pm5__20201105_20201124__0079	/scrfs/storage/yikebe/home/research/AR_Crop_Identification/make_dataset/raw_sentinel/pm5/pm5__20201105_20201124__0079	2020-11-19	637785.00000000,3765174.00000000,638553.00000000,3765942.00000000
train	008248	lower__20201119_165452_74_2416_3B_AnalyticMS_SR_8b_clip	pm5__20201105_20201124__0079	/scrfs/storage/yikebe/home/research/AR_Crop_Identification/make_dataset/raw_sentinel/pm5/pm5__20201105_20201124__0079	2020-11-19	618585.00000000,3763638.00000000,619353.00000000,3764406.00000000
train	008264	lower__20201119_165452_74_2416_3B_AnalyticMS_SR_8b_clip	pm5__20201105_20201124__0079	/scrfs/storage/yikebe/home/research/AR_Crop_Identification/make_dataset/raw_sentinel/pm5/pm5__20201105_20201124__0079	2020-11-19	623193.00000000,3762870.00000000,623961.00000000,3763638.00000000
train	008280	lower__20201119_165452_74_2416_3B_AnalyticMS_SR_8b_clip	pm5__20201105_20201124__0079	/scrfs/storage/yikebe/home/research/AR_Crop_Identification/make_dataset/raw_sentinel/pm5/pm5__20201105_20201124__0079	2020-11-19	624729.00000000,3762870.00000000,625497.00000000,3763638.00000000
train	008296	lower__20201119_165452_74_2416_3B_AnalyticMS_SR_8b_clip	pm5__20201105_20201124__0079	/scrfs/storage/yikebe/home/research/AR_Crop_Identification/make_dataset/raw_sentinel/pm5/pm5__20201105_20201124__0079	2020-11-19	636249.00000000,3762870.00000000,637017.00000000,3763638.00000000
train	008312	lower__20201119_165452_74_2416_3B_AnalyticMS_SR_8b_clip	pm5__20201105_20201124__0079	/scrfs/storage/yikebe/home/research/AR_Crop_Identification/make_dataset/raw_sentinel/pm5/pm5__20201105_20201124__0079	2020-11-19	637017.00000000,3762870.00000000,637785.00000000,3763638.00000000
train	008328	lower__20201119_165452_74_2416_3B_AnalyticMS_SR_8b_clip	pm5__20201105_20201124__0079	/scrfs/storage/yikebe/home/research/AR_Crop_Identification/make_dataset/raw_sentinel/pm5/pm5__20201105_20201124__0079	2020-11-19	617049.00000000,3762102.00000000,617817.00000000,3762870.00000000
train	008344	lower__20201119_165452_74_2416_3B_AnalyticMS_SR_8b_clip	pm5__20201105_20201124__0079	/scrfs/storage/yikebe/home/research/AR_Crop_Identification/make_dataset/raw_sentinel/pm5/pm5__20201105_20201124__0079	2020-11-19	617817.00000000,3762102.00000000,618585.00000000,3762870.00000000
train	008360	lower__20201119_165452_74_2416_3B_AnalyticMS_SR_8b_clip	pm5__20201105_20201124__0079	/scrfs/storage/yikebe/home/research/AR_Crop_Identification/make_dataset/raw_sentinel/pm5/pm5__20201105_20201124__0079	2020-11-19	619353.00000000,3762102.00000000,620121.00000000,3762870.00000000
train	008376	lower__20201119_165452_74_2416_3B_AnalyticMS_SR_8b_clip	pm5__20201105_20201124__0079	/scrfs/storage/yikebe/home/research/AR_Crop_Identification/make_dataset/raw_sentinel/pm5/pm5__20201105_20201124__0079	2020-11-19	621657.00000000,3762102.00000000,622425.00000000,3762870.00000000
train	008392	lower__20201119_165452_74_2416_3B_AnalyticMS_SR_8b_clip	pm5__20201105_20201124__0079	/scrfs/storage/yikebe/home/research/AR_Crop_Identification/make_dataset/raw_sentinel/pm5/pm5__20201105_20201124__0079	2020-11-19	622425.00000000,3762102.00000000,623193.00000000,3762870.00000000
train	008408	lower__20201119_165452_74_2416_3B_AnalyticMS_SR_8b_clip	pm5__20201105_20201124__0079	/scrfs/storage/yikebe/home/research/AR_Crop_Identification/make_dataset/raw_sentinel/pm5/pm5__20201105_20201124__0079	2020-11-19	632409.00000000,3762102.00000000,633177.00000000,3762870.00000000
train	008424	lower__20201119_165452_74_2416_3B_AnalyticMS_SR_8b_clip	pm5__20201105_20201124__0079	/scrfs/storage/yikebe/home/research/AR_Crop_Identification/make_dataset/raw_sentinel/pm5/pm5__20201105_20201124__0079	2020-11-19	617049.00000000,3761334.00000000,617817.00000000,3762102.00000000
train	008440	lower__20201119_165452_74_2416_3B_AnalyticMS_SR_8b_clip	pm5__20201105_20201124__0079	/scrfs/storage/yikebe/home/research/AR_Crop_Identification/make_dataset/raw_sentinel/pm5/pm5__20201105_20201124__0079	2020-11-19	621657.00000000,3761334.00000000,622425.00000000,3762102.00000000
train	008456	lower__20201119_165452_74_2416_3B_AnalyticMS_SR_8b_clip	pm5__20201105_20201124__0079	/scrfs/storage/yikebe/home/research/AR_Crop_Identification/make_dataset/raw_sentinel/pm5/pm5__20201105_20201124__0079	2020-11-19	622425.00000000,3761334.00000000,623193.00000000,3762102.00000000
train	008472	lower__20201119_165452_74_2416_3B_AnalyticMS_SR_8b_clip	pm5__20201105_20201124__0079	/scrfs/storage/yikebe/home/research/AR_Crop_Identification/make_dataset/raw_sentinel/pm5/pm5__20201105_20201124__0079	2020-11-19	625497.00000000,3761334.00000000,626265.00000000,3762102.00000000
train	008488	lower__20201119_165452_74_2416_3B_AnalyticMS_SR_8b_clip	pm5__20201105_20201124__0079	/scrfs/storage/yikebe/home/research/AR_Crop_Identification/make_dataset/raw_sentinel/pm5/pm5__20201105_20201124__0079	2020-11-19	637785.00000000,3761334.00000000,638553.00000000,3762102.00000000
train	008504	lower__20201119_165452_74_2416_3B_AnalyticMS_SR_8b_clip	pm5__20201105_20201124__0079	/scrfs/storage/yikebe/home/research/AR_Crop_Identification/make_dataset/raw_sentinel/pm5/pm5__20201105_20201124__0079	2020-11-19	638553.00000000,3761334.00000000,639321.00000000,3762102.00000000
train	008520	lower__20201119_165452_74_2416_3B_AnalyticMS_SR_8b_clip	pm5__20201105_20201124__0079	/scrfs/storage/yikebe/home/research/AR_Crop_Identification/make_dataset/raw_sentinel/pm5/pm5__20201105_20201124__0079	2020-11-19	621657.00000000,3760566.00000000,622425.00000000,3761334.00000000
train	008536	lower__20201119_165452_74_2416_3B_AnalyticMS_SR_8b_clip	pm5__20201105_20201124__0079	/scrfs/storage/yikebe/home/research/AR_Crop_Identification/make_dataset/raw_sentinel/pm5/pm5__20201105_20201124__0079	2020-11-19	622425.00000000,3760566.00000000,623193.00000000,3761334.00000000
train	008552	lower__20201119_165452_74_2416_3B_AnalyticMS_SR_8b_clip	pm5__20201105_20201124__0079	/scrfs/storage/yikebe/home/research/AR_Crop_Identification/make_dataset/raw_sentinel/pm5/pm5__20201105_20201124__0079	2020-11-19	634713.00000000,3760566.00000000,635481.00000000,3761334.00000000
train	008568	lower__20201119_165452_74_2416_3B_AnalyticMS_SR_8b_clip	pm5__20201105_20201124__0079	/scrfs/storage/yikebe/home/research/AR_Crop_Identification/make_dataset/raw_sentinel/pm5/pm5__20201105_20201124__0079	2020-11-19	635481.00000000,3760566.00000000,636249.00000000,3761334.00000000
train	008584	lower__20201119_165452_74_2416_3B_AnalyticMS_SR_8b_clip	pm5__20201105_20201124__0079	/scrfs/storage/yikebe/home/research/AR_Crop_Identification/make_dataset/raw_sentinel/pm5/pm5__20201105_20201124__0079	2020-11-19	637017.00000000,3760566.00000000,637785.00000000,3761334.00000000
train	008600	lower__20201119_165452_74_2416_3B_AnalyticMS_SR_8b_clip	pm5__20201105_20201124__0079	/scrfs/storage/yikebe/home/research/AR_Crop_Identification/make_dataset/raw_sentinel/pm5/pm5__20201105_20201124__0079	2020-11-19	637785.00000000,3760566.00000000,638553.00000000,3761334.00000000
train	008616	lower__20201119_165452_74_2416_3B_AnalyticMS_SR_8b_clip	pm5__20201105_20201124__0079	/scrfs/storage/yikebe/home/research/AR_Crop_Identification/make_dataset/raw_sentinel/pm5/pm5__20201105_20201124__0079	2020-11-19	622425.00000000,3759798.00000000,623193.00000000,3760566.00000000
train	008632	lower__20201119_165452_74_2416_3B_AnalyticMS_SR_8b_clip	pm5__20201105_20201124__0079	/scrfs/storage/yikebe/home/research/AR_Crop_Identification/make_dataset/raw_sentinel/pm5/pm5__20201105_20201124__0079	2020-11-19	623961.00000000,3759798.00000000,624729.00000000,3760566.00000000
train	008648	lower__20201119_165452_74_2416_3B_AnalyticMS_SR_8b_clip	pm5__20201105_20201124__0079	/scrfs/storage/yikebe/home/research/AR_Crop_Identification/make_dataset/raw_sentinel/pm5/pm5__20201105_20201124__0079	2020-11-19	630873.00000000,3759798.00000000,631641.00000000,3760566.00000000
train	008664	lower__20201119_165452_74_2416_3B_AnalyticMS_SR_8b_clip	pm5__20201105_20201124__0079	/scrfs/storage/yikebe/home/research/AR_Crop_Identification/make_dataset/raw_sentinel/pm5/pm5__20201105_20201124__0079	2020-11-19	632409.00000000,3759798.00000000,633177.00000000,3760566.00000000
train	008680	lower__20201119_165452_74_2416_3B_AnalyticMS_SR_8b_clip	pm5__20201105_20201124__0079	/scrfs/storage/yikebe/home/research/AR_Crop_Identification/make_dataset/raw_sentinel/pm5/pm5__20201105_20201124__0079	2020-11-19	638553.00000000,3759798.00000000,639321.00000000,3760566.00000000
train	008696	lower__20201119_165452_74_2416_3B_AnalyticMS_SR_8b_clip	pm5__20201105_20201124__0079	/scrfs/storage/yikebe/home/research/AR_Crop_Identification/make_dataset/raw_sentinel/pm5/pm5__20201105_20201124__0079	2020-11-19	617817.00000000,3759030.00000000,618585.00000000,3759798.00000000
train	008712	lower__20201119_165452_74_2416_3B_AnalyticMS_SR_8b_clip	pm5__20201105_20201124__0079	/scrfs/storage/yikebe/home/research/AR_Crop_Identification/make_dataset/raw_sentinel/pm5/pm5__20201105_20201124__0079	2020-11-19	621657.00000000,3759030.00000000,622425.00000000,3759798.00000000
train	008728	lower__20201119_165452_74_2416_3B_AnalyticMS_SR_8b_clip	pm5__20201105_20201124__0079	/scrfs/storage/yikebe/home/research/AR_Crop_Identification/make_dataset/raw_sentinel/pm5/pm5__20201105_20201124__0079	2020-11-19	626265.00000000,3759030.00000000,627033.00000000,3759798.00000000
train	008744	lower__20201119_165452_74_2416_3B_AnalyticMS_SR_8b_clip	pm5__20201105_20201124__0079	/scrfs/storage/yikebe/home/research/AR_Crop_Identification/make_dataset/raw_sentinel/pm5/pm5__20201105_20201124__0079	2020-11-19	627033.00000000,3759030.00000000,627801.00000000,3759798.00000000
train	008760	lower__20201119_165452_74_2416_3B_AnalyticMS_SR_8b_clip	pm5__20201105_20201124__0079	/scrfs/storage/yikebe/home/research/AR_Crop_Identification/make_dataset/raw_sentinel/pm5/pm5__20201105_20201124__0079	2020-11-19	628569.00000000,3759030.00000000,629337.00000000,3759798.00000000
train	008776	lower__20201119_165452_74_2416_3B_AnalyticMS_SR_8b_clip	pm5__20201105_20201124__0079	/scrfs/storage/yikebe/home/research/AR_Crop_Identification/make_dataset/raw_sentinel/pm5/pm5__20201105_20201124__0079	2020-11-19	634713.00000000,3759030.00000000,635481.00000000,3759798.00000000
train	008792	lower__20201119_165452_74_2416_3B_AnalyticMS_SR_8b_clip	pm5__20201105_20201124__0079	/scrfs/storage/yikebe/home/research/AR_Crop_Identification/make_dataset/raw_sentinel/pm5/pm5__20201105_20201124__0079	2020-11-19	635481.00000000,3759030.00000000,636249.00000000,3759798.00000000
train	008808	lower__20201119_165452_74_2416_3B_AnalyticMS_SR_8b_clip	pm5__20201105_20201124__0079	/scrfs/storage/yikebe/home/research/AR_Crop_Identification/make_dataset/raw_sentinel/pm5/pm5__20201105_20201124__0079	2020-11-19	621657.00000000,3758262.00000000,622425.00000000,3759030.00000000
train	008824	lower__20201119_165452_74_2416_3B_AnalyticMS_SR_8b_clip	pm5__20201105_20201124__0079	/scrfs/storage/yikebe/home/research/AR_Crop_Identification/make_dataset/raw_sentinel/pm5/pm5__20201105_20201124__0079	2020-11-19	622425.00000000,3758262.00000000,623193.00000000,3759030.00000000
train	008840	lower__20201119_165452_74_2416_3B_AnalyticMS_SR_8b_clip	pm5__20201105_20201124__0079	/scrfs/storage/yikebe/home/research/AR_Crop_Identification/make_dataset/raw_sentinel/pm5/pm5__20201105_20201124__0079	2020-11-19	626265.00000000,3758262.00000000,627033.00000000,3759030.00000000
train	008856	lower__20201119_165452_74_2416_3B_AnalyticMS_SR_8b_clip	pm5__20201105_20201124__0079	/scrfs/storage/yikebe/home/research/AR_Crop_Identification/make_dataset/raw_sentinel/pm5/pm5__20201105_20201124__0079	2020-11-19	627033.00000000,3758262.00000000,627801.00000000,3759030.00000000
train	008872	lower__20201119_165452_74_2416_3B_AnalyticMS_SR_8b_clip	pm5__20201105_20201124__0079	/scrfs/storage/yikebe/home/research/AR_Crop_Identification/make_dataset/raw_sentinel/pm5/pm5__20201105_20201124__0079	2020-11-19	627801.00000000,3758262.00000000,628569.00000000,3759030.00000000
train	008888	lower__20201119_165452_74_2416_3B_AnalyticMS_SR_8b_clip	pm5__20201105_20201124__0079	/scrfs/storage/yikebe/home/research/AR_Crop_Identification/make_dataset/raw_sentinel/pm5/pm5__20201105_20201124__0079	2020-11-19	626265.00000000,3757494.00000000,627033.00000000,3758262.00000000
train	008904	lower__20201119_165452_74_2416_3B_AnalyticMS_SR_8b_clip	pm5__20201105_20201124__0079	/scrfs/storage/yikebe/home/research/AR_Crop_Identification/make_dataset/raw_sentinel/pm5/pm5__20201105_20201124__0079	2020-11-19	633945.00000000,3757494.00000000,634713.00000000,3758262.00000000
train	008920	lower__20201119_165807_23_227a_3B_AnalyticMS_SR_8b_clip	pm5__20201105_20201124__0058	/scrfs/storage/yikebe/home/research/AR_Crop_Identification/make_dataset/raw_sentinel/pm5/pm5__20201105_20201124__0058	2020-11-19	594435.00000000,3802797.00000000,595203.00000000,3803565.00000000
train	008936	lower__20201119_165807_23_227a_3B_AnalyticMS_SR_8b_clip	pm5__20201105_20201124__0058	/scrfs/storage/yikebe/home/research/AR_Crop_Identification/make_dataset/raw_sentinel/pm5/pm5__20201105_20201124__0058	2020-11-19	596739.00000000,3800493.00000000,597507.00000000,3801261.00000000
train	008952	lower__20201119_165807_23_227a_3B_AnalyticMS_SR_8b_clip	pm5__20201105_20201124__0058	/scrfs/storage/yikebe/home/research/AR_Crop_Identification/make_dataset/raw_sentinel/pm5/pm5__20201105_20201124__0058	2020-11-19	595203.00000000,3798957.00000000,595971.00000000,3799725.00000000
train	008968	lower__20201119_165807_23_227a_3B_AnalyticMS_SR_8b_clip	pm5__20201105_20201124__0058	/scrfs/storage/yikebe/home/research/AR_Crop_Identification/make_dataset/raw_sentinel/pm5/pm5__20201105_20201124__0058	2020-11-19	595971.00000000,3798957.00000000,596739.00000000,3799725.00000000
train	008984	lower__20201119_165807_23_227a_3B_AnalyticMS_SR_8b_clip	pm5__20201105_20201124__0058	/scrfs/storage/yikebe/home/research/AR_Crop_Identification/make_dataset/raw_sentinel/pm5/pm5__20201105_20201124__0058	2020-11-19	608259.00000000,3798957.00000000,609027.00000000,3799725.00000000
train	009000	lower__20201119_165807_23_227a_3B_AnalyticMS_SR_8b_clip	pm5__20201105_20201124__0058	/scrfs/storage/yikebe/home/research/AR_Crop_Identification/make_dataset/raw_sentinel/pm5/pm5__20201105_20201124__0058	2020-11-19	602883.00000000,3798189.00000000,603651.00000000,3798957.00000000
train	009016	lower__20201119_165807_23_227a_3B_AnalyticMS_SR_8b_clip	pm5__20201105_20201124__0058	/scrfs/storage/yikebe/home/research/AR_Crop_Identification/make_dataset/raw_sentinel/pm5/pm5__20201105_20201124__0058	2020-11-19	593667.00000000,3795885.00000000,594435.00000000,3796653.00000000
train	009032	lower__20201119_165807_23_227a_3B_AnalyticMS_SR_8b_clip	pm5__20201105_20201124__0058	/scrfs/storage/yikebe/home/research/AR_Crop_Identification/make_dataset/raw_sentinel/pm5/pm5__20201105_20201124__0058	2020-11-19	604419.00000000,3795885.00000000,605187.00000000,3796653.00000000
train	009048	lower__20201119_165807_23_227a_3B_AnalyticMS_SR_8b_clip	pm5__20201105_20201124__0058	/scrfs/storage/yikebe/home/research/AR_Crop_Identification/make_dataset/raw_sentinel/pm5/pm5__20201105_20201124__0058	2020-11-19	600579.00000000,3795117.00000000,601347.00000000,3795885.00000000
train	009064	lower__20201119_165807_23_227a_3B_AnalyticMS_SR_8b_clip	pm5__20201105_20201124__0058	/scrfs/storage/yikebe/home/research/AR_Crop_Identification/make_dataset/raw_sentinel/pm5/pm5__20201105_20201124__0058	2020-11-19	605187.00000000,3790509.00000000,605955.00000000,3791277.00000000
train	009080	lower__20201119_165807_23_227a_3B_AnalyticMS_SR_8b_clip	pm5__20201105_20201124__0058	/scrfs/storage/yikebe/home/research/AR_Crop_Identification/make_dataset/raw_sentinel/pm5/pm5__20201105_20201124__0058	2020-11-19	601347.00000000,3782061.00000000,602115.00000000,3782829.00000000
train	009096	lower__20201119_165807_23_227a_3B_AnalyticMS_SR_8b_clip	pm5__20201105_20201124__0058	/scrfs/storage/yikebe/home/research/AR_Crop_Identification/make_dataset/raw_sentinel/pm5/pm5__20201105_20201124__0058	2020-11-19	603651.00000000,3782061.00000000,604419.00000000,3782829.00000000
train	009112	lower__20201119_165807_23_227a_3B_AnalyticMS_SR_8b_clip	pm5__20201105_20201124__0058	/scrfs/storage/yikebe/home/research/AR_Crop_Identification/make_dataset/raw_sentinel/pm5/pm5__20201105_20201124__0058	2020-11-19	604419.00000000,3782061.00000000,605187.00000000,3782829.00000000
train	009128	lower__20201119_165807_23_227a_3B_AnalyticMS_SR_8b_clip	pm5__20201105_20201124__0058	/scrfs/storage/yikebe/home/research/AR_Crop_Identification/make_dataset/raw_sentinel/pm5/pm5__20201105_20201124__0058	2020-11-19	602115.00000000,3781293.00000000,602883.00000000,3782061.00000000
train	009144	lower__20201119_165807_23_227a_3B_AnalyticMS_SR_8b_clip	pm5__20201105_20201124__0058	/scrfs/storage/yikebe/home/research/AR_Crop_Identification/make_dataset/raw_sentinel/pm5/pm5__20201105_20201124__0058	2020-11-19	604419.00000000,3781293.00000000,605187.00000000,3782061.00000000
train	009160	lower__20201119_165807_23_227a_3B_AnalyticMS_SR_8b_clip	pm5__20201105_20201124__0058	/scrfs/storage/yikebe/home/research/AR_Crop_Identification/make_dataset/raw_sentinel/pm5/pm5__20201105_20201124__0058	2020-11-19	600579.00000000,3780525.00000000,601347.00000000,3781293.00000000
train	009176	lower__20201119_165807_23_227a_3B_AnalyticMS_SR_8b_clip	pm5__20201105_20201124__0058	/scrfs/storage/yikebe/home/research/AR_Crop_Identification/make_dataset/raw_sentinel/pm5/pm5__20201105_20201124__0058	2020-11-19	603651.00000000,3780525.00000000,604419.00000000,3781293.00000000
train	009192	lower__20201119_165807_23_227a_3B_AnalyticMS_SR_8b_clip	pm5__20201105_20201124__0058	/scrfs/storage/yikebe/home/research/AR_Crop_Identification/make_dataset/raw_sentinel/pm5/pm5__20201105_20201124__0058	2020-11-19	604419.00000000,3780525.00000000,605187.00000000,3781293.00000000
train	009208	lower__20201119_165807_23_227a_3B_AnalyticMS_SR_8b_clip	pm5__20201105_20201124__0058	/scrfs/storage/yikebe/home/research/AR_Crop_Identification/make_dataset/raw_sentinel/pm5/pm5__20201105_20201124__0058	2020-11-19	602883.00000000,3779757.00000000,603651.00000000,3780525.00000000
train	009224	lower__20201119_165807_23_227a_3B_AnalyticMS_SR_8b_clip	pm5__20201105_20201124__0058	/scrfs/storage/yikebe/home/research/AR_Crop_Identification/make_dataset/raw_sentinel/pm5/pm5__20201105_20201124__0058	2020-11-19	603651.00000000,3779757.00000000,604419.00000000,3780525.00000000
