split	sample_id	scene_id	sentinel_request_id	sentinel_request_root	sentinel_date	planet_bounds
train	000015	lower__20200511_160010_79_2263_3B_AnalyticMS_SR_8b_clip	pm5__20200506_20200523__0006	/scrfs/storage/yikebe/home/research/AR_Crop_Identification/make_dataset/raw_sentinel/pm5/pm5__20200506_20200523__0006	2020-05-10	672513.00000000,3747606.00000000,673281.00000000,3748374.00000000
train	000031	lower__20200511_160010_79_2263_3B_AnalyticMS_SR_8b_clip	pm5__20200506_20200523__0006	/scrfs/storage/yikebe/home/research/AR_Crop_Identification/make_dataset/raw_sentinel/pm5/pm5__20200506_20200523__0006	2020-05-10	678657.00000000,3746070.00000000,679425.00000000,3746838.00000000
train	000047	lower__20200511_160010_79_2263_3B_AnalyticMS_SR_8b_clip	pm5__20200506_20200523__0006	/scrfs/storage/yikebe/home/research/AR_Crop_Identification/make_dataset/raw_sentinel/pm5/pm5__20200506_20200523__0006	2020-05-10	687105.00000000,3745302.00000000,687873.00000000,3746070.00000000
train	000063	lower__20200511_160010_79_2263_3B_AnalyticMS_SR_8b_clip	pm5__20200506_20200523__0006	/scrfs/storage/yikebe/home/research/AR_Crop_Identification/make_dataset/raw_sentinel/pm5/pm5__20200506_20200523__0006	2020-05-10	673281.00000000,3744534.00000000,674049.00000000,3745302.00000000
train	000079	lower__20200511_160010_79_2263_3B_AnalyticMS_SR_8b_clip	pm5__20200506_20200523__0006	/scrfs/storage/yikebe/home/research/AR_Crop_Identification/make_dataset/raw_sentinel/pm5/pm5__20200506_20200523__0006	2020-05-10	685569.00000000,3744534.00000000,686337.00000000,3745302.00000000
train	000095	lower__20200511_160010_79_2263_3B_AnalyticMS_SR_8b_clip	pm5__20200506_20200523__0006	/scrfs/storage/yikebe/home/research/AR_Crop_Identification/make_dataset/raw_sentinel/pm5/pm5__20200506_20200523__0006	2020-05-10	686337.00000000,3744534.00000000,687105.00000000,3745302.00000000
train	000111	lower__20200511_160010_79_2263_3B_AnalyticMS_SR_8b_clip	pm5__20200506_20200523__0006	/scrfs/storage/yikebe/home/research/AR_Crop_Identification/make_dataset/raw_sentinel/pm5/pm5__20200506_20200523__0006	2020-05-10	690945.00000000,3743766.00000000,691713.00000000,3744534.00000000
train	000127	lower__20200511_160010_79_2263_3B_AnalyticMS_SR_8b_clip	pm5__20200506_20200523__0006	/scrfs/storage/yikebe/home/research/AR_Crop_Identification/make_dataset/raw_sentinel/pm5/pm5__20200506_20200523__0006	2020-05-10	694017.00000000,3743766.00000000,694785.00000000,3744534.00000000
train	000143	lower__20200511_160010_79_2263_3B_AnalyticMS_SR_8b_clip	pm5__20200506_20200523__0006	/scrfs/storage/yikebe/home/research/AR_Crop_Identification/make_dataset/raw_sentinel/pm5/pm5__20200506_20200523__0006	2020-05-10	688641.00000000,3742998.00000000,689409.00000000,3743766.00000000
train	000159	lower__20200511_160010_79_2263_3B_AnalyticMS_SR_8b_clip	pm5__20200506_20200523__0006	/scrfs/storage/yikebe/home/research/AR_Crop_Identification/make_dataset/raw_sentinel/pm5/pm5__20200506_20200523__0006	2020-05-10	697857.00000000,3742998.00000000,698625.00000000,3743766.00000000
train	000175	lower__20200511_160010_79_2263_3B_AnalyticMS_SR_8b_clip	pm5__20200506_20200523__0006	/scrfs/storage/yikebe/home/research/AR_Crop_Identification/make_dataset/raw_sentinel/pm5/pm5__20200506_20200523__0006	2020-05-10	700161.00000000,3742998.00000000,700929.00000000,3743766.00000000
train	000191	lower__20200511_160010_79_2263_3B_AnalyticMS_SR_8b_clip	pm5__20200506_20200523__0006	/scrfs/storage/yikebe/home/research/AR_Crop_Identification/make_dataset/raw_sentinel/pm5/pm5__20200506_20200523__0006	2020-05-10	693249.00000000,3742230.00000000,694017.00000000,3742998.00000000
train	000207	lower__20200511_160010_79_2263_3B_AnalyticMS_SR_8b_clip	pm5__20200506_20200523__0006	/scrfs/storage/yikebe/home/research/AR_Crop_Identification/make_dataset/raw_sentinel/pm5/pm5__20200506_20200523__0006	2020-05-10	694017.00000000,3742230.00000000,694785.00000000,3742998.00000000
train	000223	lower__20200511_160010_79_2263_3B_AnalyticMS_SR_8b_clip	pm5__20200506_20200523__0006	/scrfs/storage/yikebe/home/research/AR_Crop_Identification/make_dataset/raw_sentinel/pm5/pm5__20200506_20200523__0006	2020-05-10	700161.00000000,3742230.00000000,700929.00000000,3742998.00000000
train	000239	lower__20200511_160010_79_2263_3B_AnalyticMS_SR_8b_clip	pm5__20200506_20200523__0006	/scrfs/storage/yikebe/home/research/AR_Crop_Identification/make_dataset/raw_sentinel/pm5/pm5__20200506_20200523__0006	2020-05-10	700929.00000000,3742230.00000000,701697.00000000,3742998.00000000
train	000255	lower__20200511_160010_79_2263_3B_AnalyticMS_SR_8b_clip	pm5__20200506_20200523__0006	/scrfs/storage/yikebe/home/research/AR_Crop_Identification/make_dataset/raw_sentinel/pm5/pm5__20200506_20200523__0006	2020-05-10	701697.00000000,3742230.00000000,702465.00000000,3742998.00000000
train	000271	lower__20200511_160010_79_2263_3B_AnalyticMS_SR_8b_clip	pm5__20200506_20200523__0006	/scrfs/storage/yikebe/home/research/AR_Crop_Identification/make_dataset/raw_sentinel/pm5/pm5__20200506_20200523__0006	2020-05-10	702465.00000000,3742230.00000000,703233.00000000,3742998.00000000
train	000287	lower__20200511_160010_79_2263_3B_AnalyticMS_SR_8b_clip	pm5__20200506_20200523__0006	/scrfs/storage/yikebe/home/research/AR_Crop_Identification/make_dataset/raw_sentinel/pm5/pm5__20200506_20200523__0006	2020-05-10	693249.00000000,3741462.00000000,694017.00000000,3742230.00000000
train	000303	lower__20200511_160010_79_2263_3B_AnalyticMS_SR_8b_clip	pm5__20200506_20200523__0006	/scrfs/storage/yikebe/home/research/AR_Crop_Identification/make_dataset/raw_sentinel/pm5/pm5__20200506_20200523__0006	2020-05-10	694017.00000000,3741462.00000000,694785.00000000,3742230.00000000
train	000319	lower__20200511_160010_79_2263_3B_AnalyticMS_SR_8b_clip	pm5__20200506_20200523__0006	/scrfs/storage/yikebe/home/research/AR_Crop_Identification/make_dataset/raw_sentinel/pm5/pm5__20200506_20200523__0006	2020-05-10	695553.00000000,3741462.00000000,696321.00000000,3742230.00000000
train	000335	lower__20200511_160010_79_2263_3B_AnalyticMS_SR_8b_clip	pm5__20200506_20200523__0006	/scrfs/storage/yikebe/home/research/AR_Crop_Identification/make_dataset/raw_sentinel/pm5/pm5__20200506_20200523__0006	2020-05-10	700161.00000000,3741462.00000000,700929.00000000,3742230.00000000
train	000351	lower__20200511_160010_79_2263_3B_AnalyticMS_SR_8b_clip	pm5__20200506_20200523__0006	/scrfs/storage/yikebe/home/research/AR_Crop_Identification/make_dataset/raw_sentinel/pm5/pm5__20200506_20200523__0006	2020-05-10	700929.00000000,3741462.00000000,701697.00000000,3742230.00000000
train	000367	lower__20200511_160010_79_2263_3B_AnalyticMS_SR_8b_clip	pm5__20200506_20200523__0006	/scrfs/storage/yikebe/home/research/AR_Crop_Identification/make_dataset/raw_sentinel/pm5/pm5__20200506_20200523__0006	2020-05-10	694017.00000000,3740694.00000000,694785.00000000,3741462.00000000
train	000383	lower__20200511_160010_79_2263_3B_AnalyticMS_SR_8b_clip	pm5__20200506_20200523__0006	/scrfs/storage/yikebe/home/research/AR_Crop_Identification/make_dataset/raw_sentinel/pm5/pm5__20200506_20200523__0006	2020-05-10	694785.00000000,3740694.00000000,695553.00000000,3741462.00000000
train	000399	lower__20200511_160010_79_2263_3B_AnalyticMS_SR_8b_clip	pm5__20200506_20200523__0006	/scrfs/storage/yikebe/home/research/AR_Crop_Identification/make_dataset/raw_sentinel/pm5/pm5__20200506_20200523__0006	2020-05-10	695553.00000000,3740694.00000000,696321.00000000,3741462.00000000
train	000415	lower__20200511_160010_79_2263_3B_AnalyticMS_SR_8b_clip	pm5__20200506_20200523__0006	/scrfs/storage/yikebe/home/research/AR_Crop_Identification/make_dataset/raw_sentinel/pm5/pm5__20200506_20200523__0006	2020-05-10	700161.00000000,3740694.00000000,700929.00000000,3741462.00000000
train	000431	lower__20200511_160010_79_2263_3B_AnalyticMS_SR_8b_clip	pm5__20200506_20200523__0006	/scrfs/storage/yikebe/home/research/AR_Crop_Identification/make_dataset/raw_sentinel/pm5/pm5__20200506_20200523__0006	2020-05-10	703233.00000000,3740694.00000000,704001.00000000,3741462.00000000
train	000447	lower__20200511_160010_79_2263_3B_AnalyticMS_SR_8b_clip	pm5__20200506_20200523__0006	/scrfs/storage/yikebe/home/research/AR_Crop_Identification/make_dataset/raw_sentinel/pm5/pm5__20200506_20200523__0006	2020-05-10	674049.00000000,3739926.00000000,674817.00000000,3740694.00000000
train	000463	lower__20200511_160010_79_2263_3B_AnalyticMS_SR_8b_clip	pm5__20200506_20200523__0006	/scrfs/storage/yikebe/home/research/AR_Crop_Identification/make_dataset/raw_sentinel/pm5/pm5__20200506_20200523__0006	2020-05-10	695553.00000000,3739926.00000000,696321.00000000,3740694.00000000
train	000479	lower__20200511_160010_79_2263_3B_AnalyticMS_SR_8b_clip	pm5__20200506_20200523__0006	/scrfs/storage/yikebe/home/research/AR_Crop_Identification/make_dataset/raw_sentinel/pm5/pm5__20200506_20200523__0006	2020-05-10	702465.00000000,3739926.00000000,703233.00000000,3740694.00000000
train	000495	lower__20200511_160010_79_2263_3B_AnalyticMS_SR_8b_clip	pm5__20200506_20200523__0006	/scrfs/storage/yikebe/home/research/AR_Crop_Identification/make_dataset/raw_sentinel/pm5/pm5__20200506_20200523__0006	2020-05-10	679425.00000000,3739158.00000000,680193.00000000,3739926.00000000
train	000511	lower__20200511_160010_79_2263_3B_AnalyticMS_SR_8b_clip	pm5__20200506_20200523__0006	/scrfs/storage/yikebe/home/research/AR_Crop_Identification/make_dataset/raw_sentinel/pm5/pm5__20200506_20200523__0006	2020-05-10	695553.00000000,3739158.00000000,696321.00000000,3739926.00000000
train	000527	lower__20200511_160010_79_2263_3B_AnalyticMS_SR_8b_clip	pm5__20200506_20200523__0006	/scrfs/storage/yikebe/home/research/AR_Crop_Identification/make_dataset/raw_sentinel/pm5/pm5__20200506_20200523__0006	2020-05-10	696321.00000000,3739158.00000000,697089.00000000,3739926.00000000
train	000543	lower__20200511_160010_79_2263_3B_AnalyticMS_SR_8b_clip	pm5__20200506_20200523__0006	/scrfs/storage/yikebe/home/research/AR_Crop_Identification/make_dataset/raw_sentinel/pm5/pm5__20200506_20200523__0006	2020-05-10	697857.00000000,3739158.00000000,698625.00000000,3739926.00000000
train	000559	lower__20200511_160010_79_2263_3B_AnalyticMS_SR_8b_clip	pm5__20200506_20200523__0006	/scrfs/storage/yikebe/home/research/AR_Crop_Identification/make_dataset/raw_sentinel/pm5/pm5__20200506_20200523__0006	2020-05-10	700929.00000000,3739158.00000000,701697.00000000,3739926.00000000
train	000575	lower__20200511_160010_79_2263_3B_AnalyticMS_SR_8b_clip	pm5__20200506_20200523__0006	/scrfs/storage/yikebe/home/research/AR_Crop_Identification/make_dataset/raw_sentinel/pm5/pm5__20200506_20200523__0006	2020-05-10	701697.00000000,3739158.00000000,702465.00000000,3739926.00000000
train	000591	lower__20200511_160010_79_2263_3B_AnalyticMS_SR_8b_clip	pm5__20200506_20200523__0006	/scrfs/storage/yikebe/home/research/AR_Crop_Identification/make_dataset/raw_sentinel/pm5/pm5__20200506_20200523__0006	2020-05-10	695553.00000000,3738390.00000000,696321.00000000,3739158.00000000
train	000607	lower__20200511_160010_79_2263_3B_AnalyticMS_SR_8b_clip	pm5__20200506_20200523__0006	/scrfs/storage/yikebe/home/research/AR_Crop_Identification/make_dataset/raw_sentinel/pm5/pm5__20200506_20200523__0006	2020-05-10	696321.00000000,3738390.00000000,697089.00000000,3739158.00000000
train	000623	lower__20200511_160010_79_2263_3B_AnalyticMS_SR_8b_clip	pm5__20200506_20200523__0006	/scrfs/storage/yikebe/home/research/AR_Crop_Identification/make_dataset/raw_sentinel/pm5/pm5__20200506_20200523__0006	2020-05-10	697857.00000000,3738390.00000000,698625.00000000,3739158.00000000
train	000639	lower__20200511_160010_79_2263_3B_AnalyticMS_SR_8b_clip	pm5__20200506_20200523__0006	/scrfs/storage/yikebe/home/research/AR_Crop_Identification/make_dataset/raw_sentinel/pm5/pm5__20200506_20200523__0006	2020-05-10	700161.00000000,3738390.00000000,700929.00000000,3739158.00000000
train	000655	lower__20200511_160010_79_2263_3B_AnalyticMS_SR_8b_clip	pm5__20200506_20200523__0006	/scrfs/storage/yikebe/home/research/AR_Crop_Identification/make_dataset/raw_sentinel/pm5/pm5__20200506_20200523__0006	2020-05-10	700929.00000000,3738390.00000000,701697.00000000,3739158.00000000
train	000671	lower__20200511_160010_79_2263_3B_AnalyticMS_SR_8b_clip	pm5__20200506_20200523__0006	/scrfs/storage/yikebe/home/research/AR_Crop_Identification/make_dataset/raw_sentinel/pm5/pm5__20200506_20200523__0006	2020-05-10	703233.00000000,3738390.00000000,704001.00000000,3739158.00000000
train	000687	lower__20200511_160010_79_2263_3B_AnalyticMS_SR_8b_clip	pm5__20200506_20200523__0006	/scrfs/storage/yikebe/home/research/AR_Crop_Identification/make_dataset/raw_sentinel/pm5/pm5__20200506_20200523__0006	2020-05-10	694785.00000000,3737622.00000000,695553.00000000,3738390.00000000
train	000703	lower__20200511_160010_79_2263_3B_AnalyticMS_SR_8b_clip	pm5__20200506_20200523__0006	/scrfs/storage/yikebe/home/research/AR_Crop_Identification/make_dataset/raw_sentinel/pm5/pm5__20200506_20200523__0006	2020-05-10	695553.00000000,3737622.00000000,696321.00000000,3738390.00000000
train	000719	lower__20200511_160010_79_2263_3B_AnalyticMS_SR_8b_clip	pm5__20200506_20200523__0006	/scrfs/storage/yikebe/home/research/AR_Crop_Identification/make_dataset/raw_sentinel/pm5/pm5__20200506_20200523__0006	2020-05-10	697857.00000000,3737622.00000000,698625.00000000,3738390.00000000
train	000735	lower__20200511_160010_79_2263_3B_AnalyticMS_SR_8b_clip	pm5__20200506_20200523__0006	/scrfs/storage/yikebe/home/research/AR_Crop_Identification/make_dataset/raw_sentinel/pm5/pm5__20200506_20200523__0006	2020-05-10	701697.00000000,3737622.00000000,702465.00000000,3738390.00000000
train	000751	lower__20200511_160010_79_2263_3B_AnalyticMS_SR_8b_clip	pm5__20200506_20200523__0006	/scrfs/storage/yikebe/home/research/AR_Crop_Identification/make_dataset/raw_sentinel/pm5/pm5__20200506_20200523__0006	2020-05-10	694785.00000000,3736854.00000000,695553.00000000,3737622.00000000
train	000767	lower__20200511_160010_79_2263_3B_AnalyticMS_SR_8b_clip	pm5__20200506_20200523__0006	/scrfs/storage/yikebe/home/research/AR_Crop_Identification/make_dataset/raw_sentinel/pm5/pm5__20200506_20200523__0006	2020-05-10	695553.00000000,3736854.00000000,696321.00000000,3737622.00000000
train	000783	lower__20200511_160010_79_2263_3B_AnalyticMS_SR_8b_clip	pm5__20200506_20200523__0006	/scrfs/storage/yikebe/home/research/AR_Crop_Identification/make_dataset/raw_sentinel/pm5/pm5__20200506_20200523__0006	2020-05-10	697089.00000000,3736854.00000000,697857.00000000,3737622.00000000
train	000799	lower__20200511_160010_79_2263_3B_AnalyticMS_SR_8b_clip	pm5__20200506_20200523__0006	/scrfs/storage/yikebe/home/research/AR_Crop_Identification/make_dataset/raw_sentinel/pm5/pm5__20200506_20200523__0006	2020-05-10	697857.00000000,3736854.00000000,698625.00000000,3737622.00000000
train	000815	lower__20200511_160010_79_2263_3B_AnalyticMS_SR_8b_clip	pm5__20200506_20200523__0006	/scrfs/storage/yikebe/home/research/AR_Crop_Identification/make_dataset/raw_sentinel/pm5/pm5__20200506_20200523__0006	2020-05-10	688641.00000000,3736086.00000000,689409.00000000,3736854.00000000
train	000831	lower__20200511_160010_79_2263_3B_AnalyticMS_SR_8b_clip	pm5__20200506_20200523__0006	/scrfs/storage/yikebe/home/research/AR_Crop_Identification/make_dataset/raw_sentinel/pm5/pm5__20200506_20200523__0006	2020-05-10	694785.00000000,3736086.00000000,695553.00000000,3736854.00000000
train	000847	lower__20200511_160010_79_2263_3B_AnalyticMS_SR_8b_clip	pm5__20200506_20200523__0006	/scrfs/storage/yikebe/home/research/AR_Crop_Identification/make_dataset/raw_sentinel/pm5/pm5__20200506_20200523__0006	2020-05-10	695553.00000000,3736086.00000000,696321.00000000,3736854.00000000
train	000863	lower__20200511_160010_79_2263_3B_AnalyticMS_SR_8b_clip	pm5__20200506_20200523__0006	/scrfs/storage/yikebe/home/research/AR_Crop_Identification/make_dataset/raw_sentinel/pm5/pm5__20200506_20200523__0006	2020-05-10	697089.00000000,3736086.00000000,697857.00000000,3736854.00000000
train	000879	lower__20200511_160010_79_2263_3B_AnalyticMS_SR_8b_clip	pm5__20200506_20200523__0006	/scrfs/storage/yikebe/home/research/AR_Crop_Identification/make_dataset/raw_sentinel/pm5/pm5__20200506_20200523__0006	2020-05-10	697857.00000000,3736086.00000000,698625.00000000,3736854.00000000
train	000895	lower__20200511_160010_79_2263_3B_AnalyticMS_SR_8b_clip	pm5__20200506_20200523__0006	/scrfs/storage/yikebe/home/research/AR_Crop_Identification/make_dataset/raw_sentinel/pm5/pm5__20200506_20200523__0006	2020-05-10	700161.00000000,3736086.00000000,700929.00000000,3736854.00000000
train	000911	lower__20200511_160010_79_2263_3B_AnalyticMS_SR_8b_clip	pm5__20200506_20200523__0006	/scrfs/storage/yikebe/home/research/AR_Crop_Identification/make_dataset/raw_sentinel/pm5/pm5__20200506_20200523__0006	2020-05-10	687873.00000000,3735318.00000000,688641.00000000,3736086.00000000
train	000927	lower__20200511_160010_79_2263_3B_AnalyticMS_SR_8b_clip	pm5__20200506_20200523__0006	/scrfs/storage/yikebe/home/research/AR_Crop_Identification/make_dataset/raw_sentinel/pm5/pm5__20200506_20200523__0006	2020-05-10	690945.00000000,3735318.00000000,691713.00000000,3736086.00000000
train	000943	lower__20200511_160010_79_2263_3B_AnalyticMS_SR_8b_clip	pm5__20200506_20200523__0006	/scrfs/storage/yikebe/home/research/AR_Crop_Identification/make_dataset/raw_sentinel/pm5/pm5__20200506_20200523__0006	2020-05-10	691713.00000000,3735318.00000000,692481.00000000,3736086.00000000
train	000959	lower__20200511_160010_79_2263_3B_AnalyticMS_SR_8b_clip	pm5__20200506_20200523__0006	/scrfs/storage/yikebe/home/research/AR_Crop_Identification/make_dataset/raw_sentinel/pm5/pm5__20200506_20200523__0006	2020-05-10	694785.00000000,3735318.00000000,695553.00000000,3736086.00000000
train	000975	lower__20200511_160010_79_2263_3B_AnalyticMS_SR_8b_clip	pm5__20200506_20200523__0006	/scrfs/storage/yikebe/home/research/AR_Crop_Identification/make_dataset/raw_sentinel/pm5/pm5__20200506_20200523__0006	2020-05-10	686337.00000000,3734550.00000000,687105.00000000,3735318.00000000
train	000991	lower__20200511_160010_79_2263_3B_AnalyticMS_SR_8b_clip	pm5__20200506_20200523__0006	/scrfs/storage/yikebe/home/research/AR_Crop_Identification/make_dataset/raw_sentinel/pm5/pm5__20200506_20200523__0006	2020-05-10	687105.00000000,3734550.00000000,687873.00000000,3735318.00000000
train	001007	lower__20200511_160010_79_2263_3B_AnalyticMS_SR_8b_clip	pm5__20200506_20200523__0006	/scrfs/storage/yikebe/home/research/AR_Crop_Identification/make_dataset/raw_sentinel/pm5/pm5__20200506_20200523__0006	2020-05-10	690177.00000000,3734550.00000000,690945.00000000,3735318.00000000
train	001023	lower__20200511_160010_79_2263_3B_AnalyticMS_SR_8b_clip	pm5__20200506_20200523__0006	/scrfs/storage/yikebe/home/research/AR_Crop_Identification/make_dataset/raw_sentinel/pm5/pm5__20200506_20200523__0006	2020-05-10	690945.00000000,3734550.00000000,691713.00000000,3735318.00000000
train	001039	lower__20200511_160010_79_2263_3B_AnalyticMS_SR_8b_clip	pm5__20200506_20200523__0006	/scrfs/storage/yikebe/home/research/AR_Crop_Identification/make_dataset/raw_sentinel/pm5/pm5__20200506_20200523__0006	2020-05-10	691713.00000000,3734550.00000000,692481.00000000,3735318.00000000
train	001055	lower__20200511_160010_79_2263_3B_AnalyticMS_SR_8b_clip	pm5__20200506_20200523__0006	/scrfs/storage/yikebe/home/research/AR_Crop_Identification/make_dataset/raw_sentinel/pm5/pm5__20200506_20200523__0006	2020-05-10	694785.00000000,3734550.00000000,695553.00000000,3735318.00000000
train	001071	lower__20200511_160010_79_2263_3B_AnalyticMS_SR_8b_clip	pm5__20200506_20200523__0006	/scrfs/storage/yikebe/home/research/AR_Crop_Identification/make_dataset/raw_sentinel/pm5/pm5__20200506_20200523__0006	2020-05-10	700161.00000000,3734550.00000000,700929.00000000,3735318.00000000
train	001087	lower__20200511_160010_79_2263_3B_AnalyticMS_SR_8b_clip	pm5__20200506_20200523__0006	/scrfs/storage/yikebe/home/research/AR_Crop_Identification/make_dataset/raw_sentinel/pm5/pm5__20200506_20200523__0006	2020-05-10	687105.00000000,3733782.00000000,687873.00000000,3734550.00000000
train	001103	lower__20200511_160010_79_2263_3B_AnalyticMS_SR_8b_clip	pm5__20200506_20200523__0006	/scrfs/storage/yikebe/home/research/AR_Crop_Identification/make_dataset/raw_sentinel/pm5/pm5__20200506_20200523__0006	2020-05-10	694785.00000000,3733782.00000000,695553.00000000,3734550.00000000
train	001119	lower__20200511_160010_79_2263_3B_AnalyticMS_SR_8b_clip	pm5__20200506_20200523__0006	/scrfs/storage/yikebe/home/research/AR_Crop_Identification/make_dataset/raw_sentinel/pm5/pm5__20200506_20200523__0006	2020-05-10	697089.00000000,3733782.00000000,697857.00000000,3734550.00000000
train	001135	lower__20200511_160010_79_2263_3B_AnalyticMS_SR_8b_clip	pm5__20200506_20200523__0006	/scrfs/storage/yikebe/home/research/AR_Crop_Identification/make_dataset/raw_sentinel/pm5/pm5__20200506_20200523__0006	2020-05-10	700161.00000000,3733782.00000000,700929.00000000,3734550.00000000
train	001151	lower__20200511_160010_79_2263_3B_AnalyticMS_SR_8b_clip	pm5__20200506_20200523__0006	/scrfs/storage/yikebe/home/research/AR_Crop_Identification/make_dataset/raw_sentinel/pm5/pm5__20200506_20200523__0006	2020-05-10	702465.00000000,3733782.00000000,703233.00000000,3734550.00000000
train	001167	lower__20200511_160010_79_2263_3B_AnalyticMS_SR_8b_clip	pm5__20200506_20200523__0006	/scrfs/storage/yikebe/home/research/AR_Crop_Identification/make_dataset/raw_sentinel/pm5/pm5__20200506_20200523__0006	2020-05-10	684801.00000000,3733014.00000000,685569.00000000,3733782.00000000
train	001183	lower__20200511_160010_79_2263_3B_AnalyticMS_SR_8b_clip	pm5__20200506_20200523__0006	/scrfs/storage/yikebe/home/research/AR_Crop_Identification/make_dataset/raw_sentinel/pm5/pm5__20200506_20200523__0006	2020-05-10	685569.00000000,3733014.00000000,686337.00000000,3733782.00000000
train	001199	lower__20200511_160010_79_2263_3B_AnalyticMS_SR_8b_clip	pm5__20200506_20200523__0006	/scrfs/storage/yikebe/home/research/AR_Crop_Identification/make_dataset/raw_sentinel/pm5/pm5__20200506_20200523__0006	2020-05-10	685569.00000000,3732246.00000000,686337.00000000,3733014.00000000
train	001215	lower__20200511_160010_79_2263_3B_AnalyticMS_SR_8b_clip	pm5__20200506_20200523__0006	/scrfs/storage/yikebe/home/research/AR_Crop_Identification/make_dataset/raw_sentinel/pm5/pm5__20200506_20200523__0006	2020-05-10	697089.00000000,3732246.00000000,697857.00000000,3733014.00000000
train	001231	lower__20200511_160010_79_2263_3B_AnalyticMS_SR_8b_clip	pm5__20200506_20200523__0006	/scrfs/storage/yikebe/home/research/AR_Crop_Identification/make_dataset/raw_sentinel/pm5/pm5__20200506_20200523__0006	2020-05-10	697857.00000000,3732246.00000000,698625.00000000,3733014.00000000
train	001247	lower__20200511_160010_79_2263_3B_AnalyticMS_SR_8b_clip	pm5__20200506_20200523__0006	/scrfs/storage/yikebe/home/research/AR_Crop_Identification/make_dataset/raw_sentinel/pm5/pm5__20200506_20200523__0006	2020-05-10	696321.00000000,3731478.00000000,697089.00000000,3732246.00000000
train	001263	lower__20200511_160010_79_2263_3B_AnalyticMS_SR_8b_clip	pm5__20200506_20200523__0006	/scrfs/storage/yikebe/home/research/AR_Crop_Identification/make_dataset/raw_sentinel/pm5/pm5__20200506_20200523__0006	2020-05-10	697089.00000000,3731478.00000000,697857.00000000,3732246.00000000
train	001279	lower__20200511_160010_79_2263_3B_AnalyticMS_SR_8b_clip	pm5__20200506_20200523__0006	/scrfs/storage/yikebe/home/research/AR_Crop_Identification/make_dataset/raw_sentinel/pm5/pm5__20200506_20200523__0006	2020-05-10	697857.00000000,3731478.00000000,698625.00000000,3732246.00000000
train	001295	lower__20200511_160010_79_2263_3B_AnalyticMS_SR_8b_clip	pm5__20200506_20200523__0006	/scrfs/storage/yikebe/home/research/AR_Crop_Identification/make_dataset/raw_sentinel/pm5/pm5__20200506_20200523__0006	2020-05-10	697857.00000000,3730710.00000000,698625.00000000,3731478.00000000
train	001311	lower__20200511_160010_79_2263_3B_AnalyticMS_SR_8b_clip	pm5__20200506_20200523__0006	/scrfs/storage/yikebe/home/research/AR_Crop_Identification/make_dataset/raw_sentinel/pm5/pm5__20200506_20200523__0006	2020-05-10	700161.00000000,3730710.00000000,700929.00000000,3731478.00000000
train	001327	lower__20200511_160010_79_2263_3B_AnalyticMS_SR_8b_clip	pm5__20200506_20200523__0006	/scrfs/storage/yikebe/home/research/AR_Crop_Identification/make_dataset/raw_sentinel/pm5/pm5__20200506_20200523__0006	2020-05-10	696321.00000000,3729942.00000000,697089.00000000,3730710.00000000
train	001343	lower__20200511_160010_79_2263_3B_AnalyticMS_SR_8b_clip	pm5__20200506_20200523__0006	/scrfs/storage/yikebe/home/research/AR_Crop_Identification/make_dataset/raw_sentinel/pm5/pm5__20200506_20200523__0006	2020-05-10	697857.00000000,3729942.00000000,698625.00000000,3730710.00000000
train	001359	lower__20200511_160010_79_2263_3B_AnalyticMS_SR_8b_clip	pm5__20200506_20200523__0006	/scrfs/storage/yikebe/home/research/AR_Crop_Identification/make_dataset/raw_sentinel/pm5/pm5__20200506_20200523__0006	2020-05-10	700161.00000000,3729942.00000000,700929.00000000,3730710.00000000
train	001375	lower__20200511_160010_79_2263_3B_AnalyticMS_SR_8b_clip	pm5__20200506_20200523__0006	/scrfs/storage/yikebe/home/research/AR_Crop_Identification/make_dataset/raw_sentinel/pm5/pm5__20200506_20200523__0006	2020-05-10	700929.00000000,3729942.00000000,701697.00000000,3730710.00000000
train	001391	lower__20200511_160010_79_2263_3B_AnalyticMS_SR_8b_clip	pm5__20200506_20200523__0006	/scrfs/storage/yikebe/home/research/AR_Crop_Identification/make_dataset/raw_sentinel/pm5/pm5__20200506_20200523__0006	2020-05-10	701697.00000000,3729942.00000000,702465.00000000,3730710.00000000
train	001407	lower__20200511_160010_79_2263_3B_AnalyticMS_SR_8b_clip	pm5__20200506_20200523__0006	/scrfs/storage/yikebe/home/research/AR_Crop_Identification/make_dataset/raw_sentinel/pm5/pm5__20200506_20200523__0006	2020-05-10	690177.00000000,3729174.00000000,690945.00000000,3729942.00000000
train	001423	lower__20200511_160010_79_2263_3B_AnalyticMS_SR_8b_clip	pm5__20200506_20200523__0006	/scrfs/storage/yikebe/home/research/AR_Crop_Identification/make_dataset/raw_sentinel/pm5/pm5__20200506_20200523__0006	2020-05-10	697857.00000000,3729174.00000000,698625.00000000,3729942.00000000
train	001439	lower__20200511_160010_79_2263_3B_AnalyticMS_SR_8b_clip	pm5__20200506_20200523__0006	/scrfs/storage/yikebe/home/research/AR_Crop_Identification/make_dataset/raw_sentinel/pm5/pm5__20200506_20200523__0006	2020-05-10	700161.00000000,3729174.00000000,700929.00000000,3729942.00000000
train	001455	lower__20200511_160010_79_2263_3B_AnalyticMS_SR_8b_clip	pm5__20200506_20200523__0006	/scrfs/storage/yikebe/home/research/AR_Crop_Identification/make_dataset/raw_sentinel/pm5/pm5__20200506_20200523__0006	2020-05-10	700929.00000000,3729174.00000000,701697.00000000,3729942.00000000
train	001471	lower__20200511_160010_79_2263_3B_AnalyticMS_SR_8b_clip	pm5__20200506_20200523__0006	/scrfs/storage/yikebe/home/research/AR_Crop_Identification/make_dataset/raw_sentinel/pm5/pm5__20200506_20200523__0006	2020-05-10	686337.00000000,3728406.00000000,687105.00000000,3729174.00000000
train	001487	lower__20200511_160010_79_2263_3B_AnalyticMS_SR_8b_clip	pm5__20200506_20200523__0006	/scrfs/storage/yikebe/home/research/AR_Crop_Identification/make_dataset/raw_sentinel/pm5/pm5__20200506_20200523__0006	2020-05-10	687105.00000000,3728406.00000000,687873.00000000,3729174.00000000
train	001503	lower__20200511_160010_79_2263_3B_AnalyticMS_SR_8b_clip	pm5__20200506_20200523__0006	/scrfs/storage/yikebe/home/research/AR_Crop_Identification/make_dataset/raw_sentinel/pm5/pm5__20200506_20200523__0006	2020-05-10	687873.00000000,3728406.00000000,688641.00000000,3729174.00000000
train	001519	lower__20200511_160010_79_2263_3B_AnalyticMS_SR_8b_clip	pm5__20200506_20200523__0006	/scrfs/storage/yikebe/home/research/AR_Crop_Identification/make_dataset/raw_sentinel/pm5/pm5__20200506_20200523__0006	2020-05-10	688641.00000000,3728406.00000000,689409.00000000,3729174.00000000
train	001535	lower__20200511_160010_79_2263_3B_AnalyticMS_SR_8b_clip	pm5__20200506_20200523__0006	/scrfs/storage/yikebe/home/research/AR_Crop_Identification/make_dataset/raw_sentinel/pm5/pm5__20200506_20200523__0006	2020-05-10	689409.00000000,3728406.00000000,690177.00000000,3729174.00000000
train	001551	lower__20200511_160010_79_2263_3B_AnalyticMS_SR_8b_clip	pm5__20200506_20200523__0006	/scrfs/storage/yikebe/home/research/AR_Crop_Identification/make_dataset/raw_sentinel/pm5/pm5__20200506_20200523__0006	2020-05-10	690177.00000000,3728406.00000000,690945.00000000,3729174.00000000
train	001567	lower__20200511_160010_79_2263_3B_AnalyticMS_SR_8b_clip	pm5__20200506_20200523__0006	/scrfs/storage/yikebe/home/research/AR_Crop_Identification/make_dataset/raw_sentinel/pm5/pm5__20200506_20200523__0006	2020-05-10	697089.00000000,3728406.00000000,697857.00000000,3729174.00000000
train	001583	lower__20200511_160010_79_2263_3B_AnalyticMS_SR_8b_clip	pm5__20200506_20200523__0006	/scrfs/storage/yikebe/home/research/AR_Crop_Identification/make_dataset/raw_sentinel/pm5/pm5__20200506_20200523__0006	2020-05-10	700161.00000000,3728406.00000000,700929.00000000,3729174.00000000
train	001599	lower__20200511_160010_79_2263_3B_AnalyticMS_SR_8b_clip	pm5__20200506_20200523__0006	/scrfs/storage/yikebe/home/research/AR_Crop_Identification/make_dataset/raw_sentinel/pm5/pm5__20200506_20200523__0006	2020-05-10	685569.00000000,3727638.00000000,686337.00000000,3728406.00000000
train	001615	lower__20200511_160010_79_2263_3B_AnalyticMS_SR_8b_clip	pm5__20200506_20200523__0006	/scrfs/storage/yikebe/home/research/AR_Crop_Identification/make_dataset/raw_sentinel/pm5/pm5__20200506_20200523__0006	2020-05-10	686337.00000000,3727638.00000000,687105.00000000,3728406.00000000
train	001631	lower__20200511_160010_79_2263_3B_AnalyticMS_SR_8b_clip	pm5__20200506_20200523__0006	/scrfs/storage/yikebe/home/research/AR_Crop_Identification/make_dataset/raw_sentinel/pm5/pm5__20200506_20200523__0006	2020-05-10	687105.00000000,3727638.00000000,687873.00000000,3728406.00000000
train	001647	lower__20200511_160010_79_2263_3B_AnalyticMS_SR_8b_clip	pm5__20200506_20200523__0006	/scrfs/storage/yikebe/home/research/AR_Crop_Identification/make_dataset/raw_sentinel/pm5/pm5__20200506_20200523__0006	2020-05-10	688641.00000000,3727638.00000000,689409.00000000,3728406.00000000
train	001663	lower__20200511_160010_79_2263_3B_AnalyticMS_SR_8b_clip	pm5__20200506_20200523__0006	/scrfs/storage/yikebe/home/research/AR_Crop_Identification/make_dataset/raw_sentinel/pm5/pm5__20200506_20200523__0006	2020-05-10	689409.00000000,3727638.00000000,690177.00000000,3728406.00000000
train	001679	lower__20200511_160010_79_2263_3B_AnalyticMS_SR_8b_clip	pm5__20200506_20200523__0006	/scrfs/storage/yikebe/home/research/AR_Crop_Identification/make_dataset/raw_sentinel/pm5/pm5__20200506_20200523__0006	2020-05-10	690177.00000000,3727638.00000000,690945.00000000,3728406.00000000
train	001695	lower__20200511_160010_79_2263_3B_AnalyticMS_SR_8b_clip	pm5__20200506_20200523__0006	/scrfs/storage/yikebe/home/research/AR_Crop_Identification/make_dataset/raw_sentinel/pm5/pm5__20200506_20200523__0006	2020-05-10	697089.00000000,3727638.00000000,697857.00000000,3728406.00000000
train	001711	lower__20200511_160010_79_2263_3B_AnalyticMS_SR_8b_clip	pm5__20200506_20200523__0006	/scrfs/storage/yikebe/home/research/AR_Crop_Identification/make_dataset/raw_sentinel/pm5/pm5__20200506_20200523__0006	2020-05-10	687105.00000000,3726870.00000000,687873.00000000,3727638.00000000
train	001727	lower__20200511_160010_79_2263_3B_AnalyticMS_SR_8b_clip	pm5__20200506_20200523__0006	/scrfs/storage/yikebe/home/research/AR_Crop_Identification/make_dataset/raw_sentinel/pm5/pm5__20200506_20200523__0006	2020-05-10	688641.00000000,3726870.00000000,689409.00000000,3727638.00000000
train	001743	lower__20200511_160010_79_2263_3B_AnalyticMS_SR_8b_clip	pm5__20200506_20200523__0006	/scrfs/storage/yikebe/home/research/AR_Crop_Identification/make_dataset/raw_sentinel/pm5/pm5__20200506_20200523__0006	2020-05-10	689409.00000000,3726870.00000000,690177.00000000,3727638.00000000
train	001759	lower__20200511_160010_79_2263_3B_AnalyticMS_SR_8b_clip	pm5__20200506_20200523__0006	/scrfs/storage/yikebe/home/research/AR_Crop_Identification/make_dataset/raw_sentinel/pm5/pm5__20200506_20200523__0006	2020-05-10	690177.00000000,3726870.00000000,690945.00000000,3727638.00000000
train	001775	lower__20200511_160010_79_2263_3B_AnalyticMS_SR_8b_clip	pm5__20200506_20200523__0006	/scrfs/storage/yikebe/home/research/AR_Crop_Identification/make_dataset/raw_sentinel/pm5/pm5__20200506_20200523__0006	2020-05-10	693249.00000000,3726870.00000000,694017.00000000,3727638.00000000
train	001791	lower__20200511_160010_79_2263_3B_AnalyticMS_SR_8b_clip	pm5__20200506_20200523__0006	/scrfs/storage/yikebe/home/research/AR_Crop_Identification/make_dataset/raw_sentinel/pm5/pm5__20200506_20200523__0006	2020-05-10	694785.00000000,3726870.00000000,695553.00000000,3727638.00000000
train	001807	lower__20200511_160010_79_2263_3B_AnalyticMS_SR_8b_clip	pm5__20200506_20200523__0006	/scrfs/storage/yikebe/home/research/AR_Crop_Identification/make_dataset/raw_sentinel/pm5/pm5__20200506_20200523__0006	2020-05-10	695553.00000000,3726870.00000000,696321.00000000,3727638.00000000
train	001823	lower__20200511_160010_79_2263_3B_AnalyticMS_SR_8b_clip	pm5__20200506_20200523__0006	/scrfs/storage/yikebe/home/research/AR_Crop_Identification/make_dataset/raw_sentinel/pm5/pm5__20200506_20200523__0006	2020-05-10	696321.00000000,3726870.00000000,697089.00000000,3727638.00000000
train	001839	lower__20200511_160010_79_2263_3B_AnalyticMS_SR_8b_clip	pm5__20200506_20200523__0006	/scrfs/storage/yikebe/home/research/AR_Crop_Identification/make_dataset/raw_sentinel/pm5/pm5__20200506_20200523__0006	2020-05-10	697089.00000000,3726870.00000000,697857.00000000,3727638.00000000
train	001855	lower__20200511_160010_79_2263_3B_AnalyticMS_SR_8b_clip	pm5__20200506_20200523__0006	/scrfs/storage/yikebe/home/research/AR_Crop_Identification/make_dataset/raw_sentinel/pm5/pm5__20200506_20200523__0006	2020-05-10	700161.00000000,3726870.00000000,700929.00000000,3727638.00000000
train	001871	lower__20200511_160010_79_2263_3B_AnalyticMS_SR_8b_clip	pm5__20200506_20200523__0006	/scrfs/storage/yikebe/home/research/AR_Crop_Identification/make_dataset/raw_sentinel/pm5/pm5__20200506_20200523__0006	2020-05-10	686337.00000000,3726102.00000000,687105.00000000,3726870.00000000
train	001887	lower__20200511_160010_79_2263_3B_AnalyticMS_SR_8b_clip	pm5__20200506_20200523__0006	/scrfs/storage/yikebe/home/research/AR_Crop_Identification/make_dataset/raw_sentinel/pm5/pm5__20200506_20200523__0006	2020-05-10	687105.00000000,3726102.00000000,687873.00000000,3726870.00000000
train	001903	lower__20200511_160010_79_2263_3B_AnalyticMS_SR_8b_clip	pm5__20200506_20200523__0006	/scrfs/storage/yikebe/home/research/AR_Crop_Identification/make_dataset/raw_sentinel/pm5/pm5__20200506_20200523__0006	2020-05-10	687873.00000000,3726102.00000000,688641.00000000,3726870.00000000
train	001919	lower__20200511_160010_79_2263_3B_AnalyticMS_SR_8b_clip	pm5__20200506_20200523__0006	/scrfs/storage/yikebe/home/research/AR_Crop_Identification/make_dataset/raw_sentinel/pm5/pm5__20200506_20200523__0006	2020-05-10	688641.00000000,3726102.00000000,689409.00000000,3726870.00000000
train	001935	lower__20200511_160010_79_2263_3B_AnalyticMS_SR_8b_clip	pm5__20200506_20200523__0006	/scrfs/storage/yikebe/home/research/AR_Crop_Identification/make_dataset/raw_sentinel/pm5/pm5__20200506_20200523__0006	2020-05-10	693249.00000000,3726102.00000000,694017.00000000,3726870.00000000
train	001951	lower__20200511_160010_79_2263_3B_AnalyticMS_SR_8b_clip	pm5__20200506_20200523__0006	/scrfs/storage/yikebe/home/research/AR_Crop_Identification/make_dataset/raw_sentinel/pm5/pm5__20200506_20200523__0006	2020-05-10	695553.00000000,3726102.00000000,696321.00000000,3726870.00000000
train	001967	lower__20200511_160010_79_2263_3B_AnalyticMS_SR_8b_clip	pm5__20200506_20200523__0006	/scrfs/storage/yikebe/home/research/AR_Crop_Identification/make_dataset/raw_sentinel/pm5/pm5__20200506_20200523__0006	2020-05-10	696321.00000000,3726102.00000000,697089.00000000,3726870.00000000
train	001983	lower__20200511_160010_79_2263_3B_AnalyticMS_SR_8b_clip	pm5__20200506_20200523__0006	/scrfs/storage/yikebe/home/research/AR_Crop_Identification/make_dataset/raw_sentinel/pm5/pm5__20200506_20200523__0006	2020-05-10	697089.00000000,3726102.00000000,697857.00000000,3726870.00000000
train	001999	lower__20200511_160010_79_2263_3B_AnalyticMS_SR_8b_clip	pm5__20200506_20200523__0006	/scrfs/storage/yikebe/home/research/AR_Crop_Identification/make_dataset/raw_sentinel/pm5/pm5__20200506_20200523__0006	2020-05-10	700929.00000000,3726102.00000000,701697.00000000,3726870.00000000
train	002015	lower__20200511_160010_79_2263_3B_AnalyticMS_SR_8b_clip	pm5__20200506_20200523__0006	/scrfs/storage/yikebe/home/research/AR_Crop_Identification/make_dataset/raw_sentinel/pm5/pm5__20200506_20200523__0006	2020-05-10	685569.00000000,3725334.00000000,686337.00000000,3726102.00000000
train	002031	lower__20200511_160010_79_2263_3B_AnalyticMS_SR_8b_clip	pm5__20200506_20200523__0006	/scrfs/storage/yikebe/home/research/AR_Crop_Identification/make_dataset/raw_sentinel/pm5/pm5__20200506_20200523__0006	2020-05-10	687105.00000000,3725334.00000000,687873.00000000,3726102.00000000
train	002047	lower__20200511_160010_79_2263_3B_AnalyticMS_SR_8b_clip	pm5__20200506_20200523__0006	/scrfs/storage/yikebe/home/research/AR_Crop_Identification/make_dataset/raw_sentinel/pm5/pm5__20200506_20200523__0006	2020-05-10	687873.00000000,3725334.00000000,688641.00000000,3726102.00000000
train	002063	lower__20200511_160010_79_2263_3B_AnalyticMS_SR_8b_clip	pm5__20200506_20200523__0006	/scrfs/storage/yikebe/home/research/AR_Crop_Identification/make_dataset/raw_sentinel/pm5/pm5__20200506_20200523__0006	2020-05-10	688641.00000000,3725334.00000000,689409.00000000,3726102.00000000
train	002079	lower__20200511_160010_79_2263_3B_AnalyticMS_SR_8b_clip	pm5__20200506_20200523__0006	/scrfs/storage/yikebe/home/research/AR_Crop_Identification/make_dataset/raw_sentinel/pm5/pm5__20200506_20200523__0006	2020-05-10	692481.00000000,3725334.00000000,693249.00000000,3726102.00000000
train	002095	lower__20200511_160010_79_2263_3B_AnalyticMS_SR_8b_clip	pm5__20200506_20200523__0006	/scrfs/storage/yikebe/home/research/AR_Crop_Identification/make_dataset/raw_sentinel/pm5/pm5__20200506_20200523__0006	2020-05-10	694017.00000000,3725334.00000000,694785.00000000,3726102.00000000
train	002111	lower__20200511_160010_79_2263_3B_AnalyticMS_SR_8b_clip	pm5__20200506_20200523__0006	/scrfs/storage/yikebe/home/research/AR_Crop_Identification/make_dataset/raw_sentinel/pm5/pm5__20200506_20200523__0006	2020-05-10	694785.00000000,3725334.00000000,695553.00000000,3726102.00000000
train	002127	lower__20200511_160010_79_2263_3B_AnalyticMS_SR_8b_clip	pm5__20200506_20200523__0006	/scrfs/storage/yikebe/home/research/AR_Crop_Identification/make_dataset/raw_sentinel/pm5/pm5__20200506_20200523__0006	2020-05-10	695553.00000000,3725334.00000000,696321.00000000,3726102.00000000
train	002143	lower__20200511_160010_79_2263_3B_AnalyticMS_SR_8b_clip	pm5__20200506_20200523__0006	/scrfs/storage/yikebe/home/research/AR_Crop_Identification/make_dataset/raw_sentinel/pm5/pm5__20200506_20200523__0006	2020-05-10	696321.00000000,3725334.00000000,697089.00000000,3726102.00000000
train	002159	lower__20200511_160010_79_2263_3B_AnalyticMS_SR_8b_clip	pm5__20200506_20200523__0006	/scrfs/storage/yikebe/home/research/AR_Crop_Identification/make_dataset/raw_sentinel/pm5/pm5__20200506_20200523__0006	2020-05-10	697089.00000000,3725334.00000000,697857.00000000,3726102.00000000
train	002175	lower__20200511_160010_79_2263_3B_AnalyticMS_SR_8b_clip	pm5__20200506_20200523__0006	/scrfs/storage/yikebe/home/research/AR_Crop_Identification/make_dataset/raw_sentinel/pm5/pm5__20200506_20200523__0006	2020-05-10	698625.00000000,3725334.00000000,699393.00000000,3726102.00000000
train	002191	lower__20200511_160010_79_2263_3B_AnalyticMS_SR_8b_clip	pm5__20200506_20200523__0006	/scrfs/storage/yikebe/home/research/AR_Crop_Identification/make_dataset/raw_sentinel/pm5/pm5__20200506_20200523__0006	2020-05-10	690945.00000000,3724566.00000000,691713.00000000,3725334.00000000
train	002207	lower__20200511_160010_79_2263_3B_AnalyticMS_SR_8b_clip	pm5__20200506_20200523__0006	/scrfs/storage/yikebe/home/research/AR_Crop_Identification/make_dataset/raw_sentinel/pm5/pm5__20200506_20200523__0006	2020-05-10	691713.00000000,3724566.00000000,692481.00000000,3725334.00000000
train	002223	lower__20200511_160010_79_2263_3B_AnalyticMS_SR_8b_clip	pm5__20200506_20200523__0006	/scrfs/storage/yikebe/home/research/AR_Crop_Identification/make_dataset/raw_sentinel/pm5/pm5__20200506_20200523__0006	2020-05-10	694017.00000000,3724566.00000000,694785.00000000,3725334.00000000
train	002239	lower__20200511_160010_79_2263_3B_AnalyticMS_SR_8b_clip	pm5__20200506_20200523__0006	/scrfs/storage/yikebe/home/research/AR_Crop_Identification/make_dataset/raw_sentinel/pm5/pm5__20200506_20200523__0006	2020-05-10	694785.00000000,3724566.00000000,695553.00000000,3725334.00000000
train	002255	lower__20200511_160010_79_2263_3B_AnalyticMS_SR_8b_clip	pm5__20200506_20200523__0006	/scrfs/storage/yikebe/home/research/AR_Crop_Identification/make_dataset/raw_sentinel/pm5/pm5__20200506_20200523__0006	2020-05-10	695553.00000000,3724566.00000000,696321.00000000,3725334.00000000
train	002271	lower__20200511_160010_79_2263_3B_AnalyticMS_SR_8b_clip	pm5__20200506_20200523__0006	/scrfs/storage/yikebe/home/research/AR_Crop_Identification/make_dataset/raw_sentinel/pm5/pm5__20200506_20200523__0006	2020-05-10	696321.00000000,3724566.00000000,697089.00000000,3725334.00000000
train	002287	lower__20200511_160010_79_2263_3B_AnalyticMS_SR_8b_clip	pm5__20200506_20200523__0006	/scrfs/storage/yikebe/home/research/AR_Crop_Identification/make_dataset/raw_sentinel/pm5/pm5__20200506_20200523__0006	2020-05-10	697089.00000000,3724566.00000000,697857.00000000,3725334.00000000
train	002303	lower__20200511_160010_79_2263_3B_AnalyticMS_SR_8b_clip	pm5__20200506_20200523__0006	/scrfs/storage/yikebe/home/research/AR_Crop_Identification/make_dataset/raw_sentinel/pm5/pm5__20200506_20200523__0006	2020-05-10	698625.00000000,3724566.00000000,699393.00000000,3725334.00000000
train	002319	lower__20200511_160010_79_2263_3B_AnalyticMS_SR_8b_clip	pm5__20200506_20200523__0006	/scrfs/storage/yikebe/home/research/AR_Crop_Identification/make_dataset/raw_sentinel/pm5/pm5__20200506_20200523__0006	2020-05-10	701697.00000000,3724566.00000000,702465.00000000,3725334.00000000
train	002335	lower__20200511_160010_79_2263_3B_AnalyticMS_SR_8b_clip	pm5__20200506_20200523__0006	/scrfs/storage/yikebe/home/research/AR_Crop_Identification/make_dataset/raw_sentinel/pm5/pm5__20200506_20200523__0006	2020-05-10	694017.00000000,3723798.00000000,694785.00000000,3724566.00000000
train	002351	lower__20200511_160010_79_2263_3B_AnalyticMS_SR_8b_clip	pm5__20200506_20200523__0006	/scrfs/storage/yikebe/home/research/AR_Crop_Identification/make_dataset/raw_sentinel/pm5/pm5__20200506_20200523__0006	2020-05-10	696321.00000000,3723798.00000000,697089.00000000,3724566.00000000
train	002367	lower__20200511_160010_79_2263_3B_AnalyticMS_SR_8b_clip	pm5__20200506_20200523__0006	/scrfs/storage/yikebe/home/research/AR_Crop_Identification/make_dataset/raw_sentinel/pm5/pm5__20200506_20200523__0006	2020-05-10	697089.00000000,3723798.00000000,697857.00000000,3724566.00000000
train	002383	lower__20200511_160010_79_2263_3B_AnalyticMS_SR_8b_clip	pm5__20200506_20200523__0006	/scrfs/storage/yikebe/home/research/AR_Crop_Identification/make_dataset/raw_sentinel/pm5/pm5__20200506_20200523__0006	2020-05-10	698625.00000000,3723798.00000000,699393.00000000,3724566.00000000
train	002399	lower__20200511_160010_79_2263_3B_AnalyticMS_SR_8b_clip	pm5__20200506_20200523__0006	/scrfs/storage/yikebe/home/research/AR_Crop_Identification/make_dataset/raw_sentinel/pm5/pm5__20200506_20200523__0006	2020-05-10	701697.00000000,3723798.00000000,702465.00000000,3724566.00000000
train	002415	lower__20200511_160010_79_2263_3B_AnalyticMS_SR_8b_clip	pm5__20200506_20200523__0006	/scrfs/storage/yikebe/home/research/AR_Crop_Identification/make_dataset/raw_sentinel/pm5/pm5__20200506_20200523__0006	2020-05-10	697857.00000000,3723030.00000000,698625.00000000,3723798.00000000
train	002431	lower__20200511_160010_79_2263_3B_AnalyticMS_SR_8b_clip	pm5__20200506_20200523__0006	/scrfs/storage/yikebe/home/research/AR_Crop_Identification/make_dataset/raw_sentinel/pm5/pm5__20200506_20200523__0006	2020-05-10	698625.00000000,3723030.00000000,699393.00000000,3723798.00000000
train	002447	lower__20200511_160010_79_2263_3B_AnalyticMS_SR_8b_clip	pm5__20200506_20200523__0006	/scrfs/storage/yikebe/home/research/AR_Crop_Identification/make_dataset/raw_sentinel/pm5/pm5__20200506_20200523__0006	2020-05-10	701697.00000000,3723030.00000000,702465.00000000,3723798.00000000
train	002463	lower__20200511_160010_79_2263_3B_AnalyticMS_SR_8b_clip	pm5__20200506_20200523__0006	/scrfs/storage/yikebe/home/research/AR_Crop_Identification/make_dataset/raw_sentinel/pm5/pm5__20200506_20200523__0006	2020-05-10	701697.00000000,3722262.00000000,702465.00000000,3723030.00000000
train	002479	lower__20200718_160615_49_2259_3B_AnalyticMS_SR_8b_clip	pm5__20200705_20200723__0010	/scrfs/storage/yikebe/home/research/AR_Crop_Identification/make_dataset/raw_sentinel/pm5/pm5__20200705_20200723__0010	2020-07-17	626040.00000000,3772329.00000000,626808.00000000,3773097.00000000
train	002495	lower__20200718_160615_49_2259_3B_AnalyticMS_SR_8b_clip	pm5__20200705_20200723__0010	/scrfs/storage/yikebe/home/research/AR_Crop_Identification/make_dataset/raw_sentinel/pm5/pm5__20200705_20200723__0010	2020-07-17	626040.00000000,3771561.00000000,626808.00000000,3772329.00000000
train	002511	lower__20200718_160615_49_2259_3B_AnalyticMS_SR_8b_clip	pm5__20200705_20200723__0010	/scrfs/storage/yikebe/home/research/AR_Crop_Identification/make_dataset/raw_sentinel/pm5/pm5__20200705_20200723__0010	2020-07-17	626040.00000000,3770793.00000000,626808.00000000,3771561.00000000
train	002527	lower__20200910_155443_64_2206_3B_AnalyticMS_SR_8b_clip	pm5__20200905_20200924__0032	/scrfs/storage/yikebe/home/research/AR_Crop_Identification/make_dataset/raw_sentinel/pm5/pm5__20200905_20200924__0032	2020-09-07	761709.00000000,3758823.00000000,762477.00000000,3759591.00000000
train	002543	lower__20200910_155443_64_2206_3B_AnalyticMS_SR_8b_clip	pm5__20200905_20200924__0032	/scrfs/storage/yikebe/home/research/AR_Crop_Identification/make_dataset/raw_sentinel/pm5/pm5__20200905_20200924__0032	2020-09-07	758637.00000000,3755751.00000000,759405.00000000,3756519.00000000
train	002559	lower__20200910_155443_64_2206_3B_AnalyticMS_SR_8b_clip	pm5__20200905_20200924__0032	/scrfs/storage/yikebe/home/research/AR_Crop_Identification/make_dataset/raw_sentinel/pm5/pm5__20200905_20200924__0032	2020-09-07	757869.00000000,3754983.00000000,758637.00000000,3755751.00000000
train	002575	lower__20200910_155443_64_2206_3B_AnalyticMS_SR_8b_clip	pm5__20200905_20200924__0032	/scrfs/storage/yikebe/home/research/AR_Crop_Identification/make_dataset/raw_sentinel/pm5/pm5__20200905_20200924__0032	2020-09-07	758637.00000000,3754983.00000000,759405.00000000,3755751.00000000
train	002591	lower__20200910_155443_64_2206_3B_AnalyticMS_SR_8b_clip	pm5__20200905_20200924__0032	/scrfs/storage/yikebe/home/research/AR_Crop_Identification/make_dataset/raw_sentinel/pm5/pm5__20200905_20200924__0032	2020-09-07	759405.00000000,3754983.00000000,760173.00000000,3755751.00000000
train	002607	lower__20200910_155443_64_2206_3B_AnalyticMS_SR_8b_clip	pm5__20200905_20200924__0032	/scrfs/storage/yikebe/home/research/AR_Crop_Identification/make_dataset/raw_sentinel/pm5/pm5__20200905_20200924__0032	2020-09-07	764781.00000000,3754983.00000000,765549.00000000,3755751.00000000
train	002623	lower__20200910_155443_64_2206_3B_AnalyticMS_SR_8b_clip	pm5__20200905_20200924__0032	/scrfs/storage/yikebe/home/research/AR_Crop_Identification/make_dataset/raw_sentinel/pm5/pm5__20200905_20200924__0032	2020-09-07	759405.00000000,3754215.00000000,760173.00000000,3754983.00000000
train	002639	lower__20200910_155443_64_2206_3B_AnalyticMS_SR_8b_clip	pm5__20200905_20200924__0032	/scrfs/storage/yikebe/home/research/AR_Crop_Identification/make_dataset/raw_sentinel/pm5/pm5__20200905_20200924__0032	2020-09-07	760173.00000000,3751911.00000000,760941.00000000,3752679.00000000
train	002655	lower__20200910_155443_64_2206_3B_AnalyticMS_SR_8b_clip	pm5__20200905_20200924__0032	/scrfs/storage/yikebe/home/research/AR_Crop_Identification/make_dataset/raw_sentinel/pm5/pm5__20200905_20200924__0032	2020-09-07	760173.00000000,3751143.00000000,760941.00000000,3751911.00000000
train	002671	lower__20200910_155443_64_2206_3B_AnalyticMS_SR_8b_clip	pm5__20200905_20200924__0032	/scrfs/storage/yikebe/home/research/AR_Crop_Identification/make_dataset/raw_sentinel/pm5/pm5__20200905_20200924__0032	2020-09-07	759405.00000000,3750375.00000000,760173.00000000,3751143.00000000
train	002687	lower__20200910_155443_64_2206_3B_AnalyticMS_SR_8b_clip	pm5__20200905_20200924__0032	/scrfs/storage/yikebe/home/research/AR_Crop_Identification/make_dataset/raw_sentinel/pm5/pm5__20200905_20200924__0032	2020-09-07	760173.00000000,3750375.00000000,760941.00000000,3751143.00000000
train	002703	lower__20200910_155443_64_2206_3B_AnalyticMS_SR_8b_clip	pm5__20200905_20200924__0032	/scrfs/storage/yikebe/home/research/AR_Crop_Identification/make_dataset/raw_sentinel/pm5/pm5__20200905_20200924__0032	2020-09-07	758637.00000000,3749607.00000000,759405.00000000,3750375.00000000
train	002719	lower__20200910_155906_87_220b_3B_AnalyticMS_SR_8b_clip	pm5__20200905_20200924__0025	/scrfs/storage/yikebe/home/research/AR_Crop_Identification/make_dataset/raw_sentinel/pm5/pm5__20200905_20200924__0025	2020-09-07	705111.00000000,3673950.00000000,705879.00000000,3674718.00000000
train	002735	lower__20200910_155906_87_220b_3B_AnalyticMS_SR_8b_clip	pm5__20200905_20200924__0025	/scrfs/storage/yikebe/home/research/AR_Crop_Identification/make_dataset/raw_sentinel/pm5/pm5__20200905_20200924__0025	2020-09-07	714327.00000000,3672414.00000000,715095.00000000,3673182.00000000
train	002751	lower__20200910_155906_87_220b_3B_AnalyticMS_SR_8b_clip	pm5__20200905_20200924__0025	/scrfs/storage/yikebe/home/research/AR_Crop_Identification/make_dataset/raw_sentinel/pm5/pm5__20200905_20200924__0025	2020-09-07	706647.00000000,3670878.00000000,707415.00000000,3671646.00000000
train	002767	lower__20200910_155906_87_220b_3B_AnalyticMS_SR_8b_clip	pm5__20200905_20200924__0025	/scrfs/storage/yikebe/home/research/AR_Crop_Identification/make_dataset/raw_sentinel/pm5/pm5__20200905_20200924__0025	2020-09-07	713559.00000000,3670878.00000000,714327.00000000,3671646.00000000
train	002783	lower__20200910_155906_87_220b_3B_AnalyticMS_SR_8b_clip	pm5__20200905_20200924__0025	/scrfs/storage/yikebe/home/research/AR_Crop_Identification/make_dataset/raw_sentinel/pm5/pm5__20200905_20200924__0025	2020-09-07	695895.00000000,3668574.00000000,696663.00000000,3669342.00000000
train	002799	lower__20200910_155906_87_220b_3B_AnalyticMS_SR_8b_clip	pm5__20200905_20200924__0025	/scrfs/storage/yikebe/home/research/AR_Crop_Identification/make_dataset/raw_sentinel/pm5/pm5__20200905_20200924__0025	2020-09-07	707415.00000000,3668574.00000000,708183.00000000,3669342.00000000
train	002815	lower__20200910_155906_87_220b_3B_AnalyticMS_SR_8b_clip	pm5__20200905_20200924__0025	/scrfs/storage/yikebe/home/research/AR_Crop_Identification/make_dataset/raw_sentinel/pm5/pm5__20200905_20200924__0025	2020-09-07	702039.00000000,3667806.00000000,702807.00000000,3668574.00000000
train	002831	lower__20200910_155906_87_220b_3B_AnalyticMS_SR_8b_clip	pm5__20200905_20200924__0025	/scrfs/storage/yikebe/home/research/AR_Crop_Identification/make_dataset/raw_sentinel/pm5/pm5__20200905_20200924__0025	2020-09-07	712791.00000000,3667806.00000000,713559.00000000,3668574.00000000
train	002847	lower__20200910_155906_87_220b_3B_AnalyticMS_SR_8b_clip	pm5__20200905_20200924__0025	/scrfs/storage/yikebe/home/research/AR_Crop_Identification/make_dataset/raw_sentinel/pm5/pm5__20200905_20200924__0025	2020-09-07	692055.00000000,3665502.00000000,692823.00000000,3666270.00000000
train	002863	lower__20200910_155906_87_220b_3B_AnalyticMS_SR_8b_clip	pm5__20200905_20200924__0025	/scrfs/storage/yikebe/home/research/AR_Crop_Identification/make_dataset/raw_sentinel/pm5/pm5__20200905_20200924__0025	2020-09-07	712791.00000000,3665502.00000000,713559.00000000,3666270.00000000
train	002879	lower__20200910_155906_87_220b_3B_AnalyticMS_SR_8b_clip	pm5__20200905_20200924__0025	/scrfs/storage/yikebe/home/research/AR_Crop_Identification/make_dataset/raw_sentinel/pm5/pm5__20200905_20200924__0025	2020-09-07	692055.00000000,3664734.00000000,692823.00000000,3665502.00000000
train	002895	lower__20200910_155906_87_220b_3B_AnalyticMS_SR_8b_clip	pm5__20200905_20200924__0025	/scrfs/storage/yikebe/home/research/AR_Crop_Identification/make_dataset/raw_sentinel/pm5/pm5__20200905_20200924__0025	2020-09-07	703575.00000000,3663966.00000000,704343.00000000,3664734.00000000
train	002911	lower__20200910_155906_87_220b_3B_AnalyticMS_SR_8b_clip	pm5__20200905_20200924__0025	/scrfs/storage/yikebe/home/research/AR_Crop_Identification/make_dataset/raw_sentinel/pm5/pm5__20200905_20200924__0025	2020-09-07	699735.00000000,3659358.00000000,700503.00000000,3660126.00000000
train	002927	lower__20200910_155906_87_220b_3B_AnalyticMS_SR_8b_clip	pm5__20200905_20200924__0025	/scrfs/storage/yikebe/home/research/AR_Crop_Identification/make_dataset/raw_sentinel/pm5/pm5__20200905_20200924__0025	2020-09-07	705111.00000000,3657822.00000000,705879.00000000,3658590.00000000
train	002943	lower__20200910_155906_87_220b_3B_AnalyticMS_SR_8b_clip	pm5__20200905_20200924__0025	/scrfs/storage/yikebe/home/research/AR_Crop_Identification/make_dataset/raw_sentinel/pm5/pm5__20200905_20200924__0025	2020-09-07	692055.00000000,3657054.00000000,692823.00000000,3657822.00000000
train	002959	lower__20200910_155906_87_220b_3B_AnalyticMS_SR_8b_clip	pm5__20200905_20200924__0025	/scrfs/storage/yikebe/home/research/AR_Crop_Identification/make_dataset/raw_sentinel/pm5/pm5__20200905_20200924__0025	2020-09-07	696663.00000000,3657054.00000000,697431.00000000,3657822.00000000
train	002975	lower__20200910_155906_87_220b_3B_AnalyticMS_SR_8b_clip	pm5__20200905_20200924__0025	/scrfs/storage/yikebe/home/research/AR_Crop_Identification/make_dataset/raw_sentinel/pm5/pm5__20200905_20200924__0025	2020-09-07	698967.00000000,3657054.00000000,699735.00000000,3657822.00000000
train	002991	lower__20200911_160142_78_2235_3B_AnalyticMS_SR_8b_clip	pm5__20200905_20200924__0026	/scrfs/storage/yikebe/home/research/AR_Crop_Identification/make_dataset/raw_sentinel/pm5/pm5__20200905_20200924__0026	2020-09-07	737868.00000000,3847755.00000000,738636.00000000,3848523.00000000
train	003007	lower__20200911_160142_78_2235_3B_AnalyticMS_SR_8b_clip	pm5__20200905_20200924__0026	/scrfs/storage/yikebe/home/research/AR_Crop_Identification/make_dataset/raw_sentinel/pm5/pm5__20200905_20200924__0026	2020-09-07	739404.00000000,3847755.00000000,740172.00000000,3848523.00000000
train	003023	lower__20200911_160142_78_2235_3B_AnalyticMS_SR_8b_clip	pm5__20200905_20200924__0026	/scrfs/storage/yikebe/home/research/AR_Crop_Identification/make_dataset/raw_sentinel/pm5/pm5__20200905_20200924__0026	2020-09-07	720204.00000000,3846219.00000000,720972.00000000,3846987.00000000
train	003039	lower__20200911_160142_78_2235_3B_AnalyticMS_SR_8b_clip	pm5__20200905_20200924__0026	/scrfs/storage/yikebe/home/research/AR_Crop_Identification/make_dataset/raw_sentinel/pm5/pm5__20200905_20200924__0026	2020-09-07	719436.00000000,3845451.00000000,720204.00000000,3846219.00000000
train	003055	lower__20200911_160142_78_2235_3B_AnalyticMS_SR_8b_clip	pm5__20200905_20200924__0026	/scrfs/storage/yikebe/home/research/AR_Crop_Identification/make_dataset/raw_sentinel/pm5/pm5__20200905_20200924__0026	2020-09-07	720204.00000000,3845451.00000000,720972.00000000,3846219.00000000
train	003071	lower__20200911_160142_78_2235_3B_AnalyticMS_SR_8b_clip	pm5__20200905_20200924__0026	/scrfs/storage/yikebe/home/research/AR_Crop_Identification/make_dataset/raw_sentinel/pm5/pm5__20200905_20200924__0026	2020-09-07	720972.00000000,3845451.00000000,721740.00000000,3846219.00000000
train	003087	lower__20200911_160142_78_2235_3B_AnalyticMS_SR_8b_clip	pm5__20200905_20200924__0026	/scrfs/storage/yikebe/home/research/AR_Crop_Identification/make_dataset/raw_sentinel/pm5/pm5__20200905_20200924__0026	2020-09-07	741708.00000000,3845451.00000000,742476.00000000,3846219.00000000
train	003103	lower__20200911_160142_78_2235_3B_AnalyticMS_SR_8b_clip	pm5__20200905_20200924__0026	/scrfs/storage/yikebe/home/research/AR_Crop_Identification/make_dataset/raw_sentinel/pm5/pm5__20200905_20200924__0026	2020-09-07	737100.00000000,3844683.00000000,737868.00000000,3845451.00000000
train	003119	lower__20200911_160142_78_2235_3B_AnalyticMS_SR_8b_clip	pm5__20200905_20200924__0026	/scrfs/storage/yikebe/home/research/AR_Crop_Identification/make_dataset/raw_sentinel/pm5/pm5__20200905_20200924__0026	2020-09-07	738636.00000000,3842379.00000000,739404.00000000,3843147.00000000
train	003135	lower__20200911_160142_78_2235_3B_AnalyticMS_SR_8b_clip	pm5__20200905_20200924__0026	/scrfs/storage/yikebe/home/research/AR_Crop_Identification/make_dataset/raw_sentinel/pm5/pm5__20200905_20200924__0026	2020-09-07	737100.00000000,3840075.00000000,737868.00000000,3840843.00000000
train	003151	lower__20200911_160142_78_2235_3B_AnalyticMS_SR_8b_clip	pm5__20200905_20200924__0026	/scrfs/storage/yikebe/home/research/AR_Crop_Identification/make_dataset/raw_sentinel/pm5/pm5__20200905_20200924__0026	2020-09-07	734028.00000000,3839307.00000000,734796.00000000,3840075.00000000
train	003167	lower__20200911_160142_78_2235_3B_AnalyticMS_SR_8b_clip	pm5__20200905_20200924__0026	/scrfs/storage/yikebe/home/research/AR_Crop_Identification/make_dataset/raw_sentinel/pm5/pm5__20200905_20200924__0026	2020-09-07	734796.00000000,3837003.00000000,735564.00000000,3837771.00000000
train	003183	lower__20200911_160142_78_2235_3B_AnalyticMS_SR_8b_clip	pm5__20200905_20200924__0026	/scrfs/storage/yikebe/home/research/AR_Crop_Identification/make_dataset/raw_sentinel/pm5/pm5__20200905_20200924__0026	2020-09-07	735564.00000000,3834699.00000000,736332.00000000,3835467.00000000
train	003199	lower__20200911_160142_78_2235_3B_AnalyticMS_SR_8b_clip	pm5__20200905_20200924__0026	/scrfs/storage/yikebe/home/research/AR_Crop_Identification/make_dataset/raw_sentinel/pm5/pm5__20200905_20200924__0026	2020-09-07	736332.00000000,3834699.00000000,737100.00000000,3835467.00000000
train	003215	lower__20200911_160142_78_2235_3B_AnalyticMS_SR_8b_clip	pm5__20200905_20200924__0026	/scrfs/storage/yikebe/home/research/AR_Crop_Identification/make_dataset/raw_sentinel/pm5/pm5__20200905_20200924__0026	2020-09-07	735564.00000000,3833931.00000000,736332.00000000,3834699.00000000
train	003231	lower__20200911_160142_78_2235_3B_AnalyticMS_SR_8b_clip	pm5__20200905_20200924__0026	/scrfs/storage/yikebe/home/research/AR_Crop_Identification/make_dataset/raw_sentinel/pm5/pm5__20200905_20200924__0026	2020-09-07	736332.00000000,3833931.00000000,737100.00000000,3834699.00000000
train	003247	lower__20200911_160738_12_2277_3B_AnalyticMS_SR_8b_clip	pm5__20200905_20200924__0034	/scrfs/storage/yikebe/home/research/AR_Crop_Identification/make_dataset/raw_sentinel/pm5/pm5__20200905_20200924__0034	2020-09-07	602280.00000000,3742395.00000000,603048.00000000,3743163.00000000
train	003263	lower__20200911_160738_12_2277_3B_AnalyticMS_SR_8b_clip	pm5__20200905_20200924__0034	/scrfs/storage/yikebe/home/research/AR_Crop_Identification/make_dataset/raw_sentinel/pm5/pm5__20200905_20200924__0034	2020-09-07	601512.00000000,3741627.00000000,602280.00000000,3742395.00000000
train	003279	lower__20200911_160738_12_2277_3B_AnalyticMS_SR_8b_clip	pm5__20200905_20200924__0034	/scrfs/storage/yikebe/home/research/AR_Crop_Identification/make_dataset/raw_sentinel/pm5/pm5__20200905_20200924__0034	2020-09-07	602280.00000000,3741627.00000000,603048.00000000,3742395.00000000
train	003295	lower__20200911_160738_12_2277_3B_AnalyticMS_SR_8b_clip	pm5__20200905_20200924__0034	/scrfs/storage/yikebe/home/research/AR_Crop_Identification/make_dataset/raw_sentinel/pm5/pm5__20200905_20200924__0034	2020-09-07	603048.00000000,3741627.00000000,603816.00000000,3742395.00000000
train	003311	lower__20200911_160738_12_2277_3B_AnalyticMS_SR_8b_clip	pm5__20200905_20200924__0034	/scrfs/storage/yikebe/home/research/AR_Crop_Identification/make_dataset/raw_sentinel/pm5/pm5__20200905_20200924__0034	2020-09-07	601512.00000000,3740859.00000000,602280.00000000,3741627.00000000
train	003327	lower__20200911_160738_12_2277_3B_AnalyticMS_SR_8b_clip	pm5__20200905_20200924__0034	/scrfs/storage/yikebe/home/research/AR_Crop_Identification/make_dataset/raw_sentinel/pm5/pm5__20200905_20200924__0034	2020-09-07	602280.00000000,3740859.00000000,603048.00000000,3741627.00000000
train	003343	lower__20200911_160738_12_2277_3B_AnalyticMS_SR_8b_clip	pm5__20200905_20200924__0034	/scrfs/storage/yikebe/home/research/AR_Crop_Identification/make_dataset/raw_sentinel/pm5/pm5__20200905_20200924__0034	2020-09-07	603048.00000000,3740859.00000000,603816.00000000,3741627.00000000
train	003359	lower__20200911_160738_12_2277_3B_AnalyticMS_SR_8b_clip	pm5__20200905_20200924__0034	/scrfs/storage/yikebe/home/research/AR_Crop_Identification/make_dataset/raw_sentinel/pm5/pm5__20200905_20200924__0034	2020-09-07	600744.00000000,3740091.00000000,601512.00000000,3740859.00000000
train	003375	lower__20200911_160738_12_2277_3B_AnalyticMS_SR_8b_clip	pm5__20200905_20200924__0034	/scrfs/storage/yikebe/home/research/AR_Crop_Identification/make_dataset/raw_sentinel/pm5/pm5__20200905_20200924__0034	2020-09-07	603048.00000000,3740091.00000000,603816.00000000,3740859.00000000
train	003391	lower__20200911_160738_12_2277_3B_AnalyticMS_SR_8b_clip	pm5__20200905_20200924__0034	/scrfs/storage/yikebe/home/research/AR_Crop_Identification/make_dataset/raw_sentinel/pm5/pm5__20200905_20200924__0034	2020-09-07	601512.00000000,3739323.00000000,602280.00000000,3740091.00000000
train	003407	lower__20200911_160738_12_2277_3B_AnalyticMS_SR_8b_clip	pm5__20200905_20200924__0034	/scrfs/storage/yikebe/home/research/AR_Crop_Identification/make_dataset/raw_sentinel/pm5/pm5__20200905_20200924__0034	2020-09-07	602280.00000000,3739323.00000000,603048.00000000,3740091.00000000
train	003423	lower__20200911_160738_12_2277_3B_AnalyticMS_SR_8b_clip	pm5__20200905_20200924__0034	/scrfs/storage/yikebe/home/research/AR_Crop_Identification/make_dataset/raw_sentinel/pm5/pm5__20200905_20200924__0034	2020-09-07	603048.00000000,3739323.00000000,603816.00000000,3740091.00000000
train	003439	lower__20200911_160738_12_2277_3B_AnalyticMS_SR_8b_clip	pm5__20200905_20200924__0034	/scrfs/storage/yikebe/home/research/AR_Crop_Identification/make_dataset/raw_sentinel/pm5/pm5__20200905_20200924__0034	2020-09-07	600744.00000000,3738555.00000000,601512.00000000,3739323.00000000
train	003455	lower__20200911_160738_12_2277_3B_AnalyticMS_SR_8b_clip	pm5__20200905_20200924__0034	/scrfs/storage/yikebe/home/research/AR_Crop_Identification/make_dataset/raw_sentinel/pm5/pm5__20200905_20200924__0034	2020-09-07	601512.00000000,3738555.00000000,602280.00000000,3739323.00000000
train	003471	lower__20200911_160738_12_2277_3B_AnalyticMS_SR_8b_clip	pm5__20200905_20200924__0034	/scrfs/storage/yikebe/home/research/AR_Crop_Identification/make_dataset/raw_sentinel/pm5/pm5__20200905_20200924__0034	2020-09-07	602280.00000000,3738555.00000000,603048.00000000,3739323.00000000
train	003487	lower__20200911_160738_12_2277_3B_AnalyticMS_SR_8b_clip	pm5__20200905_20200924__0034	/scrfs/storage/yikebe/home/research/AR_Crop_Identification/make_dataset/raw_sentinel/pm5/pm5__20200905_20200924__0034	2020-09-07	603048.00000000,3738555.00000000,603816.00000000,3739323.00000000
train	003503	lower__20200911_160738_12_2277_3B_AnalyticMS_SR_8b_clip	pm5__20200905_20200924__0034	/scrfs/storage/yikebe/home/research/AR_Crop_Identification/make_dataset/raw_sentinel/pm5/pm5__20200905_20200924__0034	2020-09-07	600744.00000000,3737787.00000000,601512.00000000,3738555.00000000
train	003519	lower__20200911_160738_12_2277_3B_AnalyticMS_SR_8b_clip	pm5__20200905_20200924__0034	/scrfs/storage/yikebe/home/research/AR_Crop_Identification/make_dataset/raw_sentinel/pm5/pm5__20200905_20200924__0034	2020-09-07	601512.00000000,3737787.00000000,602280.00000000,3738555.00000000
train	003535	lower__20200911_160738_12_2277_3B_AnalyticMS_SR_8b_clip	pm5__20200905_20200924__0034	/scrfs/storage/yikebe/home/research/AR_Crop_Identification/make_dataset/raw_sentinel/pm5/pm5__20200905_20200924__0034	2020-09-07	602280.00000000,3737787.00000000,603048.00000000,3738555.00000000
train	003551	lower__20200911_160738_12_2277_3B_AnalyticMS_SR_8b_clip	pm5__20200905_20200924__0034	/scrfs/storage/yikebe/home/research/AR_Crop_Identification/make_dataset/raw_sentinel/pm5/pm5__20200905_20200924__0034	2020-09-07	601512.00000000,3735483.00000000,602280.00000000,3736251.00000000
train	003567	lower__20200911_160738_12_2277_3B_AnalyticMS_SR_8b_clip	pm5__20200905_20200924__0034	/scrfs/storage/yikebe/home/research/AR_Crop_Identification/make_dataset/raw_sentinel/pm5/pm5__20200905_20200924__0034	2020-09-07	602280.00000000,3735483.00000000,603048.00000000,3736251.00000000
train	003583	lower__20200911_160738_12_2277_3B_AnalyticMS_SR_8b_clip	pm5__20200905_20200924__0034	/scrfs/storage/yikebe/home/research/AR_Crop_Identification/make_dataset/raw_sentinel/pm5/pm5__20200905_20200924__0034	2020-09-07	603048.00000000,3735483.00000000,603816.00000000,3736251.00000000
train	003599	lower__20200911_160738_12_2277_3B_AnalyticMS_SR_8b_clip	pm5__20200905_20200924__0034	/scrfs/storage/yikebe/home/research/AR_Crop_Identification/make_dataset/raw_sentinel/pm5/pm5__20200905_20200924__0034	2020-09-07	600744.00000000,3734715.00000000,601512.00000000,3735483.00000000
train	003615	lower__20200911_160738_12_2277_3B_AnalyticMS_SR_8b_clip	pm5__20200905_20200924__0034	/scrfs/storage/yikebe/home/research/AR_Crop_Identification/make_dataset/raw_sentinel/pm5/pm5__20200905_20200924__0034	2020-09-07	601512.00000000,3734715.00000000,602280.00000000,3735483.00000000
train	003631	lower__20200911_160738_12_2277_3B_AnalyticMS_SR_8b_clip	pm5__20200905_20200924__0034	/scrfs/storage/yikebe/home/research/AR_Crop_Identification/make_dataset/raw_sentinel/pm5/pm5__20200905_20200924__0034	2020-09-07	602280.00000000,3734715.00000000,603048.00000000,3735483.00000000
train	003647	lower__20200911_160738_12_2277_3B_AnalyticMS_SR_8b_clip	pm5__20200905_20200924__0034	/scrfs/storage/yikebe/home/research/AR_Crop_Identification/make_dataset/raw_sentinel/pm5/pm5__20200905_20200924__0034	2020-09-07	603048.00000000,3734715.00000000,603816.00000000,3735483.00000000
train	003663	lower__20200911_160738_12_2277_3B_AnalyticMS_SR_8b_clip	pm5__20200905_20200924__0034	/scrfs/storage/yikebe/home/research/AR_Crop_Identification/make_dataset/raw_sentinel/pm5/pm5__20200905_20200924__0034	2020-09-07	599208.00000000,3733947.00000000,599976.00000000,3734715.00000000
train	003679	lower__20200911_160738_12_2277_3B_AnalyticMS_SR_8b_clip	pm5__20200905_20200924__0034	/scrfs/storage/yikebe/home/research/AR_Crop_Identification/make_dataset/raw_sentinel/pm5/pm5__20200905_20200924__0034	2020-09-07	599976.00000000,3733947.00000000,600744.00000000,3734715.00000000
train	003695	lower__20200911_160738_12_2277_3B_AnalyticMS_SR_8b_clip	pm5__20200905_20200924__0034	/scrfs/storage/yikebe/home/research/AR_Crop_Identification/make_dataset/raw_sentinel/pm5/pm5__20200905_20200924__0034	2020-09-07	600744.00000000,3733947.00000000,601512.00000000,3734715.00000000
train	003711	lower__20200911_160738_12_2277_3B_AnalyticMS_SR_8b_clip	pm5__20200905_20200924__0034	/scrfs/storage/yikebe/home/research/AR_Crop_Identification/make_dataset/raw_sentinel/pm5/pm5__20200905_20200924__0034	2020-09-07	599208.00000000,3733179.00000000,599976.00000000,3733947.00000000
train	003727	lower__20200911_160738_12_2277_3B_AnalyticMS_SR_8b_clip	pm5__20200905_20200924__0034	/scrfs/storage/yikebe/home/research/AR_Crop_Identification/make_dataset/raw_sentinel/pm5/pm5__20200905_20200924__0034	2020-09-07	599976.00000000,3733179.00000000,600744.00000000,3733947.00000000
train	003743	lower__20200911_160738_12_2277_3B_AnalyticMS_SR_8b_clip	pm5__20200905_20200924__0034	/scrfs/storage/yikebe/home/research/AR_Crop_Identification/make_dataset/raw_sentinel/pm5/pm5__20200905_20200924__0034	2020-09-07	599208.00000000,3732411.00000000,599976.00000000,3733179.00000000
train	003759	lower__20200911_160738_12_2277_3B_AnalyticMS_SR_8b_clip	pm5__20200905_20200924__0034	/scrfs/storage/yikebe/home/research/AR_Crop_Identification/make_dataset/raw_sentinel/pm5/pm5__20200905_20200924__0034	2020-09-07	606888.00000000,3729339.00000000,607656.00000000,3730107.00000000
train	003775	lower__20201112_165354_21_2274_3B_AnalyticMS_SR_8b_clip	pm5__20201105_20201124__0115	/scrfs/storage/yikebe/home/research/AR_Crop_Identification/make_dataset/raw_sentinel/pm5/pm5__20201105_20201124__0115	2020-11-11	715269.00000000,3728937.00000000,716037.00000000,3729705.00000000
train	003791	lower__20201112_165354_21_2274_3B_AnalyticMS_SR_8b_clip	pm5__20201105_20201124__0115	/scrfs/storage/yikebe/home/research/AR_Crop_Identification/make_dataset/raw_sentinel/pm5/pm5__20201105_20201124__0115	2020-11-11	706821.00000000,3726633.00000000,707589.00000000,3727401.00000000
train	003807	lower__20201112_165354_21_2274_3B_AnalyticMS_SR_8b_clip	pm5__20201105_20201124__0115	/scrfs/storage/yikebe/home/research/AR_Crop_Identification/make_dataset/raw_sentinel/pm5/pm5__20201105_20201124__0115	2020-11-11	701445.00000000,3725865.00000000,702213.00000000,3726633.00000000
train	003823	lower__20201112_165354_21_2274_3B_AnalyticMS_SR_8b_clip	pm5__20201105_20201124__0115	/scrfs/storage/yikebe/home/research/AR_Crop_Identification/make_dataset/raw_sentinel/pm5/pm5__20201105_20201124__0115	2020-11-11	714501.00000000,3725865.00000000,715269.00000000,3726633.00000000
train	003839	lower__20201112_165354_21_2274_3B_AnalyticMS_SR_8b_clip	pm5__20201105_20201124__0115	/scrfs/storage/yikebe/home/research/AR_Crop_Identification/make_dataset/raw_sentinel/pm5/pm5__20201105_20201124__0115	2020-11-11	717573.00000000,3725865.00000000,718341.00000000,3726633.00000000
train	003855	lower__20201112_165354_21_2274_3B_AnalyticMS_SR_8b_clip	pm5__20201105_20201124__0115	/scrfs/storage/yikebe/home/research/AR_Crop_Identification/make_dataset/raw_sentinel/pm5/pm5__20201105_20201124__0115	2020-11-11	696837.00000000,3725097.00000000,697605.00000000,3725865.00000000
train	003871	lower__20201112_165354_21_2274_3B_AnalyticMS_SR_8b_clip	pm5__20201105_20201124__0115	/scrfs/storage/yikebe/home/research/AR_Crop_Identification/make_dataset/raw_sentinel/pm5/pm5__20201105_20201124__0115	2020-11-11	700677.00000000,3725097.00000000,701445.00000000,3725865.00000000
train	003887	lower__20201112_165354_21_2274_3B_AnalyticMS_SR_8b_clip	pm5__20201105_20201124__0115	/scrfs/storage/yikebe/home/research/AR_Crop_Identification/make_dataset/raw_sentinel/pm5/pm5__20201105_20201124__0115	2020-11-11	702981.00000000,3725097.00000000,703749.00000000,3725865.00000000
train	003903	lower__20201112_165354_21_2274_3B_AnalyticMS_SR_8b_clip	pm5__20201105_20201124__0115	/scrfs/storage/yikebe/home/research/AR_Crop_Identification/make_dataset/raw_sentinel/pm5/pm5__20201105_20201124__0115	2020-11-11	691461.00000000,3724329.00000000,692229.00000000,3725097.00000000
train	003919	lower__20201112_165354_21_2274_3B_AnalyticMS_SR_8b_clip	pm5__20201105_20201124__0115	/scrfs/storage/yikebe/home/research/AR_Crop_Identification/make_dataset/raw_sentinel/pm5/pm5__20201105_20201124__0115	2020-11-11	702981.00000000,3724329.00000000,703749.00000000,3725097.00000000
train	003935	lower__20201112_165354_21_2274_3B_AnalyticMS_SR_8b_clip	pm5__20201105_20201124__0115	/scrfs/storage/yikebe/home/research/AR_Crop_Identification/make_dataset/raw_sentinel/pm5/pm5__20201105_20201124__0115	2020-11-11	698373.00000000,3723561.00000000,699141.00000000,3724329.00000000
train	003951	lower__20201112_165354_21_2274_3B_AnalyticMS_SR_8b_clip	pm5__20201105_20201124__0115	/scrfs/storage/yikebe/home/research/AR_Crop_Identification/make_dataset/raw_sentinel/pm5/pm5__20201105_20201124__0115	2020-11-11	702981.00000000,3723561.00000000,703749.00000000,3724329.00000000
train	003967	lower__20201112_165354_21_2274_3B_AnalyticMS_SR_8b_clip	pm5__20201105_20201124__0115	/scrfs/storage/yikebe/home/research/AR_Crop_Identification/make_dataset/raw_sentinel/pm5/pm5__20201105_20201124__0115	2020-11-11	725253.00000000,3722793.00000000,726021.00000000,3723561.00000000
train	003983	lower__20201112_165354_21_2274_3B_AnalyticMS_SR_8b_clip	pm5__20201105_20201124__0115	/scrfs/storage/yikebe/home/research/AR_Crop_Identification/make_dataset/raw_sentinel/pm5/pm5__20201105_20201124__0115	2020-11-11	726021.00000000,3722793.00000000,726789.00000000,3723561.00000000
train	003999	lower__20201112_165354_21_2274_3B_AnalyticMS_SR_8b_clip	pm5__20201105_20201124__0115	/scrfs/storage/yikebe/home/research/AR_Crop_Identification/make_dataset/raw_sentinel/pm5/pm5__20201105_20201124__0115	2020-11-11	699141.00000000,3722025.00000000,699909.00000000,3722793.00000000
train	004015	lower__20201112_165354_21_2274_3B_AnalyticMS_SR_8b_clip	pm5__20201105_20201124__0115	/scrfs/storage/yikebe/home/research/AR_Crop_Identification/make_dataset/raw_sentinel/pm5/pm5__20201105_20201124__0115	2020-11-11	699909.00000000,3722025.00000000,700677.00000000,3722793.00000000
train	004031	lower__20201112_165354_21_2274_3B_AnalyticMS_SR_8b_clip	pm5__20201105_20201124__0115	/scrfs/storage/yikebe/home/research/AR_Crop_Identification/make_dataset/raw_sentinel/pm5/pm5__20201105_20201124__0115	2020-11-11	695301.00000000,3721257.00000000,696069.00000000,3722025.00000000
train	004047	lower__20201112_165354_21_2274_3B_AnalyticMS_SR_8b_clip	pm5__20201105_20201124__0115	/scrfs/storage/yikebe/home/research/AR_Crop_Identification/make_dataset/raw_sentinel/pm5/pm5__20201105_20201124__0115	2020-11-11	699909.00000000,3721257.00000000,700677.00000000,3722025.00000000
train	004063	lower__20201112_165354_21_2274_3B_AnalyticMS_SR_8b_clip	pm5__20201105_20201124__0115	/scrfs/storage/yikebe/home/research/AR_Crop_Identification/make_dataset/raw_sentinel/pm5/pm5__20201105_20201124__0115	2020-11-11	725253.00000000,3721257.00000000,726021.00000000,3722025.00000000
train	004079	lower__20201112_165354_21_2274_3B_AnalyticMS_SR_8b_clip	pm5__20201105_20201124__0115	/scrfs/storage/yikebe/home/research/AR_Crop_Identification/make_dataset/raw_sentinel/pm5/pm5__20201105_20201124__0115	2020-11-11	695301.00000000,3720489.00000000,696069.00000000,3721257.00000000
train	004095	lower__20201112_165354_21_2274_3B_AnalyticMS_SR_8b_clip	pm5__20201105_20201124__0115	/scrfs/storage/yikebe/home/research/AR_Crop_Identification/make_dataset/raw_sentinel/pm5/pm5__20201105_20201124__0115	2020-11-11	696837.00000000,3720489.00000000,697605.00000000,3721257.00000000
train	004111	lower__20201112_165354_21_2274_3B_AnalyticMS_SR_8b_clip	pm5__20201105_20201124__0115	/scrfs/storage/yikebe/home/research/AR_Crop_Identification/make_dataset/raw_sentinel/pm5/pm5__20201105_20201124__0115	2020-11-11	700677.00000000,3719721.00000000,701445.00000000,3720489.00000000
train	004127	lower__20201112_165354_21_2274_3B_AnalyticMS_SR_8b_clip	pm5__20201105_20201124__0115	/scrfs/storage/yikebe/home/research/AR_Crop_Identification/make_dataset/raw_sentinel/pm5/pm5__20201105_20201124__0115	2020-11-11	701445.00000000,3719721.00000000,702213.00000000,3720489.00000000
train	004143	lower__20201112_165354_21_2274_3B_AnalyticMS_SR_8b_clip	pm5__20201105_20201124__0115	/scrfs/storage/yikebe/home/research/AR_Crop_Identification/make_dataset/raw_sentinel/pm5/pm5__20201105_20201124__0115	2020-11-11	692997.00000000,3718953.00000000,693765.00000000,3719721.00000000
train	004159	lower__20201112_165354_21_2274_3B_AnalyticMS_SR_8b_clip	pm5__20201105_20201124__0115	/scrfs/storage/yikebe/home/research/AR_Crop_Identification/make_dataset/raw_sentinel/pm5/pm5__20201105_20201124__0115	2020-11-11	701445.00000000,3718953.00000000,702213.00000000,3719721.00000000
train	004175	lower__20201112_165354_21_2274_3B_AnalyticMS_SR_8b_clip	pm5__20201105_20201124__0115	/scrfs/storage/yikebe/home/research/AR_Crop_Identification/make_dataset/raw_sentinel/pm5/pm5__20201105_20201124__0115	2020-11-11	689925.00000000,3718185.00000000,690693.00000000,3718953.00000000
train	004191	lower__20201112_165354_21_2274_3B_AnalyticMS_SR_8b_clip	pm5__20201105_20201124__0115	/scrfs/storage/yikebe/home/research/AR_Crop_Identification/make_dataset/raw_sentinel/pm5/pm5__20201105_20201124__0115	2020-11-11	692997.00000000,3718185.00000000,693765.00000000,3718953.00000000
train	004207	lower__20201112_165354_21_2274_3B_AnalyticMS_SR_8b_clip	pm5__20201105_20201124__0115	/scrfs/storage/yikebe/home/research/AR_Crop_Identification/make_dataset/raw_sentinel/pm5/pm5__20201105_20201124__0115	2020-11-11	700677.00000000,3718185.00000000,701445.00000000,3718953.00000000
train	004223	lower__20201112_165354_21_2274_3B_AnalyticMS_SR_8b_clip	pm5__20201105_20201124__0115	/scrfs/storage/yikebe/home/research/AR_Crop_Identification/make_dataset/raw_sentinel/pm5/pm5__20201105_20201124__0115	2020-11-11	702213.00000000,3718185.00000000,702981.00000000,3718953.00000000
train	004239	lower__20201112_165354_21_2274_3B_AnalyticMS_SR_8b_clip	pm5__20201105_20201124__0115	/scrfs/storage/yikebe/home/research/AR_Crop_Identification/make_dataset/raw_sentinel/pm5/pm5__20201105_20201124__0115	2020-11-11	689925.00000000,3717417.00000000,690693.00000000,3718185.00000000
train	004255	lower__20201112_165354_21_2274_3B_AnalyticMS_SR_8b_clip	pm5__20201105_20201124__0115	/scrfs/storage/yikebe/home/research/AR_Crop_Identification/make_dataset/raw_sentinel/pm5/pm5__20201105_20201124__0115	2020-11-11	689157.00000000,3716649.00000000,689925.00000000,3717417.00000000
train	004271	lower__20201112_165354_21_2274_3B_AnalyticMS_SR_8b_clip	pm5__20201105_20201124__0115	/scrfs/storage/yikebe/home/research/AR_Crop_Identification/make_dataset/raw_sentinel/pm5/pm5__20201105_20201124__0115	2020-11-11	689925.00000000,3716649.00000000,690693.00000000,3717417.00000000
train	004287	lower__20201112_165354_21_2274_3B_AnalyticMS_SR_8b_clip	pm5__20201105_20201124__0115	/scrfs/storage/yikebe/home/research/AR_Crop_Identification/make_dataset/raw_sentinel/pm5/pm5__20201105_20201124__0115	2020-11-11	701445.00000000,3716649.00000000,702213.00000000,3717417.00000000
train	004303	lower__20201112_165354_21_2274_3B_AnalyticMS_SR_8b_clip	pm5__20201105_20201124__0115	/scrfs/storage/yikebe/home/research/AR_Crop_Identification/make_dataset/raw_sentinel/pm5/pm5__20201105_20201124__0115	2020-11-11	707589.00000000,3715113.00000000,708357.00000000,3715881.00000000
train	004319	lower__20201112_165354_21_2274_3B_AnalyticMS_SR_8b_clip	pm5__20201105_20201124__0115	/scrfs/storage/yikebe/home/research/AR_Crop_Identification/make_dataset/raw_sentinel/pm5/pm5__20201105_20201124__0115	2020-11-11	689157.00000000,3714345.00000000,689925.00000000,3715113.00000000
train	004335	lower__20201112_165354_21_2274_3B_AnalyticMS_SR_8b_clip	pm5__20201105_20201124__0115	/scrfs/storage/yikebe/home/research/AR_Crop_Identification/make_dataset/raw_sentinel/pm5/pm5__20201105_20201124__0115	2020-11-11	689157.00000000,3713577.00000000,689925.00000000,3714345.00000000
train	004351	lower__20201112_165354_21_2274_3B_AnalyticMS_SR_8b_clip	pm5__20201105_20201124__0115	/scrfs/storage/yikebe/home/research/AR_Crop_Identification/make_dataset/raw_sentinel/pm5/pm5__20201105_20201124__0115	2020-11-11	697605.00000000,3711273.00000000,698373.00000000,3712041.00000000
train	004367	lower__20201112_165354_21_2274_3B_AnalyticMS_SR_8b_clip	pm5__20201105_20201124__0115	/scrfs/storage/yikebe/home/research/AR_Crop_Identification/make_dataset/raw_sentinel/pm5/pm5__20201105_20201124__0115	2020-11-11	705285.00000000,3711273.00000000,706053.00000000,3712041.00000000
train	004383	lower__20201112_165354_21_2274_3B_AnalyticMS_SR_8b_clip	pm5__20201105_20201124__0115	/scrfs/storage/yikebe/home/research/AR_Crop_Identification/make_dataset/raw_sentinel/pm5/pm5__20201105_20201124__0115	2020-11-11	703749.00000000,3710505.00000000,704517.00000000,3711273.00000000
train	004399	lower__20201112_165354_21_2274_3B_AnalyticMS_SR_8b_clip	pm5__20201105_20201124__0115	/scrfs/storage/yikebe/home/research/AR_Crop_Identification/make_dataset/raw_sentinel/pm5/pm5__20201105_20201124__0115	2020-11-11	704517.00000000,3710505.00000000,705285.00000000,3711273.00000000
train	004415	lower__20201112_165354_21_2274_3B_AnalyticMS_SR_8b_clip	pm5__20201105_20201124__0115	/scrfs/storage/yikebe/home/research/AR_Crop_Identification/make_dataset/raw_sentinel/pm5/pm5__20201105_20201124__0115	2020-11-11	705285.00000000,3710505.00000000,706053.00000000,3711273.00000000
train	004431	lower__20201112_165354_21_2274_3B_AnalyticMS_SR_8b_clip	pm5__20201105_20201124__0115	/scrfs/storage/yikebe/home/research/AR_Crop_Identification/make_dataset/raw_sentinel/pm5/pm5__20201105_20201124__0115	2020-11-11	720645.00000000,3710505.00000000,721413.00000000,3711273.00000000
train	004447	lower__20201112_165354_21_2274_3B_AnalyticMS_SR_8b_clip	pm5__20201105_20201124__0115	/scrfs/storage/yikebe/home/research/AR_Crop_Identification/make_dataset/raw_sentinel/pm5/pm5__20201105_20201124__0115	2020-11-11	723717.00000000,3710505.00000000,724485.00000000,3711273.00000000
train	004463	lower__20201112_165354_21_2274_3B_AnalyticMS_SR_8b_clip	pm5__20201105_20201124__0115	/scrfs/storage/yikebe/home/research/AR_Crop_Identification/make_dataset/raw_sentinel/pm5/pm5__20201105_20201124__0115	2020-11-11	704517.00000000,3709737.00000000,705285.00000000,3710505.00000000
train	004479	lower__20201112_165530_95_2407_3B_AnalyticMS_SR_8b_clip	pm5__20201105_20201124__0083	/scrfs/storage/yikebe/home/research/AR_Crop_Identification/make_dataset/raw_sentinel/pm5/pm5__20201105_20201124__0083	2020-11-11	641289.00000000,3661977.00000000,642057.00000000,3662745.00000000
train	004495	lower__20201112_165530_95_2407_3B_AnalyticMS_SR_8b_clip	pm5__20201105_20201124__0083	/scrfs/storage/yikebe/home/research/AR_Crop_Identification/make_dataset/raw_sentinel/pm5/pm5__20201105_20201124__0083	2020-11-11	637449.00000000,3658905.00000000,638217.00000000,3659673.00000000
train	004511	lower__20201113_165014_78_2406_3B_AnalyticMS_SR_8b_clip	pm5__20201105_20201124__0103	/scrfs/storage/yikebe/home/research/AR_Crop_Identification/make_dataset/raw_sentinel/pm5/pm5__20201105_20201124__0103	2020-11-11	691455.00000000,3662364.00000000,692223.00000000,3663132.00000000
train	004527	lower__20201113_165014_78_2406_3B_AnalyticMS_SR_8b_clip	pm5__20201105_20201124__0103	/scrfs/storage/yikebe/home/research/AR_Crop_Identification/make_dataset/raw_sentinel/pm5/pm5__20201105_20201124__0103	2020-11-11	690687.00000000,3660828.00000000,691455.00000000,3661596.00000000
train	004543	lower__20201113_165014_78_2406_3B_AnalyticMS_SR_8b_clip	pm5__20201105_20201124__0103	/scrfs/storage/yikebe/home/research/AR_Crop_Identification/make_dataset/raw_sentinel/pm5/pm5__20201105_20201124__0103	2020-11-11	690687.00000000,3660060.00000000,691455.00000000,3660828.00000000
train	004559	lower__20201113_165014_78_2406_3B_AnalyticMS_SR_8b_clip	pm5__20201105_20201124__0103	/scrfs/storage/yikebe/home/research/AR_Crop_Identification/make_dataset/raw_sentinel/pm5/pm5__20201105_20201124__0103	2020-11-11	689151.00000000,3658524.00000000,689919.00000000,3659292.00000000
train	004575	lower__20201113_165014_78_2406_3B_AnalyticMS_SR_8b_clip	pm5__20201105_20201124__0103	/scrfs/storage/yikebe/home/research/AR_Crop_Identification/make_dataset/raw_sentinel/pm5/pm5__20201105_20201124__0103	2020-11-11	689151.00000000,3657756.00000000,689919.00000000,3658524.00000000
train	004591	lower__20201113_165014_78_2406_3B_AnalyticMS_SR_8b_clip	pm5__20201105_20201124__0103	/scrfs/storage/yikebe/home/research/AR_Crop_Identification/make_dataset/raw_sentinel/pm5/pm5__20201105_20201124__0103	2020-11-11	688383.00000000,3656988.00000000,689151.00000000,3657756.00000000
train	004607	lower__20201113_165014_78_2406_3B_AnalyticMS_SR_8b_clip	pm5__20201105_20201124__0103	/scrfs/storage/yikebe/home/research/AR_Crop_Identification/make_dataset/raw_sentinel/pm5/pm5__20201105_20201124__0103	2020-11-11	685311.00000000,3656220.00000000,686079.00000000,3656988.00000000
val	000015	lower__20201115_160959_06_2233_3B_AnalyticMS_SR_8b_clip	pm5__20201105_20201124__0056	/scrfs/storage/yikebe/home/research/AR_Crop_Identification/make_dataset/raw_sentinel/pm5/pm5__20201105_20201124__0056	2020-11-19	580239.00000000,3840081.00000000,581007.00000000,3840849.00000000
val	000031	lower__20201115_160959_06_2233_3B_AnalyticMS_SR_8b_clip	pm5__20201105_20201124__0056	/scrfs/storage/yikebe/home/research/AR_Crop_Identification/make_dataset/raw_sentinel/pm5/pm5__20201105_20201124__0056	2020-11-19	586383.00000000,3833169.00000000,587151.00000000,3833937.00000000
val	000047	lower__20201115_160959_06_2233_3B_AnalyticMS_SR_8b_clip	pm5__20201105_20201124__0056	/scrfs/storage/yikebe/home/research/AR_Crop_Identification/make_dataset/raw_sentinel/pm5/pm5__20201105_20201124__0056	2020-11-19	572559.00000000,3829329.00000000,573327.00000000,3830097.00000000
val	000063	lower__20201115_160959_06_2233_3B_AnalyticMS_SR_8b_clip	pm5__20201105_20201124__0056	/scrfs/storage/yikebe/home/research/AR_Crop_Identification/make_dataset/raw_sentinel/pm5/pm5__20201105_20201124__0056	2020-11-19	583311.00000000,3822417.00000000,584079.00000000,3823185.00000000
val	000079	lower__20201115_160959_06_2233_3B_AnalyticMS_SR_8b_clip	pm5__20201105_20201124__0056	/scrfs/storage/yikebe/home/research/AR_Crop_Identification/make_dataset/raw_sentinel/pm5/pm5__20201105_20201124__0056	2020-11-19	584079.00000000,3822417.00000000,584847.00000000,3823185.00000000
val	000095	lower__20201115_160959_06_2233_3B_AnalyticMS_SR_8b_clip	pm5__20201105_20201124__0056	/scrfs/storage/yikebe/home/research/AR_Crop_Identification/make_dataset/raw_sentinel/pm5/pm5__20201105_20201124__0056	2020-11-19	583311.00000000,3821649.00000000,584079.00000000,3822417.00000000
val	000111	lower__20201115_160959_06_2233_3B_AnalyticMS_SR_8b_clip	pm5__20201105_20201124__0056	/scrfs/storage/yikebe/home/research/AR_Crop_Identification/make_dataset/raw_sentinel/pm5/pm5__20201105_20201124__0056	2020-11-19	583311.00000000,3820881.00000000,584079.00000000,3821649.00000000
train	004623	lower__20201115_165242_16_241c_3B_AnalyticMS_SR_8b_clip	pm5__20201105_20201124__0133	/scrfs/storage/yikebe/home/research/AR_Crop_Identification/make_dataset/raw_sentinel/pm5/pm5__20201105_20201124__0133	2020-11-11	735324.00000000,3772827.00000000,736092.00000000,3773595.00000000
train	004639	lower__20201115_165242_16_241c_3B_AnalyticMS_SR_8b_clip	pm5__20201105_20201124__0133	/scrfs/storage/yikebe/home/research/AR_Crop_Identification/make_dataset/raw_sentinel/pm5/pm5__20201105_20201124__0133	2020-11-11	746844.00000000,3772059.00000000,747612.00000000,3772827.00000000
train	004655	lower__20201115_165242_16_241c_3B_AnalyticMS_SR_8b_clip	pm5__20201105_20201124__0133	/scrfs/storage/yikebe/home/research/AR_Crop_Identification/make_dataset/raw_sentinel/pm5/pm5__20201105_20201124__0133	2020-11-11	751452.00000000,3770523.00000000,752220.00000000,3771291.00000000
train	004671	lower__20201115_165242_16_241c_3B_AnalyticMS_SR_8b_clip	pm5__20201105_20201124__0133	/scrfs/storage/yikebe/home/research/AR_Crop_Identification/make_dataset/raw_sentinel/pm5/pm5__20201105_20201124__0133	2020-11-11	747612.00000000,3766683.00000000,748380.00000000,3767451.00000000
train	004687	lower__20201115_165242_16_241c_3B_AnalyticMS_SR_8b_clip	pm5__20201105_20201124__0133	/scrfs/storage/yikebe/home/research/AR_Crop_Identification/make_dataset/raw_sentinel/pm5/pm5__20201105_20201124__0133	2020-11-11	729948.00000000,3764379.00000000,730716.00000000,3765147.00000000
train	004703	lower__20201115_165242_16_241c_3B_AnalyticMS_SR_8b_clip	pm5__20201105_20201124__0133	/scrfs/storage/yikebe/home/research/AR_Crop_Identification/make_dataset/raw_sentinel/pm5/pm5__20201105_20201124__0133	2020-11-11	746844.00000000,3763611.00000000,747612.00000000,3764379.00000000
train	004719	lower__20201115_165242_16_241c_3B_AnalyticMS_SR_8b_clip	pm5__20201105_20201124__0133	/scrfs/storage/yikebe/home/research/AR_Crop_Identification/make_dataset/raw_sentinel/pm5/pm5__20201105_20201124__0133	2020-11-11	742236.00000000,3756699.00000000,743004.00000000,3757467.00000000
train	004735	lower__20201115_165242_16_241c_3B_AnalyticMS_SR_8b_clip	pm5__20201105_20201124__0133	/scrfs/storage/yikebe/home/research/AR_Crop_Identification/make_dataset/raw_sentinel/pm5/pm5__20201105_20201124__0133	2020-11-11	745308.00000000,3755163.00000000,746076.00000000,3755931.00000000
train	004751	lower__20201115_165242_16_241c_3B_AnalyticMS_SR_8b_clip	pm5__20201105_20201124__0133	/scrfs/storage/yikebe/home/research/AR_Crop_Identification/make_dataset/raw_sentinel/pm5/pm5__20201105_20201124__0133	2020-11-11	743004.00000000,3754395.00000000,743772.00000000,3755163.00000000
train	004767	lower__20201115_165458_58_2254_3B_AnalyticMS_SR_8b_clip	pm5__20201105_20201124__0095	/scrfs/storage/yikebe/home/research/AR_Crop_Identification/make_dataset/raw_sentinel/pm5/pm5__20201105_20201124__0095	2020-11-11	650595.00000000,3727416.00000000,651363.00000000,3728184.00000000
train	004783	lower__20201115_165458_58_2254_3B_AnalyticMS_SR_8b_clip	pm5__20201105_20201124__0095	/scrfs/storage/yikebe/home/research/AR_Crop_Identification/make_dataset/raw_sentinel/pm5/pm5__20201105_20201124__0095	2020-11-11	649827.00000000,3726648.00000000,650595.00000000,3727416.00000000
train	004799	lower__20201115_165458_58_2254_3B_AnalyticMS_SR_8b_clip	pm5__20201105_20201124__0095	/scrfs/storage/yikebe/home/research/AR_Crop_Identification/make_dataset/raw_sentinel/pm5/pm5__20201105_20201124__0095	2020-11-11	660579.00000000,3725880.00000000,661347.00000000,3726648.00000000
train	004815	lower__20201115_165458_58_2254_3B_AnalyticMS_SR_8b_clip	pm5__20201105_20201124__0095	/scrfs/storage/yikebe/home/research/AR_Crop_Identification/make_dataset/raw_sentinel/pm5/pm5__20201105_20201124__0095	2020-11-11	661347.00000000,3725112.00000000,662115.00000000,3725880.00000000
train	004831	lower__20201115_165458_58_2254_3B_AnalyticMS_SR_8b_clip	pm5__20201105_20201124__0095	/scrfs/storage/yikebe/home/research/AR_Crop_Identification/make_dataset/raw_sentinel/pm5/pm5__20201105_20201124__0095	2020-11-11	661347.00000000,3724344.00000000,662115.00000000,3725112.00000000
train	004847	lower__20201115_165458_58_2254_3B_AnalyticMS_SR_8b_clip	pm5__20201105_20201124__0095	/scrfs/storage/yikebe/home/research/AR_Crop_Identification/make_dataset/raw_sentinel/pm5/pm5__20201105_20201124__0095	2020-11-11	662115.00000000,3723576.00000000,662883.00000000,3724344.00000000
train	004863	lower__20201115_165458_58_2254_3B_AnalyticMS_SR_8b_clip	pm5__20201105_20201124__0095	/scrfs/storage/yikebe/home/research/AR_Crop_Identification/make_dataset/raw_sentinel/pm5/pm5__20201105_20201124__0095	2020-11-11	653667.00000000,3721272.00000000,654435.00000000,3722040.00000000
train	004879	lower__20201115_165458_58_2254_3B_AnalyticMS_SR_8b_clip	pm5__20201105_20201124__0095	/scrfs/storage/yikebe/home/research/AR_Crop_Identification/make_dataset/raw_sentinel/pm5/pm5__20201105_20201124__0095	2020-11-11	665187.00000000,3721272.00000000,665955.00000000,3722040.00000000
train	004895	lower__20201115_165458_58_2254_3B_AnalyticMS_SR_8b_clip	pm5__20201105_20201124__0095	/scrfs/storage/yikebe/home/research/AR_Crop_Identification/make_dataset/raw_sentinel/pm5/pm5__20201105_20201124__0095	2020-11-11	665955.00000000,3721272.00000000,666723.00000000,3722040.00000000
train	004911	lower__20201115_165458_58_2254_3B_AnalyticMS_SR_8b_clip	pm5__20201105_20201124__0095	/scrfs/storage/yikebe/home/research/AR_Crop_Identification/make_dataset/raw_sentinel/pm5/pm5__20201105_20201124__0095	2020-11-11	664419.00000000,3720504.00000000,665187.00000000,3721272.00000000
train	004927	lower__20201115_165458_58_2254_3B_AnalyticMS_SR_8b_clip	pm5__20201105_20201124__0095	/scrfs/storage/yikebe/home/research/AR_Crop_Identification/make_dataset/raw_sentinel/pm5/pm5__20201105_20201124__0095	2020-11-11	659811.00000000,3719736.00000000,660579.00000000,3720504.00000000
train	004943	lower__20201115_165458_58_2254_3B_AnalyticMS_SR_8b_clip	pm5__20201105_20201124__0095	/scrfs/storage/yikebe/home/research/AR_Crop_Identification/make_dataset/raw_sentinel/pm5/pm5__20201105_20201124__0095	2020-11-11	645219.00000000,3718968.00000000,645987.00000000,3719736.00000000
train	004959	lower__20201115_165458_58_2254_3B_AnalyticMS_SR_8b_clip	pm5__20201105_20201124__0095	/scrfs/storage/yikebe/home/research/AR_Crop_Identification/make_dataset/raw_sentinel/pm5/pm5__20201105_20201124__0095	2020-11-11	659811.00000000,3718968.00000000,660579.00000000,3719736.00000000
train	004975	lower__20201115_165458_58_2254_3B_AnalyticMS_SR_8b_clip	pm5__20201105_20201124__0095	/scrfs/storage/yikebe/home/research/AR_Crop_Identification/make_dataset/raw_sentinel/pm5/pm5__20201105_20201124__0095	2020-11-11	645219.00000000,3718200.00000000,645987.00000000,3718968.00000000
train	004991	lower__20201115_165458_58_2254_3B_AnalyticMS_SR_8b_clip	pm5__20201105_20201124__0095	/scrfs/storage/yikebe/home/research/AR_Crop_Identification/make_dataset/raw_sentinel/pm5/pm5__20201105_20201124__0095	2020-11-11	645987.00000000,3718200.00000000,646755.00000000,3718968.00000000
train	005007	lower__20201115_165458_58_2254_3B_AnalyticMS_SR_8b_clip	pm5__20201105_20201124__0095	/scrfs/storage/yikebe/home/research/AR_Crop_Identification/make_dataset/raw_sentinel/pm5/pm5__20201105_20201124__0095	2020-11-11	647523.00000000,3715128.00000000,648291.00000000,3715896.00000000
train	005023	lower__20201115_165458_58_2254_3B_AnalyticMS_SR_8b_clip	pm5__20201105_20201124__0095	/scrfs/storage/yikebe/home/research/AR_Crop_Identification/make_dataset/raw_sentinel/pm5/pm5__20201105_20201124__0095	2020-11-11	644451.00000000,3714360.00000000,645219.00000000,3715128.00000000
train	005039	lower__20201115_165458_58_2254_3B_AnalyticMS_SR_8b_clip	pm5__20201105_20201124__0095	/scrfs/storage/yikebe/home/research/AR_Crop_Identification/make_dataset/raw_sentinel/pm5/pm5__20201105_20201124__0095	2020-11-11	646755.00000000,3714360.00000000,647523.00000000,3715128.00000000
train	005055	lower__20201115_165458_58_2254_3B_AnalyticMS_SR_8b_clip	pm5__20201105_20201124__0095	/scrfs/storage/yikebe/home/research/AR_Crop_Identification/make_dataset/raw_sentinel/pm5/pm5__20201105_20201124__0095	2020-11-11	650595.00000000,3713592.00000000,651363.00000000,3714360.00000000
train	005071	lower__20201115_165458_58_2254_3B_AnalyticMS_SR_8b_clip	pm5__20201105_20201124__0095	/scrfs/storage/yikebe/home/research/AR_Crop_Identification/make_dataset/raw_sentinel/pm5/pm5__20201105_20201124__0095	2020-11-11	656739.00000000,3711288.00000000,657507.00000000,3712056.00000000
train	005087	lower__20201115_165458_58_2254_3B_AnalyticMS_SR_8b_clip	pm5__20201105_20201124__0095	/scrfs/storage/yikebe/home/research/AR_Crop_Identification/make_dataset/raw_sentinel/pm5/pm5__20201105_20201124__0095	2020-11-11	653667.00000000,3710520.00000000,654435.00000000,3711288.00000000
train	005103	lower__20201115_165458_58_2254_3B_AnalyticMS_SR_8b_clip	pm5__20201105_20201124__0095	/scrfs/storage/yikebe/home/research/AR_Crop_Identification/make_dataset/raw_sentinel/pm5/pm5__20201105_20201124__0095	2020-11-11	645987.00000000,3708216.00000000,646755.00000000,3708984.00000000
train	005119	lower__20201115_165458_58_2254_3B_AnalyticMS_SR_8b_clip	pm5__20201105_20201124__0095	/scrfs/storage/yikebe/home/research/AR_Crop_Identification/make_dataset/raw_sentinel/pm5/pm5__20201105_20201124__0095	2020-11-11	646755.00000000,3707448.00000000,647523.00000000,3708216.00000000
train	005135	lower__20201115_165458_58_2254_3B_AnalyticMS_SR_8b_clip	pm5__20201105_20201124__0095	/scrfs/storage/yikebe/home/research/AR_Crop_Identification/make_dataset/raw_sentinel/pm5/pm5__20201105_20201124__0095	2020-11-11	662115.00000000,3707448.00000000,662883.00000000,3708216.00000000
train	005151	lower__20201115_165458_58_2254_3B_AnalyticMS_SR_8b_clip	pm5__20201105_20201124__0095	/scrfs/storage/yikebe/home/research/AR_Crop_Identification/make_dataset/raw_sentinel/pm5/pm5__20201105_20201124__0095	2020-11-11	661347.00000000,3705912.00000000,662115.00000000,3706680.00000000
train	005167	lower__20201116_160028_41_2206_3B_AnalyticMS_SR_8b_clip	pm5__20201105_20201124__0112	/scrfs/storage/yikebe/home/research/AR_Crop_Identification/make_dataset/raw_sentinel/pm5/pm5__20201105_20201124__0112	2020-11-19	689703.00000000,3847053.00000000,690471.00000000,3847821.00000000
train	005183	lower__20201116_160057_16_2206_3B_AnalyticMS_SR_8b_clip	pm5__20201105_20201124__0095	/scrfs/storage/yikebe/home/research/AR_Crop_Identification/make_dataset/raw_sentinel/pm5/pm5__20201105_20201124__0095	2020-11-11	662205.00000000,3659049.00000000,662973.00000000,3659817.00000000
train	005199	lower__20201116_160057_16_2206_3B_AnalyticMS_SR_8b_clip	pm5__20201105_20201124__0095	/scrfs/storage/yikebe/home/research/AR_Crop_Identification/make_dataset/raw_sentinel/pm5/pm5__20201105_20201124__0095	2020-11-11	667581.00000000,3656745.00000000,668349.00000000,3657513.00000000
val	000127	lower__20201116_160757_52_227e_3B_AnalyticMS_SR_8b_clip	pm5__20201105_20201124__0102	/scrfs/storage/yikebe/home/research/AR_Crop_Identification/make_dataset/raw_sentinel/pm5/pm5__20201105_20201124__0102	2020-11-19	683298.00000000,3835422.00000000,684066.00000000,3836190.00000000
val	000143	lower__20201116_160757_52_227e_3B_AnalyticMS_SR_8b_clip	pm5__20201105_20201124__0102	/scrfs/storage/yikebe/home/research/AR_Crop_Identification/make_dataset/raw_sentinel/pm5/pm5__20201105_20201124__0102	2020-11-19	684066.00000000,3835422.00000000,684834.00000000,3836190.00000000
val	000159	lower__20201116_160757_52_227e_3B_AnalyticMS_SR_8b_clip	pm5__20201105_20201124__0102	/scrfs/storage/yikebe/home/research/AR_Crop_Identification/make_dataset/raw_sentinel/pm5/pm5__20201105_20201124__0102	2020-11-19	687906.00000000,3834654.00000000,688674.00000000,3835422.00000000
val	000175	lower__20201116_160757_52_227e_3B_AnalyticMS_SR_8b_clip	pm5__20201105_20201124__0102	/scrfs/storage/yikebe/home/research/AR_Crop_Identification/make_dataset/raw_sentinel/pm5/pm5__20201105_20201124__0102	2020-11-19	684066.00000000,3832350.00000000,684834.00000000,3833118.00000000
val	000191	lower__20201116_160757_52_227e_3B_AnalyticMS_SR_8b_clip	pm5__20201105_20201124__0102	/scrfs/storage/yikebe/home/research/AR_Crop_Identification/make_dataset/raw_sentinel/pm5/pm5__20201105_20201124__0102	2020-11-19	665634.00000000,3828510.00000000,666402.00000000,3829278.00000000
val	000207	lower__20201116_160757_52_227e_3B_AnalyticMS_SR_8b_clip	pm5__20201105_20201124__0102	/scrfs/storage/yikebe/home/research/AR_Crop_Identification/make_dataset/raw_sentinel/pm5/pm5__20201105_20201124__0102	2020-11-19	677922.00000000,3827742.00000000,678690.00000000,3828510.00000000
val	000223	lower__20201116_160757_52_227e_3B_AnalyticMS_SR_8b_clip	pm5__20201105_20201124__0102	/scrfs/storage/yikebe/home/research/AR_Crop_Identification/make_dataset/raw_sentinel/pm5/pm5__20201105_20201124__0102	2020-11-19	666402.00000000,3826974.00000000,667170.00000000,3827742.00000000
train	005215	lower__20201116_160936_15_222f_3B_AnalyticMS_SR_8b_clip	pm5__20201105_20201124__0093	/scrfs/storage/yikebe/home/research/AR_Crop_Identification/make_dataset/raw_sentinel/pm5/pm5__20201105_20201124__0093	2020-11-19	637692.00000000,3823233.00000000,638460.00000000,3824001.00000000
train	005231	lower__20201116_160936_15_222f_3B_AnalyticMS_SR_8b_clip	pm5__20201105_20201124__0093	/scrfs/storage/yikebe/home/research/AR_Crop_Identification/make_dataset/raw_sentinel/pm5/pm5__20201105_20201124__0093	2020-11-19	637692.00000000,3821697.00000000,638460.00000000,3822465.00000000
train	005247	lower__20201116_160936_15_222f_3B_AnalyticMS_SR_8b_clip	pm5__20201105_20201124__0093	/scrfs/storage/yikebe/home/research/AR_Crop_Identification/make_dataset/raw_sentinel/pm5/pm5__20201105_20201124__0093	2020-11-19	645372.00000000,3820929.00000000,646140.00000000,3821697.00000000
train	005263	lower__20201116_160936_15_222f_3B_AnalyticMS_SR_8b_clip	pm5__20201105_20201124__0093	/scrfs/storage/yikebe/home/research/AR_Crop_Identification/make_dataset/raw_sentinel/pm5/pm5__20201105_20201124__0093	2020-11-19	637692.00000000,3817089.00000000,638460.00000000,3817857.00000000
train	005279	lower__20201116_160936_15_222f_3B_AnalyticMS_SR_8b_clip	pm5__20201105_20201124__0093	/scrfs/storage/yikebe/home/research/AR_Crop_Identification/make_dataset/raw_sentinel/pm5/pm5__20201105_20201124__0093	2020-11-19	636924.00000000,3814785.00000000,637692.00000000,3815553.00000000
train	005295	lower__20201116_160936_15_222f_3B_AnalyticMS_SR_8b_clip	pm5__20201105_20201124__0093	/scrfs/storage/yikebe/home/research/AR_Crop_Identification/make_dataset/raw_sentinel/pm5/pm5__20201105_20201124__0093	2020-11-19	642300.00000000,3814785.00000000,643068.00000000,3815553.00000000
train	005311	lower__20201116_160936_15_222f_3B_AnalyticMS_SR_8b_clip	pm5__20201105_20201124__0093	/scrfs/storage/yikebe/home/research/AR_Crop_Identification/make_dataset/raw_sentinel/pm5/pm5__20201105_20201124__0093	2020-11-19	634620.00000000,3813249.00000000,635388.00000000,3814017.00000000
train	005327	lower__20201116_160936_15_222f_3B_AnalyticMS_SR_8b_clip	pm5__20201105_20201124__0093	/scrfs/storage/yikebe/home/research/AR_Crop_Identification/make_dataset/raw_sentinel/pm5/pm5__20201105_20201124__0093	2020-11-19	636924.00000000,3812481.00000000,637692.00000000,3813249.00000000
train	005343	lower__20201116_160936_15_222f_3B_AnalyticMS_SR_8b_clip	pm5__20201105_20201124__0093	/scrfs/storage/yikebe/home/research/AR_Crop_Identification/make_dataset/raw_sentinel/pm5/pm5__20201105_20201124__0093	2020-11-19	638460.00000000,3812481.00000000,639228.00000000,3813249.00000000
train	005359	lower__20201116_160936_15_222f_3B_AnalyticMS_SR_8b_clip	pm5__20201105_20201124__0093	/scrfs/storage/yikebe/home/research/AR_Crop_Identification/make_dataset/raw_sentinel/pm5/pm5__20201105_20201124__0093	2020-11-19	643068.00000000,3811713.00000000,643836.00000000,3812481.00000000
train	005375	lower__20201116_160936_15_222f_3B_AnalyticMS_SR_8b_clip	pm5__20201105_20201124__0093	/scrfs/storage/yikebe/home/research/AR_Crop_Identification/make_dataset/raw_sentinel/pm5/pm5__20201105_20201124__0093	2020-11-19	635388.00000000,3810945.00000000,636156.00000000,3811713.00000000
train	005391	lower__20201116_160936_15_222f_3B_AnalyticMS_SR_8b_clip	pm5__20201105_20201124__0093	/scrfs/storage/yikebe/home/research/AR_Crop_Identification/make_dataset/raw_sentinel/pm5/pm5__20201105_20201124__0093	2020-11-19	646140.00000000,3809409.00000000,646908.00000000,3810177.00000000
train	005407	lower__20201116_160936_15_222f_3B_AnalyticMS_SR_8b_clip	pm5__20201105_20201124__0093	/scrfs/storage/yikebe/home/research/AR_Crop_Identification/make_dataset/raw_sentinel/pm5/pm5__20201105_20201124__0093	2020-11-19	643068.00000000,3808641.00000000,643836.00000000,3809409.00000000
train	005423	lower__20201116_160936_15_222f_3B_AnalyticMS_SR_8b_clip	pm5__20201105_20201124__0093	/scrfs/storage/yikebe/home/research/AR_Crop_Identification/make_dataset/raw_sentinel/pm5/pm5__20201105_20201124__0093	2020-11-19	644604.00000000,3808641.00000000,645372.00000000,3809409.00000000
train	005439	lower__20201116_160936_15_222f_3B_AnalyticMS_SR_8b_clip	pm5__20201105_20201124__0093	/scrfs/storage/yikebe/home/research/AR_Crop_Identification/make_dataset/raw_sentinel/pm5/pm5__20201105_20201124__0093	2020-11-19	635388.00000000,3807873.00000000,636156.00000000,3808641.00000000
train	005455	lower__20201116_160936_15_222f_3B_AnalyticMS_SR_8b_clip	pm5__20201105_20201124__0093	/scrfs/storage/yikebe/home/research/AR_Crop_Identification/make_dataset/raw_sentinel/pm5/pm5__20201105_20201124__0093	2020-11-19	636156.00000000,3807873.00000000,636924.00000000,3808641.00000000
train	005471	lower__20201116_160936_15_222f_3B_AnalyticMS_SR_8b_clip	pm5__20201105_20201124__0093	/scrfs/storage/yikebe/home/research/AR_Crop_Identification/make_dataset/raw_sentinel/pm5/pm5__20201105_20201124__0093	2020-11-19	636156.00000000,3807105.00000000,636924.00000000,3807873.00000000
train	005487	lower__20201116_160936_15_222f_3B_AnalyticMS_SR_8b_clip	pm5__20201105_20201124__0093	/scrfs/storage/yikebe/home/research/AR_Crop_Identification/make_dataset/raw_sentinel/pm5/pm5__20201105_20201124__0093	2020-11-19	643836.00000000,3807105.00000000,644604.00000000,3807873.00000000
train	005503	lower__20201116_160936_15_222f_3B_AnalyticMS_SR_8b_clip	pm5__20201105_20201124__0093	/scrfs/storage/yikebe/home/research/AR_Crop_Identification/make_dataset/raw_sentinel/pm5/pm5__20201105_20201124__0093	2020-11-19	644604.00000000,3807105.00000000,645372.00000000,3807873.00000000
train	005519	lower__20201116_160936_15_222f_3B_AnalyticMS_SR_8b_clip	pm5__20201105_20201124__0093	/scrfs/storage/yikebe/home/research/AR_Crop_Identification/make_dataset/raw_sentinel/pm5/pm5__20201105_20201124__0093	2020-11-19	636924.00000000,3806337.00000000,637692.00000000,3807105.00000000
train	005535	lower__20201116_160936_15_222f_3B_AnalyticMS_SR_8b_clip	pm5__20201105_20201124__0093	/scrfs/storage/yikebe/home/research/AR_Crop_Identification/make_dataset/raw_sentinel/pm5/pm5__20201105_20201124__0093	2020-11-19	663804.00000000,3806337.00000000,664572.00000000,3807105.00000000
train	005551	lower__20201116_160936_15_222f_3B_AnalyticMS_SR_8b_clip	pm5__20201105_20201124__0093	/scrfs/storage/yikebe/home/research/AR_Crop_Identification/make_dataset/raw_sentinel/pm5/pm5__20201105_20201124__0093	2020-11-19	635388.00000000,3805569.00000000,636156.00000000,3806337.00000000
train	005567	lower__20201116_160936_15_222f_3B_AnalyticMS_SR_8b_clip	pm5__20201105_20201124__0093	/scrfs/storage/yikebe/home/research/AR_Crop_Identification/make_dataset/raw_sentinel/pm5/pm5__20201105_20201124__0093	2020-11-19	649980.00000000,3805569.00000000,650748.00000000,3806337.00000000
train	005583	lower__20201116_160936_15_222f_3B_AnalyticMS_SR_8b_clip	pm5__20201105_20201124__0093	/scrfs/storage/yikebe/home/research/AR_Crop_Identification/make_dataset/raw_sentinel/pm5/pm5__20201105_20201124__0093	2020-11-19	659196.00000000,3805569.00000000,659964.00000000,3806337.00000000
train	005599	lower__20201116_160936_15_222f_3B_AnalyticMS_SR_8b_clip	pm5__20201105_20201124__0093	/scrfs/storage/yikebe/home/research/AR_Crop_Identification/make_dataset/raw_sentinel/pm5/pm5__20201105_20201124__0093	2020-11-19	665340.00000000,3805569.00000000,666108.00000000,3806337.00000000
train	005615	lower__20201116_160936_15_222f_3B_AnalyticMS_SR_8b_clip	pm5__20201105_20201124__0093	/scrfs/storage/yikebe/home/research/AR_Crop_Identification/make_dataset/raw_sentinel/pm5/pm5__20201105_20201124__0093	2020-11-19	635388.00000000,3804801.00000000,636156.00000000,3805569.00000000
train	005631	lower__20201116_160936_15_222f_3B_AnalyticMS_SR_8b_clip	pm5__20201105_20201124__0093	/scrfs/storage/yikebe/home/research/AR_Crop_Identification/make_dataset/raw_sentinel/pm5/pm5__20201105_20201124__0093	2020-11-19	645372.00000000,3804801.00000000,646140.00000000,3805569.00000000
train	005647	lower__20201116_160936_15_222f_3B_AnalyticMS_SR_8b_clip	pm5__20201105_20201124__0093	/scrfs/storage/yikebe/home/research/AR_Crop_Identification/make_dataset/raw_sentinel/pm5/pm5__20201105_20201124__0093	2020-11-19	646140.00000000,3804801.00000000,646908.00000000,3805569.00000000
train	005663	lower__20201116_160936_15_222f_3B_AnalyticMS_SR_8b_clip	pm5__20201105_20201124__0093	/scrfs/storage/yikebe/home/research/AR_Crop_Identification/make_dataset/raw_sentinel/pm5/pm5__20201105_20201124__0093	2020-11-19	650748.00000000,3804801.00000000,651516.00000000,3805569.00000000
train	005679	lower__20201116_160936_15_222f_3B_AnalyticMS_SR_8b_clip	pm5__20201105_20201124__0093	/scrfs/storage/yikebe/home/research/AR_Crop_Identification/make_dataset/raw_sentinel/pm5/pm5__20201105_20201124__0093	2020-11-19	665340.00000000,3804801.00000000,666108.00000000,3805569.00000000
train	005695	lower__20201116_160936_15_222f_3B_AnalyticMS_SR_8b_clip	pm5__20201105_20201124__0093	/scrfs/storage/yikebe/home/research/AR_Crop_Identification/make_dataset/raw_sentinel/pm5/pm5__20201105_20201124__0093	2020-11-19	650748.00000000,3804033.00000000,651516.00000000,3804801.00000000
train	005711	lower__20201116_160936_15_222f_3B_AnalyticMS_SR_8b_clip	pm5__20201105_20201124__0093	/scrfs/storage/yikebe/home/research/AR_Crop_Identification/make_dataset/raw_sentinel/pm5/pm5__20201105_20201124__0093	2020-11-19	665340.00000000,3804033.00000000,666108.00000000,3804801.00000000
train	005727	lower__20201116_160936_15_222f_3B_AnalyticMS_SR_8b_clip	pm5__20201105_20201124__0093	/scrfs/storage/yikebe/home/research/AR_Crop_Identification/make_dataset/raw_sentinel/pm5/pm5__20201105_20201124__0093	2020-11-19	650748.00000000,3803265.00000000,651516.00000000,3804033.00000000
train	005743	lower__20201116_160936_15_222f_3B_AnalyticMS_SR_8b_clip	pm5__20201105_20201124__0093	/scrfs/storage/yikebe/home/research/AR_Crop_Identification/make_dataset/raw_sentinel/pm5/pm5__20201105_20201124__0093	2020-11-19	663036.00000000,3803265.00000000,663804.00000000,3804033.00000000
train	005759	lower__20201116_160936_15_222f_3B_AnalyticMS_SR_8b_clip	pm5__20201105_20201124__0093	/scrfs/storage/yikebe/home/research/AR_Crop_Identification/make_dataset/raw_sentinel/pm5/pm5__20201105_20201124__0093	2020-11-19	663804.00000000,3803265.00000000,664572.00000000,3804033.00000000
train	005775	lower__20201116_160936_15_222f_3B_AnalyticMS_SR_8b_clip	pm5__20201105_20201124__0093	/scrfs/storage/yikebe/home/research/AR_Crop_Identification/make_dataset/raw_sentinel/pm5/pm5__20201105_20201124__0093	2020-11-19	651516.00000000,3802497.00000000,652284.00000000,3803265.00000000
train	005791	lower__20201116_160936_15_222f_3B_AnalyticMS_SR_8b_clip	pm5__20201105_20201124__0093	/scrfs/storage/yikebe/home/research/AR_Crop_Identification/make_dataset/raw_sentinel/pm5/pm5__20201105_20201124__0093	2020-11-19	650748.00000000,3801729.00000000,651516.00000000,3802497.00000000
train	005807	lower__20201117_160600_68_2235_3B_AnalyticMS_SR_8b_clip	pm5__20201105_20201124__0057	/scrfs/storage/yikebe/home/research/AR_Crop_Identification/make_dataset/raw_sentinel/pm5/pm5__20201105_20201124__0057	2020-11-19	586596.00000000,3809424.00000000,587364.00000000,3810192.00000000
train	005823	lower__20201117_160600_68_2235_3B_AnalyticMS_SR_8b_clip	pm5__20201105_20201124__0057	/scrfs/storage/yikebe/home/research/AR_Crop_Identification/make_dataset/raw_sentinel/pm5/pm5__20201105_20201124__0057	2020-11-19	588132.00000000,3809424.00000000,588900.00000000,3810192.00000000
train	005839	lower__20201117_160600_68_2235_3B_AnalyticMS_SR_8b_clip	pm5__20201105_20201124__0057	/scrfs/storage/yikebe/home/research/AR_Crop_Identification/make_dataset/raw_sentinel/pm5/pm5__20201105_20201124__0057	2020-11-19	586596.00000000,3808656.00000000,587364.00000000,3809424.00000000
train	005855	lower__20201117_160600_68_2235_3B_AnalyticMS_SR_8b_clip	pm5__20201105_20201124__0057	/scrfs/storage/yikebe/home/research/AR_Crop_Identification/make_dataset/raw_sentinel/pm5/pm5__20201105_20201124__0057	2020-11-19	588132.00000000,3808656.00000000,588900.00000000,3809424.00000000
train	005871	lower__20201117_160600_68_2235_3B_AnalyticMS_SR_8b_clip	pm5__20201105_20201124__0057	/scrfs/storage/yikebe/home/research/AR_Crop_Identification/make_dataset/raw_sentinel/pm5/pm5__20201105_20201124__0057	2020-11-19	586596.00000000,3807888.00000000,587364.00000000,3808656.00000000
train	005887	lower__20201117_160600_68_2235_3B_AnalyticMS_SR_8b_clip	pm5__20201105_20201124__0057	/scrfs/storage/yikebe/home/research/AR_Crop_Identification/make_dataset/raw_sentinel/pm5/pm5__20201105_20201124__0057	2020-11-19	587364.00000000,3807888.00000000,588132.00000000,3808656.00000000
train	005903	lower__20201117_160600_68_2235_3B_AnalyticMS_SR_8b_clip	pm5__20201105_20201124__0057	/scrfs/storage/yikebe/home/research/AR_Crop_Identification/make_dataset/raw_sentinel/pm5/pm5__20201105_20201124__0057	2020-11-19	588132.00000000,3807888.00000000,588900.00000000,3808656.00000000
train	005919	lower__20201117_160600_68_2235_3B_AnalyticMS_SR_8b_clip	pm5__20201105_20201124__0057	/scrfs/storage/yikebe/home/research/AR_Crop_Identification/make_dataset/raw_sentinel/pm5/pm5__20201105_20201124__0057	2020-11-19	588132.00000000,3807120.00000000,588900.00000000,3807888.00000000
train	005935	lower__20201117_160600_68_2235_3B_AnalyticMS_SR_8b_clip	pm5__20201105_20201124__0057	/scrfs/storage/yikebe/home/research/AR_Crop_Identification/make_dataset/raw_sentinel/pm5/pm5__20201105_20201124__0057	2020-11-19	595812.00000000,3798672.00000000,596580.00000000,3799440.00000000
train	005951	lower__20201117_160600_68_2235_3B_AnalyticMS_SR_8b_clip	pm5__20201105_20201124__0057	/scrfs/storage/yikebe/home/research/AR_Crop_Identification/make_dataset/raw_sentinel/pm5/pm5__20201105_20201124__0057	2020-11-19	598884.00000000,3798672.00000000,599652.00000000,3799440.00000000
train	005967	lower__20201117_165352_81_2414_3B_AnalyticMS_SR_8b_clip	pm5__20201105_20201124__0082	/scrfs/storage/yikebe/home/research/AR_Crop_Identification/make_dataset/raw_sentinel/pm5/pm5__20201105_20201124__0082	2020-11-19	621933.00000000,3783063.00000000,622701.00000000,3783831.00000000
train	005983	lower__20201117_165352_81_2414_3B_AnalyticMS_SR_8b_clip	pm5__20201105_20201124__0082	/scrfs/storage/yikebe/home/research/AR_Crop_Identification/make_dataset/raw_sentinel/pm5/pm5__20201105_20201124__0082	2020-11-19	626541.00000000,3783063.00000000,627309.00000000,3783831.00000000
train	005999	lower__20201117_165352_81_2414_3B_AnalyticMS_SR_8b_clip	pm5__20201105_20201124__0082	/scrfs/storage/yikebe/home/research/AR_Crop_Identification/make_dataset/raw_sentinel/pm5/pm5__20201105_20201124__0082	2020-11-19	615789.00000000,3782295.00000000,616557.00000000,3783063.00000000
train	006015	lower__20201117_165352_81_2414_3B_AnalyticMS_SR_8b_clip	pm5__20201105_20201124__0082	/scrfs/storage/yikebe/home/research/AR_Crop_Identification/make_dataset/raw_sentinel/pm5/pm5__20201105_20201124__0082	2020-11-19	625773.00000000,3782295.00000000,626541.00000000,3783063.00000000
train	006031	lower__20201117_165352_81_2414_3B_AnalyticMS_SR_8b_clip	pm5__20201105_20201124__0082	/scrfs/storage/yikebe/home/research/AR_Crop_Identification/make_dataset/raw_sentinel/pm5/pm5__20201105_20201124__0082	2020-11-19	622701.00000000,3780759.00000000,623469.00000000,3781527.00000000
train	006047	lower__20201117_165352_81_2414_3B_AnalyticMS_SR_8b_clip	pm5__20201105_20201124__0082	/scrfs/storage/yikebe/home/research/AR_Crop_Identification/make_dataset/raw_sentinel/pm5/pm5__20201105_20201124__0082	2020-11-19	623469.00000000,3780759.00000000,624237.00000000,3781527.00000000
train	006063	lower__20201117_165352_81_2414_3B_AnalyticMS_SR_8b_clip	pm5__20201105_20201124__0082	/scrfs/storage/yikebe/home/research/AR_Crop_Identification/make_dataset/raw_sentinel/pm5/pm5__20201105_20201124__0082	2020-11-19	624237.00000000,3780759.00000000,625005.00000000,3781527.00000000
train	006079	lower__20201117_165352_81_2414_3B_AnalyticMS_SR_8b_clip	pm5__20201105_20201124__0082	/scrfs/storage/yikebe/home/research/AR_Crop_Identification/make_dataset/raw_sentinel/pm5/pm5__20201105_20201124__0082	2020-11-19	625005.00000000,3780759.00000000,625773.00000000,3781527.00000000
train	006095	lower__20201117_165352_81_2414_3B_AnalyticMS_SR_8b_clip	pm5__20201105_20201124__0082	/scrfs/storage/yikebe/home/research/AR_Crop_Identification/make_dataset/raw_sentinel/pm5/pm5__20201105_20201124__0082	2020-11-19	623469.00000000,3779991.00000000,624237.00000000,3780759.00000000
train	006111	lower__20201117_165352_81_2414_3B_AnalyticMS_SR_8b_clip	pm5__20201105_20201124__0082	/scrfs/storage/yikebe/home/research/AR_Crop_Identification/make_dataset/raw_sentinel/pm5/pm5__20201105_20201124__0082	2020-11-19	628077.00000000,3779991.00000000,628845.00000000,3780759.00000000
train	006127	lower__20201117_165352_81_2414_3B_AnalyticMS_SR_8b_clip	pm5__20201105_20201124__0082	/scrfs/storage/yikebe/home/research/AR_Crop_Identification/make_dataset/raw_sentinel/pm5/pm5__20201105_20201124__0082	2020-11-19	637293.00000000,3776919.00000000,638061.00000000,3777687.00000000
train	006143	lower__20201117_165352_81_2414_3B_AnalyticMS_SR_8b_clip	pm5__20201105_20201124__0082	/scrfs/storage/yikebe/home/research/AR_Crop_Identification/make_dataset/raw_sentinel/pm5/pm5__20201105_20201124__0082	2020-11-19	640365.00000000,3776919.00000000,641133.00000000,3777687.00000000
train	006159	lower__20201117_165352_81_2414_3B_AnalyticMS_SR_8b_clip	pm5__20201105_20201124__0082	/scrfs/storage/yikebe/home/research/AR_Crop_Identification/make_dataset/raw_sentinel/pm5/pm5__20201105_20201124__0082	2020-11-19	641133.00000000,3776919.00000000,641901.00000000,3777687.00000000
train	006175	lower__20201117_165352_81_2414_3B_AnalyticMS_SR_8b_clip	pm5__20201105_20201124__0082	/scrfs/storage/yikebe/home/research/AR_Crop_Identification/make_dataset/raw_sentinel/pm5/pm5__20201105_20201124__0082	2020-11-19	641901.00000000,3776919.00000000,642669.00000000,3777687.00000000
train	006191	lower__20201117_165352_81_2414_3B_AnalyticMS_SR_8b_clip	pm5__20201105_20201124__0082	/scrfs/storage/yikebe/home/research/AR_Crop_Identification/make_dataset/raw_sentinel/pm5/pm5__20201105_20201124__0082	2020-11-19	637293.00000000,3776151.00000000,638061.00000000,3776919.00000000
train	006207	lower__20201117_165352_81_2414_3B_AnalyticMS_SR_8b_clip	pm5__20201105_20201124__0082	/scrfs/storage/yikebe/home/research/AR_Crop_Identification/make_dataset/raw_sentinel/pm5/pm5__20201105_20201124__0082	2020-11-19	638061.00000000,3776151.00000000,638829.00000000,3776919.00000000
train	006223	lower__20201117_165352_81_2414_3B_AnalyticMS_SR_8b_clip	pm5__20201105_20201124__0082	/scrfs/storage/yikebe/home/research/AR_Crop_Identification/make_dataset/raw_sentinel/pm5/pm5__20201105_20201124__0082	2020-11-19	638829.00000000,3776151.00000000,639597.00000000,3776919.00000000
train	006239	lower__20201117_165352_81_2414_3B_AnalyticMS_SR_8b_clip	pm5__20201105_20201124__0082	/scrfs/storage/yikebe/home/research/AR_Crop_Identification/make_dataset/raw_sentinel/pm5/pm5__20201105_20201124__0082	2020-11-19	639597.00000000,3776151.00000000,640365.00000000,3776919.00000000
train	006255	lower__20201117_165352_81_2414_3B_AnalyticMS_SR_8b_clip	pm5__20201105_20201124__0082	/scrfs/storage/yikebe/home/research/AR_Crop_Identification/make_dataset/raw_sentinel/pm5/pm5__20201105_20201124__0082	2020-11-19	640365.00000000,3776151.00000000,641133.00000000,3776919.00000000
train	006271	lower__20201117_165352_81_2414_3B_AnalyticMS_SR_8b_clip	pm5__20201105_20201124__0082	/scrfs/storage/yikebe/home/research/AR_Crop_Identification/make_dataset/raw_sentinel/pm5/pm5__20201105_20201124__0082	2020-11-19	641133.00000000,3776151.00000000,641901.00000000,3776919.00000000
train	006287	lower__20201117_165352_81_2414_3B_AnalyticMS_SR_8b_clip	pm5__20201105_20201124__0082	/scrfs/storage/yikebe/home/research/AR_Crop_Identification/make_dataset/raw_sentinel/pm5/pm5__20201105_20201124__0082	2020-11-19	635757.00000000,3775383.00000000,636525.00000000,3776151.00000000
train	006303	lower__20201117_165352_81_2414_3B_AnalyticMS_SR_8b_clip	pm5__20201105_20201124__0082	/scrfs/storage/yikebe/home/research/AR_Crop_Identification/make_dataset/raw_sentinel/pm5/pm5__20201105_20201124__0082	2020-11-19	636525.00000000,3775383.00000000,637293.00000000,3776151.00000000
train	006319	lower__20201117_165352_81_2414_3B_AnalyticMS_SR_8b_clip	pm5__20201105_20201124__0082	/scrfs/storage/yikebe/home/research/AR_Crop_Identification/make_dataset/raw_sentinel/pm5/pm5__20201105_20201124__0082	2020-11-19	640365.00000000,3775383.00000000,641133.00000000,3776151.00000000
train	006335	lower__20201117_165352_81_2414_3B_AnalyticMS_SR_8b_clip	pm5__20201105_20201124__0082	/scrfs/storage/yikebe/home/research/AR_Crop_Identification/make_dataset/raw_sentinel/pm5/pm5__20201105_20201124__0082	2020-11-19	641133.00000000,3775383.00000000,641901.00000000,3776151.00000000
train	006351	lower__20201117_165352_81_2414_3B_AnalyticMS_SR_8b_clip	pm5__20201105_20201124__0082	/scrfs/storage/yikebe/home/research/AR_Crop_Identification/make_dataset/raw_sentinel/pm5/pm5__20201105_20201124__0082	2020-11-19	645741.00000000,3775383.00000000,646509.00000000,3776151.00000000
train	006367	lower__20201117_165352_81_2414_3B_AnalyticMS_SR_8b_clip	pm5__20201105_20201124__0082	/scrfs/storage/yikebe/home/research/AR_Crop_Identification/make_dataset/raw_sentinel/pm5/pm5__20201105_20201124__0082	2020-11-19	625773.00000000,3774615.00000000,626541.00000000,3775383.00000000
train	006383	lower__20201117_165352_81_2414_3B_AnalyticMS_SR_8b_clip	pm5__20201105_20201124__0082	/scrfs/storage/yikebe/home/research/AR_Crop_Identification/make_dataset/raw_sentinel/pm5/pm5__20201105_20201124__0082	2020-11-19	626541.00000000,3774615.00000000,627309.00000000,3775383.00000000
train	006399	lower__20201117_165352_81_2414_3B_AnalyticMS_SR_8b_clip	pm5__20201105_20201124__0082	/scrfs/storage/yikebe/home/research/AR_Crop_Identification/make_dataset/raw_sentinel/pm5/pm5__20201105_20201124__0082	2020-11-19	641133.00000000,3774615.00000000,641901.00000000,3775383.00000000
train	006415	lower__20201117_165352_81_2414_3B_AnalyticMS_SR_8b_clip	pm5__20201105_20201124__0082	/scrfs/storage/yikebe/home/research/AR_Crop_Identification/make_dataset/raw_sentinel/pm5/pm5__20201105_20201124__0082	2020-11-19	641901.00000000,3774615.00000000,642669.00000000,3775383.00000000
train	006431	lower__20201117_165352_81_2414_3B_AnalyticMS_SR_8b_clip	pm5__20201105_20201124__0082	/scrfs/storage/yikebe/home/research/AR_Crop_Identification/make_dataset/raw_sentinel/pm5/pm5__20201105_20201124__0082	2020-11-19	648045.00000000,3773847.00000000,648813.00000000,3774615.00000000
train	006447	lower__20201117_165352_81_2414_3B_AnalyticMS_SR_8b_clip	pm5__20201105_20201124__0082	/scrfs/storage/yikebe/home/research/AR_Crop_Identification/make_dataset/raw_sentinel/pm5/pm5__20201105_20201124__0082	2020-11-19	626541.00000000,3772311.00000000,627309.00000000,3773079.00000000
train	006463	lower__20201117_165352_81_2414_3B_AnalyticMS_SR_8b_clip	pm5__20201105_20201124__0082	/scrfs/storage/yikebe/home/research/AR_Crop_Identification/make_dataset/raw_sentinel/pm5/pm5__20201105_20201124__0082	2020-11-19	627309.00000000,3771543.00000000,628077.00000000,3772311.00000000
train	006479	lower__20201117_165352_81_2414_3B_AnalyticMS_SR_8b_clip	pm5__20201105_20201124__0082	/scrfs/storage/yikebe/home/research/AR_Crop_Identification/make_dataset/raw_sentinel/pm5/pm5__20201105_20201124__0082	2020-11-19	628077.00000000,3771543.00000000,628845.00000000,3772311.00000000
train	006495	lower__20201117_165352_81_2414_3B_AnalyticMS_SR_8b_clip	pm5__20201105_20201124__0082	/scrfs/storage/yikebe/home/research/AR_Crop_Identification/make_dataset/raw_sentinel/pm5/pm5__20201105_20201124__0082	2020-11-19	628077.00000000,3770775.00000000,628845.00000000,3771543.00000000
train	006511	lower__20201117_165352_81_2414_3B_AnalyticMS_SR_8b_clip	pm5__20201105_20201124__0082	/scrfs/storage/yikebe/home/research/AR_Crop_Identification/make_dataset/raw_sentinel/pm5/pm5__20201105_20201124__0082	2020-11-19	616557.00000000,3769239.00000000,617325.00000000,3770007.00000000
train	006527	lower__20201117_165352_81_2414_3B_AnalyticMS_SR_8b_clip	pm5__20201105_20201124__0082	/scrfs/storage/yikebe/home/research/AR_Crop_Identification/make_dataset/raw_sentinel/pm5/pm5__20201105_20201124__0082	2020-11-19	616557.00000000,3768471.00000000,617325.00000000,3769239.00000000
train	006543	lower__20201117_165352_81_2414_3B_AnalyticMS_SR_8b_clip	pm5__20201105_20201124__0082	/scrfs/storage/yikebe/home/research/AR_Crop_Identification/make_dataset/raw_sentinel/pm5/pm5__20201105_20201124__0082	2020-11-19	634221.00000000,3768471.00000000,634989.00000000,3769239.00000000
train	006559	lower__20201117_165352_81_2414_3B_AnalyticMS_SR_8b_clip	pm5__20201105_20201124__0082	/scrfs/storage/yikebe/home/research/AR_Crop_Identification/make_dataset/raw_sentinel/pm5/pm5__20201105_20201124__0082	2020-11-19	628845.00000000,3767703.00000000,629613.00000000,3768471.00000000
train	006575	lower__20201117_165352_81_2414_3B_AnalyticMS_SR_8b_clip	pm5__20201105_20201124__0082	/scrfs/storage/yikebe/home/research/AR_Crop_Identification/make_dataset/raw_sentinel/pm5/pm5__20201105_20201124__0082	2020-11-19	633453.00000000,3767703.00000000,634221.00000000,3768471.00000000
train	006591	lower__20201117_165352_81_2414_3B_AnalyticMS_SR_8b_clip	pm5__20201105_20201124__0082	/scrfs/storage/yikebe/home/research/AR_Crop_Identification/make_dataset/raw_sentinel/pm5/pm5__20201105_20201124__0082	2020-11-19	634221.00000000,3767703.00000000,634989.00000000,3768471.00000000
train	006607	lower__20201117_165352_81_2414_3B_AnalyticMS_SR_8b_clip	pm5__20201105_20201124__0082	/scrfs/storage/yikebe/home/research/AR_Crop_Identification/make_dataset/raw_sentinel/pm5/pm5__20201105_20201124__0082	2020-11-19	639597.00000000,3767703.00000000,640365.00000000,3768471.00000000
train	006623	lower__20201117_165352_81_2414_3B_AnalyticMS_SR_8b_clip	pm5__20201105_20201124__0082	/scrfs/storage/yikebe/home/research/AR_Crop_Identification/make_dataset/raw_sentinel/pm5/pm5__20201105_20201124__0082	2020-11-19	628845.00000000,3766935.00000000,629613.00000000,3767703.00000000
train	006639	lower__20201117_165352_81_2414_3B_AnalyticMS_SR_8b_clip	pm5__20201105_20201124__0082	/scrfs/storage/yikebe/home/research/AR_Crop_Identification/make_dataset/raw_sentinel/pm5/pm5__20201105_20201124__0082	2020-11-19	633453.00000000,3766935.00000000,634221.00000000,3767703.00000000
train	006655	lower__20201117_165352_81_2414_3B_AnalyticMS_SR_8b_clip	pm5__20201105_20201124__0082	/scrfs/storage/yikebe/home/research/AR_Crop_Identification/make_dataset/raw_sentinel/pm5/pm5__20201105_20201124__0082	2020-11-19	634221.00000000,3766935.00000000,634989.00000000,3767703.00000000
train	006671	lower__20201117_165352_81_2414_3B_AnalyticMS_SR_8b_clip	pm5__20201105_20201124__0082	/scrfs/storage/yikebe/home/research/AR_Crop_Identification/make_dataset/raw_sentinel/pm5/pm5__20201105_20201124__0082	2020-11-19	638061.00000000,3766935.00000000,638829.00000000,3767703.00000000
train	006687	lower__20201117_165352_81_2414_3B_AnalyticMS_SR_8b_clip	pm5__20201105_20201124__0082	/scrfs/storage/yikebe/home/research/AR_Crop_Identification/make_dataset/raw_sentinel/pm5/pm5__20201105_20201124__0082	2020-11-19	630381.00000000,3766167.00000000,631149.00000000,3766935.00000000
train	006703	lower__20201117_165352_81_2414_3B_AnalyticMS_SR_8b_clip	pm5__20201105_20201124__0082	/scrfs/storage/yikebe/home/research/AR_Crop_Identification/make_dataset/raw_sentinel/pm5/pm5__20201105_20201124__0082	2020-11-19	631917.00000000,3766167.00000000,632685.00000000,3766935.00000000
train	006719	lower__20201117_165352_81_2414_3B_AnalyticMS_SR_8b_clip	pm5__20201105_20201124__0082	/scrfs/storage/yikebe/home/research/AR_Crop_Identification/make_dataset/raw_sentinel/pm5/pm5__20201105_20201124__0082	2020-11-19	638061.00000000,3766167.00000000,638829.00000000,3766935.00000000
train	006735	lower__20201117_165352_81_2414_3B_AnalyticMS_SR_8b_clip	pm5__20201105_20201124__0082	/scrfs/storage/yikebe/home/research/AR_Crop_Identification/make_dataset/raw_sentinel/pm5/pm5__20201105_20201124__0082	2020-11-19	638829.00000000,3766167.00000000,639597.00000000,3766935.00000000
train	006751	lower__20201117_165352_81_2414_3B_AnalyticMS_SR_8b_clip	pm5__20201105_20201124__0082	/scrfs/storage/yikebe/home/research/AR_Crop_Identification/make_dataset/raw_sentinel/pm5/pm5__20201105_20201124__0082	2020-11-19	639597.00000000,3766167.00000000,640365.00000000,3766935.00000000
train	006767	lower__20201117_165352_81_2414_3B_AnalyticMS_SR_8b_clip	pm5__20201105_20201124__0082	/scrfs/storage/yikebe/home/research/AR_Crop_Identification/make_dataset/raw_sentinel/pm5/pm5__20201105_20201124__0082	2020-11-19	631149.00000000,3765399.00000000,631917.00000000,3766167.00000000
train	006783	lower__20201117_165352_81_2414_3B_AnalyticMS_SR_8b_clip	pm5__20201105_20201124__0082	/scrfs/storage/yikebe/home/research/AR_Crop_Identification/make_dataset/raw_sentinel/pm5/pm5__20201105_20201124__0082	2020-11-19	631917.00000000,3765399.00000000,632685.00000000,3766167.00000000
train	006799	lower__20201117_165352_81_2414_3B_AnalyticMS_SR_8b_clip	pm5__20201105_20201124__0082	/scrfs/storage/yikebe/home/research/AR_Crop_Identification/make_dataset/raw_sentinel/pm5/pm5__20201105_20201124__0082	2020-11-19	632685.00000000,3765399.00000000,633453.00000000,3766167.00000000
train	006815	lower__20201117_165352_81_2414_3B_AnalyticMS_SR_8b_clip	pm5__20201105_20201124__0082	/scrfs/storage/yikebe/home/research/AR_Crop_Identification/make_dataset/raw_sentinel/pm5/pm5__20201105_20201124__0082	2020-11-19	631917.00000000,3762327.00000000,632685.00000000,3763095.00000000
train	006831	lower__20201117_165352_81_2414_3B_AnalyticMS_SR_8b_clip	pm5__20201105_20201124__0082	/scrfs/storage/yikebe/home/research/AR_Crop_Identification/make_dataset/raw_sentinel/pm5/pm5__20201105_20201124__0082	2020-11-19	640365.00000000,3762327.00000000,641133.00000000,3763095.00000000
train	006847	lower__20201117_165352_81_2414_3B_AnalyticMS_SR_8b_clip	pm5__20201105_20201124__0082	/scrfs/storage/yikebe/home/research/AR_Crop_Identification/make_dataset/raw_sentinel/pm5/pm5__20201105_20201124__0082	2020-11-19	638061.00000000,3761559.00000000,638829.00000000,3762327.00000000
train	006863	lower__20201117_165352_81_2414_3B_AnalyticMS_SR_8b_clip	pm5__20201105_20201124__0082	/scrfs/storage/yikebe/home/research/AR_Crop_Identification/make_dataset/raw_sentinel/pm5/pm5__20201105_20201124__0082	2020-11-19	638061.00000000,3760023.00000000,638829.00000000,3760791.00000000
train	006879	lower__20201117_165352_81_2414_3B_AnalyticMS_SR_8b_clip	pm5__20201105_20201124__0082	/scrfs/storage/yikebe/home/research/AR_Crop_Identification/make_dataset/raw_sentinel/pm5/pm5__20201105_20201124__0082	2020-11-19	641901.00000000,3759255.00000000,642669.00000000,3760023.00000000
train	006895	lower__20201118_155739_42_222b_3B_AnalyticMS_SR_8b_clip	pm5__20201105_20201124__0125	/scrfs/storage/yikebe/home/research/AR_Crop_Identification/make_dataset/raw_sentinel/pm5/pm5__20201105_20201124__0125	2020-11-21	734748.00000000,3750840.00000000,735516.00000000,3751608.00000000
train	006911	lower__20201118_155739_42_222b_3B_AnalyticMS_SR_8b_clip	pm5__20201105_20201124__0125	/scrfs/storage/yikebe/home/research/AR_Crop_Identification/make_dataset/raw_sentinel/pm5/pm5__20201105_20201124__0125	2020-11-21	745500.00000000,3746232.00000000,746268.00000000,3747000.00000000
train	006927	lower__20201118_155739_42_222b_3B_AnalyticMS_SR_8b_clip	pm5__20201105_20201124__0125	/scrfs/storage/yikebe/home/research/AR_Crop_Identification/make_dataset/raw_sentinel/pm5/pm5__20201105_20201124__0125	2020-11-21	736284.00000000,3745464.00000000,737052.00000000,3746232.00000000
train	006943	lower__20201118_155739_42_222b_3B_AnalyticMS_SR_8b_clip	pm5__20201105_20201124__0125	/scrfs/storage/yikebe/home/research/AR_Crop_Identification/make_dataset/raw_sentinel/pm5/pm5__20201105_20201124__0125	2020-11-21	743196.00000000,3737016.00000000,743964.00000000,3737784.00000000
train	006959	lower__20201118_155739_42_222b_3B_AnalyticMS_SR_8b_clip	pm5__20201105_20201124__0125	/scrfs/storage/yikebe/home/research/AR_Crop_Identification/make_dataset/raw_sentinel/pm5/pm5__20201105_20201124__0125	2020-11-21	742428.00000000,3736248.00000000,743196.00000000,3737016.00000000
train	006975	lower__20201118_155739_42_222b_3B_AnalyticMS_SR_8b_clip	pm5__20201105_20201124__0125	/scrfs/storage/yikebe/home/research/AR_Crop_Identification/make_dataset/raw_sentinel/pm5/pm5__20201105_20201124__0125	2020-11-21	743196.00000000,3736248.00000000,743964.00000000,3737016.00000000
train	006991	lower__20201118_155739_42_222b_3B_AnalyticMS_SR_8b_clip	pm5__20201105_20201124__0125	/scrfs/storage/yikebe/home/research/AR_Crop_Identification/make_dataset/raw_sentinel/pm5/pm5__20201105_20201124__0125	2020-11-21	743964.00000000,3736248.00000000,744732.00000000,3737016.00000000
train	007007	lower__20201118_155739_42_222b_3B_AnalyticMS_SR_8b_clip	pm5__20201105_20201124__0125	/scrfs/storage/yikebe/home/research/AR_Crop_Identification/make_dataset/raw_sentinel/pm5/pm5__20201105_20201124__0125	2020-11-21	742428.00000000,3735480.00000000,743196.00000000,3736248.00000000
train	007023	lower__20201118_155739_42_222b_3B_AnalyticMS_SR_8b_clip	pm5__20201105_20201124__0125	/scrfs/storage/yikebe/home/research/AR_Crop_Identification/make_dataset/raw_sentinel/pm5/pm5__20201105_20201124__0125	2020-11-21	740124.00000000,3734712.00000000,740892.00000000,3735480.00000000
train	007039	lower__20201118_160519_31_2264_3B_AnalyticMS_SR_8b_clip	pm5__20201105_20201124__0116	/scrfs/storage/yikebe/home/research/AR_Crop_Identification/make_dataset/raw_sentinel/pm5/pm5__20201105_20201124__0116	2020-11-21	720345.00000000,3710694.00000000,721113.00000000,3711462.00000000
train	007055	lower__20201118_160519_31_2264_3B_AnalyticMS_SR_8b_clip	pm5__20201105_20201124__0116	/scrfs/storage/yikebe/home/research/AR_Crop_Identification/make_dataset/raw_sentinel/pm5/pm5__20201105_20201124__0116	2020-11-21	723417.00000000,3709926.00000000,724185.00000000,3710694.00000000
train	007071	lower__20201118_160519_31_2264_3B_AnalyticMS_SR_8b_clip	pm5__20201105_20201124__0116	/scrfs/storage/yikebe/home/research/AR_Crop_Identification/make_dataset/raw_sentinel/pm5/pm5__20201105_20201124__0116	2020-11-21	725721.00000000,3709926.00000000,726489.00000000,3710694.00000000
train	007087	lower__20201118_160519_31_2264_3B_AnalyticMS_SR_8b_clip	pm5__20201105_20201124__0116	/scrfs/storage/yikebe/home/research/AR_Crop_Identification/make_dataset/raw_sentinel/pm5/pm5__20201105_20201124__0116	2020-11-21	721881.00000000,3706086.00000000,722649.00000000,3706854.00000000
train	007103	lower__20201118_160519_31_2264_3B_AnalyticMS_SR_8b_clip	pm5__20201105_20201124__0116	/scrfs/storage/yikebe/home/research/AR_Crop_Identification/make_dataset/raw_sentinel/pm5/pm5__20201105_20201124__0116	2020-11-21	721881.00000000,3705318.00000000,722649.00000000,3706086.00000000
train	007119	lower__20201118_160519_31_2264_3B_AnalyticMS_SR_8b_clip	pm5__20201105_20201124__0116	/scrfs/storage/yikebe/home/research/AR_Crop_Identification/make_dataset/raw_sentinel/pm5/pm5__20201105_20201124__0116	2020-11-21	712665.00000000,3704550.00000000,713433.00000000,3705318.00000000
train	007135	lower__20201118_160519_31_2264_3B_AnalyticMS_SR_8b_clip	pm5__20201105_20201124__0116	/scrfs/storage/yikebe/home/research/AR_Crop_Identification/make_dataset/raw_sentinel/pm5/pm5__20201105_20201124__0116	2020-11-21	711897.00000000,3703782.00000000,712665.00000000,3704550.00000000
train	007151	lower__20201118_160519_31_2264_3B_AnalyticMS_SR_8b_clip	pm5__20201105_20201124__0116	/scrfs/storage/yikebe/home/research/AR_Crop_Identification/make_dataset/raw_sentinel/pm5/pm5__20201105_20201124__0116	2020-11-21	712665.00000000,3703782.00000000,713433.00000000,3704550.00000000
train	007167	lower__20201118_160519_31_2264_3B_AnalyticMS_SR_8b_clip	pm5__20201105_20201124__0116	/scrfs/storage/yikebe/home/research/AR_Crop_Identification/make_dataset/raw_sentinel/pm5/pm5__20201105_20201124__0116	2020-11-21	707289.00000000,3703014.00000000,708057.00000000,3703782.00000000
train	007183	lower__20201118_160519_31_2264_3B_AnalyticMS_SR_8b_clip	pm5__20201105_20201124__0116	/scrfs/storage/yikebe/home/research/AR_Crop_Identification/make_dataset/raw_sentinel/pm5/pm5__20201105_20201124__0116	2020-11-21	706521.00000000,3702246.00000000,707289.00000000,3703014.00000000
train	007199	lower__20201118_160519_31_2264_3B_AnalyticMS_SR_8b_clip	pm5__20201105_20201124__0116	/scrfs/storage/yikebe/home/research/AR_Crop_Identification/make_dataset/raw_sentinel/pm5/pm5__20201105_20201124__0116	2020-11-21	714201.00000000,3699174.00000000,714969.00000000,3699942.00000000
train	007215	lower__20201118_160519_31_2264_3B_AnalyticMS_SR_8b_clip	pm5__20201105_20201124__0116	/scrfs/storage/yikebe/home/research/AR_Crop_Identification/make_dataset/raw_sentinel/pm5/pm5__20201105_20201124__0116	2020-11-21	724185.00000000,3699174.00000000,724953.00000000,3699942.00000000
train	007231	lower__20201118_160519_31_2264_3B_AnalyticMS_SR_8b_clip	pm5__20201105_20201124__0116	/scrfs/storage/yikebe/home/research/AR_Crop_Identification/make_dataset/raw_sentinel/pm5/pm5__20201105_20201124__0116	2020-11-21	714201.00000000,3696870.00000000,714969.00000000,3697638.00000000
train	007247	lower__20201118_160519_31_2264_3B_AnalyticMS_SR_8b_clip	pm5__20201105_20201124__0116	/scrfs/storage/yikebe/home/research/AR_Crop_Identification/make_dataset/raw_sentinel/pm5/pm5__20201105_20201124__0116	2020-11-21	722649.00000000,3695334.00000000,723417.00000000,3696102.00000000
train	007263	lower__20201118_160735_62_2278_3B_AnalyticMS_SR_8b_clip	pm5__20201105_20201124__0057	/scrfs/storage/yikebe/home/research/AR_Crop_Identification/make_dataset/raw_sentinel/pm5/pm5__20201105_20201124__0057	2020-11-19	588975.00000000,3677256.00000000,589743.00000000,3678024.00000000
train	007279	lower__20201118_160735_62_2278_3B_AnalyticMS_SR_8b_clip	pm5__20201105_20201124__0057	/scrfs/storage/yikebe/home/research/AR_Crop_Identification/make_dataset/raw_sentinel/pm5/pm5__20201105_20201124__0057	2020-11-19	588975.00000000,3676488.00000000,589743.00000000,3677256.00000000
train	007295	lower__20201119_160556_25_2271_3B_AnalyticMS_SR_8b_clip	pm5__20201105_20201124__0099	/scrfs/storage/yikebe/home/research/AR_Crop_Identification/make_dataset/raw_sentinel/pm5/pm5__20201105_20201124__0099	2020-11-19	659856.00000000,3722187.00000000,660624.00000000,3722955.00000000
train	007311	lower__20201119_160556_25_2271_3B_AnalyticMS_SR_8b_clip	pm5__20201105_20201124__0099	/scrfs/storage/yikebe/home/research/AR_Crop_Identification/make_dataset/raw_sentinel/pm5/pm5__20201105_20201124__0099	2020-11-19	653712.00000000,3721419.00000000,654480.00000000,3722187.00000000
train	007327	lower__20201119_160556_25_2271_3B_AnalyticMS_SR_8b_clip	pm5__20201105_20201124__0099	/scrfs/storage/yikebe/home/research/AR_Crop_Identification/make_dataset/raw_sentinel/pm5/pm5__20201105_20201124__0099	2020-11-19	652176.00000000,3720651.00000000,652944.00000000,3721419.00000000
train	007343	lower__20201119_160556_25_2271_3B_AnalyticMS_SR_8b_clip	pm5__20201105_20201124__0099	/scrfs/storage/yikebe/home/research/AR_Crop_Identification/make_dataset/raw_sentinel/pm5/pm5__20201105_20201124__0099	2020-11-19	654480.00000000,3719883.00000000,655248.00000000,3720651.00000000
train	007359	lower__20201119_160556_25_2271_3B_AnalyticMS_SR_8b_clip	pm5__20201105_20201124__0099	/scrfs/storage/yikebe/home/research/AR_Crop_Identification/make_dataset/raw_sentinel/pm5/pm5__20201105_20201124__0099	2020-11-19	659856.00000000,3719883.00000000,660624.00000000,3720651.00000000
train	007375	lower__20201119_160556_25_2271_3B_AnalyticMS_SR_8b_clip	pm5__20201105_20201124__0099	/scrfs/storage/yikebe/home/research/AR_Crop_Identification/make_dataset/raw_sentinel/pm5/pm5__20201105_20201124__0099	2020-11-19	659856.00000000,3719115.00000000,660624.00000000,3719883.00000000
train	007391	lower__20201119_160556_25_2271_3B_AnalyticMS_SR_8b_clip	pm5__20201105_20201124__0099	/scrfs/storage/yikebe/home/research/AR_Crop_Identification/make_dataset/raw_sentinel/pm5/pm5__20201105_20201124__0099	2020-11-19	659856.00000000,3716811.00000000,660624.00000000,3717579.00000000
train	007407	lower__20201119_160556_25_2271_3B_AnalyticMS_SR_8b_clip	pm5__20201105_20201124__0099	/scrfs/storage/yikebe/home/research/AR_Crop_Identification/make_dataset/raw_sentinel/pm5/pm5__20201105_20201124__0099	2020-11-19	653712.00000000,3714507.00000000,654480.00000000,3715275.00000000
train	007423	lower__20201119_160556_25_2271_3B_AnalyticMS_SR_8b_clip	pm5__20201105_20201124__0099	/scrfs/storage/yikebe/home/research/AR_Crop_Identification/make_dataset/raw_sentinel/pm5/pm5__20201105_20201124__0099	2020-11-19	653712.00000000,3710667.00000000,654480.00000000,3711435.00000000
train	007439	lower__20201119_160556_25_2271_3B_AnalyticMS_SR_8b_clip	pm5__20201105_20201124__0099	/scrfs/storage/yikebe/home/research/AR_Crop_Identification/make_dataset/raw_sentinel/pm5/pm5__20201105_20201124__0099	2020-11-19	659856.00000000,3710667.00000000,660624.00000000,3711435.00000000
train	007455	lower__20201119_160556_25_2271_3B_AnalyticMS_SR_8b_clip	pm5__20201105_20201124__0099	/scrfs/storage/yikebe/home/research/AR_Crop_Identification/make_dataset/raw_sentinel/pm5/pm5__20201105_20201124__0099	2020-11-19	659856.00000000,3709899.00000000,660624.00000000,3710667.00000000
train	007471	lower__20201119_160556_25_2271_3B_AnalyticMS_SR_8b_clip	pm5__20201105_20201124__0099	/scrfs/storage/yikebe/home/research/AR_Crop_Identification/make_dataset/raw_sentinel/pm5/pm5__20201105_20201124__0099	2020-11-19	659856.00000000,3709131.00000000,660624.00000000,3709899.00000000
train	007487	lower__20201119_160556_25_2271_3B_AnalyticMS_SR_8b_clip	pm5__20201105_20201124__0099	/scrfs/storage/yikebe/home/research/AR_Crop_Identification/make_dataset/raw_sentinel/pm5/pm5__20201105_20201124__0099	2020-11-19	659856.00000000,3708363.00000000,660624.00000000,3709131.00000000
train	007503	lower__20201119_165211_11_225b_3B_AnalyticMS_SR_8b_clip	pm5__20201105_20201124__0133	/scrfs/storage/yikebe/home/research/AR_Crop_Identification/make_dataset/raw_sentinel/pm5/pm5__20201105_20201124__0133	2020-11-21	743160.00000000,3737244.00000000,743928.00000000,3738012.00000000
train	007519	lower__20201119_165211_11_225b_3B_AnalyticMS_SR_8b_clip	pm5__20201105_20201124__0133	/scrfs/storage/yikebe/home/research/AR_Crop_Identification/make_dataset/raw_sentinel/pm5/pm5__20201105_20201124__0133	2020-11-21	743928.00000000,3737244.00000000,744696.00000000,3738012.00000000
train	007535	lower__20201119_165211_11_225b_3B_AnalyticMS_SR_8b_clip	pm5__20201105_20201124__0133	/scrfs/storage/yikebe/home/research/AR_Crop_Identification/make_dataset/raw_sentinel/pm5/pm5__20201105_20201124__0133	2020-11-21	744696.00000000,3737244.00000000,745464.00000000,3738012.00000000
train	007551	lower__20201119_165211_11_225b_3B_AnalyticMS_SR_8b_clip	pm5__20201105_20201124__0133	/scrfs/storage/yikebe/home/research/AR_Crop_Identification/make_dataset/raw_sentinel/pm5/pm5__20201105_20201124__0133	2020-11-21	746232.00000000,3737244.00000000,747000.00000000,3738012.00000000
train	007567	lower__20201119_165211_11_225b_3B_AnalyticMS_SR_8b_clip	pm5__20201105_20201124__0133	/scrfs/storage/yikebe/home/research/AR_Crop_Identification/make_dataset/raw_sentinel/pm5/pm5__20201105_20201124__0133	2020-11-21	742392.00000000,3736476.00000000,743160.00000000,3737244.00000000
train	007583	lower__20201119_165211_11_225b_3B_AnalyticMS_SR_8b_clip	pm5__20201105_20201124__0133	/scrfs/storage/yikebe/home/research/AR_Crop_Identification/make_dataset/raw_sentinel/pm5/pm5__20201105_20201124__0133	2020-11-21	743160.00000000,3736476.00000000,743928.00000000,3737244.00000000
train	007599	lower__20201119_165211_11_225b_3B_AnalyticMS_SR_8b_clip	pm5__20201105_20201124__0133	/scrfs/storage/yikebe/home/research/AR_Crop_Identification/make_dataset/raw_sentinel/pm5/pm5__20201105_20201124__0133	2020-11-21	743928.00000000,3736476.00000000,744696.00000000,3737244.00000000
train	007615	lower__20201119_165211_11_225b_3B_AnalyticMS_SR_8b_clip	pm5__20201105_20201124__0133	/scrfs/storage/yikebe/home/research/AR_Crop_Identification/make_dataset/raw_sentinel/pm5/pm5__20201105_20201124__0133	2020-11-21	742392.00000000,3735708.00000000,743160.00000000,3736476.00000000
train	007631	lower__20201119_165211_11_225b_3B_AnalyticMS_SR_8b_clip	pm5__20201105_20201124__0133	/scrfs/storage/yikebe/home/research/AR_Crop_Identification/make_dataset/raw_sentinel/pm5/pm5__20201105_20201124__0133	2020-11-21	740088.00000000,3734940.00000000,740856.00000000,3735708.00000000
train	007647	lower__20201119_165211_11_225b_3B_AnalyticMS_SR_8b_clip	pm5__20201105_20201124__0133	/scrfs/storage/yikebe/home/research/AR_Crop_Identification/make_dataset/raw_sentinel/pm5/pm5__20201105_20201124__0133	2020-11-21	742392.00000000,3734940.00000000,743160.00000000,3735708.00000000
train	007663	lower__20201119_165211_11_225b_3B_AnalyticMS_SR_8b_clip	pm5__20201105_20201124__0133	/scrfs/storage/yikebe/home/research/AR_Crop_Identification/make_dataset/raw_sentinel/pm5/pm5__20201105_20201124__0133	2020-11-21	743160.00000000,3733404.00000000,743928.00000000,3734172.00000000
train	007679	lower__20201119_165211_11_225b_3B_AnalyticMS_SR_8b_clip	pm5__20201105_20201124__0133	/scrfs/storage/yikebe/home/research/AR_Crop_Identification/make_dataset/raw_sentinel/pm5/pm5__20201105_20201124__0133	2020-11-21	762360.00000000,3733404.00000000,763128.00000000,3734172.00000000
train	007695	lower__20201119_165211_11_225b_3B_AnalyticMS_SR_8b_clip	pm5__20201105_20201124__0133	/scrfs/storage/yikebe/home/research/AR_Crop_Identification/make_dataset/raw_sentinel/pm5/pm5__20201105_20201124__0133	2020-11-21	738552.00000000,3731100.00000000,739320.00000000,3731868.00000000
train	007711	lower__20201119_165211_11_225b_3B_AnalyticMS_SR_8b_clip	pm5__20201105_20201124__0133	/scrfs/storage/yikebe/home/research/AR_Crop_Identification/make_dataset/raw_sentinel/pm5/pm5__20201105_20201124__0133	2020-11-21	753912.00000000,3731100.00000000,754680.00000000,3731868.00000000
train	007727	lower__20201119_165211_11_225b_3B_AnalyticMS_SR_8b_clip	pm5__20201105_20201124__0133	/scrfs/storage/yikebe/home/research/AR_Crop_Identification/make_dataset/raw_sentinel/pm5/pm5__20201105_20201124__0133	2020-11-21	751608.00000000,3730332.00000000,752376.00000000,3731100.00000000
train	007743	lower__20201119_165211_11_225b_3B_AnalyticMS_SR_8b_clip	pm5__20201105_20201124__0133	/scrfs/storage/yikebe/home/research/AR_Crop_Identification/make_dataset/raw_sentinel/pm5/pm5__20201105_20201124__0133	2020-11-21	753912.00000000,3730332.00000000,754680.00000000,3731100.00000000
train	007759	lower__20201119_165211_11_225b_3B_AnalyticMS_SR_8b_clip	pm5__20201105_20201124__0133	/scrfs/storage/yikebe/home/research/AR_Crop_Identification/make_dataset/raw_sentinel/pm5/pm5__20201105_20201124__0133	2020-11-21	754680.00000000,3730332.00000000,755448.00000000,3731100.00000000
train	007775	lower__20201119_165211_11_225b_3B_AnalyticMS_SR_8b_clip	pm5__20201105_20201124__0133	/scrfs/storage/yikebe/home/research/AR_Crop_Identification/make_dataset/raw_sentinel/pm5/pm5__20201105_20201124__0133	2020-11-21	750840.00000000,3729564.00000000,751608.00000000,3730332.00000000
train	007791	lower__20201119_165211_11_225b_3B_AnalyticMS_SR_8b_clip	pm5__20201105_20201124__0133	/scrfs/storage/yikebe/home/research/AR_Crop_Identification/make_dataset/raw_sentinel/pm5/pm5__20201105_20201124__0133	2020-11-21	751608.00000000,3729564.00000000,752376.00000000,3730332.00000000
train	007807	lower__20201119_165211_11_225b_3B_AnalyticMS_SR_8b_clip	pm5__20201105_20201124__0133	/scrfs/storage/yikebe/home/research/AR_Crop_Identification/make_dataset/raw_sentinel/pm5/pm5__20201105_20201124__0133	2020-11-21	752376.00000000,3729564.00000000,753144.00000000,3730332.00000000
train	007823	lower__20201119_165211_11_225b_3B_AnalyticMS_SR_8b_clip	pm5__20201105_20201124__0133	/scrfs/storage/yikebe/home/research/AR_Crop_Identification/make_dataset/raw_sentinel/pm5/pm5__20201105_20201124__0133	2020-11-21	741624.00000000,3728028.00000000,742392.00000000,3728796.00000000
train	007839	lower__20201119_165211_11_225b_3B_AnalyticMS_SR_8b_clip	pm5__20201105_20201124__0133	/scrfs/storage/yikebe/home/research/AR_Crop_Identification/make_dataset/raw_sentinel/pm5/pm5__20201105_20201124__0133	2020-11-21	741624.00000000,3727260.00000000,742392.00000000,3728028.00000000
train	007855	lower__20201119_165211_11_225b_3B_AnalyticMS_SR_8b_clip	pm5__20201105_20201124__0133	/scrfs/storage/yikebe/home/research/AR_Crop_Identification/make_dataset/raw_sentinel/pm5/pm5__20201105_20201124__0133	2020-11-21	741624.00000000,3726492.00000000,742392.00000000,3727260.00000000
train	007871	lower__20201119_165211_11_225b_3B_AnalyticMS_SR_8b_clip	pm5__20201105_20201124__0133	/scrfs/storage/yikebe/home/research/AR_Crop_Identification/make_dataset/raw_sentinel/pm5/pm5__20201105_20201124__0133	2020-11-21	750072.00000000,3726492.00000000,750840.00000000,3727260.00000000
train	007887	lower__20201119_165211_11_225b_3B_AnalyticMS_SR_8b_clip	pm5__20201105_20201124__0133	/scrfs/storage/yikebe/home/research/AR_Crop_Identification/make_dataset/raw_sentinel/pm5/pm5__20201105_20201124__0133	2020-11-21	741624.00000000,3725724.00000000,742392.00000000,3726492.00000000
train	007903	lower__20201119_165211_11_225b_3B_AnalyticMS_SR_8b_clip	pm5__20201105_20201124__0133	/scrfs/storage/yikebe/home/research/AR_Crop_Identification/make_dataset/raw_sentinel/pm5/pm5__20201105_20201124__0133	2020-11-21	741624.00000000,3724956.00000000,742392.00000000,3725724.00000000
train	007919	lower__20201119_165211_11_225b_3B_AnalyticMS_SR_8b_clip	pm5__20201105_20201124__0133	/scrfs/storage/yikebe/home/research/AR_Crop_Identification/make_dataset/raw_sentinel/pm5/pm5__20201105_20201124__0133	2020-11-21	753912.00000000,3724188.00000000,754680.00000000,3724956.00000000
train	007935	lower__20201119_165211_11_225b_3B_AnalyticMS_SR_8b_clip	pm5__20201105_20201124__0133	/scrfs/storage/yikebe/home/research/AR_Crop_Identification/make_dataset/raw_sentinel/pm5/pm5__20201105_20201124__0133	2020-11-21	752376.00000000,3723420.00000000,753144.00000000,3724188.00000000
train	007951	lower__20201119_165211_11_225b_3B_AnalyticMS_SR_8b_clip	pm5__20201105_20201124__0133	/scrfs/storage/yikebe/home/research/AR_Crop_Identification/make_dataset/raw_sentinel/pm5/pm5__20201105_20201124__0133	2020-11-21	752376.00000000,3722652.00000000,753144.00000000,3723420.00000000
train	007967	lower__20201119_165211_11_225b_3B_AnalyticMS_SR_8b_clip	pm5__20201105_20201124__0133	/scrfs/storage/yikebe/home/research/AR_Crop_Identification/make_dataset/raw_sentinel/pm5/pm5__20201105_20201124__0133	2020-11-21	753144.00000000,3722652.00000000,753912.00000000,3723420.00000000
train	007983	lower__20201119_165211_11_225b_3B_AnalyticMS_SR_8b_clip	pm5__20201105_20201124__0133	/scrfs/storage/yikebe/home/research/AR_Crop_Identification/make_dataset/raw_sentinel/pm5/pm5__20201105_20201124__0133	2020-11-21	758520.00000000,3720348.00000000,759288.00000000,3721116.00000000
train	007999	lower__20201119_165509_28_2416_3B_AnalyticMS_SR_8b_clip	pm5__20201105_20201124__0063	/scrfs/storage/yikebe/home/research/AR_Crop_Identification/make_dataset/raw_sentinel/pm5/pm5__20201105_20201124__0063	2020-11-19	584142.00000000,3652914.00000000,584910.00000000,3653682.00000000
